ProductivityID,DateKey,AreaID,ResponsibleID,LocationID,Shift,PlannedOutput,ActualOutput,LaborHours,ProductiveHours,NonProductiveHours
PD000001,20250227,A003,R017,L006,Día,377,344,9.97,7.14,2.83
PD000002,20250403,A004,R029,L001,Noche,366,284,10.5,8.75,1.75
PD000003,20250304,A002,R030,L004,Noche,747,667,9.09,6.25,2.85
PD000004,20250622,A004,R012,L002,Tarde,863,815,10.36,9.15,1.22
PD000005,20250606,A002,R006,L003,Tarde,813,594,10.22,8.92,1.3
PD000006,20250301,A003,R020,L004,Día,386,380,7.75,6.1,1.64
PD000007,20250307,A003,R016,L006,Tarde,290,298,10.27,7.23,3.03
PD000008,20250401,A001,R013,L006,Noche,244,243,9.82,7.74,2.07
PD000009,20250404,A006,R001,L001,Día,773,663,7.96,5.56,2.4
PD000010,20250411,A005,R005,L004,Tarde,203,198,8.07,5.37,2.7
PD000011,20250310,A004,R025,L005,Día,796,717,11.45,9.4,2.04
PD000012,20250604,A004,R027,L001,Noche,807,612,7.5,4.95,2.54
PD000013,20250407,A004,R015,L003,Tarde,604,517,9.44,6.72,2.72
PD000014,20250510,A006,R022,L003,Noche,765,817,9.98,8.35,1.63
PD000015,20250117,A006,R018,L005,Tarde,95,109,8.74,6.28,2.46
PD000016,20250107,A004,R010,L007,Noche,191,150,11.02,8.8,2.21
PD000017,20250501,A002,R018,L007,Tarde,191,141,9.01,6.43,2.58
PD000018,20250412,A004,R024,L002,Noche,730,810,10.43,8.45,1.98
PD000019,20250416,A006,R010,L005,Tarde,422,375,8.51,7.65,0.87
PD000020,20250524,A003,R003,L005,Tarde,877,915,9.91,9.11,0.8
PD000021,20250227,A005,R028,L004,Noche,224,223,10.94,8.65,2.28
PD000022,20250103,A003,R002,L004,Tarde,818,655,6.66,5.9,0.76
PD000023,20250501,A002,R030,L006,Día,412,302,8.86,7.64,1.22
PD000024,20250326,A001,R016,L003,Día,546,588,7.92,7.01,0.91
PD000025,20250124,A006,R007,L002,Día,605,534,7.71,6.45,1.27
PD000026,20250618,A006,R016,L003,Noche,523,551,6.26,5.5,0.75
PD000027,20250523,A001,R019,L007,Noche,657,562,11.79,10.47,1.32
PD000028,20250228,A001,R007,L002,Día,662,632,11.24,7.83,3.41
PD000029,20250124,A003,R023,L006,Tarde,556,574,10.06,8.58,1.48
PD000030,20250609,A005,R013,L005,Noche,294,265,11.14,7.72,3.43
PD000031,20250420,A001,R002,L002,Día,533,548,6.28,4.89,1.39
PD000032,20250213,A006,R027,L003,Noche,153,102,6.91,5.24,1.67
PD000033,20250419,A006,R025,L004,Noche,154,171,7.69,6.59,1.1
PD000034,20250618,A001,R015,L003,Tarde,870,746,11.98,8.85,3.13
PD000035,20250518,A001,R004,L007,Noche,92,110,7.95,5.42,2.53
PD000036,20250610,A001,R023,L007,Noche,462,442,9.94,8.65,1.29
PD000037,20250518,A006,R013,L001,Noche,336,352,6.93,5.16,1.77
PD000038,20250306,A004,R009,L003,Noche,495,388,11.76,10.11,1.65
PD000039,20250627,A003,R018,L007,Noche,707,629,10.53,7.25,3.28
PD000040,20250205,A002,R020,L002,Noche,573,402,7.59,6.58,1.01
PD000041,20250406,A006,R012,L001,Tarde,681,729,6.36,5.36,1.0
PD000042,20250314,A003,R019,L003,Día,379,364,7.42,6.81,0.61
PD000043,20250508,A006,R002,L006,Tarde,649,581,8.45,7.71,0.73
PD000044,20250518,A001,R024,L003,Noche,820,937,7.05,5.73,1.32
PD000045,20250604,A005,R014,L004,Día,686,670,8.83,6.14,2.69
PD000046,20250515,A005,R027,L006,Día,50,43,8.27,7.09,1.18
PD000047,20250530,A002,R005,L005,Tarde,390,261,8.07,4.87,3.21
PD000048,20250305,A003,R009,L002,Tarde,207,156,10.19,8.02,2.17
PD000049,20250215,A006,R017,L002,Noche,702,540,8.04,5.81,2.23
PD000050,20250629,A006,R030,L003,Noche,224,216,11.71,8.15,3.57
PD000051,20250128,A004,R017,L005,Tarde,805,841,11.34,9.15,2.18
PD000052,20250115,A004,R019,L003,Día,666,587,11.31,10.15,1.16
PD000053,20250226,A001,R010,L007,Día,384,330,9.39,6.94,2.45
PD000054,20250414,A002,R004,L006,Tarde,855,722,9.1,8.11,0.99
PD000055,20250220,A002,R023,L007,Noche,876,819,8.84,4.9,3.95
PD000056,20250328,A003,R030,L005,Día,590,499,7.53,6.92,0.61
PD000057,20250114,A006,R011,L004,Tarde,85,67,11.79,9.76,2.03
PD000058,20250420,A006,R015,L005,Día,345,296,6.35,5.77,0.57
PD000059,20250324,A005,R012,L004,Día,59,51,11.16,9.21,1.95
PD000060,20250226,A001,R012,L001,Día,573,534,11.47,8.34,3.13
PD000061,20250121,A001,R003,L004,Noche,416,362,6.65,5.76,0.89
PD000062,20250108,A001,R020,L001,Noche,499,535,11.1,10.09,1.01
PD000063,20250324,A006,R002,L002,Día,188,168,10.66,9.54,1.12
PD000064,20250327,A006,R029,L005,Noche,647,562,10.32,8.65,1.67
PD000065,20250324,A005,R010,L007,Día,381,369,7.67,6.18,1.49
PD000066,20250618,A005,R030,L001,Noche,713,808,10.72,9.48,1.24
PD000067,20250320,A002,R007,L004,Noche,271,223,6.74,3.8,2.93
PD000068,20250406,A002,R008,L003,Día,704,561,11.35,7.29,4.06
PD000069,20250519,A005,R002,L001,Día,803,748,9.06,7.32,1.74
PD000070,20250415,A006,R009,L001,Día,833,661,6.18,4.42,1.76
PD000071,20250108,A004,R007,L007,Tarde,187,139,8.13,6.26,1.86
PD000072,20250505,A006,R028,L001,Noche,479,401,8.82,7.98,0.84
PD000073,20250401,A006,R011,L003,Tarde,863,824,6.24,5.35,0.89
PD000074,20250224,A001,R013,L001,Tarde,613,637,8.88,6.82,2.06
PD000075,20250616,A001,R023,L005,Tarde,864,626,9.68,6.85,2.83
PD000076,20250216,A005,R023,L003,Día,867,755,9.49,7.64,1.85
PD000077,20250526,A005,R014,L006,Día,289,231,8.42,7.32,1.1
PD000078,20250216,A005,R006,L002,Noche,396,287,6.37,5.64,0.73
PD000079,20250514,A002,R023,L004,Noche,258,151,6.94,4.21,2.72
PD000080,20250611,A006,R018,L007,Tarde,259,226,11.48,8.4,3.09
PD000081,20250417,A006,R028,L002,Día,541,592,10.94,7.49,3.45
PD000082,20250307,A006,R025,L006,Noche,354,295,9.61,8.63,0.98
PD000083,20250118,A002,R028,L003,Tarde,750,691,6.12,4.51,1.61
PD000084,20250429,A002,R011,L002,Tarde,532,535,7.96,5.98,1.99
PD000085,20250407,A003,R001,L004,Día,341,367,9.33,6.32,3.01
PD000086,20250619,A005,R018,L002,Día,343,355,10.16,7.96,2.21
PD000087,20250512,A002,R030,L002,Día,813,684,11.47,8.27,3.2
PD000088,20250131,A005,R030,L002,Día,826,766,8.61,6.54,2.06
PD000089,20250412,A006,R028,L001,Día,76,85,8.14,5.76,2.38
PD000090,20250110,A004,R012,L004,Tarde,223,223,11.46,8.59,2.87
PD000091,20250212,A006,R028,L005,Día,652,620,11.89,9.52,2.37
PD000092,20250101,A005,R014,L002,Tarde,803,658,11.94,10.96,0.98
PD000093,20250616,A003,R002,L001,Noche,684,673,8.11,7.33,0.78
PD000094,20250308,A005,R026,L003,Día,833,718,9.89,7.92,1.97
PD000095,20250319,A006,R013,L004,Noche,614,663,11.71,9.93,1.78
PD000096,20250313,A004,R012,L006,Noche,868,927,11.67,9.87,1.8
PD000097,20250312,A002,R016,L007,Día,337,257,6.03,4.64,1.39
PD000098,20250521,A006,R012,L005,Día,886,790,11.17,7.49,3.68
PD000099,20250413,A006,R028,L004,Día,615,586,9.97,6.81,3.15
PD000100,20250508,A003,R007,L001,Día,729,804,9.44,6.41,3.03
PD000101,20250401,A002,R017,L002,Día,284,208,6.27,4.31,1.95
PD000102,20250415,A004,R025,L001,Tarde,837,846,8.58,6.44,2.14
PD000103,20250209,A005,R021,L007,Día,788,703,10.88,9.74,1.15
PD000104,20250426,A005,R027,L005,Noche,629,804,11.54,9.21,2.33
PD000105,20250416,A006,R015,L004,Día,688,748,9.18,7.68,1.5
PD000106,20250427,A006,R014,L005,Día,408,452,8.55,7.11,1.44
PD000107,20250121,A001,R030,L005,Día,151,170,11.87,9.04,2.83
PD000108,20250407,A003,R030,L006,Día,59,57,9.24,7.63,1.61
PD000109,20250305,A002,R006,L002,Noche,210,128,9.4,5.24,4.16
PD000110,20250331,A004,R020,L006,Día,427,345,7.43,5.54,1.89
PD000111,20250506,A006,R023,L004,Tarde,588,462,10.2,7.95,2.25
PD000112,20250615,A002,R014,L007,Tarde,153,130,6.57,3.79,2.78
PD000113,20250531,A005,R007,L006,Día,612,497,9.98,8.4,1.58
PD000114,20250620,A001,R011,L003,Tarde,604,647,8.78,7.66,1.12
PD000115,20250407,A005,R014,L006,Noche,450,480,10.06,9.04,1.01
PD000116,20250111,A003,R006,L003,Día,744,798,10.41,8.4,2.01
PD000117,20250604,A006,R009,L004,Tarde,454,524,8.11,7.31,0.8
PD000118,20250106,A003,R017,L003,Tarde,862,850,8.3,7.34,0.96
PD000119,20250228,A002,R021,L006,Tarde,688,534,11.24,7.23,4.01
PD000120,20250115,A004,R009,L007,Tarde,193,230,8.95,6.89,2.06
PD000121,20250527,A003,R006,L002,Tarde,281,273,8.16,6.58,1.58
PD000122,20250611,A005,R014,L002,Tarde,842,716,11.01,7.64,3.37
PD000123,20250328,A004,R019,L005,Noche,743,810,10.5,7.21,3.29
PD000124,20250208,A001,R026,L001,Día,296,258,10.27,7.58,2.69
PD000125,20250421,A004,R019,L005,Tarde,633,588,10.2,7.03,3.17
PD000126,20250122,A001,R019,L003,Noche,591,565,10.66,8.91,1.76
PD000127,20250201,A006,R017,L003,Tarde,680,711,9.72,7.73,1.99
PD000128,20250525,A004,R019,L001,Día,584,615,9.01,8.26,0.75
PD000129,20250104,A002,R001,L002,Tarde,151,96,6.66,5.26,1.4
PD000130,20250104,A003,R024,L003,Noche,619,590,6.33,5.61,0.72
PD000131,20250106,A005,R027,L003,Día,65,54,9.79,8.55,1.24
PD000132,20250218,A005,R023,L005,Noche,533,568,8.84,6.77,2.07
PD000133,20250511,A005,R027,L005,Noche,65,59,10.5,8.46,2.05
PD000134,20250623,A002,R007,L007,Día,601,495,6.52,5.2,1.31
PD000135,20250302,A005,R006,L005,Día,476,416,10.83,7.49,3.35
PD000136,20250523,A002,R015,L007,Tarde,475,333,10.69,7.32,3.37
PD000137,20250126,A003,R028,L003,Noche,222,170,6.74,5.93,0.81
PD000138,20250420,A004,R007,L006,Tarde,513,578,8.3,7.03,1.26
PD000139,20250529,A003,R007,L002,Noche,878,961,8.39,7.2,1.18
PD000140,20250218,A003,R010,L003,Tarde,667,574,6.17,4.93,1.23
PD000141,20250307,A004,R019,L001,Noche,220,177,8.19,5.6,2.59
PD000142,20250104,A001,R006,L001,Día,146,98,9.66,7.26,2.4
PD000143,20250205,A002,R011,L003,Día,828,697,10.9,7.13,3.76
PD000144,20250521,A004,R010,L006,Noche,721,837,9.3,8.05,1.25
PD000145,20250316,A005,R010,L004,Noche,734,615,10.48,9.32,1.16
PD000146,20250612,A006,R014,L001,Tarde,400,432,8.76,8.02,0.74
PD000147,20250110,A005,R020,L002,Día,544,521,10.63,9.0,1.63
PD000148,20250613,A005,R007,L003,Día,739,697,7.41,5.18,2.23
PD000149,20250214,A005,R017,L004,Noche,69,64,8.91,6.39,2.52
PD000150,20250126,A006,R003,L004,Noche,291,343,10.09,7.53,2.56
PD000151,20250308,A002,R029,L005,Día,227,204,8.79,6.45,2.33
PD000152,20250412,A004,R007,L005,Noche,234,240,6.5,4.39,2.11
PD000153,20250528,A002,R027,L003,Tarde,597,457,8.47,6.07,2.4
PD000154,20250504,A006,R005,L003,Noche,73,69,11.88,9.88,2.0
PD000155,20250521,A002,R001,L001,Noche,95,69,6.8,5.02,1.79
PD000156,20250123,A005,R018,L003,Día,315,244,6.35,4.44,1.91
PD000157,20250304,A005,R009,L001,Día,672,559,10.12,9.11,1.01
PD000158,20250412,A002,R009,L006,Tarde,405,356,11.45,9.89,1.55
PD000159,20250204,A002,R022,L007,Noche,549,452,11.67,9.87,1.79
PD000160,20250405,A002,R027,L002,Día,820,699,10.1,7.56,2.55
PD000161,20250616,A001,R025,L007,Tarde,70,73,10.86,7.94,2.93
PD000162,20250515,A002,R029,L007,Noche,871,614,9.12,5.38,3.75
PD000163,20250305,A005,R004,L004,Día,50,49,11.98,8.64,3.35
PD000164,20250304,A001,R002,L007,Tarde,70,74,9.3,7.69,1.61
PD000165,20250628,A004,R017,L006,Noche,894,833,10.0,9.09,0.91
PD000166,20250528,A005,R008,L001,Tarde,422,369,11.03,9.98,1.05
PD000167,20250114,A002,R028,L002,Tarde,105,73,6.01,3.59,2.42
PD000168,20250313,A002,R015,L007,Tarde,607,359,11.49,6.46,5.02
PD000169,20250324,A001,R011,L006,Noche,852,860,9.84,6.52,3.32
PD000170,20250517,A001,R027,L003,Tarde,777,912,10.72,9.4,1.32
PD000171,20250516,A002,R017,L001,Noche,407,316,7.48,6.35,1.14
PD000172,20250128,A003,R014,L006,Noche,708,889,9.52,6.3,3.22
PD000173,20250618,A004,R004,L004,Noche,699,560,9.93,6.71,3.22
PD000174,20250616,A005,R020,L006,Día,729,650,11.49,10.33,1.16
PD000175,20250302,A001,R012,L004,Tarde,823,782,8.47,6.71,1.75
PD000176,20250330,A006,R004,L003,Noche,540,528,9.55,8.11,1.44
PD000177,20250401,A006,R028,L003,Tarde,495,496,8.55,7.63,0.92
PD000178,20250110,A006,R021,L002,Tarde,573,446,8.23,5.79,2.44
PD000179,20250312,A001,R012,L005,Día,79,74,8.62,6.99,1.63
PD000180,20250616,A006,R013,L005,Tarde,513,430,10.09,7.96,2.12
PD000181,20250303,A004,R024,L006,Día,648,692,6.17,4.3,1.87
PD000182,20250314,A004,R021,L003,Tarde,610,608,8.19,6.68,1.51
PD000183,20250519,A002,R027,L004,Día,166,143,9.14,5.05,4.09
PD000184,20250505,A001,R004,L007,Noche,58,47,10.33,8.29,2.04
PD000185,20250517,A001,R023,L003,Noche,669,570,11.89,10.84,1.05
PD000186,20250115,A005,R024,L003,Día,448,477,7.4,6.5,0.9
PD000187,20250628,A005,R023,L001,Día,732,748,10.45,8.71,1.74
PD000188,20250429,A005,R017,L004,Noche,118,112,10.15,6.76,3.38
PD000189,20250602,A001,R008,L007,Tarde,633,608,11.87,10.57,1.3
PD000190,20250215,A004,R021,L002,Noche,497,441,11.31,8.8,2.51
PD000191,20250619,A004,R025,L007,Tarde,850,760,7.62,5.57,2.05
PD000192,20250504,A004,R018,L004,Día,151,153,6.14,5.17,0.97
PD000193,20250328,A004,R006,L001,Tarde,704,711,9.95,7.83,2.12
PD000194,20250524,A005,R003,L007,Día,280,278,7.17,6.35,0.82
PD000195,20250213,A003,R022,L004,Tarde,237,185,9.16,7.7,1.46
PD000196,20250416,A002,R012,L006,Tarde,648,507,10.79,9.31,1.48
PD000197,20250112,A006,R026,L004,Tarde,691,645,6.82,5.61,1.21
PD000198,20250522,A006,R012,L001,Día,137,106,10.32,8.43,1.89
PD000199,20250203,A002,R015,L007,Tarde,175,132,7.81,5.24,2.57
PD000200,20250401,A005,R021,L004,Noche,168,129,8.49,5.66,2.82
PD000201,20250316,A001,R026,L001,Tarde,191,180,11.8,8.03,3.78
PD000202,20250207,A003,R015,L007,Día,578,528,11.07,8.5,2.57
PD000203,20250409,A002,R013,L006,Noche,333,368,9.72,5.33,4.39
PD000204,20250625,A001,R007,L007,Tarde,782,546,7.76,5.83,1.93
PD000205,20250217,A003,R011,L002,Tarde,438,402,11.92,10.59,1.33
PD000206,20250526,A001,R025,L001,Tarde,734,740,6.82,6.15,0.67
PD000207,20250105,A001,R005,L007,Día,598,554,8.22,6.39,1.83
PD000208,20250307,A002,R029,L004,Noche,430,279,10.79,8.74,2.05
PD000209,20250318,A004,R024,L004,Tarde,882,780,7.76,5.47,2.29
PD000210,20250428,A005,R005,L007,Día,378,382,9.69,8.84,0.85
PD000211,20250120,A001,R012,L001,Día,453,285,7.7,5.48,2.22
PD000212,20250629,A004,R022,L007,Noche,476,460,7.75,5.39,2.36
PD000213,20250106,A001,R026,L004,Noche,723,691,8.44,5.58,2.86
PD000214,20250507,A006,R008,L005,Tarde,291,261,8.72,7.88,0.83
PD000215,20250318,A004,R027,L005,Noche,431,366,6.1,5.33,0.77
PD000216,20250504,A001,R022,L005,Tarde,745,719,10.32,6.88,3.44
PD000217,20250203,A005,R028,L003,Noche,870,1009,7.39,6.61,0.78
PD000218,20250520,A003,R008,L003,Tarde,174,165,8.98,7.25,1.73
PD000219,20250120,A002,R024,L007,Tarde,83,66,8.87,6.61,2.27
PD000220,20250116,A005,R024,L001,Tarde,638,637,10.45,7.56,2.89
PD000221,20250127,A001,R007,L007,Noche,248,225,9.91,7.54,2.36
PD000222,20250218,A004,R025,L004,Tarde,415,340,6.51,5.78,0.72
PD000223,20250221,A001,R029,L003,Noche,492,517,7.07,6.47,0.6
PD000224,20250207,A001,R002,L006,Noche,556,598,8.25,6.45,1.79
PD000225,20250218,A004,R029,L007,Día,210,168,6.61,5.27,1.34
PD000226,20250619,A002,R026,L003,Noche,564,444,8.13,6.47,1.67
PD000227,20250326,A006,R030,L002,Noche,406,375,10.85,7.24,3.61
PD000228,20250201,A001,R005,L001,Día,871,728,9.06,8.2,0.86
PD000229,20250305,A003,R015,L002,Noche,338,340,8.36,7.47,0.89
PD000230,20250212,A001,R024,L002,Día,243,237,10.0,6.72,3.28
PD000231,20250120,A003,R009,L003,Tarde,505,462,7.4,5.82,1.58
PD000232,20250119,A001,R002,L004,Tarde,858,891,6.74,5.91,0.83
PD000233,20250601,A003,R022,L006,Noche,335,287,7.11,4.93,2.19
PD000234,20250507,A005,R027,L005,Tarde,564,528,9.2,8.22,0.98
PD000235,20250608,A005,R003,L007,Tarde,435,403,6.29,4.66,1.63
PD000236,20250114,A004,R027,L002,Noche,326,309,9.15,7.8,1.35
PD000237,20250131,A002,R010,L001,Tarde,360,250,6.01,3.7,2.31
PD000238,20250303,A004,R002,L003,Noche,331,233,6.39,5.85,0.54
PD000239,20250502,A006,R004,L007,Noche,344,320,9.62,8.39,1.23
PD000240,20250406,A005,R006,L005,Tarde,554,568,6.48,5.39,1.09
PD000241,20250220,A005,R008,L005,Día,168,155,7.7,6.13,1.57
PD000242,20250127,A003,R017,L006,Tarde,762,572,9.62,8.51,1.11
PD000243,20250306,A006,R019,L004,Día,97,77,8.07,6.89,1.18
PD000244,20250404,A003,R024,L004,Día,467,416,7.54,6.04,1.5
PD000245,20250531,A006,R019,L006,Noche,515,384,8.93,6.84,2.08
PD000246,20250618,A006,R026,L002,Noche,109,108,8.04,5.68,2.36
PD000247,20250108,A005,R005,L005,Noche,391,293,9.1,6.78,2.33
PD000248,20250606,A006,R020,L003,Tarde,105,92,8.17,7.51,0.66
PD000249,20250228,A005,R001,L003,Día,492,457,9.97,7.46,2.52
PD000250,20250409,A001,R030,L004,Tarde,776,790,6.82,6.2,0.63
PD000251,20250428,A002,R029,L003,Noche,482,343,9.6,7.2,2.41
PD000252,20250612,A005,R028,L001,Noche,526,407,7.19,6.42,0.77
PD000253,20250301,A005,R003,L005,Día,435,401,8.04,6.9,1.14
PD000254,20250604,A001,R008,L006,Noche,498,412,10.59,7.23,3.36
PD000255,20250223,A005,R014,L003,Noche,111,111,10.67,8.7,1.97
PD000256,20250509,A001,R021,L002,Noche,810,760,7.02,6.38,0.64
PD000257,20250321,A003,R021,L001,Día,461,442,7.91,5.52,2.39
PD000258,20250618,A001,R021,L005,Día,706,811,10.45,7.91,2.55
PD000259,20250407,A001,R025,L002,Día,832,637,11.85,8.2,3.64
PD000260,20250511,A002,R012,L005,Noche,384,300,8.47,5.29,3.17
PD000261,20250330,A005,R007,L007,Noche,379,362,10.63,7.32,3.31
PD000262,20250518,A006,R018,L004,Tarde,855,748,9.0,8.25,0.75
PD000263,20250303,A001,R026,L001,Día,534,305,11.65,10.17,1.48
PD000264,20250227,A004,R018,L001,Día,887,927,10.61,7.14,3.47
PD000265,20250112,A003,R009,L006,Noche,438,392,7.34,6.26,1.08
PD000266,20250406,A001,R007,L006,Tarde,351,421,10.24,8.31,1.93
PD000267,20250527,A001,R002,L002,Noche,54,51,11.95,10.08,1.88
PD000268,20250106,A003,R010,L003,Noche,140,126,11.15,8.03,3.12
PD000269,20250216,A001,R027,L001,Tarde,77,75,10.99,9.38,1.61
PD000270,20250218,A001,R021,L005,Tarde,516,439,10.81,9.17,1.63
PD000271,20250521,A003,R028,L005,Día,739,708,7.58,6.41,1.17
PD000272,20250324,A001,R013,L001,Noche,110,113,10.88,9.14,1.74
PD000273,20250409,A005,R027,L003,Tarde,321,328,10.0,8.89,1.12
PD000274,20250118,A005,R001,L004,Tarde,812,776,6.76,4.49,2.27
PD000275,20250209,A005,R008,L003,Noche,426,339,9.85,8.38,1.47
PD000276,20250615,A004,R022,L001,Noche,465,468,10.51,8.35,2.16
PD000277,20250429,A001,R023,L005,Noche,281,287,8.22,5.89,2.33
PD000278,20250602,A002,R014,L005,Día,763,480,8.06,4.37,3.69
PD000279,20250123,A005,R025,L002,Día,849,868,6.96,5.72,1.24
PD000280,20250625,A004,R009,L001,Tarde,714,576,7.11,5.06,2.04
PD000281,20250112,A004,R007,L007,Tarde,227,179,7.01,5.58,1.44
PD000282,20250513,A006,R025,L001,Noche,259,233,11.65,9.59,2.06
PD000283,20250310,A005,R023,L002,Noche,239,239,7.43,5.98,1.45
PD000284,20250525,A001,R020,L004,Día,672,587,9.66,8.21,1.45
PD000285,20250421,A003,R023,L007,Noche,565,499,11.74,9.28,2.47
PD000286,20250421,A001,R025,L005,Tarde,733,696,10.65,8.44,2.22
PD000287,20250208,A006,R010,L001,Tarde,830,803,6.2,4.7,1.51
PD000288,20250215,A002,R025,L005,Día,393,273,10.97,6.68,4.29
PD000289,20250102,A005,R015,L002,Día,716,791,11.28,10.14,1.14
PD000290,20250213,A005,R020,L004,Noche,591,559,7.2,5.79,1.41
PD000291,20250619,A005,R015,L001,Tarde,218,221,7.95,7.11,0.84
PD000292,20250120,A005,R012,L003,Día,372,386,11.84,8.69,3.14
PD000293,20250421,A006,R027,L006,Tarde,662,711,7.17,5.16,2.01
PD000294,20250608,A005,R007,L006,Tarde,372,302,11.8,10.67,1.13
PD000295,20250215,A004,R026,L004,Noche,609,525,8.03,5.63,2.4
PD000296,20250124,A004,R023,L006,Día,403,380,11.75,8.73,3.01
PD000297,20250628,A002,R013,L001,Noche,412,308,7.2,5.46,1.73
PD000298,20250520,A003,R020,L001,Noche,736,788,9.97,7.63,2.34
PD000299,20250425,A005,R024,L007,Tarde,513,515,6.06,5.36,0.7
PD000300,20250619,A006,R028,L007,Tarde,337,370,6.14,4.1,2.04
PD000301,20250309,A002,R027,L005,Noche,606,393,10.99,6.63,4.36
PD000302,20250419,A003,R026,L005,Tarde,381,383,11.85,9.68,2.17
PD000303,20250329,A001,R020,L007,Día,176,143,8.13,5.81,2.32
PD000304,20250530,A003,R005,L004,Día,768,582,10.83,7.5,3.33
PD000305,20250405,A001,R025,L006,Día,102,103,11.58,9.93,1.65
PD000306,20250419,A005,R012,L003,Tarde,634,651,10.71,9.6,1.11
PD000307,20250412,A001,R027,L006,Noche,688,490,6.35,5.54,0.81
PD000308,20250130,A004,R003,L007,Día,252,273,6.85,5.61,1.24
PD000309,20250623,A005,R010,L003,Noche,736,645,9.48,8.56,0.92
PD000310,20250130,A002,R001,L004,Día,554,511,9.97,7.98,1.98
PD000311,20250509,A006,R027,L001,Día,895,1127,11.46,9.23,2.22
PD000312,20250406,A004,R002,L007,Noche,589,579,9.66,7.37,2.29
PD000313,20250114,A004,R030,L004,Noche,655,471,8.88,6.36,2.53
PD000314,20250519,A003,R019,L002,Tarde,895,613,10.73,8.71,2.01
PD000315,20250123,A005,R028,L001,Noche,111,111,8.7,6.94,1.76
PD000316,20250506,A002,R022,L003,Tarde,168,99,6.9,3.77,3.14
PD000317,20250315,A001,R002,L003,Tarde,731,880,7.95,6.59,1.36
PD000318,20250306,A004,R015,L003,Día,284,266,6.88,5.44,1.43
PD000319,20250627,A006,R021,L007,Noche,697,665,6.55,5.2,1.35
PD000320,20250331,A005,R024,L003,Tarde,130,113,10.38,7.5,2.88
PD000321,20250215,A006,R013,L003,Noche,730,677,7.5,6.13,1.37
PD000322,20250214,A002,R027,L005,Tarde,658,448,11.0,8.96,2.04
PD000323,20250207,A005,R030,L007,Noche,261,229,10.72,9.4,1.33
PD000324,20250219,A001,R024,L002,Tarde,359,360,10.25,8.02,2.24
PD000325,20250419,A005,R012,L005,Noche,694,641,10.85,7.64,3.21
PD000326,20250217,A002,R003,L003,Noche,365,374,6.16,3.95,2.2
PD000327,20250521,A005,R016,L005,Tarde,343,332,8.71,6.48,2.23
PD000328,20250506,A001,R026,L005,Tarde,664,686,7.88,7.12,0.76
PD000329,20250326,A004,R022,L007,Noche,867,782,9.74,7.53,2.21
PD000330,20250306,A001,R018,L007,Día,125,107,8.26,6.39,1.88
PD000331,20250210,A003,R011,L005,Tarde,506,504,7.25,5.45,1.81
PD000332,20250518,A006,R007,L007,Tarde,480,416,10.85,9.71,1.15
PD000333,20250516,A003,R015,L007,Día,197,225,11.09,9.23,1.85
PD000334,20250131,A001,R011,L002,Día,405,426,9.28,7.43,1.85
PD000335,20250312,A003,R007,L003,Noche,742,462,6.39,5.54,0.85
PD000336,20250424,A006,R020,L002,Tarde,316,291,7.0,4.77,2.23
PD000337,20250327,A003,R013,L005,Día,202,188,7.44,5.28,2.16
PD000338,20250130,A006,R006,L005,Día,693,762,7.51,6.73,0.78
PD000339,20250417,A001,R005,L001,Día,755,758,6.23,4.94,1.29
PD000340,20250517,A003,R020,L006,Noche,542,458,8.44,5.71,2.73
PD000341,20250301,A003,R019,L001,Día,249,264,9.17,7.23,1.94
PD000342,20250330,A005,R009,L005,Tarde,769,677,9.96,8.91,1.05
PD000343,20250112,A006,R006,L003,Día,801,692,6.56,5.88,0.68
PD000344,20250318,A003,R022,L006,Día,116,127,6.82,5.79,1.03
PD000345,20250118,A003,R022,L003,Día,588,534,7.07,6.06,1.01
PD000346,20250116,A001,R012,L006,Tarde,176,165,6.98,6.28,0.7
PD000347,20250228,A003,R011,L005,Tarde,852,723,11.65,7.79,3.86
PD000348,20250108,A006,R011,L006,Día,298,293,6.89,5.08,1.81
PD000349,20250628,A001,R020,L005,Tarde,779,695,8.92,8.02,0.9
PD000350,20250328,A003,R001,L002,Tarde,301,226,7.31,6.28,1.03
PD000351,20250129,A001,R022,L006,Tarde,55,56,6.57,4.54,2.03
PD000352,20250103,A004,R016,L004,Tarde,649,588,11.22,8.37,2.85
PD000353,20250529,A004,R006,L003,Día,51,48,6.06,4.77,1.3
PD000354,20250318,A002,R019,L006,Día,269,231,9.57,7.87,1.71
PD000355,20250324,A001,R023,L006,Día,382,408,8.42,6.32,2.1
PD000356,20250603,A004,R013,L004,Tarde,337,315,7.26,5.73,1.53
PD000357,20250504,A003,R023,L006,Día,270,253,10.23,7.81,2.43
PD000358,20250507,A004,R018,L001,Tarde,295,189,9.72,8.14,1.58
PD000359,20250315,A005,R016,L001,Noche,309,301,10.75,9.6,1.15
PD000360,20250211,A006,R017,L005,Día,116,128,11.39,7.84,3.54
PD000361,20250315,A003,R025,L002,Tarde,438,334,10.98,8.56,2.43
PD000362,20250217,A003,R010,L001,Noche,163,168,6.3,4.34,1.96
PD000363,20250413,A002,R020,L005,Día,829,683,9.15,6.2,2.95
PD000364,20250524,A003,R018,L001,Noche,535,670,10.04,6.72,3.32
PD000365,20250422,A005,R021,L003,Tarde,190,190,9.31,6.98,2.34
PD000366,20250628,A001,R025,L002,Tarde,858,791,6.27,4.65,1.62
PD000367,20250216,A001,R019,L001,Tarde,210,232,9.76,8.2,1.56
PD000368,20250520,A001,R011,L006,Tarde,486,446,10.96,9.05,1.91
PD000369,20250113,A004,R003,L001,Noche,222,186,8.67,6.91,1.76
PD000370,20250506,A006,R017,L004,Día,560,475,7.69,5.78,1.91
PD000371,20250629,A002,R013,L005,Día,384,301,11.81,9.78,2.04
PD000372,20250320,A001,R001,L004,Noche,468,352,6.75,4.79,1.96
PD000373,20250103,A001,R003,L003,Día,246,216,10.94,7.3,3.64
PD000374,20250128,A005,R030,L006,Noche,501,371,8.51,6.2,2.31
PD000375,20250110,A005,R020,L002,Noche,532,463,7.5,5.88,1.62
PD000376,20250416,A003,R019,L003,Tarde,383,403,10.12,7.51,2.61
PD000377,20250204,A006,R001,L001,Noche,273,197,7.43,5.23,2.2
PD000378,20250630,A002,R011,L002,Tarde,310,236,10.49,6.85,3.64
PD000379,20250219,A001,R026,L005,Tarde,112,94,7.48,5.27,2.21
PD000380,20250215,A002,R017,L001,Tarde,679,472,6.4,4.63,1.77
PD000381,20250114,A004,R006,L002,Noche,598,542,7.13,5.37,1.76
PD000382,20250211,A005,R021,L003,Noche,820,598,11.86,9.18,2.68
PD000383,20250430,A003,R013,L004,Tarde,252,220,6.82,5.44,1.38
PD000384,20250516,A003,R020,L001,Tarde,66,55,8.88,7.43,1.44
PD000385,20250422,A001,R004,L002,Día,785,783,7.42,6.7,0.72
PD000386,20250628,A001,R006,L001,Día,62,54,11.81,8.47,3.34
PD000387,20250523,A005,R028,L006,Tarde,585,577,6.52,4.47,2.06
PD000388,20250519,A002,R018,L007,Tarde,338,258,11.12,7.06,4.06
PD000389,20250330,A003,R004,L007,Día,348,312,11.15,9.26,1.89
PD000390,20250225,A005,R006,L001,Noche,169,155,7.65,5.6,2.05
PD000391,20250617,A006,R007,L006,Tarde,513,522,10.73,7.15,3.57
PD000392,20250320,A004,R021,L005,Tarde,89,93,9.64,6.88,2.76
PD000393,20250123,A003,R008,L001,Día,801,528,8.54,5.79,2.75
PD000394,20250627,A003,R023,L001,Noche,878,800,6.74,5.13,1.61
PD000395,20250128,A005,R002,L002,Día,163,205,6.3,5.23,1.08
PD000396,20250529,A006,R023,L006,Día,58,62,9.99,7.5,2.49
PD000397,20250507,A001,R026,L004,Noche,220,160,7.76,6.34,1.42
PD000398,20250603,A001,R003,L005,Tarde,790,736,7.52,6.23,1.29
PD000399,20250301,A002,R029,L001,Noche,424,345,11.6,8.04,3.57
PD000400,20250401,A001,R020,L006,Noche,858,926,7.7,5.12,2.58
PD000401,20250611,A004,R019,L006,Noche,111,101,10.68,7.43,3.25
PD000402,20250208,A005,R009,L005,Día,578,551,7.39,6.61,0.78
PD000403,20250321,A002,R015,L005,Día,431,320,7.76,6.65,1.12
PD000404,20250504,A001,R027,L001,Noche,357,411,6.68,5.56,1.12
PD000405,20250512,A001,R007,L005,Tarde,860,774,6.3,5.63,0.67
PD000406,20250611,A002,R001,L005,Día,303,264,10.51,8.88,1.63
PD000407,20250408,A004,R027,L005,Día,767,783,8.12,6.31,1.8
PD000408,20250523,A001,R015,L001,Noche,85,78,7.49,5.61,1.88
PD000409,20250206,A004,R023,L006,Tarde,445,344,8.87,7.02,1.85
PD000410,20250422,A001,R024,L005,Tarde,820,691,7.06,6.11,0.95
PD000411,20250302,A002,R030,L002,Tarde,72,64,9.76,7.85,1.91
PD000412,20250315,A003,R017,L003,Día,838,814,10.82,8.44,2.38
PD000413,20250418,A003,R008,L005,Noche,530,556,10.0,9.12,0.88
PD000414,20250413,A002,R012,L004,Tarde,624,579,10.51,6.76,3.75
PD000415,20250218,A002,R021,L006,Noche,636,514,8.0,6.54,1.46
PD000416,20250419,A003,R024,L007,Noche,736,874,7.53,6.3,1.23
PD000417,20250529,A005,R010,L006,Tarde,889,781,11.37,8.55,2.83
PD000418,20250630,A004,R021,L005,Noche,714,730,10.38,7.67,2.72
PD000419,20250125,A003,R006,L004,Noche,453,411,7.86,6.57,1.29
PD000420,20250503,A004,R010,L005,Día,716,538,9.94,8.21,1.73
PD000421,20250418,A001,R007,L006,Día,899,1044,11.35,9.24,2.11
PD000422,20250221,A004,R028,L004,Día,616,609,7.24,5.49,1.75
PD000423,20250212,A004,R015,L003,Día,458,356,11.24,8.89,2.35
PD000424,20250326,A005,R006,L002,Día,233,240,10.86,8.2,2.67
PD000425,20250615,A001,R020,L006,Día,316,327,8.06,7.0,1.06
PD000426,20250109,A006,R027,L006,Noche,332,348,6.91,5.1,1.82
PD000427,20250517,A002,R013,L007,Día,586,523,7.06,5.91,1.15
PD000428,20250304,A006,R006,L001,Noche,763,629,10.33,7.74,2.59
PD000429,20250219,A006,R007,L003,Noche,275,245,7.98,6.14,1.84
PD000430,20250317,A004,R023,L003,Tarde,417,361,11.96,8.17,3.8
PD000431,20250105,A005,R005,L005,Noche,200,237,9.96,8.65,1.31
PD000432,20250614,A005,R013,L005,Tarde,872,965,9.26,7.57,1.7
PD000433,20250214,A002,R008,L003,Noche,422,279,9.88,7.93,1.95
PD000434,20250606,A005,R026,L005,Día,780,705,9.36,8.6,0.76
PD000435,20250211,A001,R002,L005,Noche,529,522,7.4,5.31,2.09
PD000436,20250128,A002,R016,L005,Día,360,166,10.53,8.81,1.72
PD000437,20250530,A003,R009,L003,Día,118,127,10.62,8.34,2.29
PD000438,20250626,A003,R010,L006,Día,769,669,9.34,7.78,1.56
PD000439,20250402,A005,R028,L006,Día,61,56,6.61,5.85,0.76
PD000440,20250122,A006,R015,L005,Noche,332,292,7.78,6.49,1.29
PD000441,20250510,A001,R008,L003,Tarde,753,654,9.13,6.19,2.95
PD000442,20250524,A005,R016,L001,Noche,826,954,10.63,9.5,1.13
PD000443,20250522,A006,R002,L001,Tarde,557,559,11.36,7.99,3.37
PD000444,20250215,A003,R014,L002,Día,280,229,6.07,4.35,1.73
PD000445,20250606,A004,R008,L004,Día,885,836,8.0,5.35,2.65
PD000446,20250120,A006,R011,L001,Tarde,849,884,7.11,6.11,1.0
PD000447,20250313,A003,R027,L004,Día,885,838,11.86,9.74,2.12
PD000448,20250323,A005,R021,L004,Día,866,845,11.28,8.83,2.45
PD000449,20250122,A002,R004,L006,Día,798,707,11.88,9.4,2.48
PD000450,20250601,A006,R003,L001,Tarde,789,609,7.1,4.93,2.17
PD000451,20250415,A005,R025,L003,Tarde,385,333,9.04,6.21,2.82
PD000452,20250325,A001,R023,L005,Noche,109,113,6.71,5.54,1.17
PD000453,20250519,A006,R019,L005,Noche,764,785,10.12,8.53,1.59
PD000454,20250126,A003,R018,L005,Día,599,568,9.03,8.15,0.88
PD000455,20250121,A003,R022,L003,Día,714,680,10.79,9.42,1.37
PD000456,20250108,A003,R021,L006,Tarde,408,381,11.52,8.37,3.16
PD000457,20250117,A006,R005,L002,Día,758,732,9.57,7.38,2.19
PD000458,20250131,A006,R013,L003,Noche,229,205,6.22,4.45,1.77
PD000459,20250411,A001,R024,L005,Tarde,196,167,10.73,8.14,2.58
PD000460,20250309,A002,R029,L001,Día,814,643,11.37,9.97,1.39
PD000461,20250321,A003,R002,L003,Día,417,331,10.68,9.79,0.9
PD000462,20250402,A003,R020,L004,Noche,625,442,8.78,7.65,1.13
PD000463,20250612,A006,R010,L002,Noche,718,593,9.21,6.15,3.06
PD000464,20250412,A002,R014,L007,Tarde,619,590,11.89,6.49,5.39
PD000465,20250309,A004,R024,L007,Tarde,826,832,7.76,6.9,0.86
PD000466,20250108,A003,R008,L006,Día,478,424,11.13,9.0,2.13
PD000467,20250623,A004,R001,L002,Noche,299,290,10.79,8.62,2.17
PD000468,20250208,A006,R015,L004,Día,826,701,11.52,7.72,3.8
PD000469,20250305,A003,R009,L007,Noche,93,70,9.66,6.58,3.07
PD000470,20250130,A006,R028,L001,Noche,104,74,9.08,6.68,2.4
PD000471,20250324,A002,R007,L007,Noche,361,354,10.61,6.19,4.42
PD000472,20250328,A006,R011,L003,Día,188,180,8.57,7.27,1.3
PD000473,20250427,A005,R012,L003,Día,732,664,7.64,5.41,2.23
PD000474,20250122,A006,R016,L007,Tarde,519,488,7.87,6.43,1.44
PD000475,20250516,A003,R004,L006,Tarde,450,412,8.02,7.09,0.93
PD000476,20250212,A006,R009,L006,Día,634,511,6.3,5.21,1.09
PD000477,20250602,A004,R017,L001,Noche,442,438,9.05,6.41,2.64
PD000478,20250120,A006,R004,L004,Noche,501,315,10.14,7.86,2.28
PD000479,20250523,A006,R002,L003,Día,695,577,9.57,6.52,3.05
PD000480,20250403,A004,R013,L007,Noche,638,634,6.93,5.78,1.15
PD000481,20250417,A001,R005,L001,Tarde,711,663,9.23,6.74,2.49
PD000482,20250404,A003,R002,L006,Tarde,263,221,11.33,8.89,2.43
PD000483,20250616,A004,R006,L005,Tarde,519,327,11.77,9.39,2.38
PD000484,20250314,A005,R005,L003,Noche,287,310,8.32,6.52,1.8
PD000485,20250130,A004,R001,L003,Noche,428,468,10.56,8.67,1.89
PD000486,20250501,A001,R026,L007,Tarde,268,211,10.45,8.94,1.51
PD000487,20250409,A005,R016,L001,Día,403,452,11.48,8.78,2.71
PD000488,20250127,A005,R003,L003,Tarde,479,418,11.13,8.46,2.66
PD000489,20250116,A006,R029,L004,Día,413,352,7.28,6.25,1.03
PD000490,20250311,A001,R002,L007,Tarde,611,560,11.35,9.74,1.61
PD000491,20250419,A002,R020,L003,Día,854,705,9.37,7.34,2.03
PD000492,20250305,A005,R015,L002,Tarde,327,304,11.72,10.5,1.23
PD000493,20250202,A005,R029,L004,Día,892,768,8.69,6.85,1.84
PD000494,20250314,A006,R001,L002,Tarde,473,438,9.74,7.67,2.07
PD000495,20250319,A006,R013,L005,Tarde,157,152,6.47,4.43,2.04
PD000496,20250208,A001,R005,L002,Día,597,600,7.92,6.7,1.21
PD000497,20250123,A005,R009,L001,Día,139,128,8.77,6.54,2.23
PD000498,20250422,A001,R029,L002,Noche,254,259,7.35,6.7,0.65
PD000499,20250409,A006,R018,L005,Tarde,838,627,9.5,8.38,1.12
PD000500,20250313,A002,R015,L003,Día,633,487,7.91,4.95,2.97
PD000501,20250103,A005,R030,L005,Noche,414,310,7.17,5.03,2.14
PD000502,20250401,A002,R013,L004,Tarde,161,136,11.35,7.7,3.64
PD000503,20250310,A004,R014,L006,Día,687,647,11.79,8.5,3.29
PD000504,20250411,A006,R006,L002,Tarde,178,146,6.32,4.7,1.62
PD000505,20250130,A002,R023,L003,Noche,881,812,6.79,4.31,2.47
PD000506,20250306,A003,R026,L002,Día,560,553,6.16,4.86,1.29
PD000507,20250521,A004,R007,L004,Tarde,393,351,10.61,7.41,3.21
PD000508,20250214,A003,R017,L007,Noche,663,458,6.48,5.86,0.62
PD000509,20250423,A001,R005,L001,Día,238,251,9.6,7.95,1.66
PD000510,20250617,A001,R001,L007,Día,640,663,7.93,5.94,1.99
PD000511,20250311,A002,R002,L005,Tarde,413,268,10.39,9.07,1.33
PD000512,20250330,A005,R004,L001,Noche,238,187,9.79,8.22,1.57
PD000513,20250602,A002,R022,L005,Noche,707,612,9.67,7.34,2.34
PD000514,20250107,A005,R015,L006,Día,241,254,9.41,8.28,1.13
PD000515,20250507,A004,R027,L002,Tarde,600,582,9.55,8.29,1.26
PD000516,20250603,A001,R018,L001,Día,63,58,6.0,4.07,1.93
PD000517,20250313,A005,R013,L004,Noche,864,804,10.68,7.15,3.53
PD000518,20250324,A006,R008,L002,Noche,331,313,10.03,7.56,2.48
PD000519,20250124,A003,R024,L004,Tarde,143,141,11.19,7.68,3.52
PD000520,20250325,A005,R004,L005,Día,106,109,7.52,6.58,0.94
PD000521,20250623,A006,R025,L002,Día,272,284,7.97,6.55,1.42
PD000522,20250205,A005,R004,L007,Tarde,129,102,7.08,5.8,1.29
PD000523,20250220,A005,R025,L007,Noche,119,107,10.38,9.32,1.06
PD000524,20250319,A003,R028,L005,Día,733,717,10.92,8.83,2.09
PD000525,20250522,A001,R005,L002,Tarde,120,101,9.8,6.6,3.2
PD000526,20250308,A003,R005,L004,Noche,153,162,10.21,9.08,1.14
PD000527,20250115,A004,R016,L002,Día,718,636,10.28,8.85,1.43
PD000528,20250509,A005,R012,L006,Tarde,434,369,8.76,5.98,2.78
PD000529,20250606,A004,R016,L003,Día,176,134,7.66,7.0,0.66
PD000530,20250101,A005,R015,L006,Noche,137,123,6.99,6.43,0.56
PD000531,20250628,A003,R020,L006,Día,471,512,9.68,6.85,2.82
PD000532,20250210,A003,R010,L006,Noche,444,413,8.11,7.35,0.76
PD000533,20250131,A004,R010,L003,Noche,231,220,6.5,5.75,0.75
PD000534,20250509,A003,R010,L001,Tarde,492,461,10.49,8.53,1.96
PD000535,20250507,A006,R021,L001,Tarde,277,273,7.77,5.8,1.97
PD000536,20250227,A003,R009,L007,Noche,751,828,10.17,9.15,1.02
PD000537,20250420,A005,R021,L003,Noche,742,848,8.1,7.24,0.85
PD000538,20250201,A005,R023,L006,Tarde,601,554,11.76,8.14,3.62
PD000539,20250427,A005,R007,L004,Tarde,353,379,9.67,7.82,1.85
PD000540,20250205,A006,R004,L004,Noche,884,728,8.89,6.97,1.92
PD000541,20250510,A006,R008,L004,Día,822,824,8.99,7.97,1.01
PD000542,20250324,A001,R029,L004,Noche,776,902,10.7,9.4,1.3
PD000543,20250220,A002,R020,L006,Noche,692,504,9.17,7.09,2.08
PD000544,20250415,A001,R003,L002,Día,309,293,8.41,7.53,0.87
PD000545,20250511,A005,R023,L006,Noche,428,427,8.97,7.23,1.74
PD000546,20250217,A004,R007,L002,Noche,88,64,8.76,7.58,1.19
PD000547,20250226,A001,R030,L001,Noche,846,809,10.05,8.18,1.87
PD000548,20250328,A004,R002,L002,Tarde,291,240,11.95,10.33,1.61
PD000549,20250101,A005,R013,L001,Día,354,359,6.88,4.57,2.31
PD000550,20250427,A001,R024,L002,Noche,103,101,9.34,7.32,2.02
PD000551,20250207,A002,R012,L006,Noche,881,593,11.18,6.35,4.84
PD000552,20250608,A002,R008,L005,Día,445,389,6.91,3.83,3.08
PD000553,20250213,A001,R006,L004,Tarde,349,409,11.91,8.74,3.18
PD000554,20250324,A001,R003,L004,Tarde,218,177,11.82,9.18,2.64
PD000555,20250324,A003,R014,L003,Tarde,895,790,11.53,8.83,2.71
PD000556,20250315,A002,R016,L003,Día,84,60,6.05,4.0,2.05
PD000557,20250219,A001,R008,L004,Tarde,669,683,9.49,6.97,2.52
PD000558,20250321,A004,R008,L005,Noche,780,863,6.45,4.37,2.08
PD000559,20250324,A001,R004,L006,Día,489,395,11.02,8.36,2.65
PD000560,20250306,A006,R004,L002,Día,534,424,9.91,7.32,2.58
PD000561,20250524,A002,R007,L004,Tarde,512,349,6.02,4.54,1.47
PD000562,20250205,A002,R003,L002,Día,591,441,7.6,6.21,1.39
PD000563,20250525,A005,R015,L005,Tarde,204,179,7.97,6.23,1.74
PD000564,20250503,A004,R005,L003,Día,152,148,11.6,9.68,1.91
PD000565,20250130,A006,R021,L006,Día,171,165,9.93,8.87,1.06
PD000566,20250221,A005,R002,L006,Día,765,773,9.87,8.27,1.6
PD000567,20250511,A004,R002,L003,Noche,731,617,8.38,6.45,1.93
PD000568,20250530,A004,R009,L001,Día,799,820,11.01,10.05,0.96
PD000569,20250524,A006,R015,L002,Tarde,189,144,10.9,8.42,2.47
PD000570,20250513,A005,R002,L002,Día,763,798,11.95,10.72,1.24
PD000571,20250217,A004,R016,L004,Noche,263,281,9.85,7.69,2.16
PD000572,20250215,A005,R002,L005,Tarde,619,394,6.23,4.85,1.39
PD000573,20250202,A005,R010,L002,Día,864,760,6.13,4.81,1.32
PD000574,20250214,A003,R022,L001,Tarde,442,434,6.03,4.55,1.48
PD000575,20250617,A006,R006,L007,Noche,465,409,6.0,5.42,0.58
PD000576,20250615,A006,R003,L002,Día,459,483,7.7,5.76,1.94
PD000577,20250610,A003,R013,L001,Noche,641,577,6.82,5.65,1.16
PD000578,20250115,A003,R019,L007,Noche,473,467,7.54,5.49,2.05
PD000579,20250502,A003,R001,L005,Día,252,267,9.82,6.87,2.96
PD000580,20250104,A003,R006,L007,Día,759,689,10.39,8.08,2.32
PD000581,20250313,A006,R010,L007,Día,632,594,9.79,8.92,0.87
PD000582,20250425,A005,R025,L001,Día,775,671,7.25,4.98,2.27
PD000583,20250510,A005,R023,L004,Día,79,87,11.94,8.58,3.36
PD000584,20250126,A004,R022,L002,Noche,489,533,9.53,6.52,3.02
PD000585,20250302,A006,R001,L004,Tarde,378,376,7.06,5.59,1.47
PD000586,20250221,A003,R008,L005,Noche,335,333,9.25,6.79,2.46
PD000587,20250107,A004,R010,L001,Día,588,525,7.13,6.14,0.99
PD000588,20250426,A004,R020,L004,Noche,386,339,8.86,7.83,1.03
PD000589,20250110,A006,R006,L003,Tarde,447,396,10.02,6.97,3.04
PD000590,20250629,A005,R006,L003,Día,873,719,11.12,9.44,1.68
PD000591,20250207,A005,R008,L006,Día,748,638,9.98,7.87,2.11
PD000592,20250613,A001,R024,L001,Tarde,82,91,7.02,5.62,1.4
PD000593,20250414,A006,R030,L007,Noche,300,270,8.04,6.01,2.02
PD000594,20250419,A006,R026,L002,Día,188,215,7.26,4.91,2.36
PD000595,20250522,A004,R027,L005,Día,812,814,8.79,6.15,2.64
PD000596,20250524,A001,R016,L007,Día,871,739,8.69,7.02,1.67
PD000597,20250212,A006,R018,L007,Tarde,472,454,9.88,8.88,1.0
PD000598,20250625,A003,R013,L005,Día,475,514,6.87,5.73,1.14
PD000599,20250129,A001,R025,L003,Día,825,594,6.28,5.73,0.55
PD000600,20250313,A006,R023,L004,Tarde,895,902,11.41,9.26,2.15
PD000601,20250401,A002,R025,L007,Día,388,254,8.37,5.17,3.2
PD000602,20250224,A001,R021,L005,Tarde,100,105,9.17,6.06,3.12
PD000603,20250602,A006,R014,L006,Tarde,70,51,7.52,5.28,2.25
PD000604,20250201,A005,R023,L003,Tarde,436,487,8.43,7.28,1.15
PD000605,20250415,A003,R013,L002,Tarde,860,773,9.56,8.36,1.2
PD000606,20250622,A005,R026,L002,Día,565,552,10.45,8.8,1.66
PD000607,20250322,A002,R017,L006,Día,380,397,8.21,6.39,1.83
PD000608,20250215,A002,R020,L002,Noche,830,638,11.32,7.42,3.9
PD000609,20250518,A006,R018,L007,Día,765,677,10.54,9.58,0.96
PD000610,20250110,A005,R028,L007,Tarde,655,629,7.05,4.75,2.3
PD000611,20250526,A006,R030,L005,Día,492,447,8.45,5.8,2.66
PD000612,20250309,A002,R027,L006,Noche,767,535,9.45,5.33,4.11
PD000613,20250314,A005,R022,L005,Tarde,217,239,8.28,5.84,2.44
PD000614,20250204,A006,R013,L003,Noche,519,403,9.71,8.45,1.26
PD000615,20250516,A006,R001,L006,Noche,95,112,8.04,5.76,2.27
PD000616,20250201,A001,R002,L002,Tarde,765,650,6.94,5.55,1.39
PD000617,20250419,A004,R014,L003,Día,377,345,7.8,6.47,1.33
PD000618,20250213,A006,R024,L006,Día,426,423,11.35,9.88,1.48
PD000619,20250404,A006,R023,L006,Tarde,515,481,8.94,7.78,1.16
PD000620,20250621,A002,R009,L006,Día,202,103,11.37,9.32,2.05
PD000621,20250426,A004,R019,L005,Tarde,468,440,8.67,6.59,2.08
PD000622,20250405,A003,R019,L001,Tarde,422,396,6.92,6.02,0.9
PD000623,20250128,A001,R010,L003,Tarde,385,306,10.05,7.71,2.34
PD000624,20250114,A006,R022,L001,Tarde,137,149,9.03,8.31,0.73
PD000625,20250321,A002,R026,L007,Noche,427,280,9.9,8.04,1.87
PD000626,20250424,A003,R019,L003,Tarde,501,663,11.03,9.98,1.06
PD000627,20250403,A006,R025,L003,Noche,589,644,11.75,7.79,3.96
PD000628,20250225,A006,R019,L007,Día,106,102,6.84,6.26,0.57
PD000629,20250321,A006,R030,L001,Noche,232,197,7.16,5.48,1.69
PD000630,20250406,A001,R025,L005,Tarde,290,279,9.13,6.36,2.77
PD000631,20250529,A003,R010,L007,Noche,774,696,8.17,6.95,1.22
PD000632,20250307,A004,R009,L001,Noche,797,762,9.22,8.06,1.16
PD000633,20250315,A002,R015,L006,Tarde,252,193,8.05,7.03,1.02
PD000634,20250602,A001,R021,L004,Tarde,290,298,9.15,8.08,1.07
PD000635,20250520,A003,R029,L001,Día,781,579,7.23,4.99,2.23
PD000636,20250612,A001,R016,L004,Día,590,479,6.98,4.85,2.12
PD000637,20250217,A006,R019,L004,Día,811,1016,10.34,8.87,1.47
PD000638,20250402,A002,R015,L007,Tarde,160,124,7.0,4.21,2.79
PD000639,20250308,A001,R002,L001,Día,793,772,9.27,7.57,1.7
PD000640,20250319,A004,R006,L007,Tarde,680,756,9.28,6.57,2.71
PD000641,20250510,A001,R020,L004,Noche,807,754,9.92,6.93,2.99
PD000642,20250312,A002,R010,L006,Tarde,454,314,11.42,6.96,4.46
PD000643,20250108,A004,R020,L007,Noche,472,408,6.68,4.95,1.73
PD000644,20250428,A001,R012,L004,Noche,849,1007,8.14,6.88,1.26
PD000645,20250319,A002,R024,L005,Día,797,630,10.91,8.62,2.29
PD000646,20250620,A003,R005,L004,Día,547,561,10.3,7.44,2.86
PD000647,20250611,A004,R029,L005,Noche,703,813,8.36,7.32,1.04
PD000648,20250615,A003,R012,L002,Noche,316,359,10.19,8.35,1.84
PD000649,20250219,A005,R007,L005,Tarde,599,685,8.25,6.45,1.8
PD000650,20250419,A006,R007,L003,Tarde,680,710,7.33,4.89,2.44
PD000651,20250220,A004,R027,L002,Noche,862,773,6.09,4.22,1.88
PD000652,20250128,A001,R002,L001,Día,896,711,11.94,8.54,3.41
PD000653,20250501,A002,R010,L004,Día,856,789,8.43,5.06,3.37
PD000654,20250126,A003,R023,L001,Tarde,227,201,11.22,9.22,2.0
PD000655,20250212,A001,R026,L004,Tarde,270,324,8.09,6.98,1.12
PD000656,20250604,A003,R025,L005,Noche,487,423,7.26,5.25,2.01
PD000657,20250516,A006,R025,L007,Noche,67,65,6.29,5.34,0.95
PD000658,20250609,A003,R026,L001,Tarde,782,600,8.76,7.75,1.01
PD000659,20250317,A005,R026,L004,Noche,566,518,11.15,8.56,2.59
PD000660,20250326,A005,R004,L006,Tarde,585,588,8.65,7.68,0.97
PD000661,20250417,A006,R029,L006,Día,750,761,6.06,5.39,0.67
PD000662,20250128,A006,R001,L003,Noche,801,618,8.12,6.76,1.36
PD000663,20250211,A002,R024,L002,Tarde,732,457,8.72,4.94,3.78
PD000664,20250529,A001,R020,L001,Tarde,670,563,8.49,6.9,1.6
PD000665,20250331,A001,R024,L006,Día,704,672,7.32,5.68,1.64
PD000666,20250521,A005,R028,L006,Tarde,702,729,6.7,5.05,1.64
PD000667,20250417,A001,R001,L005,Noche,302,271,7.03,5.53,1.49
PD000668,20250303,A003,R008,L007,Tarde,517,404,11.06,9.16,1.9
PD000669,20250126,A003,R014,L007,Noche,98,96,10.41,8.13,2.28
PD000670,20250422,A002,R030,L006,Día,238,168,8.35,6.99,1.36
PD000671,20250629,A003,R024,L003,Noche,799,728,8.5,7.34,1.16
PD000672,20250630,A004,R006,L002,Día,812,964,9.26,6.19,3.07
PD000673,20250218,A003,R001,L003,Noche,455,469,7.31,6.61,0.7
PD000674,20250225,A002,R013,L002,Día,524,378,6.44,5.09,1.35
PD000675,20250417,A004,R005,L007,Noche,372,351,6.65,5.97,0.68
PD000676,20250317,A003,R011,L005,Tarde,105,90,9.44,7.93,1.51
PD000677,20250421,A004,R028,L001,Noche,287,277,7.49,6.67,0.82
PD000678,20250530,A005,R030,L007,Noche,480,476,8.1,6.72,1.38
PD000679,20250126,A002,R019,L004,Noche,741,649,7.64,4.86,2.78
PD000680,20250220,A005,R008,L006,Día,184,145,6.32,5.54,0.78
PD000681,20250330,A002,R004,L007,Tarde,223,207,11.71,6.38,5.34
PD000682,20250611,A004,R003,L001,Noche,864,845,6.56,5.77,0.79
PD000683,20250505,A005,R021,L007,Día,713,621,11.59,10.56,1.02
PD000684,20250620,A001,R026,L003,Tarde,789,878,6.05,5.52,0.53
PD000685,20250317,A004,R017,L005,Día,682,613,9.51,8.34,1.17
PD000686,20250129,A006,R005,L005,Día,256,239,10.58,7.02,3.56
PD000687,20250603,A005,R019,L004,Día,136,121,7.91,5.96,1.94
PD000688,20250105,A003,R004,L002,Noche,290,311,10.51,7.19,3.32
PD000689,20250613,A001,R025,L007,Día,101,92,10.62,7.94,2.68
PD000690,20250203,A006,R015,L002,Día,493,459,9.08,6.5,2.57
PD000691,20250418,A003,R005,L007,Día,233,212,9.19,6.69,2.5
PD000692,20250611,A002,R024,L004,Noche,231,189,7.91,4.69,3.21
PD000693,20250322,A001,R027,L005,Tarde,652,602,9.07,7.12,1.95
PD000694,20250331,A002,R015,L003,Tarde,345,224,6.97,4.89,2.09
PD000695,20250419,A005,R030,L005,Noche,465,526,9.97,8.08,1.89
PD000696,20250401,A003,R007,L002,Día,264,216,11.68,8.19,3.49
PD000697,20250216,A001,R026,L004,Tarde,310,323,9.61,7.75,1.85
PD000698,20250119,A004,R005,L004,Tarde,162,156,6.12,5.21,0.91
PD000699,20250303,A005,R005,L002,Noche,707,609,6.05,4.69,1.36
PD000700,20250131,A004,R001,L001,Noche,296,282,10.56,7.59,2.97
PD000701,20250608,A005,R003,L006,Noche,724,533,7.77,6.17,1.59
PD000702,20250622,A004,R030,L006,Tarde,855,805,11.3,9.78,1.53
PD000703,20250414,A005,R013,L003,Noche,897,731,11.25,8.53,2.72
PD000704,20250131,A006,R003,L007,Noche,290,243,8.47,7.45,1.02
PD000705,20250603,A006,R015,L005,Noche,669,630,7.31,5.24,2.07
PD000706,20250621,A002,R002,L005,Noche,873,623,11.69,8.76,2.92
PD000707,20250626,A001,R019,L004,Día,513,520,7.05,5.97,1.08
PD000708,20250524,A001,R014,L001,Día,212,186,8.52,6.82,1.71
PD000709,20250127,A005,R001,L004,Día,494,443,11.83,9.11,2.72
PD000710,20250426,A006,R018,L003,Noche,162,145,6.91,5.29,1.61
PD000711,20250101,A001,R016,L004,Noche,192,179,10.26,9.17,1.08
PD000712,20250416,A004,R020,L005,Noche,587,398,8.21,6.16,2.06
PD000713,20250604,A003,R027,L002,Día,842,754,6.27,5.55,0.72
PD000714,20250421,A004,R028,L004,Noche,420,451,9.09,6.68,2.42
PD000715,20250331,A003,R024,L003,Día,624,591,6.35,4.63,1.73
PD000716,20250130,A002,R019,L006,Día,441,252,8.67,7.22,1.45
PD000717,20250420,A002,R009,L006,Día,824,674,10.24,8.74,1.5
PD000718,20250327,A004,R016,L002,Tarde,123,127,10.76,8.86,1.9
PD000719,20250420,A004,R016,L006,Noche,193,210,7.32,5.18,2.14
PD000720,20250521,A002,R026,L005,Noche,390,336,7.89,6.6,1.29
PD000721,20250420,A004,R010,L006,Noche,409,375,11.43,8.86,2.57
PD000722,20250505,A004,R018,L007,Día,633,544,7.49,5.47,2.02
PD000723,20250528,A004,R020,L007,Noche,460,394,10.1,8.57,1.53
PD000724,20250414,A003,R012,L006,Tarde,852,1018,6.26,4.84,1.42
PD000725,20250419,A005,R001,L002,Noche,220,194,11.96,10.97,1.0
PD000726,20250323,A002,R001,L004,Día,244,149,10.86,6.52,4.34
PD000727,20250304,A003,R029,L005,Noche,292,277,11.62,9.85,1.76
PD000728,20250601,A003,R023,L003,Día,843,692,10.61,7.74,2.86
PD000729,20250620,A005,R009,L002,Tarde,838,831,8.41,5.75,2.66
PD000730,20250512,A003,R025,L007,Noche,413,343,9.44,6.9,2.54
PD000731,20250522,A005,R002,L004,Tarde,811,883,6.64,5.56,1.08
PD000732,20250319,A004,R022,L005,Tarde,556,420,8.36,7.42,0.95
PD000733,20250426,A004,R004,L002,Día,779,826,8.58,7.14,1.45
PD000734,20250413,A003,R028,L001,Noche,61,66,8.51,7.12,1.4
PD000735,20250329,A002,R006,L001,Día,76,55,7.52,5.05,2.47
PD000736,20250317,A006,R025,L007,Noche,167,144,6.58,5.58,0.99
PD000737,20250430,A005,R025,L001,Tarde,76,80,7.42,6.23,1.2
PD000738,20250605,A005,R017,L001,Tarde,424,392,11.81,8.74,3.06
PD000739,20250121,A001,R014,L002,Día,899,847,7.13,5.55,1.58
PD000740,20250508,A001,R014,L002,Día,423,397,10.75,7.42,3.33
PD000741,20250205,A002,R027,L002,Día,877,831,11.41,6.45,4.97
PD000742,20250408,A005,R030,L007,Noche,786,714,7.26,6.24,1.03
PD000743,20250323,A004,R019,L005,Día,423,291,10.95,8.41,2.54
PD000744,20250512,A002,R004,L007,Tarde,121,100,8.82,5.35,3.47
PD000745,20250312,A005,R004,L007,Día,673,531,6.38,4.87,1.52
PD000746,20250419,A006,R017,L007,Día,71,76,10.81,7.68,3.13
PD000747,20250417,A005,R007,L006,Noche,458,470,7.96,5.94,2.03
PD000748,20250419,A004,R018,L001,Tarde,753,731,7.39,6.33,1.06
PD000749,20250622,A005,R001,L001,Día,808,851,10.29,7.23,3.06
PD000750,20250305,A003,R010,L007,Noche,284,271,6.69,5.51,1.18
PD000751,20250617,A003,R025,L002,Día,714,623,9.14,6.5,2.64
PD000752,20250603,A005,R008,L005,Día,363,330,10.33,6.89,3.45
PD000753,20250408,A006,R030,L001,Día,755,555,10.13,7.28,2.85
PD000754,20250211,A001,R019,L001,Día,767,717,8.55,7.43,1.12
PD000755,20250608,A004,R006,L007,Día,162,153,8.08,6.36,1.72
PD000756,20250402,A004,R027,L001,Noche,415,310,8.7,6.57,2.12
PD000757,20250211,A001,R030,L005,Noche,207,151,10.22,7.12,3.09
PD000758,20250524,A003,R013,L001,Día,358,399,7.42,6.57,0.85
PD000759,20250506,A006,R003,L003,Tarde,140,148,9.34,6.53,2.81
PD000760,20250527,A003,R027,L003,Tarde,260,297,8.4,7.42,0.98
PD000761,20250427,A006,R018,L006,Tarde,127,82,6.54,5.21,1.33
PD000762,20250512,A005,R013,L007,Día,772,631,10.77,7.59,3.18
PD000763,20250607,A003,R011,L001,Tarde,617,615,9.79,6.66,3.13
PD000764,20250530,A005,R011,L006,Noche,235,211,8.46,6.89,1.56
PD000765,20250312,A003,R007,L001,Día,813,737,10.44,8.41,2.02
PD000766,20250117,A002,R006,L001,Día,522,379,9.25,5.93,3.32
PD000767,20250601,A004,R002,L003,Día,319,242,10.44,6.93,3.5
PD000768,20250627,A002,R028,L002,Día,331,246,11.73,7.6,4.13
PD000769,20250320,A003,R008,L003,Tarde,641,601,8.52,7.3,1.22
PD000770,20250209,A006,R002,L002,Tarde,108,88,10.75,8.26,2.49
PD000771,20250101,A001,R003,L007,Tarde,176,176,10.98,9.57,1.41
PD000772,20250121,A004,R030,L003,Noche,769,628,7.62,5.87,1.75
PD000773,20250629,A004,R026,L001,Noche,616,617,6.71,5.85,0.86
PD000774,20250326,A003,R003,L001,Día,768,698,11.35,8.62,2.73
PD000775,20250626,A006,R024,L006,Día,116,129,9.38,6.73,2.65
PD000776,20250102,A006,R014,L005,Tarde,169,194,8.21,5.83,2.39
PD000777,20250626,A005,R006,L003,Noche,882,1007,6.05,4.86,1.18
PD000778,20250513,A004,R028,L001,Día,854,863,6.53,5.58,0.95
PD000779,20250518,A001,R029,L004,Noche,846,872,10.0,7.61,2.4
PD000780,20250209,A004,R011,L006,Noche,567,428,7.29,5.2,2.09
PD000781,20250323,A003,R005,L004,Noche,233,256,6.22,4.39,1.83
PD000782,20250523,A006,R016,L004,Noche,494,448,8.1,5.83,2.27
PD000783,20250606,A001,R015,L001,Tarde,174,204,11.83,8.86,2.97
PD000784,20250615,A004,R028,L003,Día,113,117,10.41,8.75,1.65
PD000785,20250531,A002,R020,L005,Tarde,741,725,9.36,6.77,2.6
PD000786,20250504,A004,R014,L004,Noche,710,666,7.45,5.67,1.78
PD000787,20250530,A003,R027,L001,Tarde,745,701,10.97,8.86,2.11
PD000788,20250217,A002,R012,L007,Día,586,540,9.08,7.59,1.49
PD000789,20250507,A003,R007,L007,Día,201,145,10.39,8.46,1.93
PD000790,20250119,A006,R013,L001,Día,361,291,7.3,6.09,1.21
PD000791,20250619,A005,R004,L002,Tarde,546,592,10.31,7.65,2.65
PD000792,20250524,A006,R019,L005,Tarde,257,281,6.91,5.65,1.26
PD000793,20250527,A001,R013,L004,Día,141,130,11.52,7.84,3.69
PD000794,20250310,A005,R023,L004,Noche,843,812,6.14,5.6,0.53
PD000795,20250127,A004,R024,L007,Noche,491,467,11.59,9.44,2.15
PD000796,20250618,A003,R002,L001,Día,290,290,9.22,6.18,3.04
PD000797,20250605,A006,R004,L001,Noche,758,698,10.5,7.15,3.35
PD000798,20250508,A001,R025,L003,Tarde,184,113,11.42,8.18,3.24
PD000799,20250228,A002,R018,L005,Día,370,259,9.48,6.05,3.42
PD000800,20250226,A001,R029,L005,Tarde,788,768,7.45,6.55,0.9
PD000801,20250204,A003,R010,L001,Día,64,56,8.91,7.57,1.35
PD000802,20250611,A003,R030,L005,Día,365,250,11.41,9.18,2.24
PD000803,20250629,A005,R006,L004,Tarde,722,813,6.71,6.11,0.61
PD000804,20250321,A003,R027,L007,Noche,785,823,10.46,7.32,3.13
PD000805,20250524,A004,R006,L005,Tarde,708,675,6.35,4.71,1.64
PD000806,20250106,A001,R024,L003,Tarde,329,313,9.48,7.69,1.78
PD000807,20250322,A006,R027,L001,Día,521,474,7.79,6.53,1.26
PD000808,20250110,A005,R016,L003,Día,239,188,11.19,7.85,3.34
PD000809,20250414,A003,R013,L006,Día,108,100,6.17,4.48,1.69
PD000810,20250614,A006,R026,L002,Tarde,512,397,7.82,5.41,2.41
PD000811,20250328,A004,R027,L007,Noche,789,980,10.82,9.4,1.42
PD000812,20250227,A003,R019,L007,Noche,834,744,9.5,7.15,2.35
PD000813,20250621,A004,R015,L005,Día,185,170,7.64,5.34,2.3
PD000814,20250608,A002,R021,L006,Tarde,346,280,7.38,5.13,2.24
PD000815,20250625,A001,R015,L006,Noche,648,542,8.38,6.37,2.01
PD000816,20250413,A004,R022,L007,Día,486,487,7.63,5.53,2.1
PD000817,20250302,A001,R017,L004,Noche,114,107,11.93,8.88,3.04
PD000818,20250101,A002,R022,L004,Día,228,183,7.13,4.3,2.83
PD000819,20250319,A001,R003,L002,Día,670,514,10.28,6.96,3.32
PD000820,20250330,A005,R008,L003,Noche,521,520,9.63,7.87,1.76
PD000821,20250109,A003,R015,L006,Tarde,357,321,9.52,6.74,2.78
PD000822,20250205,A002,R010,L001,Día,117,103,10.97,9.14,1.83
PD000823,20250602,A004,R020,L002,Día,52,45,9.67,7.61,2.06
PD000824,20250213,A004,R012,L007,Noche,388,344,8.59,5.85,2.74
PD000825,20250123,A005,R028,L001,Día,656,493,9.05,6.44,2.61
PD000826,20250516,A006,R027,L002,Tarde,523,491,10.7,7.67,3.03
PD000827,20250618,A006,R009,L003,Día,363,340,7.81,5.51,2.3
PD000828,20250623,A001,R015,L001,Noche,591,480,11.49,10.06,1.43
PD000829,20250426,A001,R010,L007,Noche,888,935,8.08,5.57,2.5
PD000830,20250228,A005,R001,L007,Noche,451,461,8.84,7.54,1.29
PD000831,20250408,A005,R029,L002,Día,808,824,6.81,5.22,1.59
PD000832,20250216,A002,R022,L003,Tarde,812,722,10.36,6.44,3.91
PD000833,20250522,A003,R018,L004,Noche,207,177,9.41,8.24,1.16
PD000834,20250420,A002,R016,L005,Día,365,211,11.6,6.67,4.93
PD000835,20250526,A003,R004,L006,Noche,490,509,7.89,6.06,1.83
PD000836,20250405,A006,R009,L003,Noche,532,440,7.56,6.56,1.0
PD000837,20250413,A001,R028,L005,Noche,587,575,11.1,10.04,1.06
PD000838,20250617,A004,R012,L004,Noche,727,551,7.29,6.31,0.99
PD000839,20250109,A006,R024,L004,Tarde,813,870,6.38,4.67,1.71
PD000840,20250216,A002,R028,L007,Noche,766,468,9.18,5.92,3.27
PD000841,20250217,A002,R013,L007,Tarde,589,536,7.94,5.4,2.54
PD000842,20250601,A003,R019,L003,Día,116,93,9.32,7.63,1.69
PD000843,20250104,A001,R014,L003,Tarde,96,96,8.39,7.64,0.75
PD000844,20250514,A002,R013,L001,Tarde,697,463,11.37,6.35,5.02
PD000845,20250614,A004,R022,L006,Noche,288,209,6.96,4.6,2.36
PD000846,20250218,A006,R025,L006,Noche,343,302,8.0,5.92,2.08
PD000847,20250406,A006,R010,L002,Día,806,831,9.42,7.18,2.24
PD000848,20250211,A002,R007,L007,Noche,437,282,11.54,8.65,2.89
PD000849,20250414,A004,R026,L002,Día,102,95,7.44,6.15,1.29
PD000850,20250502,A003,R001,L005,Noche,720,622,10.34,7.49,2.85
PD000851,20250103,A004,R006,L004,Noche,159,167,8.91,7.23,1.68
PD000852,20250520,A005,R011,L003,Día,551,582,11.41,9.93,1.49
PD000853,20250119,A003,R023,L001,Tarde,492,511,10.92,8.46,2.46
PD000854,20250111,A002,R009,L002,Noche,330,202,8.47,7.4,1.07
PD000855,20250111,A002,R009,L005,Día,583,467,7.84,4.76,3.08
PD000856,20250211,A003,R024,L006,Noche,577,594,9.33,7.25,2.08
PD000857,20250525,A004,R026,L005,Noche,154,163,11.77,9.16,2.61
PD000858,20250319,A002,R015,L003,Tarde,80,70,6.42,5.7,0.73
PD000859,20250426,A003,R011,L003,Día,251,232,7.37,6.22,1.15
PD000860,20250315,A005,R006,L001,Noche,148,141,11.94,8.67,3.27
PD000861,20250623,A003,R024,L005,Día,259,230,11.97,9.83,2.14
PD000862,20250329,A004,R002,L005,Noche,668,632,7.67,6.82,0.84
PD000863,20250307,A006,R006,L002,Tarde,744,601,10.0,7.13,2.87
PD000864,20250519,A004,R019,L005,Tarde,342,305,11.19,9.78,1.41
PD000865,20250424,A003,R002,L001,Noche,75,70,6.19,5.16,1.03
PD000866,20250105,A001,R021,L004,Día,621,582,9.82,7.09,2.73
PD000867,20250408,A001,R004,L003,Día,458,432,11.7,9.89,1.8
PD000868,20250301,A001,R003,L007,Noche,350,309,10.57,6.99,3.58
PD000869,20250101,A002,R001,L004,Tarde,638,431,6.4,4.11,2.29
PD000870,20250215,A002,R004,L004,Tarde,703,495,8.79,5.22,3.57
PD000871,20250427,A006,R008,L003,Día,422,448,8.97,6.5,2.47
PD000872,20250408,A001,R029,L003,Tarde,306,257,6.04,4.77,1.28
PD000873,20250624,A006,R012,L006,Tarde,662,814,7.92,5.48,2.44
PD000874,20250422,A006,R004,L003,Día,226,256,7.82,5.66,2.16
PD000875,20250305,A001,R030,L005,Noche,322,324,7.56,5.04,2.51
PD000876,20250615,A002,R013,L002,Tarde,266,180,6.14,5.19,0.95
PD000877,20250120,A002,R014,L003,Noche,208,192,9.63,5.8,3.83
PD000878,20250301,A004,R019,L003,Tarde,103,105,10.31,7.83,2.48
PD000879,20250602,A002,R009,L007,Día,446,330,8.85,7.16,1.7
PD000880,20250208,A006,R012,L007,Día,295,343,7.03,5.17,1.86
PD000881,20250116,A004,R005,L004,Tarde,630,527,7.03,5.39,1.64
PD000882,20250102,A005,R009,L006,Noche,845,716,10.07,8.26,1.81
PD000883,20250210,A005,R024,L003,Tarde,238,244,10.32,8.21,2.1
PD000884,20250430,A001,R004,L003,Noche,212,219,6.55,4.44,2.11
PD000885,20250118,A005,R006,L004,Tarde,158,176,11.03,8.85,2.17
PD000886,20250517,A006,R018,L006,Día,872,665,7.53,5.75,1.78
PD000887,20250225,A005,R024,L003,Día,106,109,7.63,5.05,2.58
PD000888,20250506,A005,R012,L006,Tarde,781,704,9.57,8.71,0.86
PD000889,20250107,A002,R005,L007,Tarde,435,348,11.64,10.37,1.27
PD000890,20250310,A002,R002,L005,Noche,268,225,10.68,8.02,2.65
PD000891,20250427,A003,R010,L007,Tarde,609,413,11.41,8.96,2.45
PD000892,20250601,A006,R011,L007,Tarde,76,73,10.31,8.58,1.73
PD000893,20250417,A001,R030,L006,Día,709,774,9.2,7.88,1.32
PD000894,20250608,A001,R022,L005,Día,844,743,11.1,9.97,1.13
PD000895,20250307,A003,R005,L003,Tarde,241,212,6.78,4.48,2.3
PD000896,20250212,A003,R028,L006,Tarde,821,827,10.64,9.26,1.38
PD000897,20250408,A002,R026,L003,Tarde,464,352,8.65,6.02,2.63
PD000898,20250504,A005,R003,L002,Tarde,300,308,7.19,4.97,2.23
PD000899,20250102,A006,R022,L002,Tarde,877,770,6.07,4.06,2.01
PD000900,20250128,A002,R023,L007,Noche,71,47,7.58,4.74,2.84
PD000901,20250423,A003,R019,L001,Noche,447,495,8.67,7.05,1.62
PD000902,20250225,A004,R012,L006,Tarde,375,358,11.98,10.81,1.17
PD000903,20250121,A002,R011,L003,Noche,592,564,11.9,7.07,4.83
PD000904,20250312,A003,R028,L004,Noche,109,103,8.96,7.41,1.54
PD000905,20250305,A001,R007,L004,Tarde,723,591,10.93,8.63,2.31
PD000906,20250131,A005,R018,L005,Noche,198,211,7.22,5.7,1.52
PD000907,20250307,A006,R029,L001,Día,616,586,7.81,6.2,1.61
PD000908,20250312,A004,R026,L006,Noche,384,345,6.2,4.91,1.28
PD000909,20250422,A002,R024,L004,Tarde,489,327,11.56,7.96,3.6
PD000910,20250207,A004,R024,L006,Noche,393,348,7.73,6.97,0.76
PD000911,20250419,A003,R028,L004,Día,762,744,7.67,6.42,1.25
PD000912,20250215,A002,R030,L006,Tarde,572,356,8.56,5.19,3.37
PD000913,20250201,A003,R006,L004,Noche,68,68,8.48,6.71,1.77
PD000914,20250624,A001,R009,L004,Tarde,95,97,10.7,7.79,2.91
PD000915,20250529,A003,R011,L006,Tarde,583,497,7.42,5.07,2.35
PD000916,20250122,A003,R016,L004,Día,867,922,10.96,9.92,1.05
PD000917,20250525,A006,R009,L005,Día,289,249,9.34,8.1,1.24
PD000918,20250319,A002,R013,L006,Día,866,331,8.28,6.76,1.52
PD000919,20250327,A006,R030,L001,Noche,757,622,9.76,8.23,1.53
PD000920,20250102,A004,R006,L003,Tarde,177,132,7.22,6.25,0.97
PD000921,20250604,A004,R024,L003,Día,653,635,9.91,8.22,1.69
PD000922,20250221,A005,R030,L007,Tarde,729,776,8.46,7.11,1.34
PD000923,20250221,A004,R019,L002,Tarde,284,244,10.26,8.64,1.61
PD000924,20250215,A001,R010,L001,Tarde,197,175,8.38,7.37,1.0
PD000925,20250531,A005,R004,L003,Tarde,214,172,9.02,7.56,1.47
PD000926,20250525,A003,R002,L005,Tarde,150,127,6.07,5.42,0.65
PD000927,20250121,A003,R016,L001,Tarde,566,511,8.66,5.92,2.73
PD000928,20250222,A006,R012,L003,Tarde,590,572,9.66,8.17,1.49
PD000929,20250419,A005,R029,L002,Día,323,329,11.4,10.34,1.06
PD000930,20250324,A001,R008,L004,Tarde,537,544,6.03,5.17,0.86
PD000931,20250217,A006,R022,L005,Noche,142,112,11.56,8.65,2.9
PD000932,20250417,A005,R008,L004,Tarde,895,1145,11.71,7.98,3.73
PD000933,20250311,A003,R001,L002,Día,193,201,7.39,5.41,1.98
PD000934,20250611,A004,R030,L002,Tarde,728,680,11.76,8.24,3.52
PD000935,20250324,A003,R002,L003,Tarde,304,315,7.06,5.57,1.48
PD000936,20250529,A003,R003,L005,Noche,161,135,7.58,6.06,1.51
PD000937,20250517,A002,R019,L004,Día,722,619,8.81,6.47,2.34
PD000938,20250603,A001,R017,L001,Día,886,1011,9.4,7.47,1.93
PD000939,20250619,A003,R004,L003,Tarde,277,246,8.38,7.17,1.21
PD000940,20250310,A002,R006,L004,Día,122,89,8.35,7.36,1.0
PD000941,20250514,A006,R020,L007,Noche,219,191,10.34,7.44,2.89
PD000942,20250110,A002,R029,L003,Tarde,183,136,6.11,3.94,2.17
PD000943,20250213,A005,R006,L004,Tarde,75,75,11.86,8.33,3.53
PD000944,20250212,A004,R013,L006,Tarde,303,251,7.0,6.06,0.94
PD000945,20250310,A004,R001,L001,Día,137,118,11.96,10.66,1.31
PD000946,20250207,A003,R017,L002,Tarde,257,221,10.58,7.79,2.79
PD000947,20250303,A001,R009,L004,Tarde,406,461,7.71,6.01,1.7
PD000948,20250325,A005,R005,L004,Noche,229,250,9.93,7.48,2.45
PD000949,20250321,A001,R001,L002,Tarde,785,784,6.95,4.71,2.24
PD000950,20250526,A001,R017,L004,Día,88,71,9.81,6.55,3.26
PD000951,20250216,A002,R005,L004,Noche,531,396,10.59,6.79,3.8
PD000952,20250324,A003,R030,L006,Tarde,638,473,9.73,7.43,2.3
PD000953,20250405,A004,R025,L001,Noche,318,358,6.21,5.59,0.62
PD000954,20250428,A001,R020,L002,Noche,849,869,11.52,9.64,1.88
PD000955,20250624,A005,R014,L002,Tarde,380,413,7.86,6.25,1.6
PD000956,20250520,A004,R017,L003,Tarde,815,839,6.86,5.46,1.4
PD000957,20250222,A003,R026,L001,Tarde,808,796,8.84,6.88,1.97
PD000958,20250512,A005,R006,L002,Noche,787,599,7.77,6.59,1.18
PD000959,20250618,A002,R004,L002,Día,417,342,10.63,8.04,2.59
PD000960,20250508,A003,R026,L001,Día,855,770,11.31,10.05,1.25
PD000961,20250212,A006,R009,L002,Noche,568,562,6.74,4.74,2.0
PD000962,20250308,A002,R021,L001,Día,168,154,10.08,8.65,1.43
PD000963,20250323,A004,R019,L004,Día,74,76,11.88,9.17,2.71
PD000964,20250422,A004,R011,L001,Día,592,505,6.46,4.64,1.82
PD000965,20250625,A004,R028,L006,Día,460,446,11.51,7.77,3.74
PD000966,20250520,A001,R003,L006,Tarde,246,174,7.53,6.81,0.72
PD000967,20250429,A006,R026,L003,Noche,520,529,8.27,6.06,2.21
PD000968,20250622,A005,R026,L002,Tarde,318,327,8.88,6.46,2.42
PD000969,20250429,A002,R019,L001,Noche,645,418,6.92,4.45,2.48
PD000970,20250519,A006,R015,L005,Tarde,111,100,10.16,7.85,2.31
PD000971,20250219,A001,R013,L005,Noche,869,891,11.92,9.88,2.05
PD000972,20250310,A001,R005,L006,Día,711,694,9.39,8.56,0.83
PD000973,20250206,A004,R002,L003,Tarde,543,552,6.28,4.33,1.95
PD000974,20250216,A002,R011,L003,Día,501,346,7.83,4.74,3.08
PD000975,20250611,A005,R007,L005,Día,813,763,6.83,5.78,1.05
PD000976,20250629,A005,R021,L003,Día,163,152,11.13,9.64,1.49
PD000977,20250517,A006,R002,L003,Tarde,407,466,10.33,8.87,1.46
PD000978,20250329,A003,R021,L007,Tarde,65,64,8.53,7.24,1.29
PD000979,20250202,A003,R023,L002,Día,253,281,11.91,8.02,3.9
PD000980,20250616,A003,R022,L003,Noche,154,163,7.47,6.69,0.77
PD000981,20250115,A006,R018,L005,Tarde,762,647,10.26,9.43,0.83
PD000982,20250606,A003,R007,L002,Noche,555,539,9.49,8.34,1.16
PD000983,20250627,A003,R012,L007,Tarde,739,464,10.95,10.08,0.88
PD000984,20250626,A002,R020,L006,Noche,593,455,9.13,7.51,1.62
PD000985,20250405,A004,R027,L005,Tarde,546,510,8.59,5.76,2.83
PD000986,20250123,A005,R019,L004,Día,436,394,9.24,8.2,1.04
PD000987,20250527,A001,R024,L007,Tarde,216,199,10.79,9.0,1.78
PD000988,20250624,A005,R013,L002,Noche,338,369,7.12,5.03,2.09
PD000989,20250125,A004,R010,L002,Noche,310,288,8.96,7.44,1.52
PD000990,20250325,A005,R006,L005,Día,156,147,10.8,9.13,1.67
PD000991,20250129,A004,R026,L007,Tarde,204,166,9.67,6.82,2.85
PD000992,20250627,A001,R022,L006,Tarde,102,93,11.0,8.59,2.41
PD000993,20250407,A005,R005,L002,Día,664,510,6.4,5.1,1.3
PD000994,20250127,A006,R024,L007,Día,174,168,10.47,9.21,1.26
PD000995,20250128,A005,R016,L007,Tarde,431,440,6.46,5.35,1.11
PD000996,20250605,A005,R002,L004,Tarde,766,889,11.1,9.68,1.42
PD000997,20250626,A005,R015,L007,Noche,174,184,8.73,7.4,1.33
PD000998,20250306,A005,R001,L001,Tarde,168,156,7.39,6.72,0.68
PD000999,20250201,A005,R014,L006,Tarde,700,678,6.04,4.43,1.61
PD001000,20250403,A002,R013,L003,Tarde,273,209,8.9,5.69,3.2
PD001001,20250401,A003,R013,L001,Tarde,738,712,11.55,9.27,2.28
PD001002,20250208,A003,R023,L004,Noche,370,324,7.19,4.98,2.2
PD001003,20250601,A001,R022,L006,Noche,491,394,10.22,8.92,1.3
PD001004,20250407,A002,R010,L002,Tarde,688,603,10.51,6.82,3.7
PD001005,20250130,A002,R006,L004,Tarde,170,110,7.98,4.7,3.28
PD001006,20250130,A006,R009,L007,Noche,858,748,8.36,5.57,2.79
PD001007,20250320,A003,R021,L001,Tarde,143,115,10.97,8.51,2.46
PD001008,20250510,A002,R021,L007,Día,286,215,7.02,6.17,0.85
PD001009,20250403,A004,R028,L004,Día,686,566,9.25,8.48,0.77
PD001010,20250215,A006,R025,L005,Día,588,605,8.76,6.28,2.48
PD001011,20250114,A002,R016,L004,Día,270,283,10.02,7.3,2.73
PD001012,20250127,A004,R002,L002,Tarde,483,456,8.72,5.77,2.95
PD001013,20250121,A001,R005,L003,Día,70,61,9.47,7.95,1.52
PD001014,20250114,A002,R022,L003,Tarde,850,541,9.38,5.26,4.12
PD001015,20250605,A001,R027,L005,Tarde,159,143,11.22,9.22,1.99
PD001016,20250504,A003,R030,L002,Día,807,860,8.51,5.92,2.59
PD001017,20250509,A006,R027,L004,Día,462,454,7.27,5.88,1.39
PD001018,20250520,A005,R005,L003,Tarde,507,457,10.14,6.77,3.36
PD001019,20250411,A005,R022,L004,Noche,733,632,9.89,8.22,1.67
PD001020,20250201,A006,R024,L004,Día,476,455,8.8,6.07,2.73
PD001021,20250402,A005,R021,L003,Noche,774,835,9.84,8.81,1.03
PD001022,20250401,A005,R012,L007,Tarde,397,373,11.64,10.47,1.17
PD001023,20250301,A004,R021,L001,Noche,172,97,7.86,5.56,2.3
PD001024,20250418,A002,R003,L006,Día,308,232,7.97,6.04,1.93
PD001025,20250416,A002,R023,L001,Tarde,527,373,11.94,9.58,2.36
PD001026,20250126,A001,R006,L002,Día,194,186,10.42,7.75,2.67
PD001027,20250330,A002,R009,L003,Tarde,737,569,8.39,6.2,2.19
PD001028,20250218,A005,R020,L001,Noche,166,160,7.22,6.53,0.69
PD001029,20250213,A006,R021,L007,Día,435,465,10.92,8.43,2.49
PD001030,20250313,A001,R028,L001,Noche,253,194,10.91,8.98,1.93
PD001031,20250301,A002,R015,L004,Día,516,441,10.59,6.24,4.35
PD001032,20250605,A006,R018,L007,Día,367,376,11.64,9.99,1.66
PD001033,20250622,A002,R027,L001,Noche,478,419,8.55,5.08,3.47
PD001034,20250420,A004,R021,L007,Noche,230,158,6.09,5.41,0.68
PD001035,20250618,A005,R026,L004,Día,495,454,11.3,8.73,2.57
PD001036,20250326,A001,R007,L002,Noche,105,99,9.75,7.73,2.02
PD001037,20250119,A006,R001,L004,Tarde,420,464,6.54,4.57,1.97
PD001038,20250519,A006,R020,L005,Tarde,243,209,6.98,6.14,0.84
PD001039,20250301,A005,R026,L006,Noche,240,189,7.06,5.61,1.45
PD001040,20250226,A005,R026,L005,Tarde,374,273,10.34,7.01,3.33
PD001041,20250602,A005,R012,L006,Tarde,186,143,8.74,6.81,1.93
PD001042,20250613,A001,R016,L005,Día,177,154,10.92,7.59,3.34
PD001043,20250311,A006,R025,L006,Día,862,908,9.21,6.09,3.12
PD001044,20250406,A003,R019,L003,Tarde,127,107,9.5,6.64,2.85
PD001045,20250601,A006,R030,L003,Tarde,876,748,6.46,4.85,1.61
PD001046,20250220,A003,R024,L004,Día,855,906,8.81,7.71,1.1
PD001047,20250425,A001,R015,L001,Tarde,792,664,6.42,4.47,1.96
PD001048,20250322,A004,R022,L001,Noche,502,549,9.96,7.09,2.87
PD001049,20250513,A005,R008,L004,Noche,323,213,10.2,7.8,2.4
PD001050,20250514,A003,R021,L001,Tarde,259,227,8.29,6.38,1.92
PD001051,20250312,A005,R023,L004,Noche,841,869,6.09,5.4,0.69
PD001052,20250531,A002,R017,L007,Día,824,699,7.09,6.02,1.06
PD001053,20250402,A002,R006,L005,Tarde,452,390,9.31,7.87,1.44
PD001054,20250226,A006,R030,L007,Tarde,678,712,11.3,10.13,1.17
PD001055,20250329,A005,R005,L003,Noche,128,92,10.3,6.81,3.49
PD001056,20250129,A006,R017,L002,Tarde,618,595,11.97,9.15,2.83
PD001057,20250531,A003,R029,L002,Tarde,344,335,8.16,6.96,1.2
PD001058,20250605,A004,R029,L006,Día,393,326,10.27,6.82,3.46
PD001059,20250328,A003,R018,L004,Noche,635,609,11.06,8.26,2.8
PD001060,20250425,A005,R004,L002,Tarde,575,583,9.08,7.7,1.38
PD001061,20250425,A003,R009,L004,Tarde,772,675,6.68,5.19,1.49
PD001062,20250215,A005,R023,L004,Noche,413,451,6.49,4.53,1.96
PD001063,20250330,A002,R029,L001,Noche,425,371,6.28,4.0,2.28
PD001064,20250401,A006,R005,L001,Noche,574,626,8.06,6.62,1.44
PD001065,20250226,A003,R023,L002,Día,515,583,7.53,5.74,1.79
PD001066,20250106,A002,R002,L003,Día,882,521,10.01,7.4,2.61
PD001067,20250106,A006,R003,L007,Día,719,584,10.57,8.04,2.53
PD001068,20250315,A001,R007,L002,Noche,71,68,9.63,8.69,0.95
PD001069,20250616,A004,R021,L004,Noche,650,699,8.03,5.99,2.04
PD001070,20250404,A003,R027,L001,Tarde,349,416,7.19,5.44,1.75
PD001071,20250426,A006,R011,L006,Noche,666,542,10.33,7.76,2.57
PD001072,20250615,A005,R018,L007,Noche,362,380,9.69,7.47,2.22
PD001073,20250505,A001,R029,L004,Día,319,280,6.84,4.52,2.32
PD001074,20250317,A003,R006,L004,Noche,501,510,6.64,4.95,1.7
PD001075,20250624,A003,R013,L001,Noche,141,119,8.75,5.94,2.82
PD001076,20250619,A006,R025,L004,Día,378,354,7.36,6.67,0.69
PD001077,20250517,A003,R024,L007,Tarde,445,523,11.55,8.42,3.14
PD001078,20250519,A006,R001,L001,Tarde,688,736,9.18,6.67,2.51
PD001079,20250512,A001,R008,L003,Noche,483,484,8.31,6.57,1.74
PD001080,20250325,A006,R007,L003,Noche,557,492,8.92,7.7,1.22
PD001081,20250522,A003,R030,L001,Tarde,660,572,9.93,7.14,2.79
PD001082,20250110,A001,R017,L004,Tarde,283,264,8.38,5.87,2.51
PD001083,20250308,A006,R003,L004,Día,196,175,10.15,7.84,2.31
PD001084,20250330,A003,R013,L004,Noche,635,678,11.1,8.03,3.08
PD001085,20250606,A004,R024,L001,Noche,345,333,7.01,5.67,1.34
PD001086,20250224,A003,R017,L003,Noche,765,945,7.62,5.84,1.78
PD001087,20250206,A002,R009,L005,Tarde,607,457,8.21,4.66,3.55
PD001088,20250307,A005,R010,L004,Día,745,734,6.39,5.13,1.25
PD001089,20250105,A004,R017,L007,Noche,886,727,9.17,7.55,1.62
PD001090,20250413,A001,R006,L002,Noche,263,176,8.01,6.28,1.73
PD001091,20250222,A001,R025,L004,Día,492,561,6.85,6.02,0.83
PD001092,20250205,A001,R017,L002,Día,710,567,7.65,5.91,1.75
PD001093,20250419,A005,R016,L006,Día,727,865,10.91,8.08,2.83
PD001094,20250111,A004,R014,L006,Día,73,65,8.0,6.21,1.79
PD001095,20250209,A002,R004,L007,Día,735,502,11.18,7.41,3.76
PD001096,20250302,A004,R021,L004,Tarde,602,692,11.23,8.49,2.74
PD001097,20250125,A002,R022,L007,Día,750,519,10.64,7.64,3.0
PD001098,20250217,A005,R028,L004,Noche,458,414,11.49,9.52,1.97
PD001099,20250319,A003,R017,L002,Tarde,214,225,8.97,6.8,2.17
PD001100,20250521,A002,R015,L006,Noche,143,119,11.82,9.96,1.86
PD001101,20250301,A005,R026,L006,Día,461,458,7.87,5.29,2.58
PD001102,20250416,A006,R025,L002,Noche,666,680,10.61,8.94,1.67
PD001103,20250531,A006,R003,L006,Día,107,91,11.3,8.2,3.1
PD001104,20250312,A001,R001,L006,Noche,290,299,9.88,8.8,1.08
PD001105,20250118,A002,R008,L006,Tarde,548,407,7.07,3.87,3.2
PD001106,20250101,A004,R029,L003,Tarde,797,758,8.77,7.71,1.07
PD001107,20250508,A004,R020,L006,Día,105,97,6.83,4.51,2.32
PD001108,20250316,A002,R001,L003,Tarde,119,98,11.96,7.76,4.21
PD001109,20250310,A004,R019,L004,Día,691,733,10.95,8.15,2.8
PD001110,20250126,A002,R011,L005,Tarde,675,574,8.08,4.55,3.53
PD001111,20250609,A002,R024,L003,Noche,344,318,10.87,6.91,3.97
PD001112,20250413,A003,R003,L005,Tarde,494,498,7.83,5.4,2.44
PD001113,20250519,A004,R009,L003,Tarde,681,720,9.48,7.05,2.43
PD001114,20250218,A003,R013,L006,Tarde,323,308,10.78,9.85,0.93
PD001115,20250422,A006,R020,L003,Noche,861,798,11.4,7.69,3.71
PD001116,20250226,A002,R018,L001,Día,700,655,10.99,7.63,3.36
PD001117,20250403,A003,R027,L003,Tarde,880,707,9.41,8.09,1.32
PD001118,20250205,A002,R015,L001,Día,511,339,11.95,8.32,3.64
PD001119,20250406,A006,R021,L007,Tarde,779,786,8.53,7.12,1.41
PD001120,20250124,A003,R004,L006,Tarde,446,429,10.8,8.55,2.26
PD001121,20250629,A006,R015,L004,Noche,852,803,11.87,8.87,3.01
PD001122,20250421,A006,R026,L001,Noche,320,273,10.91,8.21,2.69
PD001123,20250406,A001,R022,L007,Noche,262,189,11.77,8.61,3.16
PD001124,20250625,A004,R010,L001,Noche,359,373,6.62,4.52,2.09
PD001125,20250113,A006,R020,L007,Noche,621,712,11.27,10.12,1.15
PD001126,20250116,A001,R023,L003,Noche,190,157,8.74,7.05,1.69
PD001127,20250323,A004,R015,L003,Tarde,677,600,6.06,5.1,0.96
PD001128,20250506,A004,R005,L004,Noche,149,163,6.85,5.83,1.01
PD001129,20250616,A006,R016,L005,Día,113,94,10.74,8.07,2.67
PD001130,20250421,A003,R018,L007,Día,157,150,9.12,7.12,2.0
PD001131,20250327,A006,R028,L007,Tarde,866,810,6.81,6.12,0.69
PD001132,20250203,A001,R014,L004,Día,473,376,8.81,6.28,2.54
PD001133,20250115,A003,R001,L002,Tarde,505,467,6.94,5.82,1.12
PD001134,20250221,A003,R020,L003,Noche,164,143,10.53,8.15,2.38
PD001135,20250422,A006,R006,L001,Noche,130,112,7.33,5.2,2.13
PD001136,20250424,A002,R017,L002,Día,520,345,6.72,5.09,1.63
PD001137,20250314,A005,R004,L005,Noche,460,408,6.99,5.29,1.7
PD001138,20250204,A001,R018,L005,Día,816,682,8.24,6.95,1.29
PD001139,20250318,A003,R015,L006,Tarde,500,497,7.61,5.5,2.12
PD001140,20250211,A003,R026,L005,Día,778,809,10.69,7.37,3.32
PD001141,20250422,A006,R026,L006,Noche,672,675,6.59,5.7,0.89
PD001142,20250204,A004,R016,L004,Noche,661,624,11.91,10.14,1.77
PD001143,20250312,A003,R025,L004,Día,546,497,11.09,7.59,3.5
PD001144,20250203,A006,R020,L006,Tarde,865,975,10.44,7.16,3.27
PD001145,20250119,A002,R011,L005,Día,554,355,7.7,5.74,1.96
PD001146,20250306,A003,R006,L005,Día,680,684,10.39,8.35,2.04
PD001147,20250308,A006,R001,L003,Noche,499,420,6.3,4.71,1.59
PD001148,20250527,A002,R018,L007,Noche,147,132,11.78,10.3,1.48
PD001149,20250622,A006,R030,L002,Tarde,266,333,10.16,6.78,3.38
PD001150,20250623,A005,R020,L005,Día,739,786,6.49,5.1,1.39
PD001151,20250308,A001,R004,L004,Tarde,894,1099,11.9,9.79,2.11
PD001152,20250104,A003,R011,L006,Noche,739,683,10.59,7.17,3.41
PD001153,20250329,A002,R010,L004,Tarde,585,356,11.89,8.93,2.96
PD001154,20250131,A004,R017,L005,Noche,278,255,9.24,6.47,2.78
PD001155,20250105,A004,R026,L004,Tarde,337,317,8.88,7.31,1.57
PD001156,20250111,A004,R012,L003,Día,282,238,6.82,5.59,1.23
PD001157,20250308,A004,R009,L007,Tarde,397,418,7.95,6.44,1.51
PD001158,20250525,A005,R002,L001,Tarde,204,179,10.24,9.1,1.13
PD001159,20250104,A002,R015,L004,Noche,258,166,9.22,8.18,1.04
PD001160,20250327,A006,R001,L003,Noche,879,839,9.89,7.11,2.78
PD001161,20250601,A001,R002,L003,Día,219,178,11.37,8.19,3.18
PD001162,20250310,A001,R016,L007,Tarde,776,626,11.85,10.68,1.17
PD001163,20250531,A004,R020,L005,Día,225,201,7.2,5.85,1.34
PD001164,20250201,A006,R025,L001,Noche,242,217,7.2,5.61,1.6
PD001165,20250617,A006,R017,L004,Día,498,572,7.66,5.34,2.32
PD001166,20250112,A006,R003,L007,Día,678,781,9.95,6.92,3.03
PD001167,20250630,A003,R011,L006,Noche,454,563,11.78,8.39,3.39
PD001168,20250519,A006,R024,L007,Día,238,238,7.51,6.16,1.35
PD001169,20250529,A003,R030,L001,Día,196,180,8.22,5.91,2.31
PD001170,20250210,A002,R006,L003,Día,753,578,10.31,8.52,1.79
PD001171,20250628,A005,R018,L007,Noche,181,142,10.35,7.51,2.84
PD001172,20250526,A006,R025,L007,Noche,407,434,10.8,8.77,2.03
PD001173,20250111,A001,R004,L001,Noche,721,715,6.5,5.07,1.43
PD001174,20250403,A003,R013,L007,Día,609,527,9.96,8.74,1.22
PD001175,20250519,A001,R009,L006,Noche,532,492,8.31,7.4,0.91
PD001176,20250413,A005,R021,L001,Noche,883,803,6.66,5.18,1.48
PD001177,20250222,A002,R017,L002,Noche,752,542,11.67,7.66,4.01
PD001178,20250103,A002,R019,L005,Día,878,582,7.74,5.33,2.41
PD001179,20250613,A001,R012,L001,Noche,789,814,7.5,5.77,1.73
PD001180,20250413,A004,R012,L005,Día,56,45,12.0,8.35,3.65
PD001181,20250123,A003,R020,L004,Tarde,67,63,6.03,4.21,1.81
PD001182,20250630,A006,R029,L001,Día,283,264,7.3,6.56,0.73
PD001183,20250517,A006,R015,L006,Tarde,575,465,11.82,10.7,1.11
PD001184,20250514,A006,R006,L005,Tarde,521,422,11.09,7.54,3.55
PD001185,20250426,A006,R001,L005,Noche,230,158,8.42,6.27,2.15
PD001186,20250201,A003,R022,L001,Día,842,734,11.37,9.42,1.96
PD001187,20250207,A004,R023,L004,Tarde,287,323,6.25,5.65,0.6
PD001188,20250108,A004,R009,L003,Tarde,746,523,7.96,5.95,2.01
PD001189,20250213,A002,R019,L001,Noche,702,566,11.14,8.07,3.07
PD001190,20250406,A004,R003,L004,Tarde,148,141,10.43,6.92,3.51
PD001191,20250529,A005,R012,L006,Día,481,418,9.86,7.02,2.84
PD001192,20250327,A001,R005,L003,Día,777,743,7.26,5.93,1.34
PD001193,20250216,A003,R012,L006,Día,494,480,8.37,7.48,0.9
PD001194,20250324,A004,R025,L007,Día,201,155,9.33,6.73,2.6
PD001195,20250617,A003,R013,L005,Día,331,328,10.35,8.38,1.97
PD001196,20250514,A001,R010,L004,Tarde,858,814,12.0,11.01,0.99
PD001197,20250315,A003,R011,L004,Tarde,104,77,9.51,7.3,2.21
PD001198,20250412,A001,R019,L006,Tarde,159,148,7.31,6.02,1.29
PD001199,20250307,A005,R027,L001,Noche,354,268,10.26,8.13,2.14
PD001200,20250501,A005,R007,L002,Día,287,286,10.48,7.72,2.76
PD001201,20250304,A002,R007,L005,Tarde,524,379,7.97,5.78,2.19
PD001202,20250228,A002,R024,L007,Día,884,583,7.24,5.01,2.23
PD001203,20250113,A002,R025,L006,Tarde,684,540,9.5,8.23,1.27
PD001204,20250607,A002,R029,L004,Noche,120,121,6.95,5.9,1.06
PD001205,20250207,A001,R017,L007,Noche,738,766,11.83,9.12,2.71
PD001206,20250110,A006,R014,L006,Tarde,288,253,6.98,6.4,0.59
PD001207,20250203,A004,R016,L003,Tarde,641,503,10.4,9.12,1.28
PD001208,20250518,A001,R029,L002,Día,653,590,6.62,5.88,0.74
PD001209,20250210,A005,R007,L003,Día,887,742,9.11,6.65,2.46
PD001210,20250623,A001,R005,L006,Día,442,450,6.28,4.6,1.68
PD001211,20250605,A006,R015,L003,Tarde,282,253,10.78,8.13,2.65
PD001212,20250107,A004,R017,L003,Día,370,343,10.01,6.67,3.34
PD001213,20250418,A005,R014,L006,Día,294,233,7.81,6.42,1.39
PD001214,20250424,A001,R030,L005,Noche,422,430,9.12,6.45,2.66
PD001215,20250208,A004,R018,L002,Noche,536,495,6.98,4.81,2.17
PD001216,20250227,A001,R016,L003,Noche,508,491,7.12,6.13,0.99
PD001217,20250507,A003,R007,L006,Día,433,317,9.34,6.33,3.01
PD001218,20250316,A003,R018,L004,Tarde,258,315,9.72,7.34,2.37
PD001219,20250627,A005,R028,L002,Noche,789,804,7.9,5.3,2.6
PD001220,20250516,A002,R012,L003,Día,731,596,11.46,9.04,2.41
PD001221,20250420,A004,R021,L001,Tarde,130,142,7.42,5.03,2.39
PD001222,20250519,A006,R029,L002,Tarde,257,186,9.14,6.63,2.5
PD001223,20250207,A004,R016,L006,Tarde,372,366,7.16,5.44,1.71
PD001224,20250307,A002,R002,L005,Noche,242,161,10.73,5.89,4.84
PD001225,20250219,A002,R009,L004,Tarde,57,37,6.18,3.9,2.29
PD001226,20250408,A006,R021,L005,Noche,895,833,7.78,5.92,1.86
PD001227,20250223,A002,R029,L004,Tarde,865,676,6.62,5.18,1.44
PD001228,20250330,A001,R004,L007,Noche,96,79,6.24,5.25,0.98
PD001229,20250516,A001,R005,L001,Noche,577,597,10.88,7.34,3.54
PD001230,20250329,A004,R010,L003,Día,860,757,10.18,7.68,2.5
PD001231,20250227,A004,R011,L003,Día,571,497,11.5,10.39,1.11
PD001232,20250311,A003,R011,L003,Tarde,813,708,8.93,6.59,2.34
PD001233,20250208,A004,R005,L007,Tarde,267,233,8.1,5.94,2.16
PD001234,20250318,A003,R013,L006,Tarde,582,643,9.32,7.46,1.86
PD001235,20250531,A006,R009,L006,Día,409,351,7.64,5.9,1.74
PD001236,20250123,A006,R006,L002,Tarde,85,82,9.12,6.27,2.85
PD001237,20250316,A003,R011,L006,Tarde,502,459,8.25,6.36,1.89
PD001238,20250508,A004,R025,L007,Noche,543,578,11.73,8.63,3.1
PD001239,20250313,A005,R012,L001,Tarde,183,197,7.04,4.86,2.18
PD001240,20250325,A003,R022,L004,Día,557,566,8.83,5.97,2.86
PD001241,20250421,A002,R024,L001,Día,335,289,6.97,5.13,1.85
PD001242,20250117,A003,R006,L002,Noche,363,321,7.33,6.27,1.06
PD001243,20250410,A004,R005,L004,Día,369,290,9.81,8.4,1.41
PD001244,20250321,A003,R014,L007,Noche,347,361,9.53,7.4,2.12
PD001245,20250202,A006,R026,L005,Noche,745,631,9.66,8.36,1.31
PD001246,20250220,A001,R019,L007,Noche,103,109,9.24,6.25,2.98
PD001247,20250308,A006,R004,L003,Día,459,435,9.58,6.44,3.15
PD001248,20250608,A006,R011,L002,Día,338,316,9.68,8.46,1.22
PD001249,20250511,A005,R030,L007,Día,140,131,11.22,9.01,2.21
PD001250,20250413,A005,R024,L001,Día,556,614,7.85,7.12,0.74
PD001251,20250320,A005,R013,L002,Noche,646,647,6.18,5.05,1.13
PD001252,20250419,A005,R020,L005,Tarde,161,145,11.16,10.21,0.95
PD001253,20250327,A005,R010,L007,Tarde,346,362,11.82,8.05,3.77
PD001254,20250223,A006,R002,L001,Día,642,630,11.71,10.62,1.1
PD001255,20250424,A001,R019,L007,Noche,220,240,10.97,8.01,2.96
PD001256,20250303,A005,R027,L002,Noche,432,414,6.57,5.11,1.46
PD001257,20250613,A004,R021,L005,Día,327,369,9.42,8.54,0.89
PD001258,20250615,A004,R020,L005,Tarde,423,353,8.92,8.07,0.85
PD001259,20250613,A003,R012,L004,Día,271,265,10.08,7.48,2.59
PD001260,20250428,A002,R025,L005,Día,529,459,6.38,5.13,1.26
PD001261,20250502,A005,R005,L005,Día,412,359,8.12,5.41,2.71
PD001262,20250103,A004,R012,L006,Día,612,498,9.37,6.46,2.91
PD001263,20250430,A003,R003,L007,Noche,260,264,6.48,5.03,1.45
PD001264,20250531,A006,R020,L007,Día,824,847,9.38,7.67,1.71
PD001265,20250413,A004,R004,L007,Tarde,54,59,7.41,5.81,1.6
PD001266,20250303,A002,R009,L005,Noche,187,160,7.72,6.2,1.52
PD001267,20250107,A005,R026,L005,Tarde,666,627,6.71,5.1,1.6
PD001268,20250424,A006,R012,L004,Día,710,638,11.41,9.49,1.91
PD001269,20250525,A004,R014,L007,Tarde,237,209,10.67,8.1,2.57
PD001270,20250602,A002,R030,L002,Noche,141,105,6.11,4.69,1.42
PD001271,20250209,A006,R008,L006,Noche,241,237,11.46,10.17,1.3
PD001272,20250202,A001,R030,L002,Tarde,244,231,11.01,8.84,2.17
PD001273,20250204,A002,R005,L004,Noche,755,490,9.98,7.46,2.52
PD001274,20250519,A004,R007,L005,Tarde,710,655,9.13,6.59,2.54
PD001275,20250105,A003,R022,L007,Noche,725,504,6.64,5.53,1.12
PD001276,20250414,A001,R012,L007,Noche,874,633,10.04,8.42,1.61
PD001277,20250511,A003,R007,L002,Día,476,470,7.08,5.78,1.3
PD001278,20250303,A003,R020,L003,Tarde,590,645,6.18,4.21,1.97
PD001279,20250115,A003,R015,L001,Tarde,778,868,9.54,7.85,1.69
PD001280,20250224,A005,R026,L007,Día,275,233,9.26,6.22,3.03
PD001281,20250424,A005,R006,L004,Noche,426,402,9.94,8.41,1.52
PD001282,20250419,A006,R008,L007,Día,344,297,10.48,7.4,3.09
PD001283,20250519,A004,R015,L006,Día,709,634,8.63,6.76,1.88
PD001284,20250313,A002,R027,L005,Día,792,493,11.01,9.38,1.63
PD001285,20250623,A006,R027,L005,Tarde,638,619,11.8,10.05,1.75
PD001286,20250102,A002,R016,L003,Tarde,186,171,8.64,6.86,1.77
PD001287,20250108,A004,R016,L005,Día,369,284,10.44,8.45,1.99
PD001288,20250529,A002,R021,L006,Tarde,94,64,10.7,6.25,4.45
PD001289,20250605,A006,R005,L007,Día,449,473,8.74,5.85,2.89
PD001290,20250202,A006,R002,L004,Día,529,418,9.83,7.22,2.61
PD001291,20250606,A004,R029,L006,Día,122,105,6.15,4.83,1.31
PD001292,20250207,A003,R025,L002,Día,252,251,10.18,8.06,2.12
PD001293,20250419,A004,R009,L001,Tarde,363,343,8.74,7.93,0.81
PD001294,20250130,A004,R025,L001,Noche,417,452,8.41,6.32,2.09
PD001295,20250625,A001,R026,L003,Noche,852,818,11.72,8.69,3.04
PD001296,20250130,A006,R011,L004,Día,192,180,8.0,5.72,2.27
PD001297,20250109,A003,R018,L002,Noche,290,176,8.8,7.43,1.38
PD001298,20250428,A003,R011,L007,Día,215,176,7.18,5.45,1.73
PD001299,20250315,A006,R018,L005,Día,216,202,9.16,8.22,0.94
PD001300,20250326,A002,R024,L005,Tarde,631,609,10.19,5.77,4.42
PD001301,20250127,A005,R026,L007,Noche,783,866,7.26,5.0,2.25
PD001302,20250213,A001,R011,L005,Noche,819,847,8.1,6.68,1.41
PD001303,20250206,A006,R017,L006,Día,531,490,8.81,6.54,2.27
PD001304,20250109,A002,R008,L002,Tarde,811,542,10.57,8.13,2.44
PD001305,20250413,A003,R019,L006,Día,216,231,9.0,7.68,1.32
PD001306,20250608,A002,R020,L007,Tarde,265,165,8.04,4.95,3.09
PD001307,20250128,A004,R007,L007,Día,356,356,11.88,7.96,3.92
PD001308,20250514,A002,R005,L004,Noche,165,120,9.07,5.9,3.17
PD001309,20250212,A002,R003,L003,Tarde,786,629,6.03,3.48,2.55
PD001310,20250622,A001,R028,L003,Día,733,579,10.92,9.42,1.5
PD001311,20250603,A003,R022,L002,Día,246,221,10.6,8.91,1.7
PD001312,20250630,A003,R020,L005,Día,829,556,6.17,5.49,0.67
PD001313,20250525,A001,R010,L004,Tarde,804,854,6.45,4.81,1.64
PD001314,20250207,A002,R026,L005,Tarde,678,531,11.29,9.57,1.72
PD001315,20250126,A003,R016,L004,Día,144,116,11.05,9.02,2.03
PD001316,20250317,A002,R004,L007,Noche,138,97,11.22,7.03,4.19
PD001317,20250225,A004,R007,L002,Tarde,173,161,10.38,7.67,2.7
PD001318,20250131,A002,R018,L002,Día,382,310,7.46,4.99,2.47
PD001319,20250415,A001,R023,L005,Noche,709,683,8.9,6.67,2.22
PD001320,20250619,A005,R014,L002,Día,883,760,7.59,6.64,0.95
PD001321,20250624,A001,R009,L003,Tarde,601,594,11.62,9.35,2.27
PD001322,20250108,A003,R026,L006,Noche,776,806,9.38,6.2,3.18
PD001323,20250514,A005,R021,L006,Noche,586,566,9.11,7.24,1.87
PD001324,20250531,A006,R021,L002,Noche,322,311,9.05,6.78,2.28
PD001325,20250404,A001,R008,L002,Tarde,216,172,7.75,5.83,1.92
PD001326,20250608,A001,R006,L006,Noche,202,189,8.61,6.23,2.38
PD001327,20250508,A005,R012,L001,Día,524,447,7.24,5.82,1.42
PD001328,20250407,A003,R006,L006,Tarde,92,89,7.38,6.02,1.35
PD001329,20250426,A003,R027,L007,Noche,84,97,10.36,7.3,3.06
PD001330,20250628,A002,R026,L002,Noche,118,78,11.58,8.22,3.35
PD001331,20250120,A001,R010,L005,Tarde,644,535,9.98,7.96,2.03
PD001332,20250522,A003,R017,L005,Tarde,57,52,6.11,5.38,0.73
PD001333,20250619,A006,R013,L002,Día,665,785,11.05,9.38,1.67
PD001334,20250328,A001,R012,L001,Tarde,676,656,7.74,5.63,2.11
PD001335,20250127,A004,R014,L005,Tarde,273,359,6.37,5.77,0.59
PD001336,20250515,A001,R011,L001,Tarde,167,177,8.0,6.23,1.76
PD001337,20250518,A005,R030,L003,Día,147,153,9.76,7.93,1.83
PD001338,20250617,A004,R012,L004,Noche,429,358,11.65,8.87,2.78
PD001339,20250525,A002,R025,L004,Día,369,346,11.04,9.05,1.98
PD001340,20250422,A004,R011,L007,Tarde,652,509,7.27,6.6,0.68
PD001341,20250411,A003,R018,L001,Noche,664,564,11.67,7.71,3.96
PD001342,20250124,A006,R013,L005,Noche,666,601,6.04,4.17,1.87
PD001343,20250502,A005,R017,L006,Día,568,406,7.65,6.39,1.26
PD001344,20250604,A004,R011,L004,Tarde,228,197,9.07,7.95,1.12
PD001345,20250223,A005,R016,L004,Día,50,44,8.34,7.19,1.15
PD001346,20250222,A003,R006,L002,Tarde,607,572,8.44,7.36,1.08
PD001347,20250315,A004,R018,L003,Día,458,410,11.54,10.12,1.41
PD001348,20250210,A001,R010,L002,Noche,682,743,10.02,7.21,2.81
PD001349,20250208,A004,R018,L006,Día,740,699,11.12,9.38,1.74
PD001350,20250505,A001,R006,L001,Noche,746,692,11.89,10.44,1.45
PD001351,20250523,A004,R020,L004,Día,275,285,10.93,8.24,2.69
PD001352,20250120,A002,R026,L005,Día,352,256,6.32,4.34,1.98
PD001353,20250611,A004,R002,L003,Día,800,828,11.86,9.92,1.94
PD001354,20250327,A003,R016,L002,Noche,597,664,11.52,7.86,3.66
PD001355,20250530,A003,R028,L006,Tarde,231,285,9.76,8.23,1.52
PD001356,20250218,A003,R002,L004,Día,424,420,10.29,7.24,3.05
PD001357,20250618,A004,R002,L005,Tarde,86,77,9.05,8.3,0.75
PD001358,20250102,A001,R001,L004,Tarde,712,675,9.18,6.61,2.57
PD001359,20250429,A002,R025,L004,Día,633,568,10.79,9.58,1.21
PD001360,20250410,A005,R006,L004,Noche,632,468,10.15,8.72,1.43
PD001361,20250406,A006,R016,L001,Tarde,542,617,6.43,5.85,0.57
PD001362,20250418,A003,R003,L006,Noche,270,193,7.8,6.14,1.67
PD001363,20250611,A003,R022,L007,Día,420,478,6.46,4.42,2.04
PD001364,20250317,A006,R003,L001,Tarde,824,746,7.68,5.46,2.22
PD001365,20250531,A005,R024,L006,Día,568,554,9.36,8.02,1.34
PD001366,20250129,A005,R012,L005,Noche,863,830,6.77,6.18,0.59
PD001367,20250109,A005,R019,L005,Día,721,550,7.62,6.02,1.6
PD001368,20250126,A002,R020,L006,Tarde,362,264,7.94,6.23,1.71
PD001369,20250125,A004,R012,L002,Día,59,58,7.36,6.21,1.15
PD001370,20250301,A005,R005,L002,Noche,813,600,9.99,8.09,1.9
PD001371,20250302,A001,R006,L003,Día,542,515,11.62,10.3,1.32
PD001372,20250312,A005,R006,L003,Tarde,348,223,10.39,7.23,3.16
PD001373,20250220,A005,R004,L006,Día,657,735,8.28,7.48,0.8
PD001374,20250105,A006,R006,L004,Tarde,172,143,11.92,8.77,3.15
PD001375,20250206,A006,R011,L001,Noche,179,204,6.74,5.21,1.53
PD001376,20250119,A006,R007,L005,Tarde,247,215,10.19,7.48,2.71
PD001377,20250315,A004,R010,L003,Noche,67,75,6.26,5.61,0.65
PD001378,20250206,A004,R005,L001,Tarde,440,397,6.68,5.76,0.92
PD001379,20250206,A005,R016,L004,Noche,887,746,9.29,8.38,0.91
PD001380,20250630,A004,R030,L001,Tarde,177,154,10.78,7.59,3.19
PD001381,20250608,A001,R013,L005,Tarde,389,367,8.48,5.61,2.87
PD001382,20250225,A006,R021,L001,Tarde,520,528,9.98,6.92,3.07
PD001383,20250530,A002,R030,L007,Tarde,712,498,11.39,8.98,2.41
PD001384,20250418,A003,R024,L003,Tarde,832,955,7.5,5.54,1.96
PD001385,20250411,A006,R017,L001,Noche,533,517,9.82,8.6,1.22
PD001386,20250210,A005,R008,L001,Noche,560,560,11.36,8.6,2.77
PD001387,20250114,A006,R010,L001,Tarde,573,583,11.21,10.2,1.01
PD001388,20250614,A006,R030,L004,Día,573,500,8.72,6.49,2.23
PD001389,20250516,A005,R011,L001,Día,419,405,11.48,8.05,3.43
PD001390,20250417,A004,R005,L003,Noche,432,335,7.48,5.8,1.69
PD001391,20250125,A004,R017,L005,Tarde,701,687,7.41,6.08,1.33
PD001392,20250619,A006,R020,L005,Día,522,489,8.34,6.95,1.39
PD001393,20250109,A005,R004,L003,Noche,423,417,9.58,7.93,1.65
PD001394,20250121,A004,R027,L006,Tarde,856,777,8.0,6.39,1.61
PD001395,20250630,A006,R014,L001,Día,318,334,10.86,7.52,3.34
PD001396,20250520,A006,R020,L004,Día,70,64,10.42,8.92,1.5
PD001397,20250107,A002,R014,L001,Noche,485,329,11.1,8.3,2.8
PD001398,20250315,A003,R010,L003,Tarde,782,708,10.63,9.09,1.54
PD001399,20250330,A004,R013,L005,Noche,118,117,9.86,7.94,1.92
PD001400,20250129,A001,R008,L002,Noche,54,53,7.0,6.31,0.69
PD001401,20250215,A004,R029,L007,Tarde,283,208,8.58,5.9,2.68
PD001402,20250511,A002,R002,L002,Tarde,577,528,9.37,5.84,3.53
PD001403,20250227,A002,R014,L006,Noche,293,207,7.26,5.27,1.99
PD001404,20250202,A002,R010,L003,Día,763,500,6.48,4.04,2.44
PD001405,20250219,A001,R023,L003,Noche,815,627,8.81,7.29,1.52
PD001406,20250403,A002,R028,L002,Día,513,522,6.52,5.65,0.87
PD001407,20250627,A005,R002,L007,Noche,760,737,11.07,7.9,3.17
PD001408,20250628,A004,R002,L004,Día,713,743,11.3,8.2,3.1
PD001409,20250212,A003,R012,L007,Noche,656,550,6.73,5.94,0.79
PD001410,20250202,A001,R002,L007,Día,774,756,10.85,9.59,1.26
PD001411,20250329,A003,R015,L003,Noche,98,78,6.83,6.07,0.76
PD001412,20250427,A004,R015,L006,Tarde,548,585,11.38,8.09,3.29
PD001413,20250430,A004,R008,L005,Día,480,418,8.16,6.86,1.3
PD001414,20250503,A005,R028,L006,Día,270,256,7.11,5.74,1.37
PD001415,20250106,A001,R015,L002,Día,726,866,11.06,8.72,2.34
PD001416,20250319,A003,R003,L002,Noche,324,230,7.22,5.39,1.83
PD001417,20250330,A005,R029,L004,Tarde,112,119,8.86,6.07,2.79
PD001418,20250616,A005,R029,L007,Tarde,697,593,6.29,5.77,0.52
PD001419,20250322,A002,R029,L007,Noche,175,156,9.55,6.46,3.08
PD001420,20250315,A002,R014,L007,Noche,769,451,11.89,8.85,3.04
PD001421,20250323,A004,R027,L006,Día,464,570,10.89,9.12,1.77
PD001422,20250324,A004,R007,L007,Tarde,836,1038,7.49,5.48,2.01
PD001423,20250213,A001,R025,L001,Tarde,51,46,8.53,6.19,2.35
PD001424,20250414,A001,R030,L001,Noche,251,237,7.61,5.24,2.37
PD001425,20250628,A001,R017,L003,Tarde,854,823,10.9,9.34,1.56
PD001426,20250303,A002,R022,L001,Noche,560,335,11.76,10.43,1.33
PD001427,20250622,A002,R009,L003,Noche,294,202,6.1,5.28,0.82
PD001428,20250428,A002,R012,L002,Tarde,281,224,7.63,6.11,1.52
PD001429,20250504,A006,R008,L006,Tarde,554,725,9.08,7.19,1.9
PD001430,20250207,A006,R028,L004,Tarde,443,430,11.85,8.17,3.68
PD001431,20250421,A004,R016,L004,Noche,680,603,9.78,8.57,1.21
PD001432,20250309,A006,R006,L007,Día,485,456,7.98,5.44,2.53
PD001433,20250117,A003,R011,L005,Noche,527,532,6.14,5.42,0.71
PD001434,20250114,A005,R004,L006,Tarde,642,713,8.36,6.33,2.03
PD001435,20250214,A006,R004,L005,Día,541,506,10.5,7.7,2.8
PD001436,20250305,A005,R016,L005,Tarde,59,62,9.12,7.0,2.12
PD001437,20250322,A001,R027,L006,Día,658,739,6.02,4.16,1.85
PD001438,20250625,A002,R012,L005,Tarde,588,484,9.03,5.97,3.06
PD001439,20250526,A001,R025,L007,Noche,265,226,11.92,9.74,2.17
PD001440,20250615,A005,R003,L001,Día,878,781,7.49,5.04,2.45
PD001441,20250305,A005,R022,L001,Noche,470,410,8.05,7.08,0.97
PD001442,20250307,A003,R002,L002,Día,886,636,10.12,6.89,3.23
PD001443,20250103,A003,R007,L003,Noche,302,299,10.42,8.3,2.12
PD001444,20250228,A006,R001,L002,Día,306,313,6.21,4.97,1.25
PD001445,20250529,A006,R022,L003,Tarde,646,591,10.67,8.77,1.9
PD001446,20250216,A001,R011,L003,Día,883,886,6.92,6.17,0.76
PD001447,20250425,A004,R023,L005,Noche,332,286,7.45,6.79,0.66
PD001448,20250111,A004,R005,L006,Noche,295,288,6.61,5.3,1.31
PD001449,20250109,A002,R020,L001,Noche,209,118,8.72,7.34,1.38
PD001450,20250109,A005,R029,L001,Día,823,788,8.89,6.3,2.59
PD001451,20250127,A006,R021,L005,Tarde,433,423,9.14,6.63,2.51
PD001452,20250301,A001,R014,L004,Tarde,371,334,9.29,7.16,2.12
PD001453,20250605,A003,R022,L001,Tarde,529,444,10.9,8.86,2.04
PD001454,20250315,A001,R014,L006,Tarde,57,46,11.47,9.82,1.65
PD001455,20250224,A003,R012,L002,Día,656,476,8.48,6.19,2.29
PD001456,20250516,A006,R030,L003,Noche,511,308,11.2,9.13,2.08
PD001457,20250115,A005,R020,L001,Tarde,290,281,7.69,6.82,0.87
PD001458,20250308,A001,R012,L002,Tarde,690,625,6.28,5.26,1.02
PD001459,20250202,A006,R022,L006,Día,143,131,11.87,8.58,3.28
PD001460,20250525,A002,R030,L001,Noche,870,615,8.58,5.77,2.81
PD001461,20250519,A002,R017,L003,Noche,574,553,6.61,4.3,2.32
PD001462,20250421,A005,R025,L004,Noche,352,320,10.45,7.23,3.22
PD001463,20250402,A005,R002,L007,Día,855,827,7.04,5.45,1.59
PD001464,20250111,A001,R019,L005,Noche,881,797,6.83,5.43,1.4
PD001465,20250518,A006,R027,L005,Día,265,269,6.53,4.79,1.74
PD001466,20250407,A004,R030,L007,Tarde,179,162,11.85,8.8,3.05
PD001467,20250218,A005,R016,L006,Noche,608,559,10.67,9.35,1.32
PD001468,20250621,A001,R006,L007,Noche,275,228,9.07,8.3,0.78
PD001469,20250301,A004,R008,L001,Noche,316,255,10.55,7.37,3.18
PD001470,20250519,A005,R011,L006,Noche,284,224,11.66,8.82,2.84
PD001471,20250125,A004,R001,L004,Día,91,85,11.39,9.97,1.42
PD001472,20250512,A001,R009,L007,Tarde,328,375,8.42,6.51,1.91
PD001473,20250317,A004,R003,L006,Tarde,533,450,8.74,6.08,2.67
PD001474,20250416,A002,R023,L007,Tarde,112,91,10.2,5.74,4.46
PD001475,20250418,A005,R026,L002,Noche,260,355,9.99,7.89,2.11
PD001476,20250101,A001,R030,L002,Noche,728,779,8.38,5.6,2.77
PD001477,20250204,A006,R018,L003,Día,559,639,9.29,6.26,3.04
PD001478,20250428,A003,R010,L005,Noche,56,41,7.63,5.05,2.58
PD001479,20250611,A004,R007,L004,Noche,62,65,8.91,7.69,1.22
PD001480,20250302,A004,R027,L002,Día,467,445,6.02,4.56,1.46
PD001481,20250402,A005,R028,L002,Noche,463,435,10.38,8.97,1.42
PD001482,20250421,A001,R021,L002,Día,382,295,11.74,9.18,2.55
PD001483,20250226,A001,R019,L007,Día,336,272,6.56,4.68,1.88
PD001484,20250108,A004,R016,L003,Noche,697,630,11.06,8.76,2.3
PD001485,20250301,A002,R017,L005,Tarde,287,208,9.27,6.42,2.85
PD001486,20250528,A003,R015,L001,Día,803,767,10.88,9.97,0.91
PD001487,20250621,A001,R016,L003,Noche,170,132,9.33,6.61,2.72
PD001488,20250201,A002,R003,L004,Día,841,625,10.33,6.93,3.4
PD001489,20250303,A006,R007,L003,Tarde,837,745,9.7,7.99,1.71
PD001490,20250424,A004,R016,L005,Día,308,323,10.6,7.62,2.98
PD001491,20250428,A002,R019,L002,Día,563,418,6.38,4.35,2.03
PD001492,20250203,A005,R001,L005,Noche,850,660,11.57,10.44,1.12
PD001493,20250601,A006,R024,L001,Tarde,471,383,10.0,7.88,2.11
PD001494,20250417,A001,R005,L003,Noche,422,458,10.62,7.97,2.65
PD001495,20250303,A006,R009,L004,Tarde,101,89,11.91,8.97,2.94
PD001496,20250402,A004,R019,L007,Tarde,572,492,6.79,5.24,1.55
PD001497,20250627,A003,R018,L005,Día,740,746,11.75,10.32,1.43
PD001498,20250509,A001,R007,L007,Noche,396,387,10.29,8.19,2.09
PD001499,20250123,A003,R008,L006,Noche,95,81,7.91,6.29,1.61
PD001500,20250425,A003,R026,L004,Día,309,310,9.73,8.43,1.3
PD001501,20250521,A002,R019,L004,Día,526,346,6.07,3.47,2.6
PD001502,20250306,A001,R026,L007,Tarde,640,551,6.39,4.33,2.05
PD001503,20250107,A005,R008,L003,Día,387,386,7.37,6.49,0.88
PD001504,20250306,A001,R001,L007,Tarde,221,202,11.93,8.64,3.3
PD001505,20250420,A006,R022,L007,Noche,467,433,11.92,10.67,1.25
PD001506,20250406,A006,R012,L004,Noche,424,469,10.13,7.84,2.29
PD001507,20250501,A006,R014,L004,Día,181,163,7.87,5.48,2.39
PD001508,20250609,A004,R025,L006,Noche,587,459,7.78,5.91,1.87
PD001509,20250308,A003,R015,L006,Noche,845,733,10.74,9.73,1.01
PD001510,20250316,A005,R007,L007,Día,70,57,7.25,5.4,1.85
PD001511,20250412,A006,R029,L003,Tarde,404,375,9.65,7.17,2.48
PD001512,20250623,A004,R002,L005,Noche,731,638,6.22,5.01,1.22
PD001513,20250604,A004,R015,L006,Tarde,758,620,6.83,5.1,1.73
PD001514,20250104,A005,R029,L004,Tarde,572,514,11.77,9.96,1.82
PD001515,20250514,A004,R019,L005,Día,418,366,7.38,5.19,2.19
PD001516,20250303,A002,R015,L005,Tarde,259,181,7.57,4.74,2.83
PD001517,20250404,A003,R017,L002,Día,72,66,8.16,5.39,2.77
PD001518,20250117,A001,R017,L002,Noche,543,529,9.9,8.53,1.37
PD001519,20250302,A006,R014,L006,Tarde,276,288,11.47,10.46,1.01
PD001520,20250529,A005,R024,L005,Tarde,275,202,8.36,7.59,0.76
PD001521,20250619,A002,R027,L006,Noche,468,224,9.36,7.74,1.63
PD001522,20250518,A002,R008,L006,Tarde,543,372,10.62,8.03,2.6
PD001523,20250520,A002,R011,L003,Día,613,575,8.53,5.86,2.67
PD001524,20250319,A002,R004,L003,Día,577,537,10.8,8.4,2.41
PD001525,20250513,A005,R001,L001,Día,402,400,7.17,4.96,2.2
PD001526,20250112,A001,R016,L007,Noche,524,567,6.39,5.14,1.25
PD001527,20250105,A006,R014,L005,Noche,417,416,11.64,9.94,1.69
PD001528,20250403,A003,R030,L004,Día,875,802,7.37,5.65,1.72
PD001529,20250313,A005,R016,L001,Noche,687,706,10.5,8.2,2.31
PD001530,20250402,A004,R024,L004,Tarde,408,393,7.3,5.87,1.43
PD001531,20250525,A004,R015,L005,Día,89,107,7.94,6.96,0.98
PD001532,20250208,A006,R019,L004,Tarde,156,125,8.14,5.54,2.6
PD001533,20250221,A002,R004,L004,Día,854,733,11.2,9.72,1.48
PD001534,20250509,A005,R028,L002,Noche,448,476,11.17,7.73,3.44
PD001535,20250204,A006,R002,L004,Día,596,510,9.89,8.42,1.47
PD001536,20250207,A005,R013,L004,Día,804,794,7.64,6.38,1.26
PD001537,20250629,A003,R019,L001,Noche,740,675,6.34,5.29,1.05
PD001538,20250428,A004,R002,L001,Noche,245,181,9.31,7.99,1.32
PD001539,20250626,A004,R017,L004,Día,311,324,8.34,7.48,0.86
PD001540,20250503,A001,R004,L005,Día,732,622,8.88,6.97,1.91
PD001541,20250422,A001,R016,L001,Noche,210,175,9.56,7.64,1.92
PD001542,20250308,A002,R005,L002,Noche,699,450,11.01,9.59,1.43
PD001543,20250407,A006,R021,L003,Día,651,577,7.09,5.44,1.66
PD001544,20250503,A006,R017,L003,Tarde,257,249,8.46,7.72,0.73
PD001545,20250505,A001,R002,L005,Día,167,168,8.0,5.97,2.03
PD001546,20250630,A002,R009,L006,Noche,472,332,10.22,8.36,1.86
PD001547,20250326,A002,R021,L006,Noche,333,300,9.23,7.56,1.67
PD001548,20250511,A004,R009,L003,Tarde,213,226,8.78,6.68,2.11
PD001549,20250320,A001,R011,L005,Día,265,288,9.3,8.13,1.17
PD001550,20250622,A005,R004,L006,Tarde,673,639,7.58,6.44,1.13
PD001551,20250116,A006,R012,L001,Noche,274,358,8.94,6.89,2.05
PD001552,20250618,A006,R023,L001,Noche,803,600,11.06,9.1,1.96
PD001553,20250407,A006,R024,L007,Tarde,303,307,10.4,7.74,2.66
PD001554,20250226,A005,R028,L006,Día,231,230,9.47,7.28,2.19
PD001555,20250205,A005,R021,L005,Noche,678,615,11.11,7.48,3.63
PD001556,20250528,A003,R004,L005,Noche,250,227,10.58,9.68,0.9
PD001557,20250409,A001,R008,L007,Tarde,80,85,10.6,7.27,3.33
PD001558,20250614,A005,R010,L003,Tarde,760,671,9.62,6.97,2.65
PD001559,20250630,A002,R021,L006,Tarde,330,252,8.15,7.26,0.89
PD001560,20250130,A004,R013,L007,Tarde,221,199,6.16,4.14,2.02
PD001561,20250207,A003,R013,L007,Tarde,776,677,8.29,5.74,2.55
PD001562,20250114,A005,R009,L004,Noche,593,554,10.1,7.94,2.16
PD001563,20250314,A002,R010,L004,Día,851,792,8.57,7.33,1.24
PD001564,20250610,A002,R014,L003,Día,274,223,8.86,6.51,2.35
PD001565,20250106,A003,R007,L002,Día,51,43,10.21,7.67,2.55
PD001566,20250403,A001,R001,L004,Noche,301,315,10.61,8.7,1.91
PD001567,20250216,A002,R029,L002,Día,609,440,9.04,5.24,3.8
PD001568,20250104,A001,R015,L004,Día,93,91,8.53,6.27,2.26
PD001569,20250215,A002,R001,L004,Noche,487,418,10.34,5.93,4.41
PD001570,20250217,A006,R024,L002,Noche,74,75,6.51,4.49,2.02
PD001571,20250124,A002,R019,L001,Día,508,411,6.28,3.72,2.56
PD001572,20250202,A005,R004,L004,Noche,365,384,8.57,5.81,2.76
PD001573,20250601,A003,R002,L003,Noche,406,460,11.61,8.87,2.74
PD001574,20250329,A006,R012,L002,Tarde,585,404,11.19,7.99,3.2
PD001575,20250205,A006,R020,L002,Tarde,882,861,7.85,6.88,0.96
PD001576,20250223,A004,R025,L002,Día,350,344,6.53,5.81,0.71
PD001577,20250103,A004,R021,L003,Día,436,519,8.78,6.35,2.43
PD001578,20250522,A001,R013,L002,Noche,359,392,11.15,8.04,3.11
PD001579,20250405,A001,R010,L006,Noche,348,402,11.76,10.35,1.42
PD001580,20250111,A002,R010,L007,Día,324,220,9.14,5.05,4.1
PD001581,20250613,A001,R004,L002,Tarde,496,558,9.71,8.46,1.25
PD001582,20250223,A004,R015,L007,Día,244,226,8.67,5.82,2.85
PD001583,20250120,A006,R020,L005,Tarde,722,747,11.69,10.05,1.64
PD001584,20250401,A005,R029,L005,Noche,212,203,11.1,8.63,2.47
PD001585,20250227,A004,R028,L006,Noche,442,441,8.64,6.82,1.82
PD001586,20250227,A006,R006,L005,Día,68,61,6.92,6.21,0.71
PD001587,20250519,A004,R015,L002,Día,543,380,9.03,7.92,1.11
PD001588,20250129,A006,R022,L005,Tarde,193,215,8.46,7.48,0.98
PD001589,20250201,A001,R016,L001,Día,734,739,6.57,4.93,1.64
PD001590,20250125,A001,R030,L001,Día,438,347,7.96,5.91,2.05
PD001591,20250312,A003,R010,L005,Noche,801,615,8.04,5.89,2.15
PD001592,20250601,A002,R017,L007,Noche,641,557,6.49,4.69,1.8
PD001593,20250216,A004,R015,L007,Día,215,168,7.6,6.2,1.4
PD001594,20250311,A006,R021,L005,Tarde,615,700,6.71,6.12,0.6
PD001595,20250520,A002,R018,L006,Noche,328,243,6.61,5.82,0.79
PD001596,20250520,A003,R027,L007,Tarde,196,182,9.25,7.44,1.81
PD001597,20250107,A006,R007,L007,Tarde,324,307,9.73,7.21,2.52
PD001598,20250223,A006,R010,L003,Tarde,147,135,10.64,8.5,2.13
PD001599,20250123,A002,R008,L007,Día,220,167,11.53,8.98,2.54
PD001600,20250122,A005,R012,L006,Día,173,139,8.04,5.79,2.25
PD001601,20250523,A002,R018,L007,Noche,255,284,8.28,5.35,2.93
PD001602,20250628,A005,R006,L001,Tarde,721,605,8.33,7.43,0.9
PD001603,20250623,A006,R001,L007,Noche,602,639,10.65,9.73,0.92
PD001604,20250521,A001,R022,L007,Día,326,259,7.49,5.97,1.53
PD001605,20250529,A005,R025,L004,Tarde,242,231,11.48,9.91,1.57
PD001606,20250531,A001,R005,L003,Tarde,752,680,10.44,7.32,3.13
PD001607,20250113,A006,R023,L001,Tarde,774,912,6.31,4.47,1.84
PD001608,20250310,A005,R017,L007,Tarde,244,251,9.07,7.82,1.25
PD001609,20250103,A003,R017,L005,Noche,177,184,11.27,10.21,1.06
PD001610,20250526,A002,R022,L004,Noche,366,275,7.17,5.48,1.68
PD001611,20250326,A005,R028,L003,Día,682,684,8.32,6.71,1.61
PD001612,20250204,A005,R018,L005,Día,264,300,9.45,7.23,2.21
PD001613,20250224,A006,R003,L003,Noche,677,738,8.92,5.96,2.96
PD001614,20250210,A003,R022,L003,Noche,339,297,6.32,5.81,0.52
PD001615,20250119,A001,R030,L007,Tarde,175,142,9.85,7.98,1.86
PD001616,20250304,A001,R016,L007,Noche,374,250,7.64,5.49,2.15
PD001617,20250225,A005,R003,L003,Tarde,761,840,10.87,9.17,1.7
PD001618,20250601,A004,R013,L005,Día,848,790,6.44,4.84,1.6
PD001619,20250514,A004,R010,L006,Día,302,288,11.19,8.68,2.5
PD001620,20250215,A002,R014,L002,Día,718,467,6.69,5.65,1.05
PD001621,20250605,A006,R008,L005,Tarde,567,543,9.15,6.29,2.86
PD001622,20250209,A002,R002,L007,Noche,783,642,7.25,5.48,1.77
PD001623,20250315,A001,R007,L001,Tarde,442,429,6.5,4.53,1.97
PD001624,20250420,A001,R017,L005,Noche,523,426,10.19,7.71,2.48
PD001625,20250508,A002,R005,L005,Día,501,313,10.57,7.27,3.29
PD001626,20250307,A006,R011,L001,Día,870,745,9.29,8.18,1.11
PD001627,20250324,A004,R010,L006,Tarde,652,695,8.86,6.07,2.79
PD001628,20250512,A004,R010,L004,Noche,285,264,6.79,5.29,1.5
PD001629,20250209,A003,R002,L003,Día,416,405,7.28,5.41,1.87
PD001630,20250522,A005,R020,L004,Tarde,617,645,8.11,6.37,1.75
PD001631,20250321,A003,R014,L005,Día,876,928,9.06,6.94,2.12
PD001632,20250510,A004,R006,L004,Noche,73,58,8.62,6.84,1.78
PD001633,20250412,A002,R014,L001,Día,140,120,9.76,5.6,4.16
PD001634,20250630,A006,R023,L005,Noche,131,93,7.64,5.81,1.83
PD001635,20250601,A004,R016,L003,Noche,164,160,10.08,6.8,3.28
PD001636,20250102,A002,R024,L005,Noche,103,96,7.5,5.33,2.16
PD001637,20250608,A005,R025,L001,Noche,834,680,9.99,7.07,2.93
PD001638,20250531,A003,R011,L007,Noche,336,343,9.69,7.19,2.49
PD001639,20250524,A005,R006,L007,Día,502,505,7.99,7.14,0.86
PD001640,20250526,A003,R005,L001,Noche,887,749,6.51,4.93,1.58
PD001641,20250330,A004,R019,L001,Noche,739,703,8.68,6.34,2.35
PD001642,20250426,A006,R021,L004,Noche,580,480,8.44,5.69,2.75
PD001643,20250225,A005,R002,L005,Noche,696,633,6.7,5.6,1.1
PD001644,20250612,A004,R011,L003,Noche,551,430,8.55,5.8,2.75
PD001645,20250108,A001,R009,L006,Día,663,684,11.68,10.31,1.37
PD001646,20250314,A002,R011,L004,Tarde,74,63,8.73,5.55,3.18
PD001647,20250628,A003,R003,L002,Noche,351,321,9.82,6.76,3.06
PD001648,20250409,A005,R025,L004,Noche,385,326,8.25,6.45,1.8
PD001649,20250614,A004,R020,L004,Tarde,684,704,6.31,5.75,0.56
PD001650,20250210,A003,R015,L004,Tarde,714,577,8.58,7.19,1.39
PD001651,20250624,A003,R024,L004,Noche,221,180,6.97,5.19,1.78
PD001652,20250210,A003,R007,L007,Tarde,146,137,10.54,8.82,1.71
PD001653,20250213,A004,R019,L006,Noche,60,54,8.94,7.43,1.51
PD001654,20250201,A005,R007,L004,Tarde,430,390,7.13,5.81,1.33
PD001655,20250425,A005,R013,L002,Noche,733,688,10.5,7.87,2.64
PD001656,20250303,A005,R008,L004,Día,715,695,7.1,6.11,0.98
PD001657,20250206,A006,R009,L003,Noche,425,323,7.55,6.37,1.19
PD001658,20250203,A002,R003,L004,Noche,509,421,9.71,7.99,1.72
PD001659,20250511,A003,R002,L006,Día,241,227,6.66,4.63,2.03
PD001660,20250527,A005,R004,L006,Noche,890,697,7.63,5.88,1.75
PD001661,20250220,A001,R011,L005,Noche,258,250,10.0,7.62,2.38
PD001662,20250118,A003,R028,L006,Noche,519,511,9.33,6.79,2.53
PD001663,20250619,A005,R029,L006,Tarde,526,486,6.34,5.68,0.66
PD001664,20250527,A003,R030,L006,Noche,813,863,10.08,8.14,1.94
PD001665,20250506,A005,R017,L004,Día,281,219,8.8,6.17,2.63
PD001666,20250510,A002,R029,L004,Día,640,364,8.15,5.5,2.65
PD001667,20250509,A005,R015,L004,Día,866,838,8.32,6.21,2.11
PD001668,20250419,A003,R018,L002,Día,592,536,8.97,7.93,1.03
PD001669,20250329,A005,R029,L001,Día,197,161,8.82,7.07,1.75
PD001670,20250612,A002,R015,L007,Tarde,518,452,8.62,6.13,2.49
PD001671,20250605,A003,R028,L002,Día,272,255,9.87,8.0,1.88
PD001672,20250328,A005,R011,L001,Noche,157,146,11.72,10.0,1.72
PD001673,20250213,A001,R026,L005,Noche,775,669,10.27,8.94,1.33
PD001674,20250510,A002,R015,L004,Día,632,490,8.68,5.83,2.86
PD001675,20250421,A005,R007,L007,Tarde,259,240,8.82,7.87,0.96
PD001676,20250503,A006,R013,L006,Noche,293,290,8.4,5.68,2.72
PD001677,20250404,A002,R030,L007,Noche,188,164,6.64,4.13,2.51
PD001678,20250626,A002,R019,L002,Día,103,63,8.07,4.6,3.48
PD001679,20250529,A002,R009,L003,Día,185,104,6.96,4.05,2.91
PD001680,20250504,A004,R019,L001,Tarde,802,804,11.89,10.74,1.15
PD001681,20250428,A006,R026,L005,Tarde,209,194,7.32,5.37,1.95
PD001682,20250321,A003,R004,L005,Noche,579,430,10.03,7.28,2.75
PD001683,20250327,A001,R030,L006,Tarde,146,150,10.05,8.76,1.29
PD001684,20250104,A001,R003,L004,Tarde,426,361,11.86,9.04,2.83
PD001685,20250427,A004,R030,L006,Día,688,556,8.05,6.96,1.09
PD001686,20250420,A002,R028,L001,Noche,873,724,11.22,8.51,2.71
PD001687,20250513,A005,R014,L007,Tarde,390,326,8.12,7.06,1.06
PD001688,20250601,A003,R016,L007,Tarde,803,761,11.03,7.84,3.19
PD001689,20250417,A002,R026,L001,Noche,219,164,9.88,8.17,1.71
PD001690,20250327,A001,R007,L007,Día,516,403,6.41,4.7,1.7
PD001691,20250512,A004,R001,L005,Noche,637,641,9.73,7.75,1.98
PD001692,20250524,A004,R019,L003,Noche,54,59,8.21,7.55,0.66
PD001693,20250411,A001,R029,L002,Día,110,96,8.51,6.42,2.08
PD001694,20250407,A005,R015,L003,Tarde,687,681,10.2,8.06,2.14
PD001695,20250105,A004,R008,L002,Noche,880,865,6.55,5.62,0.93
PD001696,20250322,A001,R026,L002,Tarde,605,432,7.88,5.25,2.63
PD001697,20250302,A002,R007,L004,Día,397,287,9.97,7.96,2.01
PD001698,20250504,A002,R018,L003,Noche,433,385,8.51,4.98,3.53
PD001699,20250303,A005,R017,L004,Día,423,395,10.87,9.61,1.25
PD001700,20250202,A002,R028,L005,Día,739,659,9.86,8.79,1.07
PD001701,20250205,A001,R019,L004,Noche,654,554,6.39,4.9,1.49
PD001702,20250221,A006,R028,L005,Tarde,447,346,9.86,8.09,1.77
PD001703,20250401,A004,R018,L004,Día,277,248,8.94,7.51,1.43
PD001704,20250601,A004,R004,L006,Día,390,388,9.75,7.85,1.9
PD001705,20250602,A004,R025,L007,Día,379,293,9.02,6.77,2.25
PD001706,20250219,A004,R016,L002,Tarde,444,419,11.64,8.73,2.92
PD001707,20250128,A002,R013,L005,Noche,228,159,9.17,5.33,3.83
PD001708,20250201,A003,R007,L007,Día,862,801,10.11,6.98,3.13
PD001709,20250301,A006,R016,L005,Noche,421,372,8.94,7.44,1.5
PD001710,20250506,A003,R020,L006,Noche,315,256,9.2,7.32,1.88
PD001711,20250410,A004,R022,L003,Noche,659,604,7.83,6.91,0.92
PD001712,20250105,A005,R028,L006,Día,274,256,8.39,5.58,2.81
PD001713,20250526,A005,R016,L001,Noche,600,481,7.65,6.36,1.29
PD001714,20250627,A004,R015,L007,Día,485,482,6.77,4.88,1.9
PD001715,20250214,A001,R006,L006,Día,253,258,10.14,8.51,1.63
PD001716,20250430,A004,R007,L001,Tarde,805,702,10.11,8.65,1.46
PD001717,20250320,A005,R022,L002,Noche,50,30,11.51,9.04,2.48
PD001718,20250420,A006,R009,L001,Noche,392,424,6.5,4.88,1.61
PD001719,20250213,A003,R021,L002,Tarde,251,268,6.85,6.23,0.62
PD001720,20250105,A003,R019,L004,Noche,317,406,10.52,9.08,1.44
PD001721,20250425,A004,R030,L007,Tarde,528,448,6.23,5.24,0.99
PD001722,20250616,A002,R016,L003,Noche,660,570,8.86,5.67,3.2
PD001723,20250330,A004,R011,L002,Día,818,695,9.18,8.07,1.12
PD001724,20250617,A003,R007,L001,Tarde,364,347,8.1,5.56,2.54
PD001725,20250327,A003,R012,L002,Tarde,412,312,11.47,7.84,3.63
PD001726,20250107,A001,R018,L007,Día,328,357,6.18,5.23,0.94
PD001727,20250525,A005,R010,L005,Día,490,412,11.24,9.31,1.93
PD001728,20250521,A005,R009,L003,Noche,651,476,9.61,7.49,2.12
PD001729,20250404,A005,R021,L001,Noche,850,724,7.32,5.99,1.33
PD001730,20250430,A006,R004,L002,Día,821,812,6.44,4.81,1.63
PD001731,20250604,A001,R027,L002,Noche,311,322,11.52,9.76,1.76
PD001732,20250513,A005,R013,L002,Noche,689,693,7.83,6.71,1.12
PD001733,20250629,A001,R028,L001,Tarde,232,233,9.21,7.66,1.56
PD001734,20250618,A005,R011,L005,Día,705,628,10.88,7.74,3.14
PD001735,20250221,A006,R005,L003,Tarde,763,715,8.58,7.15,1.42
PD001736,20250615,A004,R021,L002,Día,707,760,11.54,7.66,3.88
PD001737,20250126,A002,R011,L002,Noche,224,168,9.83,8.2,1.63
PD001738,20250428,A003,R002,L002,Tarde,324,227,7.42,5.18,2.24
PD001739,20250403,A003,R001,L006,Día,426,407,8.48,6.94,1.54
PD001740,20250622,A005,R001,L001,Tarde,430,357,6.46,5.15,1.31
PD001741,20250606,A005,R004,L007,Noche,229,204,10.54,7.7,2.85
PD001742,20250203,A001,R001,L002,Día,289,321,11.23,8.68,2.55
PD001743,20250109,A001,R018,L006,Noche,773,741,10.64,8.53,2.11
PD001744,20250622,A005,R019,L006,Día,842,958,8.73,6.75,1.98
PD001745,20250116,A002,R005,L005,Día,265,180,11.24,8.69,2.55
PD001746,20250126,A001,R029,L005,Tarde,826,775,11.71,7.9,3.81
PD001747,20250104,A004,R025,L007,Día,459,392,11.88,10.34,1.54
PD001748,20250219,A005,R024,L005,Día,841,769,6.4,5.26,1.14
PD001749,20250331,A005,R026,L002,Tarde,404,421,9.41,6.23,3.19
PD001750,20250206,A001,R009,L007,Noche,695,655,10.49,7.07,3.43
PD001751,20250501,A003,R012,L006,Día,265,269,6.33,4.45,1.88
PD001752,20250114,A005,R018,L006,Día,102,107,6.9,6.0,0.91
PD001753,20250401,A002,R001,L007,Día,240,180,11.94,7.33,4.61
PD001754,20250512,A004,R011,L003,Noche,551,454,10.6,9.37,1.23
PD001755,20250410,A002,R025,L005,Noche,336,347,7.47,5.07,2.4
PD001756,20250504,A005,R009,L002,Tarde,564,481,6.9,5.72,1.18
PD001757,20250526,A004,R003,L004,Noche,491,446,6.51,4.55,1.96
PD001758,20250528,A002,R015,L001,Día,329,240,10.18,5.62,4.56
PD001759,20250221,A004,R016,L001,Noche,107,130,10.88,8.18,2.7
PD001760,20250314,A005,R027,L006,Noche,115,97,7.91,5.97,1.94
PD001761,20250528,A002,R021,L005,Día,256,176,9.34,5.66,3.68
PD001762,20250321,A002,R015,L003,Noche,806,589,7.49,5.2,2.29
PD001763,20250124,A003,R012,L004,Tarde,112,82,8.25,5.83,2.42
PD001764,20250302,A004,R029,L003,Tarde,188,173,9.45,7.42,2.03
PD001765,20250326,A005,R018,L001,Noche,356,400,10.07,8.67,1.4
PD001766,20250109,A004,R007,L006,Día,104,87,8.11,6.11,1.99
PD001767,20250523,A004,R005,L001,Día,430,424,9.96,8.3,1.66
PD001768,20250101,A003,R006,L007,Noche,513,504,11.25,10.3,0.95
PD001769,20250419,A001,R016,L005,Tarde,805,714,11.32,10.31,1.01
PD001770,20250326,A006,R013,L003,Tarde,818,636,6.79,5.3,1.49
PD001771,20250621,A003,R016,L005,Día,396,317,8.72,6.06,2.66
PD001772,20250510,A005,R017,L005,Noche,816,721,11.35,8.37,2.98
PD001773,20250208,A006,R028,L006,Tarde,71,75,10.31,8.61,1.7
PD001774,20250529,A004,R004,L006,Noche,247,199,10.9,7.3,3.6
PD001775,20250329,A005,R007,L004,Noche,88,65,10.59,8.89,1.69
PD001776,20250424,A005,R025,L004,Tarde,404,375,8.18,6.5,1.68
PD001777,20250501,A006,R006,L005,Día,391,357,7.94,6.59,1.35
PD001778,20250601,A006,R009,L005,Tarde,755,560,10.69,8.26,2.43
PD001779,20250408,A004,R012,L007,Tarde,731,635,11.62,7.94,3.68
PD001780,20250626,A001,R021,L001,Noche,428,399,10.43,8.45,1.98
PD001781,20250131,A001,R014,L006,Noche,809,799,6.57,4.93,1.65
PD001782,20250306,A001,R011,L005,Día,849,572,7.6,6.32,1.27
PD001783,20250510,A002,R024,L003,Tarde,767,608,6.08,5.35,0.73
PD001784,20250122,A002,R011,L007,Día,781,666,8.19,4.76,3.42
PD001785,20250507,A001,R016,L001,Noche,413,431,11.33,8.85,2.47
PD001786,20250622,A003,R026,L005,Día,774,647,7.02,5.64,1.38
PD001787,20250401,A004,R010,L004,Tarde,481,466,8.91,6.79,2.12
PD001788,20250309,A002,R012,L003,Tarde,475,371,8.82,5.27,3.55
PD001789,20250601,A002,R022,L006,Día,579,407,6.97,4.42,2.55
PD001790,20250220,A006,R025,L003,Noche,576,540,11.71,9.66,2.05
PD001791,20250427,A001,R018,L007,Día,455,427,11.06,8.88,2.17
PD001792,20250117,A005,R008,L004,Día,529,405,9.61,7.8,1.81
PD001793,20250318,A002,R029,L006,Noche,578,334,9.76,5.42,4.35
PD001794,20250120,A004,R011,L005,Tarde,306,311,6.89,6.0,0.89
PD001795,20250427,A004,R001,L003,Día,112,99,7.91,7.07,0.84
PD001796,20250105,A004,R028,L006,Noche,813,910,9.06,7.1,1.96
PD001797,20250201,A005,R014,L005,Día,502,583,7.38,5.29,2.1
PD001798,20250323,A006,R030,L003,Día,59,52,7.97,6.68,1.28
PD001799,20250506,A005,R016,L007,Noche,653,682,6.9,5.39,1.51
PD001800,20250513,A003,R016,L005,Noche,227,236,8.07,6.54,1.53
PD001801,20250127,A006,R027,L001,Noche,814,915,8.17,6.43,1.74
PD001802,20250501,A001,R014,L006,Tarde,823,636,11.13,9.87,1.25
PD001803,20250112,A006,R016,L006,Día,538,440,6.09,5.15,0.95
PD001804,20250421,A002,R018,L007,Noche,848,675,10.78,8.95,1.82
PD001805,20250624,A004,R011,L004,Tarde,858,906,6.37,4.36,2.01
PD001806,20250219,A001,R019,L001,Tarde,89,77,10.18,7.12,3.06
PD001807,20250510,A003,R010,L004,Noche,353,321,11.97,10.32,1.65
PD001808,20250328,A005,R002,L003,Tarde,777,890,6.37,4.23,2.15
PD001809,20250114,A005,R017,L003,Noche,69,69,6.86,5.03,1.83
PD001810,20250123,A003,R006,L007,Tarde,814,748,6.86,6.26,0.6
PD001811,20250412,A001,R029,L004,Tarde,305,283,8.6,6.18,2.42
PD001812,20250329,A002,R007,L005,Noche,135,81,10.26,7.62,2.64
PD001813,20250428,A005,R014,L002,Tarde,873,911,6.04,4.9,1.14
PD001814,20250105,A001,R012,L006,Noche,157,148,11.92,8.21,3.71
PD001815,20250616,A003,R012,L001,Tarde,674,715,11.69,10.4,1.29
PD001816,20250531,A004,R020,L001,Día,730,757,11.48,10.11,1.38
PD001817,20250511,A001,R010,L007,Tarde,414,340,9.24,6.63,2.61
PD001818,20250528,A003,R015,L003,Día,717,674,11.35,9.6,1.74
PD001819,20250318,A006,R013,L007,Noche,439,492,8.7,7.69,1.01
PD001820,20250601,A002,R020,L002,Día,320,227,7.25,5.82,1.43
PD001821,20250325,A001,R015,L002,Día,386,366,11.26,9.16,2.1
PD001822,20250412,A004,R014,L003,Día,674,661,7.25,5.91,1.34
PD001823,20250404,A003,R027,L007,Día,289,254,10.24,8.7,1.54
PD001824,20250121,A006,R014,L006,Día,415,380,8.2,5.71,2.48
PD001825,20250613,A005,R025,L007,Día,86,80,7.1,6.37,0.73
PD001826,20250131,A004,R016,L004,Día,50,50,7.1,6.05,1.05
PD001827,20250428,A006,R019,L001,Día,583,608,10.72,9.34,1.37
PD001828,20250316,A005,R013,L001,Noche,612,733,7.16,5.23,1.93
PD001829,20250412,A006,R011,L007,Día,799,697,7.98,7.21,0.77
PD001830,20250618,A002,R017,L005,Tarde,461,330,10.49,7.33,3.17
PD001831,20250127,A006,R003,L007,Día,356,349,10.51,7.48,3.04
PD001832,20250403,A001,R027,L005,Tarde,123,120,7.71,6.94,0.77
PD001833,20250331,A005,R004,L007,Tarde,318,231,8.94,7.67,1.27
PD001834,20250102,A003,R009,L004,Noche,132,115,7.67,5.2,2.47
PD001835,20250513,A005,R001,L002,Noche,284,252,7.95,5.6,2.35
PD001836,20250218,A002,R026,L001,Tarde,832,600,10.18,5.97,4.2
PD001837,20250412,A005,R016,L004,Tarde,814,797,6.97,6.4,0.57
PD001838,20250226,A001,R001,L007,Noche,791,625,11.87,10.61,1.26
PD001839,20250115,A005,R023,L002,Noche,446,418,9.6,8.25,1.35
PD001840,20250408,A003,R011,L003,Noche,785,785,7.4,6.05,1.35
PD001841,20250408,A003,R014,L003,Noche,634,614,9.92,8.96,0.96
PD001842,20250108,A001,R021,L005,Día,541,531,8.26,6.98,1.28
PD001843,20250402,A001,R030,L005,Noche,779,674,11.61,7.95,3.67
PD001844,20250105,A006,R017,L005,Día,730,625,9.77,8.32,1.45
PD001845,20250102,A006,R020,L002,Día,335,290,6.75,4.65,2.1
PD001846,20250409,A001,R007,L005,Tarde,545,486,6.12,4.57,1.54
PD001847,20250119,A001,R015,L004,Día,228,213,6.79,5.95,0.84
PD001848,20250422,A002,R008,L006,Noche,428,288,7.83,6.39,1.43
PD001849,20250324,A003,R025,L004,Noche,872,945,8.21,6.37,1.84
PD001850,20250112,A005,R023,L002,Día,879,942,7.87,6.72,1.15
PD001851,20250611,A003,R006,L007,Tarde,422,366,8.53,6.62,1.9
PD001852,20250414,A001,R007,L005,Tarde,386,323,8.91,6.02,2.89
PD001853,20250520,A005,R028,L002,Noche,235,279,8.18,6.71,1.47
PD001854,20250323,A005,R011,L005,Tarde,72,55,10.45,7.82,2.62
PD001855,20250204,A006,R010,L001,Día,709,582,8.23,7.21,1.02
PD001856,20250111,A002,R003,L004,Tarde,521,438,8.34,4.75,3.59
PD001857,20250205,A001,R017,L006,Día,461,345,6.29,4.3,1.99
PD001858,20250130,A006,R028,L005,Día,391,327,11.79,10.01,1.78
PD001859,20250417,A006,R003,L002,Tarde,65,72,8.53,7.79,0.74
PD001860,20250630,A006,R009,L006,Tarde,577,646,10.7,8.44,2.26
PD001861,20250507,A005,R006,L004,Noche,839,579,10.14,6.88,3.26
PD001862,20250515,A001,R002,L007,Tarde,291,303,8.45,7.36,1.09
PD001863,20250412,A004,R021,L003,Día,463,409,11.0,9.1,1.9
PD001864,20250609,A003,R001,L007,Tarde,277,266,7.59,6.81,0.78
PD001865,20250103,A006,R025,L007,Día,371,341,10.61,7.53,3.08
PD001866,20250202,A003,R010,L002,Día,466,364,8.88,6.56,2.31
PD001867,20250611,A002,R010,L004,Noche,828,580,7.23,4.39,2.84
PD001868,20250201,A001,R003,L001,Noche,390,359,11.9,9.42,2.49
PD001869,20250303,A001,R008,L007,Noche,588,650,11.87,7.95,3.92
PD001870,20250419,A001,R024,L003,Tarde,829,934,7.95,5.63,2.32
PD001871,20250621,A004,R010,L003,Día,529,451,11.54,9.36,2.18
PD001872,20250101,A005,R012,L002,Tarde,857,1033,10.93,10.03,0.9
PD001873,20250328,A002,R010,L004,Tarde,315,222,11.87,8.53,3.34
PD001874,20250311,A005,R028,L007,Noche,584,571,10.37,8.56,1.81
PD001875,20250628,A004,R003,L002,Noche,791,698,11.51,9.72,1.79
PD001876,20250203,A001,R013,L006,Tarde,750,606,8.53,6.98,1.56
PD001877,20250403,A006,R026,L006,Día,514,396,9.79,7.07,2.71
PD001878,20250404,A003,R029,L003,Tarde,195,163,7.27,5.18,2.09
PD001879,20250124,A005,R005,L006,Noche,124,106,7.76,6.46,1.3
PD001880,20250616,A001,R029,L007,Día,146,161,9.47,8.06,1.42
PD001881,20250304,A006,R019,L007,Día,204,178,10.57,8.46,2.11
PD001882,20250504,A006,R016,L004,Día,775,661,8.06,5.64,2.42
PD001883,20250603,A005,R028,L001,Tarde,774,840,10.19,7.06,3.13
PD001884,20250218,A004,R030,L005,Noche,783,614,11.03,10.1,0.93
PD001885,20250503,A003,R008,L001,Noche,486,412,6.86,4.63,2.23
PD001886,20250110,A005,R004,L005,Noche,61,66,7.56,5.75,1.81
PD001887,20250408,A001,R022,L007,Día,644,689,7.49,5.25,2.24
PD001888,20250603,A005,R026,L001,Tarde,94,82,11.71,7.75,3.97
PD001889,20250303,A005,R005,L007,Noche,769,647,11.84,9.11,2.74
PD001890,20250425,A001,R010,L002,Noche,520,624,9.4,7.07,2.33
PD001891,20250612,A005,R012,L002,Noche,639,616,7.32,5.88,1.44
PD001892,20250126,A005,R025,L007,Tarde,326,294,6.04,5.4,0.63
PD001893,20250305,A001,R010,L004,Tarde,554,496,11.33,10.19,1.15
PD001894,20250109,A003,R028,L003,Día,855,938,7.09,5.58,1.51
PD001895,20250215,A002,R026,L004,Noche,544,507,8.55,6.99,1.56
PD001896,20250630,A003,R002,L001,Tarde,220,177,10.74,8.34,2.41
PD001897,20250502,A001,R015,L005,Tarde,387,339,8.05,6.63,1.42
PD001898,20250508,A006,R022,L007,Tarde,414,431,6.11,4.17,1.95
PD001899,20250512,A005,R001,L006,Día,213,231,7.12,6.49,0.63
PD001900,20250604,A004,R013,L006,Día,115,106,8.66,7.86,0.8
PD001901,20250423,A003,R017,L001,Noche,537,498,11.55,7.91,3.64
PD001902,20250525,A005,R003,L003,Tarde,569,545,8.26,5.71,2.54
PD001903,20250604,A001,R003,L006,Tarde,333,296,7.53,5.15,2.37
PD001904,20250609,A006,R011,L004,Noche,842,793,7.01,5.09,1.92
PD001905,20250513,A004,R022,L003,Tarde,243,249,7.91,7.24,0.67
PD001906,20250521,A005,R009,L004,Día,534,434,8.42,7.64,0.77
PD001907,20250407,A006,R022,L004,Tarde,540,570,8.68,7.48,1.2
PD001908,20250604,A003,R013,L006,Tarde,311,365,8.84,8.09,0.74
PD001909,20250103,A004,R027,L005,Día,670,839,6.56,4.51,2.05
PD001910,20250219,A006,R018,L004,Tarde,668,553,8.68,6.01,2.68
PD001911,20250225,A005,R014,L002,Tarde,594,661,9.13,7.23,1.9
PD001912,20250315,A002,R012,L006,Tarde,447,291,11.89,9.35,2.54
PD001913,20250222,A006,R023,L002,Día,426,318,6.22,4.52,1.7
PD001914,20250418,A004,R011,L006,Día,725,589,7.03,6.26,0.77
PD001915,20250306,A003,R011,L003,Tarde,711,800,10.7,8.0,2.69
PD001916,20250122,A001,R016,L007,Tarde,111,92,8.11,7.27,0.83
PD001917,20250226,A005,R009,L006,Noche,753,666,6.6,4.71,1.89
PD001918,20250419,A001,R023,L007,Noche,698,756,7.67,6.31,1.36
PD001919,20250619,A001,R027,L001,Tarde,851,839,11.0,7.99,3.01
PD001920,20250309,A005,R030,L004,Noche,530,510,6.93,5.36,1.57
PD001921,20250614,A005,R001,L002,Día,875,866,9.8,6.92,2.87
PD001922,20250408,A003,R022,L007,Noche,391,342,9.14,8.19,0.95
PD001923,20250203,A004,R027,L003,Día,221,192,8.06,6.94,1.13
PD001924,20250114,A001,R008,L001,Día,595,523,10.63,9.21,1.41
PD001925,20250627,A004,R005,L004,Tarde,250,196,8.49,7.48,1.01
PD001926,20250429,A002,R027,L004,Tarde,203,128,11.78,6.99,4.8
PD001927,20250622,A004,R022,L004,Día,501,444,9.91,7.25,2.66
PD001928,20250607,A004,R001,L001,Noche,120,113,9.92,7.93,1.99
PD001929,20250315,A001,R017,L007,Tarde,734,538,9.03,7.74,1.29
PD001930,20250515,A004,R006,L007,Tarde,307,262,6.84,4.68,2.17
PD001931,20250607,A004,R030,L004,Día,296,292,8.17,5.83,2.33
PD001932,20250602,A003,R006,L007,Tarde,370,392,7.66,6.36,1.31
PD001933,20250219,A002,R001,L007,Tarde,853,673,6.03,4.05,1.98
PD001934,20250513,A001,R028,L003,Noche,868,865,6.55,5.13,1.42
PD001935,20250621,A002,R011,L005,Día,497,346,9.66,7.68,1.98
PD001936,20250518,A004,R002,L006,Tarde,203,209,11.32,8.39,2.94
PD001937,20250424,A006,R030,L003,Día,525,485,8.81,6.44,2.37
PD001938,20250324,A004,R025,L002,Tarde,364,291,11.49,8.64,2.85
PD001939,20250330,A006,R003,L006,Día,874,829,7.47,5.31,2.16
PD001940,20250407,A006,R012,L001,Tarde,470,391,6.33,4.28,2.05
PD001941,20250131,A002,R002,L003,Día,861,682,9.71,5.65,4.07
PD001942,20250605,A004,R008,L001,Tarde,263,236,9.18,8.0,1.18
PD001943,20250324,A003,R024,L005,Noche,293,288,9.49,6.97,2.51
PD001944,20250118,A001,R026,L006,Día,815,919,11.53,9.23,2.3
PD001945,20250325,A002,R006,L001,Día,355,287,7.17,4.95,2.21
PD001946,20250607,A002,R019,L006,Tarde,591,480,9.9,6.42,3.48
PD001947,20250408,A006,R012,L002,Tarde,745,606,9.3,7.66,1.64
PD001948,20250414,A005,R008,L004,Día,497,409,9.77,7.01,2.76
PD001949,20250301,A001,R008,L001,Día,575,502,11.18,9.78,1.4
PD001950,20250316,A005,R018,L002,Tarde,888,810,10.58,7.78,2.79
PD001951,20250429,A004,R029,L001,Día,255,226,11.41,7.54,3.88
PD001952,20250421,A004,R007,L004,Tarde,767,851,9.7,7.7,1.99
PD001953,20250124,A002,R019,L001,Día,470,416,6.74,5.14,1.6
PD001954,20250501,A006,R027,L002,Noche,209,221,8.48,6.18,2.29
PD001955,20250414,A003,R026,L003,Noche,612,561,6.16,4.96,1.2
PD001956,20250201,A001,R009,L006,Noche,280,282,7.56,5.55,2.01
PD001957,20250501,A005,R002,L005,Día,108,102,11.33,9.88,1.45
PD001958,20250227,A002,R009,L001,Tarde,68,37,10.31,5.99,4.32
PD001959,20250512,A003,R026,L005,Tarde,828,650,9.56,8.3,1.25
PD001960,20250622,A004,R024,L006,Día,794,731,7.54,5.88,1.66
PD001961,20250225,A001,R026,L006,Noche,446,360,11.06,8.33,2.73
PD001962,20250313,A002,R007,L006,Tarde,89,68,9.66,5.64,4.03
PD001963,20250418,A005,R027,L002,Tarde,449,362,10.83,9.08,1.74
PD001964,20250522,A005,R025,L006,Día,157,143,8.29,5.66,2.64
PD001965,20250611,A005,R012,L005,Día,688,789,6.68,4.66,2.01
PD001966,20250621,A001,R018,L001,Tarde,113,142,11.16,9.25,1.9
PD001967,20250605,A005,R018,L006,Día,640,518,6.58,4.69,1.89
PD001968,20250521,A003,R030,L004,Día,529,487,9.68,7.09,2.59
PD001969,20250205,A002,R002,L004,Noche,213,154,9.6,6.89,2.72
PD001970,20250205,A002,R012,L001,Tarde,220,207,6.62,5.38,1.24
PD001971,20250125,A001,R025,L005,Día,528,507,9.09,8.12,0.97
PD001972,20250617,A004,R007,L003,Día,817,672,8.49,7.6,0.89
PD001973,20250508,A001,R012,L003,Noche,684,671,9.44,6.48,2.96
PD001974,20250310,A006,R009,L002,Día,120,116,8.45,5.61,2.84
PD001975,20250116,A005,R017,L002,Noche,487,486,6.04,4.04,2.0
PD001976,20250125,A001,R006,L003,Noche,230,263,10.15,6.81,3.34
PD001977,20250210,A005,R025,L003,Noche,158,173,9.22,6.13,3.09
PD001978,20250204,A001,R019,L001,Día,764,624,6.75,5.24,1.51
PD001979,20250211,A002,R015,L001,Tarde,465,425,7.57,4.97,2.6
PD001980,20250514,A001,R017,L004,Día,655,582,6.42,5.61,0.82
PD001981,20250404,A006,R013,L001,Día,214,199,11.54,9.79,1.75
PD001982,20250325,A002,R029,L006,Noche,305,260,10.45,6.77,3.67
PD001983,20250301,A006,R007,L001,Día,666,657,8.59,7.29,1.3
PD001984,20250506,A006,R005,L001,Tarde,834,722,7.13,6.04,1.09
PD001985,20250213,A001,R002,L002,Tarde,668,793,11.72,10.24,1.48
PD001986,20250316,A005,R020,L005,Día,676,536,6.04,4.8,1.24
PD001987,20250213,A005,R025,L007,Noche,584,542,10.77,8.08,2.69
PD001988,20250522,A001,R024,L007,Día,86,67,7.75,6.1,1.65
PD001989,20250512,A001,R008,L004,Noche,369,340,11.92,8.15,3.77
PD001990,20250212,A002,R026,L001,Día,156,126,8.97,5.16,3.81
PD001991,20250331,A002,R026,L005,Día,312,236,6.47,3.58,2.88
PD001992,20250408,A003,R017,L003,Noche,372,360,6.12,4.47,1.64
PD001993,20250209,A002,R003,L003,Día,656,437,6.09,4.81,1.28
PD001994,20250604,A002,R027,L003,Día,744,531,11.25,7.93,3.32
PD001995,20250225,A002,R024,L001,Día,165,129,6.64,4.32,2.32
PD001996,20250409,A005,R020,L002,Noche,240,256,9.82,7.95,1.86
PD001997,20250403,A005,R024,L001,Tarde,209,193,7.83,6.79,1.05
PD001998,20250509,A003,R019,L005,Día,601,319,8.75,6.46,2.3
PD001999,20250313,A006,R023,L001,Tarde,304,310,10.05,6.79,3.26
PD002000,20250207,A002,R013,L006,Tarde,588,411,9.45,8.19,1.26
PD002001,20250518,A001,R014,L007,Día,292,317,7.2,5.98,1.21
PD002002,20250511,A004,R025,L003,Día,738,581,10.29,9.24,1.05
PD002003,20250128,A004,R003,L005,Noche,739,767,11.03,8.44,2.59
PD002004,20250508,A005,R011,L005,Tarde,410,401,9.33,7.39,1.94
PD002005,20250220,A001,R008,L005,Noche,206,191,10.04,9.06,0.98
PD002006,20250518,A003,R024,L001,Día,360,347,8.75,7.06,1.69
PD002007,20250312,A001,R028,L001,Noche,522,513,6.28,5.1,1.18
PD002008,20250507,A002,R027,L007,Tarde,633,502,9.6,5.62,3.98
PD002009,20250424,A005,R002,L004,Día,512,471,6.36,5.22,1.14
PD002010,20250208,A001,R019,L007,Tarde,466,464,6.05,5.49,0.56
PD002011,20250210,A003,R018,L004,Tarde,335,303,6.73,5.18,1.55
PD002012,20250131,A002,R020,L007,Tarde,705,558,7.64,5.68,1.96
PD002013,20250310,A005,R030,L005,Noche,83,86,8.49,7.31,1.18
PD002014,20250531,A004,R016,L007,Día,823,645,11.26,8.55,2.71
PD002015,20250618,A004,R015,L002,Día,522,385,6.54,5.04,1.51
PD002016,20250415,A006,R006,L001,Día,735,683,10.01,8.66,1.35
PD002017,20250309,A001,R008,L002,Noche,455,442,8.08,5.37,2.71
PD002018,20250621,A003,R004,L004,Noche,415,355,8.51,6.46,2.05
PD002019,20250625,A006,R003,L006,Tarde,763,710,8.34,7.09,1.25
PD002020,20250624,A002,R012,L006,Noche,137,147,10.91,5.96,4.95
PD002021,20250301,A006,R022,L002,Día,353,280,11.47,9.86,1.61
PD002022,20250217,A005,R003,L004,Día,270,234,11.36,10.14,1.22
PD002023,20250611,A004,R007,L003,Tarde,332,334,8.09,6.29,1.8
PD002024,20250114,A006,R028,L002,Tarde,130,137,11.99,8.93,3.06
PD002025,20250326,A002,R005,L007,Día,486,325,9.49,6.22,3.28
PD002026,20250522,A006,R001,L007,Tarde,544,547,8.19,6.53,1.66
PD002027,20250614,A005,R015,L003,Día,678,744,7.48,6.32,1.16
PD002028,20250117,A006,R002,L004,Noche,306,325,10.26,9.39,0.86
PD002029,20250423,A006,R019,L004,Día,512,599,8.43,7.57,0.86
PD002030,20250301,A005,R005,L005,Día,458,430,9.09,7.6,1.49
PD002031,20250506,A005,R028,L001,Noche,74,65,8.48,7.39,1.09
PD002032,20250213,A004,R018,L006,Tarde,682,755,11.46,10.17,1.29
PD002033,20250523,A006,R027,L002,Tarde,596,585,7.95,6.93,1.02
PD002034,20250418,A003,R024,L004,Tarde,670,614,11.69,10.49,1.2
PD002035,20250103,A006,R001,L003,Tarde,224,228,8.05,6.28,1.77
PD002036,20250312,A003,R007,L007,Día,533,601,6.77,5.66,1.1
PD002037,20250421,A001,R007,L002,Noche,438,415,7.01,5.58,1.43
PD002038,20250331,A001,R003,L007,Noche,475,375,7.81,5.93,1.87
PD002039,20250125,A004,R002,L004,Día,316,267,8.51,6.06,2.45
PD002040,20250221,A003,R003,L002,Tarde,53,45,6.44,5.62,0.81
PD002041,20250304,A003,R027,L001,Día,890,665,9.29,6.71,2.58
PD002042,20250427,A004,R022,L001,Tarde,590,670,7.72,5.44,2.28
PD002043,20250125,A001,R027,L001,Día,780,834,8.56,6.01,2.55
PD002044,20250130,A006,R030,L003,Tarde,109,104,9.9,7.24,2.66
PD002045,20250128,A006,R025,L001,Noche,700,749,10.84,9.37,1.47
PD002046,20250619,A003,R019,L005,Tarde,521,533,10.21,7.16,3.05
PD002047,20250411,A004,R015,L003,Tarde,767,613,9.82,7.37,2.45
PD002048,20250304,A005,R007,L003,Noche,280,296,10.63,7.15,3.48
PD002049,20250618,A005,R016,L001,Día,172,172,6.76,5.97,0.78
PD002050,20250531,A003,R015,L001,Noche,595,505,7.86,5.81,2.05
PD002051,20250202,A002,R016,L004,Tarde,671,473,9.22,5.66,3.56
PD002052,20250325,A002,R001,L004,Tarde,128,121,9.56,6.37,3.19
PD002053,20250311,A002,R012,L001,Día,579,362,6.36,4.26,2.11
PD002054,20250314,A004,R027,L005,Día,430,351,7.8,5.77,2.03
PD002055,20250607,A004,R002,L004,Tarde,219,219,11.49,7.95,3.55
PD002056,20250621,A001,R008,L003,Noche,695,482,9.38,6.86,2.52
PD002057,20250517,A006,R025,L003,Día,853,817,8.15,5.92,2.23
PD002058,20250110,A005,R029,L001,Día,582,526,6.24,4.37,1.86
PD002059,20250610,A003,R010,L001,Día,800,848,7.38,5.49,1.9
PD002060,20250426,A004,R001,L003,Día,376,341,7.23,6.42,0.8
PD002061,20250515,A004,R011,L005,Tarde,563,519,7.38,6.57,0.81
PD002062,20250610,A003,R008,L001,Día,531,619,9.47,6.61,2.87
PD002063,20250507,A003,R005,L001,Noche,273,317,10.41,8.93,1.49
PD002064,20250102,A005,R014,L006,Tarde,201,178,8.36,7.2,1.16
PD002065,20250519,A003,R014,L007,Día,84,81,9.51,7.59,1.92
PD002066,20250514,A004,R021,L003,Tarde,380,381,7.97,6.63,1.34
PD002067,20250613,A006,R024,L007,Tarde,543,571,9.83,8.86,0.97
PD002068,20250623,A001,R001,L002,Día,212,191,6.71,6.06,0.65
PD002069,20250217,A004,R011,L001,Tarde,692,706,7.98,6.69,1.29
PD002070,20250515,A005,R023,L006,Tarde,720,617,11.11,8.67,2.43
PD002071,20250628,A004,R030,L004,Noche,162,141,8.99,7.36,1.63
PD002072,20250327,A004,R006,L001,Tarde,366,332,6.22,5.14,1.07
PD002073,20250625,A002,R018,L001,Día,391,296,11.82,9.1,2.73
PD002074,20250629,A002,R011,L001,Día,781,813,7.97,5.96,2.0
PD002075,20250130,A005,R011,L004,Día,466,458,11.75,9.46,2.29
PD002076,20250520,A005,R013,L002,Tarde,245,199,6.53,5.46,1.07
PD002077,20250507,A004,R006,L001,Tarde,701,585,8.28,6.3,1.98
PD002078,20250601,A001,R020,L002,Día,552,571,9.58,6.76,2.82
PD002079,20250402,A002,R001,L003,Noche,630,451,8.55,6.15,2.4
PD002080,20250504,A006,R020,L003,Día,641,647,7.04,5.41,1.63
PD002081,20250226,A001,R002,L004,Noche,208,197,7.88,7.0,0.88
PD002082,20250110,A003,R026,L002,Día,96,99,11.8,7.9,3.9
PD002083,20250223,A003,R025,L006,Noche,814,674,8.16,7.12,1.04
PD002084,20250509,A004,R015,L005,Día,813,784,11.3,9.21,2.09
PD002085,20250406,A005,R027,L003,Día,146,147,11.75,10.49,1.26
PD002086,20250523,A004,R029,L005,Noche,654,600,9.6,8.77,0.83
PD002087,20250310,A005,R011,L002,Tarde,109,104,11.49,7.69,3.8
PD002088,20250621,A006,R029,L007,Tarde,306,247,10.23,8.95,1.28
PD002089,20250623,A006,R019,L002,Noche,134,104,7.11,6.37,0.74
PD002090,20250426,A005,R028,L003,Noche,882,948,9.88,8.13,1.76
PD002091,20250127,A006,R028,L004,Día,409,499,7.23,6.09,1.14
PD002092,20250207,A006,R025,L001,Noche,414,396,11.12,9.94,1.18
PD002093,20250402,A005,R016,L005,Día,891,1035,8.3,7.13,1.17
PD002094,20250419,A004,R008,L005,Tarde,548,416,7.22,5.23,1.98
PD002095,20250601,A004,R026,L007,Tarde,114,123,7.32,5.56,1.76
PD002096,20250321,A003,R025,L004,Día,812,684,7.51,6.67,0.85
PD002097,20250119,A004,R028,L004,Noche,551,566,11.9,8.96,2.94
PD002098,20250520,A006,R030,L007,Noche,334,362,10.27,8.79,1.48
PD002099,20250518,A002,R030,L005,Día,422,366,10.17,6.99,3.19
PD002100,20250113,A001,R028,L003,Día,285,300,9.35,6.27,3.09
PD002101,20250213,A001,R015,L003,Noche,258,288,7.86,5.55,2.31
PD002102,20250122,A001,R021,L004,Día,865,789,6.05,5.32,0.73
PD002103,20250402,A003,R013,L007,Día,555,535,7.31,5.96,1.35
PD002104,20250519,A004,R024,L007,Noche,278,248,6.05,5.21,0.84
PD002105,20250601,A003,R001,L006,Tarde,67,76,6.72,5.93,0.78
PD002106,20250502,A001,R008,L004,Día,224,205,10.15,8.85,1.3
PD002107,20250125,A001,R028,L001,Noche,562,549,10.49,9.0,1.48
PD002108,20250602,A004,R020,L007,Noche,352,289,9.29,8.4,0.89
PD002109,20250512,A003,R011,L002,Tarde,455,530,10.71,9.38,1.33
PD002110,20250226,A002,R018,L007,Día,99,93,11.79,6.82,4.97
PD002111,20250215,A003,R009,L004,Noche,872,699,8.34,7.61,0.73
PD002112,20250311,A003,R002,L004,Tarde,153,163,7.18,6.01,1.17
PD002113,20250618,A001,R029,L007,Día,177,152,7.04,5.89,1.16
PD002114,20250217,A003,R002,L004,Noche,756,690,11.62,9.37,2.24
PD002115,20250214,A006,R028,L005,Tarde,377,229,7.65,6.52,1.13
PD002116,20250119,A003,R029,L001,Noche,630,576,11.22,7.54,3.68
PD002117,20250524,A006,R021,L006,Día,163,145,9.05,7.36,1.69
PD002118,20250513,A004,R021,L007,Tarde,704,702,9.16,7.19,1.97
PD002119,20250502,A004,R010,L004,Día,756,632,6.39,5.79,0.6
PD002120,20250326,A003,R003,L002,Día,115,105,11.22,8.99,2.23
PD002121,20250609,A002,R013,L001,Tarde,403,306,7.26,5.21,2.04
PD002122,20250216,A003,R012,L002,Tarde,625,627,10.9,8.42,2.48
PD002123,20250315,A003,R012,L005,Noche,464,544,7.48,5.16,2.32
PD002124,20250607,A004,R022,L001,Noche,784,617,10.84,7.16,3.68
PD002125,20250423,A003,R021,L005,Tarde,453,417,10.64,8.36,2.28
PD002126,20250521,A002,R025,L006,Tarde,80,47,9.84,8.31,1.53
PD002127,20250418,A003,R018,L001,Tarde,730,725,10.25,9.3,0.94
PD002128,20250305,A003,R003,L004,Día,536,515,10.32,7.16,3.15
PD002129,20250220,A003,R002,L004,Noche,495,350,8.22,6.18,2.04
PD002130,20250107,A006,R021,L004,Tarde,169,178,9.58,8.11,1.47
PD002131,20250207,A006,R010,L004,Día,212,186,7.42,5.41,2.01
PD002132,20250315,A001,R004,L004,Noche,335,295,9.01,6.83,2.17
PD002133,20250218,A005,R017,L005,Tarde,491,411,7.13,5.81,1.32
PD002134,20250409,A001,R018,L006,Día,642,824,11.24,8.74,2.49
PD002135,20250215,A006,R028,L001,Tarde,569,458,7.46,5.2,2.26
PD002136,20250404,A002,R006,L003,Día,761,691,10.76,9.39,1.36
PD002137,20250417,A003,R010,L007,Día,874,892,11.46,9.56,1.9
PD002138,20250322,A002,R006,L002,Tarde,586,508,8.94,4.97,3.97
PD002139,20250125,A002,R015,L005,Día,828,721,10.97,5.99,4.99
PD002140,20250204,A003,R010,L005,Noche,459,409,11.44,7.76,3.69
PD002141,20250201,A002,R017,L005,Tarde,327,205,11.16,6.92,4.24
PD002142,20250119,A005,R028,L007,Día,503,398,10.73,7.12,3.61
PD002143,20250611,A001,R012,L006,Día,224,202,9.21,7.78,1.43
PD002144,20250223,A003,R007,L003,Tarde,116,136,10.81,9.24,1.58
PD002145,20250514,A005,R013,L004,Noche,467,490,7.04,4.88,2.16
PD002146,20250409,A006,R007,L007,Tarde,531,534,11.87,8.86,3.02
PD002147,20250304,A005,R030,L005,Tarde,50,51,8.6,6.93,1.66
PD002148,20250129,A003,R030,L004,Día,598,552,9.46,8.28,1.18
PD002149,20250412,A005,R027,L003,Día,402,356,6.42,4.5,1.91
PD002150,20250108,A006,R030,L005,Tarde,230,250,7.26,5.3,1.96
PD002151,20250426,A003,R012,L001,Día,175,188,9.0,7.88,1.12
PD002152,20250317,A005,R016,L004,Tarde,634,710,11.94,8.34,3.6
PD002153,20250410,A004,R007,L006,Día,449,391,10.94,9.09,1.85
PD002154,20250411,A004,R028,L006,Tarde,553,493,11.87,8.17,3.7
PD002155,20250629,A005,R028,L007,Tarde,514,541,11.89,10.21,1.67
PD002156,20250415,A005,R018,L002,Noche,699,699,6.56,4.53,2.03
PD002157,20250630,A002,R014,L002,Noche,475,488,7.58,6.47,1.1
PD002158,20250323,A001,R017,L005,Tarde,66,66,9.25,6.38,2.87
PD002159,20250128,A006,R019,L001,Tarde,514,454,8.96,7.12,1.84
PD002160,20250127,A002,R023,L001,Tarde,881,615,7.41,6.03,1.38
PD002161,20250420,A004,R029,L004,Noche,436,436,6.71,5.81,0.89
PD002162,20250627,A001,R002,L003,Tarde,892,809,8.62,6.47,2.15
PD002163,20250327,A003,R003,L004,Noche,796,824,8.2,6.33,1.87
PD002164,20250430,A002,R025,L007,Noche,546,529,6.37,3.5,2.86
PD002165,20250205,A006,R015,L004,Noche,796,901,7.58,5.17,2.41
PD002166,20250523,A002,R026,L001,Tarde,495,300,9.2,6.81,2.4
PD002167,20250218,A006,R025,L006,Día,442,426,7.21,5.56,1.65
PD002168,20250208,A005,R015,L006,Noche,580,549,10.71,7.98,2.73
PD002169,20250327,A004,R029,L007,Día,247,319,9.3,8.09,1.2
PD002170,20250414,A004,R027,L003,Día,73,55,8.08,5.54,2.54
PD002171,20250118,A006,R001,L001,Día,655,615,6.5,4.76,1.74
PD002172,20250116,A002,R016,L006,Día,538,496,7.39,5.9,1.49
PD002173,20250227,A006,R014,L002,Tarde,455,421,6.98,5.65,1.33
PD002174,20250413,A005,R019,L004,Noche,781,771,6.49,5.54,0.95
PD002175,20250621,A006,R020,L006,Noche,699,676,11.13,7.61,3.52
PD002176,20250512,A002,R002,L004,Tarde,228,177,9.63,5.66,3.97
PD002177,20250528,A006,R016,L002,Noche,581,395,7.83,6.56,1.27
PD002178,20250223,A005,R018,L005,Tarde,206,179,10.78,8.33,2.46
PD002179,20250320,A002,R024,L006,Noche,241,148,9.15,6.12,3.03
PD002180,20250531,A004,R024,L002,Día,421,433,8.95,6.77,2.19
PD002181,20250519,A004,R009,L006,Tarde,431,446,9.83,7.27,2.56
PD002182,20250313,A001,R013,L007,Tarde,302,298,8.73,6.0,2.73
PD002183,20250319,A004,R024,L007,Noche,529,410,7.89,6.11,1.78
PD002184,20250401,A004,R028,L004,Día,534,511,6.68,4.6,2.08
PD002185,20250510,A005,R029,L006,Noche,456,441,11.82,8.77,3.05
PD002186,20250623,A006,R023,L001,Día,790,949,10.99,9.2,1.79
PD002187,20250329,A001,R008,L001,Noche,314,263,7.5,5.63,1.87
PD002188,20250613,A004,R016,L005,Día,623,600,6.54,4.97,1.57
PD002189,20250404,A002,R005,L003,Día,650,456,11.69,6.84,4.85
PD002190,20250325,A001,R023,L005,Día,753,602,10.01,7.95,2.06
PD002191,20250204,A001,R023,L006,Tarde,410,383,6.26,4.51,1.74
PD002192,20250124,A003,R017,L004,Tarde,165,118,11.12,9.01,2.11
PD002193,20250124,A003,R003,L001,Tarde,102,99,9.55,7.22,2.33
PD002194,20250103,A006,R011,L001,Noche,57,53,10.81,8.93,1.88
PD002195,20250514,A002,R025,L004,Noche,103,71,10.29,8.89,1.4
PD002196,20250318,A004,R003,L001,Noche,471,405,8.59,6.23,2.35
PD002197,20250213,A005,R012,L002,Noche,838,881,9.56,8.05,1.51
PD002198,20250409,A006,R006,L003,Día,62,64,10.37,6.96,3.41
PD002199,20250413,A001,R013,L005,Tarde,809,958,6.74,4.77,1.98
PD002200,20250314,A002,R012,L007,Tarde,766,467,7.92,6.19,1.73
PD002201,20250322,A005,R029,L001,Noche,754,635,11.66,10.05,1.61
PD002202,20250614,A001,R030,L001,Noche,306,258,10.96,9.94,1.02
PD002203,20250121,A006,R016,L005,Tarde,651,657,8.04,6.59,1.46
PD002204,20250528,A002,R025,L004,Tarde,377,327,10.56,7.28,3.28
PD002205,20250117,A002,R010,L006,Noche,76,64,10.79,6.98,3.81
PD002206,20250416,A004,R020,L006,Noche,858,978,11.72,7.87,3.85
PD002207,20250204,A003,R027,L005,Noche,213,211,8.22,7.2,1.02
PD002208,20250304,A003,R013,L004,Día,445,306,7.77,5.49,2.28
PD002209,20250527,A002,R019,L007,Tarde,419,313,6.54,5.01,1.54
PD002210,20250628,A006,R016,L007,Tarde,659,637,9.76,7.73,2.04
PD002211,20250412,A004,R001,L005,Noche,769,700,7.98,6.35,1.63
PD002212,20250111,A002,R021,L001,Día,333,256,10.97,5.96,5.02
PD002213,20250102,A003,R003,L002,Noche,240,257,9.63,7.03,2.6
PD002214,20250508,A006,R019,L002,Tarde,250,222,11.3,9.79,1.5
PD002215,20250422,A005,R012,L006,Día,663,532,10.44,9.4,1.04
PD002216,20250305,A005,R011,L002,Día,868,1009,11.59,10.1,1.49
PD002217,20250322,A004,R013,L006,Tarde,80,86,8.75,7.24,1.51
PD002218,20250302,A001,R023,L003,Tarde,862,877,7.4,6.07,1.32
PD002219,20250104,A005,R012,L004,Día,350,328,10.14,8.66,1.48
PD002220,20250318,A004,R026,L007,Noche,880,828,10.47,8.08,2.39
PD002221,20250530,A001,R011,L002,Tarde,452,528,8.09,7.28,0.81
PD002222,20250211,A002,R025,L006,Noche,180,140,10.85,7.22,3.64
PD002223,20250622,A002,R022,L006,Día,894,737,6.12,5.05,1.06
PD002224,20250416,A002,R017,L004,Tarde,654,556,10.99,8.04,2.95
PD002225,20250111,A004,R019,L002,Tarde,323,311,6.82,5.6,1.21
PD002226,20250604,A003,R016,L004,Tarde,365,322,6.03,5.26,0.77
PD002227,20250515,A006,R020,L003,Tarde,238,207,11.05,7.92,3.14
PD002228,20250613,A005,R026,L004,Día,507,483,7.27,6.21,1.06
PD002229,20250616,A001,R027,L007,Noche,305,318,10.27,7.14,3.13
PD002230,20250309,A002,R023,L007,Noche,552,367,8.07,6.08,1.98
PD002231,20250429,A006,R011,L001,Noche,78,76,8.81,6.3,2.51
PD002232,20250309,A006,R019,L005,Tarde,534,454,11.48,8.28,3.2
PD002233,20250101,A006,R009,L005,Noche,153,172,8.57,6.7,1.87
PD002234,20250610,A005,R028,L002,Día,543,583,6.65,5.06,1.59
PD002235,20250629,A005,R019,L002,Noche,390,409,9.37,8.01,1.36
PD002236,20250315,A002,R020,L003,Tarde,448,382,10.69,8.05,2.64
PD002237,20250120,A001,R002,L003,Noche,286,334,9.14,6.19,2.95
PD002238,20250405,A003,R014,L005,Noche,634,670,9.4,8.54,0.86
PD002239,20250423,A006,R019,L003,Día,328,298,10.83,7.27,3.56
PD002240,20250421,A003,R019,L004,Tarde,331,343,8.08,5.82,2.26
PD002241,20250127,A005,R016,L005,Noche,75,69,10.05,7.49,2.56
PD002242,20250606,A006,R023,L006,Noche,494,493,8.13,5.5,2.63
PD002243,20250427,A002,R019,L001,Día,559,375,10.95,7.82,3.13
PD002244,20250310,A002,R025,L001,Noche,168,132,10.12,8.47,1.65
PD002245,20250320,A004,R025,L007,Día,363,345,11.61,9.54,2.07
PD002246,20250315,A005,R015,L004,Día,625,574,10.09,7.34,2.75
PD002247,20250611,A006,R022,L007,Día,632,616,8.85,6.65,2.2
PD002248,20250629,A003,R022,L007,Tarde,625,482,10.6,7.4,3.21
PD002249,20250303,A004,R012,L006,Día,316,280,6.31,4.43,1.88
PD002250,20250404,A006,R018,L001,Noche,99,103,6.71,5.05,1.66
PD002251,20250130,A006,R019,L006,Noche,794,774,8.86,6.9,1.96
PD002252,20250330,A004,R009,L007,Noche,189,169,9.36,7.14,2.22
PD002253,20250131,A005,R016,L001,Tarde,770,740,8.18,5.98,2.21
PD002254,20250525,A002,R001,L007,Noche,696,634,6.77,5.92,0.85
PD002255,20250207,A001,R003,L006,Noche,720,707,11.75,10.47,1.28
PD002256,20250128,A006,R001,L006,Tarde,775,787,10.55,9.1,1.45
PD002257,20250429,A003,R014,L006,Tarde,735,522,9.2,6.82,2.38
PD002258,20250318,A004,R016,L006,Día,100,98,8.72,6.89,1.83
PD002259,20250501,A002,R009,L006,Tarde,192,125,11.12,7.79,3.33
PD002260,20250109,A003,R021,L006,Tarde,782,768,6.07,5.58,0.49
PD002261,20250627,A004,R019,L003,Día,202,220,6.09,5.58,0.51
PD002262,20250427,A003,R018,L005,Noche,525,526,7.5,5.09,2.41
PD002263,20250217,A004,R020,L003,Tarde,225,217,9.07,6.54,2.53
PD002264,20250327,A002,R023,L001,Día,663,392,10.9,8.32,2.58
PD002265,20250307,A004,R025,L007,Día,663,608,6.58,5.66,0.92
PD002266,20250129,A006,R003,L003,Tarde,154,135,10.38,7.85,2.54
PD002267,20250524,A003,R011,L003,Día,701,584,7.56,5.26,2.3
PD002268,20250228,A002,R002,L004,Día,841,638,10.72,6.27,4.45
PD002269,20250207,A005,R012,L007,Día,442,335,7.98,5.58,2.39
PD002270,20250629,A002,R012,L004,Noche,442,373,11.32,9.53,1.8
PD002271,20250110,A002,R006,L002,Día,134,107,11.62,10.26,1.36
PD002272,20250423,A006,R019,L006,Tarde,192,181,7.94,7.26,0.68
PD002273,20250620,A005,R003,L002,Día,128,125,6.22,4.41,1.81
PD002274,20250223,A006,R006,L007,Día,466,303,8.86,8.05,0.81
PD002275,20250202,A001,R020,L003,Tarde,324,349,9.41,6.74,2.67
PD002276,20250529,A004,R016,L003,Noche,861,1007,10.5,9.25,1.25
PD002277,20250524,A004,R022,L006,Día,54,54,7.36,6.39,0.97
PD002278,20250503,A005,R009,L001,Tarde,764,734,9.23,6.74,2.49
PD002279,20250414,A002,R002,L004,Día,360,305,8.3,7.15,1.14
PD002280,20250507,A006,R007,L007,Noche,656,534,8.23,6.32,1.91
PD002281,20250615,A006,R025,L004,Noche,774,774,6.4,4.97,1.43
PD002282,20250309,A005,R018,L004,Día,784,652,10.47,9.42,1.05
PD002283,20250626,A004,R004,L006,Tarde,607,468,11.57,8.95,2.62
PD002284,20250526,A006,R004,L005,Tarde,209,180,10.24,8.86,1.37
PD002285,20250604,A004,R008,L004,Tarde,528,611,10.82,7.64,3.18
PD002286,20250403,A003,R009,L004,Día,813,637,7.6,6.87,0.73
PD002287,20250630,A004,R016,L007,Día,309,353,11.3,8.76,2.54
PD002288,20250404,A004,R026,L002,Noche,836,951,6.37,5.45,0.92
PD002289,20250525,A004,R030,L005,Día,697,616,8.78,5.91,2.88
PD002290,20250408,A002,R005,L002,Día,839,624,9.65,7.78,1.86
PD002291,20250514,A001,R007,L007,Noche,451,351,10.63,7.46,3.17
PD002292,20250621,A004,R001,L005,Noche,288,307,6.59,6.03,0.56
PD002293,20250408,A004,R023,L004,Tarde,224,232,10.24,9.14,1.11
PD002294,20250224,A003,R026,L005,Tarde,195,226,7.45,6.42,1.03
PD002295,20250513,A006,R018,L003,Tarde,233,211,7.33,5.59,1.74
PD002296,20250211,A003,R022,L002,Noche,797,742,8.21,6.38,1.83
PD002297,20250304,A005,R005,L003,Día,816,854,7.35,5.42,1.92
PD002298,20250424,A001,R020,L005,Noche,366,299,10.33,8.43,1.9
PD002299,20250207,A006,R021,L003,Noche,486,431,11.71,8.85,2.86
PD002300,20250506,A004,R027,L002,Noche,78,75,10.01,7.33,2.68
PD002301,20250328,A005,R006,L005,Día,130,117,7.47,5.12,2.34
PD002302,20250327,A005,R030,L005,Día,770,725,7.72,5.48,2.24
PD002303,20250123,A003,R017,L007,Tarde,301,259,6.69,5.4,1.29
PD002304,20250510,A001,R008,L003,Tarde,96,107,7.74,6.59,1.15
PD002305,20250620,A003,R015,L001,Noche,548,470,10.67,9.33,1.34
PD002306,20250129,A002,R018,L006,Tarde,564,301,11.51,9.98,1.53
PD002307,20250112,A006,R021,L003,Noche,883,902,11.49,7.64,3.85
PD002308,20250111,A001,R024,L004,Tarde,877,837,7.45,4.96,2.49
PD002309,20250327,A003,R008,L006,Tarde,632,569,6.59,5.0,1.59
PD002310,20250524,A002,R018,L004,Tarde,877,779,11.16,9.62,1.53
PD002311,20250406,A005,R018,L004,Noche,845,869,10.66,7.48,3.18
PD002312,20250525,A005,R004,L006,Tarde,525,588,6.05,4.15,1.9
PD002313,20250428,A004,R019,L001,Día,495,513,6.81,4.86,1.95
PD002314,20250306,A005,R023,L006,Tarde,115,124,9.08,6.46,2.61
PD002315,20250209,A006,R003,L006,Noche,374,372,6.37,5.05,1.32
PD002316,20250608,A002,R011,L001,Tarde,618,346,6.84,4.29,2.55
PD002317,20250409,A002,R005,L004,Tarde,687,496,7.59,4.58,3.01
PD002318,20250627,A002,R017,L007,Noche,715,494,11.22,9.09,2.13
PD002319,20250406,A001,R029,L004,Día,619,629,6.92,4.99,1.93
PD002320,20250102,A002,R018,L005,Noche,741,586,7.53,6.12,1.41
PD002321,20250513,A005,R013,L001,Noche,732,730,9.77,7.1,2.66
PD002322,20250417,A001,R026,L007,Noche,352,266,9.03,6.75,2.28
PD002323,20250505,A002,R002,L001,Día,310,285,7.91,6.03,1.88
PD002324,20250218,A001,R014,L005,Noche,625,656,11.56,9.31,2.25
PD002325,20250621,A003,R016,L002,Noche,884,1028,11.26,9.38,1.88
PD002326,20250606,A001,R021,L003,Noche,462,381,11.66,8.29,3.36
PD002327,20250323,A002,R014,L003,Día,734,659,9.11,7.76,1.34
PD002328,20250320,A003,R020,L004,Día,876,933,7.59,5.86,1.73
PD002329,20250117,A001,R028,L005,Noche,754,816,10.53,8.01,2.52
PD002330,20250428,A001,R024,L003,Tarde,543,549,9.04,6.59,2.45
PD002331,20250606,A003,R014,L004,Noche,494,405,6.15,5.63,0.52
PD002332,20250324,A004,R019,L001,Tarde,199,208,7.07,5.18,1.89
PD002333,20250102,A004,R022,L003,Tarde,238,194,11.05,7.92,3.13
PD002334,20250522,A003,R008,L006,Tarde,610,610,8.81,5.98,2.83
PD002335,20250409,A002,R002,L003,Día,715,608,10.22,9.0,1.22
PD002336,20250214,A004,R013,L004,Noche,213,246,10.72,8.4,2.32
PD002337,20250521,A005,R017,L002,Tarde,832,767,6.65,4.65,1.99
PD002338,20250407,A003,R011,L007,Día,801,955,8.53,6.49,2.03
PD002339,20250526,A005,R022,L001,Noche,402,306,11.87,10.09,1.78
PD002340,20250508,A006,R013,L002,Noche,638,607,8.51,7.82,0.69
PD002341,20250331,A001,R017,L002,Día,865,961,6.03,4.65,1.38
PD002342,20250203,A003,R003,L006,Día,461,388,8.17,6.76,1.4
PD002343,20250113,A003,R009,L004,Día,609,611,8.59,6.93,1.66
PD002344,20250401,A005,R025,L005,Noche,539,502,8.17,5.76,2.41
PD002345,20250321,A004,R005,L005,Noche,393,344,10.36,8.12,2.23
PD002346,20250512,A003,R029,L006,Tarde,847,813,7.17,5.25,1.92
PD002347,20250424,A005,R005,L005,Noche,226,179,8.07,5.57,2.5
PD002348,20250210,A002,R008,L002,Tarde,696,491,9.85,8.28,1.57
PD002349,20250225,A005,R019,L004,Noche,586,530,8.36,7.05,1.31
PD002350,20250127,A003,R029,L006,Día,435,383,9.3,8.28,1.02
PD002351,20250130,A006,R030,L005,Noche,270,265,10.82,7.31,3.51
PD002352,20250329,A002,R016,L005,Día,218,136,10.77,6.67,4.1
PD002353,20250411,A005,R007,L007,Día,165,165,10.03,6.97,3.06
PD002354,20250513,A004,R005,L003,Tarde,330,346,11.01,8.11,2.9
PD002355,20250603,A003,R010,L001,Tarde,94,75,10.11,7.56,2.55
PD002356,20250414,A002,R012,L001,Día,792,470,8.74,5.27,3.47
PD002357,20250101,A006,R006,L001,Tarde,790,665,7.31,5.86,1.44
PD002358,20250603,A001,R003,L006,Día,707,660,6.59,4.89,1.69
PD002359,20250224,A001,R015,L002,Día,660,584,9.31,7.98,1.33
PD002360,20250425,A004,R013,L007,Tarde,327,335,8.37,5.85,2.52
PD002361,20250114,A001,R018,L005,Tarde,240,239,10.02,7.59,2.42
PD002362,20250220,A004,R003,L005,Tarde,795,764,6.77,5.16,1.62
PD002363,20250326,A001,R024,L001,Día,665,638,6.19,4.88,1.3
PD002364,20250114,A004,R025,L002,Tarde,323,372,11.16,9.55,1.62
PD002365,20250628,A005,R023,L005,Día,742,800,7.1,6.43,0.67
PD002366,20250517,A005,R024,L006,Día,809,712,9.51,8.13,1.38
PD002367,20250309,A005,R008,L004,Noche,898,795,8.2,5.75,2.45
PD002368,20250312,A005,R015,L001,Tarde,116,91,6.52,4.83,1.69
PD002369,20250604,A004,R010,L002,Noche,591,549,9.3,7.27,2.03
PD002370,20250226,A002,R006,L001,Noche,519,479,6.2,4.4,1.8
PD002371,20250619,A006,R011,L003,Día,292,278,10.19,8.18,2.02
PD002372,20250625,A004,R023,L003,Día,254,228,10.26,7.25,3.01
PD002373,20250125,A005,R016,L003,Día,583,543,9.75,8.29,1.46
PD002374,20250523,A002,R011,L004,Día,868,638,10.12,8.93,1.19
PD002375,20250217,A006,R003,L006,Tarde,844,841,10.37,8.56,1.81
PD002376,20250309,A002,R009,L007,Tarde,277,222,9.89,6.53,3.36
PD002377,20250601,A003,R016,L001,Día,181,155,10.03,7.93,2.1
PD002378,20250312,A001,R005,L005,Día,155,136,6.34,4.57,1.77
PD002379,20250421,A001,R004,L007,Día,722,698,10.74,8.93,1.81
PD002380,20250505,A001,R012,L004,Día,487,513,9.86,8.93,0.93
PD002381,20250311,A002,R009,L004,Tarde,538,515,10.67,8.61,2.05
PD002382,20250420,A006,R018,L005,Tarde,432,414,7.11,6.24,0.87
PD002383,20250508,A006,R016,L005,Noche,487,355,6.99,5.81,1.18
PD002384,20250502,A001,R019,L006,Día,684,639,8.11,6.03,2.08
PD002385,20250122,A006,R011,L005,Tarde,812,857,8.18,6.47,1.71
PD002386,20250605,A003,R029,L007,Noche,532,592,10.77,8.5,2.27
PD002387,20250309,A006,R027,L004,Día,869,566,7.54,5.23,2.31
PD002388,20250117,A001,R006,L006,Día,773,726,10.01,8.95,1.06
PD002389,20250531,A006,R006,L003,Día,243,208,8.91,7.62,1.29
PD002390,20250215,A004,R026,L006,Noche,778,695,8.82,6.42,2.39
PD002391,20250413,A006,R001,L006,Tarde,144,152,8.81,7.39,1.42
PD002392,20250323,A003,R012,L002,Noche,713,685,6.21,5.16,1.05
PD002393,20250425,A006,R011,L002,Tarde,196,172,8.63,6.59,2.04
PD002394,20250602,A006,R019,L006,Noche,57,58,6.12,5.14,0.98
PD002395,20250303,A004,R010,L002,Noche,685,609,7.92,5.71,2.22
PD002396,20250221,A004,R030,L003,Día,717,606,11.65,10.68,0.97
PD002397,20250115,A006,R022,L006,Día,68,77,6.51,4.36,2.16
PD002398,20250401,A005,R017,L006,Noche,354,344,9.61,7.8,1.81
PD002399,20250614,A003,R016,L004,Día,773,644,9.92,6.96,2.96
PD002400,20250415,A006,R026,L001,Tarde,183,147,11.15,9.08,2.07
PD002401,20250510,A004,R007,L003,Tarde,323,338,11.7,9.61,2.09
PD002402,20250621,A006,R030,L006,Tarde,483,401,10.87,9.27,1.6
PD002403,20250424,A003,R008,L005,Tarde,645,574,7.93,5.9,2.03
PD002404,20250217,A003,R025,L006,Día,477,480,6.38,5.63,0.75
PD002405,20250512,A003,R028,L007,Noche,109,94,9.97,7.39,2.57
PD002406,20250403,A003,R023,L002,Noche,113,97,12.0,10.18,1.82
PD002407,20250411,A004,R004,L004,Tarde,383,313,7.78,7.0,0.78
PD002408,20250217,A005,R018,L001,Día,386,364,9.71,6.71,3.0
PD002409,20250402,A004,R004,L005,Noche,367,341,7.89,6.81,1.08
PD002410,20250316,A006,R008,L005,Tarde,870,792,6.11,4.77,1.34
PD002411,20250409,A003,R017,L006,Tarde,85,77,11.29,8.34,2.94
PD002412,20250402,A004,R023,L003,Tarde,471,477,9.33,7.48,1.85
PD002413,20250426,A001,R020,L004,Día,865,771,10.79,7.51,3.28
PD002414,20250111,A001,R014,L001,Tarde,512,494,11.98,10.51,1.47
PD002415,20250215,A003,R002,L005,Tarde,801,834,11.93,7.96,3.97
PD002416,20250404,A003,R022,L004,Noche,744,727,7.72,6.49,1.23
PD002417,20250501,A003,R030,L006,Tarde,184,209,9.37,6.23,3.14
PD002418,20250214,A003,R029,L002,Noche,870,821,8.83,7.48,1.35
PD002419,20250119,A002,R018,L006,Tarde,390,303,10.5,6.34,4.16
PD002420,20250516,A006,R022,L002,Noche,871,705,11.94,9.38,2.55
PD002421,20250326,A003,R009,L007,Día,795,573,9.52,6.94,2.58
PD002422,20250211,A004,R007,L007,Noche,883,752,11.46,8.32,3.14
PD002423,20250204,A005,R019,L007,Día,288,252,9.58,8.67,0.91
PD002424,20250427,A004,R023,L005,Día,655,671,7.9,6.45,1.46
PD002425,20250529,A002,R007,L002,Tarde,341,360,10.42,6.05,4.37
PD002426,20250523,A002,R016,L007,Noche,715,554,7.49,6.47,1.02
PD002427,20250605,A004,R015,L001,Tarde,654,568,6.12,5.36,0.76
PD002428,20250607,A005,R030,L006,Tarde,348,322,6.95,4.71,2.25
PD002429,20250419,A003,R004,L005,Noche,113,100,9.22,8.38,0.84
PD002430,20250201,A006,R012,L003,Noche,800,805,9.27,8.32,0.95
PD002431,20250218,A005,R001,L002,Día,862,877,11.35,10.0,1.35
PD002432,20250308,A004,R014,L001,Día,336,284,7.33,5.28,2.05
PD002433,20250108,A005,R013,L003,Noche,743,741,10.79,9.56,1.23
PD002434,20250608,A001,R003,L004,Día,382,377,11.06,7.75,3.31
PD002435,20250610,A005,R006,L002,Día,126,111,7.54,5.91,1.63
PD002436,20250611,A006,R009,L001,Día,120,111,10.88,7.28,3.6
PD002437,20250619,A003,R018,L006,Día,402,375,8.97,6.17,2.8
PD002438,20250322,A002,R018,L007,Noche,515,359,7.94,6.81,1.13
PD002439,20250303,A006,R026,L002,Tarde,69,60,6.74,4.93,1.82
PD002440,20250430,A001,R014,L002,Tarde,859,821,9.27,8.1,1.17
PD002441,20250614,A004,R021,L003,Noche,685,552,6.72,5.72,1.0
PD002442,20250314,A006,R007,L003,Noche,796,804,6.15,5.6,0.56
PD002443,20250331,A006,R025,L005,Noche,600,663,9.13,6.91,2.22
PD002444,20250131,A006,R021,L003,Noche,527,475,10.41,7.28,3.13
PD002445,20250228,A002,R026,L003,Tarde,306,257,7.92,6.86,1.06
PD002446,20250206,A004,R025,L001,Día,781,569,7.94,5.43,2.51
PD002447,20250510,A006,R021,L007,Tarde,100,87,6.26,4.84,1.42
PD002448,20250328,A006,R014,L007,Tarde,54,54,7.82,5.18,2.64
PD002449,20250317,A001,R029,L003,Tarde,467,544,9.01,6.91,2.1
PD002450,20250308,A005,R006,L006,Noche,506,433,10.94,9.66,1.28
PD002451,20250515,A005,R026,L005,Noche,715,731,7.61,6.54,1.07
PD002452,20250510,A003,R005,L003,Día,268,283,8.03,5.32,2.71
PD002453,20250619,A001,R005,L003,Día,467,384,8.99,6.74,2.25
PD002454,20250217,A004,R016,L005,Noche,548,497,11.18,8.07,3.11
PD002455,20250422,A002,R006,L001,Noche,66,54,6.62,4.07,2.56
PD002456,20250505,A004,R002,L006,Noche,381,266,10.48,6.99,3.49
PD002457,20250419,A001,R015,L003,Tarde,103,100,7.35,5.12,2.22
PD002458,20250426,A006,R007,L004,Tarde,245,262,9.92,7.7,2.22
PD002459,20250316,A006,R018,L006,Tarde,497,487,11.17,9.44,1.72
PD002460,20250126,A003,R020,L003,Día,400,312,11.09,9.41,1.68
PD002461,20250304,A006,R010,L006,Noche,84,89,8.04,5.58,2.46
PD002462,20250123,A004,R009,L007,Tarde,628,544,11.17,9.8,1.37
PD002463,20250309,A001,R015,L002,Noche,235,212,8.74,7.55,1.19
PD002464,20250115,A002,R011,L004,Día,341,280,8.44,6.81,1.63
PD002465,20250125,A006,R010,L007,Día,165,160,10.42,9.27,1.15
PD002466,20250427,A002,R009,L006,Noche,76,52,8.22,4.47,3.75
PD002467,20250512,A006,R018,L006,Día,678,802,8.5,6.28,2.22
PD002468,20250323,A004,R027,L003,Tarde,390,347,10.4,7.46,2.93
PD002469,20250416,A003,R028,L007,Día,605,556,7.32,6.42,0.9
PD002470,20250413,A002,R001,L004,Tarde,140,125,6.14,3.57,2.57
PD002471,20250124,A001,R011,L004,Día,847,631,7.78,5.49,2.28
PD002472,20250420,A002,R015,L003,Tarde,710,582,9.95,6.52,3.44
PD002473,20250111,A005,R016,L001,Tarde,743,742,6.11,4.69,1.42
PD002474,20250220,A003,R026,L003,Noche,457,344,9.52,7.67,1.85
PD002475,20250218,A005,R024,L001,Noche,769,558,9.7,8.91,0.8
PD002476,20250325,A001,R026,L004,Día,497,495,11.93,9.99,1.94
PD002477,20250528,A004,R018,L003,Noche,528,658,9.95,6.98,2.97
PD002478,20250312,A002,R025,L004,Tarde,342,320,6.6,4.78,1.82
PD002479,20250619,A003,R011,L004,Tarde,471,399,11.1,8.28,2.81
PD002480,20250404,A003,R007,L004,Día,281,272,6.04,4.05,1.99
PD002481,20250617,A001,R011,L001,Noche,497,375,10.76,8.26,2.5
PD002482,20250419,A005,R021,L005,Día,167,170,6.33,5.31,1.03
PD002483,20250513,A006,R014,L007,Noche,357,352,6.0,4.0,2.0
PD002484,20250417,A001,R008,L006,Tarde,560,445,8.63,6.38,2.25
PD002485,20250112,A002,R001,L001,Noche,757,631,8.35,4.65,3.71
PD002486,20250128,A006,R020,L003,Tarde,149,129,10.48,7.6,2.88
PD002487,20250426,A002,R005,L002,Día,875,592,6.12,4.23,1.89
PD002488,20250216,A006,R028,L004,Día,556,657,6.78,4.64,2.15
PD002489,20250614,A006,R015,L001,Tarde,666,576,8.96,6.55,2.42
PD002490,20250525,A002,R011,L001,Noche,220,172,10.4,8.09,2.31
PD002491,20250614,A001,R028,L002,Día,556,568,8.55,7.64,0.91
PD002492,20250504,A003,R020,L007,Tarde,858,796,8.4,7.63,0.77
PD002493,20250403,A004,R029,L004,Tarde,83,91,10.92,8.15,2.77
PD002494,20250105,A002,R012,L004,Tarde,329,181,10.68,7.6,3.08
PD002495,20250329,A003,R011,L002,Tarde,112,95,8.15,7.07,1.08
PD002496,20250417,A006,R029,L003,Tarde,662,629,7.66,6.33,1.33
PD002497,20250515,A002,R006,L002,Noche,497,344,7.95,5.57,2.38
PD002498,20250110,A006,R024,L004,Tarde,687,638,6.22,4.53,1.7
PD002499,20250429,A002,R020,L004,Noche,709,505,9.71,5.45,4.26
PD002500,20250509,A006,R006,L007,Día,604,500,7.0,4.85,2.15
PD002501,20250119,A004,R001,L001,Día,521,443,10.85,8.07,2.78
PD002502,20250302,A003,R023,L006,Noche,865,835,8.5,5.97,2.53
PD002503,20250517,A004,R016,L006,Tarde,415,374,11.63,9.14,2.49
PD002504,20250123,A003,R006,L002,Día,732,717,8.07,6.83,1.24
PD002505,20250524,A003,R020,L007,Tarde,729,554,6.25,5.51,0.74
PD002506,20250629,A004,R012,L007,Noche,822,690,6.43,5.22,1.2
PD002507,20250409,A003,R021,L006,Tarde,802,894,9.45,8.63,0.82
PD002508,20250527,A005,R026,L003,Noche,512,520,11.52,9.87,1.65
PD002509,20250606,A002,R012,L004,Tarde,271,182,10.21,7.63,2.58
PD002510,20250215,A001,R025,L004,Tarde,391,278,7.56,6.7,0.86
PD002511,20250330,A003,R024,L001,Noche,747,749,11.62,10.65,0.97
PD002512,20250428,A006,R006,L001,Día,450,352,8.34,7.29,1.05
PD002513,20250327,A001,R023,L002,Día,673,577,9.99,6.95,3.03
PD002514,20250618,A005,R010,L002,Tarde,565,584,9.4,6.89,2.51
PD002515,20250414,A005,R022,L002,Tarde,756,832,9.15,7.11,2.04
PD002516,20250519,A003,R010,L002,Día,796,722,9.24,6.36,2.88
PD002517,20250215,A004,R005,L003,Día,131,143,12.0,10.91,1.09
PD002518,20250417,A002,R027,L003,Día,229,174,6.4,5.68,0.72
PD002519,20250604,A003,R026,L002,Noche,548,511,7.28,5.39,1.89
PD002520,20250511,A005,R005,L006,Tarde,378,297,11.99,10.54,1.45
PD002521,20250418,A003,R005,L005,Día,217,238,9.21,7.44,1.77
PD002522,20250322,A004,R009,L005,Día,322,284,6.6,6.05,0.55
PD002523,20250523,A005,R022,L005,Noche,633,513,10.67,7.15,3.52
PD002524,20250525,A006,R003,L006,Día,704,441,7.19,6.44,0.75
PD002525,20250208,A002,R027,L005,Tarde,276,176,11.72,6.39,5.33
PD002526,20250528,A006,R002,L005,Noche,264,270,11.79,7.89,3.9
PD002527,20250214,A002,R025,L007,Tarde,376,305,8.86,5.75,3.11
PD002528,20250217,A003,R030,L002,Noche,433,425,9.48,8.69,0.79
PD002529,20250303,A002,R021,L001,Día,178,164,7.11,5.1,2.01
PD002530,20250301,A003,R007,L003,Día,730,700,9.7,6.5,3.21
PD002531,20250512,A003,R026,L002,Tarde,826,711,9.35,7.33,2.02
PD002532,20250112,A001,R012,L007,Día,75,75,6.68,6.14,0.55
PD002533,20250613,A005,R006,L003,Tarde,326,303,8.94,6.0,2.94
PD002534,20250504,A006,R006,L007,Tarde,273,261,9.68,8.2,1.49
PD002535,20250424,A004,R022,L004,Día,733,774,10.62,9.04,1.58
PD002536,20250402,A005,R025,L006,Día,196,193,7.19,5.26,1.93
PD002537,20250228,A006,R009,L003,Tarde,544,571,9.76,6.5,3.25
PD002538,20250215,A005,R025,L003,Noche,364,297,8.8,8.08,0.73
PD002539,20250326,A002,R016,L002,Día,92,69,9.62,6.82,2.8
PD002540,20250109,A001,R002,L003,Tarde,411,382,11.44,9.21,2.24
PD002541,20250417,A006,R013,L001,Tarde,284,279,11.61,8.98,2.63
PD002542,20250421,A001,R023,L006,Noche,651,678,8.03,6.64,1.39
PD002543,20250422,A003,R014,L002,Día,202,163,6.47,4.6,1.88
PD002544,20250318,A004,R025,L007,Día,79,61,7.15,6.08,1.07
PD002545,20250505,A005,R019,L005,Tarde,59,65,7.85,6.06,1.78
PD002546,20250509,A005,R011,L003,Noche,212,192,8.48,5.95,2.54
PD002547,20250505,A004,R030,L006,Noche,687,568,6.92,5.96,0.96
PD002548,20250610,A001,R024,L004,Día,679,601,8.55,7.53,1.02
PD002549,20250125,A006,R011,L006,Día,547,427,7.99,6.24,1.76
PD002550,20250630,A001,R016,L001,Tarde,187,185,6.71,5.68,1.03
PD002551,20250108,A004,R014,L002,Tarde,795,855,11.0,7.54,3.46
PD002552,20250615,A001,R029,L007,Noche,415,434,10.01,6.93,3.08
PD002553,20250222,A005,R015,L007,Noche,130,97,10.9,9.91,0.99
PD002554,20250117,A005,R016,L006,Noche,189,153,8.04,5.41,2.63
PD002555,20250601,A002,R005,L002,Tarde,64,37,9.15,6.47,2.68
PD002556,20250102,A006,R013,L004,Día,781,773,8.16,7.27,0.89
PD002557,20250415,A003,R030,L006,Día,716,706,7.12,6.53,0.59
PD002558,20250402,A003,R017,L001,Tarde,517,478,8.8,8.0,0.81
PD002559,20250128,A004,R004,L006,Tarde,735,666,9.58,7.79,1.8
PD002560,20250105,A002,R019,L002,Tarde,733,486,7.33,5.33,2.0
PD002561,20250511,A004,R001,L007,Día,73,79,7.32,6.11,1.21
PD002562,20250320,A001,R030,L007,Noche,878,927,11.05,9.76,1.28
PD002563,20250508,A001,R004,L007,Tarde,178,189,6.5,5.29,1.22
PD002564,20250307,A004,R028,L001,Día,540,480,6.12,4.96,1.15
PD002565,20250220,A004,R030,L006,Día,388,340,9.7,8.19,1.51
PD002566,20250528,A002,R029,L001,Tarde,223,183,11.5,8.59,2.9
PD002567,20250114,A005,R002,L001,Noche,733,646,10.98,7.81,3.17
PD002568,20250203,A003,R004,L003,Noche,354,286,10.95,7.28,3.67
PD002569,20250117,A002,R007,L002,Día,328,236,10.19,8.13,2.07
PD002570,20250606,A004,R006,L005,Día,710,669,9.01,7.71,1.3
PD002571,20250128,A002,R004,L007,Noche,848,599,9.34,7.43,1.91
PD002572,20250430,A003,R005,L005,Noche,622,606,7.68,6.35,1.33
PD002573,20250501,A005,R016,L004,Día,386,338,9.93,8.29,1.64
PD002574,20250122,A002,R006,L007,Día,486,327,10.64,6.58,4.06
PD002575,20250226,A003,R008,L006,Noche,310,254,8.98,8.11,0.87
PD002576,20250325,A006,R001,L002,Día,666,602,6.06,4.49,1.58
PD002577,20250523,A003,R023,L004,Tarde,753,587,8.73,6.67,2.06
PD002578,20250415,A006,R019,L005,Tarde,784,677,7.22,6.14,1.08
PD002579,20250503,A003,R019,L001,Tarde,827,714,8.23,6.07,2.16
PD002580,20250607,A001,R007,L002,Noche,100,91,9.43,7.55,1.88
PD002581,20250206,A001,R010,L002,Tarde,813,853,11.91,9.01,2.9
PD002582,20250507,A004,R008,L003,Día,691,543,11.43,7.99,3.43
PD002583,20250630,A002,R004,L001,Tarde,695,516,7.38,4.89,2.49
PD002584,20250511,A006,R026,L006,Noche,775,793,8.56,5.82,2.74
PD002585,20250221,A006,R022,L006,Noche,327,353,7.46,6.0,1.47
PD002586,20250205,A003,R028,L002,Día,722,628,10.5,8.39,2.11
PD002587,20250304,A004,R028,L002,Tarde,133,130,6.14,5.36,0.78
PD002588,20250324,A006,R013,L007,Tarde,139,102,7.44,6.7,0.75
PD002589,20250617,A006,R003,L004,Día,53,44,8.66,6.16,2.5
PD002590,20250313,A006,R011,L001,Día,185,205,9.83,7.78,2.05
PD002591,20250507,A005,R014,L003,Tarde,359,294,8.7,6.57,2.12
PD002592,20250303,A005,R009,L002,Tarde,833,770,6.17,4.89,1.28
PD002593,20250120,A001,R025,L005,Tarde,711,682,6.33,4.46,1.88
PD002594,20250405,A002,R011,L004,Tarde,367,246,7.27,4.73,2.55
PD002595,20250302,A001,R006,L001,Día,52,42,11.06,10.01,1.05
PD002596,20250122,A002,R015,L007,Tarde,755,565,6.72,3.66,3.06
PD002597,20250119,A001,R007,L005,Noche,127,109,9.06,6.7,2.36
PD002598,20250326,A004,R030,L002,Día,541,529,6.41,5.0,1.41
PD002599,20250331,A003,R030,L006,Día,734,600,7.24,6.23,1.01
PD002600,20250106,A004,R014,L004,Noche,616,455,6.1,4.81,1.29
PD002601,20250516,A005,R016,L004,Noche,81,52,6.85,6.21,0.64
PD002602,20250607,A004,R020,L002,Noche,787,727,11.45,10.47,0.98
PD002603,20250410,A005,R006,L005,Tarde,348,330,9.74,8.41,1.33
PD002604,20250425,A005,R019,L003,Noche,543,487,8.71,6.87,1.84
PD002605,20250619,A001,R026,L002,Noche,54,41,11.36,10.34,1.01
PD002606,20250101,A005,R024,L005,Tarde,816,802,9.68,8.84,0.84
PD002607,20250219,A006,R006,L007,Noche,314,316,11.44,9.52,1.92
PD002608,20250426,A002,R018,L002,Noche,73,48,7.14,4.67,2.47
PD002609,20250425,A004,R011,L001,Tarde,291,234,8.24,7.21,1.03
PD002610,20250601,A005,R021,L002,Tarde,298,277,10.79,7.7,3.09
PD002611,20250409,A005,R030,L001,Día,422,408,8.43,7.62,0.81
PD002612,20250113,A003,R004,L006,Noche,201,195,11.54,8.92,2.63
PD002613,20250516,A003,R022,L005,Tarde,774,661,8.78,6.94,1.83
PD002614,20250518,A005,R026,L002,Tarde,262,246,7.15,5.4,1.75
PD002615,20250629,A005,R026,L004,Noche,436,419,7.74,5.59,2.15
PD002616,20250406,A006,R001,L006,Tarde,607,663,9.87,8.06,1.8
PD002617,20250619,A006,R011,L005,Tarde,325,253,9.94,7.31,2.63
PD002618,20250227,A002,R012,L004,Noche,366,387,10.83,8.26,2.57
PD002619,20250428,A006,R030,L005,Noche,816,765,7.99,7.06,0.93
PD002620,20250519,A002,R013,L002,Tarde,54,37,7.21,4.7,2.5
PD002621,20250106,A006,R016,L001,Noche,865,884,7.67,5.37,2.29
PD002622,20250608,A003,R001,L004,Noche,756,790,11.01,9.23,1.78
PD002623,20250624,A004,R030,L007,Noche,755,753,7.0,5.81,1.19
PD002624,20250616,A002,R026,L001,Noche,309,212,9.91,5.91,4.0
PD002625,20250510,A004,R008,L004,Día,322,214,9.64,8.25,1.38
PD002626,20250223,A003,R011,L003,Día,293,257,7.83,5.32,2.51
PD002627,20250119,A006,R012,L002,Noche,529,491,7.64,6.02,1.63
PD002628,20250530,A006,R030,L007,Día,631,573,10.86,8.73,2.13
PD002629,20250524,A001,R013,L007,Día,687,741,10.75,7.85,2.89
PD002630,20250205,A005,R021,L004,Noche,329,311,11.22,7.67,3.56
PD002631,20250630,A003,R002,L003,Noche,776,877,9.72,7.19,2.53
PD002632,20250516,A002,R009,L003,Tarde,56,40,6.98,5.29,1.69
PD002633,20250414,A002,R013,L006,Tarde,281,244,10.28,8.1,2.18
PD002634,20250611,A001,R022,L007,Día,732,697,6.68,5.31,1.37
PD002635,20250129,A002,R013,L005,Noche,851,576,6.38,5.16,1.21
PD002636,20250218,A001,R006,L007,Día,371,274,11.71,7.95,3.76
PD002637,20250119,A001,R024,L005,Día,119,111,8.47,6.48,1.99
PD002638,20250314,A004,R013,L001,Noche,597,421,7.94,6.65,1.29
PD002639,20250302,A002,R018,L004,Tarde,398,352,6.45,3.84,2.6
PD002640,20250424,A003,R026,L004,Noche,203,196,8.14,6.94,1.2
PD002641,20250407,A004,R030,L005,Noche,282,252,10.66,7.29,3.37
PD002642,20250122,A001,R027,L007,Día,771,615,10.23,7.84,2.39
PD002643,20250217,A003,R011,L002,Tarde,180,166,10.59,7.64,2.95
PD002644,20250506,A001,R020,L005,Día,216,217,10.25,8.03,2.23
PD002645,20250328,A002,R024,L001,Noche,753,548,10.0,7.18,2.83
PD002646,20250627,A004,R007,L007,Noche,309,366,8.55,7.86,0.69
PD002647,20250419,A004,R003,L007,Tarde,572,623,9.79,8.9,0.89
PD002648,20250603,A002,R022,L004,Día,496,429,6.01,4.44,1.57
PD002649,20250126,A005,R029,L003,Día,365,382,11.99,9.2,2.79
PD002650,20250419,A002,R001,L001,Tarde,269,211,7.28,4.25,3.03
PD002651,20250525,A006,R017,L002,Día,846,946,6.13,5.19,0.94
PD002652,20250519,A004,R011,L005,Tarde,495,449,10.05,7.41,2.65
PD002653,20250526,A005,R013,L001,Día,739,607,11.4,9.46,1.94
PD002654,20250221,A002,R006,L002,Tarde,808,745,8.11,5.65,2.46
PD002655,20250619,A002,R021,L003,Tarde,446,332,11.61,7.22,4.39
PD002656,20250201,A002,R004,L005,Tarde,610,454,8.25,6.26,1.99
PD002657,20250504,A002,R026,L001,Noche,429,318,8.29,5.05,3.24
PD002658,20250211,A002,R004,L002,Tarde,764,752,9.58,5.41,4.17
PD002659,20250616,A003,R018,L007,Noche,169,169,8.56,6.22,2.34
PD002660,20250414,A001,R008,L006,Tarde,518,508,8.83,7.8,1.02
PD002661,20250226,A005,R016,L005,Día,760,648,10.29,6.99,3.29
PD002662,20250623,A003,R013,L007,Tarde,129,100,8.45,7.39,1.06
PD002663,20250625,A002,R008,L004,Día,283,210,7.62,5.36,2.25
PD002664,20250117,A004,R015,L004,Día,489,471,8.38,6.99,1.39
PD002665,20250529,A005,R030,L006,Noche,620,686,6.79,6.01,0.78
PD002666,20250416,A001,R028,L007,Tarde,649,538,6.73,4.99,1.74
PD002667,20250314,A004,R017,L005,Tarde,146,148,8.23,5.79,2.44
PD002668,20250208,A006,R013,L006,Tarde,166,150,9.25,8.18,1.07
PD002669,20250521,A006,R019,L003,Día,402,430,7.32,6.25,1.07
PD002670,20250402,A005,R015,L007,Tarde,661,549,8.86,8.09,0.76
PD002671,20250119,A004,R005,L003,Noche,416,480,9.06,7.6,1.45
PD002672,20250605,A002,R022,L001,Día,872,814,7.09,4.26,2.83
PD002673,20250621,A004,R025,L005,Tarde,235,234,10.69,8.95,1.74
PD002674,20250512,A004,R022,L003,Noche,315,310,10.77,8.76,2.0
PD002675,20250109,A005,R015,L001,Tarde,510,484,11.02,7.98,3.04
PD002676,20250218,A002,R017,L003,Tarde,211,177,10.42,6.14,4.28
PD002677,20250529,A002,R020,L004,Tarde,899,709,11.76,9.45,2.31
PD002678,20250227,A001,R020,L003,Día,184,162,7.66,6.91,0.75
PD002679,20250503,A006,R002,L004,Noche,706,669,9.87,7.35,2.52
PD002680,20250214,A001,R025,L005,Noche,381,402,10.5,8.11,2.4
PD002681,20250309,A004,R009,L005,Noche,640,681,10.92,9.04,1.88
PD002682,20250104,A002,R024,L005,Tarde,518,359,7.18,5.03,2.15
PD002683,20250320,A003,R030,L001,Día,159,164,11.27,9.86,1.41
PD002684,20250227,A003,R019,L004,Tarde,310,333,7.56,6.53,1.03
PD002685,20250421,A001,R003,L004,Tarde,202,188,9.28,6.72,2.56
PD002686,20250217,A004,R017,L004,Noche,82,67,8.89,7.33,1.55
PD002687,20250306,A003,R030,L007,Noche,172,157,11.28,10.24,1.04
PD002688,20250129,A001,R027,L002,Día,299,287,11.24,7.77,3.47
PD002689,20250215,A003,R021,L004,Tarde,157,143,10.52,9.32,1.2
PD002690,20250416,A004,R030,L001,Día,203,204,11.86,8.46,3.4
PD002691,20250322,A006,R003,L002,Tarde,296,240,7.87,5.75,2.12
PD002692,20250304,A001,R004,L005,Noche,331,355,10.08,7.8,2.28
PD002693,20250215,A003,R030,L002,Día,548,490,10.86,7.98,2.87
PD002694,20250426,A003,R030,L004,Día,879,922,11.0,9.52,1.48
PD002695,20250616,A006,R001,L002,Noche,884,848,10.08,8.59,1.49
PD002696,20250523,A006,R015,L003,Día,374,312,9.75,7.5,2.24
PD002697,20250425,A005,R024,L003,Día,507,515,6.89,4.98,1.91
PD002698,20250615,A006,R029,L006,Tarde,233,248,7.35,5.85,1.5
PD002699,20250530,A003,R028,L005,Noche,310,259,6.05,5.34,0.71
PD002700,20250321,A003,R029,L006,Tarde,593,554,8.3,7.07,1.23
PD002701,20250320,A003,R017,L003,Día,703,771,9.62,6.98,2.63
PD002702,20250527,A003,R018,L003,Noche,847,833,8.2,5.83,2.37
PD002703,20250613,A003,R008,L006,Noche,334,310,10.12,7.17,2.94
PD002704,20250321,A002,R010,L001,Día,64,49,10.7,9.37,1.33
PD002705,20250212,A001,R015,L002,Noche,686,690,11.84,9.36,2.48
PD002706,20250320,A005,R019,L006,Tarde,314,355,10.68,8.23,2.45
PD002707,20250403,A006,R013,L003,Noche,97,84,11.9,9.36,2.55
PD002708,20250131,A004,R025,L003,Día,845,626,7.42,4.97,2.45
PD002709,20250109,A005,R015,L001,Noche,847,827,6.94,4.95,1.99
PD002710,20250225,A003,R029,L002,Tarde,204,221,7.68,6.36,1.32
PD002711,20250217,A004,R025,L001,Noche,448,381,7.96,6.48,1.48
PD002712,20250130,A002,R021,L004,Tarde,595,508,8.3,6.55,1.74
PD002713,20250314,A002,R014,L005,Noche,211,177,8.47,4.75,3.72
PD002714,20250318,A006,R026,L007,Noche,156,144,9.36,6.76,2.6
PD002715,20250605,A006,R016,L007,Noche,852,672,10.21,9.1,1.11
PD002716,20250115,A002,R021,L003,Día,844,631,6.68,5.28,1.4
PD002717,20250523,A006,R029,L004,Día,145,129,10.41,8.7,1.7
PD002718,20250405,A003,R027,L006,Tarde,639,838,9.8,7.17,2.63
PD002719,20250629,A002,R018,L003,Noche,738,595,8.14,6.23,1.91
PD002720,20250526,A006,R015,L007,Tarde,272,283,11.54,8.48,3.06
PD002721,20250126,A003,R013,L007,Día,810,805,9.9,7.1,2.8
PD002722,20250117,A005,R011,L005,Día,353,411,7.88,6.33,1.54
PD002723,20250526,A002,R015,L007,Tarde,425,402,9.0,5.91,3.09
PD002724,20250113,A002,R021,L006,Tarde,470,356,11.53,7.44,4.09
PD002725,20250622,A006,R011,L004,Día,373,286,8.77,8.06,0.71
PD002726,20250225,A006,R024,L005,Tarde,206,236,9.93,8.58,1.35
PD002727,20250204,A005,R007,L001,Día,689,724,6.19,5.2,0.99
PD002728,20250517,A002,R023,L006,Día,59,52,8.67,5.86,2.82
PD002729,20250522,A006,R012,L002,Tarde,407,364,8.92,6.28,2.64
PD002730,20250610,A001,R025,L004,Tarde,156,155,6.42,5.18,1.24
PD002731,20250125,A004,R014,L005,Día,186,152,7.39,6.08,1.31
PD002732,20250609,A003,R014,L003,Noche,70,49,9.82,8.42,1.4
PD002733,20250418,A002,R006,L004,Día,275,219,8.33,6.55,1.78
PD002734,20250103,A002,R014,L004,Día,513,427,6.94,5.3,1.63
PD002735,20250412,A001,R018,L001,Día,242,206,9.91,6.73,3.18
PD002736,20250414,A002,R027,L007,Día,411,343,6.58,3.63,2.96
PD002737,20250129,A004,R012,L006,Día,628,565,9.33,7.69,1.65
PD002738,20250105,A001,R013,L003,Noche,636,570,11.99,8.24,3.75
PD002739,20250409,A006,R001,L007,Día,899,747,6.2,5.52,0.69
PD002740,20250329,A003,R015,L004,Noche,439,392,9.89,8.38,1.52
PD002741,20250420,A006,R003,L007,Noche,276,288,8.05,6.07,1.98
PD002742,20250101,A003,R014,L002,Tarde,443,436,10.38,7.28,3.1
PD002743,20250601,A004,R021,L003,Noche,615,510,6.83,4.94,1.89
PD002744,20250428,A004,R003,L007,Tarde,293,278,11.53,9.36,2.17
PD002745,20250425,A006,R007,L006,Día,823,635,11.73,8.32,3.41
PD002746,20250129,A006,R012,L006,Día,668,488,7.1,5.38,1.72
PD002747,20250626,A001,R025,L002,Tarde,812,865,7.11,5.89,1.22
PD002748,20250605,A001,R026,L007,Tarde,870,658,10.09,9.12,0.97
PD002749,20250406,A001,R024,L005,Tarde,637,688,7.88,7.04,0.84
PD002750,20250512,A001,R007,L002,Tarde,763,677,11.09,8.24,2.85
PD002751,20250530,A003,R001,L007,Día,586,546,8.75,7.76,0.99
PD002752,20250129,A001,R013,L007,Día,780,822,8.15,6.38,1.77
PD002753,20250614,A004,R020,L007,Noche,124,79,7.12,5.74,1.38
PD002754,20250209,A001,R016,L003,Noche,241,237,6.39,5.53,0.86
PD002755,20250513,A003,R016,L007,Noche,557,591,8.93,6.56,2.37
PD002756,20250302,A005,R028,L004,Tarde,244,236,11.04,8.9,2.14
PD002757,20250505,A002,R016,L007,Día,759,481,9.06,7.12,1.94
PD002758,20250124,A004,R016,L003,Día,753,710,8.0,5.67,2.33
PD002759,20250415,A003,R012,L005,Día,341,316,8.45,7.58,0.87
PD002760,20250417,A001,R002,L006,Día,693,739,11.65,9.57,2.08
PD002761,20250406,A005,R003,L006,Día,200,186,9.71,8.04,1.67
PD002762,20250611,A005,R030,L004,Tarde,545,607,8.16,7.17,0.99
PD002763,20250119,A002,R012,L003,Tarde,365,271,9.47,5.36,4.11
PD002764,20250111,A001,R005,L001,Tarde,813,718,8.59,5.88,2.71
PD002765,20250127,A006,R004,L004,Día,564,626,11.26,7.72,3.54
PD002766,20250625,A005,R014,L004,Noche,529,639,9.62,7.0,2.62
PD002767,20250201,A003,R012,L003,Día,165,145,7.1,4.91,2.18
PD002768,20250420,A001,R014,L003,Noche,830,676,9.03,6.81,2.21
PD002769,20250310,A003,R012,L006,Noche,490,398,6.55,4.93,1.61
PD002770,20250518,A003,R019,L003,Día,258,190,8.12,5.75,2.37
PD002771,20250409,A003,R022,L003,Noche,337,367,7.6,5.14,2.46
PD002772,20250425,A005,R002,L003,Día,597,514,10.3,8.06,2.24
PD002773,20250126,A002,R008,L002,Noche,466,411,8.18,7.19,0.99
PD002774,20250607,A005,R011,L004,Tarde,761,816,9.31,6.96,2.36
PD002775,20250119,A004,R006,L005,Tarde,682,598,7.35,5.68,1.67
PD002776,20250605,A004,R005,L002,Día,859,667,11.85,10.36,1.49
PD002777,20250215,A002,R007,L005,Día,808,532,9.87,8.32,1.55
PD002778,20250424,A001,R030,L004,Tarde,796,799,6.0,4.86,1.14
PD002779,20250225,A005,R021,L001,Día,894,1011,9.41,7.02,2.38
PD002780,20250114,A001,R010,L006,Tarde,108,101,10.86,8.26,2.6
PD002781,20250603,A004,R005,L007,Noche,820,889,6.05,4.2,1.86
PD002782,20250411,A001,R014,L006,Día,178,161,8.74,6.17,2.57
PD002783,20250223,A004,R019,L007,Noche,658,505,9.93,6.56,3.37
PD002784,20250503,A001,R007,L003,Tarde,502,419,11.96,10.72,1.24
PD002785,20250108,A003,R001,L007,Noche,594,445,10.5,8.99,1.51
PD002786,20250115,A003,R010,L005,Día,297,293,8.22,6.33,1.89
PD002787,20250318,A001,R009,L002,Tarde,502,407,7.22,5.24,1.98
PD002788,20250530,A005,R013,L002,Día,244,224,7.77,6.72,1.05
PD002789,20250611,A002,R025,L002,Día,863,526,6.49,3.98,2.51
PD002790,20250227,A002,R016,L007,Noche,232,141,8.02,5.39,2.63
PD002791,20250213,A001,R001,L002,Día,712,564,10.43,9.6,0.84
PD002792,20250429,A001,R010,L007,Tarde,454,365,11.46,8.64,2.82
PD002793,20250507,A001,R022,L002,Noche,341,289,6.13,5.6,0.52
PD002794,20250609,A002,R011,L005,Tarde,608,409,6.55,4.98,1.57
PD002795,20250604,A004,R021,L004,Tarde,552,536,6.81,5.88,0.93
PD002796,20250628,A002,R003,L003,Tarde,244,173,6.26,4.87,1.39
PD002797,20250219,A006,R016,L001,Tarde,719,673,9.91,7.43,2.48
PD002798,20250227,A003,R023,L001,Tarde,563,561,11.78,10.59,1.18
PD002799,20250422,A002,R007,L006,Tarde,125,107,11.18,7.9,3.28
PD002800,20250626,A004,R022,L007,Noche,824,876,7.15,6.02,1.14
PD002801,20250323,A005,R017,L001,Día,780,866,6.56,4.49,2.07
PD002802,20250222,A004,R017,L002,Noche,139,159,7.49,5.5,2.0
PD002803,20250108,A002,R001,L001,Día,893,686,7.99,4.85,3.14
PD002804,20250202,A002,R030,L002,Día,327,227,10.64,7.6,3.04
PD002805,20250602,A004,R029,L005,Tarde,159,178,10.7,8.6,2.09
PD002806,20250513,A002,R013,L002,Noche,391,285,9.24,5.12,4.12
PD002807,20250223,A006,R030,L004,Día,106,102,10.69,9.82,0.87
PD002808,20250511,A002,R007,L007,Tarde,585,418,8.3,5.99,2.31
PD002809,20250321,A002,R014,L005,Noche,278,172,6.61,3.86,2.75
PD002810,20250210,A006,R021,L002,Noche,580,632,9.74,7.51,2.23
PD002811,20250129,A006,R006,L007,Día,846,660,10.5,7.95,2.55
PD002812,20250430,A002,R007,L005,Día,729,629,7.22,4.92,2.3
PD002813,20250325,A002,R010,L006,Tarde,505,350,8.16,4.84,3.32
PD002814,20250104,A004,R010,L001,Noche,247,236,8.23,6.68,1.55
PD002815,20250216,A003,R002,L001,Noche,534,448,6.64,5.67,0.97
PD002816,20250502,A001,R021,L003,Día,754,766,9.94,7.34,2.6
PD002817,20250521,A005,R009,L007,Día,397,334,11.51,7.67,3.84
PD002818,20250602,A003,R009,L006,Tarde,783,736,10.58,9.54,1.04
PD002819,20250315,A002,R024,L006,Día,94,49,9.96,8.62,1.35
PD002820,20250316,A006,R025,L007,Tarde,847,754,11.15,9.26,1.89
PD002821,20250601,A001,R026,L006,Tarde,442,429,9.61,8.73,0.87
PD002822,20250616,A001,R004,L003,Noche,790,799,9.03,7.05,1.98
PD002823,20250514,A001,R018,L001,Noche,178,185,8.77,7.87,0.9
PD002824,20250101,A005,R002,L001,Día,131,131,11.21,10.02,1.19
PD002825,20250430,A005,R012,L006,Día,195,199,9.99,8.22,1.77
PD002826,20250305,A004,R007,L001,Noche,164,158,7.18,6.5,0.69
PD002827,20250418,A005,R002,L002,Tarde,461,453,10.34,9.43,0.91
PD002828,20250503,A002,R008,L002,Día,465,353,10.72,9.3,1.42
PD002829,20250316,A002,R014,L002,Noche,421,261,10.7,7.66,3.04
PD002830,20250425,A001,R019,L002,Día,716,698,6.63,5.54,1.09
PD002831,20250129,A003,R025,L005,Tarde,455,337,8.56,5.83,2.74
PD002832,20250119,A004,R023,L001,Noche,338,275,9.4,6.69,2.71
PD002833,20250209,A002,R020,L002,Tarde,124,113,11.35,9.38,1.97
PD002834,20250508,A002,R006,L004,Día,54,40,9.67,5.29,4.39
PD002835,20250228,A001,R018,L006,Día,147,146,7.2,5.93,1.27
PD002836,20250308,A006,R011,L004,Tarde,651,691,10.2,8.56,1.64
PD002837,20250426,A003,R029,L005,Noche,316,326,8.66,6.99,1.66
PD002838,20250428,A004,R007,L006,Día,398,368,9.73,7.48,2.25
PD002839,20250219,A002,R013,L002,Día,808,651,7.12,5.32,1.8
PD002840,20250509,A001,R016,L002,Noche,651,639,10.39,7.36,3.03
PD002841,20250126,A002,R029,L003,Noche,788,625,6.37,4.08,2.29
PD002842,20250404,A002,R027,L003,Tarde,58,36,9.37,6.94,2.43
PD002843,20250408,A006,R019,L003,Tarde,685,744,9.99,8.85,1.14
PD002844,20250425,A006,R028,L003,Día,237,220,8.31,5.57,2.74
PD002845,20250130,A002,R016,L002,Día,835,655,7.06,4.24,2.82
PD002846,20250522,A003,R027,L001,Noche,743,714,9.95,8.91,1.05
PD002847,20250122,A005,R013,L004,Tarde,373,353,7.49,6.71,0.77
PD002848,20250202,A006,R015,L007,Tarde,850,647,10.26,7.82,2.44
PD002849,20250311,A002,R008,L006,Noche,515,492,10.77,8.79,1.98
PD002850,20250624,A004,R008,L001,Noche,726,639,10.63,8.31,2.32
PD002851,20250416,A002,R005,L001,Tarde,621,393,6.49,3.57,2.92
PD002852,20250428,A005,R007,L002,Tarde,783,687,6.52,4.86,1.66
PD002853,20250629,A003,R018,L002,Noche,342,281,9.29,7.9,1.38
PD002854,20250525,A006,R011,L003,Noche,325,337,11.97,8.01,3.97
PD002855,20250411,A005,R004,L006,Tarde,711,732,6.71,4.47,2.24
PD002856,20250503,A004,R029,L005,Día,567,496,6.12,5.47,0.65
PD002857,20250621,A002,R022,L004,Día,516,506,11.73,8.07,3.66
PD002858,20250202,A003,R010,L001,Noche,894,717,11.8,8.0,3.8
PD002859,20250310,A006,R016,L001,Tarde,317,276,9.07,6.13,2.94
PD002860,20250426,A006,R026,L002,Día,589,488,8.37,5.89,2.48
PD002861,20250320,A005,R015,L003,Día,867,853,11.03,9.94,1.09
PD002862,20250502,A002,R013,L006,Noche,735,613,7.64,4.41,3.23
PD002863,20250113,A001,R005,L005,Día,527,507,7.4,6.77,0.63
PD002864,20250625,A006,R012,L002,Tarde,271,288,10.85,7.63,3.22
PD002865,20250531,A002,R029,L001,Noche,514,424,8.06,4.49,3.57
PD002866,20250518,A004,R029,L001,Tarde,210,210,10.04,6.79,3.25
PD002867,20250417,A006,R004,L005,Noche,223,210,6.9,5.13,1.77
PD002868,20250227,A002,R003,L002,Noche,468,435,9.56,6.87,2.69
PD002869,20250120,A004,R009,L002,Tarde,81,83,7.29,5.48,1.81
PD002870,20250304,A003,R018,L004,Día,772,763,8.93,7.51,1.43
PD002871,20250207,A002,R001,L002,Noche,184,145,7.24,4.96,2.28
PD002872,20250407,A001,R010,L003,Tarde,883,840,10.74,7.56,3.18
PD002873,20250517,A002,R007,L004,Tarde,846,681,11.12,8.3,2.83
PD002874,20250313,A003,R026,L002,Noche,69,54,7.85,5.73,2.12
PD002875,20250630,A002,R015,L002,Noche,826,521,11.05,9.58,1.47
PD002876,20250512,A002,R007,L002,Tarde,644,524,7.7,6.48,1.22
PD002877,20250315,A003,R027,L002,Día,220,196,10.28,8.04,2.24
PD002878,20250429,A002,R012,L007,Noche,749,503,11.8,7.01,4.79
PD002879,20250416,A004,R013,L005,Tarde,234,229,11.06,9.11,1.95
PD002880,20250629,A004,R003,L002,Día,643,545,9.67,7.49,2.18
PD002881,20250215,A005,R011,L007,Noche,722,761,8.09,5.6,2.5
PD002882,20250402,A003,R001,L006,Noche,782,753,10.63,7.98,2.65
PD002883,20250610,A006,R030,L007,Tarde,341,384,11.78,10.33,1.45
PD002884,20250223,A003,R030,L002,Tarde,419,366,9.89,7.3,2.58
PD002885,20250530,A003,R010,L004,Tarde,512,527,9.01,8.07,0.93
PD002886,20250430,A006,R004,L007,Noche,240,228,11.04,8.2,2.85
PD002887,20250623,A002,R026,L004,Noche,524,416,6.85,3.98,2.87
PD002888,20250602,A006,R012,L004,Tarde,856,812,10.01,7.23,2.78
PD002889,20250519,A004,R004,L007,Día,851,855,7.47,5.55,1.92
PD002890,20250527,A002,R022,L003,Día,662,479,10.32,8.67,1.65
PD002891,20250501,A003,R001,L001,Noche,758,725,6.28,4.95,1.33
PD002892,20250603,A001,R022,L002,Noche,425,415,10.35,9.01,1.35
PD002893,20250319,A003,R014,L006,Noche,508,522,9.03,7.17,1.86
PD002894,20250321,A004,R025,L003,Día,631,529,10.6,9.37,1.23
PD002895,20250128,A002,R029,L003,Día,485,367,8.33,6.14,2.19
PD002896,20250604,A001,R011,L002,Día,786,684,9.81,8.53,1.28
PD002897,20250119,A002,R006,L003,Tarde,778,534,11.28,9.45,1.83
PD002898,20250210,A006,R005,L004,Día,808,800,6.68,4.56,2.11
PD002899,20250613,A001,R009,L003,Día,308,341,6.11,4.78,1.32
PD002900,20250428,A005,R023,L006,Tarde,161,128,6.02,4.45,1.57
PD002901,20250329,A002,R002,L003,Día,691,505,10.45,8.48,1.97
PD002902,20250625,A006,R010,L001,Día,696,775,9.46,7.43,2.04
PD002903,20250126,A001,R006,L003,Noche,191,176,6.28,4.95,1.33
PD002904,20250101,A006,R020,L004,Día,83,87,6.82,5.21,1.61
PD002905,20250521,A002,R023,L004,Tarde,305,190,10.31,9.08,1.23
PD002906,20250209,A003,R022,L004,Noche,871,774,11.01,8.87,2.15
PD002907,20250308,A003,R003,L005,Tarde,617,627,6.99,6.13,0.87
PD002908,20250617,A003,R014,L005,Día,667,560,9.89,7.69,2.2
PD002909,20250502,A003,R009,L006,Tarde,520,445,9.02,6.93,2.08
PD002910,20250210,A006,R013,L007,Tarde,687,495,7.22,5.48,1.74
PD002911,20250612,A006,R030,L007,Día,515,543,11.81,9.0,2.81
PD002912,20250531,A003,R023,L001,Tarde,115,114,8.8,6.31,2.48
PD002913,20250606,A001,R006,L005,Noche,386,404,8.76,6.17,2.59
PD002914,20250313,A001,R026,L002,Noche,566,610,9.35,8.38,0.98
PD002915,20250112,A004,R015,L007,Tarde,485,434,7.17,4.95,2.23
PD002916,20250107,A002,R029,L004,Día,892,632,8.36,5.96,2.39
PD002917,20250617,A003,R001,L002,Día,445,575,9.01,6.84,2.17
PD002918,20250308,A006,R030,L005,Noche,583,590,6.35,5.53,0.82
PD002919,20250323,A002,R021,L003,Tarde,118,79,11.58,8.18,3.4
PD002920,20250226,A001,R018,L006,Día,109,102,11.62,8.62,3.0
PD002921,20250611,A006,R004,L005,Noche,405,423,11.29,9.53,1.76
PD002922,20250322,A002,R026,L001,Día,330,222,8.75,5.04,3.71
PD002923,20250307,A002,R005,L005,Tarde,190,137,11.74,7.04,4.7
PD002924,20250413,A002,R023,L001,Día,154,104,10.53,8.7,1.83
PD002925,20250111,A004,R019,L007,Noche,455,418,9.52,7.86,1.66
PD002926,20250404,A001,R025,L001,Tarde,860,914,8.59,5.93,2.66
PD002927,20250118,A003,R029,L001,Tarde,305,391,10.75,7.98,2.77
PD002928,20250510,A003,R023,L004,Día,881,802,11.56,10.63,0.93
PD002929,20250118,A005,R008,L003,Tarde,261,213,9.16,8.28,0.87
PD002930,20250227,A003,R028,L002,Tarde,146,127,10.25,9.33,0.91
PD002931,20250602,A002,R020,L006,Tarde,868,674,6.35,3.46,2.89
PD002932,20250218,A003,R011,L006,Día,241,226,6.39,5.15,1.24
PD002933,20250409,A006,R022,L007,Día,676,599,8.68,6.88,1.79
PD002934,20250510,A001,R011,L001,Día,413,359,9.55,6.44,3.11
PD002935,20250506,A004,R021,L006,Noche,563,573,7.0,5.46,1.55
PD002936,20250307,A005,R009,L006,Noche,340,320,8.21,6.96,1.25
PD002937,20250101,A001,R026,L003,Día,835,633,11.51,9.12,2.39
PD002938,20250201,A001,R025,L004,Noche,403,390,10.54,8.45,2.09
PD002939,20250211,A006,R001,L002,Noche,415,369,10.51,8.37,2.14
PD002940,20250615,A006,R013,L004,Noche,509,557,8.61,5.69,2.92
PD002941,20250523,A005,R028,L003,Noche,489,496,10.95,8.36,2.6
PD002942,20250624,A003,R026,L001,Día,831,966,11.56,9.12,2.44
PD002943,20250608,A003,R021,L005,Día,478,386,10.64,8.25,2.4
PD002944,20250515,A001,R027,L005,Día,183,177,11.71,8.68,3.02
PD002945,20250521,A001,R002,L003,Día,865,895,6.19,5.57,0.62
PD002946,20250429,A004,R014,L003,Día,217,216,9.53,6.44,3.09
PD002947,20250101,A004,R012,L005,Tarde,661,537,8.93,7.05,1.88
PD002948,20250602,A005,R009,L006,Día,237,173,6.49,5.82,0.68
PD002949,20250201,A004,R001,L004,Noche,550,515,9.02,7.6,1.42
PD002950,20250119,A003,R021,L007,Noche,134,135,6.11,5.5,0.61
PD002951,20250222,A002,R025,L002,Tarde,675,614,9.86,7.09,2.77
PD002952,20250220,A006,R023,L006,Noche,414,447,9.68,7.77,1.91
PD002953,20250306,A001,R019,L003,Tarde,634,620,9.78,6.95,2.82
PD002954,20250508,A003,R011,L001,Día,303,265,11.69,10.17,1.52
PD002955,20250214,A002,R006,L003,Día,385,193,9.97,7.39,2.58
PD002956,20250602,A006,R019,L002,Noche,164,180,6.64,4.8,1.84
PD002957,20250201,A004,R022,L001,Noche,778,763,6.03,5.46,0.57
PD002958,20250607,A001,R009,L007,Noche,409,460,10.0,7.68,2.32
PD002959,20250325,A004,R028,L002,Tarde,835,823,8.05,6.44,1.61
PD002960,20250315,A005,R005,L001,Noche,759,737,10.92,9.46,1.46
PD002961,20250311,A004,R027,L006,Tarde,211,168,9.94,9.03,0.91
PD002962,20250104,A005,R006,L003,Tarde,367,336,10.78,7.98,2.8
PD002963,20250524,A005,R018,L004,Noche,506,446,11.17,8.23,2.94
PD002964,20250418,A005,R003,L005,Día,189,160,9.26,7.51,1.74
PD002965,20250414,A004,R002,L003,Día,762,712,8.27,6.98,1.29
PD002966,20250420,A002,R004,L004,Día,499,442,6.56,4.0,2.56
PD002967,20250219,A006,R001,L007,Día,185,188,8.11,6.29,1.82
PD002968,20250414,A002,R011,L003,Día,693,653,9.28,7.0,2.29
PD002969,20250111,A002,R030,L003,Tarde,556,407,10.42,8.19,2.23
PD002970,20250620,A001,R028,L002,Día,166,172,8.36,6.26,2.1
PD002971,20250112,A004,R015,L003,Tarde,118,105,7.46,5.15,2.31
PD002972,20250216,A001,R015,L001,Noche,500,482,6.6,5.65,0.94
PD002973,20250217,A003,R002,L004,Noche,129,138,7.03,6.27,0.76
PD002974,20250329,A002,R002,L002,Tarde,463,300,11.58,7.05,4.53
PD002975,20250514,A002,R006,L006,Noche,180,122,6.82,4.84,1.98
PD002976,20250620,A004,R027,L005,Noche,767,741,7.1,5.24,1.85
PD002977,20250531,A006,R019,L001,Noche,813,772,9.87,7.62,2.25
PD002978,20250510,A005,R014,L002,Día,528,411,11.44,9.07,2.38
PD002979,20250430,A004,R024,L004,Día,779,789,9.17,7.14,2.03
PD002980,20250407,A001,R017,L005,Tarde,426,429,9.11,6.73,2.37
PD002981,20250513,A004,R022,L002,Noche,78,84,9.01,7.67,1.34
PD002982,20250618,A006,R003,L005,Día,679,593,8.62,5.93,2.69
PD002983,20250303,A004,R024,L003,Día,531,410,6.33,5.21,1.12
PD002984,20250605,A003,R002,L005,Día,293,311,6.29,5.76,0.54
PD002985,20250615,A002,R014,L007,Noche,731,583,11.78,8.87,2.91
PD002986,20250507,A006,R008,L001,Tarde,107,85,6.46,5.76,0.7
PD002987,20250418,A002,R022,L004,Día,197,168,8.01,5.3,2.71
PD002988,20250427,A006,R027,L007,Noche,369,415,9.05,7.23,1.82
PD002989,20250622,A002,R015,L003,Tarde,254,179,11.95,9.08,2.88
PD002990,20250626,A004,R024,L005,Noche,545,598,7.28,4.97,2.32
PD002991,20250515,A003,R004,L004,Noche,774,735,10.9,8.35,2.56
PD002992,20250403,A002,R021,L003,Tarde,401,346,6.34,4.78,1.56
PD002993,20250307,A001,R029,L002,Noche,707,554,6.64,4.57,2.07
PD002994,20250518,A004,R028,L002,Tarde,458,432,11.63,9.78,1.85
PD002995,20250205,A004,R004,L004,Tarde,899,954,9.41,6.92,2.48
PD002996,20250123,A002,R015,L001,Noche,762,604,9.33,7.03,2.3
PD002997,20250314,A006,R029,L007,Día,801,819,8.25,5.45,2.79
PD002998,20250306,A006,R030,L003,Día,500,500,11.76,8.42,3.34
PD002999,20250411,A002,R011,L005,Tarde,556,377,6.55,5.37,1.19
PD003000,20250210,A006,R002,L004,Tarde,288,256,8.07,7.0,1.07
PD003001,20250404,A001,R016,L006,Día,571,533,7.96,6.76,1.2
PD003002,20250307,A001,R013,L001,Noche,657,569,8.68,6.66,2.03
PD003003,20250223,A005,R006,L002,Tarde,653,614,11.21,9.87,1.34
PD003004,20250415,A006,R009,L007,Día,802,621,10.2,7.45,2.74
PD003005,20250211,A001,R010,L005,Día,306,262,8.74,6.99,1.76
PD003006,20250327,A006,R011,L001,Noche,597,529,6.63,5.51,1.11
PD003007,20250420,A005,R011,L004,Tarde,91,96,11.89,8.85,3.04
PD003008,20250303,A006,R008,L005,Noche,717,605,9.08,6.53,2.55
PD003009,20250312,A005,R016,L005,Tarde,544,546,7.86,5.39,2.47
PD003010,20250303,A004,R013,L006,Tarde,180,153,9.5,7.81,1.68
PD003011,20250514,A006,R023,L002,Tarde,219,232,6.04,4.97,1.07
PD003012,20250518,A006,R028,L002,Día,361,368,9.91,6.85,3.05
PD003013,20250223,A004,R003,L004,Noche,59,60,11.72,10.04,1.68
PD003014,20250104,A003,R030,L004,Día,549,469,7.5,6.49,1.01
PD003015,20250411,A001,R015,L001,Día,384,321,9.07,7.99,1.08
PD003016,20250226,A001,R003,L003,Tarde,130,145,9.39,7.8,1.6
PD003017,20250529,A005,R008,L005,Día,465,447,9.64,8.42,1.23
PD003018,20250407,A005,R021,L007,Noche,198,199,6.78,6.23,0.55
PD003019,20250517,A004,R001,L003,Tarde,209,218,11.61,10.4,1.21
PD003020,20250305,A001,R012,L003,Noche,767,520,8.94,6.82,2.12
PD003021,20250528,A002,R005,L006,Día,438,356,11.91,9.28,2.63
PD003022,20250527,A006,R019,L001,Tarde,137,132,11.62,9.34,2.28
PD003023,20250317,A002,R007,L007,Tarde,152,131,8.87,5.98,2.89
PD003024,20250317,A002,R022,L004,Tarde,668,539,8.17,7.28,0.9
PD003025,20250314,A005,R002,L001,Noche,600,566,10.93,8.3,2.63
PD003026,20250521,A001,R021,L004,Día,609,569,10.05,8.26,1.79
PD003027,20250508,A004,R011,L002,Tarde,435,382,8.18,6.0,2.18
PD003028,20250328,A006,R029,L007,Día,699,719,6.39,5.12,1.28
PD003029,20250112,A006,R008,L006,Tarde,774,744,10.46,9.19,1.27
PD003030,20250404,A001,R002,L003,Noche,283,272,10.46,7.62,2.84
PD003031,20250412,A006,R007,L003,Día,305,266,11.43,8.46,2.97
PD003032,20250525,A004,R030,L002,Tarde,714,598,11.93,7.98,3.95
PD003033,20250423,A003,R025,L006,Noche,697,596,7.49,5.18,2.3
PD003034,20250629,A006,R019,L007,Tarde,656,564,7.8,5.86,1.94
PD003035,20250131,A002,R008,L007,Tarde,540,411,8.49,7.24,1.24
PD003036,20250501,A002,R007,L004,Noche,371,263,7.88,6.37,1.51
PD003037,20250427,A003,R001,L004,Noche,683,675,7.55,6.29,1.26
PD003038,20250421,A002,R020,L001,Tarde,52,40,8.77,5.47,3.3
PD003039,20250210,A002,R009,L005,Noche,681,512,6.74,5.71,1.03
PD003040,20250202,A002,R018,L003,Tarde,737,571,8.33,5.73,2.59
PD003041,20250323,A005,R010,L002,Tarde,438,467,9.14,7.65,1.48
PD003042,20250514,A002,R012,L007,Tarde,541,352,11.99,9.84,2.15
PD003043,20250627,A004,R005,L003,Noche,682,473,7.76,5.93,1.83
PD003044,20250423,A001,R012,L004,Noche,305,289,8.73,7.77,0.95
PD003045,20250304,A004,R021,L005,Día,258,238,7.41,5.66,1.75
PD003046,20250605,A005,R022,L003,Tarde,297,362,6.8,5.03,1.78
PD003047,20250321,A001,R012,L001,Día,102,99,7.13,6.21,0.92
PD003048,20250325,A006,R005,L004,Día,510,444,8.96,6.96,1.99
PD003049,20250131,A005,R013,L003,Noche,537,510,6.94,4.8,2.14
PD003050,20250208,A001,R030,L002,Noche,545,529,10.53,8.06,2.47
PD003051,20250508,A005,R016,L007,Día,852,738,10.1,8.44,1.65
PD003052,20250311,A005,R018,L005,Día,79,87,7.01,4.77,2.24
PD003053,20250620,A006,R005,L001,Noche,285,281,8.18,6.34,1.85
PD003054,20250612,A002,R001,L007,Tarde,192,167,6.34,5.01,1.33
PD003055,20250609,A005,R029,L005,Tarde,558,472,6.93,4.68,2.24
PD003056,20250211,A003,R006,L002,Día,213,212,10.91,7.47,3.43
PD003057,20250525,A001,R017,L002,Día,850,809,11.9,8.86,3.05
PD003058,20250612,A003,R017,L003,Tarde,382,366,10.95,8.9,2.05
PD003059,20250326,A003,R026,L005,Noche,122,118,10.32,9.02,1.29
PD003060,20250529,A004,R009,L004,Día,436,468,8.51,7.61,0.9
PD003061,20250426,A005,R016,L005,Día,276,249,9.75,8.05,1.7
PD003062,20250225,A004,R012,L004,Día,895,827,6.27,5.24,1.02
PD003063,20250423,A004,R009,L002,Día,299,241,11.75,7.94,3.8
PD003064,20250512,A004,R014,L007,Día,567,571,10.91,8.18,2.74
PD003065,20250213,A004,R007,L006,Día,140,120,11.41,8.17,3.24
PD003066,20250204,A006,R009,L001,Tarde,685,638,8.96,7.9,1.05
PD003067,20250527,A001,R029,L002,Noche,628,768,8.3,6.42,1.88
PD003068,20250626,A003,R027,L001,Noche,581,498,9.42,8.52,0.9
PD003069,20250119,A006,R022,L004,Noche,360,304,7.67,6.88,0.79
PD003070,20250218,A005,R015,L007,Día,70,58,11.04,9.0,2.04
PD003071,20250422,A004,R030,L005,Día,277,237,11.12,8.76,2.36
PD003072,20250525,A002,R014,L001,Noche,150,110,6.79,5.9,0.89
PD003073,20250609,A003,R020,L004,Día,339,367,11.21,8.11,3.1
PD003074,20250403,A005,R014,L003,Tarde,571,524,6.81,5.92,0.89
PD003075,20250219,A003,R020,L003,Tarde,809,689,9.46,6.66,2.79
PD003076,20250207,A005,R025,L006,Tarde,222,201,6.36,4.84,1.52
PD003077,20250207,A006,R023,L001,Noche,87,78,10.13,7.47,2.66
PD003078,20250108,A004,R005,L007,Tarde,584,593,11.08,10.04,1.04
PD003079,20250517,A005,R009,L003,Noche,381,368,10.04,6.92,3.12
PD003080,20250120,A005,R009,L006,Tarde,122,126,8.49,6.37,2.13
PD003081,20250505,A006,R028,L003,Tarde,369,436,8.8,7.52,1.28
PD003082,20250601,A002,R008,L005,Noche,362,266,8.24,5.06,3.18
PD003083,20250208,A005,R016,L002,Día,443,347,9.44,7.73,1.71
PD003084,20250319,A002,R018,L007,Tarde,425,420,9.93,6.29,3.64
PD003085,20250308,A005,R011,L005,Noche,745,860,10.46,7.42,3.04
PD003086,20250323,A001,R022,L001,Noche,548,488,11.72,8.59,3.14
PD003087,20250120,A006,R024,L003,Noche,90,93,11.08,8.56,2.52
PD003088,20250505,A001,R027,L005,Noche,769,643,10.12,8.62,1.5
PD003089,20250201,A001,R025,L002,Noche,166,124,9.85,7.9,1.96
PD003090,20250427,A006,R016,L001,Tarde,291,213,9.28,7.02,2.25
PD003091,20250406,A006,R013,L007,Día,142,149,11.68,9.54,2.14
PD003092,20250207,A003,R008,L002,Día,452,465,7.87,6.18,1.68
PD003093,20250620,A004,R009,L002,Noche,515,527,11.5,10.25,1.25
PD003094,20250622,A006,R029,L001,Tarde,686,715,11.96,8.62,3.34
PD003095,20250408,A005,R029,L001,Tarde,173,160,11.48,8.49,2.99
PD003096,20250102,A005,R007,L005,Tarde,257,198,8.51,7.72,0.79
PD003097,20250217,A006,R011,L004,Tarde,684,569,11.4,10.11,1.29
PD003098,20250322,A006,R007,L002,Tarde,561,541,11.92,7.9,4.02
PD003099,20250407,A003,R024,L007,Noche,546,521,8.09,6.08,2.01
PD003100,20250504,A004,R008,L001,Día,523,474,7.03,4.65,2.38
PD003101,20250320,A002,R009,L005,Noche,323,196,6.73,4.2,2.53
PD003102,20250317,A001,R007,L006,Tarde,342,282,10.73,7.39,3.35
PD003103,20250402,A004,R018,L002,Noche,317,264,6.13,5.29,0.84
PD003104,20250201,A004,R006,L006,Tarde,760,755,9.23,6.39,2.84
PD003105,20250419,A003,R019,L003,Día,722,680,6.53,5.09,1.44
PD003106,20250127,A006,R008,L006,Día,304,237,9.05,7.38,1.68
PD003107,20250501,A006,R012,L002,Día,90,111,11.49,9.61,1.88
PD003108,20250630,A004,R006,L007,Noche,79,70,11.32,8.21,3.11
PD003109,20250308,A001,R010,L004,Día,250,170,9.87,6.7,3.17
PD003110,20250321,A001,R023,L003,Tarde,643,740,10.35,8.21,2.14
PD003111,20250128,A004,R007,L004,Día,137,145,6.28,4.75,1.53
PD003112,20250629,A001,R001,L005,Día,675,710,9.23,6.47,2.76
PD003113,20250507,A001,R004,L005,Tarde,788,804,6.86,4.67,2.19
PD003114,20250101,A002,R010,L004,Noche,772,678,9.29,5.84,3.45
PD003115,20250116,A006,R028,L005,Tarde,320,341,6.84,4.59,2.25
PD003116,20250603,A002,R025,L006,Tarde,252,206,7.42,5.51,1.91
PD003117,20250128,A005,R014,L003,Tarde,889,894,11.35,8.31,3.04
PD003118,20250607,A004,R020,L003,Día,177,177,10.62,9.04,1.58
PD003119,20250606,A002,R007,L003,Noche,166,93,8.91,5.3,3.61
PD003120,20250517,A001,R022,L003,Tarde,566,576,6.68,4.57,2.12
PD003121,20250619,A006,R007,L003,Día,311,310,10.08,8.03,2.05
PD003122,20250219,A002,R022,L007,Día,532,379,7.21,4.51,2.7
PD003123,20250218,A002,R001,L003,Día,631,535,11.01,7.28,3.74
PD003124,20250220,A005,R023,L006,Día,845,790,9.4,7.39,2.02
PD003125,20250311,A004,R014,L004,Noche,212,193,10.97,9.33,1.64
PD003126,20250313,A006,R022,L005,Noche,748,619,10.83,7.16,3.66
PD003127,20250219,A001,R017,L002,Tarde,325,305,9.85,7.41,2.44
PD003128,20250305,A002,R021,L004,Día,462,318,8.25,5.46,2.79
PD003129,20250602,A006,R016,L005,Noche,365,301,11.99,10.97,1.02
PD003130,20250625,A005,R004,L007,Tarde,482,439,8.53,7.29,1.24
PD003131,20250212,A003,R017,L005,Día,239,206,9.66,7.24,2.43
PD003132,20250605,A004,R011,L002,Noche,179,185,8.65,7.36,1.29
PD003133,20250426,A004,R024,L004,Noche,200,170,10.65,7.46,3.19
PD003134,20250420,A004,R015,L001,Tarde,262,266,9.41,6.46,2.95
PD003135,20250424,A005,R004,L005,Tarde,859,870,11.32,8.56,2.76
PD003136,20250313,A003,R007,L005,Día,227,218,11.61,7.8,3.8
PD003137,20250622,A003,R018,L002,Día,285,237,6.46,4.95,1.51
PD003138,20250420,A005,R028,L004,Tarde,251,237,11.02,9.32,1.7
PD003139,20250619,A001,R013,L001,Día,548,588,6.11,4.75,1.36
PD003140,20250618,A002,R025,L006,Noche,413,234,7.68,5.23,2.45
PD003141,20250107,A003,R021,L005,Noche,679,622,8.18,6.19,1.99
PD003142,20250403,A006,R017,L005,Tarde,350,363,9.14,7.66,1.48
PD003143,20250116,A005,R009,L001,Día,437,518,9.26,7.29,1.96
PD003144,20250207,A001,R007,L005,Noche,328,234,9.47,7.51,1.96
PD003145,20250213,A003,R020,L006,Día,227,235,8.91,6.93,1.97
PD003146,20250603,A002,R011,L006,Tarde,202,160,11.08,6.41,4.67
PD003147,20250406,A002,R013,L006,Día,300,255,7.92,5.76,2.16
PD003148,20250119,A001,R013,L007,Tarde,368,424,9.72,8.25,1.47
PD003149,20250629,A001,R002,L007,Tarde,132,118,7.42,4.91,2.52
PD003150,20250511,A003,R014,L003,Día,208,180,10.36,8.88,1.48
PD003151,20250316,A001,R017,L005,Tarde,620,583,8.84,6.99,1.86
PD003152,20250119,A003,R016,L003,Día,890,752,7.53,5.03,2.5
PD003153,20250306,A002,R023,L003,Tarde,296,209,9.68,8.05,1.64
PD003154,20250531,A001,R005,L007,Día,203,225,11.97,10.47,1.5
PD003155,20250107,A006,R006,L005,Día,277,216,8.59,7.08,1.51
PD003156,20250621,A002,R026,L002,Día,169,149,8.39,6.55,1.84
PD003157,20250406,A001,R024,L001,Tarde,605,572,7.61,6.7,0.91
PD003158,20250522,A004,R007,L005,Noche,103,88,11.01,9.1,1.91
PD003159,20250420,A002,R024,L007,Tarde,634,606,10.95,6.11,4.84
PD003160,20250414,A003,R027,L005,Día,230,214,7.24,6.52,0.72
PD003161,20250112,A006,R024,L001,Día,575,520,8.88,6.35,2.53
PD003162,20250611,A001,R009,L001,Día,552,562,6.93,5.47,1.46
PD003163,20250108,A005,R028,L006,Tarde,460,535,11.42,10.42,1.0
PD003164,20250629,A003,R020,L006,Noche,205,162,11.39,8.72,2.66
PD003165,20250616,A002,R022,L007,Noche,595,520,9.07,6.28,2.79
PD003166,20250218,A003,R018,L005,Tarde,284,212,10.45,8.79,1.65
PD003167,20250620,A004,R012,L002,Día,432,389,8.94,7.27,1.67
PD003168,20250626,A005,R014,L007,Tarde,535,522,6.53,4.77,1.76
PD003169,20250104,A005,R015,L003,Día,458,439,6.0,4.73,1.27
PD003170,20250306,A005,R024,L007,Tarde,237,169,8.35,6.14,2.21
PD003171,20250517,A006,R007,L007,Día,561,528,10.18,7.23,2.95
PD003172,20250421,A004,R010,L002,Tarde,280,301,9.11,6.91,2.19
PD003173,20250509,A006,R011,L005,Noche,85,80,11.64,7.83,3.81
PD003174,20250111,A006,R016,L003,Día,599,507,10.68,8.05,2.63
PD003175,20250207,A001,R028,L007,Día,681,727,11.88,8.22,3.66
PD003176,20250308,A006,R017,L006,Día,506,502,11.63,7.68,3.95
PD003177,20250308,A004,R002,L004,Tarde,777,650,6.28,4.6,1.68
PD003178,20250317,A005,R012,L007,Noche,345,266,10.13,7.36,2.77
PD003179,20250505,A002,R022,L005,Día,209,163,8.1,5.91,2.2
PD003180,20250208,A002,R023,L004,Tarde,389,298,9.99,6.89,3.1
PD003181,20250204,A004,R024,L003,Día,873,618,11.96,9.79,2.17
PD003182,20250420,A005,R015,L003,Día,664,575,9.83,7.49,2.34
PD003183,20250308,A001,R028,L004,Tarde,340,265,8.82,7.83,0.98
PD003184,20250211,A005,R019,L003,Noche,282,234,9.46,7.59,1.87
PD003185,20250619,A002,R005,L002,Día,290,223,10.02,6.32,3.7
PD003186,20250405,A003,R028,L005,Día,443,421,9.95,8.27,1.68
PD003187,20250626,A003,R022,L005,Noche,75,76,10.74,7.47,3.27
PD003188,20250123,A006,R008,L003,Día,274,224,8.5,7.76,0.74
PD003189,20250627,A001,R008,L006,Noche,250,181,9.49,7.17,2.33
PD003190,20250404,A006,R001,L006,Tarde,644,674,9.42,7.33,2.09
PD003191,20250309,A005,R004,L005,Tarde,564,560,6.22,4.28,1.95
PD003192,20250129,A005,R025,L001,Día,686,570,7.44,5.45,1.98
PD003193,20250408,A001,R010,L007,Día,303,265,11.92,10.04,1.88
PD003194,20250619,A004,R030,L005,Noche,86,71,6.52,5.4,1.12
PD003195,20250207,A001,R015,L005,Día,103,104,11.29,8.82,2.47
PD003196,20250416,A006,R025,L001,Tarde,853,776,9.49,7.72,1.77
PD003197,20250626,A001,R002,L002,Tarde,520,609,11.72,10.54,1.19
PD003198,20250610,A001,R002,L006,Tarde,184,186,11.78,8.08,3.71
PD003199,20250309,A005,R030,L004,Día,707,605,8.39,6.4,1.98
PD003200,20250603,A001,R005,L005,Día,125,152,6.16,5.45,0.7
PD003201,20250208,A002,R024,L004,Tarde,759,414,6.22,5.4,0.83
PD003202,20250107,A005,R021,L004,Tarde,431,350,11.83,9.82,2.01
PD003203,20250309,A002,R026,L003,Noche,380,283,8.64,6.13,2.51
PD003204,20250124,A003,R023,L003,Día,422,436,11.66,9.02,2.64
PD003205,20250503,A003,R003,L003,Noche,155,135,8.64,7.23,1.41
PD003206,20250124,A006,R016,L003,Noche,592,715,8.97,6.13,2.84
PD003207,20250104,A003,R016,L007,Día,486,548,6.43,4.61,1.83
PD003208,20250105,A004,R001,L007,Tarde,721,569,7.95,5.5,2.45
PD003209,20250415,A002,R003,L002,Noche,141,110,11.06,7.14,3.92
PD003210,20250502,A003,R024,L001,Noche,440,403,8.06,5.9,2.16
PD003211,20250119,A002,R028,L007,Día,351,300,8.11,6.11,2.0
PD003212,20250604,A006,R012,L004,Día,495,583,11.51,9.09,2.42
PD003213,20250101,A004,R006,L006,Noche,674,681,9.7,6.95,2.75
PD003214,20250311,A004,R029,L006,Noche,353,433,7.85,5.39,2.47
PD003215,20250302,A004,R016,L007,Noche,212,227,6.07,4.99,1.08
PD003216,20250625,A006,R003,L005,Tarde,115,107,8.26,7.25,1.01
PD003217,20250410,A002,R022,L002,Día,675,507,11.0,6.83,4.17
PD003218,20250301,A004,R002,L002,Noche,318,319,8.38,6.28,2.1
PD003219,20250311,A001,R012,L004,Noche,296,354,11.39,7.56,3.83
PD003220,20250611,A004,R012,L002,Tarde,881,815,10.22,8.28,1.94
PD003221,20250208,A005,R020,L004,Tarde,643,622,7.15,4.85,2.3
PD003222,20250514,A006,R004,L001,Tarde,136,129,9.24,7.24,2.0
PD003223,20250521,A006,R023,L007,Tarde,374,351,11.74,9.64,2.1
PD003224,20250630,A006,R015,L002,Noche,894,820,8.75,6.07,2.68
PD003225,20250421,A003,R015,L001,Día,384,289,7.64,5.22,2.42
PD003226,20250323,A002,R015,L007,Día,863,581,6.59,4.04,2.54
PD003227,20250102,A006,R004,L005,Tarde,637,473,6.18,5.31,0.86
PD003228,20250312,A004,R012,L005,Noche,151,127,11.55,10.3,1.25
PD003229,20250415,A003,R017,L002,Día,676,589,11.65,7.97,3.68
PD003230,20250428,A005,R007,L002,Noche,821,717,7.09,6.28,0.81
PD003231,20250204,A002,R028,L004,Día,321,176,11.94,7.05,4.88
PD003232,20250620,A006,R005,L002,Tarde,624,555,10.66,9.68,0.98
PD003233,20250215,A005,R004,L004,Tarde,410,509,11.97,9.82,2.16
PD003234,20250529,A001,R028,L006,Tarde,128,127,6.65,4.5,2.15
PD003235,20250629,A005,R017,L002,Noche,361,326,7.59,5.02,2.57
PD003236,20250107,A005,R017,L006,Tarde,757,585,11.07,8.24,2.83
PD003237,20250323,A005,R027,L006,Tarde,753,772,9.49,6.37,3.12
PD003238,20250215,A004,R021,L006,Día,283,286,9.74,7.85,1.89
PD003239,20250530,A001,R030,L002,Día,425,455,8.04,7.24,0.8
PD003240,20250219,A005,R012,L004,Noche,145,119,11.0,8.76,2.24
PD003241,20250515,A003,R024,L001,Noche,149,137,6.2,4.3,1.91
PD003242,20250212,A005,R028,L002,Día,182,159,11.46,8.88,2.58
PD003243,20250413,A005,R014,L002,Noche,510,598,11.27,9.17,2.1
PD003244,20250626,A001,R026,L005,Tarde,893,804,11.24,9.55,1.69
PD003245,20250531,A002,R002,L004,Día,84,66,6.41,4.84,1.57
PD003246,20250402,A001,R020,L005,Día,476,424,8.02,6.59,1.43
PD003247,20250129,A001,R019,L005,Día,396,385,8.12,7.02,1.1
PD003248,20250308,A001,R025,L005,Día,641,584,7.87,6.98,0.89
PD003249,20250223,A002,R008,L004,Día,449,248,10.01,8.91,1.09
PD003250,20250203,A002,R027,L001,Tarde,550,404,11.61,8.57,3.04
PD003251,20250425,A005,R022,L002,Tarde,865,863,6.17,5.07,1.1
PD003252,20250211,A006,R017,L003,Tarde,461,267,8.46,5.8,2.66
PD003253,20250623,A006,R008,L007,Día,805,661,9.39,8.07,1.32
PD003254,20250308,A001,R014,L004,Tarde,273,262,9.95,6.72,3.22
PD003255,20250528,A004,R019,L004,Tarde,893,789,9.34,6.58,2.76
PD003256,20250209,A006,R014,L003,Noche,317,300,7.85,6.12,1.73
PD003257,20250504,A002,R022,L005,Día,164,115,6.97,5.33,1.64
PD003258,20250428,A001,R013,L005,Día,546,595,9.12,8.19,0.92
PD003259,20250113,A004,R005,L004,Día,615,477,6.88,4.75,2.13
PD003260,20250425,A004,R026,L007,Noche,110,78,9.91,8.54,1.37
PD003261,20250320,A005,R007,L001,Día,60,63,6.67,4.52,2.15
PD003262,20250417,A005,R024,L004,Noche,192,227,7.73,6.37,1.36
PD003263,20250620,A006,R020,L004,Día,873,945,6.31,4.5,1.8
PD003264,20250306,A002,R011,L006,Noche,724,410,8.53,5.08,3.46
PD003265,20250425,A003,R015,L004,Tarde,544,485,10.01,8.84,1.18
PD003266,20250614,A005,R018,L007,Día,505,461,11.69,8.83,2.86
PD003267,20250427,A003,R013,L003,Día,116,92,11.15,9.34,1.81
PD003268,20250203,A004,R030,L007,Día,550,508,8.58,6.59,1.99
PD003269,20250324,A001,R011,L001,Noche,747,617,9.66,8.66,1.0
PD003270,20250302,A005,R021,L005,Noche,141,163,9.15,6.97,2.18
PD003271,20250128,A002,R006,L004,Tarde,808,568,8.77,4.91,3.86
PD003272,20250519,A004,R008,L003,Tarde,552,577,8.86,5.85,3.01
PD003273,20250605,A005,R024,L006,Noche,468,497,7.46,5.63,1.83
PD003274,20250412,A003,R001,L003,Día,660,624,11.25,9.54,1.71
PD003275,20250212,A006,R026,L005,Día,394,382,8.66,6.92,1.74
PD003276,20250210,A003,R028,L001,Noche,402,387,11.26,9.68,1.58
PD003277,20250204,A006,R007,L003,Tarde,436,368,10.99,10.11,0.88
PD003278,20250610,A002,R006,L002,Tarde,292,229,10.0,6.76,3.23
PD003279,20250314,A002,R010,L006,Tarde,414,338,11.53,6.87,4.67
PD003280,20250506,A003,R008,L002,Noche,530,521,7.76,5.99,1.77
PD003281,20250313,A004,R020,L004,Día,528,465,11.81,8.63,3.19
PD003282,20250621,A004,R010,L005,Día,840,856,11.84,8.77,3.07
PD003283,20250517,A002,R024,L002,Día,602,525,11.71,10.39,1.32
PD003284,20250622,A002,R015,L007,Día,502,320,10.12,7.71,2.41
PD003285,20250128,A001,R013,L005,Día,363,312,10.17,8.33,1.84
PD003286,20250621,A002,R022,L003,Noche,162,144,10.56,8.88,1.69
PD003287,20250103,A001,R012,L003,Tarde,788,1011,10.28,7.9,2.38
PD003288,20250615,A001,R019,L004,Día,474,485,9.25,6.38,2.87
PD003289,20250221,A003,R019,L007,Tarde,285,247,6.42,5.65,0.77
PD003290,20250205,A002,R024,L004,Noche,313,271,9.23,8.23,1.0
PD003291,20250531,A006,R022,L007,Tarde,505,500,9.96,8.38,1.58
PD003292,20250621,A005,R003,L001,Tarde,881,655,7.19,5.74,1.45
PD003293,20250423,A003,R002,L003,Tarde,888,959,11.95,8.01,3.94
PD003294,20250209,A001,R010,L001,Noche,822,756,9.28,7.43,1.85
PD003295,20250413,A001,R017,L007,Tarde,569,475,7.07,5.26,1.81
PD003296,20250515,A006,R019,L007,Día,595,631,7.53,5.51,2.02
PD003297,20250613,A001,R026,L005,Día,669,752,8.75,7.7,1.05
PD003298,20250119,A004,R030,L005,Día,489,572,8.24,6.55,1.68
PD003299,20250115,A004,R015,L005,Tarde,332,312,6.57,4.77,1.8
PD003300,20250430,A006,R007,L006,Noche,66,64,10.57,9.29,1.27
PD003301,20250412,A005,R008,L007,Noche,468,337,11.93,8.64,3.29
PD003302,20250507,A005,R001,L005,Noche,98,90,10.44,7.7,2.74
PD003303,20250510,A001,R030,L003,Tarde,291,258,8.54,6.29,2.25
PD003304,20250126,A006,R020,L005,Noche,799,722,6.14,4.82,1.32
PD003305,20250525,A005,R012,L006,Noche,133,122,11.63,7.86,3.77
PD003306,20250213,A001,R029,L006,Día,518,477,10.39,7.0,3.39
PD003307,20250124,A005,R011,L007,Noche,727,529,7.1,4.69,2.41
PD003308,20250114,A006,R005,L002,Día,853,829,7.22,5.78,1.44
PD003309,20250515,A001,R022,L005,Tarde,160,142,11.91,10.95,0.96
PD003310,20250312,A003,R009,L004,Tarde,717,721,11.05,9.03,2.01
PD003311,20250204,A004,R013,L007,Noche,427,383,8.07,5.88,2.19
PD003312,20250211,A003,R009,L004,Día,754,833,10.91,8.31,2.6
PD003313,20250421,A001,R015,L004,Noche,443,388,6.39,4.94,1.45
PD003314,20250315,A003,R029,L004,Día,703,643,9.4,6.45,2.95
PD003315,20250506,A004,R005,L002,Día,255,235,9.85,8.07,1.77
PD003316,20250313,A001,R017,L003,Tarde,474,465,9.37,7.39,1.98
PD003317,20250118,A002,R016,L004,Noche,96,71,7.47,5.73,1.74
PD003318,20250320,A002,R025,L001,Tarde,819,651,10.79,7.65,3.14
PD003319,20250627,A006,R015,L004,Tarde,726,657,11.16,8.61,2.55
PD003320,20250226,A001,R001,L004,Tarde,488,484,11.85,10.01,1.84
PD003321,20250510,A002,R012,L007,Día,679,581,9.58,5.92,3.66
PD003322,20250604,A004,R008,L002,Noche,894,948,7.68,6.26,1.42
PD003323,20250104,A001,R014,L004,Día,452,526,11.18,9.03,2.15
PD003324,20250130,A006,R003,L005,Día,893,902,9.87,7.88,2.0
PD003325,20250407,A001,R026,L002,Tarde,418,390,6.45,5.31,1.14
PD003326,20250219,A001,R026,L004,Día,736,751,11.97,8.76,3.21
PD003327,20250603,A001,R002,L006,Tarde,771,616,9.08,7.14,1.94
PD003328,20250316,A002,R002,L003,Tarde,681,554,10.49,7.76,2.73
PD003329,20250219,A002,R012,L007,Noche,747,501,6.01,4.06,1.95
PD003330,20250411,A003,R028,L006,Noche,166,133,7.4,6.75,0.65
PD003331,20250130,A005,R019,L007,Día,409,356,6.35,4.95,1.4
PD003332,20250510,A006,R011,L007,Tarde,859,871,6.87,5.06,1.81
PD003333,20250316,A003,R015,L003,Día,622,570,6.68,5.85,0.83
PD003334,20250405,A002,R028,L003,Noche,495,437,10.55,6.34,4.21
PD003335,20250106,A006,R010,L001,Noche,656,572,9.1,6.42,2.68
PD003336,20250308,A005,R020,L006,Noche,661,553,6.94,4.81,2.13
PD003337,20250105,A003,R020,L001,Noche,505,679,6.01,4.57,1.44
PD003338,20250518,A005,R026,L007,Día,51,52,6.05,5.49,0.56
PD003339,20250216,A003,R023,L007,Día,279,227,7.99,6.35,1.64
PD003340,20250608,A002,R012,L002,Noche,185,153,6.77,5.93,0.84
PD003341,20250331,A002,R019,L007,Noche,390,238,7.0,5.98,1.02
PD003342,20250625,A001,R011,L004,Tarde,593,571,8.24,6.92,1.33
PD003343,20250222,A003,R025,L007,Tarde,258,220,11.97,9.65,2.32
PD003344,20250322,A006,R025,L003,Día,384,412,7.97,6.66,1.31
PD003345,20250509,A004,R015,L003,Noche,364,341,7.76,6.84,0.92
PD003346,20250405,A005,R010,L006,Noche,241,214,9.04,6.59,2.45
PD003347,20250225,A004,R020,L004,Noche,446,412,8.68,6.76,1.92
PD003348,20250420,A003,R024,L003,Día,136,143,9.79,6.53,3.26
PD003349,20250519,A004,R013,L002,Noche,898,1000,10.98,9.31,1.67
PD003350,20250627,A001,R007,L002,Tarde,193,180,7.35,6.26,1.09
PD003351,20250126,A004,R014,L002,Tarde,707,644,8.29,5.85,2.44
PD003352,20250619,A006,R019,L004,Día,120,104,6.65,4.4,2.25
PD003353,20250225,A002,R013,L001,Día,550,452,11.15,6.65,4.5
PD003354,20250614,A006,R014,L007,Día,152,179,6.69,4.81,1.88
PD003355,20250502,A001,R018,L001,Día,399,452,6.0,4.72,1.29
PD003356,20250219,A004,R008,L003,Noche,445,429,11.65,9.38,2.27
PD003357,20250130,A001,R003,L001,Día,86,100,8.51,6.12,2.39
PD003358,20250524,A005,R022,L002,Tarde,280,239,9.44,8.08,1.36
PD003359,20250319,A003,R018,L001,Día,594,412,7.75,5.25,2.5
PD003360,20250507,A004,R025,L007,Tarde,705,674,7.69,6.72,0.96
PD003361,20250221,A002,R024,L007,Día,440,312,7.34,5.0,2.34
PD003362,20250119,A001,R030,L006,Tarde,202,203,9.28,6.3,2.98
PD003363,20250125,A006,R010,L006,Noche,530,553,9.35,6.8,2.55
PD003364,20250328,A001,R025,L007,Tarde,582,579,9.31,7.68,1.63
PD003365,20250510,A004,R007,L005,Tarde,695,596,6.57,5.6,0.97
PD003366,20250310,A005,R021,L002,Día,382,432,11.05,9.53,1.52
PD003367,20250511,A006,R030,L001,Noche,75,69,9.39,7.11,2.29
PD003368,20250331,A003,R006,L007,Noche,417,305,6.45,5.71,0.74
PD003369,20250308,A005,R001,L006,Día,144,133,6.93,5.4,1.53
PD003370,20250408,A003,R003,L007,Noche,604,630,8.51,7.66,0.85
PD003371,20250402,A003,R001,L006,Día,589,453,8.23,7.53,0.71
PD003372,20250325,A004,R009,L005,Noche,241,229,6.61,5.97,0.64
PD003373,20250113,A004,R009,L002,Tarde,336,285,11.54,8.25,3.29
PD003374,20250320,A006,R005,L005,Día,800,661,6.63,4.81,1.82
PD003375,20250422,A005,R015,L003,Noche,423,383,9.59,6.73,2.86
PD003376,20250314,A006,R020,L006,Noche,290,299,9.52,6.5,3.02
PD003377,20250310,A004,R011,L006,Tarde,582,535,11.81,7.99,3.82
PD003378,20250305,A006,R021,L003,Tarde,477,477,9.06,5.99,3.07
PD003379,20250116,A003,R006,L002,Noche,514,438,8.22,7.1,1.13
PD003380,20250613,A005,R001,L004,Noche,653,588,7.48,4.99,2.49
PD003381,20250612,A004,R002,L006,Tarde,751,605,8.47,7.07,1.39
PD003382,20250526,A003,R008,L004,Día,451,439,8.32,6.55,1.76
PD003383,20250525,A001,R014,L004,Día,133,126,10.88,8.34,2.53
PD003384,20250106,A006,R018,L004,Día,112,105,6.75,4.88,1.87
PD003385,20250328,A005,R003,L001,Tarde,781,830,8.22,6.95,1.27
PD003386,20250516,A001,R029,L002,Tarde,530,458,11.05,8.38,2.68
PD003387,20250315,A006,R007,L002,Noche,79,78,11.99,9.89,2.1
PD003388,20250504,A004,R017,L005,Día,552,575,6.64,5.82,0.83
PD003389,20250424,A004,R009,L001,Día,643,623,7.07,5.22,1.85
PD003390,20250413,A005,R007,L004,Día,354,294,9.23,6.93,2.3
PD003391,20250109,A003,R010,L005,Noche,530,583,11.5,10.4,1.1
PD003392,20250502,A002,R016,L005,Día,520,491,10.45,7.77,2.67
PD003393,20250619,A005,R015,L001,Noche,118,88,8.62,5.99,2.63
PD003394,20250202,A001,R006,L001,Día,109,104,7.71,5.09,2.61
PD003395,20250307,A005,R025,L001,Día,662,563,10.28,7.06,3.22
PD003396,20250520,A002,R029,L004,Noche,886,664,7.99,4.34,3.65
PD003397,20250427,A002,R011,L003,Noche,283,271,9.44,7.1,2.34
PD003398,20250318,A002,R008,L004,Día,803,513,8.87,7.13,1.73
PD003399,20250501,A002,R023,L006,Noche,456,345,6.1,4.27,1.83
PD003400,20250102,A005,R009,L006,Noche,401,324,9.72,6.86,2.86
PD003401,20250628,A006,R019,L001,Noche,455,430,11.82,10.25,1.57
PD003402,20250303,A001,R004,L002,Día,140,124,6.27,5.02,1.24
PD003403,20250518,A001,R023,L007,Tarde,228,201,9.41,8.54,0.87
PD003404,20250212,A004,R012,L007,Tarde,293,269,10.44,8.57,1.88
PD003405,20250615,A006,R020,L005,Día,746,614,11.07,9.69,1.38
PD003406,20250513,A001,R009,L005,Día,289,273,11.1,8.04,3.06
PD003407,20250415,A002,R011,L003,Tarde,532,397,11.78,9.74,2.04
PD003408,20250418,A001,R022,L007,Día,385,391,7.83,6.32,1.51
PD003409,20250518,A005,R024,L004,Día,231,219,9.09,8.18,0.91
PD003410,20250324,A002,R014,L002,Día,696,484,7.84,4.28,3.55
PD003411,20250508,A002,R007,L007,Tarde,577,382,9.68,6.2,3.48
PD003412,20250619,A002,R027,L001,Tarde,569,448,9.57,7.21,2.36
PD003413,20250415,A001,R015,L005,Tarde,785,909,8.76,7.07,1.68
PD003414,20250505,A001,R004,L002,Tarde,407,403,7.16,6.17,0.99
PD003415,20250615,A001,R014,L001,Tarde,99,89,7.59,5.98,1.61
PD003416,20250105,A004,R004,L004,Noche,349,324,7.48,6.55,0.94
PD003417,20250526,A004,R028,L003,Día,126,96,7.8,5.62,2.18
PD003418,20250619,A006,R008,L001,Día,332,263,8.64,6.98,1.66
PD003419,20250526,A004,R001,L005,Tarde,358,314,6.8,4.54,2.26
PD003420,20250109,A006,R030,L007,Día,896,956,6.36,5.09,1.27
PD003421,20250507,A001,R011,L002,Noche,257,199,6.44,5.23,1.21
PD003422,20250415,A005,R008,L007,Día,747,631,9.91,6.84,3.07
PD003423,20250414,A004,R002,L003,Noche,708,681,7.07,5.97,1.11
PD003424,20250121,A003,R028,L001,Tarde,744,693,6.18,4.51,1.67
PD003425,20250427,A005,R019,L004,Noche,236,245,10.97,8.87,2.1
PD003426,20250201,A002,R013,L007,Noche,322,248,9.27,7.04,2.23
PD003427,20250114,A006,R027,L006,Día,725,766,8.83,5.89,2.94
PD003428,20250114,A003,R017,L004,Tarde,428,486,11.01,8.45,2.56
PD003429,20250504,A006,R015,L007,Día,174,146,9.34,6.68,2.66
PD003430,20250416,A005,R022,L006,Noche,697,581,7.89,6.65,1.24
PD003431,20250304,A002,R027,L007,Día,506,420,10.65,7.58,3.07
PD003432,20250624,A002,R023,L001,Día,831,761,6.18,4.51,1.66
PD003433,20250318,A004,R029,L004,Día,345,345,10.95,8.75,2.2
PD003434,20250412,A003,R012,L003,Día,850,935,11.41,7.58,3.83
PD003435,20250621,A006,R017,L005,Día,786,624,11.03,7.91,3.12
PD003436,20250318,A001,R004,L001,Noche,65,64,10.85,9.89,0.97
PD003437,20250105,A003,R006,L001,Tarde,569,606,7.47,5.39,2.07
PD003438,20250625,A003,R011,L001,Día,842,748,6.66,4.96,1.71
PD003439,20250515,A004,R016,L006,Día,81,69,9.83,7.26,2.57
PD003440,20250315,A003,R012,L002,Día,626,578,9.99,8.08,1.91
PD003441,20250628,A004,R001,L001,Día,133,147,10.93,9.9,1.03
PD003442,20250520,A001,R009,L007,Día,815,835,7.77,5.39,2.39
PD003443,20250513,A004,R016,L001,Día,416,342,9.94,7.2,2.74
PD003444,20250131,A003,R008,L001,Noche,114,105,11.65,9.19,2.45
PD003445,20250318,A004,R018,L001,Día,74,80,10.38,7.61,2.78
PD003446,20250425,A003,R026,L004,Noche,153,133,6.46,5.06,1.4
PD003447,20250607,A001,R009,L005,Noche,455,327,10.39,8.59,1.8
PD003448,20250617,A005,R010,L005,Tarde,73,62,10.57,8.24,2.33
PD003449,20250420,A003,R005,L006,Tarde,700,714,7.62,6.28,1.34
PD003450,20250115,A003,R018,L007,Día,317,269,10.38,7.27,3.11
PD003451,20250302,A001,R012,L006,Noche,382,368,7.07,6.06,1.01
PD003452,20250111,A004,R024,L003,Tarde,247,165,9.54,7.18,2.37
PD003453,20250513,A001,R018,L004,Día,207,186,10.81,9.72,1.09
PD003454,20250310,A001,R004,L007,Tarde,264,260,10.68,9.08,1.59
PD003455,20250115,A004,R022,L001,Noche,77,70,6.15,4.19,1.96
PD003456,20250605,A001,R008,L004,Tarde,313,283,8.32,6.37,1.95
PD003457,20250331,A003,R029,L002,Tarde,504,469,9.04,6.99,2.06
PD003458,20250516,A005,R014,L003,Tarde,311,306,10.78,8.93,1.86
PD003459,20250505,A005,R007,L003,Noche,538,456,8.82,6.5,2.32
PD003460,20250528,A003,R023,L002,Noche,883,672,6.18,4.26,1.92
PD003461,20250614,A001,R014,L004,Noche,210,229,8.81,7.24,1.57
PD003462,20250605,A001,R007,L007,Tarde,283,285,9.27,6.78,2.49
PD003463,20250210,A006,R014,L006,Día,695,583,10.59,7.38,3.21
PD003464,20250428,A004,R009,L002,Día,683,722,8.71,6.13,2.58
PD003465,20250120,A003,R030,L007,Noche,84,67,7.78,6.6,1.18
PD003466,20250411,A006,R003,L003,Tarde,761,592,10.63,8.97,1.66
PD003467,20250215,A006,R007,L003,Tarde,267,265,9.92,8.22,1.69
PD003468,20250512,A005,R014,L005,Día,698,692,9.33,7.62,1.71
PD003469,20250525,A006,R014,L006,Tarde,784,868,8.66,7.58,1.09
PD003470,20250416,A001,R018,L003,Tarde,107,106,10.21,8.94,1.27
PD003471,20250628,A001,R014,L002,Noche,637,740,9.65,8.34,1.31
PD003472,20250317,A004,R005,L005,Día,283,183,7.71,6.41,1.3
PD003473,20250208,A004,R001,L003,Tarde,300,287,10.56,9.39,1.17
PD003474,20250115,A003,R030,L001,Tarde,491,453,6.88,5.98,0.9
PD003475,20250221,A005,R012,L004,Tarde,574,566,8.54,7.1,1.44
PD003476,20250323,A002,R022,L004,Noche,117,84,10.36,7.62,2.75
PD003477,20250323,A004,R024,L001,Tarde,623,647,6.25,5.65,0.6
PD003478,20250326,A002,R018,L002,Día,513,415,7.36,6.46,0.91
PD003479,20250205,A005,R013,L002,Tarde,298,272,11.11,8.87,2.24
PD003480,20250118,A002,R023,L004,Tarde,432,210,8.75,6.81,1.93
PD003481,20250307,A001,R026,L001,Noche,586,540,7.82,5.25,2.57
PD003482,20250617,A001,R029,L004,Tarde,854,1002,8.23,5.6,2.62
PD003483,20250119,A004,R025,L003,Noche,769,478,11.53,10.6,0.93
PD003484,20250508,A005,R028,L002,Noche,897,935,10.29,9.41,0.89
PD003485,20250317,A001,R008,L007,Tarde,346,337,7.66,6.4,1.27
PD003486,20250104,A005,R008,L003,Noche,871,859,8.36,5.93,2.43
PD003487,20250104,A002,R001,L001,Día,174,121,7.92,6.1,1.82
PD003488,20250111,A002,R017,L002,Tarde,336,296,9.16,5.68,3.48
PD003489,20250426,A001,R017,L005,Noche,162,112,6.8,5.41,1.39
PD003490,20250318,A006,R018,L005,Tarde,217,204,7.6,6.58,1.02
PD003491,20250512,A004,R019,L007,Tarde,436,382,6.07,5.12,0.95
PD003492,20250223,A004,R009,L006,Día,670,626,7.03,5.48,1.55
PD003493,20250103,A004,R021,L003,Noche,402,318,8.43,6.06,2.37
PD003494,20250111,A005,R026,L007,Día,273,249,9.43,7.1,2.33
PD003495,20250505,A003,R013,L006,Día,216,209,10.44,9.43,1.01
PD003496,20250414,A005,R001,L001,Noche,778,685,8.44,6.09,2.34
PD003497,20250414,A003,R026,L007,Noche,895,660,10.69,9.61,1.09
PD003498,20250404,A003,R006,L003,Noche,897,879,6.63,4.73,1.9
PD003499,20250524,A004,R020,L005,Día,171,151,6.9,5.16,1.73
PD003500,20250214,A003,R008,L005,Tarde,627,576,10.68,7.18,3.5
PD003501,20250216,A001,R027,L007,Noche,484,450,6.41,4.5,1.91
PD003502,20250626,A002,R019,L001,Tarde,443,353,10.02,7.72,2.3
PD003503,20250425,A006,R025,L002,Día,625,694,10.41,7.35,3.06
PD003504,20250218,A001,R001,L007,Tarde,866,822,9.45,7.98,1.47
PD003505,20250623,A004,R020,L007,Día,143,143,7.39,6.17,1.22
PD003506,20250102,A001,R027,L005,Día,266,296,10.78,7.69,3.09
PD003507,20250304,A003,R004,L002,Tarde,468,363,9.26,7.53,1.73
PD003508,20250506,A005,R003,L001,Noche,811,776,9.36,8.4,0.96
PD003509,20250421,A001,R023,L004,Día,198,180,10.98,7.79,3.2
PD003510,20250408,A003,R006,L003,Tarde,280,258,6.83,6.26,0.58
PD003511,20250119,A005,R010,L003,Tarde,682,507,8.77,7.95,0.81
PD003512,20250406,A001,R019,L006,Noche,504,474,10.91,9.75,1.16
PD003513,20250608,A005,R008,L004,Noche,475,419,10.39,7.23,3.17
PD003514,20250503,A005,R019,L003,Día,801,788,9.4,8.41,0.99
PD003515,20250401,A002,R012,L001,Día,399,302,7.77,4.35,3.43
PD003516,20250512,A001,R001,L007,Tarde,93,92,9.24,8.06,1.18
PD003517,20250324,A004,R014,L007,Tarde,731,516,11.07,10.18,0.89
PD003518,20250202,A002,R010,L003,Tarde,72,54,6.04,5.2,0.85
PD003519,20250330,A003,R001,L007,Tarde,65,67,8.85,6.63,2.22
PD003520,20250604,A006,R018,L005,Noche,853,895,6.28,5.18,1.1
PD003521,20250212,A002,R001,L007,Tarde,67,65,7.33,4.94,2.4
PD003522,20250418,A006,R004,L004,Tarde,845,700,11.42,8.88,2.54
PD003523,20250318,A004,R016,L003,Noche,162,153,11.45,9.08,2.37
PD003524,20250101,A002,R017,L005,Tarde,126,98,11.19,8.6,2.59
PD003525,20250202,A006,R012,L001,Tarde,697,576,10.96,8.12,2.85
PD003526,20250101,A003,R014,L005,Tarde,216,173,11.01,9.18,1.83
PD003527,20250326,A006,R015,L003,Tarde,545,474,8.64,7.23,1.41
PD003528,20250410,A006,R013,L001,Día,120,115,8.26,7.05,1.22
PD003529,20250310,A006,R012,L001,Tarde,804,698,9.57,8.69,0.88
PD003530,20250222,A002,R029,L005,Día,217,175,6.85,4.48,2.36
PD003531,20250211,A005,R027,L007,Día,752,728,6.24,4.24,1.99
PD003532,20250214,A005,R005,L005,Día,390,300,9.76,8.16,1.6
PD003533,20250209,A001,R024,L005,Noche,592,582,7.56,5.34,2.22
PD003534,20250628,A005,R029,L003,Día,755,547,7.25,5.1,2.15
PD003535,20250404,A002,R008,L005,Tarde,55,42,9.06,5.23,3.83
PD003536,20250521,A001,R009,L006,Tarde,845,873,8.07,6.48,1.59
PD003537,20250112,A004,R021,L006,Noche,486,479,9.4,6.68,2.72
PD003538,20250428,A003,R010,L007,Noche,697,656,6.14,5.03,1.11
PD003539,20250622,A003,R030,L001,Noche,576,610,7.2,6.03,1.17
PD003540,20250225,A001,R006,L005,Tarde,553,462,9.58,6.76,2.83
PD003541,20250608,A004,R015,L003,Día,109,103,11.24,8.91,2.33
PD003542,20250505,A003,R030,L001,Tarde,310,234,7.43,5.88,1.56
PD003543,20250520,A002,R028,L001,Noche,448,325,9.73,8.65,1.08
PD003544,20250302,A004,R007,L004,Día,72,66,6.1,4.93,1.17
PD003545,20250212,A005,R010,L003,Tarde,568,571,6.24,4.64,1.59
PD003546,20250111,A003,R022,L005,Tarde,771,698,7.85,5.58,2.27
PD003547,20250209,A004,R003,L005,Día,655,606,6.17,4.25,1.91
PD003548,20250327,A004,R007,L003,Noche,200,191,6.22,4.6,1.63
PD003549,20250504,A003,R013,L002,Noche,605,598,10.75,9.68,1.07
PD003550,20250320,A002,R007,L002,Tarde,350,306,8.78,6.13,2.65
PD003551,20250109,A003,R016,L007,Noche,419,414,8.59,7.56,1.03
PD003552,20250318,A003,R003,L004,Tarde,435,352,9.09,6.35,2.74
PD003553,20250223,A003,R025,L005,Día,415,387,10.97,9.6,1.38
PD003554,20250312,A003,R002,L003,Día,441,429,11.07,10.17,0.89
PD003555,20250121,A004,R030,L006,Tarde,684,624,10.93,7.71,3.22
PD003556,20250118,A001,R020,L007,Noche,248,233,9.61,8.2,1.42
PD003557,20250131,A001,R018,L003,Noche,707,727,7.12,6.23,0.9
PD003558,20250527,A002,R010,L007,Día,881,821,11.97,7.28,4.69
PD003559,20250220,A004,R024,L003,Noche,286,315,6.89,6.32,0.57
PD003560,20250126,A005,R010,L001,Tarde,218,249,10.76,9.58,1.18
PD003561,20250309,A004,R020,L004,Día,850,925,6.77,5.68,1.09
PD003562,20250508,A003,R015,L003,Tarde,825,808,8.28,6.53,1.74
PD003563,20250322,A005,R024,L003,Tarde,844,798,8.63,7.79,0.84
PD003564,20250315,A004,R024,L004,Día,60,55,6.05,4.63,1.41
PD003565,20250609,A006,R019,L007,Noche,655,686,11.7,9.72,1.98
PD003566,20250603,A003,R014,L001,Tarde,576,597,6.89,4.58,2.31
PD003567,20250113,A005,R030,L004,Día,669,617,6.27,5.35,0.92
PD003568,20250429,A002,R026,L002,Tarde,473,286,7.62,5.6,2.02
PD003569,20250212,A004,R011,L006,Día,604,784,8.63,7.49,1.14
PD003570,20250425,A006,R004,L003,Tarde,757,656,7.96,6.21,1.75
PD003571,20250207,A004,R007,L007,Tarde,382,281,8.46,6.44,2.01
PD003572,20250109,A006,R004,L003,Noche,254,224,7.12,4.85,2.27
PD003573,20250107,A006,R008,L004,Día,285,263,8.13,6.12,2.01
PD003574,20250402,A002,R009,L002,Noche,802,597,6.63,5.25,1.38
PD003575,20250621,A005,R010,L005,Día,791,802,10.08,8.57,1.51
PD003576,20250306,A003,R027,L005,Noche,637,702,6.78,6.05,0.72
PD003577,20250522,A003,R008,L007,Tarde,789,482,8.42,7.24,1.18
PD003578,20250613,A004,R028,L005,Noche,684,692,7.15,6.19,0.96
PD003579,20250522,A003,R028,L007,Día,266,237,7.49,5.06,2.43
PD003580,20250222,A006,R016,L004,Día,520,580,7.18,5.82,1.35
PD003581,20250105,A006,R020,L005,Día,192,204,7.83,6.09,1.74
PD003582,20250619,A002,R029,L004,Tarde,695,452,7.78,6.1,1.68
PD003583,20250531,A002,R027,L005,Tarde,591,459,9.35,6.43,2.92
PD003584,20250104,A003,R029,L003,Noche,739,598,10.76,9.1,1.67
PD003585,20250112,A006,R024,L004,Tarde,392,428,8.62,5.78,2.84
PD003586,20250205,A003,R016,L006,Día,266,206,9.9,8.23,1.67
PD003587,20250627,A002,R015,L005,Noche,215,171,9.72,5.46,4.26
PD003588,20250331,A002,R006,L001,Tarde,313,302,10.81,8.47,2.34
PD003589,20250503,A003,R020,L004,Noche,295,271,9.62,7.4,2.21
PD003590,20250408,A002,R016,L002,Tarde,752,553,9.8,7.4,2.4
PD003591,20250419,A005,R015,L002,Día,125,107,9.78,8.31,1.46
PD003592,20250421,A002,R003,L003,Tarde,209,188,7.01,5.23,1.79
PD003593,20250603,A005,R013,L003,Día,547,558,7.51,5.3,2.21
PD003594,20250203,A006,R008,L006,Día,787,826,6.41,4.96,1.45
PD003595,20250227,A003,R028,L001,Día,597,506,8.97,7.3,1.67
PD003596,20250228,A002,R030,L005,Día,436,284,11.81,6.4,5.4
PD003597,20250215,A006,R004,L006,Noche,218,176,8.6,6.26,2.34
PD003598,20250131,A006,R020,L006,Tarde,793,776,8.75,6.73,2.02
PD003599,20250406,A002,R029,L002,Tarde,139,79,10.17,8.88,1.29
PD003600,20250225,A003,R017,L005,Noche,714,532,9.41,6.8,2.6
PD003601,20250627,A006,R016,L006,Tarde,144,116,8.8,6.35,2.45
PD003602,20250405,A005,R005,L006,Día,292,180,8.1,7.31,0.78
PD003603,20250512,A003,R013,L003,Día,114,113,7.65,6.13,1.52
PD003604,20250501,A001,R025,L005,Tarde,774,825,7.54,5.87,1.67
PD003605,20250402,A003,R002,L001,Tarde,549,504,7.8,5.37,2.43
PD003606,20250503,A005,R002,L005,Noche,286,221,10.45,8.24,2.21
PD003607,20250128,A003,R007,L006,Noche,190,174,6.39,4.46,1.94
PD003608,20250128,A004,R018,L004,Noche,743,715,8.11,5.89,2.21
PD003609,20250423,A004,R020,L007,Tarde,849,717,11.14,7.71,3.43
PD003610,20250419,A003,R010,L001,Día,702,829,9.0,6.88,2.11
PD003611,20250216,A006,R029,L005,Tarde,294,237,7.05,5.94,1.11
PD003612,20250624,A006,R021,L002,Tarde,140,127,7.88,7.1,0.78
PD003613,20250613,A004,R017,L003,Tarde,104,90,7.47,5.95,1.52
PD003614,20250601,A005,R003,L002,Noche,123,134,8.31,7.06,1.25
PD003615,20250423,A003,R013,L002,Noche,733,627,11.56,7.81,3.75
PD003616,20250516,A005,R008,L007,Tarde,514,392,8.45,6.33,2.12
PD003617,20250212,A004,R020,L001,Noche,831,901,6.24,4.25,1.99
PD003618,20250413,A005,R028,L001,Noche,765,729,10.35,7.59,2.76
PD003619,20250414,A004,R019,L004,Tarde,216,205,7.81,6.39,1.42
PD003620,20250611,A001,R004,L007,Tarde,70,81,11.29,7.85,3.44
PD003621,20250513,A004,R026,L004,Día,675,647,8.06,6.98,1.08
PD003622,20250210,A005,R007,L002,Tarde,756,723,10.38,7.75,2.63
PD003623,20250212,A004,R017,L002,Día,336,244,6.38,5.07,1.32
PD003624,20250608,A002,R019,L006,Tarde,674,476,11.65,10.15,1.5
PD003625,20250630,A002,R028,L006,Tarde,816,519,9.27,7.63,1.64
PD003626,20250311,A001,R018,L006,Noche,158,125,6.54,4.94,1.6
PD003627,20250526,A002,R013,L004,Tarde,561,466,9.29,5.73,3.56
PD003628,20250214,A001,R020,L002,Día,723,655,8.06,6.74,1.31
PD003629,20250131,A004,R004,L004,Noche,498,495,7.95,7.2,0.75
PD003630,20250531,A004,R004,L007,Día,305,288,9.84,7.91,1.93
PD003631,20250427,A001,R006,L001,Tarde,689,514,7.08,5.01,2.07
PD003632,20250313,A002,R011,L006,Tarde,406,373,9.34,5.18,4.16
PD003633,20250424,A004,R003,L003,Noche,467,552,6.2,4.25,1.95
PD003634,20250507,A003,R007,L005,Día,128,133,7.79,6.04,1.74
PD003635,20250430,A004,R006,L006,Día,459,390,7.26,5.2,2.05
PD003636,20250101,A002,R020,L001,Noche,370,310,6.93,5.29,1.64
PD003637,20250409,A005,R019,L003,Tarde,548,496,8.77,7.95,0.82
PD003638,20250514,A004,R002,L004,Día,641,499,10.72,7.43,3.29
PD003639,20250622,A003,R024,L003,Tarde,865,810,6.69,5.86,0.83
PD003640,20250321,A004,R027,L007,Noche,838,825,10.91,7.46,3.45
PD003641,20250325,A004,R003,L007,Tarde,502,478,9.59,6.9,2.7
PD003642,20250530,A005,R011,L001,Día,452,467,6.74,6.14,0.61
PD003643,20250327,A001,R024,L001,Noche,790,860,8.49,6.45,2.04
PD003644,20250425,A004,R020,L004,Día,582,443,10.01,8.89,1.13
PD003645,20250621,A006,R016,L003,Tarde,322,333,11.58,8.59,3.0
PD003646,20250415,A005,R012,L005,Día,875,768,9.33,7.47,1.86
PD003647,20250629,A005,R023,L001,Tarde,255,254,10.5,7.33,3.17
PD003648,20250208,A003,R009,L001,Noche,230,206,10.46,7.05,3.4
PD003649,20250115,A006,R026,L001,Noche,536,444,8.92,7.42,1.5
PD003650,20250209,A002,R003,L006,Noche,724,417,6.18,5.0,1.18
PD003651,20250129,A006,R027,L005,Noche,890,711,10.5,8.04,2.45
PD003652,20250111,A002,R026,L006,Noche,882,651,6.97,4.07,2.9
PD003653,20250217,A006,R014,L007,Tarde,411,443,9.27,7.09,2.18
PD003654,20250409,A002,R029,L001,Día,434,368,10.99,9.43,1.55
PD003655,20250528,A005,R024,L006,Tarde,560,547,10.33,7.18,3.15
PD003656,20250409,A006,R009,L006,Tarde,762,686,10.71,7.94,2.77
PD003657,20250213,A004,R016,L007,Día,363,355,8.46,6.11,2.35
PD003658,20250213,A006,R024,L004,Tarde,890,934,7.81,5.54,2.28
PD003659,20250617,A005,R012,L005,Día,380,299,8.27,6.42,1.85
PD003660,20250501,A001,R002,L001,Día,676,647,11.35,9.6,1.75
PD003661,20250614,A001,R022,L007,Día,364,415,7.1,6.38,0.72
PD003662,20250403,A004,R004,L002,Tarde,91,81,9.51,7.38,2.13
PD003663,20250421,A001,R017,L001,Noche,481,435,8.11,7.23,0.88
PD003664,20250113,A005,R006,L005,Noche,72,70,7.0,5.42,1.59
PD003665,20250112,A005,R006,L006,Tarde,138,126,7.49,6.17,1.32
PD003666,20250501,A004,R009,L001,Día,384,271,7.25,4.86,2.39
PD003667,20250305,A002,R024,L004,Noche,625,349,8.56,4.71,3.85
PD003668,20250208,A005,R023,L001,Día,97,83,11.92,10.67,1.25
PD003669,20250516,A002,R024,L006,Noche,254,133,11.06,6.0,5.06
PD003670,20250523,A002,R004,L004,Noche,795,552,6.76,4.66,2.11
PD003671,20250509,A005,R004,L006,Día,789,608,7.7,6.23,1.47
PD003672,20250228,A001,R015,L001,Noche,822,817,7.4,5.84,1.56
PD003673,20250413,A002,R009,L007,Noche,480,334,10.91,9.41,1.49
PD003674,20250613,A006,R016,L005,Día,260,247,11.81,8.75,3.07
PD003675,20250625,A004,R001,L007,Día,163,167,9.54,7.68,1.86
PD003676,20250509,A006,R003,L001,Noche,813,779,11.12,9.34,1.78
PD003677,20250428,A006,R020,L004,Tarde,792,734,10.12,7.67,2.45
PD003678,20250423,A004,R026,L002,Día,438,374,10.2,7.36,2.84
PD003679,20250316,A004,R029,L004,Noche,380,433,10.48,8.95,1.53
PD003680,20250201,A006,R021,L005,Tarde,234,262,8.56,6.59,1.97
PD003681,20250223,A002,R013,L004,Tarde,547,413,7.34,6.0,1.34
PD003682,20250401,A006,R024,L006,Tarde,815,898,8.21,7.03,1.18
PD003683,20250112,A003,R008,L003,Día,596,486,7.09,5.56,1.53
PD003684,20250416,A001,R007,L001,Tarde,547,541,8.74,6.8,1.94
PD003685,20250311,A005,R019,L005,Tarde,458,374,11.11,8.78,2.34
PD003686,20250504,A004,R022,L006,Tarde,471,349,7.97,5.97,1.99
PD003687,20250206,A001,R018,L007,Noche,744,803,9.81,8.97,0.84
PD003688,20250507,A001,R020,L006,Noche,99,116,9.19,8.16,1.03
PD003689,20250501,A003,R014,L006,Noche,297,251,9.25,8.45,0.8
PD003690,20250405,A006,R006,L004,Día,259,323,10.43,7.42,3.01
PD003691,20250204,A003,R029,L006,Día,388,319,9.86,6.79,3.07
PD003692,20250111,A001,R018,L004,Tarde,633,610,7.09,6.15,0.94
PD003693,20250319,A001,R014,L004,Día,194,174,8.52,7.7,0.82
PD003694,20250302,A001,R021,L001,Día,441,454,7.08,6.22,0.86
PD003695,20250626,A001,R006,L005,Noche,272,226,11.94,10.93,1.01
PD003696,20250326,A006,R004,L003,Noche,504,518,9.75,7.35,2.4
PD003697,20250510,A001,R005,L005,Tarde,329,248,10.97,9.24,1.72
PD003698,20250309,A003,R016,L004,Tarde,335,387,10.37,6.88,3.49
PD003699,20250328,A002,R029,L003,Tarde,418,298,6.47,4.8,1.67
PD003700,20250218,A003,R016,L003,Tarde,747,594,10.64,8.7,1.94
PD003701,20250525,A004,R007,L003,Noche,779,562,11.59,7.89,3.7
PD003702,20250217,A005,R008,L007,Día,736,627,6.19,5.17,1.02
PD003703,20250304,A005,R017,L004,Tarde,396,412,9.83,6.59,3.24
PD003704,20250405,A001,R024,L006,Día,559,575,10.15,9.27,0.88
PD003705,20250326,A005,R002,L002,Día,382,391,10.58,9.44,1.15
PD003706,20250221,A002,R011,L001,Noche,852,622,8.09,4.93,3.16
PD003707,20250411,A003,R027,L004,Noche,671,632,9.72,7.69,2.03
PD003708,20250422,A005,R016,L005,Día,439,473,8.3,6.15,2.16
PD003709,20250630,A001,R021,L003,Noche,406,470,8.27,5.93,2.34
PD003710,20250331,A001,R025,L005,Tarde,162,157,8.82,6.35,2.47
PD003711,20250124,A006,R004,L007,Tarde,869,744,11.76,8.74,3.02
PD003712,20250428,A005,R003,L004,Tarde,470,420,11.59,7.71,3.88
PD003713,20250219,A005,R030,L003,Noche,634,519,8.44,6.1,2.34
PD003714,20250402,A001,R011,L003,Día,788,620,8.46,6.6,1.86
PD003715,20250504,A002,R021,L001,Día,248,177,9.83,7.16,2.66
PD003716,20250303,A005,R007,L006,Tarde,386,398,7.84,5.4,2.44
PD003717,20250320,A003,R017,L006,Día,602,647,11.43,9.88,1.55
PD003718,20250325,A006,R026,L005,Tarde,498,460,6.25,5.14,1.11
PD003719,20250407,A002,R023,L002,Tarde,785,679,11.74,6.79,4.95
PD003720,20250213,A004,R012,L007,Día,139,137,9.49,7.34,2.15
PD003721,20250615,A001,R005,L002,Tarde,723,719,9.62,8.41,1.21
PD003722,20250522,A003,R029,L001,Día,584,411,9.04,6.04,2.99
PD003723,20250328,A006,R024,L004,Noche,76,63,6.44,4.46,1.98
PD003724,20250517,A006,R017,L003,Día,827,750,10.6,7.5,3.11
PD003725,20250122,A003,R001,L007,Noche,612,513,11.48,9.39,2.09
PD003726,20250120,A001,R016,L007,Noche,424,422,10.13,8.84,1.29
PD003727,20250608,A001,R027,L007,Día,546,504,9.23,6.74,2.49
PD003728,20250226,A005,R002,L003,Día,289,269,9.73,8.57,1.16
PD003729,20250519,A002,R029,L005,Día,397,392,6.14,4.99,1.15
PD003730,20250531,A001,R004,L005,Tarde,130,150,9.81,7.97,1.84
PD003731,20250124,A002,R001,L003,Noche,583,336,11.61,9.09,2.52
PD003732,20250125,A001,R020,L006,Noche,711,723,9.01,7.0,2.01
PD003733,20250414,A006,R002,L002,Tarde,610,552,9.07,7.31,1.76
PD003734,20250623,A002,R014,L006,Tarde,399,311,11.28,9.73,1.55
PD003735,20250523,A005,R024,L005,Tarde,212,190,8.49,6.61,1.88
PD003736,20250630,A002,R016,L001,Tarde,840,685,10.16,5.94,4.22
PD003737,20250321,A004,R023,L002,Día,747,808,10.82,9.44,1.38
PD003738,20250602,A003,R027,L006,Tarde,236,240,10.81,7.24,3.57
PD003739,20250630,A006,R025,L004,Tarde,258,259,10.68,8.69,1.99
PD003740,20250424,A005,R011,L004,Tarde,406,428,8.61,6.84,1.77
PD003741,20250410,A001,R007,L001,Día,741,796,10.52,8.76,1.76
PD003742,20250407,A003,R006,L001,Tarde,891,669,11.37,9.81,1.56
PD003743,20250312,A006,R020,L006,Tarde,668,510,7.25,6.62,0.63
PD003744,20250114,A002,R013,L005,Tarde,514,433,10.97,6.97,4.0
PD003745,20250611,A004,R001,L002,Tarde,197,194,8.23,6.82,1.41
PD003746,20250314,A005,R026,L003,Día,547,566,11.69,8.07,3.63
PD003747,20250602,A005,R029,L006,Tarde,443,355,11.98,9.23,2.76
PD003748,20250217,A006,R008,L002,Día,446,445,10.43,8.47,1.96
PD003749,20250425,A005,R014,L001,Noche,524,522,11.12,9.96,1.16
PD003750,20250514,A001,R001,L007,Noche,606,579,9.33,7.5,1.83
PD003751,20250414,A005,R024,L001,Noche,436,383,6.42,5.75,0.67
PD003752,20250117,A005,R001,L004,Día,368,337,10.5,7.55,2.95
PD003753,20250529,A001,R013,L004,Tarde,393,377,9.39,7.58,1.81
PD003754,20250615,A002,R020,L002,Día,312,273,11.6,8.89,2.72
PD003755,20250527,A001,R002,L004,Tarde,729,654,10.18,7.08,3.1
PD003756,20250209,A003,R002,L005,Tarde,899,776,9.36,6.46,2.9
PD003757,20250128,A006,R008,L002,Noche,570,470,9.43,7.06,2.37
PD003758,20250204,A006,R010,L006,Tarde,722,743,7.46,5.23,2.23
PD003759,20250307,A004,R022,L005,Noche,53,46,9.55,7.55,2.0
PD003760,20250519,A002,R029,L004,Día,319,245,11.12,7.66,3.46
PD003761,20250515,A003,R004,L001,Noche,578,597,11.09,7.4,3.69
PD003762,20250130,A002,R016,L007,Día,148,111,8.41,7.08,1.33
PD003763,20250308,A001,R025,L006,Tarde,557,547,8.61,7.41,1.2
PD003764,20250302,A004,R008,L003,Tarde,242,292,10.85,9.62,1.23
PD003765,20250208,A003,R016,L001,Tarde,355,335,7.89,5.72,2.17
PD003766,20250122,A004,R022,L001,Noche,586,433,9.97,7.35,2.63
PD003767,20250420,A004,R005,L006,Noche,336,270,11.5,7.67,3.84
PD003768,20250628,A003,R018,L002,Tarde,472,502,10.9,8.66,2.24
PD003769,20250623,A001,R020,L002,Tarde,497,571,10.75,9.26,1.49
PD003770,20250506,A001,R002,L001,Tarde,552,598,10.63,9.69,0.95
PD003771,20250612,A005,R024,L001,Noche,178,152,9.78,7.17,2.6
PD003772,20250213,A006,R016,L007,Tarde,320,309,10.02,6.73,3.29
PD003773,20250423,A005,R023,L007,Noche,178,191,8.45,6.3,2.15
PD003774,20250524,A005,R022,L002,Día,319,346,6.81,5.11,1.71
PD003775,20250507,A003,R018,L001,Día,261,276,9.66,7.1,2.56
PD003776,20250515,A003,R002,L004,Día,576,542,10.58,8.11,2.47
PD003777,20250317,A002,R024,L006,Tarde,88,63,7.21,5.88,1.33
PD003778,20250420,A002,R019,L005,Día,589,437,7.3,3.98,3.33
PD003779,20250320,A002,R028,L005,Día,519,421,11.98,8.07,3.91
PD003780,20250126,A001,R017,L003,Tarde,498,433,7.98,6.88,1.1
PD003781,20250323,A006,R021,L004,Noche,873,755,10.18,9.08,1.1
PD003782,20250215,A005,R017,L007,Tarde,292,284,11.98,8.63,3.35
PD003783,20250324,A003,R015,L004,Día,864,652,9.16,6.71,2.45
PD003784,20250626,A006,R007,L005,Día,518,617,11.22,9.05,2.17
PD003785,20250127,A002,R012,L001,Tarde,554,466,9.27,5.91,3.36
PD003786,20250312,A001,R007,L001,Noche,526,562,8.28,7.55,0.73
PD003787,20250502,A001,R026,L002,Noche,823,644,6.52,5.91,0.62
PD003788,20250522,A002,R018,L007,Día,477,351,11.84,9.49,2.34
PD003789,20250614,A003,R025,L001,Día,453,480,6.41,5.56,0.84
PD003790,20250118,A003,R014,L001,Tarde,624,593,7.99,5.58,2.41
PD003791,20250108,A002,R015,L003,Día,439,312,9.57,7.6,1.98
PD003792,20250430,A002,R026,L001,Día,66,53,11.5,9.17,2.33
PD003793,20250407,A001,R013,L002,Día,684,677,6.09,4.23,1.86
PD003794,20250504,A006,R023,L004,Noche,713,830,9.44,6.54,2.9
PD003795,20250626,A002,R018,L004,Día,703,520,9.81,7.07,2.74
PD003796,20250401,A005,R018,L001,Tarde,881,947,8.73,6.66,2.07
PD003797,20250602,A006,R021,L005,Tarde,593,586,8.58,7.62,0.96
PD003798,20250112,A001,R002,L007,Día,684,499,8.45,7.5,0.95
PD003799,20250514,A003,R028,L005,Día,596,563,10.58,8.49,2.1
PD003800,20250611,A003,R027,L001,Tarde,240,197,10.26,8.51,1.75
PD003801,20250329,A004,R024,L007,Tarde,426,335,7.76,6.98,0.78
PD003802,20250504,A002,R018,L001,Día,234,188,6.53,4.84,1.69
PD003803,20250419,A005,R010,L002,Tarde,368,427,10.02,8.7,1.32
PD003804,20250410,A006,R008,L005,Tarde,416,418,11.33,9.49,1.84
PD003805,20250604,A002,R027,L004,Tarde,247,226,7.75,5.29,2.46
PD003806,20250403,A001,R019,L003,Día,604,536,10.82,7.7,3.12
PD003807,20250413,A001,R018,L006,Noche,512,376,7.46,5.84,1.62
PD003808,20250225,A002,R026,L001,Día,184,133,10.65,6.02,4.63
PD003809,20250503,A005,R007,L005,Tarde,715,783,8.63,6.5,2.14
PD003810,20250201,A006,R007,L006,Noche,821,768,10.82,9.49,1.33
PD003811,20250226,A006,R020,L001,Noche,227,228,6.09,4.64,1.45
PD003812,20250228,A006,R024,L002,Noche,248,232,8.01,6.78,1.23
PD003813,20250514,A005,R004,L004,Tarde,240,251,11.95,8.44,3.51
PD003814,20250316,A001,R014,L006,Tarde,874,785,11.11,7.4,3.71
PD003815,20250422,A005,R015,L002,Noche,630,587,7.65,5.44,2.21
PD003816,20250319,A002,R020,L004,Tarde,131,73,10.18,6.1,4.08
PD003817,20250117,A006,R030,L005,Día,65,52,10.71,8.38,2.33
PD003818,20250524,A005,R018,L004,Día,80,75,10.42,8.14,2.28
PD003819,20250327,A004,R029,L003,Noche,560,600,6.42,5.86,0.56
PD003820,20250325,A002,R019,L007,Noche,175,156,8.01,5.77,2.25
PD003821,20250107,A005,R023,L002,Tarde,624,623,8.14,7.23,0.9
PD003822,20250514,A002,R021,L004,Noche,524,403,8.97,7.34,1.62
PD003823,20250204,A001,R026,L001,Tarde,757,777,8.01,6.08,1.93
PD003824,20250514,A004,R029,L006,Noche,670,599,6.35,4.86,1.5
PD003825,20250512,A005,R012,L003,Noche,294,290,6.8,4.98,1.83
PD003826,20250221,A006,R015,L007,Noche,877,865,7.49,6.41,1.08
PD003827,20250523,A006,R004,L001,Noche,302,238,7.99,7.25,0.75
PD003828,20250409,A006,R010,L001,Día,65,46,7.12,5.06,2.07
PD003829,20250516,A005,R020,L007,Tarde,205,206,8.38,6.89,1.49
PD003830,20250427,A002,R013,L007,Noche,814,654,6.07,3.97,2.1
PD003831,20250407,A002,R029,L006,Día,667,458,10.92,6.22,4.69
PD003832,20250208,A003,R022,L001,Día,694,793,7.24,6.35,0.89
PD003833,20250205,A002,R011,L005,Noche,268,191,7.12,6.05,1.08
PD003834,20250202,A003,R021,L001,Día,171,183,7.92,6.0,1.92
PD003835,20250526,A001,R006,L005,Noche,589,450,7.3,5.04,2.25
PD003836,20250429,A002,R011,L005,Noche,522,593,9.84,8.24,1.6
PD003837,20250427,A005,R013,L002,Día,301,288,8.52,6.05,2.48
PD003838,20250110,A003,R024,L001,Noche,721,755,6.45,5.73,0.72
PD003839,20250204,A004,R004,L006,Tarde,183,181,6.81,5.53,1.28
PD003840,20250505,A005,R030,L006,Noche,359,303,9.72,7.75,1.96
PD003841,20250613,A001,R015,L003,Tarde,175,161,6.34,4.59,1.74
PD003842,20250506,A001,R005,L005,Tarde,879,804,6.91,4.59,2.32
PD003843,20250421,A001,R009,L004,Tarde,62,54,9.16,7.7,1.46
PD003844,20250427,A006,R017,L004,Tarde,832,808,11.85,7.83,4.02
PD003845,20250427,A004,R006,L006,Noche,113,117,7.59,5.13,2.46
PD003846,20250517,A002,R014,L001,Noche,537,444,9.74,5.72,4.02
PD003847,20250129,A003,R014,L001,Tarde,54,40,8.23,6.7,1.53
PD003848,20250531,A002,R028,L003,Día,376,314,11.72,7.05,4.67
PD003849,20250106,A005,R028,L004,Noche,296,273,9.17,7.42,1.76
PD003850,20250328,A006,R024,L001,Tarde,815,572,9.97,6.87,3.11
PD003851,20250125,A006,R006,L002,Tarde,511,471,10.4,8.31,2.09
PD003852,20250504,A005,R026,L003,Tarde,724,542,7.07,5.51,1.57
PD003853,20250427,A005,R024,L003,Día,713,634,9.58,7.51,2.07
PD003854,20250507,A006,R028,L004,Noche,672,559,7.67,5.33,2.34
PD003855,20250628,A006,R004,L001,Tarde,628,529,6.15,5.18,0.97
PD003856,20250518,A002,R022,L001,Tarde,444,379,10.58,6.81,3.77
PD003857,20250616,A006,R017,L004,Noche,598,555,10.23,6.9,3.33
PD003858,20250621,A006,R020,L004,Noche,471,363,6.39,5.67,0.72
PD003859,20250224,A002,R009,L003,Día,529,424,9.01,6.68,2.33
PD003860,20250502,A004,R002,L001,Noche,457,440,8.98,7.64,1.35
PD003861,20250114,A006,R030,L003,Día,685,538,10.0,9.18,0.82
PD003862,20250301,A003,R016,L004,Tarde,272,257,10.06,6.8,3.26
PD003863,20250517,A006,R027,L001,Tarde,766,754,10.79,9.03,1.76
PD003864,20250522,A004,R012,L005,Noche,705,502,10.46,8.04,2.42
PD003865,20250614,A003,R008,L007,Noche,875,748,10.11,9.1,1.01
PD003866,20250110,A001,R022,L002,Tarde,616,521,7.04,5.72,1.32
PD003867,20250414,A001,R006,L003,Noche,564,487,10.64,9.13,1.52
PD003868,20250215,A003,R014,L005,Tarde,393,372,9.26,7.07,2.19
PD003869,20250107,A006,R025,L005,Noche,122,125,6.71,5.5,1.2
PD003870,20250205,A001,R027,L003,Tarde,50,46,10.06,8.69,1.37
PD003871,20250211,A004,R017,L007,Noche,153,141,6.42,5.33,1.09
PD003872,20250509,A003,R016,L003,Día,199,178,9.47,6.82,2.66
PD003873,20250607,A003,R008,L002,Día,671,629,11.56,10.16,1.39
PD003874,20250522,A006,R005,L006,Noche,658,516,7.05,4.8,2.24
PD003875,20250201,A002,R011,L005,Día,672,594,6.29,4.71,1.58
PD003876,20250619,A003,R003,L004,Tarde,292,297,6.43,4.87,1.57
PD003877,20250514,A002,R001,L003,Noche,754,616,11.58,9.19,2.39
PD003878,20250630,A002,R013,L007,Tarde,86,69,8.98,6.26,2.72
PD003879,20250311,A004,R026,L003,Día,593,645,7.92,6.31,1.61
PD003880,20250628,A005,R003,L004,Noche,834,808,6.18,4.15,2.03
PD003881,20250421,A003,R016,L001,Noche,462,395,8.32,5.57,2.75
PD003882,20250214,A006,R026,L006,Noche,698,764,9.68,7.9,1.78
PD003883,20250120,A005,R024,L004,Noche,683,663,10.22,6.98,3.24
PD003884,20250207,A002,R022,L005,Tarde,83,78,7.54,5.19,2.35
PD003885,20250204,A002,R004,L001,Noche,404,291,11.38,6.2,5.18
PD003886,20250216,A006,R004,L004,Día,663,495,10.23,8.01,2.22
PD003887,20250410,A003,R026,L001,Día,727,859,11.4,10.05,1.35
PD003888,20250510,A005,R014,L002,Tarde,77,71,6.38,4.87,1.51
PD003889,20250216,A002,R014,L006,Tarde,342,228,6.84,3.77,3.08
PD003890,20250524,A004,R018,L004,Día,118,127,10.63,7.19,3.45
PD003891,20250319,A006,R001,L005,Tarde,770,589,8.61,7.34,1.28
PD003892,20250331,A006,R004,L002,Tarde,899,853,9.03,7.58,1.45
PD003893,20250518,A001,R010,L005,Noche,87,85,6.47,5.35,1.12
PD003894,20250314,A001,R007,L002,Noche,55,46,11.27,9.53,1.75
PD003895,20250625,A005,R005,L004,Día,403,380,7.53,5.0,2.53
PD003896,20250503,A005,R008,L004,Tarde,495,489,6.18,5.14,1.04
PD003897,20250123,A003,R009,L002,Día,159,172,7.38,6.43,0.94
PD003898,20250508,A002,R001,L006,Noche,381,277,8.02,4.59,3.43
PD003899,20250607,A004,R012,L003,Noche,151,144,11.76,9.2,2.56
PD003900,20250326,A002,R019,L001,Tarde,467,353,7.17,5.41,1.76
PD003901,20250213,A002,R017,L002,Día,235,189,6.14,5.46,0.68
PD003902,20250620,A006,R001,L004,Día,529,437,8.82,7.42,1.4
PD003903,20250628,A006,R026,L005,Tarde,282,320,11.17,7.64,3.54
PD003904,20250408,A006,R017,L006,Día,838,702,6.68,5.47,1.21
PD003905,20250212,A002,R016,L001,Noche,632,547,10.85,8.73,2.12
PD003906,20250326,A005,R017,L003,Tarde,728,700,11.23,7.5,3.73
PD003907,20250104,A005,R016,L002,Día,239,259,7.75,7.08,0.67
PD003908,20250515,A003,R004,L005,Día,840,727,8.96,8.05,0.91
PD003909,20250317,A003,R008,L001,Tarde,192,193,8.21,5.78,2.43
PD003910,20250526,A001,R013,L003,Noche,627,658,11.19,10.19,1.0
PD003911,20250613,A004,R024,L003,Tarde,238,255,8.32,7.08,1.24
PD003912,20250624,A004,R024,L001,Noche,247,199,10.43,7.77,2.66
PD003913,20250518,A004,R010,L002,Noche,894,771,9.41,7.84,1.57
PD003914,20250618,A001,R030,L003,Día,584,472,9.73,8.47,1.26
PD003915,20250209,A006,R018,L006,Día,572,667,7.5,6.89,0.6
PD003916,20250623,A005,R018,L004,Día,572,551,7.44,5.41,2.03
PD003917,20250310,A001,R008,L007,Día,128,119,8.27,6.44,1.82
PD003918,20250629,A003,R021,L003,Tarde,65,65,7.22,6.47,0.75
PD003919,20250126,A004,R019,L003,Noche,255,252,11.55,9.52,2.03
PD003920,20250507,A001,R020,L006,Noche,624,632,9.13,7.32,1.81
PD003921,20250424,A005,R005,L006,Noche,377,356,10.9,7.71,3.19
PD003922,20250201,A005,R028,L002,Noche,748,722,11.28,8.19,3.08
PD003923,20250112,A005,R018,L003,Día,148,133,8.64,6.32,2.32
PD003924,20250202,A003,R008,L004,Día,728,600,7.33,6.49,0.84
PD003925,20250312,A003,R012,L003,Noche,689,709,6.72,5.26,1.46
PD003926,20250328,A003,R016,L002,Día,353,307,8.37,5.6,2.77
PD003927,20250128,A001,R025,L005,Tarde,874,937,10.21,6.96,3.26
PD003928,20250405,A006,R024,L007,Noche,544,451,7.54,6.17,1.38
PD003929,20250314,A001,R019,L007,Día,466,427,11.25,9.2,2.05
PD003930,20250115,A002,R006,L003,Día,368,263,10.74,7.87,2.87
PD003931,20250222,A001,R018,L001,Noche,562,591,8.73,7.58,1.15
PD003932,20250408,A003,R015,L005,Tarde,758,849,9.93,7.33,2.6
PD003933,20250228,A001,R023,L007,Tarde,653,675,11.64,10.55,1.08
PD003934,20250308,A005,R002,L002,Tarde,263,259,11.14,8.96,2.17
PD003935,20250409,A004,R002,L003,Día,475,467,8.11,6.44,1.67
PD003936,20250521,A002,R030,L007,Día,417,353,8.74,7.58,1.17
PD003937,20250126,A004,R021,L003,Día,489,466,7.92,5.62,2.29
PD003938,20250419,A001,R020,L004,Tarde,569,517,6.39,5.62,0.77
PD003939,20250604,A001,R012,L001,Noche,638,515,11.51,10.4,1.11
PD003940,20250401,A005,R016,L002,Noche,398,302,6.64,5.46,1.18
PD003941,20250607,A006,R026,L006,Noche,158,147,6.37,5.79,0.59
PD003942,20250523,A002,R026,L001,Noche,179,133,10.54,8.08,2.46
PD003943,20250410,A006,R010,L005,Noche,471,439,10.07,9.1,0.96
PD003944,20250119,A002,R025,L002,Noche,820,554,10.42,7.71,2.71
PD003945,20250606,A003,R026,L004,Día,150,127,9.35,7.88,1.46
PD003946,20250313,A002,R011,L005,Tarde,609,508,11.4,6.36,5.05
PD003947,20250624,A004,R010,L006,Día,361,430,11.36,10.09,1.28
PD003948,20250502,A001,R030,L002,Noche,762,880,11.47,9.58,1.89
PD003949,20250126,A005,R014,L007,Día,92,80,11.76,8.98,2.78
PD003950,20250419,A003,R015,L005,Día,837,975,11.56,9.71,1.85
PD003951,20250308,A005,R018,L006,Día,267,232,8.6,7.2,1.39
PD003952,20250224,A003,R012,L003,Tarde,84,71,11.5,8.65,2.85
PD003953,20250524,A006,R022,L002,Tarde,207,178,8.13,5.84,2.29
PD003954,20250513,A002,R002,L001,Día,252,235,11.26,7.62,3.64
PD003955,20250531,A003,R009,L001,Noche,643,537,8.12,6.05,2.07
PD003956,20250605,A006,R027,L005,Tarde,552,499,11.94,8.32,3.62
PD003957,20250416,A003,R003,L007,Día,733,654,9.94,9.14,0.8
PD003958,20250317,A004,R027,L003,Noche,149,139,8.64,6.57,2.07
PD003959,20250127,A001,R017,L002,Día,494,491,11.86,9.74,2.12
PD003960,20250510,A004,R015,L002,Tarde,384,407,10.2,7.48,2.72
PD003961,20250221,A001,R019,L007,Noche,190,185,6.27,5.43,0.85
PD003962,20250114,A005,R030,L005,Tarde,621,594,8.07,6.7,1.37
PD003963,20250326,A001,R014,L003,Noche,764,518,10.04,7.71,2.33
PD003964,20250624,A001,R021,L004,Tarde,827,991,7.38,6.58,0.79
PD003965,20250212,A006,R020,L005,Tarde,823,758,7.69,5.67,2.02
PD003966,20250618,A006,R027,L006,Día,414,357,6.36,5.38,0.98
PD003967,20250522,A004,R014,L006,Noche,830,790,7.26,6.63,0.63
PD003968,20250627,A003,R007,L003,Tarde,398,364,9.84,8.22,1.62
PD003969,20250514,A001,R006,L003,Noche,221,201,7.68,6.75,0.93
PD003970,20250117,A006,R025,L007,Noche,728,623,9.35,8.25,1.09
PD003971,20250105,A006,R016,L003,Día,685,440,6.33,5.4,0.93
PD003972,20250130,A006,R025,L007,Tarde,246,205,8.37,6.92,1.46
PD003973,20250320,A004,R007,L005,Día,472,429,8.67,7.86,0.81
PD003974,20250111,A006,R026,L002,Noche,178,154,6.05,5.3,0.74
PD003975,20250622,A002,R025,L007,Tarde,311,278,9.18,5.43,3.75
PD003976,20250305,A004,R019,L003,Noche,704,639,7.48,5.65,1.83
PD003977,20250610,A004,R014,L001,Noche,525,661,9.39,7.01,2.37
PD003978,20250411,A004,R015,L001,Tarde,509,572,9.08,6.1,2.98
PD003979,20250125,A003,R008,L007,Tarde,666,627,6.38,5.69,0.69
PD003980,20250504,A003,R019,L007,Noche,360,258,7.46,6.55,0.91
PD003981,20250111,A001,R025,L001,Tarde,875,723,8.62,5.9,2.71
PD003982,20250404,A004,R006,L005,Noche,201,188,10.6,9.2,1.4
PD003983,20250503,A004,R007,L005,Noche,795,760,9.83,7.05,2.78
PD003984,20250213,A001,R024,L002,Noche,80,66,8.66,6.16,2.5
PD003985,20250415,A003,R029,L002,Noche,336,382,7.49,5.38,2.11
PD003986,20250206,A001,R013,L002,Día,625,660,7.99,6.71,1.28
PD003987,20250413,A005,R030,L001,Día,828,696,11.27,7.64,3.63
PD003988,20250205,A001,R025,L004,Tarde,318,255,6.61,5.04,1.57
PD003989,20250409,A005,R024,L004,Día,295,267,10.67,7.07,3.6
PD003990,20250404,A003,R028,L005,Tarde,296,265,10.35,9.31,1.03
PD003991,20250530,A003,R003,L007,Día,762,774,8.57,6.61,1.96
PD003992,20250222,A006,R009,L007,Noche,323,294,7.63,5.5,2.13
PD003993,20250624,A001,R012,L006,Tarde,762,666,9.54,7.93,1.62
PD003994,20250519,A006,R007,L004,Día,183,142,8.11,6.47,1.64
PD003995,20250223,A003,R014,L005,Noche,151,154,10.86,8.12,2.74
PD003996,20250318,A004,R028,L006,Noche,83,84,9.01,6.16,2.85
PD003997,20250107,A001,R027,L006,Noche,636,458,7.54,5.7,1.84
PD003998,20250526,A003,R015,L006,Tarde,834,761,7.06,6.08,0.98
PD003999,20250103,A005,R010,L006,Noche,891,722,6.85,6.01,0.84
PD004000,20250312,A004,R021,L006,Día,786,689,7.56,6.13,1.43
