MaintenanceID,DateKey,EquipmentID,AreaID,WorkTypeID,PriorityID,FailureMode,SystemCategory,DowntimeHours,RepairHours,MaintenanceCost,PlannedFlag
MT000001,20250514,EQ0035,A012,WT1,P4,Falla de bomba de pulpa,Bombas,1.41,1.2,1827.04,True
MT000002,20250122,EQ0030,A017,WT2,P4,Deriva de sensor,Control,4.25,3.69,8984.4,False
MT000003,20250201,EQ0019,A004,WT1,P3,Bloqueo de chancador,Mecánico,2.77,1.3,5760.8,True
MT000004,20250414,EQ0001,A005,WT1,P3,Obstrucción de chute,Seguridad,2.99,2.61,2647.04,True
MT000005,20250402,EQ0059,A004,WT2,P2,Alta vibración,Control,10.54,6.38,6205.0,False
MT000006,20250528,EQ0056,A006,WT2,P2,Desalineamiento de correa,Correas,8.71,4.76,6716.86,False
MT000007,20250314,EQ0011,A004,WT2,P3,Deriva de sensor,Mecánico,9.87,5.81,18539.52,False
MT000008,20250208,EQ0042,A008,WT1,P3,Trip de variador,Molienda,2.03,1.17,1097.56,True
MT000009,20250121,EQ0057,A004,WT2,P3,Falla de motor,Hidráulico,5.91,4.64,15551.14,False
MT000010,20250102,EQ0059,A004,WT1,P4,Alta vibración,Mecánico,3.76,2.11,8795.6,True
MT000011,20250120,EQ0001,A005,WT2,P2,Obstrucción de chute,Instrumentación,17.71,13.32,18638.97,False
MT000012,20250309,EQ0034,A005,WT2,P4,Trip de variador,Mecánico,3.24,2.29,3593.07,False
MT000013,20250316,EQ0022,A009,WT2,P2,Alta vibración,Mecánico,1.77,0.73,1410.89,False
MT000014,20250319,EQ0018,A004,WT1,P3,Falla eléctrica,Mecánico,2.13,1.9,4914.59,True
MT000015,20250613,EQ0041,A017,WT2,P1,Alta vibración,Seguridad,7.59,5.26,13524.86,False
MT000016,20250605,EQ0026,A013,WT1,P3,Falla de instrumentación,Seguridad,1.41,1.28,2746.06,True
MT000017,20250416,EQ0017,A017,WT1,P2,Pérdida de comunicación PLC,Control,1.98,1.68,3045.97,True
MT000018,20250220,EQ0007,A004,WT2,P3,Alta vibración,Hidráulico,6.27,3.24,14400.27,False
MT000019,20250524,EQ0004,A004,WT1,P1,Fuga hidráulica,Control,1.22,0.69,2734.8,True
MT000020,20250125,EQ0016,A005,WT1,P2,Deriva de sensor,Eléctrico,1.36,0.81,1648.51,True
MT000021,20250316,EQ0021,A017,WT1,P4,Falla de bomba de pulpa,Instrumentación,6.01,4.2,3150.89,True
MT000022,20250412,EQ0011,A004,WT2,P2,Falla de motor,Energía,12.38,9.15,6324.34,False
MT000023,20250427,EQ0050,A013,WT2,P3,Falla eléctrica,Mecánico,5.12,4.36,6732.21,False
MT000024,20250608,EQ0059,A004,WT2,P3,Alta vibración,Hidráulico,6.09,2.92,4297.43,False
MT000025,20250228,EQ0009,A017,WT1,P1,Pérdida de comunicación PLC,Control,5.71,4.41,4168.76,True
MT000026,20250507,EQ0030,A017,WT2,P1,Falla de instrumentación,Control,5.07,3.28,11974.54,False
MT000027,20250501,EQ0015,A010,WT1,P4,Bloqueo de chancador,Mecánico,1.39,1.07,3063.51,True
MT000028,20250201,EQ0017,A017,WT1,P2,Falla de instrumentación,Control,2.42,2.27,2604.03,True
MT000029,20250430,EQ0001,A005,WT2,P1,Sobrecalentamiento,Instrumentación,3.99,3.42,2541.56,False
MT000030,20250404,EQ0004,A004,WT1,P4,Falla de pala,Mecánico,4.78,2.31,4893.29,True
MT000031,20250116,EQ0033,A008,WT1,P2,Trip de variador,Molienda,1.87,1.63,2469.77,True
MT000032,20250621,EQ0009,A017,WT1,P4,Falla de instrumentación,Control,2.07,1.26,2403.42,True
MT000033,20250627,EQ0053,A004,WT2,P2,Falla de bomba de pulpa,Energía,3.55,1.71,2445.9,False
MT000034,20250118,EQ0029,A005,WT1,P3,Falla eléctrica,Chancado,2.24,1.98,3036.34,True
MT000035,20250121,EQ0043,A009,WT1,P4,Sobrecalentamiento,Instrumentación,3.69,2.36,6164.24,True
MT000036,20250111,EQ0054,A004,WT1,P2,Falla de motor,Mecánico,3.32,3.12,4998.45,True
MT000037,20250421,EQ0050,A013,WT2,P1,Deriva de sensor,Energía,3.0,2.45,2083.53,False
MT000038,20250625,EQ0002,A004,WT1,P3,Desgaste de neumáticos,Neumáticos,3.92,3.3,4093.96,True
MT000039,20250323,EQ0046,A004,WT1,P3,Fuga hidráulica,Control,3.01,2.81,2340.81,True
MT000040,20250116,EQ0049,A004,WT2,P2,Falla de motor,Mecánico,9.09,6.45,29676.58,False
MT000041,20250517,EQ0037,A005,WT2,P2,Bloqueo de chancador,Chancado,9.61,8.86,8303.93,False
MT000042,20250224,EQ0054,A004,WT2,P2,Falla de transmisión,Mecánico,4.58,2.98,9148.81,False
MT000043,20250313,EQ0025,A010,WT2,P1,Baja presión,Mecánico,16.93,6.55,14094.63,False
MT000044,20250605,EQ0002,A004,WT1,P3,Desgaste de neumáticos,Mecánico,5.56,2.84,4686.81,True
MT000045,20250225,EQ0018,A004,WT2,P3,Falla de bomba de pulpa,Seguridad,10.15,8.19,15468.32,False
MT000046,20250625,EQ0025,A010,WT1,P3,Falla de motor,Instrumentación,6.03,4.86,2942.9,True
MT000047,20250409,EQ0009,A017,WT1,P2,Falla de instrumentación,Control,3.16,2.33,5721.79,True
MT000048,20250227,EQ0055,A017,WT2,P2,Pérdida de comunicación PLC,Control,6.14,3.98,12821.31,False
MT000049,20250323,EQ0004,A004,WT1,P2,Fuga hidráulica,Mecánico,1.24,0.93,1164.74,True
MT000050,20250409,EQ0042,A008,WT2,P3,Alta vibración,Molienda,4.92,2.54,10773.3,False
MT000051,20250208,EQ0001,A005,WT2,P2,Baja presión,Energía,5.48,4.63,10663.06,False
MT000052,20250203,EQ0012,A008,WT2,P4,Alta vibración,Molienda,6.1,2.82,11025.8,False
MT000053,20250312,EQ0058,A008,WT2,P2,Desgaste de revestimientos,Molienda,28.17,19.44,41481.82,False
MT000054,20250616,EQ0024,A017,WT2,P3,Pérdida de comunicación PLC,Control,7.04,3.03,10505.16,False
MT000055,20250428,EQ0058,A008,WT2,P2,Alta vibración,Molienda,7.08,3.88,9363.72,False
MT000056,20250422,EQ0009,A017,WT1,P3,Falla de instrumentación,Control,3.29,2.88,2192.12,True
MT000057,20250504,EQ0007,A004,WT1,P2,Falla de pala,Control,3.63,2.48,6867.95,True
MT000058,20250204,EQ0011,A004,WT1,P2,Falla de bomba de pulpa,Seguridad,3.5,1.38,2960.3,True
MT000059,20250508,EQ0057,A004,WT1,P3,Desgaste de neumáticos,Mecánico,4.26,3.19,11804.99,True
MT000060,20250529,EQ0002,A004,WT1,P2,Falla de transmisión,Neumáticos,6.58,6.13,16519.01,True
MT000061,20250221,EQ0008,A017,WT2,P2,Deriva de sensor,Control,6.92,6.23,6142.26,False
MT000062,20250226,EQ0025,A010,WT2,P3,Falla de bomba de pulpa,Instrumentación,4.62,3.39,7891.24,False
MT000063,20250630,EQ0056,A006,WT2,P2,Desalineamiento de correa,Correas,0.35,0.3,752.83,False
MT000064,20250206,EQ0008,A017,WT1,P3,Falla de instrumentación,Control,4.76,3.03,5813.22,True
MT000065,20250120,EQ0031,A006,WT1,P3,Obstrucción de chute,Correas,5.3,2.51,4902.74,True
MT000066,20250428,EQ0044,A005,WT2,P2,Falla de motor,Instrumentación,1.41,0.64,1353.92,False
MT000067,20250307,EQ0027,A017,WT1,P4,Falla de instrumentación,Control,2.43,1.31,5195.31,True
MT000068,20250423,EQ0015,A010,WT1,P2,Alta vibración,Energía,3.57,2.01,3131.92,True
MT000069,20250505,EQ0009,A017,WT2,P2,Deriva de sensor,Control,15.44,14.45,16992.52,False
MT000070,20250226,EQ0009,A017,WT2,P2,Pérdida de comunicación PLC,Control,17.22,10.64,13535.8,False
MT000071,20250211,EQ0039,A010,WT2,P2,Desgaste de revestimientos,Mecánico,27.87,19.53,32089.89,False
MT000072,20250323,EQ0006,A004,WT2,P3,Bloqueo de chancador,Instrumentación,17.46,8.98,15529.28,False
MT000073,20250208,EQ0044,A005,WT2,P4,Alta vibración,Seguridad,6.19,4.07,8667.59,False
MT000074,20250505,EQ0009,A017,WT1,P2,Falla de instrumentación,Control,2.15,1.96,4489.56,True
MT000075,20250428,EQ0030,A017,WT1,P1,Deriva de sensor,Control,4.57,2.88,7553.17,True
MT000076,20250604,EQ0056,A006,WT1,P4,Obstrucción de chute,Correas,1.65,1.53,2481.15,True
MT000077,20250403,EQ0030,A017,WT2,P3,Falla de instrumentación,Control,2.05,1.7,4404.52,False
MT000078,20250207,EQ0044,A005,WT2,P3,Deriva de sensor,Eléctrico,11.1,10.16,21219.48,False
MT000079,20250617,EQ0053,A004,WT2,P3,Bloqueo de chancador,Energía,7.57,3.92,5709.09,False
MT000080,20250324,EQ0050,A013,WT1,P2,Fuga hidráulica,Mecánico,1.14,0.85,1667.31,True
MT000081,20250404,EQ0049,A004,WT2,P3,Falla de motor,Neumáticos,5.81,4.19,15989.34,False
MT000082,20250112,EQ0003,A017,WT2,P4,Deriva de sensor,Control,3.58,2.38,5410.18,False
MT000083,20250325,EQ0038,A010,WT1,P3,Obstrucción de chute,Energía,6.81,5.22,15834.18,True
MT000084,20250509,EQ0003,A017,WT2,P2,Deriva de sensor,Control,14.58,10.62,23709.95,False
MT000085,20250211,EQ0052,A004,WT2,P3,Desgaste de revestimientos,Energía,4.06,3.5,2723.08,False
MT000086,20250303,EQ0042,A008,WT1,P2,Desgaste de revestimientos,Molienda,4.14,2.26,2023.17,True
MT000087,20250522,EQ0055,A017,WT2,P1,Pérdida de comunicación PLC,Control,3.3,3.13,5388.3,False
MT000088,20250223,EQ0043,A009,WT2,P3,Desgaste de neumáticos,Energía,15.66,8.19,28162.07,False
MT000089,20250220,EQ0017,A017,WT2,P4,Pérdida de comunicación PLC,Control,25.09,20.46,11556.16,False
MT000090,20250307,EQ0009,A017,WT2,P2,Deriva de sensor,Control,14.3,11.06,19209.56,False
MT000091,20250219,EQ0050,A013,WT2,P3,Falla de motor,Energía,18.85,8.34,37550.61,False
MT000092,20250226,EQ0024,A017,WT2,P1,Deriva de sensor,Control,9.65,4.36,18060.71,False
MT000093,20250628,EQ0044,A005,WT2,P4,Falla de pala,Eléctrico,2.67,1.32,4240.59,False
MT000094,20250601,EQ0055,A017,WT1,P3,Pérdida de comunicación PLC,Control,5.67,2.62,2781.27,True
MT000095,20250401,EQ0009,A017,WT2,P2,Pérdida de comunicación PLC,Control,1.58,0.93,2947.54,False
MT000096,20250506,EQ0018,A004,WT1,P4,Bloqueo de chancador,Mecánico,2.01,1.25,1772.91,True
MT000097,20250203,EQ0053,A004,WT2,P4,Baja presión,Instrumentación,4.81,3.18,4377.92,False
MT000098,20250213,EQ0060,A004,WT1,P2,Falla de bomba de pulpa,Instrumentación,8.15,3.32,17803.09,True
MT000099,20250518,EQ0057,A004,WT2,P3,Falla de transmisión,Mecánico,0.42,0.16,388.3,False
MT000100,20250214,EQ0027,A017,WT1,P4,Falla de instrumentación,Control,6.24,4.71,6074.62,True
MT000101,20250121,EQ0059,A004,WT1,P1,Falla de pala,Control,1.31,0.69,1470.52,True
MT000102,20250409,EQ0017,A017,WT1,P2,Deriva de sensor,Control,5.88,3.42,9710.83,True
MT000103,20250324,EQ0040,A017,WT1,P1,Falla de instrumentación,Control,5.53,5.18,3285.37,True
MT000104,20250218,EQ0060,A004,WT1,P2,Fuga hidráulica,Seguridad,1.31,0.72,795.8,True
MT000105,20250422,EQ0018,A004,WT2,P3,Falla de pala,Seguridad,5.36,3.51,10872.61,False
MT000106,20250118,EQ0025,A010,WT1,P2,Obstrucción de chute,Mecánico,3.94,2.58,3758.37,True
MT000107,20250222,EQ0006,A004,WT2,P2,Trip de variador,Seguridad,2.04,1.65,2997.11,False
MT000108,20250227,EQ0004,A004,WT2,P3,Falla de pala,Hidráulico,10.31,4.68,15291.66,False
MT000109,20250512,EQ0056,A006,WT1,P2,Obstrucción de chute,Correas,2.66,2.41,4368.39,True
MT000110,20250323,EQ0050,A013,WT2,P2,Deriva de sensor,Mecánico,3.52,1.56,7969.06,False
MT000111,20250102,EQ0016,A005,WT1,P1,Fuga hidráulica,Seguridad,7.23,3.88,13363.6,True
MT000112,20250325,EQ0018,A004,WT1,P2,Falla de sello mecánico,Energía,3.61,2.77,6249.89,True
MT000113,20250628,EQ0060,A004,WT1,P2,Falla de transmisión,Seguridad,7.49,5.73,12312.95,True
MT000114,20250119,EQ0037,A005,WT2,P3,Falla eléctrica,Chancado,10.32,8.37,17952.1,False
MT000115,20250427,EQ0025,A010,WT1,P3,Bloqueo de chancador,Eléctrico,8.12,4.21,17471.31,True
MT000116,20250427,EQ0038,A010,WT1,P3,Falla de transmisión,Instrumentación,3.86,2.8,7442.05,True
MT000117,20250214,EQ0041,A017,WT2,P2,Desalineamiento de correa,Mecánico,15.44,12.88,31264.67,False
MT000118,20250430,EQ0053,A004,WT2,P2,Desalineamiento de correa,Eléctrico,15.08,9.77,13557.86,False
MT000119,20250617,EQ0055,A017,WT2,P2,Deriva de sensor,Control,9.39,8.59,10098.57,False
MT000120,20250516,EQ0027,A017,WT2,P2,Pérdida de comunicación PLC,Control,22.95,18.68,47156.98,False
MT000121,20250316,EQ0029,A005,WT1,P4,Alta vibración,Chancado,2.3,1.19,5252.69,True
MT000122,20250629,EQ0044,A005,WT2,P3,Falla eléctrica,Energía,8.41,6.9,18001.03,False
MT000123,20250627,EQ0051,A004,WT1,P2,Falla de instrumentación,Instrumentación,5.24,2.91,8036.27,True
MT000124,20250331,EQ0048,A004,WT1,P2,Falla de pala,Control,3.07,1.8,4569.12,True
MT000125,20250411,EQ0050,A013,WT1,P2,Deriva de sensor,Mecánico,6.48,4.05,3232.42,True
MT000126,20250116,EQ0055,A017,WT1,P2,Falla de instrumentación,Control,6.87,6.2,4216.69,True
MT000127,20250409,EQ0016,A005,WT2,P2,Fuga hidráulica,Seguridad,4.03,3.14,2848.2,False
MT000128,20250413,EQ0004,A004,WT2,P2,Falla de pala,Mecánico,8.3,5.6,15772.97,False
MT000129,20250505,EQ0045,A012,WT1,P2,Falla de bomba de pulpa,Bombas,5.66,4.81,5363.42,True
MT000130,20250223,EQ0039,A010,WT2,P2,Falla eléctrica,Instrumentación,16.47,14.07,30476.12,False
MT000131,20250124,EQ0029,A005,WT1,P1,Bloqueo de chancador,Chancado,0.62,0.27,1132.96,True
MT000132,20250225,EQ0004,A004,WT1,P2,Alta vibración,Mecánico,0.91,0.74,818.36,True
MT000133,20250530,EQ0022,A009,WT2,P4,Falla de bomba de pulpa,Instrumentación,9.36,7.69,8047.01,False
MT000134,20250116,EQ0029,A005,WT2,P3,Alta vibración,Chancado,12.5,8.85,29885.88,False
MT000135,20250207,EQ0051,A004,WT1,P4,Desalineamiento de correa,Mecánico,0.51,0.21,1025.02,True
MT000136,20250526,EQ0053,A004,WT1,P3,Obstrucción de chute,Eléctrico,1.58,1.4,1467.76,True
MT000137,20250531,EQ0053,A004,WT1,P2,Sobrecalentamiento,Seguridad,5.09,3.76,4424.95,True
MT000138,20250101,EQ0050,A013,WT1,P4,Desgaste de revestimientos,Eléctrico,1.21,1.07,1279.81,True
MT000139,20250423,EQ0047,A005,WT2,P3,Falla eléctrica,Chancado,10.94,6.58,11002.32,False
MT000140,20250112,EQ0006,A004,WT1,P3,Desalineamiento de correa,Seguridad,0.64,0.34,612.15,True
MT000141,20250415,EQ0011,A004,WT1,P3,Pérdida de comunicación PLC,Eléctrico,3.38,1.44,3746.47,True
MT000142,20250129,EQ0038,A010,WT2,P1,Trip de variador,Instrumentación,22.8,10.9,34405.57,False
MT000143,20250324,EQ0029,A005,WT1,P2,Alta vibración,Chancado,2.39,2.12,5611.36,True
MT000144,20250522,EQ0025,A010,WT2,P2,Bloqueo de chancador,Seguridad,6.11,3.98,11624.41,False
MT000145,20250214,EQ0028,A010,WT2,P1,Falla de bomba de pulpa,Instrumentación,11.3,10.11,26242.14,False
MT000146,20250612,EQ0058,A008,WT2,P4,Trip de variador,Molienda,13.25,11.86,16563.83,False
MT000147,20250603,EQ0053,A004,WT1,P3,Falla de bomba de pulpa,Eléctrico,1.57,1.26,3412.1,True
MT000148,20250129,EQ0028,A010,WT1,P2,Alta vibración,Mecánico,8.26,6.95,12756.49,True
MT000149,20250424,EQ0009,A017,WT2,P2,Deriva de sensor,Control,8.11,5.04,18437.67,False
MT000150,20250312,EQ0039,A010,WT1,P3,Sobrecalentamiento,Eléctrico,0.67,0.52,528.46,True
MT000151,20250516,EQ0005,A017,WT2,P3,Pérdida de comunicación PLC,Control,33.29,19.22,32015.8,False
MT000152,20250527,EQ0017,A017,WT1,P3,Falla de instrumentación,Control,8.19,6.73,14582.11,True
MT000153,20250330,EQ0036,A004,WT1,P4,Fuga hidráulica,Seguridad,1.83,1.55,2176.62,True
MT000154,20250420,EQ0033,A008,WT2,P2,Trip de variador,Molienda,5.09,2.4,6830.07,False
MT000155,20250606,EQ0029,A005,WT2,P3,Bloqueo de chancador,Chancado,4.24,2.83,2555.64,False
MT000156,20250114,EQ0005,A017,WT2,P1,Pérdida de comunicación PLC,Control,5.69,5.19,3641.57,False
MT000157,20250510,EQ0009,A017,WT1,P1,Falla de instrumentación,Control,2.32,1.18,1527.96,True
MT000158,20250427,EQ0043,A009,WT2,P2,Desalineamiento de correa,Instrumentación,12.08,7.14,8313.41,False
MT000159,20250116,EQ0026,A013,WT1,P2,Baja presión,Mecánico,1.99,1.0,911.32,True
MT000160,20250124,EQ0026,A013,WT2,P1,Falla de pala,Instrumentación,3.8,2.51,2956.15,False
MT000161,20250525,EQ0021,A017,WT2,P1,Pérdida de comunicación PLC,Mecánico,5.24,3.06,9753.8,False
MT000162,20250212,EQ0014,A017,WT1,P3,Deriva de sensor,Control,9.84,4.08,14088.35,True
MT000163,20250303,EQ0036,A004,WT1,P2,Falla eléctrica,Energía,4.63,2.31,7361.28,True
MT000164,20250608,EQ0008,A017,WT2,P3,Falla de instrumentación,Control,7.61,4.78,3656.39,False
MT000165,20250610,EQ0052,A004,WT2,P2,Bloqueo de chancador,Energía,4.76,3.18,6018.04,False
MT000166,20250302,EQ0044,A005,WT1,P4,Fuga hidráulica,Energía,5.01,2.1,9251.7,True
MT000167,20250628,EQ0014,A017,WT2,P3,Deriva de sensor,Control,17.48,10.8,7992.12,False
MT000168,20250308,EQ0002,A004,WT1,P2,Desgaste de neumáticos,Mecánico,5.98,3.66,13267.55,True
MT000169,20250316,EQ0023,A017,WT2,P3,Deriva de sensor,Control,18.6,12.91,11549.07,False
MT000170,20250226,EQ0038,A010,WT1,P3,Falla de pala,Mecánico,8.84,7.16,13655.36,True
MT000171,20250412,EQ0035,A012,WT2,P3,Falla de bomba de pulpa,Bombas,3.76,1.81,2422.33,False
MT000172,20250312,EQ0016,A005,WT1,P3,Desalineamiento de correa,Seguridad,2.87,2.38,6860.89,True
MT000173,20250307,EQ0016,A005,WT1,P3,Corte de correa,Energía,2.59,1.55,2463.4,True
MT000174,20250623,EQ0040,A017,WT2,P2,Falla de instrumentación,Control,8.81,6.88,16035.08,False
MT000175,20250113,EQ0042,A008,WT2,P1,Desgaste de revestimientos,Molienda,7.91,3.44,5994.2,False
MT000176,20250601,EQ0040,A017,WT1,P2,Deriva de sensor,Control,2.49,2.35,2743.27,True
MT000177,20250511,EQ0045,A012,WT2,P3,Baja presión,Bombas,2.4,1.43,5101.49,False
MT000178,20250322,EQ0023,A017,WT1,P4,Deriva de sensor,Control,3.95,1.7,1966.05,True
MT000179,20250613,EQ0015,A010,WT1,P2,Falla eléctrica,Energía,2.73,2.15,3302.34,True
MT000180,20250531,EQ0020,A004,WT1,P2,Alta vibración,Mecánico,5.75,3.84,5319.25,True
MT000181,20250420,EQ0013,A005,WT1,P1,Alta vibración,Chancado,4.14,1.77,8349.79,True
MT000182,20250608,EQ0024,A017,WT1,P2,Falla de instrumentación,Control,6.88,4.61,7193.61,True
MT000183,20250310,EQ0028,A010,WT1,P3,Falla de pala,Eléctrico,3.89,3.65,6699.45,True
MT000184,20250327,EQ0052,A004,WT1,P1,Falla de transmisión,Energía,3.12,2.88,2395.06,True
MT000185,20250429,EQ0048,A004,WT1,P1,Fuga hidráulica,Hidráulico,3.24,2.25,6155.5,True
MT000186,20250328,EQ0056,A006,WT2,P3,Obstrucción de chute,Correas,4.49,3.05,5637.68,False
MT000187,20250427,EQ0060,A004,WT1,P4,Alta vibración,Eléctrico,1.67,0.73,3676.06,True
MT000188,20250326,EQ0058,A008,WT1,P3,Alta vibración,Molienda,1.1,0.73,2011.07,True
MT000189,20250604,EQ0001,A005,WT1,P3,Desgaste de neumáticos,Mecánico,1.52,0.65,2371.93,True
MT000190,20250522,EQ0027,A017,WT2,P4,Falla de instrumentación,Control,7.93,3.11,5293.57,False
MT000191,20250203,EQ0046,A004,WT2,P4,Falla de pala,Hidráulico,4.85,3.7,4190.8,False
MT000192,20250512,EQ0049,A004,WT2,P2,Falla de motor,Hidráulico,1.99,1.56,4953.12,False
MT000193,20250226,EQ0010,A004,WT1,P1,Alta vibración,Hidráulico,1.6,0.97,3291.18,True
MT000194,20250316,EQ0051,A004,WT1,P1,Bloqueo de chancador,Eléctrico,4.34,2.54,9333.56,True
MT000195,20250604,EQ0058,A008,WT1,P4,Desgaste de revestimientos,Molienda,7.59,4.57,5249.74,True
MT000196,20250210,EQ0020,A004,WT2,P2,Fuga hidráulica,Hidráulico,4.17,1.79,5612.44,False
MT000197,20250201,EQ0047,A005,WT2,P2,Alta vibración,Chancado,2.22,1.8,4634.8,False
MT000198,20250318,EQ0043,A009,WT2,P4,Falla de instrumentación,Instrumentación,1.98,1.76,2905.5,False
MT000199,20250325,EQ0014,A017,WT1,P2,Deriva de sensor,Control,5.0,3.61,4305.39,True
MT000200,20250329,EQ0013,A005,WT2,P2,Bloqueo de chancador,Chancado,13.36,5.87,24004.04,False
MT000201,20250205,EQ0049,A004,WT1,P3,Falla de transmisión,Hidráulico,0.72,0.68,520.84,True
MT000202,20250628,EQ0038,A010,WT2,P1,Corte de correa,Seguridad,5.83,3.41,5456.53,False
MT000203,20250617,EQ0036,A004,WT2,P2,Falla eléctrica,Seguridad,12.52,6.2,19933.4,False
MT000204,20250412,EQ0048,A004,WT1,P2,Falla de pala,Mecánico,1.6,1.31,1627.91,True
MT000205,20250220,EQ0003,A017,WT2,P4,Deriva de sensor,Control,14.16,6.15,25835.42,False
MT000206,20250323,EQ0011,A004,WT2,P4,Baja presión,Mecánico,8.34,7.12,6197.77,False
MT000207,20250211,EQ0056,A006,WT2,P3,Obstrucción de chute,Correas,5.09,3.11,8995.01,False
MT000208,20250516,EQ0054,A004,WT2,P1,Corte de correa,Seguridad,0.64,0.55,1421.99,False
MT000209,20250324,EQ0027,A017,WT1,P2,Deriva de sensor,Control,3.41,1.31,5993.34,True
MT000210,20250504,EQ0046,A004,WT1,P2,Falla de pala,Hidráulico,4.81,2.35,5260.04,True
MT000211,20250602,EQ0050,A013,WT1,P3,Falla de instrumentación,Energía,6.68,4.84,4002.55,True
MT000212,20250527,EQ0002,A004,WT2,P1,Falla de transmisión,Mecánico,3.57,3.23,8753.49,False
MT000213,20250306,EQ0028,A010,WT2,P3,Falla de motor,Seguridad,10.2,4.43,12183.71,False
MT000214,20250129,EQ0056,A006,WT1,P2,Obstrucción de chute,Correas,1.09,0.44,1446.0,True
MT000215,20250417,EQ0057,A004,WT1,P2,Desgaste de neumáticos,Neumáticos,9.26,6.05,30698.12,True
MT000216,20250205,EQ0006,A004,WT2,P2,Falla de instrumentación,Eléctrico,14.08,9.57,29924.13,False
MT000217,20250624,EQ0026,A013,WT2,P2,Falla eléctrica,Mecánico,5.02,3.21,11641.47,False
MT000218,20250121,EQ0013,A005,WT2,P3,Alta vibración,Chancado,5.28,3.62,12148.8,False
MT000219,20250401,EQ0059,A004,WT2,P3,Fuga hidráulica,Mecánico,0.74,0.7,1149.06,False
MT000220,20250428,EQ0016,A005,WT1,P1,Fuga hidráulica,Instrumentación,4.44,2.07,5812.68,True
MT000221,20250304,EQ0043,A009,WT1,P2,Falla de sello mecánico,Eléctrico,3.62,2.52,8324.54,True
MT000222,20250617,EQ0041,A017,WT2,P2,Alta vibración,Mecánico,2.87,1.54,2285.85,False
MT000223,20250602,EQ0056,A006,WT1,P3,Corte de correa,Correas,0.64,0.43,890.77,True
MT000224,20250104,EQ0003,A017,WT2,P1,Deriva de sensor,Control,5.25,3.58,3725.54,False
MT000225,20250501,EQ0054,A004,WT1,P3,Bloqueo de chancador,Eléctrico,3.41,1.36,1701.17,True
MT000226,20250118,EQ0049,A004,WT2,P2,Falla de transmisión,Hidráulico,3.6,1.66,12513.81,False
MT000227,20250629,EQ0005,A017,WT2,P3,Deriva de sensor,Control,5.79,3.25,7520.99,False
MT000228,20250403,EQ0004,A004,WT2,P2,Alta vibración,Mecánico,0.68,0.31,473.24,False
MT000229,20250514,EQ0029,A005,WT1,P4,Alta vibración,Chancado,4.11,2.79,2290.53,True
MT000230,20250424,EQ0022,A009,WT1,P3,Pérdida de comunicación PLC,Eléctrico,2.82,2.25,5987.64,True
MT000231,20250622,EQ0044,A005,WT2,P3,Desgaste de revestimientos,Mecánico,8.09,5.62,15030.97,False
MT000232,20250510,EQ0001,A005,WT2,P2,Deriva de sensor,Eléctrico,3.72,2.47,5731.64,False
MT000233,20250112,EQ0046,A004,WT1,P2,Fuga hidráulica,Control,4.03,3.33,4485.24,True
MT000234,20250601,EQ0043,A009,WT1,P3,Desgaste de neumáticos,Seguridad,2.71,1.77,3435.48,True
MT000235,20250524,EQ0012,A008,WT2,P3,Desgaste de revestimientos,Molienda,15.32,13.5,7060.16,False
MT000236,20250318,EQ0047,A005,WT1,P4,Alta vibración,Chancado,2.8,2.1,4253.83,True
MT000237,20250629,EQ0044,A005,WT1,P2,Fuga hidráulica,Eléctrico,1.36,0.7,2634.44,True
MT000238,20250517,EQ0021,A017,WT1,P2,Falla de instrumentación,Instrumentación,3.35,2.4,4160.18,True
MT000239,20250119,EQ0023,A017,WT1,P3,Falla de instrumentación,Control,3.09,2.6,6328.49,True
MT000240,20250118,EQ0028,A010,WT1,P4,Falla eléctrica,Energía,4.69,3.01,7361.31,True
MT000241,20250221,EQ0017,A017,WT2,P2,Pérdida de comunicación PLC,Control,4.92,3.87,5332.5,False
MT000242,20250510,EQ0005,A017,WT1,P4,Deriva de sensor,Control,11.06,5.02,25995.25,True
MT000243,20250505,EQ0054,A004,WT2,P2,Desgaste de revestimientos,Eléctrico,11.05,8.06,16550.52,False
MT000244,20250219,EQ0017,A017,WT2,P3,Falla de instrumentación,Control,12.2,4.65,9962.29,False
MT000245,20250510,EQ0029,A005,WT1,P2,Alta vibración,Chancado,1.13,1.02,1853.16,True
MT000246,20250429,EQ0014,A017,WT2,P4,Deriva de sensor,Control,21.68,11.16,42179.63,False
MT000247,20250513,EQ0034,A005,WT2,P3,Falla de bomba de pulpa,Instrumentación,9.35,4.25,18747.96,False
MT000248,20250512,EQ0047,A005,WT1,P1,Bloqueo de chancador,Chancado,1.04,0.4,1062.13,True
MT000249,20250108,EQ0057,A004,WT2,P4,Falla de transmisión,Neumáticos,11.48,9.03,21214.81,False
MT000250,20250412,EQ0020,A004,WT1,P3,Fuga hidráulica,Mecánico,5.52,4.98,5205.34,True
MT000251,20250211,EQ0017,A017,WT1,P3,Falla de instrumentación,Control,2.52,1.23,3147.21,True
MT000252,20250204,EQ0051,A004,WT1,P4,Desgaste de neumáticos,Instrumentación,0.64,0.58,849.86,True
MT000253,20250311,EQ0011,A004,WT1,P3,Bloqueo de chancador,Seguridad,2.57,1.3,1642.13,True
MT000254,20250418,EQ0055,A017,WT2,P2,Falla de instrumentación,Control,5.02,4.16,3160.93,False
MT000255,20250307,EQ0043,A009,WT1,P2,Bloqueo de chancador,Instrumentación,2.11,1.96,1626.24,True
MT000256,20250523,EQ0047,A005,WT1,P3,Alta vibración,Chancado,6.45,4.41,3673.08,True
MT000257,20250203,EQ0017,A017,WT1,P2,Deriva de sensor,Control,4.73,4.39,4837.59,True
MT000258,20250504,EQ0055,A017,WT2,P4,Deriva de sensor,Control,15.02,10.72,25076.22,False
MT000259,20250607,EQ0023,A017,WT2,P2,Pérdida de comunicación PLC,Control,5.78,2.87,4910.29,False
MT000260,20250516,EQ0047,A005,WT1,P4,Alta vibración,Chancado,3.73,1.46,8254.1,True
MT000261,20250312,EQ0051,A004,WT1,P3,Pérdida de comunicación PLC,Energía,2.9,1.52,6944.25,True
MT000262,20250429,EQ0018,A004,WT1,P2,Falla de instrumentación,Energía,2.86,1.98,6362.63,True
MT000263,20250416,EQ0050,A013,WT1,P1,Baja presión,Instrumentación,0.71,0.35,1267.96,True
MT000264,20250314,EQ0042,A008,WT1,P1,Desgaste de revestimientos,Molienda,1.12,0.87,582.11,True
MT000265,20250116,EQ0028,A010,WT2,P3,Alta vibración,Eléctrico,5.67,2.34,8547.04,False
MT000266,20250214,EQ0056,A006,WT1,P2,Obstrucción de chute,Correas,0.93,0.71,1320.27,True
MT000267,20250223,EQ0005,A017,WT2,P3,Falla de instrumentación,Control,4.87,3.86,2917.45,False
MT000268,20250402,EQ0003,A017,WT2,P3,Pérdida de comunicación PLC,Control,3.18,2.86,7485.72,False
MT000269,20250130,EQ0028,A010,WT1,P3,Alta vibración,Eléctrico,4.07,3.4,4840.8,True
MT000270,20250515,EQ0048,A004,WT1,P1,Falla de pala,Hidráulico,1.43,1.32,2243.63,True
MT000271,20250224,EQ0055,A017,WT2,P3,Falla de instrumentación,Control,9.84,8.65,14044.31,False
MT000272,20250209,EQ0003,A017,WT2,P2,Pérdida de comunicación PLC,Control,12.61,7.2,14984.21,False
MT000273,20250610,EQ0007,A004,WT1,P4,Alta vibración,Mecánico,1.7,0.79,2024.8,True
MT000274,20250426,EQ0011,A004,WT1,P2,Falla de bomba de pulpa,Instrumentación,5.25,2.77,8979.19,True
MT000275,20250424,EQ0038,A010,WT2,P2,Falla de bomba de pulpa,Eléctrico,16.16,6.35,13907.22,False
MT000276,20250108,EQ0056,A006,WT2,P4,Corte de correa,Correas,2.61,1.39,5338.27,False
MT000277,20250314,EQ0053,A004,WT1,P2,Deriva de sensor,Instrumentación,6.43,4.18,4406.09,True
MT000278,20250110,EQ0047,A005,WT1,P1,Alta vibración,Chancado,5.49,4.38,6288.2,True
MT000279,20250325,EQ0055,A017,WT1,P2,Pérdida de comunicación PLC,Control,1.22,0.75,1936.8,True
MT000280,20250627,EQ0010,A004,WT2,P2,Falla de pala,Hidráulico,6.34,3.69,6849.85,False
MT000281,20250512,EQ0004,A004,WT1,P2,Falla de pala,Hidráulico,3.37,3.02,6403.29,True
MT000282,20250604,EQ0047,A005,WT1,P2,Falla eléctrica,Chancado,2.23,1.1,3742.0,True
MT000283,20250107,EQ0022,A009,WT1,P4,Falla eléctrica,Seguridad,2.7,1.58,1454.05,True
MT000284,20250607,EQ0007,A004,WT1,P1,Fuga hidráulica,Hidráulico,2.81,1.81,5847.74,True
MT000285,20250327,EQ0010,A004,WT2,P3,Fuga hidráulica,Control,6.94,4.28,8081.72,False
MT000286,20250614,EQ0047,A005,WT1,P2,Alta vibración,Chancado,1.83,0.91,1273.82,True
MT000287,20250327,EQ0032,A010,WT2,P1,Sobrecalentamiento,Instrumentación,13.82,7.54,26138.55,False
MT000288,20250203,EQ0037,A005,WT2,P2,Bloqueo de chancador,Chancado,20.1,13.5,47360.44,False
MT000289,20250221,EQ0020,A004,WT1,P2,Alta vibración,Hidráulico,6.39,4.31,5081.09,True
MT000290,20250404,EQ0030,A017,WT2,P3,Falla de instrumentación,Control,5.51,4.45,10600.61,False
MT000291,20250308,EQ0060,A004,WT1,P2,Falla de instrumentación,Instrumentación,1.33,0.68,3157.71,True
MT000292,20250611,EQ0001,A005,WT1,P2,Desgaste de neumáticos,Seguridad,3.61,2.16,4732.41,True
MT000293,20250221,EQ0049,A004,WT1,P3,Falla de motor,Mecánico,1.49,1.13,2786.99,True
MT000294,20250123,EQ0048,A004,WT1,P4,Fuga hidráulica,Control,1.79,1.26,3003.57,True
MT000295,20250423,EQ0004,A004,WT2,P2,Alta vibración,Hidráulico,11.28,7.61,6265.44,False
MT000296,20250611,EQ0018,A004,WT1,P3,Trip de variador,Eléctrico,2.83,1.56,3221.37,True
MT000297,20250417,EQ0018,A004,WT1,P2,Alta vibración,Mecánico,1.18,0.62,2100.89,True
MT000298,20250201,EQ0018,A004,WT2,P2,Bloqueo de chancador,Mecánico,4.06,2.37,8355.22,False
MT000299,20250409,EQ0024,A017,WT1,P1,Pérdida de comunicación PLC,Control,1.66,0.77,2773.03,True
MT000300,20250627,EQ0048,A004,WT1,P3,Alta vibración,Control,1.88,1.67,2767.89,True
MT000301,20250329,EQ0056,A006,WT2,P2,Desalineamiento de correa,Correas,8.43,6.47,4750.52,False
MT000302,20250224,EQ0053,A004,WT2,P4,Obstrucción de chute,Seguridad,4.72,4.04,6981.58,False
MT000303,20250525,EQ0004,A004,WT1,P1,Alta vibración,Hidráulico,0.21,0.17,361.96,True
MT000304,20250304,EQ0024,A017,WT1,P2,Deriva de sensor,Control,5.84,2.47,5166.6,True
MT000305,20250630,EQ0041,A017,WT2,P3,Sobrecalentamiento,Instrumentación,5.91,4.81,7889.96,False
MT000306,20250512,EQ0010,A004,WT2,P2,Falla de pala,Control,4.57,2.86,6875.14,False
MT000307,20250516,EQ0025,A010,WT1,P3,Desgaste de revestimientos,Mecánico,3.99,3.7,5915.54,True
MT000308,20250123,EQ0036,A004,WT1,P4,Bloqueo de chancador,Energía,4.64,2.04,4311.26,True
MT000309,20250315,EQ0060,A004,WT1,P1,Falla de transmisión,Instrumentación,0.96,0.76,1869.76,True
MT000310,20250530,EQ0010,A004,WT1,P2,Alta vibración,Hidráulico,3.75,2.97,8880.66,True
MT000311,20250208,EQ0060,A004,WT1,P2,Falla eléctrica,Seguridad,1.28,0.96,2488.84,True
MT000312,20250330,EQ0047,A005,WT1,P3,Alta vibración,Chancado,3.96,1.98,4345.1,True
MT000313,20250319,EQ0006,A004,WT1,P1,Obstrucción de chute,Mecánico,1.9,1.49,2974.62,True
MT000314,20250316,EQ0018,A004,WT1,P2,Falla de instrumentación,Energía,3.14,1.7,7309.41,True
MT000315,20250617,EQ0031,A006,WT1,P3,Corte de correa,Correas,11.63,10.87,19130.49,True
MT000316,20250607,EQ0032,A010,WT2,P2,Bloqueo de chancador,Instrumentación,8.73,5.01,20779.43,False
MT000317,20250613,EQ0050,A013,WT2,P3,Falla de transmisión,Instrumentación,4.8,1.89,8095.04,False
MT000318,20250102,EQ0012,A008,WT2,P2,Alta vibración,Molienda,12.18,6.6,11571.25,False
MT000319,20250626,EQ0052,A004,WT2,P3,Sobrecalentamiento,Eléctrico,3.86,2.7,4815.49,False
MT000320,20250502,EQ0039,A010,WT2,P3,Deriva de sensor,Energía,18.18,14.27,13659.92,False
MT000321,20250502,EQ0058,A008,WT2,P2,Desgaste de revestimientos,Molienda,4.57,2.3,5424.48,False
MT000322,20250621,EQ0009,A017,WT2,P4,Falla de instrumentación,Control,6.57,4.8,4052.6,False
MT000323,20250223,EQ0002,A004,WT1,P2,Falla de motor,Neumáticos,2.56,1.08,5785.08,True
MT000324,20250420,EQ0012,A008,WT1,P1,Desgaste de revestimientos,Molienda,3.98,2.46,6929.02,True
MT000325,20250510,EQ0058,A008,WT1,P4,Alta vibración,Molienda,6.79,5.68,15698.66,True
MT000326,20250318,EQ0053,A004,WT2,P2,Falla eléctrica,Energía,2.24,1.55,1944.04,False
MT000327,20250226,EQ0031,A006,WT1,P1,Corte de correa,Correas,1.56,0.93,2667.3,True
MT000328,20250107,EQ0025,A010,WT2,P2,Falla de instrumentación,Energía,11.63,6.14,25986.77,False
MT000329,20250408,EQ0017,A017,WT2,P2,Falla de instrumentación,Control,4.9,3.15,11287.33,False
MT000330,20250502,EQ0032,A010,WT1,P2,Falla de pala,Mecánico,7.24,4.56,10793.28,True
MT000331,20250515,EQ0060,A004,WT1,P3,Falla eléctrica,Seguridad,0.89,0.71,1095.13,True
MT000332,20250124,EQ0032,A010,WT1,P2,Corte de correa,Mecánico,7.3,5.3,9835.79,True
MT000333,20250610,EQ0005,A017,WT2,P1,Pérdida de comunicación PLC,Control,4.64,3.73,6070.24,False
MT000334,20250127,EQ0046,A004,WT2,P3,Fuga hidráulica,Control,8.54,3.36,7262.73,False
MT000335,20250120,EQ0006,A004,WT2,P3,Desgaste de revestimientos,Seguridad,10.21,5.59,10697.05,False
MT000336,20250511,EQ0036,A004,WT2,P2,Falla de motor,Energía,6.42,4.51,3584.29,False
MT000337,20250315,EQ0045,A012,WT1,P2,Falla de sello mecánico,Bombas,3.38,3.01,3766.72,True
MT000338,20250110,EQ0019,A004,WT1,P2,Falla de pala,Mecánico,3.97,2.89,9157.34,True
MT000339,20250220,EQ0002,A004,WT1,P2,Falla de transmisión,Hidráulico,0.8,0.67,1305.69,True
MT000340,20250118,EQ0055,A017,WT2,P2,Falla de instrumentación,Control,8.12,4.11,8861.01,False
MT000341,20250111,EQ0044,A005,WT1,P2,Obstrucción de chute,Mecánico,3.49,1.35,4074.95,True
MT000342,20250518,EQ0008,A017,WT2,P4,Deriva de sensor,Control,17.2,11.97,36967.52,False
MT000343,20250304,EQ0012,A008,WT1,P2,Desgaste de revestimientos,Molienda,4.35,3.77,3076.31,True
MT000344,20250522,EQ0033,A008,WT2,P2,Alta vibración,Molienda,17.7,15.34,19800.14,False
MT000345,20250128,EQ0021,A017,WT2,P2,Trip de variador,Instrumentación,6.63,4.73,12870.26,False
MT000346,20250115,EQ0051,A004,WT1,P4,Falla de transmisión,Instrumentación,0.9,0.66,937.53,True
MT000347,20250302,EQ0008,A017,WT1,P2,Pérdida de comunicación PLC,Control,5.48,3.32,2502.0,True
MT000348,20250420,EQ0010,A004,WT1,P2,Alta vibración,Hidráulico,1.39,0.82,2668.56,True
MT000349,20250125,EQ0001,A005,WT2,P2,Corte de correa,Eléctrico,4.69,3.4,9710.57,False
MT000350,20250212,EQ0005,A017,WT2,P3,Pérdida de comunicación PLC,Control,4.89,2.55,5691.72,False
MT000351,20250311,EQ0055,A017,WT1,P3,Falla de instrumentación,Control,2.73,1.06,3612.56,True
MT000352,20250208,EQ0048,A004,WT1,P3,Fuga hidráulica,Mecánico,1.02,0.58,1615.65,True
MT000353,20250127,EQ0019,A004,WT2,P3,Obstrucción de chute,Energía,4.67,2.17,6704.55,False
MT000354,20250616,EQ0054,A004,WT2,P3,Pérdida de comunicación PLC,Energía,11.63,9.74,8183.31,False
MT000355,20250128,EQ0050,A013,WT1,P3,Deriva de sensor,Eléctrico,5.34,3.74,4266.24,True
MT000356,20250221,EQ0049,A004,WT1,P3,Desgaste de neumáticos,Hidráulico,1.77,1.16,5668.33,True
MT000357,20250104,EQ0037,A005,WT2,P1,Bloqueo de chancador,Chancado,4.78,3.59,4281.93,False
MT000358,20250310,EQ0048,A004,WT1,P1,Alta vibración,Control,0.92,0.64,879.17,True
MT000359,20250106,EQ0049,A004,WT1,P4,Desgaste de neumáticos,Mecánico,2.95,2.07,5170.4,True
MT000360,20250404,EQ0058,A008,WT1,P3,Trip de variador,Molienda,1.66,1.47,811.85,True
MT000361,20250428,EQ0012,A008,WT1,P1,Desgaste de revestimientos,Molienda,9.76,4.94,4900.9,True
MT000362,20250607,EQ0037,A005,WT2,P2,Falla eléctrica,Chancado,8.29,7.86,4061.44,False
MT000363,20250501,EQ0023,A017,WT2,P2,Falla de instrumentación,Control,4.44,2.75,2914.97,False
MT000364,20250606,EQ0025,A010,WT2,P3,Desalineamiento de correa,Seguridad,12.03,10.24,10911.66,False
MT000365,20250301,EQ0031,A006,WT1,P2,Obstrucción de chute,Correas,1.29,0.99,2835.3,True
MT000366,20250512,EQ0053,A004,WT2,P3,Corte de correa,Mecánico,4.88,1.96,10776.92,False
MT000367,20250312,EQ0057,A004,WT2,P4,Falla de motor,Hidráulico,7.27,6.14,22269.26,False
MT000368,20250517,EQ0037,A005,WT1,P2,Falla eléctrica,Chancado,1.81,0.91,1104.1,True
MT000369,20250409,EQ0035,A012,WT2,P2,Baja presión,Bombas,3.32,2.72,6185.75,False
MT000370,20250103,EQ0036,A004,WT1,P2,Pérdida de comunicación PLC,Energía,1.79,1.3,2969.15,True
MT000371,20250311,EQ0043,A009,WT1,P2,Desgaste de neumáticos,Mecánico,7.57,6.06,7727.99,True
MT000372,20250430,EQ0048,A004,WT1,P1,Alta vibración,Mecánico,5.63,4.48,8877.51,True
MT000373,20250313,EQ0035,A012,WT2,P2,Baja presión,Bombas,2.06,1.14,1134.07,False
MT000374,20250331,EQ0044,A005,WT1,P2,Desalineamiento de correa,Instrumentación,1.18,0.95,762.94,True
MT000375,20250206,EQ0043,A009,WT2,P3,Falla de transmisión,Eléctrico,7.04,2.93,16532.12,False
MT000376,20250506,EQ0036,A004,WT1,P1,Desalineamiento de correa,Energía,2.42,1.67,5634.6,True
MT000377,20250318,EQ0037,A005,WT1,P3,Falla eléctrica,Chancado,3.04,1.28,7141.56,True
MT000378,20250125,EQ0059,A004,WT2,P4,Fuga hidráulica,Control,2.06,0.88,3530.43,False
MT000379,20250228,EQ0051,A004,WT1,P2,Desgaste de revestimientos,Eléctrico,2.88,1.5,3820.37,True
MT000380,20250319,EQ0004,A004,WT1,P2,Alta vibración,Mecánico,3.2,1.92,3854.3,True
MT000381,20250425,EQ0043,A009,WT1,P3,Baja presión,Energía,5.12,2.57,6440.36,True
MT000382,20250521,EQ0019,A004,WT2,P4,Fuga hidráulica,Energía,8.28,4.63,12117.96,False
MT000383,20250208,EQ0024,A017,WT1,P4,Pérdida de comunicación PLC,Control,2.26,1.41,1772.65,True
MT000384,20250531,EQ0035,A012,WT2,P4,Falla de bomba de pulpa,Bombas,8.51,5.36,20031.03,False
MT000385,20250515,EQ0056,A006,WT1,P3,Corte de correa,Correas,1.22,0.63,621.92,True
MT000386,20250205,EQ0011,A004,WT1,P1,Deriva de sensor,Mecánico,0.97,0.41,878.92,True
MT000387,20250529,EQ0014,A017,WT1,P3,Pérdida de comunicación PLC,Control,2.15,0.99,4750.86,True
MT000388,20250116,EQ0022,A009,WT1,P2,Fuga hidráulica,Mecánico,2.79,1.92,2378.64,True
MT000389,20250112,EQ0043,A009,WT1,P4,Sobrecalentamiento,Instrumentación,3.03,1.93,5475.66,True
MT000390,20250130,EQ0060,A004,WT1,P4,Desgaste de neumáticos,Eléctrico,2.08,1.45,1656.11,True
MT000391,20250410,EQ0008,A017,WT1,P4,Deriva de sensor,Control,6.68,3.06,9698.48,True
MT000392,20250519,EQ0045,A012,WT1,P1,Falla de bomba de pulpa,Bombas,1.13,0.78,2540.54,True
MT000393,20250617,EQ0022,A009,WT2,P2,Pérdida de comunicación PLC,Mecánico,6.63,4.21,13972.13,False
MT000394,20250107,EQ0037,A005,WT1,P3,Bloqueo de chancador,Chancado,3.07,2.16,5082.67,True
MT000395,20250612,EQ0030,A017,WT2,P4,Deriva de sensor,Control,35.0,25.32,64021.11,False
MT000396,20250311,EQ0056,A006,WT2,P1,Obstrucción de chute,Correas,7.84,6.62,9052.27,False
MT000397,20250107,EQ0015,A010,WT1,P3,Desgaste de revestimientos,Energía,8.51,7.23,16364.78,True
MT000398,20250409,EQ0037,A005,WT1,P2,Falla eléctrica,Chancado,1.36,0.67,1298.88,True
MT000399,20250530,EQ0056,A006,WT1,P3,Corte de correa,Correas,0.67,0.45,417.56,True
MT000400,20250210,EQ0057,A004,WT1,P3,Desgaste de neumáticos,Mecánico,1.99,1.03,3418.44,True
MT000401,20250304,EQ0059,A004,WT1,P3,Alta vibración,Hidráulico,4.6,1.88,8328.79,True
MT000402,20250215,EQ0029,A005,WT2,P2,Alta vibración,Chancado,16.34,14.97,37204.69,False
MT000403,20250604,EQ0046,A004,WT1,P2,Falla de pala,Control,2.12,1.64,3171.6,True
MT000404,20250626,EQ0008,A017,WT2,P4,Falla de instrumentación,Control,6.97,3.23,8088.33,False
MT000405,20250605,EQ0027,A017,WT1,P3,Pérdida de comunicación PLC,Control,1.72,0.66,3244.82,True
MT000406,20250518,EQ0036,A004,WT1,P1,Alta vibración,Instrumentación,1.06,1.0,2397.18,True
MT000407,20250129,EQ0043,A009,WT2,P2,Desgaste de revestimientos,Instrumentación,6.22,4.37,12002.36,False
MT000408,20250608,EQ0022,A009,WT1,P2,Baja presión,Mecánico,8.65,4.62,10061.0,True
MT000409,20250411,EQ0002,A004,WT2,P2,Falla de transmisión,Hidráulico,8.86,5.85,29026.51,False
MT000410,20250116,EQ0044,A005,WT2,P3,Desgaste de revestimientos,Energía,5.6,4.22,11130.72,False
MT000411,20250613,EQ0019,A004,WT2,P3,Desgaste de revestimientos,Eléctrico,1.96,0.96,1927.87,False
MT000412,20250115,EQ0029,A005,WT1,P3,Alta vibración,Chancado,3.95,2.7,6140.51,True
MT000413,20250623,EQ0020,A004,WT1,P2,Fuga hidráulica,Hidráulico,4.39,4.12,8049.62,True
MT000414,20250129,EQ0033,A008,WT1,P2,Desgaste de revestimientos,Molienda,5.19,4.05,4341.97,True
MT000415,20250322,EQ0022,A009,WT1,P4,Trip de variador,Energía,3.13,1.93,5652.85,True
MT000416,20250425,EQ0018,A004,WT1,P3,Falla de motor,Mecánico,5.52,5.01,10051.88,True
MT000417,20250126,EQ0032,A010,WT2,P3,Falla de pala,Mecánico,15.09,7.45,14265.74,False
MT000418,20250609,EQ0049,A004,WT1,P2,Falla de transmisión,Mecánico,3.8,2.34,4032.09,True
MT000419,20250527,EQ0003,A017,WT2,P2,Deriva de sensor,Control,15.44,9.44,23217.85,False
MT000420,20250525,EQ0056,A006,WT1,P2,Desalineamiento de correa,Correas,3.11,2.34,3549.43,True
MT000421,20250503,EQ0040,A017,WT2,P3,Deriva de sensor,Control,2.27,0.93,3872.81,False
MT000422,20250226,EQ0040,A017,WT2,P2,Falla de instrumentación,Control,3.36,2.1,3409.32,False
MT000423,20250621,EQ0023,A017,WT2,P2,Deriva de sensor,Control,18.32,9.91,35100.69,False
MT000424,20250125,EQ0013,A005,WT1,P4,Alta vibración,Chancado,6.24,4.91,14606.59,True
MT000425,20250626,EQ0004,A004,WT1,P3,Alta vibración,Control,1.62,0.63,1181.22,True
MT000426,20250430,EQ0002,A004,WT1,P3,Falla de transmisión,Hidráulico,6.03,3.29,19343.03,True
MT000427,20250428,EQ0060,A004,WT1,P3,Corte de correa,Instrumentación,2.38,2.14,4915.73,True
MT000428,20250521,EQ0047,A005,WT1,P4,Falla eléctrica,Chancado,3.51,1.68,7759.95,True
MT000429,20250622,EQ0004,A004,WT1,P3,Falla de pala,Mecánico,4.04,3.75,6072.52,True
MT000430,20250519,EQ0040,A017,WT2,P1,Deriva de sensor,Control,1.92,0.79,1632.54,False
MT000431,20250320,EQ0008,A017,WT1,P4,Deriva de sensor,Control,5.63,4.08,4698.97,True
MT000432,20250517,EQ0054,A004,WT2,P3,Desalineamiento de correa,Eléctrico,15.54,14.47,34424.52,False
MT000433,20250128,EQ0033,A008,WT2,P4,Trip de variador,Molienda,14.61,11.85,12495.95,False
MT000434,20250522,EQ0051,A004,WT1,P4,Falla de motor,Instrumentación,0.71,0.49,444.9,True
MT000435,20250522,EQ0040,A017,WT2,P1,Pérdida de comunicación PLC,Control,9.21,5.32,15790.58,False
MT000436,20250120,EQ0041,A017,WT2,P3,Desalineamiento de correa,Mecánico,4.88,2.12,4439.64,False
MT000437,20250527,EQ0042,A008,WT1,P3,Trip de variador,Molienda,2.48,1.46,1381.72,True
MT000438,20250417,EQ0014,A017,WT1,P3,Deriva de sensor,Control,7.97,4.66,7666.44,True
MT000439,20250106,EQ0010,A004,WT2,P2,Fuga hidráulica,Hidráulico,7.5,4.93,17081.21,False
MT000440,20250202,EQ0045,A012,WT2,P2,Falla de bomba de pulpa,Bombas,9.12,8.12,4202.98,False
MT000441,20250228,EQ0005,A017,WT1,P1,Deriva de sensor,Control,8.39,4.78,7471.99,True
MT000442,20250620,EQ0049,A004,WT1,P2,Falla de motor,Mecánico,6.39,5.86,9459.37,True
MT000443,20250514,EQ0039,A010,WT1,P4,Alta vibración,Instrumentación,2.61,2.17,1387.33,True
MT000444,20250122,EQ0042,A008,WT1,P4,Desgaste de revestimientos,Molienda,1.75,1.03,2385.62,True
MT000445,20250612,EQ0047,A005,WT1,P1,Falla eléctrica,Chancado,5.74,4.08,3874.91,True
MT000446,20250413,EQ0024,A017,WT2,P1,Falla de instrumentación,Control,10.3,7.92,10379.1,False
MT000447,20250422,EQ0012,A008,WT1,P2,Trip de variador,Molienda,1.44,1.08,3239.86,True
MT000448,20250625,EQ0058,A008,WT2,P1,Desgaste de revestimientos,Molienda,9.79,5.13,18582.39,False
MT000449,20250405,EQ0058,A008,WT2,P1,Desgaste de revestimientos,Molienda,16.56,10.83,23654.12,False
MT000450,20250105,EQ0058,A008,WT1,P2,Trip de variador,Molienda,2.22,1.2,4739.13,True
MT000451,20250607,EQ0026,A013,WT2,P2,Bloqueo de chancador,Instrumentación,20.56,18.38,36691.25,False
MT000452,20250612,EQ0007,A004,WT1,P4,Alta vibración,Control,1.45,1.26,1119.09,True
MT000453,20250528,EQ0038,A010,WT1,P3,Alta vibración,Eléctrico,13.5,11.12,17638.37,True
MT000454,20250306,EQ0032,A010,WT1,P2,Baja presión,Seguridad,1.99,1.22,2321.5,True
MT000455,20250203,EQ0015,A010,WT2,P4,Trip de variador,Mecánico,19.86,17.25,27661.82,False
MT000456,20250303,EQ0048,A004,WT1,P3,Alta vibración,Control,3.95,1.54,2153.49,True
MT000457,20250619,EQ0006,A004,WT1,P2,Bloqueo de chancador,Eléctrico,3.7,1.67,5725.45,True
MT000458,20250304,EQ0043,A009,WT2,P3,Falla de bomba de pulpa,Eléctrico,15.89,11.48,15104.89,False
MT000459,20250221,EQ0060,A004,WT2,P2,Falla de bomba de pulpa,Seguridad,0.76,0.38,1241.87,False
MT000460,20250401,EQ0006,A004,WT1,P2,Deriva de sensor,Instrumentación,2.59,1.71,2241.76,True
MT000461,20250120,EQ0060,A004,WT2,P4,Falla de bomba de pulpa,Eléctrico,2.22,2.07,3875.31,False
MT000462,20250424,EQ0052,A004,WT2,P3,Falla de transmisión,Mecánico,2.34,2.11,1153.18,False
MT000463,20250402,EQ0043,A009,WT2,P1,Falla de sello mecánico,Mecánico,5.7,4.99,5611.91,False
MT000464,20250117,EQ0024,A017,WT2,P2,Pérdida de comunicación PLC,Control,13.11,11.93,26602.57,False
MT000465,20250114,EQ0017,A017,WT2,P3,Deriva de sensor,Control,17.21,16.09,14370.75,False
MT000466,20250404,EQ0010,A004,WT1,P3,Falla de pala,Hidráulico,1.22,0.79,1707.47,True
MT000467,20250214,EQ0031,A006,WT1,P3,Corte de correa,Correas,4.04,2.65,7114.0,True
MT000468,20250420,EQ0028,A010,WT1,P4,Fuga hidráulica,Seguridad,2.25,1.74,4136.12,True
MT000469,20250401,EQ0036,A004,WT1,P1,Falla de sello mecánico,Eléctrico,3.26,1.89,5690.79,True
MT000470,20250304,EQ0038,A010,WT1,P3,Trip de variador,Mecánico,3.98,1.64,3234.0,True
MT000471,20250525,EQ0013,A005,WT1,P4,Alta vibración,Chancado,1.99,1.05,4045.59,True
MT000472,20250312,EQ0027,A017,WT2,P4,Falla de instrumentación,Control,23.64,19.39,25854.0,False
MT000473,20250224,EQ0003,A017,WT2,P3,Falla de instrumentación,Control,1.55,1.26,2705.84,False
MT000474,20250629,EQ0031,A006,WT1,P3,Obstrucción de chute,Correas,0.24,0.12,183.8,True
MT000475,20250629,EQ0029,A005,WT1,P1,Bloqueo de chancador,Chancado,3.24,1.99,1659.68,True
MT000476,20250412,EQ0054,A004,WT1,P4,Baja presión,Instrumentación,1.88,0.89,3557.17,True
MT000477,20250216,EQ0042,A008,WT1,P1,Trip de variador,Molienda,2.51,1.83,4201.19,True
MT000478,20250210,EQ0037,A005,WT2,P1,Bloqueo de chancador,Chancado,25.94,13.0,56958.65,False
MT000479,20250203,EQ0021,A017,WT1,P2,Deriva de sensor,Instrumentación,5.91,5.29,8268.36,True
MT000480,20250528,EQ0021,A017,WT1,P4,Falla de motor,Eléctrico,5.2,4.19,9280.08,True
MT000481,20250531,EQ0050,A013,WT1,P3,Trip de variador,Eléctrico,3.18,2.51,2509.8,True
MT000482,20250321,EQ0013,A005,WT1,P3,Falla eléctrica,Chancado,0.39,0.21,503.78,True
MT000483,20250601,EQ0060,A004,WT2,P4,Corte de correa,Seguridad,6.89,5.82,14554.49,False
MT000484,20250105,EQ0053,A004,WT2,P2,Falla de instrumentación,Energía,4.73,2.44,7177.2,False
MT000485,20250119,EQ0029,A005,WT1,P4,Bloqueo de chancador,Chancado,3.83,1.85,6976.07,True
MT000486,20250613,EQ0050,A013,WT2,P2,Deriva de sensor,Eléctrico,1.4,0.68,2941.31,False
MT000487,20250309,EQ0009,A017,WT2,P2,Pérdida de comunicación PLC,Control,11.23,7.48,6092.12,False
MT000488,20250128,EQ0057,A004,WT2,P1,Falla de motor,Hidráulico,6.96,5.31,17644.35,False
MT000489,20250209,EQ0058,A008,WT2,P3,Alta vibración,Molienda,20.2,17.24,46562.68,False
MT000490,20250222,EQ0016,A005,WT1,P4,Falla de instrumentación,Seguridad,2.15,0.95,3685.03,True
MT000491,20250323,EQ0006,A004,WT1,P4,Falla de instrumentación,Eléctrico,1.27,1.21,2171.31,True
MT000492,20250611,EQ0044,A005,WT2,P4,Pérdida de comunicación PLC,Mecánico,9.37,6.3,14063.56,False
MT000493,20250420,EQ0025,A010,WT2,P3,Falla eléctrica,Instrumentación,12.74,8.34,8685.51,False
MT000494,20250630,EQ0048,A004,WT2,P4,Falla de pala,Control,17.47,16.58,19677.41,False
MT000495,20250613,EQ0030,A017,WT1,P2,Falla de instrumentación,Control,1.31,0.93,693.09,True
MT000496,20250103,EQ0040,A017,WT2,P4,Deriva de sensor,Control,4.76,2.44,8069.0,False
MT000497,20250523,EQ0013,A005,WT2,P3,Falla eléctrica,Chancado,7.24,3.78,3893.04,False
MT000498,20250115,EQ0007,A004,WT1,P4,Alta vibración,Control,5.95,2.91,5356.66,True
MT000499,20250610,EQ0045,A012,WT2,P2,Baja presión,Bombas,7.88,4.32,14320.86,False
MT000500,20250527,EQ0036,A004,WT2,P4,Desgaste de revestimientos,Instrumentación,23.8,20.33,42721.77,False
MT000501,20250210,EQ0044,A005,WT2,P3,Falla de transmisión,Seguridad,11.39,9.76,11535.44,False
MT000502,20250502,EQ0017,A017,WT2,P3,Falla de instrumentación,Control,29.85,16.33,41958.26,False
MT000503,20250215,EQ0050,A013,WT1,P4,Falla de sello mecánico,Instrumentación,3.89,2.04,3172.46,True
MT000504,20250217,EQ0032,A010,WT2,P3,Obstrucción de chute,Eléctrico,24.99,20.11,34313.73,False
MT000505,20250131,EQ0026,A013,WT2,P1,Falla de pala,Mecánico,26.62,18.44,59239.55,False
MT000506,20250328,EQ0057,A004,WT2,P1,Desgaste de neumáticos,Hidráulico,4.18,3.72,6553.09,False
MT000507,20250606,EQ0025,A010,WT1,P4,Falla de instrumentación,Mecánico,1.46,0.75,920.92,True
MT000508,20250517,EQ0041,A017,WT1,P4,Obstrucción de chute,Energía,0.65,0.54,1156.93,True
MT000509,20250621,EQ0006,A004,WT1,P3,Deriva de sensor,Seguridad,2.83,2.36,6648.76,True
MT000510,20250626,EQ0041,A017,WT2,P4,Desalineamiento de correa,Energía,18.67,13.99,36793.13,False
MT000511,20250526,EQ0011,A004,WT1,P1,Desgaste de revestimientos,Instrumentación,1.92,1.69,1857.26,True
MT000512,20250619,EQ0043,A009,WT2,P3,Fuga hidráulica,Mecánico,3.05,2.57,6694.75,False
MT000513,20250125,EQ0025,A010,WT2,P4,Desgaste de revestimientos,Instrumentación,3.71,1.99,5859.13,False
MT000514,20250517,EQ0019,A004,WT1,P1,Falla de motor,Mecánico,3.6,3.15,5505.55,True
MT000515,20250422,EQ0015,A010,WT1,P3,Fuga hidráulica,Eléctrico,5.98,4.12,3825.39,True
MT000516,20250308,EQ0025,A010,WT1,P2,Falla eléctrica,Instrumentación,5.29,3.85,7825.8,True
MT000517,20250204,EQ0038,A010,WT2,P4,Sobrecalentamiento,Instrumentación,1.06,0.66,663.45,False
MT000518,20250416,EQ0028,A010,WT1,P2,Falla de bomba de pulpa,Energía,8.57,3.96,19935.35,True
MT000519,20250320,EQ0030,A017,WT2,P4,Falla de instrumentación,Control,10.44,6.53,23333.59,False
MT000520,20250226,EQ0029,A005,WT2,P2,Bloqueo de chancador,Chancado,6.83,6.39,7822.08,False
MT000521,20250226,EQ0054,A004,WT1,P1,Deriva de sensor,Mecánico,0.72,0.49,1559.37,True
MT000522,20250222,EQ0025,A010,WT2,P2,Deriva de sensor,Seguridad,13.11,8.39,19089.27,False
MT000523,20250108,EQ0027,A017,WT1,P1,Falla de instrumentación,Control,0.84,0.38,1748.36,True
MT000524,20250428,EQ0016,A005,WT2,P1,Trip de variador,Eléctrico,7.57,6.38,12846.1,False
MT000525,20250426,EQ0011,A004,WT1,P2,Falla de bomba de pulpa,Mecánico,0.52,0.21,1143.57,True
MT000526,20250517,EQ0043,A009,WT2,P3,Fuga hidráulica,Eléctrico,9.08,5.72,8217.64,False
MT000527,20250327,EQ0027,A017,WT2,P1,Deriva de sensor,Control,7.05,5.07,12795.03,False
MT000528,20250119,EQ0043,A009,WT2,P4,Falla de transmisión,Energía,7.69,5.64,14314.65,False
MT000529,20250625,EQ0022,A009,WT1,P4,Pérdida de comunicación PLC,Instrumentación,1.71,1.37,1006.22,True
MT000530,20250306,EQ0021,A017,WT1,P1,Desalineamiento de correa,Energía,1.71,0.93,3487.95,True
MT000531,20250516,EQ0007,A004,WT2,P4,Alta vibración,Control,10.22,8.04,20550.97,False
MT000532,20250320,EQ0029,A005,WT1,P4,Bloqueo de chancador,Chancado,5.4,3.5,10574.13,True
MT000533,20250514,EQ0033,A008,WT2,P3,Desgaste de revestimientos,Molienda,1.91,1.25,2891.12,False
MT000534,20250301,EQ0053,A004,WT2,P1,Deriva de sensor,Seguridad,8.65,5.56,11146.81,False
MT000535,20250215,EQ0032,A010,WT2,P1,Sobrecalentamiento,Energía,6.04,2.88,3129.91,False
MT000536,20250507,EQ0029,A005,WT2,P2,Bloqueo de chancador,Chancado,10.3,7.58,13583.78,False
MT000537,20250512,EQ0028,A010,WT2,P1,Falla de motor,Eléctrico,15.09,6.4,13194.35,False
MT000538,20250531,EQ0016,A005,WT1,P2,Corte de correa,Mecánico,0.79,0.35,1127.12,True
MT000539,20250322,EQ0042,A008,WT1,P4,Alta vibración,Molienda,2.48,2.01,2556.15,True
MT000540,20250307,EQ0033,A008,WT2,P3,Desgaste de revestimientos,Molienda,1.14,0.47,1909.98,False
MT000541,20250605,EQ0005,A017,WT2,P2,Pérdida de comunicación PLC,Control,19.6,9.42,9646.84,False
MT000542,20250127,EQ0030,A017,WT2,P3,Deriva de sensor,Control,17.4,7.79,38435.45,False
MT000543,20250215,EQ0004,A004,WT1,P4,Alta vibración,Control,4.03,3.67,3835.41,True
MT000544,20250227,EQ0023,A017,WT1,P3,Falla de instrumentación,Control,11.18,10.53,14335.29,True
MT000545,20250506,EQ0046,A004,WT2,P2,Falla de pala,Control,1.71,1.0,2493.95,False
MT000546,20250619,EQ0031,A006,WT1,P2,Desalineamiento de correa,Correas,3.39,1.54,2880.16,True
MT000547,20250308,EQ0008,A017,WT2,P2,Falla de instrumentación,Control,9.66,6.05,13725.95,False
MT000548,20250308,EQ0055,A017,WT1,P4,Pérdida de comunicación PLC,Control,0.95,0.89,535.58,True
MT000549,20250212,EQ0010,A004,WT2,P2,Fuga hidráulica,Control,8.59,7.42,15071.78,False
MT000550,20250205,EQ0046,A004,WT2,P3,Falla de pala,Hidráulico,11.67,5.09,18693.92,False
MT000551,20250117,EQ0042,A008,WT1,P1,Alta vibración,Molienda,5.62,5.1,7210.17,True
MT000552,20250329,EQ0047,A005,WT1,P3,Falla eléctrica,Chancado,4.62,3.39,8229.77,True
MT000553,20250221,EQ0053,A004,WT1,P3,Baja presión,Mecánico,2.09,1.98,2201.25,True
MT000554,20250602,EQ0057,A004,WT1,P3,Falla de transmisión,Neumáticos,3.45,2.45,3345.95,True
MT000555,20250605,EQ0030,A017,WT1,P4,Falla de instrumentación,Control,2.35,1.73,5630.48,True
MT000556,20250115,EQ0044,A005,WT1,P2,Desalineamiento de correa,Eléctrico,0.83,0.45,1108.42,True
MT000557,20250624,EQ0037,A005,WT2,P3,Falla eléctrica,Chancado,14.48,7.89,33026.57,False
MT000558,20250511,EQ0005,A017,WT2,P2,Falla de instrumentación,Control,30.68,26.48,53417.03,False
MT000559,20250121,EQ0013,A005,WT2,P3,Bloqueo de chancador,Chancado,6.09,4.03,7746.34,False
MT000560,20250410,EQ0008,A017,WT2,P1,Falla de instrumentación,Control,7.41,3.13,3505.78,False
MT000561,20250417,EQ0007,A004,WT1,P4,Falla de pala,Mecánico,1.77,0.72,2739.45,True
MT000562,20250401,EQ0021,A017,WT1,P1,Desgaste de revestimientos,Seguridad,0.26,0.18,444.9,True
MT000563,20250202,EQ0036,A004,WT1,P2,Baja presión,Energía,2.26,1.18,2648.51,True
MT000564,20250629,EQ0046,A004,WT1,P4,Alta vibración,Control,1.89,1.17,948.06,True
MT000565,20250525,EQ0027,A017,WT2,P3,Deriva de sensor,Control,4.88,3.64,3007.91,False
MT000566,20250115,EQ0054,A004,WT2,P2,Falla de pala,Energía,4.14,3.55,7298.04,False
MT000567,20250215,EQ0060,A004,WT1,P3,Falla de motor,Instrumentación,5.67,3.81,11222.0,True
MT000568,20250419,EQ0008,A017,WT2,P3,Deriva de sensor,Control,8.47,4.84,8027.43,False
MT000569,20250617,EQ0002,A004,WT2,P1,Falla de transmisión,Neumáticos,1.17,1.08,3148.46,False
MT000570,20250320,EQ0044,A005,WT1,P2,Desgaste de revestimientos,Seguridad,2.26,1.02,5210.06,True
MT000571,20250512,EQ0049,A004,WT2,P2,Falla de motor,Hidráulico,14.25,7.15,29465.33,False
MT000572,20250203,EQ0016,A005,WT2,P3,Falla de instrumentación,Seguridad,10.84,9.59,15044.05,False
MT000573,20250419,EQ0003,A017,WT1,P1,Deriva de sensor,Control,4.04,3.06,3732.82,True
MT000574,20250509,EQ0057,A004,WT2,P1,Falla de motor,Hidráulico,5.2,3.53,14359.8,False
MT000575,20250125,EQ0050,A013,WT1,P2,Falla eléctrica,Instrumentación,5.64,2.3,11382.53,True
MT000576,20250417,EQ0039,A010,WT2,P1,Desgaste de revestimientos,Mecánico,16.16,7.73,15778.75,False
MT000577,20250315,EQ0053,A004,WT2,P2,Deriva de sensor,Instrumentación,14.03,12.84,28113.63,False
MT000578,20250119,EQ0017,A017,WT1,P2,Falla de instrumentación,Control,5.65,3.01,9557.09,True
MT000579,20250318,EQ0008,A017,WT2,P1,Falla de instrumentación,Control,6.32,3.21,9282.08,False
MT000580,20250112,EQ0007,A004,WT1,P1,Falla de pala,Mecánico,3.89,2.53,3805.12,True
MT000581,20250617,EQ0026,A013,WT1,P4,Sobrecalentamiento,Energía,5.58,3.88,4783.31,True
MT000582,20250413,EQ0032,A010,WT2,P3,Corte de correa,Mecánico,13.05,8.52,25826.16,False
MT000583,20250128,EQ0048,A004,WT1,P2,Alta vibración,Mecánico,4.07,2.41,7548.28,True
MT000584,20250310,EQ0021,A017,WT2,P3,Alta vibración,Instrumentación,14.74,12.51,30393.27,False
MT000585,20250512,EQ0003,A017,WT2,P2,Falla de instrumentación,Control,7.32,3.19,14798.23,False
MT000586,20250611,EQ0033,A008,WT1,P2,Alta vibración,Molienda,13.72,7.08,18786.66,True
MT000587,20250525,EQ0014,A017,WT2,P4,Falla de instrumentación,Control,7.53,5.58,5688.45,False
MT000588,20250322,EQ0030,A017,WT1,P1,Pérdida de comunicación PLC,Control,4.33,3.08,4478.95,True
MT000589,20250110,EQ0025,A010,WT2,P4,Falla de pala,Seguridad,5.09,2.27,6874.73,False
MT000590,20250616,EQ0018,A004,WT1,P4,Fuga hidráulica,Energía,4.89,2.4,11447.88,True
MT000591,20250120,EQ0042,A008,WT2,P2,Trip de variador,Molienda,6.07,3.91,13767.01,False
MT000592,20250610,EQ0032,A010,WT1,P3,Trip de variador,Eléctrico,1.04,0.44,2218.21,True
MT000593,20250321,EQ0056,A006,WT2,P1,Corte de correa,Correas,2.87,2.3,3805.8,False
MT000594,20250314,EQ0050,A013,WT2,P3,Desgaste de neumáticos,Eléctrico,17.88,12.5,18093.22,False
MT000595,20250119,EQ0014,A017,WT1,P2,Falla de instrumentación,Control,1.4,1.17,806.26,True
MT000596,20250226,EQ0001,A005,WT2,P3,Bloqueo de chancador,Energía,7.93,5.24,4560.16,False
MT000597,20250128,EQ0050,A013,WT2,P3,Alta vibración,Mecánico,7.64,3.12,7204.98,False
MT000598,20250313,EQ0048,A004,WT1,P1,Fuga hidráulica,Control,0.53,0.27,1025.35,True
MT000599,20250512,EQ0011,A004,WT1,P3,Corte de correa,Seguridad,3.02,2.42,3991.64,True
MT000600,20250224,EQ0047,A005,WT1,P2,Bloqueo de chancador,Chancado,3.93,1.94,5707.21,True
MT000601,20250427,EQ0005,A017,WT2,P3,Deriva de sensor,Control,13.95,9.66,21571.91,False
MT000602,20250213,EQ0011,A004,WT2,P2,Baja presión,Mecánico,2.11,1.1,4679.45,False
MT000603,20250523,EQ0025,A010,WT1,P2,Falla de motor,Energía,5.76,4.31,3257.36,True
MT000604,20250606,EQ0053,A004,WT1,P2,Falla de instrumentación,Instrumentación,1.99,0.78,3687.33,True
MT000605,20250411,EQ0049,A004,WT1,P4,Desgaste de neumáticos,Mecánico,1.93,0.78,5215.75,True
MT000606,20250524,EQ0009,A017,WT1,P2,Pérdida de comunicación PLC,Control,1.11,1.03,1549.14,True
MT000607,20250315,EQ0054,A004,WT1,P2,Pérdida de comunicación PLC,Mecánico,2.74,1.87,4859.84,True
MT000608,20250305,EQ0057,A004,WT1,P3,Falla de motor,Mecánico,2.97,2.16,3257.88,True
MT000609,20250611,EQ0053,A004,WT2,P2,Pérdida de comunicación PLC,Instrumentación,15.16,10.89,31032.37,False
MT000610,20250528,EQ0047,A005,WT1,P2,Bloqueo de chancador,Chancado,2.38,1.2,2067.16,True
MT000611,20250421,EQ0019,A004,WT1,P4,Pérdida de comunicación PLC,Instrumentación,4.61,3.68,8250.77,True
MT000612,20250106,EQ0026,A013,WT2,P3,Desgaste de neumáticos,Mecánico,7.66,3.87,16887.77,False
MT000613,20250627,EQ0041,A017,WT1,P2,Falla de motor,Eléctrico,2.95,2.58,1503.02,True
MT000614,20250628,EQ0021,A017,WT1,P3,Sobrecalentamiento,Seguridad,2.28,0.96,4962.16,True
MT000615,20250622,EQ0054,A004,WT2,P2,Desgaste de neumáticos,Eléctrico,2.06,1.95,4786.45,False
MT000616,20250526,EQ0039,A010,WT1,P3,Falla de sello mecánico,Energía,3.4,2.56,2591.15,True
MT000617,20250326,EQ0006,A004,WT2,P2,Falla de sello mecánico,Eléctrico,8.37,4.11,3962.49,False
MT000618,20250130,EQ0025,A010,WT2,P3,Sobrecalentamiento,Seguridad,9.09,8.59,21046.98,False
MT000619,20250630,EQ0029,A005,WT1,P2,Falla eléctrica,Chancado,9.14,4.66,7603.04,True
MT000620,20250306,EQ0043,A009,WT2,P4,Deriva de sensor,Eléctrico,5.12,1.95,3808.73,False
MT000621,20250414,EQ0028,A010,WT1,P2,Baja presión,Eléctrico,1.79,1.06,3557.36,True
MT000622,20250117,EQ0026,A013,WT1,P1,Deriva de sensor,Instrumentación,7.09,3.89,10802.97,True
MT000623,20250501,EQ0046,A004,WT1,P2,Alta vibración,Control,0.4,0.23,538.54,True
MT000624,20250203,EQ0059,A004,WT2,P3,Falla de pala,Control,6.8,2.96,3587.53,False
MT000625,20250517,EQ0024,A017,WT2,P2,Deriva de sensor,Control,8.45,3.83,5905.71,False
MT000626,20250417,EQ0007,A004,WT1,P4,Fuga hidráulica,Hidráulico,3.98,1.56,6311.36,True
MT000627,20250612,EQ0015,A010,WT1,P2,Obstrucción de chute,Instrumentación,1.47,1.33,1564.9,True
MT000628,20250518,EQ0040,A017,WT1,P3,Deriva de sensor,Control,0.56,0.5,1199.41,True
MT000629,20250202,EQ0029,A005,WT2,P4,Alta vibración,Chancado,8.85,3.99,20671.2,False
MT000630,20250306,EQ0015,A010,WT2,P4,Trip de variador,Energía,14.33,12.03,22907.49,False
MT000631,20250626,EQ0001,A005,WT1,P1,Fuga hidráulica,Energía,2.55,1.36,3726.97,True
MT000632,20250302,EQ0053,A004,WT2,P4,Falla eléctrica,Energía,4.67,2.73,8540.27,False
MT000633,20250522,EQ0006,A004,WT1,P2,Alta vibración,Seguridad,2.71,1.45,5808.25,True
MT000634,20250611,EQ0012,A008,WT2,P1,Desgaste de revestimientos,Molienda,24.48,9.74,35025.25,False
MT000635,20250531,EQ0002,A004,WT1,P1,Falla de transmisión,Mecánico,2.33,1.62,6279.4,True
MT000636,20250604,EQ0033,A008,WT1,P1,Trip de variador,Molienda,9.59,4.63,10615.46,True
MT000637,20250621,EQ0007,A004,WT2,P3,Fuga hidráulica,Hidráulico,16.79,8.02,9226.76,False
MT000638,20250623,EQ0060,A004,WT1,P1,Fuga hidráulica,Seguridad,1.25,0.99,721.7,True
MT000639,20250315,EQ0027,A017,WT2,P4,Pérdida de comunicación PLC,Control,3.65,1.63,6482.07,False
MT000640,20250421,EQ0059,A004,WT1,P3,Alta vibración,Hidráulico,1.51,0.65,797.41,True
MT000641,20250315,EQ0004,A004,WT1,P2,Fuga hidráulica,Mecánico,3.36,2.86,3229.07,True
MT000642,20250318,EQ0020,A004,WT2,P4,Alta vibración,Control,3.32,1.74,6111.04,False
MT000643,20250423,EQ0003,A017,WT2,P1,Pérdida de comunicación PLC,Control,1.09,0.86,1563.12,False
MT000644,20250613,EQ0019,A004,WT1,P1,Fuga hidráulica,Instrumentación,3.29,3.0,2007.31,True
MT000645,20250311,EQ0024,A017,WT2,P2,Deriva de sensor,Control,19.86,17.75,23131.1,False
MT000646,20250611,EQ0039,A010,WT1,P2,Desgaste de revestimientos,Mecánico,6.19,5.54,9643.03,True
MT000647,20250318,EQ0009,A017,WT2,P2,Pérdida de comunicación PLC,Control,19.67,15.48,46412.88,False
MT000648,20250411,EQ0024,A017,WT2,P2,Deriva de sensor,Control,6.95,4.37,8239.21,False
MT000649,20250402,EQ0008,A017,WT1,P2,Deriva de sensor,Control,3.5,1.95,2786.69,True
MT000650,20250311,EQ0004,A004,WT1,P1,Fuga hidráulica,Mecánico,4.3,2.55,4706.07,True
MT000651,20250312,EQ0026,A013,WT2,P3,Desgaste de neumáticos,Instrumentación,10.47,8.85,5118.03,False
MT000652,20250611,EQ0002,A004,WT2,P1,Falla de motor,Neumáticos,7.29,5.83,18576.78,False
MT000653,20250216,EQ0055,A017,WT2,P1,Pérdida de comunicación PLC,Control,19.35,17.33,12443.82,False
MT000654,20250510,EQ0026,A013,WT2,P3,Falla de bomba de pulpa,Energía,2.52,2.18,5474.61,False
MT000655,20250619,EQ0050,A013,WT2,P2,Falla eléctrica,Energía,5.99,3.54,11417.73,False
MT000656,20250221,EQ0043,A009,WT2,P3,Falla eléctrica,Mecánico,5.03,2.03,4338.06,False
MT000657,20250430,EQ0052,A004,WT1,P3,Corte de correa,Eléctrico,2.23,1.03,3209.48,True
MT000658,20250210,EQ0040,A017,WT1,P3,Deriva de sensor,Control,3.39,2.47,5419.12,True
MT000659,20250119,EQ0031,A006,WT1,P1,Obstrucción de chute,Correas,1.67,1.58,3057.98,True
MT000660,20250630,EQ0043,A009,WT2,P3,Falla eléctrica,Mecánico,6.28,5.52,14031.14,False
MT000661,20250418,EQ0015,A010,WT2,P2,Falla eléctrica,Energía,23.84,15.4,12122.54,False
MT000662,20250412,EQ0054,A004,WT1,P3,Bloqueo de chancador,Eléctrico,2.93,1.48,4043.33,True
MT000663,20250528,EQ0016,A005,WT1,P2,Obstrucción de chute,Mecánico,3.44,1.86,5554.45,True
MT000664,20250415,EQ0003,A017,WT1,P1,Deriva de sensor,Control,6.92,5.33,4397.91,True
MT000665,20250111,EQ0004,A004,WT1,P4,Fuga hidráulica,Control,2.51,1.68,3829.47,True
MT000666,20250401,EQ0029,A005,WT2,P1,Bloqueo de chancador,Chancado,5.17,4.8,4031.35,False
MT000667,20250321,EQ0032,A010,WT2,P1,Fuga hidráulica,Eléctrico,1.56,1.28,1109.84,False
MT000668,20250210,EQ0007,A004,WT1,P4,Fuga hidráulica,Hidráulico,2.75,2.05,4261.0,True
MT000669,20250319,EQ0024,A017,WT2,P2,Falla de instrumentación,Control,12.78,8.16,12017.82,False
MT000670,20250101,EQ0055,A017,WT2,P4,Falla de instrumentación,Control,5.93,3.46,3275.9,False
MT000671,20250112,EQ0012,A008,WT2,P1,Trip de variador,Molienda,5.49,2.3,2676.83,False
MT000672,20250102,EQ0034,A005,WT1,P4,Falla de bomba de pulpa,Instrumentación,2.83,1.57,5521.99,True
MT000673,20250216,EQ0027,A017,WT1,P3,Deriva de sensor,Control,5.12,3.64,12077.5,True
MT000674,20250215,EQ0037,A005,WT1,P4,Bloqueo de chancador,Chancado,3.5,2.48,3471.68,True
MT000675,20250119,EQ0013,A005,WT2,P3,Alta vibración,Chancado,8.71,7.1,13207.53,False
MT000676,20250609,EQ0050,A013,WT1,P3,Falla de sello mecánico,Seguridad,8.69,4.93,4224.65,True
MT000677,20250320,EQ0057,A004,WT2,P1,Falla de motor,Neumáticos,3.75,2.9,4328.31,False
MT000678,20250419,EQ0022,A009,WT1,P1,Desalineamiento de correa,Mecánico,3.04,1.53,3288.15,True
MT000679,20250325,EQ0026,A013,WT1,P2,Sobrecalentamiento,Eléctrico,3.35,1.47,6955.33,True
MT000680,20250418,EQ0013,A005,WT1,P3,Falla eléctrica,Chancado,1.66,0.89,3098.07,True
MT000681,20250116,EQ0059,A004,WT1,P2,Fuga hidráulica,Mecánico,5.72,4.23,12385.88,True
MT000682,20250405,EQ0028,A010,WT2,P3,Falla de pala,Mecánico,9.23,3.61,4811.35,False
MT000683,20250117,EQ0032,A010,WT1,P1,Corte de correa,Instrumentación,6.8,6.14,5338.85,True
MT000684,20250410,EQ0055,A017,WT1,P3,Falla de instrumentación,Control,14.11,10.86,23120.98,True
MT000685,20250623,EQ0045,A012,WT1,P1,Baja presión,Bombas,4.46,2.37,6737.46,True
MT000686,20250409,EQ0041,A017,WT2,P2,Fuga hidráulica,Mecánico,5.01,3.75,5285.76,False
MT000687,20250623,EQ0060,A004,WT2,P1,Fuga hidráulica,Mecánico,2.98,2.55,1440.33,False
MT000688,20250221,EQ0052,A004,WT1,P1,Sobrecalentamiento,Mecánico,1.73,1.28,4126.88,True
MT000689,20250517,EQ0044,A005,WT1,P3,Desgaste de revestimientos,Mecánico,2.67,1.43,3486.41,True
MT000690,20250622,EQ0006,A004,WT1,P2,Falla de bomba de pulpa,Energía,1.43,0.76,3398.14,True
MT000691,20250420,EQ0052,A004,WT1,P4,Alta vibración,Mecánico,6.55,2.59,14118.59,True
MT000692,20250603,EQ0026,A013,WT2,P2,Corte de correa,Eléctrico,15.93,10.74,23696.55,False
MT000693,20250316,EQ0055,A017,WT1,P3,Deriva de sensor,Control,1.73,1.38,3713.24,True
MT000694,20250117,EQ0030,A017,WT2,P1,Falla de instrumentación,Control,22.28,9.35,43822.18,False
MT000695,20250622,EQ0045,A012,WT2,P3,Baja presión,Bombas,8.08,4.75,19394.67,False
MT000696,20250213,EQ0011,A004,WT1,P1,Deriva de sensor,Mecánico,2.64,2.21,5511.9,True
MT000697,20250331,EQ0056,A006,WT2,P3,Corte de correa,Correas,8.52,3.91,11578.87,False
MT000698,20250326,EQ0056,A006,WT1,P3,Obstrucción de chute,Correas,5.48,4.59,8541.06,True
MT000699,20250503,EQ0036,A004,WT1,P4,Trip de variador,Eléctrico,3.2,1.23,7506.68,True
MT000700,20250331,EQ0018,A004,WT1,P2,Corte de correa,Seguridad,2.79,1.58,5989.12,True
MT000701,20250118,EQ0030,A017,WT2,P3,Falla de instrumentación,Control,2.21,1.21,2568.1,False
MT000702,20250330,EQ0034,A005,WT2,P2,Deriva de sensor,Seguridad,16.95,8.01,24171.47,False
MT000703,20250305,EQ0054,A004,WT2,P2,Falla eléctrica,Instrumentación,7.54,3.87,9669.63,False
MT000704,20250217,EQ0031,A006,WT1,P3,Desalineamiento de correa,Correas,3.79,2.04,7698.47,True
MT000705,20250317,EQ0019,A004,WT2,P3,Trip de variador,Eléctrico,1.44,1.15,2787.83,False
MT000706,20250410,EQ0012,A008,WT2,P3,Alta vibración,Molienda,13.37,9.95,28744.83,False
MT000707,20250426,EQ0016,A005,WT1,P3,Falla de transmisión,Energía,0.7,0.42,1141.88,True
MT000708,20250222,EQ0018,A004,WT1,P4,Falla de motor,Instrumentación,0.26,0.23,137.33,True
MT000709,20250124,EQ0033,A008,WT2,P2,Alta vibración,Molienda,4.32,2.96,4322.71,False
MT000710,20250120,EQ0028,A010,WT2,P3,Desgaste de revestimientos,Seguridad,7.58,5.89,5766.25,False
MT000711,20250107,EQ0020,A004,WT1,P3,Fuga hidráulica,Control,1.9,0.73,3908.86,True
MT000712,20250302,EQ0032,A010,WT2,P3,Bloqueo de chancador,Eléctrico,4.35,3.68,7567.9,False
MT000713,20250625,EQ0039,A010,WT1,P1,Sobrecalentamiento,Mecánico,0.65,0.53,641.58,True
MT000714,20250213,EQ0024,A017,WT2,P3,Pérdida de comunicación PLC,Control,2.26,1.31,2345.79,False
MT000715,20250217,EQ0015,A010,WT1,P2,Falla de transmisión,Eléctrico,1.72,1.47,1142.73,True
MT000716,20250524,EQ0008,A017,WT2,P4,Falla de instrumentación,Control,21.41,13.96,37890.46,False
MT000717,20250211,EQ0050,A013,WT1,P2,Corte de correa,Mecánico,9.33,4.18,14810.78,True
MT000718,20250419,EQ0060,A004,WT1,P1,Alta vibración,Mecánico,5.22,3.36,2392.4,True
MT000719,20250222,EQ0044,A005,WT1,P3,Sobrecalentamiento,Energía,5.4,3.18,10577.9,True
MT000720,20250329,EQ0017,A017,WT2,P3,Deriva de sensor,Control,10.58,9.17,20141.29,False
MT000721,20250124,EQ0043,A009,WT2,P2,Alta vibración,Energía,9.33,5.46,16852.29,False
MT000722,20250416,EQ0008,A017,WT2,P3,Falla de instrumentación,Control,18.11,8.36,19523.94,False
MT000723,20250301,EQ0053,A004,WT1,P3,Deriva de sensor,Eléctrico,2.3,0.91,1299.92,True
MT000724,20250419,EQ0002,A004,WT2,P2,Falla de motor,Neumáticos,3.89,2.11,5662.88,False
MT000725,20250423,EQ0017,A017,WT1,P3,Falla de instrumentación,Control,4.53,3.13,9406.81,True
MT000726,20250214,EQ0038,A010,WT2,P4,Alta vibración,Seguridad,7.72,6.33,13280.62,False
MT000727,20250129,EQ0052,A004,WT2,P2,Desalineamiento de correa,Seguridad,12.14,6.16,18720.82,False
MT000728,20250226,EQ0038,A010,WT1,P4,Pérdida de comunicación PLC,Seguridad,7.65,4.93,15941.06,True
MT000729,20250101,EQ0034,A005,WT2,P2,Pérdida de comunicación PLC,Mecánico,9.35,3.78,8508.53,False
MT000730,20250531,EQ0059,A004,WT1,P2,Alta vibración,Control,1.02,0.82,1771.05,True
MT000731,20250610,EQ0029,A005,WT2,P1,Alta vibración,Chancado,14.44,7.72,11347.85,False
MT000732,20250504,EQ0015,A010,WT1,P2,Pérdida de comunicación PLC,Energía,4.21,2.01,7207.02,True
MT000733,20250414,EQ0014,A017,WT2,P3,Falla de instrumentación,Control,4.22,2.87,8285.9,False
MT000734,20250326,EQ0013,A005,WT1,P4,Falla eléctrica,Chancado,0.96,0.42,1399.73,True
MT000735,20250624,EQ0026,A013,WT1,P3,Desgaste de neumáticos,Seguridad,2.89,1.65,6089.23,True
MT000736,20250424,EQ0035,A012,WT2,P3,Falla de bomba de pulpa,Bombas,22.1,9.78,24330.04,False
MT000737,20250501,EQ0044,A005,WT1,P3,Sobrecalentamiento,Instrumentación,6.88,3.95,10887.21,True
MT000738,20250320,EQ0045,A012,WT1,P2,Falla de sello mecánico,Bombas,2.44,1.37,3586.71,True
MT000739,20250413,EQ0054,A004,WT2,P2,Desgaste de revestimientos,Instrumentación,16.5,7.8,13437.4,False
MT000740,20250420,EQ0053,A004,WT2,P3,Falla de sello mecánico,Seguridad,15.5,12.11,14017.04,False
MT000741,20250613,EQ0049,A004,WT2,P2,Falla de motor,Mecánico,1.91,1.51,2127.77,False
MT000742,20250221,EQ0059,A004,WT2,P3,Falla de pala,Control,2.69,1.81,2168.18,False
MT000743,20250520,EQ0001,A005,WT2,P2,Fuga hidráulica,Mecánico,11.13,5.33,5441.49,False
MT000744,20250501,EQ0037,A005,WT1,P1,Falla eléctrica,Chancado,1.16,1.05,629.99,True
MT000745,20250610,EQ0030,A017,WT2,P2,Deriva de sensor,Control,3.68,1.66,2943.92,False
MT000746,20250329,EQ0050,A013,WT1,P1,Bloqueo de chancador,Energía,6.1,3.74,12987.2,True
MT000747,20250625,EQ0001,A005,WT2,P1,Deriva de sensor,Mecánico,1.4,0.7,830.64,False
MT000748,20250606,EQ0040,A017,WT1,P3,Pérdida de comunicación PLC,Control,7.86,6.54,5094.08,True
MT000749,20250108,EQ0004,A004,WT1,P1,Fuga hidráulica,Hidráulico,1.72,1.61,2525.66,True
MT000750,20250421,EQ0052,A004,WT1,P2,Falla de motor,Instrumentación,1.78,1.04,4138.29,True
MT000751,20250104,EQ0011,A004,WT2,P2,Falla eléctrica,Eléctrico,0.8,0.73,542.62,False
MT000752,20250207,EQ0031,A006,WT2,P4,Desalineamiento de correa,Correas,19.95,18.17,47764.33,False
MT000753,20250416,EQ0055,A017,WT2,P3,Deriva de sensor,Control,6.75,4.78,10950.75,False
MT000754,20250623,EQ0007,A004,WT1,P3,Falla de pala,Mecánico,2.34,1.83,3896.91,True
MT000755,20250110,EQ0045,A012,WT1,P2,Falla de sello mecánico,Bombas,0.7,0.4,1615.91,True
MT000756,20250208,EQ0055,A017,WT1,P2,Pérdida de comunicación PLC,Control,5.23,4.48,6231.93,True
MT000757,20250628,EQ0026,A013,WT1,P2,Fuga hidráulica,Mecánico,2.61,1.56,3492.53,True
MT000758,20250317,EQ0039,A010,WT1,P3,Fuga hidráulica,Mecánico,6.25,5.83,14996.78,True
MT000759,20250620,EQ0029,A005,WT2,P3,Falla eléctrica,Chancado,6.54,5.16,8873.2,False
MT000760,20250527,EQ0044,A005,WT2,P3,Falla de transmisión,Eléctrico,4.97,2.89,11384.52,False
MT000761,20250102,EQ0046,A004,WT1,P3,Alta vibración,Mecánico,3.27,2.94,1828.46,True
MT000762,20250528,EQ0005,A017,WT2,P1,Deriva de sensor,Control,12.95,9.99,8221.93,False
MT000763,20250303,EQ0005,A017,WT1,P2,Deriva de sensor,Control,1.92,1.06,4490.58,True
MT000764,20250224,EQ0035,A012,WT2,P2,Falla de sello mecánico,Bombas,6.86,3.98,8438.92,False
MT000765,20250218,EQ0043,A009,WT2,P2,Trip de variador,Eléctrico,4.87,1.92,2318.63,False
MT000766,20250318,EQ0034,A005,WT1,P3,Fuga hidráulica,Mecánico,1.82,0.98,3581.25,True
MT000767,20250504,EQ0006,A004,WT1,P2,Alta vibración,Eléctrico,2.58,2.28,1684.26,True
MT000768,20250131,EQ0005,A017,WT1,P2,Pérdida de comunicación PLC,Control,3.5,2.84,2657.37,True
MT000769,20250519,EQ0010,A004,WT2,P2,Alta vibración,Mecánico,2.3,1.59,4319.88,False
MT000770,20250301,EQ0003,A017,WT2,P3,Pérdida de comunicación PLC,Control,3.93,3.48,8703.08,False
MT000771,20250209,EQ0003,A017,WT1,P2,Pérdida de comunicación PLC,Control,2.47,2.08,4338.13,True
MT000772,20250301,EQ0016,A005,WT1,P2,Bloqueo de chancador,Seguridad,4.3,4.0,9813.05,True
MT000773,20250402,EQ0016,A005,WT2,P3,Falla de sello mecánico,Instrumentación,5.03,2.13,11023.45,False
MT000774,20250113,EQ0018,A004,WT1,P2,Falla de bomba de pulpa,Mecánico,0.98,0.91,1948.22,True
MT000775,20250407,EQ0051,A004,WT2,P3,Desalineamiento de correa,Mecánico,6.0,4.41,7759.4,False
MT000776,20250114,EQ0034,A005,WT2,P2,Bloqueo de chancador,Instrumentación,14.27,10.29,21096.86,False
MT000777,20250321,EQ0059,A004,WT2,P4,Falla de pala,Control,9.57,8.06,20752.5,False
MT000778,20250522,EQ0008,A017,WT1,P3,Falla de instrumentación,Control,1.65,1.03,2452.79,True
MT000779,20250517,EQ0033,A008,WT2,P2,Trip de variador,Molienda,8.18,4.92,4107.45,False
MT000780,20250427,EQ0050,A013,WT2,P3,Falla de pala,Instrumentación,5.59,4.52,2865.11,False
MT000781,20250423,EQ0039,A010,WT2,P4,Desalineamiento de correa,Seguridad,10.59,9.03,25152.74,False
MT000782,20250204,EQ0035,A012,WT1,P2,Baja presión,Bombas,6.04,3.71,11501.26,True
MT000783,20250326,EQ0009,A017,WT2,P2,Deriva de sensor,Control,3.33,2.99,4944.68,False
MT000784,20250324,EQ0026,A013,WT1,P2,Deriva de sensor,Instrumentación,5.2,4.18,12100.3,True
MT000785,20250405,EQ0015,A010,WT1,P3,Falla de motor,Mecánico,4.02,3.26,6238.59,True
MT000786,20250503,EQ0058,A008,WT2,P3,Desgaste de revestimientos,Molienda,4.02,3.26,4669.93,False
MT000787,20250315,EQ0031,A006,WT1,P2,Desalineamiento de correa,Correas,0.9,0.5,1054.48,True
MT000788,20250214,EQ0038,A010,WT2,P3,Bloqueo de chancador,Seguridad,12.26,8.9,12761.77,False
MT000789,20250522,EQ0035,A012,WT2,P4,Baja presión,Bombas,3.68,2.41,3949.81,False
MT000790,20250417,EQ0015,A010,WT2,P3,Falla de sello mecánico,Eléctrico,10.64,5.7,16501.44,False
MT000791,20250311,EQ0037,A005,WT2,P4,Falla eléctrica,Chancado,6.09,4.1,7023.52,False
MT000792,20250115,EQ0028,A010,WT1,P4,Bloqueo de chancador,Mecánico,2.95,2.09,3787.15,True
MT000793,20250529,EQ0054,A004,WT2,P3,Falla de motor,Energía,8.5,5.15,18423.07,False
MT000794,20250223,EQ0025,A010,WT2,P2,Baja presión,Eléctrico,9.72,5.6,18876.74,False
MT000795,20250123,EQ0002,A004,WT2,P3,Desgaste de neumáticos,Neumáticos,5.15,3.7,15052.5,False
MT000796,20250616,EQ0010,A004,WT1,P3,Fuga hidráulica,Hidráulico,4.86,3.89,11020.92,True
MT000797,20250525,EQ0020,A004,WT1,P3,Alta vibración,Control,1.89,1.33,1920.17,True
MT000798,20250418,EQ0054,A004,WT1,P1,Falla de instrumentación,Seguridad,2.33,0.93,1544.28,True
MT000799,20250114,EQ0027,A017,WT2,P3,Deriva de sensor,Control,10.15,5.88,15016.51,False
MT000800,20250306,EQ0040,A017,WT1,P2,Falla de instrumentación,Control,2.14,1.62,1312.88,True
MT000801,20250117,EQ0035,A012,WT1,P3,Falla de sello mecánico,Bombas,1.41,1.02,2315.21,True
MT000802,20250108,EQ0053,A004,WT2,P3,Alta vibración,Instrumentación,7.85,6.62,15609.18,False
MT000803,20250511,EQ0052,A004,WT2,P2,Falla de motor,Eléctrico,4.98,2.43,3078.41,False
MT000804,20250322,EQ0006,A004,WT2,P2,Desgaste de revestimientos,Energía,6.14,5.79,11219.92,False
MT000805,20250628,EQ0031,A006,WT1,P2,Corte de correa,Correas,2.88,2.12,2812.59,True
MT000806,20250608,EQ0026,A013,WT2,P2,Falla de motor,Seguridad,5.73,2.83,12513.06,False
MT000807,20250531,EQ0052,A004,WT1,P4,Trip de variador,Seguridad,5.54,2.47,10715.41,True
MT000808,20250319,EQ0053,A004,WT2,P3,Desgaste de revestimientos,Eléctrico,10.38,6.81,22929.9,False
MT000809,20250423,EQ0017,A017,WT1,P3,Pérdida de comunicación PLC,Control,8.82,7.78,20759.26,True
MT000810,20250606,EQ0054,A004,WT1,P1,Pérdida de comunicación PLC,Mecánico,0.97,0.82,545.75,True
MT000811,20250123,EQ0050,A013,WT2,P3,Desgaste de neumáticos,Seguridad,0.68,0.35,413.39,False
MT000812,20250114,EQ0055,A017,WT1,P3,Deriva de sensor,Control,7.97,7.32,14351.65,True
MT000813,20250204,EQ0046,A004,WT2,P3,Falla de pala,Hidráulico,6.72,2.87,15263.34,False
MT000814,20250330,EQ0033,A008,WT2,P4,Trip de variador,Molienda,13.9,11.49,26064.06,False
MT000815,20250402,EQ0011,A004,WT1,P3,Falla eléctrica,Energía,1.49,0.72,2278.96,True
MT000816,20250214,EQ0016,A005,WT2,P2,Trip de variador,Eléctrico,13.92,8.42,31968.2,False
MT000817,20250206,EQ0003,A017,WT2,P2,Deriva de sensor,Control,26.79,19.9,31868.48,False
MT000818,20250108,EQ0022,A009,WT1,P2,Fuga hidráulica,Mecánico,0.99,0.43,2207.23,True
MT000819,20250131,EQ0015,A010,WT2,P1,Obstrucción de chute,Instrumentación,1.02,0.58,1734.41,False
MT000820,20250608,EQ0048,A004,WT1,P1,Falla de pala,Hidráulico,1.6,0.93,3806.16,True
MT000821,20250217,EQ0043,A009,WT1,P1,Corte de correa,Instrumentación,5.8,4.82,8569.08,True
MT000822,20250412,EQ0052,A004,WT1,P2,Falla de motor,Instrumentación,2.72,1.45,1727.48,True
MT000823,20250307,EQ0056,A006,WT1,P4,Desalineamiento de correa,Correas,5.83,3.34,6960.15,True
MT000824,20250404,EQ0060,A004,WT1,P2,Baja presión,Mecánico,2.03,1.09,1290.95,True
MT000825,20250404,EQ0005,A017,WT2,P2,Pérdida de comunicación PLC,Control,13.56,12.24,19434.97,False
MT000826,20250426,EQ0059,A004,WT1,P2,Alta vibración,Mecánico,4.8,2.16,3446.93,True
MT000827,20250626,EQ0024,A017,WT1,P4,Falla de instrumentación,Control,0.69,0.47,552.32,True
MT000828,20250327,EQ0052,A004,WT1,P3,Falla de motor,Instrumentación,1.17,0.74,1605.59,True
MT000829,20250605,EQ0024,A017,WT1,P4,Falla de instrumentación,Control,2.2,0.89,3224.38,True
MT000830,20250417,EQ0055,A017,WT2,P4,Falla de instrumentación,Control,2.05,0.85,2542.99,False
MT000831,20250510,EQ0043,A009,WT1,P4,Fuga hidráulica,Instrumentación,2.11,1.23,3138.72,True
MT000832,20250304,EQ0014,A017,WT1,P1,Pérdida de comunicación PLC,Control,7.96,5.44,14469.62,True
MT000833,20250126,EQ0044,A005,WT2,P3,Falla de transmisión,Eléctrico,12.22,11.45,13075.64,False
MT000834,20250206,EQ0008,A017,WT2,P3,Falla de instrumentación,Control,15.02,6.37,31394.22,False
MT000835,20250111,EQ0004,A004,WT1,P2,Alta vibración,Hidráulico,1.67,0.7,1131.04,True
MT000836,20250329,EQ0039,A010,WT2,P4,Alta vibración,Energía,20.96,19.81,20995.06,False
MT000837,20250604,EQ0034,A005,WT2,P2,Bloqueo de chancador,Energía,11.6,6.42,20318.28,False
MT000838,20250416,EQ0045,A012,WT2,P3,Falla de sello mecánico,Bombas,18.35,11.32,23982.27,False
MT000839,20250120,EQ0025,A010,WT2,P1,Desgaste de neumáticos,Instrumentación,5.76,4.15,9723.69,False
MT000840,20250624,EQ0004,A004,WT1,P3,Falla de pala,Control,2.36,1.81,2379.08,True
MT000841,20250530,EQ0056,A006,WT1,P3,Corte de correa,Correas,0.98,0.51,2200.65,True
MT000842,20250220,EQ0018,A004,WT1,P4,Sobrecalentamiento,Instrumentación,2.39,2.19,1942.85,True
MT000843,20250314,EQ0021,A017,WT1,P2,Bloqueo de chancador,Eléctrico,5.17,3.67,6427.1,True
MT000844,20250607,EQ0027,A017,WT2,P2,Falla de instrumentación,Control,16.52,14.05,8525.3,False
MT000845,20250321,EQ0012,A008,WT1,P4,Trip de variador,Molienda,1.41,0.78,959.84,True
MT000846,20250624,EQ0029,A005,WT1,P3,Alta vibración,Chancado,1.81,1.32,2142.02,True
MT000847,20250310,EQ0032,A010,WT1,P3,Pérdida de comunicación PLC,Mecánico,0.69,0.34,1180.91,True
MT000848,20250112,EQ0054,A004,WT2,P3,Desgaste de revestimientos,Eléctrico,1.12,0.89,2286.34,False
MT000849,20250330,EQ0054,A004,WT1,P3,Sobrecalentamiento,Seguridad,1.74,0.75,1261.0,True
MT000850,20250501,EQ0012,A008,WT2,P2,Desgaste de revestimientos,Molienda,22.71,19.87,53111.03,False
MT000851,20250503,EQ0004,A004,WT1,P3,Falla de pala,Control,0.39,0.34,513.38,True
MT000852,20250627,EQ0014,A017,WT1,P3,Falla de instrumentación,Control,6.62,3.33,13818.18,True
MT000853,20250224,EQ0059,A004,WT1,P3,Alta vibración,Control,3.12,2.31,3509.6,True
MT000854,20250425,EQ0006,A004,WT1,P3,Falla de sello mecánico,Eléctrico,1.4,1.08,3195.11,True
MT000855,20250404,EQ0015,A010,WT1,P4,Falla de instrumentación,Mecánico,1.27,0.8,3001.61,True
MT000856,20250304,EQ0019,A004,WT2,P1,Baja presión,Eléctrico,5.28,2.87,7656.74,False
MT000857,20250509,EQ0043,A009,WT1,P3,Desgaste de revestimientos,Eléctrico,2.91,1.91,6550.69,True
MT000858,20250328,EQ0033,A008,WT1,P2,Alta vibración,Molienda,13.06,5.6,21162.57,True
MT000859,20250323,EQ0060,A004,WT1,P4,Falla de instrumentación,Energía,17.37,15.49,38398.39,True
MT000860,20250221,EQ0053,A004,WT1,P4,Falla de pala,Eléctrico,3.97,2.03,4069.66,True
MT000861,20250327,EQ0053,A004,WT1,P1,Alta vibración,Energía,4.1,2.52,6156.96,True
MT000862,20250323,EQ0019,A004,WT2,P1,Obstrucción de chute,Instrumentación,8.41,5.61,14337.52,False
MT000863,20250314,EQ0048,A004,WT1,P3,Fuga hidráulica,Hidráulico,1.68,0.89,2925.87,True
MT000864,20250108,EQ0054,A004,WT1,P4,Falla de bomba de pulpa,Instrumentación,1.78,1.6,959.09,True
MT000865,20250405,EQ0034,A005,WT1,P2,Desalineamiento de correa,Energía,1.85,1.17,4403.83,True
MT000866,20250514,EQ0051,A004,WT1,P3,Sobrecalentamiento,Energía,3.61,3.13,3276.37,True
MT000867,20250615,EQ0041,A017,WT1,P3,Falla de pala,Eléctrico,6.6,3.12,5061.18,True
MT000868,20250403,EQ0022,A009,WT1,P1,Fuga hidráulica,Mecánico,5.35,2.87,8017.15,True
MT000869,20250412,EQ0030,A017,WT2,P2,Falla de instrumentación,Control,20.78,16.42,30942.34,False
MT000870,20250126,EQ0023,A017,WT2,P4,Pérdida de comunicación PLC,Control,11.7,9.59,18828.53,False
MT000871,20250520,EQ0041,A017,WT2,P2,Pérdida de comunicación PLC,Energía,12.04,11.38,24965.71,False
MT000872,20250511,EQ0037,A005,WT1,P1,Alta vibración,Chancado,2.47,2.31,4669.81,True
MT000873,20250617,EQ0031,A006,WT1,P3,Obstrucción de chute,Correas,2.76,1.55,1968.72,True
MT000874,20250114,EQ0011,A004,WT2,P2,Falla de instrumentación,Energía,9.34,7.36,10339.49,False
MT000875,20250122,EQ0009,A017,WT2,P3,Deriva de sensor,Control,24.45,11.48,52120.99,False
MT000876,20250524,EQ0029,A005,WT1,P2,Falla eléctrica,Chancado,8.71,6.93,16635.89,True
MT000877,20250320,EQ0035,A012,WT2,P2,Baja presión,Bombas,5.61,2.29,13026.39,False
MT000878,20250516,EQ0050,A013,WT1,P3,Trip de variador,Eléctrico,3.93,2.04,4409.55,True
MT000879,20250126,EQ0042,A008,WT1,P2,Desgaste de revestimientos,Molienda,6.43,4.55,2922.31,True
MT000880,20250330,EQ0010,A004,WT1,P3,Fuga hidráulica,Control,6.21,5.81,3777.31,True
MT000881,20250522,EQ0019,A004,WT2,P1,Falla de bomba de pulpa,Eléctrico,4.69,3.97,10117.13,False
MT000882,20250128,EQ0036,A004,WT1,P4,Sobrecalentamiento,Eléctrico,2.73,1.58,1735.04,True
MT000883,20250307,EQ0027,A017,WT2,P3,Pérdida de comunicación PLC,Control,3.13,1.7,5874.4,False
MT000884,20250215,EQ0009,A017,WT2,P2,Pérdida de comunicación PLC,Control,2.44,2.27,2823.03,False
MT000885,20250524,EQ0046,A004,WT1,P2,Fuga hidráulica,Mecánico,7.03,6.53,10548.59,True
MT000886,20250430,EQ0051,A004,WT1,P2,Deriva de sensor,Eléctrico,1.38,0.55,1344.33,True
MT000887,20250530,EQ0038,A010,WT1,P1,Obstrucción de chute,Seguridad,6.04,5.45,13351.53,True
MT000888,20250508,EQ0058,A008,WT1,P2,Alta vibración,Molienda,1.45,1.1,3226.31,True
MT000889,20250311,EQ0031,A006,WT2,P3,Obstrucción de chute,Correas,9.29,4.62,14344.37,False
MT000890,20250529,EQ0004,A004,WT1,P2,Alta vibración,Mecánico,3.38,2.62,5500.95,True
MT000891,20250501,EQ0053,A004,WT2,P2,Falla de motor,Eléctrico,10.66,7.21,13040.48,False
MT000892,20250122,EQ0032,A010,WT2,P2,Falla de transmisión,Seguridad,5.83,2.92,6499.33,False
MT000893,20250528,EQ0048,A004,WT2,P1,Alta vibración,Control,3.47,1.66,3808.92,False
MT000894,20250103,EQ0050,A013,WT2,P3,Sobrecalentamiento,Eléctrico,6.88,5.77,12256.24,False
MT000895,20250213,EQ0036,A004,WT1,P1,Pérdida de comunicación PLC,Mecánico,1.39,0.85,2207.74,True
MT000896,20250120,EQ0021,A017,WT1,P3,Pérdida de comunicación PLC,Seguridad,3.87,2.42,5506.42,True
MT000897,20250610,EQ0060,A004,WT1,P4,Sobrecalentamiento,Seguridad,5.0,3.89,7328.17,True
MT000898,20250628,EQ0017,A017,WT2,P3,Pérdida de comunicación PLC,Control,6.13,2.62,7818.63,False
MT000899,20250621,EQ0028,A010,WT1,P2,Falla de motor,Instrumentación,4.28,2.09,2282.23,True
MT000900,20250110,EQ0013,A005,WT1,P2,Bloqueo de chancador,Chancado,1.3,0.98,1276.03,True
MT000901,20250420,EQ0025,A010,WT1,P2,Falla eléctrica,Instrumentación,7.37,6.18,11804.48,True
MT000902,20250408,EQ0003,A017,WT1,P2,Pérdida de comunicación PLC,Control,1.24,0.98,1510.28,True
MT000903,20250313,EQ0038,A010,WT2,P3,Bloqueo de chancador,Eléctrico,2.59,0.99,3473.87,False
MT000904,20250217,EQ0015,A010,WT1,P4,Baja presión,Mecánico,3.05,1.69,4320.17,True
MT000905,20250510,EQ0015,A010,WT1,P3,Corte de correa,Eléctrico,3.56,2.35,6189.5,True
MT000906,20250114,EQ0036,A004,WT1,P3,Fuga hidráulica,Energía,0.62,0.5,579.29,True
MT000907,20250214,EQ0053,A004,WT2,P3,Pérdida de comunicación PLC,Energía,13.37,6.68,28327.68,False
MT000908,20250311,EQ0036,A004,WT1,P3,Falla de instrumentación,Eléctrico,5.48,3.95,3270.66,True
MT000909,20250605,EQ0003,A017,WT2,P3,Falla de instrumentación,Control,11.63,4.91,26586.27,False
MT000910,20250510,EQ0015,A010,WT1,P4,Desgaste de neumáticos,Eléctrico,0.87,0.46,795.63,True
MT000911,20250507,EQ0010,A004,WT2,P3,Falla de pala,Hidráulico,5.03,2.53,11941.05,False
MT000912,20250430,EQ0030,A017,WT2,P3,Pérdida de comunicación PLC,Control,6.55,4.68,12107.82,False
MT000913,20250301,EQ0011,A004,WT1,P2,Falla de pala,Eléctrico,2.68,1.37,5343.9,True
MT000914,20250129,EQ0004,A004,WT1,P3,Fuga hidráulica,Hidráulico,3.85,2.94,6869.66,True
MT000915,20250217,EQ0035,A012,WT1,P3,Baja presión,Bombas,2.33,1.42,1238.96,True
MT000916,20250119,EQ0038,A010,WT2,P2,Baja presión,Instrumentación,13.12,9.03,17894.48,False
MT000917,20250422,EQ0006,A004,WT1,P1,Falla eléctrica,Mecánico,3.86,1.64,3117.38,True
MT000918,20250201,EQ0048,A004,WT1,P2,Alta vibración,Mecánico,2.63,2.25,1548.9,True
MT000919,20250512,EQ0004,A004,WT1,P3,Alta vibración,Mecánico,3.78,1.67,4213.96,True
MT000920,20250111,EQ0006,A004,WT1,P4,Desalineamiento de correa,Mecánico,4.45,1.96,5623.18,True
MT000921,20250514,EQ0019,A004,WT1,P2,Falla de transmisión,Mecánico,8.59,3.43,9476.63,True
MT000922,20250223,EQ0048,A004,WT1,P4,Falla de pala,Mecánico,11.28,6.6,7663.27,True
MT000923,20250601,EQ0044,A005,WT2,P4,Falla de motor,Energía,4.55,2.72,2666.34,False
MT000924,20250209,EQ0019,A004,WT2,P4,Falla de transmisión,Seguridad,0.89,0.8,688.56,False
MT000925,20250502,EQ0010,A004,WT1,P1,Alta vibración,Mecánico,2.77,2.61,1814.3,True
MT000926,20250316,EQ0003,A017,WT2,P3,Pérdida de comunicación PLC,Control,3.5,2.1,4722.76,False
MT000927,20250204,EQ0057,A004,WT1,P3,Falla de transmisión,Neumáticos,4.17,3.13,11753.4,True
MT000928,20250228,EQ0054,A004,WT1,P1,Deriva de sensor,Eléctrico,3.37,1.71,6317.79,True
MT000929,20250520,EQ0030,A017,WT1,P4,Pérdida de comunicación PLC,Control,4.59,2.99,6065.28,True
MT000930,20250123,EQ0001,A005,WT1,P3,Falla de pala,Instrumentación,0.72,0.39,641.5,True
MT000931,20250426,EQ0040,A017,WT2,P1,Pérdida de comunicación PLC,Control,6.45,4.48,11786.67,False
MT000932,20250313,EQ0013,A005,WT1,P3,Falla eléctrica,Chancado,6.03,5.61,8689.01,True
MT000933,20250410,EQ0024,A017,WT1,P3,Deriva de sensor,Control,7.76,5.44,14836.01,True
MT000934,20250305,EQ0012,A008,WT1,P3,Alta vibración,Molienda,3.38,3.04,7680.0,True
MT000935,20250105,EQ0046,A004,WT2,P1,Falla de pala,Hidráulico,4.8,4.16,8245.42,False
MT000936,20250601,EQ0037,A005,WT1,P1,Falla eléctrica,Chancado,2.9,1.41,2656.98,True
MT000937,20250625,EQ0037,A005,WT2,P3,Falla eléctrica,Chancado,8.85,3.46,20667.86,False
MT000938,20250106,EQ0048,A004,WT1,P3,Fuga hidráulica,Control,1.52,1.07,1313.98,True
MT000939,20250303,EQ0031,A006,WT1,P1,Desalineamiento de correa,Correas,4.53,4.06,2177.3,True
MT000940,20250207,EQ0029,A005,WT1,P3,Alta vibración,Chancado,3.74,1.68,2047.7,True
MT000941,20250106,EQ0026,A013,WT1,P4,Obstrucción de chute,Mecánico,2.16,1.85,4862.09,True
MT000942,20250624,EQ0042,A008,WT1,P2,Desgaste de revestimientos,Molienda,5.88,2.35,10797.91,True
MT000943,20250402,EQ0005,A017,WT2,P2,Deriva de sensor,Control,6.6,4.3,11519.07,False
MT000944,20250213,EQ0058,A008,WT1,P3,Trip de variador,Molienda,3.21,1.92,3884.06,True
MT000945,20250410,EQ0028,A010,WT2,P3,Desgaste de neumáticos,Mecánico,8.69,4.7,12529.43,False
MT000946,20250511,EQ0003,A017,WT1,P4,Deriva de sensor,Control,8.44,4.34,12871.15,True
MT000947,20250406,EQ0035,A012,WT2,P2,Baja presión,Bombas,3.51,1.6,3745.12,False
MT000948,20250630,EQ0051,A004,WT1,P1,Baja presión,Energía,3.39,3.11,6444.91,True
MT000949,20250402,EQ0005,A017,WT2,P4,Deriva de sensor,Control,10.96,7.47,22191.88,False
MT000950,20250522,EQ0038,A010,WT2,P3,Falla eléctrica,Instrumentación,1.59,0.76,2472.67,False
MT000951,20250525,EQ0011,A004,WT2,P3,Desgaste de revestimientos,Mecánico,1.69,0.7,1613.98,False
MT000952,20250604,EQ0047,A005,WT1,P3,Alta vibración,Chancado,0.9,0.75,1549.72,True
MT000953,20250430,EQ0057,A004,WT2,P4,Falla de transmisión,Neumáticos,3.67,2.26,12443.55,False
MT000954,20250517,EQ0009,A017,WT2,P2,Falla de instrumentación,Control,12.05,11.18,8702.05,False
MT000955,20250131,EQ0029,A005,WT1,P4,Alta vibración,Chancado,2.97,1.17,1550.49,True
MT000956,20250518,EQ0042,A008,WT1,P3,Desgaste de revestimientos,Molienda,3.65,3.1,3927.63,True
MT000957,20250104,EQ0008,A017,WT2,P2,Deriva de sensor,Control,7.77,4.52,4423.03,False
MT000958,20250522,EQ0010,A004,WT1,P2,Alta vibración,Hidráulico,1.0,0.75,1779.95,True
MT000959,20250106,EQ0043,A009,WT2,P1,Obstrucción de chute,Seguridad,1.77,1.54,1414.61,False
MT000960,20250224,EQ0012,A008,WT2,P2,Alta vibración,Molienda,11.75,7.79,18691.19,False
MT000961,20250404,EQ0023,A017,WT2,P3,Falla de instrumentación,Control,3.98,1.59,4191.89,False
MT000962,20250211,EQ0046,A004,WT1,P3,Falla de pala,Mecánico,3.82,2.98,3703.21,True
MT000963,20250611,EQ0020,A004,WT1,P3,Alta vibración,Hidráulico,2.43,1.86,5240.13,True
MT000964,20250426,EQ0036,A004,WT1,P2,Falla de transmisión,Seguridad,0.12,0.1,97.7,True
MT000965,20250609,EQ0022,A009,WT1,P1,Fuga hidráulica,Energía,1.59,1.1,3755.8,True
MT000966,20250416,EQ0025,A010,WT2,P1,Sobrecalentamiento,Instrumentación,5.26,2.59,7027.63,False
MT000967,20250327,EQ0039,A010,WT1,P1,Deriva de sensor,Seguridad,4.7,3.0,3808.97,True
MT000968,20250111,EQ0026,A013,WT2,P1,Baja presión,Seguridad,1.96,1.06,1618.58,False
MT000969,20250516,EQ0013,A005,WT2,P1,Alta vibración,Chancado,6.62,2.52,14861.77,False
MT000970,20250521,EQ0006,A004,WT2,P3,Obstrucción de chute,Instrumentación,3.39,1.97,6526.55,False
MT000971,20250211,EQ0050,A013,WT2,P1,Sobrecalentamiento,Energía,1.87,1.01,1381.79,False
MT000972,20250216,EQ0027,A017,WT2,P2,Deriva de sensor,Control,6.26,3.6,9202.5,False
MT000973,20250420,EQ0054,A004,WT2,P2,Falla de pala,Mecánico,11.31,9.73,11062.33,False
MT000974,20250613,EQ0033,A008,WT2,P3,Alta vibración,Molienda,27.84,19.3,60385.49,False
MT000975,20250312,EQ0043,A009,WT1,P1,Desgaste de revestimientos,Seguridad,1.47,0.64,2578.36,True
MT000976,20250129,EQ0039,A010,WT2,P3,Corte de correa,Energía,6.72,3.92,6226.11,False
MT000977,20250124,EQ0040,A017,WT2,P2,Pérdida de comunicación PLC,Control,16.6,14.21,36387.14,False
MT000978,20250316,EQ0026,A013,WT2,P2,Falla de sello mecánico,Seguridad,4.6,3.83,2986.82,False
MT000979,20250320,EQ0034,A005,WT1,P2,Trip de variador,Instrumentación,2.7,1.63,1422.7,True
MT000980,20250418,EQ0056,A006,WT2,P4,Corte de correa,Correas,3.78,1.48,8313.52,False
MT000981,20250517,EQ0058,A008,WT2,P4,Alta vibración,Molienda,4.53,3.31,7634.97,False
MT000982,20250427,EQ0029,A005,WT1,P3,Alta vibración,Chancado,6.86,3.67,12079.9,True
MT000983,20250328,EQ0018,A004,WT1,P4,Pérdida de comunicación PLC,Instrumentación,2.58,1.56,2594.53,True
MT000984,20250210,EQ0009,A017,WT2,P3,Deriva de sensor,Control,14.71,10.75,10025.46,False
MT000985,20250204,EQ0046,A004,WT2,P2,Fuga hidráulica,Hidráulico,6.27,4.07,10887.03,False
MT000986,20250526,EQ0060,A004,WT1,P2,Deriva de sensor,Eléctrico,10.71,6.13,5309.91,True
MT000987,20250524,EQ0057,A004,WT2,P2,Falla de motor,Hidráulico,10.48,4.8,10336.0,False
MT000988,20250309,EQ0034,A005,WT1,P2,Falla de sello mecánico,Seguridad,4.82,2.84,8874.5,True
MT000989,20250303,EQ0016,A005,WT1,P1,Falla de instrumentación,Seguridad,7.77,6.42,14650.41,True
MT000990,20250608,EQ0017,A017,WT2,P2,Falla de instrumentación,Control,8.26,3.86,7288.61,False
MT000991,20250215,EQ0036,A004,WT1,P2,Falla de pala,Seguridad,8.05,7.26,17946.75,True
MT000992,20250429,EQ0030,A017,WT2,P2,Deriva de sensor,Control,11.32,7.36,25976.05,False
MT000993,20250103,EQ0004,A004,WT1,P1,Fuga hidráulica,Control,4.59,2.31,9126.58,True
MT000994,20250414,EQ0043,A009,WT1,P4,Desalineamiento de correa,Seguridad,2.22,1.81,3804.14,True
MT000995,20250416,EQ0012,A008,WT1,P2,Desgaste de revestimientos,Molienda,4.5,4.02,4047.82,True
MT000996,20250305,EQ0006,A004,WT1,P2,Corte de correa,Eléctrico,1.7,1.42,2536.69,True
MT000997,20250314,EQ0002,A004,WT2,P3,Falla de transmisión,Mecánico,10.56,8.07,23865.62,False
MT000998,20250331,EQ0016,A005,WT1,P1,Deriva de sensor,Mecánico,4.27,2.39,3209.1,True
MT000999,20250212,EQ0010,A004,WT2,P3,Falla de pala,Mecánico,4.78,3.07,6329.21,False
MT001000,20250104,EQ0015,A010,WT1,P3,Baja presión,Mecánico,1.93,1.78,2689.84,True
MT001001,20250430,EQ0054,A004,WT2,P2,Trip de variador,Seguridad,4.96,4.32,10843.1,False
MT001002,20250523,EQ0016,A005,WT2,P2,Alta vibración,Eléctrico,5.02,3.32,2804.24,False
MT001003,20250510,EQ0001,A005,WT1,P2,Alta vibración,Instrumentación,2.16,1.89,1252.19,True
MT001004,20250524,EQ0055,A017,WT2,P2,Deriva de sensor,Control,9.3,8.77,18051.37,False
MT001005,20250124,EQ0010,A004,WT2,P2,Fuga hidráulica,Mecánico,1.0,0.79,468.26,False
MT001006,20250116,EQ0038,A010,WT2,P4,Corte de correa,Energía,15.92,8.63,15624.46,False
MT001007,20250130,EQ0014,A017,WT2,P2,Pérdida de comunicación PLC,Control,12.01,5.44,19748.74,False
MT001008,20250526,EQ0023,A017,WT2,P1,Pérdida de comunicación PLC,Control,17.56,7.58,36082.09,False
MT001009,20250507,EQ0024,A017,WT1,P2,Falla de instrumentación,Control,3.48,1.72,7004.54,True
MT001010,20250316,EQ0036,A004,WT2,P3,Desalineamiento de correa,Seguridad,2.67,2.54,3631.05,False
MT001011,20250524,EQ0024,A017,WT2,P2,Pérdida de comunicación PLC,Control,7.42,6.83,9225.8,False
MT001012,20250516,EQ0011,A004,WT2,P2,Falla de pala,Seguridad,5.79,5.22,3880.01,False
MT001013,20250101,EQ0057,A004,WT2,P1,Falla de motor,Hidráulico,22.5,11.09,72100.47,False
MT001014,20250605,EQ0018,A004,WT1,P2,Falla de motor,Energía,1.18,0.74,2802.1,True
MT001015,20250622,EQ0029,A005,WT1,P3,Alta vibración,Chancado,5.41,3.53,12362.88,True
MT001016,20250218,EQ0038,A010,WT1,P3,Falla de sello mecánico,Eléctrico,3.59,1.49,4980.65,True
MT001017,20250212,EQ0030,A017,WT2,P3,Falla de instrumentación,Control,11.73,11.14,8502.16,False
MT001018,20250219,EQ0003,A017,WT1,P4,Pérdida de comunicación PLC,Control,2.46,1.99,1319.41,True
MT001019,20250511,EQ0044,A005,WT1,P3,Deriva de sensor,Seguridad,4.77,3.05,6129.1,True
MT001020,20250514,EQ0043,A009,WT1,P2,Baja presión,Seguridad,0.49,0.24,604.42,True
MT001021,20250102,EQ0055,A017,WT2,P2,Falla de instrumentación,Control,5.5,2.99,4516.04,False
MT001022,20250408,EQ0001,A005,WT1,P1,Alta vibración,Mecánico,4.97,2.37,4480.62,True
MT001023,20250221,EQ0024,A017,WT2,P1,Pérdida de comunicación PLC,Control,3.6,2.4,3563.83,False
MT001024,20250609,EQ0043,A009,WT2,P1,Sobrecalentamiento,Mecánico,8.97,4.53,9928.97,False
MT001025,20250513,EQ0046,A004,WT1,P2,Falla de pala,Control,3.88,2.82,8845.72,True
MT001026,20250305,EQ0017,A017,WT2,P2,Falla de instrumentación,Control,30.33,24.02,53588.08,False
MT001027,20250225,EQ0003,A017,WT1,P2,Pérdida de comunicación PLC,Control,8.35,7.14,16546.78,True
MT001028,20250121,EQ0056,A006,WT2,P3,Desalineamiento de correa,Correas,17.3,12.65,25454.53,False
MT001029,20250619,EQ0010,A004,WT2,P4,Alta vibración,Mecánico,9.65,5.53,11305.2,False
MT001030,20250509,EQ0005,A017,WT2,P3,Deriva de sensor,Control,24.48,22.87,30588.71,False
MT001031,20250529,EQ0044,A005,WT2,P3,Desalineamiento de correa,Eléctrico,6.36,4.22,8871.13,False
MT001032,20250314,EQ0021,A017,WT1,P3,Baja presión,Mecánico,8.26,4.66,16129.37,True
MT001033,20250422,EQ0050,A013,WT1,P2,Falla de bomba de pulpa,Energía,1.93,1.37,1370.46,True
MT001034,20250530,EQ0037,A005,WT2,P1,Falla eléctrica,Chancado,0.97,0.51,1895.54,False
MT001035,20250628,EQ0038,A010,WT2,P2,Sobrecalentamiento,Energía,16.76,15.89,27677.26,False
MT001036,20250416,EQ0024,A017,WT2,P3,Falla de instrumentación,Control,26.73,11.2,22210.41,False
MT001037,20250611,EQ0060,A004,WT1,P3,Falla de sello mecánico,Instrumentación,0.71,0.63,907.71,True
MT001038,20250307,EQ0058,A008,WT1,P2,Desgaste de revestimientos,Molienda,2.31,1.93,2295.98,True
MT001039,20250108,EQ0045,A012,WT2,P4,Falla de sello mecánico,Bombas,25.7,24.27,40103.06,False
MT001040,20250627,EQ0037,A005,WT1,P1,Falla eléctrica,Chancado,9.57,5.17,12134.04,True
MT001041,20250126,EQ0056,A006,WT1,P4,Obstrucción de chute,Correas,2.44,1.79,3842.02,True
MT001042,20250530,EQ0010,A004,WT2,P2,Falla de pala,Mecánico,5.27,4.82,3382.67,False
MT001043,20250422,EQ0036,A004,WT2,P3,Obstrucción de chute,Seguridad,4.82,2.79,10880.17,False
MT001044,20250319,EQ0021,A017,WT2,P1,Falla de sello mecánico,Seguridad,10.67,5.28,10176.81,False
MT001045,20250119,EQ0043,A009,WT2,P3,Falla de instrumentación,Mecánico,10.26,9.4,12584.68,False
MT001046,20250128,EQ0021,A017,WT2,P3,Baja presión,Instrumentación,6.56,4.26,3040.34,False
MT001047,20250623,EQ0052,A004,WT1,P3,Falla de motor,Eléctrico,0.92,0.7,953.5,True
MT001048,20250623,EQ0036,A004,WT1,P2,Falla de sello mecánico,Mecánico,4.14,2.22,7548.05,True
MT001049,20250131,EQ0044,A005,WT2,P3,Falla de instrumentación,Energía,10.33,9.41,15164.98,False
MT001050,20250415,EQ0021,A017,WT1,P1,Falla de bomba de pulpa,Seguridad,1.58,0.68,2338.79,True
MT001051,20250506,EQ0026,A013,WT1,P3,Baja presión,Energía,4.65,3.14,6525.61,True
MT001052,20250425,EQ0060,A004,WT2,P2,Falla de pala,Instrumentación,11.26,8.86,25857.56,False
MT001053,20250309,EQ0010,A004,WT1,P2,Alta vibración,Hidráulico,0.49,0.24,467.93,True
MT001054,20250326,EQ0045,A012,WT2,P3,Falla de bomba de pulpa,Bombas,2.78,2.23,5494.93,False
MT001055,20250317,EQ0002,A004,WT2,P4,Falla de motor,Neumáticos,3.09,1.89,4956.87,False
MT001056,20250407,EQ0042,A008,WT2,P3,Desgaste de revestimientos,Molienda,10.12,5.93,17912.29,False
MT001057,20250111,EQ0016,A005,WT2,P1,Trip de variador,Instrumentación,4.37,2.97,5265.1,False
MT001058,20250612,EQ0058,A008,WT2,P3,Desgaste de revestimientos,Molienda,11.71,5.96,16250.19,False
MT001059,20250522,EQ0040,A017,WT2,P1,Falla de instrumentación,Control,16.12,9.9,18211.71,False
MT001060,20250208,EQ0025,A010,WT2,P4,Trip de variador,Mecánico,18.89,7.33,22575.31,False
MT001061,20250329,EQ0050,A013,WT2,P3,Obstrucción de chute,Energía,14.83,8.28,20984.68,False
MT001062,20250331,EQ0046,A004,WT2,P3,Alta vibración,Hidráulico,4.11,2.0,7735.59,False
MT001063,20250205,EQ0015,A010,WT2,P1,Corte de correa,Energía,7.85,6.85,9111.85,False
MT001064,20250104,EQ0020,A004,WT1,P3,Falla de pala,Mecánico,2.05,1.25,2710.95,True
MT001065,20250304,EQ0042,A008,WT1,P3,Alta vibración,Molienda,8.59,7.36,17108.49,True
MT001066,20250506,EQ0017,A017,WT1,P4,Deriva de sensor,Control,3.18,2.49,4654.13,True
MT001067,20250527,EQ0044,A005,WT2,P1,Corte de correa,Eléctrico,9.81,6.77,20726.02,False
MT001068,20250306,EQ0011,A004,WT1,P1,Obstrucción de chute,Instrumentación,5.13,4.85,11983.24,True
MT001069,20250210,EQ0023,A017,WT1,P4,Pérdida de comunicación PLC,Control,3.9,3.43,7675.15,True
MT001070,20250113,EQ0044,A005,WT2,P3,Desalineamiento de correa,Instrumentación,4.33,3.04,5121.05,False
MT001071,20250312,EQ0015,A010,WT2,P2,Alta vibración,Energía,3.53,1.74,7442.24,False
MT001072,20250530,EQ0010,A004,WT1,P2,Alta vibración,Hidráulico,1.17,0.87,2689.41,True
MT001073,20250106,EQ0033,A008,WT2,P3,Alta vibración,Molienda,7.2,5.44,15507.74,False
MT001074,20250415,EQ0005,A017,WT2,P1,Falla de instrumentación,Control,1.07,0.42,940.24,False
MT001075,20250624,EQ0018,A004,WT1,P4,Corte de correa,Seguridad,3.43,3.14,7463.76,True
MT001076,20250128,EQ0056,A006,WT1,P2,Corte de correa,Correas,1.06,0.98,2334.4,True
MT001077,20250412,EQ0005,A017,WT1,P4,Falla de instrumentación,Control,5.86,4.83,8411.1,True
MT001078,20250114,EQ0003,A017,WT2,P4,Falla de instrumentación,Control,36.73,22.84,44067.96,False
MT001079,20250125,EQ0011,A004,WT2,P3,Desalineamiento de correa,Seguridad,2.0,1.39,4637.15,False
MT001080,20250206,EQ0022,A009,WT1,P4,Falla de pala,Eléctrico,5.14,4.0,8957.44,True
MT001081,20250322,EQ0042,A008,WT2,P3,Desgaste de revestimientos,Molienda,3.33,1.88,6189.09,False
MT001082,20250606,EQ0027,A017,WT2,P2,Falla de instrumentación,Control,5.42,4.67,8757.89,False
MT001083,20250108,EQ0016,A005,WT1,P4,Alta vibración,Energía,5.42,5.0,5979.22,True
MT001084,20250331,EQ0031,A006,WT1,P3,Corte de correa,Correas,0.75,0.45,475.61,True
MT001085,20250112,EQ0024,A017,WT1,P1,Pérdida de comunicación PLC,Control,2.68,1.92,4390.96,True
MT001086,20250321,EQ0029,A005,WT1,P1,Falla eléctrica,Chancado,2.8,1.97,5702.01,True
MT001087,20250514,EQ0022,A009,WT2,P4,Bloqueo de chancador,Instrumentación,10.95,10.16,6088.71,False
MT001088,20250329,EQ0001,A005,WT2,P3,Sobrecalentamiento,Energía,0.87,0.34,1523.48,False
MT001089,20250407,EQ0029,A005,WT1,P3,Falla eléctrica,Chancado,4.08,2.99,2266.45,True
MT001090,20250217,EQ0040,A017,WT2,P3,Falla de instrumentación,Control,28.71,21.46,48071.13,False
MT001091,20250403,EQ0018,A004,WT1,P1,Corte de correa,Mecánico,0.48,0.31,1063.21,True
MT001092,20250621,EQ0005,A017,WT2,P2,Falla de instrumentación,Control,16.19,13.54,30401.79,False
MT001093,20250111,EQ0009,A017,WT1,P3,Pérdida de comunicación PLC,Control,5.87,3.2,10195.2,True
MT001094,20250105,EQ0017,A017,WT2,P2,Pérdida de comunicación PLC,Control,34.88,30.81,46393.04,False
MT001095,20250210,EQ0009,A017,WT2,P3,Pérdida de comunicación PLC,Control,15.91,12.54,12835.4,False
MT001096,20250620,EQ0035,A012,WT2,P3,Baja presión,Bombas,6.4,2.99,13797.46,False
MT001097,20250430,EQ0015,A010,WT1,P1,Desgaste de neumáticos,Eléctrico,4.12,1.69,7679.16,True
MT001098,20250622,EQ0025,A010,WT1,P2,Sobrecalentamiento,Seguridad,3.72,2.53,3981.12,True
MT001099,20250111,EQ0029,A005,WT1,P3,Alta vibración,Chancado,5.1,3.11,7867.71,True
MT001100,20250318,EQ0044,A005,WT1,P1,Falla de pala,Energía,1.12,0.79,1196.42,True
MT001101,20250425,EQ0036,A004,WT1,P4,Baja presión,Instrumentación,1.65,0.68,2274.71,True
MT001102,20250330,EQ0029,A005,WT1,P4,Falla eléctrica,Chancado,3.2,2.73,1683.3,True
MT001103,20250227,EQ0011,A004,WT2,P3,Desgaste de neumáticos,Instrumentación,5.85,4.83,11446.45,False
MT001104,20250409,EQ0001,A005,WT2,P3,Sobrecalentamiento,Energía,8.03,7.61,15527.58,False
MT001105,20250605,EQ0014,A017,WT2,P4,Falla de instrumentación,Control,5.45,4.23,12950.0,False
MT001106,20250402,EQ0048,A004,WT2,P2,Falla de pala,Control,1.28,1.08,1825.86,False
MT001107,20250412,EQ0038,A010,WT1,P2,Fuga hidráulica,Seguridad,3.64,1.87,3361.54,True
MT001108,20250113,EQ0059,A004,WT2,P2,Fuga hidráulica,Mecánico,12.89,11.52,6832.61,False
MT001109,20250206,EQ0009,A017,WT1,P4,Pérdida de comunicación PLC,Control,7.04,6.67,5696.14,True
MT001110,20250324,EQ0023,A017,WT2,P2,Deriva de sensor,Control,16.99,13.71,11841.45,False
MT001111,20250416,EQ0033,A008,WT2,P3,Desgaste de revestimientos,Molienda,12.28,7.49,12009.89,False
MT001112,20250410,EQ0023,A017,WT2,P3,Pérdida de comunicación PLC,Control,2.72,2.52,6271.75,False
MT001113,20250615,EQ0003,A017,WT2,P4,Deriva de sensor,Control,6.64,4.65,9888.76,False
MT001114,20250308,EQ0027,A017,WT2,P1,Pérdida de comunicación PLC,Control,11.8,9.97,11597.97,False
MT001115,20250216,EQ0001,A005,WT2,P4,Deriva de sensor,Energía,7.48,3.54,6595.29,False
MT001116,20250428,EQ0058,A008,WT1,P3,Alta vibración,Molienda,1.24,0.9,1291.37,True
MT001117,20250330,EQ0021,A017,WT2,P1,Falla de transmisión,Eléctrico,9.7,4.77,15428.26,False
MT001118,20250514,EQ0004,A004,WT1,P4,Fuga hidráulica,Control,2.0,1.47,4286.26,True
MT001119,20250113,EQ0060,A004,WT2,P3,Trip de variador,Seguridad,4.75,4.11,2986.51,False
MT001120,20250308,EQ0040,A017,WT2,P2,Deriva de sensor,Control,9.45,6.51,18054.33,False
MT001121,20250303,EQ0045,A012,WT1,P3,Falla de bomba de pulpa,Bombas,7.06,6.57,10575.37,True
MT001122,20250115,EQ0019,A004,WT1,P3,Falla de transmisión,Mecánico,6.61,3.37,11973.17,True
MT001123,20250622,EQ0006,A004,WT1,P3,Deriva de sensor,Instrumentación,0.92,0.76,2118.17,True
MT001124,20250315,EQ0048,A004,WT1,P2,Alta vibración,Mecánico,1.22,0.9,1293.45,True
MT001125,20250404,EQ0002,A004,WT1,P2,Desgaste de neumáticos,Hidráulico,6.04,3.4,10663.84,True
MT001126,20250324,EQ0002,A004,WT1,P2,Falla de motor,Hidráulico,4.15,2.65,10776.52,True
MT001127,20250415,EQ0033,A008,WT2,P1,Trip de variador,Molienda,6.51,5.44,3030.31,False
MT001128,20250224,EQ0037,A005,WT2,P3,Bloqueo de chancador,Chancado,8.05,7.1,16041.33,False
MT001129,20250216,EQ0002,A004,WT1,P4,Falla de transmisión,Hidráulico,4.0,2.48,9138.88,True
MT001130,20250616,EQ0004,A004,WT1,P3,Falla de pala,Hidráulico,1.05,0.99,1566.96,True
MT001131,20250124,EQ0052,A004,WT1,P3,Falla de sello mecánico,Energía,1.3,0.74,620.69,True
MT001132,20250314,EQ0007,A004,WT1,P2,Alta vibración,Control,8.06,4.32,12805.49,True
MT001133,20250223,EQ0006,A004,WT1,P1,Trip de variador,Mecánico,2.13,1.6,3684.85,True
MT001134,20250525,EQ0015,A010,WT1,P4,Falla de motor,Mecánico,1.5,1.27,1673.53,True
MT001135,20250215,EQ0028,A010,WT2,P4,Falla de transmisión,Energía,24.18,11.82,25804.8,False
MT001136,20250220,EQ0056,A006,WT2,P1,Corte de correa,Correas,10.72,8.49,23201.64,False
MT001137,20250228,EQ0030,A017,WT1,P2,Deriva de sensor,Control,12.48,10.17,12298.11,True
MT001138,20250510,EQ0055,A017,WT1,P3,Pérdida de comunicación PLC,Control,3.94,2.3,7233.92,True
MT001139,20250312,EQ0060,A004,WT1,P2,Falla de transmisión,Energía,4.25,3.92,6503.37,True
MT001140,20250308,EQ0048,A004,WT1,P3,Fuga hidráulica,Hidráulico,3.05,2.63,3126.65,True
MT001141,20250123,EQ0035,A012,WT2,P2,Baja presión,Bombas,6.81,3.36,3170.6,False
MT001142,20250502,EQ0016,A005,WT2,P1,Falla de transmisión,Eléctrico,5.73,2.82,8213.24,False
MT001143,20250316,EQ0031,A006,WT1,P2,Desalineamiento de correa,Correas,1.66,1.35,2116.04,True
MT001144,20250501,EQ0027,A017,WT2,P3,Deriva de sensor,Control,10.32,9.33,18075.51,False
MT001145,20250310,EQ0036,A004,WT1,P2,Alta vibración,Energía,2.64,1.81,3653.87,True
MT001146,20250518,EQ0033,A008,WT2,P1,Alta vibración,Molienda,15.98,6.45,13527.09,False
MT001147,20250223,EQ0050,A013,WT1,P4,Desgaste de neumáticos,Instrumentación,1.42,0.93,1875.46,True
MT001148,20250629,EQ0003,A017,WT2,P2,Deriva de sensor,Control,5.06,2.08,6394.05,False
MT001149,20250408,EQ0012,A008,WT1,P3,Desgaste de revestimientos,Molienda,4.74,3.65,5227.13,True
MT001150,20250311,EQ0022,A009,WT1,P4,Falla eléctrica,Eléctrico,1.75,0.83,3886.53,True
MT001151,20250627,EQ0037,A005,WT1,P4,Alta vibración,Chancado,1.93,1.56,2962.86,True
MT001152,20250424,EQ0015,A010,WT1,P2,Falla de bomba de pulpa,Energía,1.85,1.13,2485.75,True
MT001153,20250123,EQ0015,A010,WT2,P2,Falla de motor,Energía,8.24,7.6,5209.25,False
MT001154,20250127,EQ0048,A004,WT2,P4,Falla de pala,Control,1.29,0.97,1555.61,False
MT001155,20250614,EQ0012,A008,WT1,P4,Alta vibración,Molienda,2.42,2.03,5293.36,True
MT001156,20250614,EQ0012,A008,WT1,P4,Alta vibración,Molienda,4.34,2.16,3403.89,True
MT001157,20250126,EQ0006,A004,WT1,P3,Falla de pala,Energía,5.06,2.41,3505.66,True
MT001158,20250112,EQ0042,A008,WT2,P3,Alta vibración,Molienda,3.4,2.74,7601.08,False
MT001159,20250513,EQ0001,A005,WT2,P3,Bloqueo de chancador,Mecánico,5.56,3.27,8752.71,False
MT001160,20250522,EQ0027,A017,WT2,P3,Falla de instrumentación,Control,13.29,9.92,31266.64,False
MT001161,20250301,EQ0019,A004,WT2,P3,Trip de variador,Seguridad,8.99,7.65,10744.61,False
MT001162,20250423,EQ0045,A012,WT2,P2,Falla de bomba de pulpa,Bombas,8.69,4.7,8514.89,False
MT001163,20250504,EQ0050,A013,WT1,P2,Baja presión,Energía,9.2,7.44,14682.21,True
MT001164,20250606,EQ0034,A005,WT2,P2,Falla de transmisión,Eléctrico,12.22,5.68,12005.36,False
MT001165,20250518,EQ0019,A004,WT1,P2,Obstrucción de chute,Eléctrico,2.75,1.53,4457.49,True
MT001166,20250417,EQ0017,A017,WT1,P3,Pérdida de comunicación PLC,Control,4.76,2.71,3592.66,True
MT001167,20250103,EQ0002,A004,WT1,P3,Desgaste de neumáticos,Hidráulico,7.98,6.33,5689.16,True
MT001168,20250328,EQ0009,A017,WT2,P4,Deriva de sensor,Control,11.59,7.33,24658.17,False
MT001169,20250220,EQ0058,A008,WT1,P2,Desgaste de revestimientos,Molienda,7.06,5.53,3698.73,True
MT001170,20250517,EQ0039,A010,WT2,P2,Falla de motor,Eléctrico,14.64,6.99,14423.74,False
MT001171,20250217,EQ0003,A017,WT2,P2,Falla de instrumentación,Control,6.86,4.42,13730.48,False
MT001172,20250302,EQ0008,A017,WT1,P2,Pérdida de comunicación PLC,Control,2.07,1.68,1112.79,True
MT001173,20250406,EQ0023,A017,WT1,P4,Pérdida de comunicación PLC,Control,4.71,2.28,6947.03,True
MT001174,20250523,EQ0059,A004,WT2,P2,Fuga hidráulica,Hidráulico,5.18,4.05,5893.68,False
MT001175,20250529,EQ0014,A017,WT1,P2,Deriva de sensor,Control,1.3,0.88,1461.35,True
MT001176,20250115,EQ0003,A017,WT1,P2,Falla de instrumentación,Control,3.02,1.92,5309.07,True
MT001177,20250318,EQ0012,A008,WT2,P2,Alta vibración,Molienda,19.28,11.03,12696.77,False
MT001178,20250323,EQ0044,A005,WT2,P3,Pérdida de comunicación PLC,Seguridad,2.88,1.15,1765.58,False
MT001179,20250419,EQ0015,A010,WT1,P1,Falla de transmisión,Seguridad,5.74,3.49,8940.52,True
MT001180,20250101,EQ0026,A013,WT1,P3,Obstrucción de chute,Instrumentación,0.9,0.63,1840.14,True
MT001181,20250624,EQ0058,A008,WT2,P3,Trip de variador,Molienda,22.15,9.78,16659.17,False
MT001182,20250127,EQ0016,A005,WT1,P1,Falla eléctrica,Eléctrico,0.21,0.1,472.29,True
MT001183,20250313,EQ0023,A017,WT1,P4,Falla de instrumentación,Control,4.43,4.02,2277.32,True
MT001184,20250514,EQ0044,A005,WT2,P4,Falla de bomba de pulpa,Eléctrico,13.83,12.6,19344.71,False
MT001185,20250218,EQ0015,A010,WT1,P3,Desgaste de neumáticos,Mecánico,3.48,1.37,8167.53,True
MT001186,20250409,EQ0026,A013,WT2,P1,Falla de transmisión,Energía,8.58,5.65,11034.71,False
MT001187,20250330,EQ0001,A005,WT1,P4,Corte de correa,Mecánico,7.59,6.87,11498.18,True
MT001188,20250510,EQ0056,A006,WT2,P4,Corte de correa,Correas,7.56,5.56,16021.02,False
MT001189,20250430,EQ0028,A010,WT1,P3,Baja presión,Eléctrico,6.84,5.67,12538.09,True
MT001190,20250311,EQ0058,A008,WT2,P2,Desgaste de revestimientos,Molienda,22.62,12.91,27382.29,False
MT001191,20250226,EQ0028,A010,WT2,P3,Bloqueo de chancador,Energía,11.61,10.6,16503.22,False
MT001192,20250319,EQ0038,A010,WT2,P4,Trip de variador,Mecánico,18.73,14.94,35662.52,False
MT001193,20250618,EQ0037,A005,WT1,P2,Falla eléctrica,Chancado,0.72,0.35,976.57,True
MT001194,20250217,EQ0048,A004,WT1,P2,Falla de pala,Hidráulico,5.15,4.34,10974.91,True
MT001195,20250425,EQ0055,A017,WT1,P2,Falla de instrumentación,Control,15.02,11.2,22187.23,True
MT001196,20250211,EQ0001,A005,WT1,P3,Desalineamiento de correa,Eléctrico,2.09,1.8,4521.55,True
MT001197,20250212,EQ0028,A010,WT1,P2,Sobrecalentamiento,Eléctrico,1.49,0.99,909.08,True
MT001198,20250527,EQ0007,A004,WT1,P4,Fuga hidráulica,Mecánico,1.63,1.38,3706.48,True
MT001199,20250407,EQ0037,A005,WT1,P3,Alta vibración,Chancado,3.77,2.58,7456.67,True
MT001200,20250508,EQ0030,A017,WT2,P2,Falla de instrumentación,Control,29.02,11.9,18029.85,False
MT001201,20250313,EQ0058,A008,WT1,P2,Alta vibración,Molienda,2.24,1.01,2530.08,True
MT001202,20250521,EQ0049,A004,WT1,P3,Falla de motor,Neumáticos,1.02,0.79,876.33,True
MT001203,20250307,EQ0056,A006,WT1,P1,Obstrucción de chute,Correas,2.18,1.66,4093.16,True
MT001204,20250103,EQ0026,A013,WT2,P3,Desgaste de revestimientos,Eléctrico,8.0,7.41,6269.53,False
MT001205,20250606,EQ0024,A017,WT2,P3,Falla de instrumentación,Control,14.12,6.07,20854.59,False
MT001206,20250130,EQ0021,A017,WT1,P1,Falla de transmisión,Mecánico,9.38,4.99,12664.25,True
MT001207,20250507,EQ0022,A009,WT1,P1,Deriva de sensor,Seguridad,1.73,1.4,2211.19,True
MT001208,20250402,EQ0023,A017,WT2,P2,Falla de instrumentación,Control,34.92,31.99,78957.27,False
MT001209,20250520,EQ0018,A004,WT1,P4,Falla de motor,Energía,0.32,0.18,153.77,True
MT001210,20250628,EQ0049,A004,WT1,P1,Falla de motor,Neumáticos,1.27,0.82,2580.98,True
MT001211,20250105,EQ0029,A005,WT1,P3,Falla eléctrica,Chancado,6.87,6.05,3267.41,True
MT001212,20250303,EQ0046,A004,WT1,P4,Falla de pala,Control,1.25,0.87,1516.88,True
MT001213,20250604,EQ0004,A004,WT2,P2,Fuga hidráulica,Hidráulico,24.92,17.36,56715.13,False
MT001214,20250602,EQ0012,A008,WT1,P1,Desgaste de revestimientos,Molienda,2.54,2.31,1237.25,True
MT001215,20250201,EQ0002,A004,WT1,P2,Falla de transmisión,Hidráulico,2.83,1.55,3266.11,True
MT001216,20250414,EQ0055,A017,WT1,P2,Pérdida de comunicación PLC,Control,6.14,4.52,10218.14,True
MT001217,20250109,EQ0044,A005,WT1,P1,Falla de motor,Mecánico,4.17,1.84,7927.44,True
MT001218,20250501,EQ0052,A004,WT2,P2,Obstrucción de chute,Instrumentación,3.98,2.33,1835.78,False
MT001219,20250602,EQ0023,A017,WT1,P3,Pérdida de comunicación PLC,Control,1.19,0.45,2556.84,True
MT001220,20250327,EQ0048,A004,WT1,P4,Fuga hidráulica,Hidráulico,2.86,1.55,4631.25,True
MT001221,20250614,EQ0021,A017,WT1,P3,Alta vibración,Mecánico,3.78,1.66,1727.14,True
MT001222,20250124,EQ0059,A004,WT1,P3,Fuga hidráulica,Mecánico,2.03,0.91,1301.95,True
MT001223,20250527,EQ0039,A010,WT1,P1,Falla de instrumentación,Eléctrico,1.27,0.91,2921.63,True
MT001224,20250505,EQ0056,A006,WT1,P3,Obstrucción de chute,Correas,5.18,4.4,8294.82,True
MT001225,20250318,EQ0040,A017,WT2,P4,Falla de instrumentación,Control,17.06,15.62,13203.29,False
MT001226,20250305,EQ0049,A004,WT2,P2,Desgaste de neumáticos,Mecánico,5.51,2.4,7355.03,False
MT001227,20250110,EQ0055,A017,WT1,P4,Pérdida de comunicación PLC,Control,6.25,3.27,7439.62,True
MT001228,20250102,EQ0003,A017,WT1,P2,Pérdida de comunicación PLC,Control,2.63,1.84,1403.69,True
MT001229,20250112,EQ0037,A005,WT1,P3,Alta vibración,Chancado,6.08,2.36,12357.99,True
MT001230,20250507,EQ0029,A005,WT1,P3,Alta vibración,Chancado,6.41,2.97,7282.3,True
MT001231,20250522,EQ0018,A004,WT1,P1,Alta vibración,Eléctrico,4.67,3.72,7296.08,True
MT001232,20250629,EQ0038,A010,WT2,P3,Desgaste de neumáticos,Energía,13.74,7.3,23904.34,False
MT001233,20250521,EQ0002,A004,WT2,P3,Desgaste de neumáticos,Neumáticos,2.43,2.0,7202.73,False
MT001234,20250224,EQ0013,A005,WT1,P3,Alta vibración,Chancado,3.52,3.03,5657.67,True
MT001235,20250226,EQ0025,A010,WT1,P3,Corte de correa,Seguridad,4.34,2.22,4281.99,True
MT001236,20250427,EQ0021,A017,WT1,P2,Fuga hidráulica,Mecánico,6.03,5.18,14162.43,True
MT001237,20250112,EQ0048,A004,WT1,P3,Falla de pala,Control,0.38,0.31,761.43,True
MT001238,20250508,EQ0008,A017,WT2,P1,Deriva de sensor,Control,5.6,2.62,11333.81,False
MT001239,20250320,EQ0033,A008,WT2,P4,Alta vibración,Molienda,15.5,9.5,9362.11,False
MT001240,20250308,EQ0026,A013,WT2,P2,Falla eléctrica,Energía,17.88,13.57,9365.64,False
MT001241,20250324,EQ0035,A012,WT1,P2,Falla de bomba de pulpa,Bombas,1.55,1.23,1712.22,True
MT001242,20250506,EQ0057,A004,WT1,P2,Desgaste de neumáticos,Mecánico,5.74,2.63,19478.63,True
MT001243,20250614,EQ0052,A004,WT1,P4,Desalineamiento de correa,Instrumentación,4.39,3.4,4699.5,True
MT001244,20250519,EQ0031,A006,WT1,P3,Obstrucción de chute,Correas,1.13,0.64,692.47,True
MT001245,20250221,EQ0038,A010,WT2,P4,Falla de motor,Eléctrico,10.1,4.61,23291.78,False
MT001246,20250201,EQ0039,A010,WT2,P3,Falla de motor,Mecánico,8.02,5.2,4313.99,False
MT001247,20250112,EQ0026,A013,WT1,P4,Desgaste de revestimientos,Energía,4.91,2.79,10992.13,True
MT001248,20250413,EQ0037,A005,WT1,P2,Bloqueo de chancador,Chancado,3.09,1.73,3674.97,True
MT001249,20250202,EQ0035,A012,WT2,P1,Baja presión,Bombas,11.05,8.04,18014.14,False
MT001250,20250513,EQ0027,A017,WT2,P1,Falla de instrumentación,Control,4.01,3.27,2643.3,False
MT001251,20250609,EQ0023,A017,WT2,P3,Deriva de sensor,Control,0.36,0.33,317.9,False
MT001252,20250108,EQ0018,A004,WT1,P4,Desalineamiento de correa,Instrumentación,3.44,1.67,5801.09,True
MT001253,20250109,EQ0048,A004,WT1,P3,Alta vibración,Hidráulico,1.07,0.96,2369.61,True
MT001254,20250404,EQ0045,A012,WT2,P4,Falla de bomba de pulpa,Bombas,4.43,3.81,5885.88,False
MT001255,20250101,EQ0050,A013,WT2,P3,Sobrecalentamiento,Energía,5.52,4.46,6447.4,False
MT001256,20250101,EQ0039,A010,WT1,P4,Falla de sello mecánico,Mecánico,4.32,3.84,9995.6,True
MT001257,20250630,EQ0002,A004,WT1,P2,Falla de motor,Neumáticos,5.01,3.0,4794.44,True
MT001258,20250517,EQ0057,A004,WT2,P2,Falla de transmisión,Hidráulico,5.74,4.12,6809.64,False
MT001259,20250301,EQ0008,A017,WT2,P2,Falla de instrumentación,Control,7.98,6.09,7443.09,False
MT001260,20250622,EQ0047,A005,WT1,P3,Falla eléctrica,Chancado,3.96,2.63,3298.21,True
MT001261,20250103,EQ0045,A012,WT2,P4,Falla de bomba de pulpa,Bombas,6.74,2.57,11444.24,False
MT001262,20250523,EQ0038,A010,WT2,P3,Falla de transmisión,Instrumentación,1.67,0.99,3573.73,False
MT001263,20250105,EQ0038,A010,WT1,P3,Falla de instrumentación,Eléctrico,11.01,9.61,8050.73,True
MT001264,20250224,EQ0040,A017,WT2,P3,Falla de instrumentación,Control,16.5,7.99,22658.5,False
MT001265,20250508,EQ0025,A010,WT2,P4,Pérdida de comunicación PLC,Mecánico,20.24,16.0,31602.16,False
MT001266,20250103,EQ0024,A017,WT1,P2,Deriva de sensor,Control,5.17,4.8,12392.8,True
MT001267,20250212,EQ0056,A006,WT1,P1,Desalineamiento de correa,Correas,1.96,1.41,3346.65,True
MT001268,20250225,EQ0059,A004,WT2,P1,Alta vibración,Hidráulico,0.45,0.29,665.03,False
MT001269,20250418,EQ0050,A013,WT1,P3,Falla de instrumentación,Eléctrico,2.4,1.4,3945.4,True
MT001270,20250301,EQ0056,A006,WT2,P2,Desalineamiento de correa,Correas,9.03,5.21,9904.35,False
MT001271,20250424,EQ0047,A005,WT2,P3,Alta vibración,Chancado,11.9,4.69,17572.42,False
MT001272,20250130,EQ0030,A017,WT2,P2,Pérdida de comunicación PLC,Control,5.56,5.26,13228.17,False
MT001273,20250408,EQ0053,A004,WT1,P3,Trip de variador,Seguridad,7.12,3.13,6264.07,True
MT001274,20250126,EQ0016,A005,WT1,P2,Falla de sello mecánico,Mecánico,5.33,4.01,6237.45,True
MT001275,20250104,EQ0038,A010,WT1,P1,Baja presión,Eléctrico,3.05,1.58,4434.42,True
MT001276,20250606,EQ0057,A004,WT2,P3,Falla de transmisión,Hidráulico,7.96,3.77,5867.08,False
MT001277,20250212,EQ0058,A008,WT1,P4,Trip de variador,Molienda,4.05,2.13,5885.55,True
MT001278,20250410,EQ0003,A017,WT2,P2,Deriva de sensor,Control,1.9,1.49,1365.16,False
MT001279,20250530,EQ0024,A017,WT2,P3,Deriva de sensor,Control,24.6,22.13,23758.06,False
MT001280,20250130,EQ0006,A004,WT1,P3,Falla de transmisión,Seguridad,0.8,0.63,1586.22,True
MT001281,20250216,EQ0034,A005,WT2,P3,Falla de transmisión,Energía,2.99,2.08,4487.46,False
MT001282,20250222,EQ0057,A004,WT2,P3,Desgaste de neumáticos,Mecánico,1.73,1.25,1807.5,False
MT001283,20250517,EQ0060,A004,WT1,P1,Falla de bomba de pulpa,Energía,5.74,2.6,11771.17,True
MT001284,20250531,EQ0045,A012,WT2,P2,Falla de bomba de pulpa,Bombas,8.22,5.04,11232.84,False
MT001285,20250105,EQ0020,A004,WT1,P2,Falla de pala,Control,4.98,2.32,2700.86,True
MT001286,20250420,EQ0037,A005,WT2,P3,Falla eléctrica,Chancado,12.62,8.17,17374.49,False
MT001287,20250406,EQ0008,A017,WT2,P1,Deriva de sensor,Control,18.95,15.71,34748.09,False
MT001288,20250412,EQ0015,A010,WT2,P3,Obstrucción de chute,Energía,4.42,2.3,6558.96,False
MT001289,20250614,EQ0037,A005,WT2,P2,Bloqueo de chancador,Chancado,10.01,8.98,6405.38,False
MT001290,20250123,EQ0045,A012,WT2,P2,Falla de sello mecánico,Bombas,7.34,5.64,12450.34,False
MT001291,20250525,EQ0043,A009,WT2,P3,Alta vibración,Mecánico,9.07,5.04,6564.63,False
MT001292,20250501,EQ0022,A009,WT1,P3,Baja presión,Eléctrico,1.9,1.49,926.12,True
MT001293,20250124,EQ0039,A010,WT2,P3,Deriva de sensor,Energía,5.04,3.02,2483.83,False
MT001294,20250425,EQ0032,A010,WT1,P2,Deriva de sensor,Mecánico,3.18,2.09,2786.43,True
MT001295,20250628,EQ0012,A008,WT1,P3,Desgaste de revestimientos,Molienda,1.36,0.97,1076.69,True
MT001296,20250627,EQ0030,A017,WT1,P1,Falla de instrumentación,Control,4.1,1.66,3726.39,True
MT001297,20250211,EQ0018,A004,WT1,P2,Sobrecalentamiento,Mecánico,2.96,1.78,4638.28,True
MT001298,20250410,EQ0026,A013,WT2,P3,Falla de motor,Seguridad,16.24,11.75,37667.76,False
MT001299,20250621,EQ0021,A017,WT2,P3,Corte de correa,Eléctrico,25.79,17.52,32635.32,False
MT001300,20250514,EQ0024,A017,WT1,P3,Pérdida de comunicación PLC,Control,4.24,2.55,6815.0,True
MT001301,20250501,EQ0010,A004,WT2,P3,Falla de pala,Mecánico,10.51,5.46,17672.94,False
MT001302,20250329,EQ0031,A006,WT1,P4,Desalineamiento de correa,Correas,2.68,1.64,4774.92,True
MT001303,20250624,EQ0016,A005,WT2,P1,Desgaste de neumáticos,Eléctrico,16.98,10.91,37340.87,False
MT001304,20250611,EQ0024,A017,WT2,P4,Falla de instrumentación,Control,10.34,7.25,18489.24,False
MT001305,20250403,EQ0002,A004,WT1,P3,Falla de transmisión,Hidráulico,3.67,2.56,11808.12,True
MT001306,20250401,EQ0013,A005,WT1,P2,Bloqueo de chancador,Chancado,6.45,4.92,4802.29,True
MT001307,20250125,EQ0058,A008,WT1,P2,Alta vibración,Molienda,1.25,0.52,772.81,True
MT001308,20250516,EQ0008,A017,WT2,P3,Falla de instrumentación,Control,3.58,2.96,5982.41,False
MT001309,20250227,EQ0051,A004,WT1,P2,Sobrecalentamiento,Instrumentación,2.96,1.22,1382.78,True
MT001310,20250325,EQ0055,A017,WT1,P3,Pérdida de comunicación PLC,Control,5.75,4.71,5320.67,True
MT001311,20250418,EQ0037,A005,WT1,P3,Bloqueo de chancador,Chancado,2.5,2.05,3005.08,True
MT001312,20250123,EQ0057,A004,WT2,P4,Falla de transmisión,Hidráulico,11.91,6.23,22845.37,False
MT001313,20250324,EQ0028,A010,WT2,P3,Falla de transmisión,Mecánico,18.73,17.17,8888.9,False
MT001314,20250426,EQ0059,A004,WT2,P1,Falla de pala,Hidráulico,22.71,14.68,35602.21,False
MT001315,20250418,EQ0026,A013,WT2,P4,Falla de motor,Mecánico,12.21,6.93,5919.57,False
MT001316,20250103,EQ0027,A017,WT2,P4,Deriva de sensor,Control,8.74,7.75,18791.29,False
MT001317,20250218,EQ0003,A017,WT2,P4,Pérdida de comunicación PLC,Control,14.0,6.31,29867.58,False
MT001318,20250324,EQ0051,A004,WT1,P1,Desgaste de revestimientos,Mecánico,2.45,1.88,2181.98,True
MT001319,20250614,EQ0013,A005,WT2,P3,Falla eléctrica,Chancado,13.13,12.28,13088.36,False
MT001320,20250318,EQ0042,A008,WT1,P4,Alta vibración,Molienda,6.35,2.59,6992.28,True
MT001321,20250124,EQ0004,A004,WT1,P2,Falla de pala,Mecánico,1.21,1.0,2874.42,True
MT001322,20250612,EQ0008,A017,WT2,P2,Falla de instrumentación,Control,9.12,4.24,7498.0,False
MT001323,20250205,EQ0034,A005,WT2,P4,Alta vibración,Eléctrico,4.31,2.62,7473.82,False
MT001324,20250403,EQ0044,A005,WT1,P4,Falla eléctrica,Eléctrico,0.92,0.85,1799.69,True
MT001325,20250531,EQ0002,A004,WT2,P2,Falla de transmisión,Hidráulico,15.86,14.39,21761.54,False
MT001326,20250409,EQ0037,A005,WT1,P2,Alta vibración,Chancado,0.47,0.26,535.52,True
MT001327,20250103,EQ0052,A004,WT1,P2,Falla de bomba de pulpa,Instrumentación,1.97,1.79,909.89,True
MT001328,20250330,EQ0035,A012,WT1,P2,Falla de bomba de pulpa,Bombas,3.1,2.73,5644.49,True
MT001329,20250603,EQ0046,A004,WT1,P2,Falla de pala,Hidráulico,1.99,1.3,3606.29,True
MT001330,20250407,EQ0046,A004,WT1,P2,Alta vibración,Control,1.66,1.26,1200.68,True
MT001331,20250423,EQ0015,A010,WT2,P1,Bloqueo de chancador,Instrumentación,4.33,4.0,7713.36,False
MT001332,20250107,EQ0044,A005,WT2,P3,Desgaste de neumáticos,Energía,6.9,2.92,13827.94,False
MT001333,20250407,EQ0003,A017,WT2,P1,Falla de instrumentación,Control,13.91,10.97,28670.04,False
MT001334,20250618,EQ0008,A017,WT2,P4,Falla de instrumentación,Control,4.04,1.74,2468.7,False
MT001335,20250627,EQ0024,A017,WT2,P1,Falla de instrumentación,Control,0.72,0.66,774.63,False
MT001336,20250103,EQ0004,A004,WT2,P2,Falla de pala,Control,6.18,4.29,4953.75,False
MT001337,20250213,EQ0038,A010,WT2,P1,Desgaste de neumáticos,Eléctrico,8.31,7.42,8292.87,False
MT001338,20250520,EQ0002,A004,WT1,P3,Desgaste de neumáticos,Mecánico,2.74,1.37,8788.43,True
MT001339,20250323,EQ0015,A010,WT2,P2,Deriva de sensor,Energía,19.38,10.54,25829.63,False
MT001340,20250424,EQ0034,A005,WT1,P3,Sobrecalentamiento,Energía,2.35,1.38,5572.74,True
MT001341,20250215,EQ0030,A017,WT2,P3,Pérdida de comunicación PLC,Control,25.33,17.22,13558.47,False
MT001342,20250612,EQ0051,A004,WT1,P3,Falla de sello mecánico,Seguridad,1.72,0.73,3891.63,True
MT001343,20250627,EQ0053,A004,WT1,P3,Trip de variador,Seguridad,3.73,3.12,6278.98,True
MT001344,20250604,EQ0023,A017,WT2,P4,Deriva de sensor,Control,7.41,5.81,16756.69,False
MT001345,20250507,EQ0024,A017,WT1,P2,Falla de instrumentación,Control,14.04,10.85,28498.77,True
MT001346,20250422,EQ0018,A004,WT1,P3,Falla de instrumentación,Eléctrico,1.55,1.05,1060.48,True
MT001347,20250618,EQ0055,A017,WT1,P3,Pérdida de comunicación PLC,Control,4.13,3.49,3891.21,True
MT001348,20250512,EQ0007,A004,WT1,P3,Alta vibración,Control,4.54,4.14,7266.6,True
MT001349,20250402,EQ0046,A004,WT1,P1,Fuga hidráulica,Control,11.77,6.2,25674.62,True
MT001350,20250317,EQ0008,A017,WT2,P4,Pérdida de comunicación PLC,Control,10.25,9.1,14810.09,False
MT001351,20250115,EQ0037,A005,WT2,P2,Bloqueo de chancador,Chancado,2.63,1.18,4239.31,False
MT001352,20250509,EQ0040,A017,WT2,P1,Deriva de sensor,Control,21.49,10.71,13490.65,False
MT001353,20250125,EQ0017,A017,WT1,P3,Falla de instrumentación,Control,1.18,0.55,1878.76,True
MT001354,20250409,EQ0059,A004,WT2,P2,Alta vibración,Hidráulico,6.58,4.12,5795.76,False
MT001355,20250509,EQ0005,A017,WT2,P2,Pérdida de comunicación PLC,Control,14.78,11.85,13095.42,False
MT001356,20250429,EQ0057,A004,WT2,P2,Falla de transmisión,Mecánico,8.1,5.67,21041.97,False
MT001357,20250606,EQ0042,A008,WT2,P3,Desgaste de revestimientos,Molienda,7.07,4.63,13019.92,False
MT001358,20250430,EQ0058,A008,WT2,P3,Trip de variador,Molienda,13.46,12.74,13939.14,False
MT001359,20250513,EQ0040,A017,WT1,P4,Pérdida de comunicación PLC,Control,7.52,5.6,5219.78,True
MT001360,20250529,EQ0046,A004,WT1,P3,Falla de pala,Control,4.99,2.07,11343.16,True
MT001361,20250601,EQ0047,A005,WT1,P2,Alta vibración,Chancado,1.68,0.9,1127.99,True
MT001362,20250421,EQ0026,A013,WT1,P1,Desgaste de neumáticos,Energía,4.48,2.66,2984.68,True
MT001363,20250603,EQ0019,A004,WT1,P3,Corte de correa,Energía,3.77,1.69,3056.64,True
MT001364,20250227,EQ0046,A004,WT1,P3,Falla de pala,Mecánico,2.68,1.88,5048.02,True
MT001365,20250521,EQ0056,A006,WT2,P3,Obstrucción de chute,Correas,5.04,4.05,5021.73,False
MT001366,20250223,EQ0012,A008,WT2,P3,Trip de variador,Molienda,43.74,23.49,83613.11,False
MT001367,20250501,EQ0007,A004,WT1,P3,Alta vibración,Control,4.67,4.38,9644.93,True
MT001368,20250601,EQ0026,A013,WT1,P2,Falla de motor,Mecánico,4.82,3.65,5069.08,True
MT001369,20250204,EQ0033,A008,WT2,P2,Desgaste de revestimientos,Molienda,8.98,8.06,9958.01,False
MT001370,20250509,EQ0052,A004,WT1,P2,Trip de variador,Mecánico,3.59,2.64,7260.81,True
MT001371,20250125,EQ0002,A004,WT1,P4,Falla de motor,Mecánico,2.38,2.1,3135.24,True
MT001372,20250205,EQ0021,A017,WT1,P2,Falla de transmisión,Energía,5.41,2.32,6785.08,True
MT001373,20250115,EQ0049,A004,WT2,P3,Desgaste de neumáticos,Mecánico,4.84,3.75,5934.66,False
MT001374,20250630,EQ0060,A004,WT2,P4,Falla de transmisión,Energía,7.87,5.18,9545.42,False
MT001375,20250520,EQ0054,A004,WT2,P3,Falla de instrumentación,Mecánico,8.21,6.45,8531.72,False
MT001376,20250208,EQ0046,A004,WT1,P4,Fuga hidráulica,Mecánico,5.86,3.39,11996.0,True
MT001377,20250314,EQ0050,A013,WT2,P3,Baja presión,Energía,8.73,6.38,6084.17,False
MT001378,20250225,EQ0005,A017,WT2,P2,Falla de instrumentación,Control,6.17,5.62,14249.11,False
MT001379,20250301,EQ0037,A005,WT2,P4,Alta vibración,Chancado,14.78,5.78,20473.53,False
MT001380,20250515,EQ0037,A005,WT1,P2,Bloqueo de chancador,Chancado,0.67,0.51,1060.81,True
MT001381,20250106,EQ0001,A005,WT1,P3,Desgaste de revestimientos,Instrumentación,3.16,2.2,5892.46,True
MT001382,20250326,EQ0028,A010,WT1,P3,Bloqueo de chancador,Energía,5.66,3.41,9172.39,True
MT001383,20250616,EQ0001,A005,WT1,P3,Falla eléctrica,Instrumentación,0.83,0.39,956.16,True
MT001384,20250129,EQ0054,A004,WT2,P3,Falla de motor,Mecánico,11.1,4.48,5572.42,False
MT001385,20250308,EQ0019,A004,WT2,P3,Falla de instrumentación,Seguridad,11.1,6.29,23606.43,False
MT001386,20250604,EQ0026,A013,WT1,P2,Alta vibración,Seguridad,7.64,5.97,9790.61,True
MT001387,20250207,EQ0006,A004,WT1,P4,Falla de sello mecánico,Instrumentación,2.51,2.33,5216.28,True
MT001388,20250201,EQ0047,A005,WT1,P2,Alta vibración,Chancado,0.35,0.32,299.13,True
MT001389,20250313,EQ0014,A017,WT1,P2,Falla de instrumentación,Control,1.08,0.83,2461.93,True
MT001390,20250525,EQ0022,A009,WT1,P3,Bloqueo de chancador,Eléctrico,1.09,0.59,1103.79,True
MT001391,20250201,EQ0038,A010,WT2,P2,Falla de pala,Energía,19.56,15.45,35719.8,False
MT001392,20250423,EQ0009,A017,WT2,P2,Falla de instrumentación,Control,9.02,7.62,6475.19,False
MT001393,20250417,EQ0055,A017,WT2,P3,Falla de instrumentación,Control,14.76,7.52,27061.0,False
MT001394,20250317,EQ0028,A010,WT2,P3,Obstrucción de chute,Mecánico,21.5,19.33,18925.14,False
MT001395,20250320,EQ0002,A004,WT1,P3,Desgaste de neumáticos,Hidráulico,12.55,8.79,21053.3,True
MT001396,20250621,EQ0019,A004,WT2,P3,Sobrecalentamiento,Energía,8.56,7.82,5973.86,False
MT001397,20250415,EQ0034,A005,WT2,P2,Falla eléctrica,Seguridad,3.44,1.8,5349.96,False
MT001398,20250328,EQ0047,A005,WT1,P3,Falla eléctrica,Chancado,1.15,1.09,2065.55,True
MT001399,20250523,EQ0013,A005,WT1,P2,Bloqueo de chancador,Chancado,2.65,2.19,2311.44,True
MT001400,20250429,EQ0040,A017,WT1,P1,Falla de instrumentación,Control,1.97,1.37,2104.74,True
MT001401,20250115,EQ0003,A017,WT2,P3,Falla de instrumentación,Control,1.9,1.19,2769.06,False
MT001402,20250203,EQ0038,A010,WT2,P2,Desalineamiento de correa,Eléctrico,5.55,2.79,10031.48,False
MT001403,20250619,EQ0018,A004,WT2,P2,Deriva de sensor,Energía,9.89,8.89,7792.2,False
MT001404,20250302,EQ0052,A004,WT2,P2,Fuga hidráulica,Eléctrico,6.46,2.67,12858.01,False
MT001405,20250420,EQ0060,A004,WT1,P1,Trip de variador,Mecánico,0.98,0.39,534.56,True
MT001406,20250505,EQ0018,A004,WT1,P4,Trip de variador,Energía,1.73,0.82,2229.35,True
MT001407,20250106,EQ0056,A006,WT2,P4,Obstrucción de chute,Correas,15.32,11.15,12472.58,False
MT001408,20250324,EQ0034,A005,WT2,P1,Baja presión,Mecánico,5.55,5.19,4282.16,False
MT001409,20250425,EQ0007,A004,WT1,P3,Alta vibración,Mecánico,2.71,1.05,3282.21,True
MT001410,20250523,EQ0036,A004,WT1,P3,Desalineamiento de correa,Seguridad,1.44,1.2,3187.76,True
MT001411,20250404,EQ0038,A010,WT2,P4,Bloqueo de chancador,Eléctrico,6.44,3.85,13358.02,False
MT001412,20250416,EQ0004,A004,WT1,P4,Falla de pala,Control,3.43,2.57,3762.29,True
MT001413,20250209,EQ0045,A012,WT2,P3,Falla de sello mecánico,Bombas,5.73,2.97,2809.69,False
MT001414,20250604,EQ0025,A010,WT2,P2,Trip de variador,Instrumentación,6.17,4.23,6753.54,False
MT001415,20250217,EQ0060,A004,WT2,P3,Falla de bomba de pulpa,Energía,5.01,3.93,3843.25,False
MT001416,20250309,EQ0051,A004,WT1,P3,Sobrecalentamiento,Mecánico,1.12,0.83,1054.14,True
MT001417,20250125,EQ0002,A004,WT1,P3,Desgaste de neumáticos,Neumáticos,5.79,4.38,10849.56,True
MT001418,20250511,EQ0031,A006,WT1,P2,Desalineamiento de correa,Correas,0.91,0.47,1656.0,True
MT001419,20250502,EQ0013,A005,WT2,P2,Bloqueo de chancador,Chancado,13.15,12.26,31035.39,False
MT001420,20250203,EQ0034,A005,WT1,P3,Fuga hidráulica,Mecánico,0.39,0.19,328.71,True
MT001421,20250210,EQ0049,A004,WT2,P1,Falla de motor,Neumáticos,5.78,2.5,15514.17,False
MT001422,20250517,EQ0032,A010,WT1,P2,Fuga hidráulica,Energía,4.71,1.97,8816.92,True
MT001423,20250302,EQ0047,A005,WT1,P3,Alta vibración,Chancado,3.63,1.55,2255.95,True
MT001424,20250302,EQ0050,A013,WT2,P3,Falla de pala,Eléctrico,18.84,11.76,24451.57,False
MT001425,20250319,EQ0005,A017,WT2,P2,Pérdida de comunicación PLC,Control,5.47,2.3,2810.37,False
MT001426,20250627,EQ0060,A004,WT1,P2,Baja presión,Mecánico,6.24,5.06,10176.11,True
MT001427,20250404,EQ0037,A005,WT1,P2,Falla eléctrica,Chancado,5.64,3.21,6821.96,True
MT001428,20250313,EQ0031,A006,WT1,P2,Obstrucción de chute,Correas,3.78,1.79,5705.79,True
MT001429,20250224,EQ0042,A008,WT2,P4,Trip de variador,Molienda,10.27,6.76,5362.03,False
MT001430,20250511,EQ0007,A004,WT2,P2,Falla de pala,Control,12.39,8.96,15094.86,False
MT001431,20250619,EQ0010,A004,WT1,P3,Alta vibración,Mecánico,1.62,0.63,2420.03,True
MT001432,20250527,EQ0005,A017,WT2,P2,Pérdida de comunicación PLC,Control,7.31,4.25,6215.08,False
MT001433,20250202,EQ0031,A006,WT1,P3,Obstrucción de chute,Correas,2.63,1.51,5012.47,True
MT001434,20250508,EQ0015,A010,WT1,P4,Fuga hidráulica,Mecánico,4.56,3.79,10508.06,True
MT001435,20250224,EQ0040,A017,WT2,P1,Pérdida de comunicación PLC,Control,5.44,3.08,11743.58,False
MT001436,20250325,EQ0008,A017,WT1,P2,Deriva de sensor,Control,5.45,2.89,12585.18,True
MT001437,20250112,EQ0021,A017,WT1,P2,Alta vibración,Energía,3.13,2.38,5471.02,True
MT001438,20250412,EQ0048,A004,WT2,P2,Alta vibración,Mecánico,12.14,6.12,15851.61,False
MT001439,20250219,EQ0027,A017,WT2,P3,Pérdida de comunicación PLC,Control,1.84,1.26,3652.02,False
MT001440,20250119,EQ0036,A004,WT2,P2,Falla de motor,Eléctrico,5.73,4.75,13695.29,False
MT001441,20250116,EQ0007,A004,WT2,P1,Fuga hidráulica,Control,9.57,7.35,22609.94,False
MT001442,20250519,EQ0029,A005,WT1,P2,Falla eléctrica,Chancado,8.43,6.87,12899.61,True
MT001443,20250522,EQ0038,A010,WT1,P3,Desalineamiento de correa,Eléctrico,3.75,1.71,8114.12,True
MT001444,20250501,EQ0020,A004,WT1,P2,Fuga hidráulica,Control,5.8,5.05,13289.53,True
MT001445,20250102,EQ0018,A004,WT1,P2,Falla de sello mecánico,Eléctrico,3.03,2.79,4172.16,True
MT001446,20250529,EQ0006,A004,WT1,P1,Obstrucción de chute,Eléctrico,2.95,1.9,6428.51,True
MT001447,20250128,EQ0036,A004,WT1,P3,Trip de variador,Mecánico,2.7,2.18,5696.9,True
MT001448,20250301,EQ0002,A004,WT1,P2,Desgaste de neumáticos,Mecánico,2.09,1.89,1986.88,True
MT001449,20250518,EQ0036,A004,WT1,P3,Falla de motor,Energía,5.44,4.47,3079.59,True
MT001450,20250618,EQ0026,A013,WT2,P4,Alta vibración,Instrumentación,18.16,15.17,14328.21,False
MT001451,20250313,EQ0021,A017,WT2,P3,Trip de variador,Instrumentación,2.63,1.19,2351.19,False
MT001452,20250426,EQ0015,A010,WT1,P2,Deriva de sensor,Seguridad,5.07,4.19,11916.37,True
MT001453,20250303,EQ0009,A017,WT2,P4,Pérdida de comunicación PLC,Control,15.12,14.27,8966.82,False
MT001454,20250406,EQ0057,A004,WT2,P3,Falla de motor,Hidráulico,1.45,0.82,5035.94,False
MT001455,20250404,EQ0011,A004,WT1,P3,Falla de instrumentación,Instrumentación,1.56,0.97,1927.85,True
MT001456,20250616,EQ0019,A004,WT2,P2,Desgaste de neumáticos,Mecánico,4.48,2.33,9057.5,False
MT001457,20250328,EQ0016,A005,WT2,P1,Alta vibración,Seguridad,4.96,3.54,10518.37,False
MT001458,20250407,EQ0057,A004,WT1,P2,Falla de transmisión,Mecánico,9.55,4.63,14694.25,True
MT001459,20250331,EQ0008,A017,WT1,P2,Falla de instrumentación,Control,2.98,1.76,4067.06,True
MT001460,20250427,EQ0004,A004,WT1,P2,Fuga hidráulica,Hidráulico,0.62,0.32,1278.62,True
MT001461,20250321,EQ0058,A008,WT2,P2,Alta vibración,Molienda,10.9,9.1,6016.67,False
MT001462,20250624,EQ0019,A004,WT2,P1,Falla eléctrica,Instrumentación,9.33,4.25,11788.27,False
MT001463,20250421,EQ0034,A005,WT1,P1,Pérdida de comunicación PLC,Energía,5.88,4.59,10636.99,True
MT001464,20250316,EQ0024,A017,WT2,P1,Falla de instrumentación,Control,18.5,16.59,39889.78,False
MT001465,20250520,EQ0021,A017,WT2,P1,Corte de correa,Instrumentación,6.83,3.81,6149.44,False
MT001466,20250512,EQ0035,A012,WT1,P3,Baja presión,Bombas,4.12,1.78,4359.07,True
MT001467,20250204,EQ0056,A006,WT1,P2,Desalineamiento de correa,Correas,1.75,0.71,3131.39,True
MT001468,20250110,EQ0043,A009,WT1,P2,Falla de motor,Mecánico,4.18,3.58,4543.09,True
MT001469,20250317,EQ0050,A013,WT2,P2,Desalineamiento de correa,Energía,2.68,1.25,5293.15,False
MT001470,20250528,EQ0051,A004,WT1,P3,Obstrucción de chute,Mecánico,0.05,0.04,23.7,True
MT001471,20250418,EQ0025,A010,WT1,P4,Obstrucción de chute,Mecánico,1.63,0.75,892.3,True
MT001472,20250613,EQ0043,A009,WT2,P3,Alta vibración,Eléctrico,6.8,5.51,15412.67,False
MT001473,20250221,EQ0060,A004,WT1,P4,Falla de bomba de pulpa,Seguridad,2.01,1.22,3442.32,True
MT001474,20250418,EQ0001,A005,WT2,P4,Falla de motor,Eléctrico,6.06,4.82,5525.23,False
MT001475,20250105,EQ0003,A017,WT2,P4,Deriva de sensor,Control,30.85,16.61,26450.85,False
MT001476,20250616,EQ0016,A005,WT1,P2,Trip de variador,Energía,3.94,3.47,5414.75,True
MT001477,20250623,EQ0015,A010,WT1,P3,Falla de instrumentación,Mecánico,7.96,6.21,12772.7,True
MT001478,20250629,EQ0015,A010,WT1,P3,Bloqueo de chancador,Energía,3.65,1.69,2949.45,True
MT001479,20250506,EQ0002,A004,WT2,P3,Desgaste de neumáticos,Hidráulico,7.75,4.83,20869.86,False
MT001480,20250617,EQ0034,A005,WT2,P1,Falla de transmisión,Mecánico,18.49,14.27,29083.22,False
MT001481,20250506,EQ0047,A005,WT1,P3,Falla eléctrica,Chancado,1.18,1.04,1193.37,True
MT001482,20250112,EQ0038,A010,WT1,P2,Desgaste de neumáticos,Seguridad,2.96,2.54,5627.05,True
MT001483,20250527,EQ0042,A008,WT2,P2,Alta vibración,Molienda,5.76,4.38,3825.08,False
MT001484,20250528,EQ0040,A017,WT1,P2,Pérdida de comunicación PLC,Control,7.48,5.01,7194.87,True
MT001485,20250509,EQ0043,A009,WT1,P4,Falla de instrumentación,Instrumentación,4.04,3.61,7375.81,True
MT001486,20250224,EQ0016,A005,WT2,P3,Fuga hidráulica,Mecánico,10.41,7.31,17031.1,False
MT001487,20250608,EQ0036,A004,WT2,P2,Baja presión,Energía,10.61,6.5,14215.65,False
MT001488,20250217,EQ0031,A006,WT1,P1,Desalineamiento de correa,Correas,0.74,0.48,385.48,True
MT001489,20250415,EQ0024,A017,WT2,P2,Falla de instrumentación,Control,2.91,2.66,1547.92,False
MT001490,20250204,EQ0038,A010,WT2,P3,Alta vibración,Seguridad,4.77,4.19,11273.52,False
MT001491,20250618,EQ0049,A004,WT1,P2,Desgaste de neumáticos,Mecánico,4.13,2.92,6968.66,True
MT001492,20250209,EQ0060,A004,WT2,P4,Corte de correa,Energía,3.29,3.06,4610.47,False
MT001493,20250102,EQ0016,A005,WT2,P4,Desgaste de neumáticos,Mecánico,3.54,2.54,4384.11,False
MT001494,20250424,EQ0049,A004,WT1,P1,Desgaste de neumáticos,Neumáticos,2.68,2.05,2790.51,True
MT001495,20250128,EQ0012,A008,WT1,P1,Trip de variador,Molienda,2.66,1.7,4084.1,True
MT001496,20250307,EQ0026,A013,WT1,P1,Bloqueo de chancador,Seguridad,1.54,0.86,895.51,True
MT001497,20250219,EQ0035,A012,WT2,P1,Baja presión,Bombas,3.98,2.7,5372.02,False
MT001498,20250611,EQ0015,A010,WT1,P3,Falla de transmisión,Seguridad,10.63,9.13,7590.0,True
MT001499,20250114,EQ0055,A017,WT2,P3,Pérdida de comunicación PLC,Control,5.08,4.7,3030.13,False
MT001500,20250127,EQ0007,A004,WT1,P4,Fuga hidráulica,Control,5.63,2.17,4984.25,True
MT001501,20250501,EQ0049,A004,WT2,P3,Falla de transmisión,Neumáticos,6.6,5.24,14059.78,False
MT001502,20250426,EQ0040,A017,WT1,P3,Pérdida de comunicación PLC,Control,4.33,3.67,3689.47,True
MT001503,20250117,EQ0033,A008,WT2,P4,Alta vibración,Molienda,19.52,8.13,39211.51,False
MT001504,20250207,EQ0031,A006,WT1,P2,Corte de correa,Correas,4.49,1.9,2782.94,True
MT001505,20250602,EQ0010,A004,WT1,P1,Fuga hidráulica,Mecánico,1.24,0.96,934.0,True
MT001506,20250527,EQ0041,A017,WT2,P1,Bloqueo de chancador,Eléctrico,9.59,4.21,20520.8,False
MT001507,20250314,EQ0047,A005,WT1,P3,Falla eléctrica,Chancado,2.36,2.02,4869.11,True
MT001508,20250119,EQ0054,A004,WT2,P1,Trip de variador,Energía,3.32,2.52,3488.43,False
MT001509,20250515,EQ0022,A009,WT1,P3,Desgaste de neumáticos,Energía,1.92,1.46,1945.13,True
MT001510,20250423,EQ0049,A004,WT1,P1,Falla de transmisión,Mecánico,5.5,4.73,15336.63,True
MT001511,20250222,EQ0016,A005,WT1,P3,Desgaste de neumáticos,Mecánico,1.85,1.37,2539.92,True
MT001512,20250505,EQ0032,A010,WT1,P4,Baja presión,Energía,5.53,2.14,3663.19,True
MT001513,20250118,EQ0030,A017,WT2,P2,Pérdida de comunicación PLC,Control,4.57,2.15,9268.35,False
MT001514,20250122,EQ0058,A008,WT2,P3,Desgaste de revestimientos,Molienda,6.1,3.37,10068.95,False
MT001515,20250204,EQ0057,A004,WT1,P3,Falla de motor,Mecánico,6.58,4.57,11459.82,True
MT001516,20250211,EQ0050,A013,WT2,P2,Falla de motor,Instrumentación,6.13,5.72,12896.81,False
MT001517,20250428,EQ0031,A006,WT2,P2,Desalineamiento de correa,Correas,3.75,3.3,5406.93,False
MT001518,20250303,EQ0054,A004,WT1,P2,Sobrecalentamiento,Eléctrico,1.64,1.4,3182.59,True
MT001519,20250401,EQ0038,A010,WT2,P4,Trip de variador,Eléctrico,8.49,7.68,9387.59,False
MT001520,20250528,EQ0019,A004,WT2,P3,Desgaste de revestimientos,Seguridad,16.21,9.26,27744.78,False
MT001521,20250429,EQ0059,A004,WT1,P3,Fuga hidráulica,Hidráulico,1.63,1.3,3828.06,True
MT001522,20250202,EQ0032,A010,WT1,P2,Bloqueo de chancador,Instrumentación,3.83,2.2,5047.65,True
MT001523,20250531,EQ0007,A004,WT1,P2,Fuga hidráulica,Mecánico,2.29,1.24,4284.36,True
MT001524,20250311,EQ0028,A010,WT1,P1,Falla eléctrica,Mecánico,6.4,4.71,8047.04,True
MT001525,20250125,EQ0041,A017,WT1,P2,Falla de motor,Instrumentación,14.14,9.85,25888.45,True
MT001526,20250605,EQ0007,A004,WT1,P2,Alta vibración,Mecánico,3.62,1.89,4849.77,True
MT001527,20250129,EQ0023,A017,WT2,P3,Pérdida de comunicación PLC,Control,15.86,14.89,16948.93,False
MT001528,20250409,EQ0047,A005,WT1,P1,Bloqueo de chancador,Chancado,4.11,2.9,4826.42,True
MT001529,20250604,EQ0029,A005,WT2,P3,Bloqueo de chancador,Chancado,2.12,1.81,3631.67,False
MT001530,20250601,EQ0039,A010,WT2,P4,Desgaste de neumáticos,Instrumentación,4.91,2.42,3901.67,False
MT001531,20250126,EQ0019,A004,WT1,P3,Baja presión,Mecánico,1.26,1.17,754.98,True
MT001532,20250204,EQ0034,A005,WT1,P3,Pérdida de comunicación PLC,Mecánico,2.82,1.6,6583.14,True
MT001533,20250227,EQ0005,A017,WT2,P2,Deriva de sensor,Control,12.39,8.47,27966.75,False
MT001534,20250517,EQ0060,A004,WT2,P4,Fuga hidráulica,Seguridad,8.09,5.47,13245.82,False
MT001535,20250421,EQ0021,A017,WT1,P3,Pérdida de comunicación PLC,Eléctrico,3.91,3.21,7485.03,True
MT001536,20250309,EQ0014,A017,WT1,P2,Deriva de sensor,Control,6.99,6.37,13250.01,True
MT001537,20250117,EQ0052,A004,WT1,P1,Bloqueo de chancador,Energía,1.31,1.19,1466.08,True
MT001538,20250317,EQ0052,A004,WT2,P3,Falla de motor,Eléctrico,5.34,4.12,11308.35,False
MT001539,20250612,EQ0023,A017,WT1,P2,Pérdida de comunicación PLC,Control,3.87,3.14,8358.59,True
MT001540,20250622,EQ0042,A008,WT1,P3,Trip de variador,Molienda,6.6,2.93,3004.55,True
MT001541,20250511,EQ0017,A017,WT1,P3,Deriva de sensor,Control,3.44,1.66,5779.41,True
MT001542,20250328,EQ0058,A008,WT2,P3,Desgaste de revestimientos,Molienda,4.8,2.03,11221.7,False
MT001543,20250329,EQ0030,A017,WT1,P2,Falla de instrumentación,Control,11.43,10.73,13796.79,True
MT001544,20250108,EQ0016,A005,WT1,P4,Falla de motor,Seguridad,8.69,5.25,9851.97,True
MT001545,20250530,EQ0003,A017,WT2,P1,Deriva de sensor,Control,2.93,2.15,2924.67,False
MT001546,20250109,EQ0005,A017,WT2,P3,Pérdida de comunicación PLC,Control,18.58,11.19,13355.56,False
MT001547,20250501,EQ0009,A017,WT2,P4,Falla de instrumentación,Control,5.59,2.18,12497.25,False
MT001548,20250521,EQ0006,A004,WT1,P1,Trip de variador,Seguridad,1.83,1.04,2076.33,True
MT001549,20250418,EQ0042,A008,WT1,P3,Desgaste de revestimientos,Molienda,3.18,2.63,6383.18,True
MT001550,20250111,EQ0019,A004,WT1,P2,Desgaste de neumáticos,Eléctrico,2.1,1.62,2011.52,True
MT001551,20250129,EQ0018,A004,WT2,P3,Baja presión,Seguridad,23.96,12.81,18224.45,False
MT001552,20250323,EQ0041,A017,WT2,P1,Falla de transmisión,Energía,2.13,1.3,1276.58,False
MT001553,20250325,EQ0058,A008,WT2,P1,Alta vibración,Molienda,31.98,20.73,60081.89,False
MT001554,20250507,EQ0035,A012,WT1,P3,Falla de sello mecánico,Bombas,1.63,1.3,2251.41,True
MT001555,20250203,EQ0047,A005,WT2,P3,Falla eléctrica,Chancado,2.25,2.13,4186.36,False
MT001556,20250502,EQ0055,A017,WT1,P2,Falla de instrumentación,Control,8.11,5.22,8954.55,True
MT001557,20250206,EQ0049,A004,WT2,P4,Falla de transmisión,Neumáticos,2.61,1.9,4906.74,False
MT001558,20250526,EQ0011,A004,WT2,P2,Obstrucción de chute,Seguridad,2.77,2.4,6470.53,False
MT001559,20250209,EQ0038,A010,WT2,P2,Falla de pala,Instrumentación,7.5,3.61,16322.14,False
MT001560,20250604,EQ0012,A008,WT2,P3,Desgaste de revestimientos,Molienda,6.77,5.21,5760.44,False
MT001561,20250110,EQ0044,A005,WT1,P1,Deriva de sensor,Mecánico,5.94,3.39,13565.81,True
MT001562,20250302,EQ0025,A010,WT2,P4,Sobrecalentamiento,Energía,15.68,12.73,7591.4,False
MT001563,20250617,EQ0060,A004,WT1,P3,Fuga hidráulica,Energía,3.05,2.29,6508.33,True
MT001564,20250614,EQ0039,A010,WT2,P3,Alta vibración,Eléctrico,11.77,5.29,23837.12,False
MT001565,20250601,EQ0005,A017,WT2,P1,Deriva de sensor,Control,7.81,5.74,14076.05,False
MT001566,20250515,EQ0043,A009,WT2,P3,Desgaste de revestimientos,Eléctrico,9.69,6.8,20487.6,False
MT001567,20250316,EQ0046,A004,WT1,P2,Fuga hidráulica,Mecánico,0.88,0.51,469.27,True
MT001568,20250207,EQ0012,A008,WT1,P1,Trip de variador,Molienda,4.4,2.78,10432.39,True
MT001569,20250426,EQ0059,A004,WT2,P2,Alta vibración,Mecánico,14.25,6.49,23870.03,False
MT001570,20250112,EQ0030,A017,WT2,P4,Deriva de sensor,Control,20.18,8.11,32442.52,False
MT001571,20250419,EQ0038,A010,WT2,P4,Trip de variador,Mecánico,11.33,5.42,16585.73,False
MT001572,20250318,EQ0020,A004,WT1,P2,Falla de pala,Mecánico,1.58,1.3,3747.76,True
MT001573,20250406,EQ0057,A004,WT1,P3,Falla de transmisión,Neumáticos,2.71,1.37,8893.17,True
MT001574,20250129,EQ0002,A004,WT1,P1,Desgaste de neumáticos,Mecánico,3.59,1.56,7242.97,True
MT001575,20250121,EQ0054,A004,WT1,P3,Desgaste de neumáticos,Seguridad,5.04,3.35,3143.25,True
MT001576,20250330,EQ0020,A004,WT1,P2,Alta vibración,Mecánico,1.23,0.78,659.73,True
MT001577,20250226,EQ0051,A004,WT2,P4,Desalineamiento de correa,Eléctrico,21.82,19.94,32418.19,False
MT001578,20250520,EQ0020,A004,WT1,P1,Falla de pala,Mecánico,2.08,1.1,2887.86,True
MT001579,20250225,EQ0005,A017,WT1,P2,Falla de instrumentación,Control,5.94,3.27,13089.21,True
MT001580,20250224,EQ0051,A004,WT1,P3,Falla de sello mecánico,Seguridad,5.13,3.59,6934.99,True
MT001581,20250610,EQ0031,A006,WT2,P2,Corte de correa,Correas,5.52,3.38,9351.3,False
MT001582,20250407,EQ0025,A010,WT2,P1,Alta vibración,Energía,9.9,6.64,5264.06,False
MT001583,20250106,EQ0034,A005,WT2,P2,Fuga hidráulica,Eléctrico,2.13,2.01,3148.2,False
MT001584,20250104,EQ0010,A004,WT2,P2,Fuga hidráulica,Mecánico,3.36,2.65,6890.83,False
MT001585,20250512,EQ0053,A004,WT2,P2,Corte de correa,Eléctrico,9.1,5.97,21293.85,False
MT001586,20250426,EQ0008,A017,WT2,P4,Pérdida de comunicación PLC,Control,25.38,22.2,19018.26,False
MT001587,20250207,EQ0048,A004,WT1,P2,Fuga hidráulica,Control,2.45,1.9,2964.7,True
MT001588,20250123,EQ0021,A017,WT2,P4,Obstrucción de chute,Seguridad,30.27,20.64,70763.04,False
MT001589,20250304,EQ0022,A009,WT1,P3,Sobrecalentamiento,Eléctrico,2.55,1.72,3053.07,True
MT001590,20250626,EQ0055,A017,WT2,P4,Pérdida de comunicación PLC,Control,20.34,18.8,37543.52,False
MT001591,20250211,EQ0004,A004,WT1,P2,Falla de pala,Hidráulico,3.21,1.6,4362.61,True
MT001592,20250617,EQ0056,A006,WT2,P3,Obstrucción de chute,Correas,17.09,11.0,40385.36,False
MT001593,20250422,EQ0040,A017,WT1,P2,Falla de instrumentación,Control,5.8,2.64,11019.53,True
MT001594,20250625,EQ0025,A010,WT1,P2,Baja presión,Seguridad,8.12,5.8,13542.49,True
MT001595,20250503,EQ0050,A013,WT1,P2,Deriva de sensor,Energía,4.57,3.65,6583.71,True
MT001596,20250411,EQ0037,A005,WT1,P4,Falla eléctrica,Chancado,1.27,0.83,2166.46,True
MT001597,20250602,EQ0026,A013,WT2,P3,Obstrucción de chute,Energía,2.65,2.0,3337.74,False
MT001598,20250117,EQ0015,A010,WT2,P2,Desgaste de neumáticos,Eléctrico,21.72,16.09,25353.05,False
MT001599,20250213,EQ0005,A017,WT2,P3,Falla de instrumentación,Control,1.51,0.82,1607.58,False
MT001600,20250206,EQ0015,A010,WT1,P2,Falla de motor,Mecánico,1.7,0.92,904.43,True
MT001601,20250305,EQ0042,A008,WT2,P1,Desgaste de revestimientos,Molienda,8.21,4.93,8874.77,False
MT001602,20250307,EQ0059,A004,WT1,P3,Falla de pala,Control,4.67,2.71,6816.56,True
MT001603,20250225,EQ0025,A010,WT2,P1,Falla de sello mecánico,Eléctrico,7.47,5.3,10603.5,False
MT001604,20250619,EQ0012,A008,WT2,P2,Trip de variador,Molienda,14.48,12.58,17780.17,False
MT001605,20250116,EQ0051,A004,WT2,P1,Falla de instrumentación,Mecánico,6.55,4.72,6393.81,False
MT001606,20250114,EQ0018,A004,WT1,P2,Deriva de sensor,Mecánico,0.76,0.32,1503.6,True
MT001607,20250319,EQ0029,A005,WT1,P2,Alta vibración,Chancado,1.4,1.15,2731.7,True
MT001608,20250116,EQ0055,A017,WT1,P2,Falla de instrumentación,Control,1.89,1.19,2764.8,True
MT001609,20250402,EQ0004,A004,WT1,P4,Falla de pala,Hidráulico,1.04,0.52,1494.23,True
MT001610,20250225,EQ0060,A004,WT1,P2,Falla de bomba de pulpa,Instrumentación,2.16,1.7,2015.99,True
MT001611,20250501,EQ0045,A012,WT2,P3,Falla de bomba de pulpa,Bombas,9.62,4.51,22873.09,False
MT001612,20250409,EQ0049,A004,WT1,P2,Falla de transmisión,Mecánico,0.32,0.19,838.57,True
MT001613,20250211,EQ0032,A010,WT1,P2,Sobrecalentamiento,Energía,3.47,3.27,8293.49,True
MT001614,20250510,EQ0059,A004,WT2,P3,Alta vibración,Hidráulico,1.61,0.74,1286.13,False
MT001615,20250402,EQ0047,A005,WT1,P2,Bloqueo de chancador,Chancado,4.64,3.9,9704.0,True
MT001616,20250313,EQ0049,A004,WT2,P1,Falla de transmisión,Mecánico,3.7,2.29,10668.29,False
MT001617,20250513,EQ0037,A005,WT2,P2,Falla eléctrica,Chancado,1.85,1.39,2579.92,False
MT001618,20250409,EQ0013,A005,WT1,P3,Bloqueo de chancador,Chancado,4.61,2.51,5575.75,True
MT001619,20250307,EQ0011,A004,WT1,P1,Desgaste de neumáticos,Instrumentación,3.7,1.5,4738.08,True
MT001620,20250521,EQ0013,A005,WT1,P2,Bloqueo de chancador,Chancado,2.84,1.74,3634.86,True
MT001621,20250501,EQ0020,A004,WT1,P2,Alta vibración,Hidráulico,3.0,2.74,5960.29,True
MT001622,20250531,EQ0017,A017,WT2,P2,Deriva de sensor,Control,15.71,6.26,31716.01,False
MT001623,20250421,EQ0060,A004,WT2,P2,Obstrucción de chute,Instrumentación,13.0,5.1,10613.62,False
MT001624,20250317,EQ0024,A017,WT1,P1,Pérdida de comunicación PLC,Control,2.79,1.4,1848.84,True
MT001625,20250306,EQ0019,A004,WT1,P2,Falla de instrumentación,Instrumentación,3.15,2.54,2949.5,True
MT001626,20250210,EQ0027,A017,WT2,P2,Pérdida de comunicación PLC,Control,4.64,2.21,2809.45,False
MT001627,20250502,EQ0048,A004,WT1,P3,Alta vibración,Mecánico,3.94,3.01,2680.88,True
MT001628,20250425,EQ0018,A004,WT2,P1,Corte de correa,Seguridad,5.42,2.45,7562.89,False
MT001629,20250304,EQ0047,A005,WT1,P4,Falla eléctrica,Chancado,2.76,1.07,3628.61,True
MT001630,20250224,EQ0022,A009,WT1,P1,Falla de pala,Seguridad,0.51,0.47,951.11,True
MT001631,20250118,EQ0058,A008,WT2,P3,Trip de variador,Molienda,45.96,39.92,63670.09,False
MT001632,20250312,EQ0029,A005,WT1,P2,Falla eléctrica,Chancado,1.84,1.47,2141.65,True
MT001633,20250208,EQ0049,A004,WT2,P4,Falla de transmisión,Hidráulico,2.5,2.24,3054.0,False
MT001634,20250115,EQ0011,A004,WT2,P2,Bloqueo de chancador,Mecánico,11.39,5.98,26069.96,False
MT001635,20250325,EQ0048,A004,WT1,P4,Falla de pala,Control,0.72,0.63,1317.11,True
MT001636,20250312,EQ0013,A005,WT2,P1,Alta vibración,Chancado,10.54,7.05,11228.68,False
MT001637,20250113,EQ0008,A017,WT1,P4,Falla de instrumentación,Control,1.01,0.46,1388.21,True
MT001638,20250630,EQ0048,A004,WT1,P4,Fuga hidráulica,Control,4.28,3.86,10020.56,True
MT001639,20250321,EQ0053,A004,WT2,P4,Falla de instrumentación,Seguridad,9.78,4.05,23405.22,False
MT001640,20250301,EQ0033,A008,WT1,P2,Trip de variador,Molienda,0.61,0.51,863.66,True
MT001641,20250320,EQ0014,A017,WT2,P2,Falla de instrumentación,Control,24.7,12.45,41785.14,False
MT001642,20250201,EQ0050,A013,WT2,P3,Bloqueo de chancador,Seguridad,22.62,10.4,21547.41,False
MT001643,20250106,EQ0010,A004,WT1,P3,Alta vibración,Control,2.36,2.12,1413.87,True
MT001644,20250313,EQ0039,A010,WT2,P1,Falla de pala,Mecánico,7.55,3.58,6825.48,False
MT001645,20250125,EQ0053,A004,WT1,P2,Trip de variador,Instrumentación,3.28,2.97,4484.14,True
MT001646,20250318,EQ0026,A013,WT2,P1,Falla de bomba de pulpa,Energía,2.48,1.42,4954.49,False
MT001647,20250519,EQ0052,A004,WT1,P2,Falla eléctrica,Seguridad,3.16,1.24,5815.15,True
MT001648,20250321,EQ0024,A017,WT1,P4,Pérdida de comunicación PLC,Control,3.45,3.18,1635.56,True
MT001649,20250310,EQ0042,A008,WT2,P1,Desgaste de revestimientos,Molienda,7.38,3.85,5455.96,False
MT001650,20250312,EQ0003,A017,WT1,P3,Deriva de sensor,Control,7.46,4.58,13517.41,True
MT001651,20250329,EQ0039,A010,WT2,P3,Desgaste de neumáticos,Seguridad,4.36,3.03,3385.36,False
MT001652,20250402,EQ0053,A004,WT2,P1,Pérdida de comunicación PLC,Mecánico,4.99,3.03,6463.79,False
MT001653,20250415,EQ0031,A006,WT2,P4,Desalineamiento de correa,Correas,6.75,3.29,9677.21,False
MT001654,20250217,EQ0050,A013,WT1,P2,Falla de bomba de pulpa,Energía,7.32,3.83,4613.93,True
MT001655,20250506,EQ0005,A017,WT2,P2,Pérdida de comunicación PLC,Control,1.48,0.87,905.34,False
MT001656,20250621,EQ0003,A017,WT2,P2,Pérdida de comunicación PLC,Control,3.53,2.5,4197.3,False
MT001657,20250204,EQ0051,A004,WT1,P4,Falla de bomba de pulpa,Mecánico,5.91,4.93,6086.4,True
MT001658,20250208,EQ0060,A004,WT2,P2,Falla de bomba de pulpa,Seguridad,8.55,3.28,4233.48,False
MT001659,20250419,EQ0037,A005,WT2,P2,Bloqueo de chancador,Chancado,13.9,10.14,13770.61,False
MT001660,20250626,EQ0056,A006,WT1,P4,Obstrucción de chute,Correas,2.78,2.55,6649.7,True
MT001661,20250108,EQ0027,A017,WT2,P3,Deriva de sensor,Control,9.21,7.07,18224.78,False
MT001662,20250303,EQ0009,A017,WT2,P2,Pérdida de comunicación PLC,Control,3.33,2.05,4244.12,False
MT001663,20250427,EQ0003,A017,WT1,P1,Pérdida de comunicación PLC,Control,9.83,7.46,7238.59,True
MT001664,20250326,EQ0018,A004,WT2,P4,Falla eléctrica,Mecánico,15.6,7.72,29170.98,False
MT001665,20250606,EQ0024,A017,WT2,P4,Deriva de sensor,Control,6.93,4.2,15069.6,False
MT001666,20250403,EQ0018,A004,WT1,P4,Desgaste de revestimientos,Seguridad,7.78,6.97,12484.07,True
MT001667,20250219,EQ0016,A005,WT1,P2,Alta vibración,Eléctrico,2.35,1.54,4889.15,True
MT001668,20250103,EQ0018,A004,WT2,P4,Corte de correa,Instrumentación,8.37,6.38,17259.47,False
MT001669,20250206,EQ0004,A004,WT1,P3,Falla de pala,Mecánico,0.57,0.24,549.46,True
MT001670,20250201,EQ0051,A004,WT1,P3,Falla de instrumentación,Mecánico,1.03,0.48,950.57,True
MT001671,20250313,EQ0032,A010,WT2,P2,Falla de pala,Seguridad,4.2,3.76,7606.83,False
MT001672,20250206,EQ0034,A005,WT2,P4,Fuga hidráulica,Energía,5.71,3.71,12015.69,False
MT001673,20250228,EQ0060,A004,WT2,P3,Falla de instrumentación,Seguridad,7.91,7.16,6845.4,False
MT001674,20250219,EQ0059,A004,WT1,P4,Alta vibración,Mecánico,0.88,0.56,1285.33,True
MT001675,20250202,EQ0001,A005,WT1,P2,Alta vibración,Eléctrico,1.98,0.79,3896.93,True
MT001676,20250419,EQ0002,A004,WT1,P3,Falla de motor,Neumáticos,4.52,1.77,14782.4,True
MT001677,20250221,EQ0027,A017,WT1,P3,Deriva de sensor,Control,6.74,3.96,6197.5,True
MT001678,20250418,EQ0032,A010,WT2,P2,Alta vibración,Mecánico,4.34,3.41,3337.25,False
MT001679,20250126,EQ0005,A017,WT1,P2,Deriva de sensor,Control,12.22,10.69,6744.02,True
MT001680,20250221,EQ0012,A008,WT1,P3,Trip de variador,Molienda,2.26,1.29,5240.69,True
MT001681,20250606,EQ0042,A008,WT1,P4,Trip de variador,Molienda,2.54,1.96,2644.77,True
MT001682,20250611,EQ0004,A004,WT2,P3,Falla de pala,Hidráulico,9.06,7.65,19711.53,False
MT001683,20250408,EQ0057,A004,WT1,P1,Falla de motor,Mecánico,1.91,1.38,5881.23,True
MT001684,20250118,EQ0014,A017,WT2,P2,Deriva de sensor,Control,11.26,6.64,22739.46,False
MT001685,20250320,EQ0044,A005,WT1,P3,Deriva de sensor,Seguridad,2.77,1.48,3005.93,True
MT001686,20250202,EQ0026,A013,WT2,P2,Falla de bomba de pulpa,Energía,4.0,3.3,5939.42,False
MT001687,20250322,EQ0007,A004,WT1,P3,Falla de pala,Hidráulico,2.91,1.29,3603.45,True
MT001688,20250508,EQ0009,A017,WT1,P3,Falla de instrumentación,Control,4.41,2.31,3351.72,True
MT001689,20250430,EQ0035,A012,WT2,P1,Falla de sello mecánico,Bombas,5.12,3.93,2999.31,False
MT001690,20250323,EQ0021,A017,WT2,P4,Falla de instrumentación,Eléctrico,11.71,5.4,27516.14,False
MT001691,20250330,EQ0025,A010,WT2,P3,Alta vibración,Energía,9.5,7.3,8869.77,False
MT001692,20250315,EQ0035,A012,WT1,P4,Baja presión,Bombas,0.96,0.66,690.31,True
MT001693,20250206,EQ0053,A004,WT2,P3,Falla de instrumentación,Seguridad,15.2,5.9,12783.54,False
MT001694,20250330,EQ0044,A005,WT2,P2,Bloqueo de chancador,Seguridad,5.68,2.34,11243.76,False
MT001695,20250529,EQ0001,A005,WT2,P4,Obstrucción de chute,Seguridad,12.41,8.89,26878.64,False
MT001696,20250314,EQ0013,A005,WT2,P4,Bloqueo de chancador,Chancado,4.93,2.02,8460.44,False
MT001697,20250103,EQ0038,A010,WT2,P2,Sobrecalentamiento,Mecánico,25.27,12.32,51578.39,False
MT001698,20250228,EQ0028,A010,WT2,P4,Falla de sello mecánico,Instrumentación,21.24,13.85,23029.5,False
MT001699,20250609,EQ0046,A004,WT1,P2,Alta vibración,Control,0.7,0.36,1534.92,True
MT001700,20250124,EQ0053,A004,WT2,P4,Desgaste de neumáticos,Instrumentación,19.27,12.58,28114.78,False
MT001701,20250404,EQ0036,A004,WT2,P2,Trip de variador,Mecánico,2.67,1.64,4344.27,False
MT001702,20250507,EQ0052,A004,WT1,P4,Desgaste de revestimientos,Eléctrico,1.69,1.34,2767.9,True
MT001703,20250418,EQ0051,A004,WT2,P4,Fuga hidráulica,Eléctrico,7.8,4.35,8357.76,False
MT001704,20250302,EQ0014,A017,WT2,P3,Falla de instrumentación,Control,12.71,7.28,25133.36,False
MT001705,20250608,EQ0028,A010,WT2,P1,Falla de transmisión,Mecánico,6.12,2.53,7465.29,False
MT001706,20250106,EQ0051,A004,WT2,P3,Bloqueo de chancador,Energía,2.09,1.17,1543.79,False
MT001707,20250225,EQ0020,A004,WT1,P2,Falla de pala,Hidráulico,8.99,7.56,17329.08,True
MT001708,20250209,EQ0027,A017,WT2,P2,Deriva de sensor,Control,7.12,4.45,11957.24,False
MT001709,20250303,EQ0060,A004,WT1,P2,Desgaste de revestimientos,Eléctrico,1.62,1.46,1972.53,True
MT001710,20250113,EQ0056,A006,WT2,P3,Desalineamiento de correa,Correas,11.17,6.79,26404.06,False
MT001711,20250426,EQ0007,A004,WT2,P3,Alta vibración,Mecánico,10.88,5.92,9577.6,False
MT001712,20250513,EQ0043,A009,WT1,P2,Alta vibración,Energía,2.24,1.98,4275.24,True
MT001713,20250218,EQ0011,A004,WT1,P4,Baja presión,Energía,5.26,3.0,9125.08,True
MT001714,20250101,EQ0024,A017,WT1,P3,Deriva de sensor,Control,5.44,4.43,11799.88,True
MT001715,20250222,EQ0037,A005,WT1,P3,Alta vibración,Chancado,2.94,2.41,6542.16,True
MT001716,20250627,EQ0019,A004,WT2,P1,Falla eléctrica,Mecánico,16.8,11.49,25409.51,False
MT001717,20250417,EQ0023,A017,WT2,P4,Falla de instrumentación,Control,5.97,5.11,3937.54,False
MT001718,20250415,EQ0030,A017,WT2,P3,Falla de instrumentación,Control,10.56,6.63,13800.14,False
MT001719,20250404,EQ0036,A004,WT2,P2,Obstrucción de chute,Energía,0.87,0.47,978.39,False
MT001720,20250105,EQ0023,A017,WT2,P4,Deriva de sensor,Control,6.24,5.74,11679.41,False
MT001721,20250420,EQ0048,A004,WT1,P2,Alta vibración,Hidráulico,1.7,1.43,1302.1,True
MT001722,20250322,EQ0013,A005,WT1,P4,Alta vibración,Chancado,3.47,2.96,4607.91,True
MT001723,20250215,EQ0042,A008,WT2,P2,Alta vibración,Molienda,6.35,2.49,4405.0,False
MT001724,20250531,EQ0053,A004,WT2,P3,Sobrecalentamiento,Seguridad,4.95,2.55,10068.13,False
MT001725,20250406,EQ0001,A005,WT1,P3,Pérdida de comunicación PLC,Eléctrico,2.44,1.83,3590.02,True
MT001726,20250214,EQ0006,A004,WT1,P3,Corte de correa,Energía,1.6,1.08,2813.37,True
MT001727,20250126,EQ0017,A017,WT2,P1,Deriva de sensor,Control,4.04,2.87,8897.89,False
MT001728,20250405,EQ0044,A005,WT1,P3,Sobrecalentamiento,Energía,2.08,1.21,1823.72,True
MT001729,20250210,EQ0057,A004,WT1,P4,Falla de transmisión,Mecánico,2.36,1.86,3775.88,True
MT001730,20250502,EQ0042,A008,WT2,P2,Alta vibración,Molienda,15.29,9.69,23056.57,False
MT001731,20250303,EQ0024,A017,WT1,P2,Falla de instrumentación,Control,6.57,3.69,3694.82,True
MT001732,20250403,EQ0025,A010,WT2,P3,Falla de pala,Seguridad,6.36,5.54,14391.73,False
MT001733,20250214,EQ0021,A017,WT2,P4,Desalineamiento de correa,Energía,7.02,2.82,8660.45,False
MT001734,20250522,EQ0026,A013,WT1,P3,Falla de instrumentación,Seguridad,0.51,0.36,719.8,True
MT001735,20250621,EQ0014,A017,WT1,P3,Deriva de sensor,Control,8.6,4.99,14878.55,True
MT001736,20250210,EQ0012,A008,WT1,P2,Alta vibración,Molienda,4.07,3.71,2491.4,True
MT001737,20250517,EQ0022,A009,WT1,P3,Desgaste de revestimientos,Instrumentación,5.24,3.12,6195.15,True
MT001738,20250614,EQ0008,A017,WT2,P4,Deriva de sensor,Control,8.64,8.0,4190.95,False
MT001739,20250125,EQ0019,A004,WT2,P2,Obstrucción de chute,Energía,0.5,0.25,554.15,False
MT001740,20250220,EQ0057,A004,WT2,P1,Desgaste de neumáticos,Mecánico,10.08,5.93,23557.88,False
MT001741,20250413,EQ0026,A013,WT2,P3,Falla eléctrica,Mecánico,12.09,8.01,21495.4,False
MT001742,20250614,EQ0036,A004,WT1,P2,Falla de transmisión,Seguridad,2.38,0.93,2539.6,True
MT001743,20250110,EQ0029,A005,WT1,P2,Falla eléctrica,Chancado,1.52,1.38,2735.45,True
MT001744,20250315,EQ0035,A012,WT1,P2,Falla de bomba de pulpa,Bombas,1.01,0.95,1972.08,True
MT001745,20250525,EQ0060,A004,WT1,P3,Trip de variador,Energía,2.96,2.07,1741.01,True
MT001746,20250415,EQ0020,A004,WT1,P3,Fuga hidráulica,Mecánico,5.23,2.74,5649.21,True
MT001747,20250316,EQ0001,A005,WT2,P2,Obstrucción de chute,Instrumentación,10.35,4.51,9791.15,False
MT001748,20250215,EQ0039,A010,WT1,P2,Falla de transmisión,Instrumentación,13.15,9.91,30484.55,True
MT001749,20250219,EQ0056,A006,WT2,P3,Corte de correa,Correas,5.14,4.09,7459.56,False
MT001750,20250608,EQ0024,A017,WT2,P2,Pérdida de comunicación PLC,Control,3.09,1.82,3912.33,False
MT001751,20250309,EQ0028,A010,WT2,P4,Falla de instrumentación,Seguridad,7.7,3.3,17476.7,False
MT001752,20250216,EQ0021,A017,WT1,P3,Falla de sello mecánico,Instrumentación,0.93,0.52,577.78,True
MT001753,20250514,EQ0001,A005,WT1,P2,Deriva de sensor,Instrumentación,9.48,8.22,10702.67,True
MT001754,20250320,EQ0007,A004,WT2,P3,Fuga hidráulica,Hidráulico,11.92,11.06,7404.08,False
MT001755,20250413,EQ0025,A010,WT1,P3,Fuga hidráulica,Seguridad,7.54,6.76,8314.31,True
MT001756,20250218,EQ0044,A005,WT2,P2,Falla de bomba de pulpa,Mecánico,6.1,4.74,9236.7,False
MT001757,20250411,EQ0018,A004,WT2,P3,Baja presión,Eléctrico,4.16,2.42,5972.86,False
MT001758,20250112,EQ0025,A010,WT1,P2,Alta vibración,Mecánico,6.98,3.8,5517.7,True
MT001759,20250128,EQ0046,A004,WT1,P3,Alta vibración,Hidráulico,5.17,2.95,11967.04,True
MT001760,20250330,EQ0027,A017,WT1,P2,Falla de instrumentación,Control,5.8,2.25,11923.5,True
MT001761,20250521,EQ0050,A013,WT2,P2,Falla de pala,Eléctrico,21.28,16.81,16433.52,False
MT001762,20250611,EQ0003,A017,WT2,P3,Pérdida de comunicación PLC,Control,9.29,7.76,15824.76,False
MT001763,20250609,EQ0031,A006,WT2,P3,Desalineamiento de correa,Correas,10.12,6.97,23499.84,False
MT001764,20250302,EQ0041,A017,WT1,P3,Baja presión,Mecánico,3.77,2.84,8294.87,True
MT001765,20250614,EQ0049,A004,WT2,P2,Falla de transmisión,Mecánico,1.2,0.96,1573.08,False
MT001766,20250624,EQ0039,A010,WT1,P3,Corte de correa,Eléctrico,3.18,1.84,5003.07,True
MT001767,20250615,EQ0020,A004,WT1,P1,Fuga hidráulica,Mecánico,1.34,0.95,1074.43,True
MT001768,20250106,EQ0015,A010,WT2,P2,Alta vibración,Mecánico,9.64,5.96,4892.25,False
MT001769,20250115,EQ0049,A004,WT1,P2,Falla de transmisión,Mecánico,2.31,1.8,4553.35,True
MT001770,20250625,EQ0010,A004,WT1,P1,Alta vibración,Control,2.44,1.51,4055.55,True
MT001771,20250415,EQ0049,A004,WT2,P1,Desgaste de neumáticos,Mecánico,5.15,4.59,13931.06,False
MT001772,20250508,EQ0021,A017,WT2,P3,Deriva de sensor,Eléctrico,4.62,4.3,2554.31,False
MT001773,20250123,EQ0028,A010,WT2,P2,Sobrecalentamiento,Mecánico,7.84,3.12,12104.34,False
MT001774,20250321,EQ0013,A005,WT1,P1,Bloqueo de chancador,Chancado,2.01,1.84,2898.4,True
MT001775,20250211,EQ0007,A004,WT1,P3,Alta vibración,Control,1.68,1.27,963.44,True
MT001776,20250116,EQ0017,A017,WT1,P1,Deriva de sensor,Control,6.95,5.55,3958.35,True
MT001777,20250408,EQ0060,A004,WT2,P2,Sobrecalentamiento,Energía,12.0,9.4,11084.55,False
MT001778,20250508,EQ0035,A012,WT1,P4,Falla de sello mecánico,Bombas,6.61,3.43,14781.61,True
MT001779,20250128,EQ0004,A004,WT1,P2,Fuga hidráulica,Hidráulico,2.61,1.71,5761.22,True
MT001780,20250601,EQ0011,A004,WT2,P3,Desgaste de revestimientos,Seguridad,9.79,5.35,14982.88,False
MT001781,20250628,EQ0053,A004,WT1,P3,Fuga hidráulica,Seguridad,0.46,0.19,798.33,True
MT001782,20250124,EQ0047,A005,WT1,P4,Alta vibración,Chancado,1.83,1.28,3442.1,True
MT001783,20250526,EQ0032,A010,WT1,P3,Deriva de sensor,Eléctrico,5.68,2.28,8949.25,True
MT001784,20250506,EQ0052,A004,WT2,P4,Falla de bomba de pulpa,Energía,6.97,3.31,4813.81,False
MT001785,20250602,EQ0006,A004,WT1,P3,Falla de sello mecánico,Instrumentación,1.14,0.98,1114.16,True
MT001786,20250512,EQ0030,A017,WT2,P2,Pérdida de comunicación PLC,Control,8.61,7.7,18347.97,False
MT001787,20250501,EQ0030,A017,WT2,P4,Deriva de sensor,Control,18.69,8.22,22033.73,False
MT001788,20250129,EQ0038,A010,WT2,P3,Sobrecalentamiento,Instrumentación,9.45,4.74,21212.94,False
MT001789,20250127,EQ0017,A017,WT1,P3,Deriva de sensor,Control,2.56,1.23,5473.73,True
MT001790,20250420,EQ0058,A008,WT1,P3,Desgaste de revestimientos,Molienda,11.41,6.37,12785.44,True
MT001791,20250216,EQ0047,A005,WT1,P1,Falla eléctrica,Chancado,1.47,1.03,2276.17,True
MT001792,20250619,EQ0051,A004,WT1,P3,Desgaste de revestimientos,Mecánico,0.87,0.62,2017.87,True
MT001793,20250425,EQ0055,A017,WT1,P4,Pérdida de comunicación PLC,Control,1.73,0.88,1633.12,True
MT001794,20250403,EQ0004,A004,WT2,P3,Falla de pala,Mecánico,6.42,4.58,12520.62,False
MT001795,20250606,EQ0058,A008,WT1,P3,Trip de variador,Molienda,5.09,3.48,4037.83,True
MT001796,20250624,EQ0044,A005,WT2,P1,Falla de bomba de pulpa,Mecánico,7.73,5.48,12267.11,False
MT001797,20250602,EQ0038,A010,WT2,P1,Falla de sello mecánico,Seguridad,7.08,4.29,3414.77,False
MT001798,20250422,EQ0055,A017,WT2,P3,Deriva de sensor,Control,8.66,6.73,14394.72,False
MT001799,20250621,EQ0053,A004,WT1,P4,Deriva de sensor,Instrumentación,0.69,0.36,404.59,True
MT001800,20250103,EQ0007,A004,WT1,P3,Alta vibración,Mecánico,4.21,2.71,8867.38,True
