SLAID,WorkOrderID,ClientID,ServiceID,AreaID,PriorityID,CreatedDateKey,CommittedDateKey,ResolvedDateKey,TargetHours,ActualHours,SLAMetFlag,BreachHours,_SourceFile,_ExportedAt,_LegacyRowNumber
SLA000001,WO003289,C006,SV8,A005,P1,20240518,20240518,20240519,8,8.96,False,0.96,training_fact_sla_export.csv,2026-06-23T00:00:00,1
SLA000002,WO004360,C007,SV8,A003,P3,20240708,20240711,20240712,72,85.51,False,13.51,training_fact_sla_export.csv,2026-06-23T00:00:00,2
SLA000003,WO001783,C001,SV1,A006,P3,20240802,20240805,20240804,72,37.23,True,0.0,training_fact_sla_export.csv,2026-06-23T00:00:00,3
SLA000004,WO003140,C019,SV2,A005,P1,20240401,20240401,20240402,8,2.41,True,0.0,training_fact_sla_export.csv,2026-06-23T00:00:00,4
SLA000005,WO000717,C007,SV2,A006,P2,20240930,20241001,20241001,24,11.28,True,0.0,training_fact_sla_export.csv,2026-06-23T00:00:00,5
SLA000006,WO003788,C018,SV3,A003,P3,20240210,20240213,20240213,72,67.75,True,0.0,training_fact_sla_export.csv,2026-06-23T00:00:00,6
SLA000007,WO002524,C016,SV1,A004,P3,20240810,20240813,20240815,72,103.94,False,31.94,training_fact_sla_export.csv,2026-06-23T00:00:00,7
SLA000008,WO002566,C015,SV1,A006,P4,20240731,20240805,20240804,120,77.65,True,0.0,training_fact_sla_export.csv,2026-06-23T00:00:00,8
SLA000009,WO002226,C008,SV6,A001,P3,20240317,20240320,20240319,72,46.76,True,0.0,training_fact_sla_export.csv,2026-06-23T00:00:00,9
SLA000010,WO003271,C013,SV8,A006,P3,20240510,20240513,20240513,72,69.09,True,0.0,training_fact_sla_export.csv,2026-06-23T00:00:00,10
SLA000011,WO004912,C008,SV7,A004,P1,20241220,20241220,20241221,8,7.24,True,0.0,training_fact_sla_export.csv,2026-06-23T00:00:00,11
SLA000012,WO004554,C015,SV7,A004,P3,20240109,20240112,20240112,72,65.83,True,0.0,training_fact_sla_export.csv,2026-06-23T00:00:00,12
SLA000013,WO000426,C017,SV4,A001,P2,20241027,20241028,20241028,24,18.65,True,0.0,training_fact_sla_export.csv,2026-06-23T00:00:00,13
SLA000014,WO004881,C015,SV1,A006,P2,20240108,20240109,20240109,24,11.08,True,0.0,training_fact_sla_export.csv,2026-06-23T00:00:00,14
SLA000015,WO002126,C009,SV8,A006,P2,20241213,20241214,20241214,24,11.1,True,0.0,training_fact_sla_export.csv,2026-06-23T00:00:00,15
SLA000016,WO003422,C017,SV2,A003,P2,20241023,20241024,20241024,24,6.11,True,0.0,training_fact_sla_export.csv,2026-06-23T00:00:00,16
SLA000017,WO003553,C001,SV4,A003,P3,20240910,20240913,20240913,72,69.06,True,0.0,training_fact_sla_export.csv,2026-06-23T00:00:00,17
SLA000018,WO003723,C015,SV4,A005,P3,20240826,20240829,20240828,72,39.4,True,0.0,training_fact_sla_export.csv,2026-06-23T00:00:00,18
SLA000019,WO003153,C017,SV6,A003,P3,20240324,20240327,20240326,72,30.87,True,0.0,training_fact_sla_export.csv,2026-06-23T00:00:00,19
SLA000020,WO001583,C014,SV7,A003,P3,20240509,20240512,20240511,72,30.37,True,0.0,training_fact_sla_export.csv,2026-06-23T00:00:00,20
SLA000021,WO000695,C010,SV7,A005,P4,20240618,20240623,20240620,120,46.41,True,0.0,training_fact_sla_export.csv,2026-06-23T00:00:00,21
SLA000022,WO003882,C019,SV3,A006,P3,20240921,20240924,20240925,72,86.83,False,14.83,training_fact_sla_export.csv,2026-06-23T00:00:00,22
SLA000023,WO004687,C001,SV3,A006,P2,20240607,20240608,20240608,24,14.05,True,0.0,training_fact_sla_export.csv,2026-06-23T00:00:00,23
SLA000024,WO004994,C019,SV8,A005,P3,20240320,20240323,20240323,72,53.75,True,0.0,training_fact_sla_export.csv,2026-06-23T00:00:00,24
SLA000025,WO001569,C006,SV3,A006,P4,20240801,20240806,20240803,120,46.83,True,0.0,training_fact_sla_export.csv,2026-06-23T00:00:00,25
SLA000026,WO001088,C009,SV8,A003,P3,20240214,20240217,20240217,72,68.78,True,0.0,training_fact_sla_export.csv,2026-06-23T00:00:00,26
SLA000027,WO001264,C006,SV5,A002,P3,20240322,20240325,20240325,72,71.51,True,0.0,training_fact_sla_export.csv,2026-06-23T00:00:00,27
SLA000028,WO002053,C020,SV5,A004,P3,20240318,20240321,20240320,72,40.03,True,0.0,training_fact_sla_export.csv,2026-06-23T00:00:00,28
SLA000029,WO003917,C008,SV2,A002,P3,20240926,20240929,20240928,72,43.39,True,0.0,training_fact_sla_export.csv,2026-06-23T00:00:00,29
SLA000030,WO002706,C008,SV4,A001,P3,20241029,20241101,20241101,72,55.43,True,0.0,training_fact_sla_export.csv,2026-06-23T00:00:00,30
SLA000031,WO003744,C013,SV2,A004,P4,20240128,20240202,20240202,120,110.06,True,0.0,training_fact_sla_export.csv,2026-06-23T00:00:00,31
SLA000032,WO002200,C005,SV7,A005,P3,20240927,20240930,20241003,72,133.83,False,61.83,training_fact_sla_export.csv,2026-06-23T00:00:00,32
SLA000033,WO001095,C007,SV4,A003,P1,20240321,20240321,20240322,8,8.71,False,0.71,training_fact_sla_export.csv,2026-06-23T00:00:00,33
SLA000034,WO001198,C005,SV7,A003,P2,20240627,20240628,20240628,24,8.19,True,0.0,training_fact_sla_export.csv,2026-06-23T00:00:00,34
SLA000035,WO004556,C015,SV8,A004,P4,20241026,20241031,20241104,120,208.26,False,88.26,training_fact_sla_export.csv,2026-06-23T00:00:00,35
SLA000036,WO001325,C003,SV5,A004,P3,20241015,20241018,20241021,72,122.92,False,50.92,training_fact_sla_export.csv,2026-06-23T00:00:00,36
SLA000037,WO004023,C014,SV5,A003,P3,20240823,20240826,20240826,72,48.27,True,0.0,training_fact_sla_export.csv,2026-06-23T00:00:00,37
SLA000038,WO004732,C008,SV1,A004,P2,20240730,20240731,20240801,24,34.03,False,10.03,training_fact_sla_export.csv,2026-06-23T00:00:00,38
SLA000039,WO003079,C003,SV5,A005,P3,20241013,20241016,20241015,72,34.74,True,0.0,training_fact_sla_export.csv,2026-06-23T00:00:00,39
SLA000040,WO003152,C020,SV7,A005,P1,20241101,20241101,20241102,8,5.17,True,0.0,training_fact_sla_export.csv,2026-06-23T00:00:00,40
SLA000041,WO002434,C007,SV4,A003,P4,20240912,20240917,20240917,120,105.25,True,0.0,training_fact_sla_export.csv,2026-06-23T00:00:00,41
SLA000042,WO000391,C007,SV2,A003,P3,20240514,20240517,20240516,72,31.14,True,0.0,training_fact_sla_export.csv,2026-06-23T00:00:00,42
SLA000043,WO001523,C002,SV7,A006,P4,20240801,20240806,20240806,120,100.17,True,0.0,training_fact_sla_export.csv,2026-06-23T00:00:00,43
SLA000044,WO002156,C019,SV6,A003,P3,20241024,20241027,20241026,72,35.1,True,0.0,training_fact_sla_export.csv,2026-06-23T00:00:00,44
SLA000045,WO004935,C019,SV5,A003,P2,20240801,20240802,20240802,24,12.0,True,0.0,training_fact_sla_export.csv,2026-06-23T00:00:00,45
SLA000046,WO004639,C003,SV2,A002,P3,20240115,20240118,20240119,72,83.84,False,11.84,training_fact_sla_export.csv,2026-06-23T00:00:00,46
SLA000047,WO003435,C006,SV5,A003,P3,20240304,20240307,20240307,72,50.31,True,0.0,training_fact_sla_export.csv,2026-06-23T00:00:00,47
SLA000048,WO004956,C003,SV7,A002,P3,20241228,20241231,20241231,72,74.81,False,2.81,training_fact_sla_export.csv,2026-06-23T00:00:00,48
SLA000049,WO004757,C015,SV1,A006,P3,20240421,20240424,20240424,72,57.28,True,0.0,training_fact_sla_export.csv,2026-06-23T00:00:00,49
SLA000050,WO003143,C004,SV1,A005,P2,20240324,20240325,20240325,24,22.05,True,0.0,training_fact_sla_export.csv,2026-06-23T00:00:00,50
SLA000051,WO003806,C008,SV2,A002,P1,20240128,20240128,20240129,8,5.83,True,0.0,training_fact_sla_export.csv,2026-06-23T00:00:00,51
SLA000052,WO004581,C011,SV4,A003,P2,20240416,20240417,20240417,24,17.52,True,0.0,training_fact_sla_export.csv,2026-06-23T00:00:00,52
SLA000053,WO001430,C020,SV4,A002,P1,20240508,20240508,20240509,8,2.41,True,0.0,training_fact_sla_export.csv,2026-06-23T00:00:00,53
SLA000054,WO002605,C020,SV4,A005,P3,20241213,20241216,20241215,72,40.32,True,0.0,training_fact_sla_export.csv,2026-06-23T00:00:00,54
SLA000055,WO000731,C009,SV8,A002,P3,20241010,20241013,20241013,72,71.48,True,0.0,training_fact_sla_export.csv,2026-06-23T00:00:00,55
SLA000056,WO001976,C005,SV5,A001,P3,20241002,20241005,20241005,72,58.25,True,0.0,training_fact_sla_export.csv,2026-06-23T00:00:00,56
SLA000057,WO003590,C012,SV4,A003,P2,20240102,20240103,20240103,24,13.68,True,0.0,training_fact_sla_export.csv,2026-06-23T00:00:00,57
SLA000058,WO000136,C007,SV6,A005,P3,20241126,20241129,20241128,72,41.19,True,0.0,training_fact_sla_export.csv,2026-06-23T00:00:00,58
SLA000059,WO004042,C009,SV6,A004,P1,20240304,20240304,20240305,8,4.23,True,0.0,training_fact_sla_export.csv,2026-06-23T00:00:00,59
SLA000060,WO001161,C018,SV6,A002,P2,20241207,20241208,20241209,24,29.23,False,5.23,training_fact_sla_export.csv,2026-06-23T00:00:00,60
SLA000061,WO001797,C009,SV8,A005,P2,20240526,20240527,20240528,24,46.56,False,22.56,training_fact_sla_export.csv,2026-06-23T00:00:00,61
SLA000062,WO000510,C011,SV4,A002,P4,20240612,20240617,20240614,120,46.4,True,0.0,training_fact_sla_export.csv,2026-06-23T00:00:00,62
SLA000063,WO003533,C012,SV6,A003,P1,20240207,20240207,20240208,8,4.67,True,0.0,training_fact_sla_export.csv,2026-06-23T00:00:00,63
SLA000064,WO000186,C007,SV4,A001,P2,20240224,20240225,20240225,24,8.57,True,0.0,training_fact_sla_export.csv,2026-06-23T00:00:00,64
SLA000065,WO001635,C018,SV5,A005,P3,20240720,20240723,20240724,72,84.02,False,12.02,training_fact_sla_export.csv,2026-06-23T00:00:00,65
SLA000066,WO004052,C009,SV6,A004,P4,20240314,20240319,20240319,120,115.5,True,0.0,training_fact_sla_export.csv,2026-06-23T00:00:00,66
SLA000067,WO004654,C012,SV7,A003,P3,20240614,20240617,20240617,72,63.69,True,0.0,training_fact_sla_export.csv,2026-06-23T00:00:00,67
SLA000068,WO000181,C015,SV2,A004,P4,20240430,20240505,20240503,120,65.42,True,0.0,training_fact_sla_export.csv,2026-06-23T00:00:00,68
SLA000069,WO003733,C017,SV8,A004,P2,20240617,20240618,20240619,24,30.05,False,6.05,training_fact_sla_export.csv,2026-06-23T00:00:00,69
SLA000070,WO002084,C008,SV8,A003,P3,20240923,20240926,20240929,72,130.09,False,58.09,training_fact_sla_export.csv,2026-06-23T00:00:00,70
SLA000071,WO004829,C001,SV5,A003,P2,20240314,20240315,20240316,24,28.24,False,4.24,training_fact_sla_export.csv,2026-06-23T00:00:00,71
SLA000072,WO000434,C014,SV7,A004,P1,20240905,20240905,20240906,8,5.33,True,0.0,training_fact_sla_export.csv,2026-06-23T00:00:00,72
SLA000073,WO002648,C003,SV5,A003,P3,20240312,20240315,20240314,72,29.8,True,0.0,training_fact_sla_export.csv,2026-06-23T00:00:00,73
SLA000074,WO002317,C017,SV5,A005,P3,20240319,20240322,20240321,72,43.59,True,0.0,training_fact_sla_export.csv,2026-06-23T00:00:00,74
SLA000075,WO001758,C020,SV6,A005,P3,20240421,20240424,20240427,72,137.63,False,65.63,training_fact_sla_export.csv,2026-06-23T00:00:00,75
SLA000076,WO002432,C002,SV8,A004,P2,20241002,20241003,20241004,24,26.02,False,2.02,training_fact_sla_export.csv,2026-06-23T00:00:00,76
SLA000077,WO000495,C001,SV7,A002,P2,20240606,20240607,20240608,24,30.18,False,6.18,training_fact_sla_export.csv,2026-06-23T00:00:00,77
SLA000078,WO004966,C015,SV8,A005,P1,20240322,20240322,20240323,8,3.68,True,0.0,training_fact_sla_export.csv,2026-06-23T00:00:00,78
SLA000079,WO003230,C015,SV6,A001,P3,20240228,20240302,20240229,72,14.39,True,0.0,training_fact_sla_export.csv,2026-06-23T00:00:00,79
SLA000080,WO003761,C019,SV4,A006,P3,20240222,20240225,20240225,72,49.03,True,0.0,training_fact_sla_export.csv,2026-06-23T00:00:00,80
SLA000081,WO001141,C003,SV2,A003,P3,20240626,20240629,20240629,72,52.21,True,0.0,training_fact_sla_export.csv,2026-06-23T00:00:00,81
SLA000082,WO000152,C002,SV7,A003,P4,20240420,20240425,20240423,120,51.79,True,0.0,training_fact_sla_export.csv,2026-06-23T00:00:00,82
SLA000083,WO002609,C008,SV5,A004,P1,20240508,20240508,20240509,8,14.03,False,6.03,training_fact_sla_export.csv,2026-06-23T00:00:00,83
SLA000084,WO003704,C002,SV7,A002,P4,20240226,20240302,20240229,120,63.04,True,0.0,training_fact_sla_export.csv,2026-06-23T00:00:00,84
SLA000085,WO001112,C019,SV6,A001,P4,20240529,20240603,20240606,120,186.65,False,66.65,training_fact_sla_export.csv,2026-06-23T00:00:00,85
SLA000086,WO001878,C013,SV8,A004,P3,20240922,20240925,20240925,72,57.1,True,0.0,training_fact_sla_export.csv,2026-06-23T00:00:00,86
SLA000087,WO002944,C014,SV5,A001,P1,20240205,20240205,20240206,8,6.61,True,0.0,training_fact_sla_export.csv,2026-06-23T00:00:00,87
SLA000088,WO000187,C014,SV5,A005,P4,20240902,20240907,20240904,120,46.57,True,0.0,training_fact_sla_export.csv,2026-06-23T00:00:00,88
SLA000089,WO004322,C011,SV5,A005,P2,20240505,20240506,20240506,24,21.56,True,0.0,training_fact_sla_export.csv,2026-06-23T00:00:00,89
SLA000090,WO002606,C010,SV4,A003,P2,20240404,20240405,20240405,24,20.61,True,0.0,training_fact_sla_export.csv,2026-06-23T00:00:00,90
SLA000091,WO000888,C005,SV2,A001,P2,20240805,20240806,20240807,24,29.69,False,5.69,training_fact_sla_export.csv,2026-06-23T00:00:00,91
SLA000092,WO002654,C019,SV2,A004,P2,20240718,20240719,20240719,24,21.26,True,0.0,training_fact_sla_export.csv,2026-06-23T00:00:00,92
SLA000093,WO003671,C012,SV1,A003,P2,20241219,20241220,20241220,24,10.76,True,0.0,training_fact_sla_export.csv,2026-06-23T00:00:00,93
SLA000094,WO001656,C003,SV2,A004,P1,20240906,20240906,20240907,8,8.51,False,0.51,training_fact_sla_export.csv,2026-06-23T00:00:00,94
SLA000095,WO000535,C004,SV3,A003,P4,20240225,20240301,20240302,120,133.6,False,13.6,training_fact_sla_export.csv,2026-06-23T00:00:00,95
SLA000096,WO000873,C003,SV4,A001,P3,20240726,20240729,20240727,72,18.0,True,0.0,training_fact_sla_export.csv,2026-06-23T00:00:00,96
SLA000097,WO003055,C018,SV7,A004,P1,20241106,20241106,20241107,8,7.07,True,0.0,training_fact_sla_export.csv,2026-06-23T00:00:00,97
SLA000098,WO002025,C001,SV8,A002,P3,20240418,20240421,20240421,72,68.13,True,0.0,training_fact_sla_export.csv,2026-06-23T00:00:00,98
SLA000099,WO004325,C019,SV3,A001,P2,20240310,20240311,20240311,24,10.85,True,0.0,training_fact_sla_export.csv,2026-06-23T00:00:00,99
SLA000100,WO002018,C017,SV4,A006,P4,20240112,20240117,20240116,120,92.3,True,0.0,training_fact_sla_export.csv,2026-06-23T00:00:00,100
SLA000101,WO003094,C003,SV6,A001,P2,20241217,20241218,20241218,24,11.71,True,0.0,training_fact_sla_export.csv,2026-06-23T00:00:00,101
SLA000102,WO000932,C002,SV1,A005,P3,20241128,20241201,20241201,72,48.08,True,0.0,training_fact_sla_export.csv,2026-06-23T00:00:00,102
SLA000103,WO001714,C019,SV5,A002,P2,20240207,20240208,20240208,24,10.11,True,0.0,training_fact_sla_export.csv,2026-06-23T00:00:00,103
SLA000104,WO000639,C013,SV7,A005,P2,20240504,20240505,20240505,24,18.97,True,0.0,training_fact_sla_export.csv,2026-06-23T00:00:00,104
SLA000105,WO001768,C019,SV1,A004,P3,20240314,20240317,20240317,72,70.57,True,0.0,training_fact_sla_export.csv,2026-06-23T00:00:00,105
SLA000106,WO004026,C019,SV2,A006,P1,20240418,20240418,20240419,8,8.64,False,0.64,training_fact_sla_export.csv,2026-06-23T00:00:00,106
SLA000107,WO003595,C001,SV1,A003,P2,20240103,20240104,20240105,24,39.41,False,15.41,training_fact_sla_export.csv,2026-06-23T00:00:00,107
SLA000108,WO004072,C002,SV1,A004,P2,20241024,20241025,20241025,24,20.77,True,0.0,training_fact_sla_export.csv,2026-06-23T00:00:00,108
SLA000109,WO001424,C016,SV5,A005,P4,20240322,20240327,20240329,120,151.24,False,31.24,training_fact_sla_export.csv,2026-06-23T00:00:00,109
SLA000110,WO004032,C003,SV4,A006,P4,20240618,20240623,20240624,120,129.81,False,9.81,training_fact_sla_export.csv,2026-06-23T00:00:00,110
SLA000111,WO001781,C017,SV3,A001,P2,20240611,20240612,20240612,24,17.99,True,0.0,training_fact_sla_export.csv,2026-06-23T00:00:00,111
SLA000112,WO003905,C018,SV5,A001,P3,20240125,20240128,20240127,72,24.82,True,0.0,training_fact_sla_export.csv,2026-06-23T00:00:00,112
SLA000113,WO004574,C010,SV7,A005,P2,20240829,20240830,20240830,24,5.27,True,0.0,training_fact_sla_export.csv,2026-06-23T00:00:00,113
SLA000114,WO000179,C006,SV1,A003,P1,20241125,20241125,20241126,8,3.09,True,0.0,training_fact_sla_export.csv,2026-06-23T00:00:00,114
SLA000115,WO002342,C020,SV1,A001,P4,20241103,20241108,20241111,120,190.7,False,70.7,training_fact_sla_export.csv,2026-06-23T00:00:00,115
SLA000116,WO001276,C009,SV6,A006,P2,20240830,20240831,20240831,24,12.89,True,0.0,training_fact_sla_export.csv,2026-06-23T00:00:00,116
SLA000117,WO002696,C005,SV8,A003,P3,20240720,20240723,20240722,72,35.57,True,0.0,training_fact_sla_export.csv,2026-06-23T00:00:00,117
SLA000118,WO002511,C012,SV4,A001,P3,20241224,20241227,20241227,72,59.64,True,0.0,training_fact_sla_export.csv,2026-06-23T00:00:00,118
SLA000119,WO003368,C007,SV2,A001,P3,20240205,20240208,20240208,72,52.99,True,0.0,training_fact_sla_export.csv,2026-06-23T00:00:00,119
SLA000120,WO004736,C015,SV2,A003,P1,20240717,20240717,20240718,8,8.16,False,0.16,training_fact_sla_export.csv,2026-06-23T00:00:00,120
SLA000121,WO004836,C020,SV8,A001,P3,20240520,20240523,20240522,72,37.27,True,0.0,training_fact_sla_export.csv,2026-06-23T00:00:00,121
SLA000122,WO000356,C004,SV6,A005,P2,20240111,20240112,20240112,24,19.96,True,0.0,training_fact_sla_export.csv,2026-06-23T00:00:00,122
SLA000123,WO000701,C005,SV2,A005,P2,20240609,20240610,20240611,24,28.51,False,4.51,training_fact_sla_export.csv,2026-06-23T00:00:00,123
SLA000124,WO003108,C018,SV3,A005,P1,20241011,20241011,20241012,8,12.15,False,4.15,training_fact_sla_export.csv,2026-06-23T00:00:00,124
SLA000125,WO003436,C017,SV7,A005,P4,20240113,20240118,20240119,120,127.69,False,7.69,training_fact_sla_export.csv,2026-06-23T00:00:00,125
SLA000126,WO004375,C016,SV2,A004,P3,20240510,20240513,20240514,72,76.56,False,4.56,training_fact_sla_export.csv,2026-06-23T00:00:00,126
SLA000127,WO002947,C003,SV4,A001,P2,20241120,20241121,20241121,24,17.67,True,0.0,training_fact_sla_export.csv,2026-06-23T00:00:00,127
SLA000128,WO001776,C002,SV7,A003,P1,20240123,20240123,20240124,8,9.62,False,1.62,training_fact_sla_export.csv,2026-06-23T00:00:00,128
SLA000129,WO000150,C006,SV8,A005,P3,20240418,20240421,20240423,72,103.88,False,31.88,training_fact_sla_export.csv,2026-06-23T00:00:00,129
SLA000130,WO002292,C003,SV4,A005,P4,20240804,20240809,20240809,120,115.68,True,0.0,training_fact_sla_export.csv,2026-06-23T00:00:00,130
SLA000131,WO002571,C010,SV5,A003,P3,20240412,20240415,20240418,72,129.56,False,57.56,training_fact_sla_export.csv,2026-06-23T00:00:00,131
SLA000132,WO002980,C015,SV5,A002,P3,20240401,20240404,20240404,72,57.27,True,0.0,training_fact_sla_export.csv,2026-06-23T00:00:00,132
SLA000133,WO002982,C015,SV6,A005,P3,20240116,20240119,20240117,72,23.31,True,0.0,training_fact_sla_export.csv,2026-06-23T00:00:00,133
SLA000134,WO003841,C010,SV4,A001,P2,20241230,20241231,20241231,24,22.55,True,0.0,training_fact_sla_export.csv,2026-06-23T00:00:00,134
SLA000135,WO004348,C008,SV8,A002,P3,20240802,20240805,20240804,72,37.53,True,0.0,training_fact_sla_export.csv,2026-06-23T00:00:00,135
SLA000136,WO000598,C010,SV5,A004,P3,20240615,20240618,20240618,72,68.09,True,0.0,training_fact_sla_export.csv,2026-06-23T00:00:00,136
SLA000137,WO001766,C015,SV8,A003,P4,20240705,20240710,20240709,120,83.34,True,0.0,training_fact_sla_export.csv,2026-06-23T00:00:00,137
SLA000138,WO002353,C005,SV2,A003,P4,20240203,20240208,20240213,120,216.56,False,96.56,training_fact_sla_export.csv,2026-06-23T00:00:00,138
SLA000139,WO002802,C001,SV4,A002,P3,20240621,20240624,20240624,72,51.42,True,0.0,training_fact_sla_export.csv,2026-06-23T00:00:00,139
SLA000140,WO001376,C015,SV3,A005,P2,20240603,20240604,20240604,24,7.48,True,0.0,training_fact_sla_export.csv,2026-06-23T00:00:00,140
SLA000141,WO002692,C013,SV5,A003,P1,20240813,20240813,20240814,8,6.49,True,0.0,training_fact_sla_export.csv,2026-06-23T00:00:00,141
SLA000142,WO002365,C003,SV4,A004,P3,20240120,20240123,20240124,72,76.11,False,4.11,training_fact_sla_export.csv,2026-06-23T00:00:00,142
SLA000143,WO004450,C013,SV2,A004,P2,20241112,20241113,20241114,24,27.16,False,3.16,training_fact_sla_export.csv,2026-06-23T00:00:00,143
SLA000144,WO004828,C008,SV2,A003,P3,20240719,20240722,20240721,72,33.81,True,0.0,training_fact_sla_export.csv,2026-06-23T00:00:00,144
SLA000145,WO002024,C019,SV6,A003,P3,20240906,20240909,20240907,72,16.1,True,0.0,training_fact_sla_export.csv,2026-06-23T00:00:00,145
SLA000146,WO002217,C015,SV2,A004,P3,20240809,20240812,20240812,72,66.53,True,0.0,training_fact_sla_export.csv,2026-06-23T00:00:00,146
SLA000147,WO004078,C010,SV4,A003,P4,20240101,20240106,20240107,120,125.24,False,5.24,training_fact_sla_export.csv,2026-06-23T00:00:00,147
SLA000148,WO001511,C020,SV6,A003,P3,20240528,20240531,20240531,72,51.81,True,0.0,training_fact_sla_export.csv,2026-06-23T00:00:00,148
SLA000149,WO004035,C015,SV6,A002,P1,20240220,20240220,20240221,8,5.77,True,0.0,training_fact_sla_export.csv,2026-06-23T00:00:00,149
SLA000150,WO002698,C005,SV1,A005,P2,20241225,20241226,20241226,24,19.01,True,0.0,training_fact_sla_export.csv,2026-06-23T00:00:00,150
SLA000151,WO001873,C013,SV2,A002,P3,20240927,20240930,20240929,72,35.2,True,0.0,training_fact_sla_export.csv,2026-06-23T00:00:00,151
SLA000152,WO001452,C013,SV8,A006,P3,20240416,20240419,20240419,72,52.52,True,0.0,training_fact_sla_export.csv,2026-06-23T00:00:00,152
SLA000153,WO003001,C017,SV6,A006,P1,20241228,20241228,20241229,8,4.94,True,0.0,training_fact_sla_export.csv,2026-06-23T00:00:00,153
SLA000154,WO004771,C002,SV4,A005,P3,20240211,20240214,20240213,72,37.61,True,0.0,training_fact_sla_export.csv,2026-06-23T00:00:00,154
SLA000155,WO004507,C019,SV2,A001,P2,20240307,20240308,20240309,24,30.05,False,6.05,training_fact_sla_export.csv,2026-06-23T00:00:00,155
SLA000156,WO003504,C006,SV1,A006,P3,20241006,20241009,20241008,72,34.37,True,0.0,training_fact_sla_export.csv,2026-06-23T00:00:00,156
SLA000157,WO003845,C011,SV6,A004,P3,20241012,20241015,20241016,72,81.53,False,9.53,training_fact_sla_export.csv,2026-06-23T00:00:00,157
SLA000158,WO000907,C002,SV7,A002,P1,20240921,20240921,20240922,8,8.38,False,0.38,training_fact_sla_export.csv,2026-06-23T00:00:00,158
SLA000159,WO003972,C004,SV6,A003,P1,20240909,20240909,20240910,8,8.32,False,0.32,training_fact_sla_export.csv,2026-06-23T00:00:00,159
SLA000160,WO001530,C017,SV6,A003,P3,20241201,20241204,20241204,72,67.71,True,0.0,training_fact_sla_export.csv,2026-06-23T00:00:00,160
SLA000161,WO004746,C015,SV8,A004,P1,20240106,20240106,20240107,8,7.94,True,0.0,training_fact_sla_export.csv,2026-06-23T00:00:00,161
SLA000162,WO004259,C009,SV7,A002,P3,20240731,20240803,20240803,72,48.13,True,0.0,training_fact_sla_export.csv,2026-06-23T00:00:00,162
SLA000163,WO003267,C002,SV4,A006,P4,20241208,20241213,20241211,120,48.79,True,0.0,training_fact_sla_export.csv,2026-06-23T00:00:00,163
SLA000164,WO002098,C018,SV5,A004,P2,20240501,20240502,20240502,24,20.24,True,0.0,training_fact_sla_export.csv,2026-06-23T00:00:00,164
SLA000165,WO004496,C004,SV5,A002,P1,20240403,20240403,20240404,8,4.61,True,0.0,training_fact_sla_export.csv,2026-06-23T00:00:00,165
SLA000166,WO003451,C001,SV6,A004,P3,20240113,20240116,20240117,72,74.82,False,2.82,training_fact_sla_export.csv,2026-06-23T00:00:00,166
SLA000167,WO004573,C005,SV6,A001,P2,20240928,20240929,20240929,24,13.93,True,0.0,training_fact_sla_export.csv,2026-06-23T00:00:00,167
SLA000168,WO004409,C014,SV6,A005,P4,20240815,20240820,20240821,120,125.56,False,5.56,training_fact_sla_export.csv,2026-06-23T00:00:00,168
SLA000169,WO004550,C006,SV7,A003,P3,20241017,20241020,20241018,72,16.45,True,0.0,training_fact_sla_export.csv,2026-06-23T00:00:00,169
SLA000170,WO002987,C011,SV8,A001,P2,20240830,20240831,20240831,24,19.94,True,0.0,training_fact_sla_export.csv,2026-06-23T00:00:00,170
SLA000171,WO001172,C003,SV7,A005,P4,20240909,20240914,20240911,120,46.07,True,0.0,training_fact_sla_export.csv,2026-06-23T00:00:00,171
SLA000172,WO003015,C014,SV1,A004,P2,20240723,20240724,20240724,24,16.52,True,0.0,training_fact_sla_export.csv,2026-06-23T00:00:00,172
SLA000173,WO002146,C020,SV8,A003,P1,20241030,20241030,20241031,8,9.38,False,1.38,training_fact_sla_export.csv,2026-06-23T00:00:00,173
SLA000174,WO000601,C020,SV1,A003,P4,20240609,20240614,20240617,120,176.62,False,56.62,training_fact_sla_export.csv,2026-06-23T00:00:00,174
SLA000175,WO003979,C019,SV5,A002,P2,20240523,20240524,20240524,24,12.3,True,0.0,training_fact_sla_export.csv,2026-06-23T00:00:00,175
SLA000176,WO004962,C020,SV4,A006,P2,20240808,20240809,20240809,24,14.87,True,0.0,training_fact_sla_export.csv,2026-06-23T00:00:00,176
SLA000177,WO001924,C017,SV7,A006,P3,20240223,20240226,20240225,72,29.23,True,0.0,training_fact_sla_export.csv,2026-06-23T00:00:00,177
SLA000178,WO004137,C017,SV5,A005,P3,20240425,20240428,20240426,72,21.98,True,0.0,training_fact_sla_export.csv,2026-06-23T00:00:00,178
SLA000179,WO003890,C016,SV4,A001,P2,20240507,20240508,20240508,24,19.79,True,0.0,training_fact_sla_export.csv,2026-06-23T00:00:00,179
SLA000180,WO004183,C005,SV1,A003,P4,20241226,20241231,20241231,120,103.85,True,0.0,training_fact_sla_export.csv,2026-06-23T00:00:00,180
SLA000181,WO002321,C004,SV6,A004,P3,20240120,20240123,20240123,72,52.9,True,0.0,training_fact_sla_export.csv,2026-06-23T00:00:00,181
SLA000182,WO000813,C016,SV5,A005,P2,20240117,20240118,20240119,24,35.28,False,11.28,training_fact_sla_export.csv,2026-06-23T00:00:00,182
SLA000183,WO004515,C006,SV1,A004,P3,20240504,20240507,20240506,72,38.44,True,0.0,training_fact_sla_export.csv,2026-06-23T00:00:00,183
SLA000184,WO000588,C020,SV6,A003,P2,20240209,20240210,20240211,24,26.85,False,2.85,training_fact_sla_export.csv,2026-06-23T00:00:00,184
SLA000185,WO001222,C014,SV5,A001,P3,20240801,20240804,20240803,72,29.23,True,0.0,training_fact_sla_export.csv,2026-06-23T00:00:00,185
SLA000186,WO000761,C007,SV1,A001,P2,20240720,20240721,20240722,24,24.29,False,0.29,training_fact_sla_export.csv,2026-06-23T00:00:00,186
SLA000187,WO000546,C011,SV7,A003,P2,20240504,20240505,20240505,24,14.26,True,0.0,training_fact_sla_export.csv,2026-06-23T00:00:00,187
SLA000188,WO003667,C007,SV7,A005,P3,20240809,20240812,20240812,72,52.95,True,0.0,training_fact_sla_export.csv,2026-06-23T00:00:00,188
SLA000189,WO000422,C005,SV4,A004,P4,20241106,20241111,20241110,120,92.11,True,0.0,training_fact_sla_export.csv,2026-06-23T00:00:00,189
SLA000190,WO000026,C010,SV3,A004,P3,20240921,20240924,20240925,72,82.4,False,10.4,training_fact_sla_export.csv,2026-06-23T00:00:00,190
SLA000191,WO003063,C012,SV8,A003,P3,20240913,20240916,20240919,72,127.61,False,55.61,training_fact_sla_export.csv,2026-06-23T00:00:00,191
SLA000192,WO003122,C014,SV6,A005,P4,20240724,20240729,20240801,120,179.18,False,59.18,training_fact_sla_export.csv,2026-06-23T00:00:00,192
SLA000193,WO004963,C007,SV8,A002,P3,20241015,20241018,20241018,72,50.3,True,0.0,training_fact_sla_export.csv,2026-06-23T00:00:00,193
SLA000194,WO002477,C005,SV5,A004,P1,20240415,20240415,20240416,8,9.11,False,1.11,training_fact_sla_export.csv,2026-06-23T00:00:00,194
SLA000195,WO002101,C004,SV8,A002,P2,20240913,20240914,20240915,24,25.85,False,1.85,training_fact_sla_export.csv,2026-06-23T00:00:00,195
SLA000196,WO000558,C004,SV1,A005,P2,20240622,20240623,20240623,24,23.38,True,0.0,training_fact_sla_export.csv,2026-06-23T00:00:00,196
SLA000197,WO001591,C012,SV1,A005,P2,20240129,20240130,20240130,24,10.27,True,0.0,training_fact_sla_export.csv,2026-06-23T00:00:00,197
SLA000198,WO001346,C006,SV7,A005,P4,20241123,20241128,20241126,120,54.29,True,0.0,training_fact_sla_export.csv,2026-06-23T00:00:00,198
SLA000199,WO001147,C013,SV1,A004,P4,20241117,20241122,20241123,120,138.75,False,18.75,training_fact_sla_export.csv,2026-06-23T00:00:00,199
SLA000200,WO002289,C013,SV7,A002,P3,20241114,20241117,20241116,72,38.79,True,0.0,training_fact_sla_export.csv,2026-06-23T00:00:00,200
SLA000201,WO004767,C017,SV6,A003,P3,20240202,20240205,20240205,72,56.01,True,0.0,training_fact_sla_export.csv,2026-06-23T00:00:00,201
SLA000202,WO002244,C001,SV2,A005,P3,20241130,20241203,20241201,72,20.01,True,0.0,training_fact_sla_export.csv,2026-06-23T00:00:00,202
SLA000203,WO001942,C018,SV7,A006,P3,20240510,20240513,20240513,72,69.29,True,0.0,training_fact_sla_export.csv,2026-06-23T00:00:00,203
SLA000204,WO001599,C019,SV6,A001,P3,20241113,20241116,20241115,72,46.29,True,0.0,training_fact_sla_export.csv,2026-06-23T00:00:00,204
SLA000205,WO000823,C010,SV1,A003,P3,20241015,20241018,20241018,72,65.51,True,0.0,training_fact_sla_export.csv,2026-06-23T00:00:00,205
SLA000206,WO002901,C012,SV8,A001,P3,20240628,20240701,20240701,72,54.3,True,0.0,training_fact_sla_export.csv,2026-06-23T00:00:00,206
SLA000207,WO003998,C019,SV4,A006,P3,20240709,20240712,20240713,72,75.02,False,3.02,training_fact_sla_export.csv,2026-06-23T00:00:00,207
SLA000208,WO004088,C003,SV5,A003,P4,20240317,20240322,20240330,120,288.11,False,168.11,training_fact_sla_export.csv,2026-06-23T00:00:00,208
SLA000209,WO002428,C020,SV7,A005,P4,20240904,20240909,20240911,120,146.9,False,26.9,training_fact_sla_export.csv,2026-06-23T00:00:00,209
SLA000210,WO002139,C015,SV7,A003,P3,20240425,20240428,20240427,72,46.37,True,0.0,training_fact_sla_export.csv,2026-06-23T00:00:00,210
SLA000211,WO002938,C015,SV6,A003,P3,20240501,20240504,20240502,72,16.91,True,0.0,training_fact_sla_export.csv,2026-06-23T00:00:00,211
SLA000212,WO001719,C006,SV7,A001,P3,20240608,20240611,20240610,72,37.28,True,0.0,training_fact_sla_export.csv,2026-06-23T00:00:00,212
SLA000213,WO002108,C020,SV6,A003,P2,20241217,20241218,20241218,24,13.41,True,0.0,training_fact_sla_export.csv,2026-06-23T00:00:00,213
SLA000214,WO003925,C016,SV1,A003,P1,20241107,20241107,20241108,8,7.42,True,0.0,training_fact_sla_export.csv,2026-06-23T00:00:00,214
SLA000215,WO001500,C019,SV8,A005,P2,20241208,20241209,20241209,24,17.01,True,0.0,training_fact_sla_export.csv,2026-06-23T00:00:00,215
SLA000216,WO003909,C018,SV2,A006,P3,20241118,20241121,20241121,72,68.13,True,0.0,training_fact_sla_export.csv,2026-06-23T00:00:00,216
SLA000217,WO000489,C014,SV1,A005,P4,20240919,20240924,20240921,120,46.5,True,0.0,training_fact_sla_export.csv,2026-06-23T00:00:00,217
SLA000218,WO003666,C011,SV4,A003,P3,20241015,20241018,20241018,72,63.74,True,0.0,training_fact_sla_export.csv,2026-06-23T00:00:00,218
SLA000219,WO001889,C008,SV6,A005,P3,20241218,20241221,20241221,72,65.54,True,0.0,training_fact_sla_export.csv,2026-06-23T00:00:00,219
SLA000220,WO001446,C004,SV3,A002,P4,20241013,20241018,20241017,120,80.28,True,0.0,training_fact_sla_export.csv,2026-06-23T00:00:00,220
SLA000221,WO000721,C001,SV5,A001,P3,20241009,20241012,20241011,72,26.19,True,0.0,training_fact_sla_export.csv,2026-06-23T00:00:00,221
SLA000222,WO002749,C010,SV6,A005,P3,20240124,20240127,20240126,72,37.89,True,0.0,training_fact_sla_export.csv,2026-06-23T00:00:00,222
SLA000223,WO003989,C012,SV4,A001,P3,20240207,20240210,20240211,72,81.87,False,9.87,training_fact_sla_export.csv,2026-06-23T00:00:00,223
SLA000224,WO003106,C012,SV1,A005,P3,20241019,20241022,20241022,72,51.19,True,0.0,training_fact_sla_export.csv,2026-06-23T00:00:00,224
SLA000225,WO000798,C010,SV6,A006,P4,20241203,20241208,20241206,120,50.59,True,0.0,training_fact_sla_export.csv,2026-06-23T00:00:00,225
SLA000226,WO001296,C008,SV2,A006,P2,20240713,20240714,20240714,24,18.4,True,0.0,training_fact_sla_export.csv,2026-06-23T00:00:00,226
SLA000227,WO003176,C009,SV2,A001,P3,20240615,20240618,20240617,72,43.28,True,0.0,training_fact_sla_export.csv,2026-06-23T00:00:00,227
SLA000228,WO004490,C016,SV4,A003,P2,20240209,20240210,20240210,24,8.53,True,0.0,training_fact_sla_export.csv,2026-06-23T00:00:00,228
SLA000229,WO000520,C019,SV7,A004,P1,20241125,20241125,20241126,8,11.66,False,3.66,training_fact_sla_export.csv,2026-06-23T00:00:00,229
SLA000230,WO001515,C006,SV7,A003,P2,20240723,20240724,20240726,24,65.26,False,41.26,training_fact_sla_export.csv,2026-06-23T00:00:00,230
SLA000231,WO004253,C013,SV1,A003,P2,20240512,20240513,20240514,24,26.42,False,2.42,training_fact_sla_export.csv,2026-06-23T00:00:00,231
SLA000232,WO003820,C017,SV8,A005,P4,20240110,20240115,20240114,120,89.64,True,0.0,training_fact_sla_export.csv,2026-06-23T00:00:00,232
SLA000233,WO004821,C009,SV8,A003,P4,20240120,20240125,20240123,120,49.64,True,0.0,training_fact_sla_export.csv,2026-06-23T00:00:00,233
SLA000234,WO001313,C009,SV3,A001,P3,20240806,20240809,20240808,72,24.4,True,0.0,training_fact_sla_export.csv,2026-06-23T00:00:00,234
SLA000235,WO003652,C012,SV2,A004,P2,20240811,20240812,20240812,24,18.28,True,0.0,training_fact_sla_export.csv,2026-06-23T00:00:00,235
SLA000236,WO003475,C012,SV8,A004,P2,20240930,20241001,20241001,24,17.3,True,0.0,training_fact_sla_export.csv,2026-06-23T00:00:00,236
SLA000237,WO004148,C019,SV4,A003,P4,20240424,20240429,20240501,120,147.57,False,27.57,training_fact_sla_export.csv,2026-06-23T00:00:00,237
SLA000238,WO003309,C002,SV7,A004,P4,20240707,20240712,20240721,120,323.54,False,203.54,training_fact_sla_export.csv,2026-06-23T00:00:00,238
SLA000239,WO004578,C017,SV5,A001,P2,20240902,20240903,20240903,24,7.96,True,0.0,training_fact_sla_export.csv,2026-06-23T00:00:00,239
SLA000240,WO003463,C005,SV7,A005,P2,20240922,20240923,20240923,24,8.71,True,0.0,training_fact_sla_export.csv,2026-06-23T00:00:00,240
SLA000241,WO002771,C008,SV7,A003,P3,20240119,20240122,20240123,72,94.43,False,22.43,training_fact_sla_export.csv,2026-06-23T00:00:00,241
SLA000242,WO003310,C009,SV4,A004,P2,20240929,20240930,20240930,24,18.28,True,0.0,training_fact_sla_export.csv,2026-06-23T00:00:00,242
SLA000243,WO003210,C011,SV7,A003,P3,20240815,20240818,20240817,72,39.25,True,0.0,training_fact_sla_export.csv,2026-06-23T00:00:00,243
SLA000244,WO002382,C015,SV7,A005,P3,20240830,20240902,20240901,72,35.86,True,0.0,training_fact_sla_export.csv,2026-06-23T00:00:00,244
SLA000245,WO000591,C004,SV4,A003,P4,20240613,20240618,20240618,120,107.94,True,0.0,training_fact_sla_export.csv,2026-06-23T00:00:00,245
SLA000246,WO000767,C020,SV7,A003,P3,20240801,20240804,20240804,72,51.44,True,0.0,training_fact_sla_export.csv,2026-06-23T00:00:00,246
SLA000247,WO003710,C017,SV5,A001,P2,20240312,20240313,20240313,24,17.37,True,0.0,training_fact_sla_export.csv,2026-06-23T00:00:00,247
SLA000248,WO002759,C002,SV1,A005,P4,20240422,20240427,20240425,120,61.55,True,0.0,training_fact_sla_export.csv,2026-06-23T00:00:00,248
SLA000249,WO003968,C012,SV3,A003,P1,20240923,20240923,20240924,8,5.61,True,0.0,training_fact_sla_export.csv,2026-06-23T00:00:00,249
SLA000250,WO003805,C019,SV8,A002,P2,20240308,20240309,20240309,24,12.27,True,0.0,training_fact_sla_export.csv,2026-06-23T00:00:00,250
SLA000251,WO001145,C001,SV3,A004,P4,20241012,20241017,20241014,120,35.96,True,0.0,training_fact_sla_export.csv,2026-06-23T00:00:00,251
SLA000252,WO001441,C007,SV1,A001,P3,20241109,20241112,20241112,72,68.57,True,0.0,training_fact_sla_export.csv,2026-06-23T00:00:00,252
SLA000253,WO000995,C010,SV8,A001,P4,20240215,20240220,20240217,120,33.69,True,0.0,training_fact_sla_export.csv,2026-06-23T00:00:00,253
SLA000254,WO003437,C020,SV5,A003,P2,20240212,20240213,20240213,24,15.41,True,0.0,training_fact_sla_export.csv,2026-06-23T00:00:00,254
SLA000255,WO002106,C012,SV7,A005,P3,20240112,20240115,20240113,72,17.2,True,0.0,training_fact_sla_export.csv,2026-06-23T00:00:00,255
SLA000256,WO002419,C001,SV6,A004,P3,20240506,20240509,20240515,72,209.12,False,137.12,training_fact_sla_export.csv,2026-06-23T00:00:00,256
SLA000257,WO000377,C013,SV7,A003,P3,20240327,20240330,20240331,72,81.17,False,9.17,training_fact_sla_export.csv,2026-06-23T00:00:00,257
SLA000258,WO003499,C011,SV3,A006,P2,20240314,20240315,20240316,24,28.52,False,4.52,training_fact_sla_export.csv,2026-06-23T00:00:00,258
SLA000259,WO002756,C012,SV3,A001,P3,20240822,20240825,20240825,72,58.49,True,0.0,training_fact_sla_export.csv,2026-06-23T00:00:00,259
SLA000260,WO004397,C016,SV6,A005,P3,20240209,20240212,20240215,72,135.26,False,63.26,training_fact_sla_export.csv,2026-06-23T00:00:00,260
SLA000261,WO004598,C002,SV1,A003,P3,20240219,20240222,20240221,72,26.84,True,0.0,training_fact_sla_export.csv,2026-06-23T00:00:00,261
SLA000262,WO001967,C008,SV2,A005,P1,20241002,20241002,20241003,8,6.42,True,0.0,training_fact_sla_export.csv,2026-06-23T00:00:00,262
SLA000263,WO000045,C003,SV5,A004,P4,20240702,20240707,20240707,120,98.42,True,0.0,training_fact_sla_export.csv,2026-06-23T00:00:00,263
SLA000264,WO004186,C020,SV5,A001,P2,20240621,20240622,20240622,24,18.61,True,0.0,training_fact_sla_export.csv,2026-06-23T00:00:00,264
SLA000265,WO001910,C019,SV5,A001,P3,20240528,20240531,20240531,72,58.55,True,0.0,training_fact_sla_export.csv,2026-06-23T00:00:00,265
SLA000266,WO004744,C019,SV2,A005,P2,20241223,20241224,20241225,24,47.87,False,23.87,training_fact_sla_export.csv,2026-06-23T00:00:00,266
SLA000267,WO000565,C006,SV2,A005,P3,20240910,20240913,20240912,72,41.99,True,0.0,training_fact_sla_export.csv,2026-06-23T00:00:00,267
SLA000268,WO003161,C007,SV4,A002,P2,20241122,20241123,20241123,24,12.62,True,0.0,training_fact_sla_export.csv,2026-06-23T00:00:00,268
SLA000269,WO003549,C010,SV6,A004,P2,20241113,20241114,20241115,24,30.77,False,6.77,training_fact_sla_export.csv,2026-06-23T00:00:00,269
SLA000270,WO001461,C001,SV6,A005,P4,20240212,20240217,20240218,120,127.93,False,7.93,training_fact_sla_export.csv,2026-06-23T00:00:00,270
SLA000271,WO002518,C018,SV4,A002,P2,20240822,20240823,20240823,24,17.13,True,0.0,training_fact_sla_export.csv,2026-06-23T00:00:00,271
SLA000272,WO004568,C004,SV8,A006,P1,20240110,20240110,20240111,8,9.76,False,1.76,training_fact_sla_export.csv,2026-06-23T00:00:00,272
SLA000273,WO002489,C014,SV6,A001,P2,20240720,20240721,20240722,24,31.7,False,7.7,training_fact_sla_export.csv,2026-06-23T00:00:00,273
SLA000274,WO000272,C001,SV5,A002,P3,20241009,20241012,20241011,72,36.35,True,0.0,training_fact_sla_export.csv,2026-06-23T00:00:00,274
SLA000275,WO004583,C003,SV1,A004,P3,20241202,20241205,20241206,72,90.05,False,18.05,training_fact_sla_export.csv,2026-06-23T00:00:00,275
SLA000276,WO001546,C014,SV3,A006,P3,20240121,20240124,20240125,72,74.39,False,2.39,training_fact_sla_export.csv,2026-06-23T00:00:00,276
SLA000277,WO002768,C002,SV3,A005,P4,20241215,20241220,20241227,120,268.45,False,148.45,training_fact_sla_export.csv,2026-06-23T00:00:00,277
SLA000278,WO002459,C003,SV3,A004,P2,20240729,20240730,20240731,24,30.13,False,6.13,training_fact_sla_export.csv,2026-06-23T00:00:00,278
SLA000279,WO001353,C005,SV5,A003,P4,20240217,20240222,20240221,120,80.37,True,0.0,training_fact_sla_export.csv,2026-06-23T00:00:00,279
SLA000280,WO002917,C010,SV8,A005,P2,20240624,20240625,20240625,24,15.74,True,0.0,training_fact_sla_export.csv,2026-06-23T00:00:00,280
SLA000281,WO003653,C005,SV3,A006,P1,20240118,20240118,20240119,8,3.03,True,0.0,training_fact_sla_export.csv,2026-06-23T00:00:00,281
SLA000282,WO002919,C004,SV8,A006,P3,20240212,20240215,20240215,72,59.89,True,0.0,training_fact_sla_export.csv,2026-06-23T00:00:00,282
SLA000283,WO003283,C004,SV3,A003,P1,20240222,20240222,20240223,8,2.86,True,0.0,training_fact_sla_export.csv,2026-06-23T00:00:00,283
SLA000284,WO000082,C018,SV2,A005,P3,20240620,20240623,20240622,72,47.9,True,0.0,training_fact_sla_export.csv,2026-06-23T00:00:00,284
SLA000285,WO004459,C017,SV7,A001,P3,20240422,20240425,20240425,72,53.14,True,0.0,training_fact_sla_export.csv,2026-06-23T00:00:00,285
SLA000286,WO003291,C006,SV2,A006,P2,20240205,20240206,20240207,24,34.48,False,10.48,training_fact_sla_export.csv,2026-06-23T00:00:00,286
SLA000287,WO002274,C013,SV7,A002,P3,20240303,20240306,20240307,72,93.29,False,21.29,training_fact_sla_export.csv,2026-06-23T00:00:00,287
SLA000288,WO001407,C014,SV5,A006,P3,20240116,20240119,20240119,72,62.59,True,0.0,training_fact_sla_export.csv,2026-06-23T00:00:00,288
SLA000289,WO003236,C005,SV7,A003,P2,20240716,20240717,20240717,24,12.75,True,0.0,training_fact_sla_export.csv,2026-06-23T00:00:00,289
SLA000290,WO001616,C012,SV8,A001,P3,20240816,20240819,20240818,72,25.36,True,0.0,training_fact_sla_export.csv,2026-06-23T00:00:00,290
SLA000291,WO001725,C002,SV4,A002,P3,20241208,20241211,20241210,72,28.3,True,0.0,training_fact_sla_export.csv,2026-06-23T00:00:00,291
SLA000292,WO004265,C008,SV4,A001,P1,20240828,20240828,20240829,8,5.9,True,0.0,training_fact_sla_export.csv,2026-06-23T00:00:00,292
SLA000293,WO000164,C012,SV7,A001,P2,20240616,20240617,20240617,24,19.62,True,0.0,training_fact_sla_export.csv,2026-06-23T00:00:00,293
SLA000294,WO001320,C016,SV6,A003,P1,20240818,20240818,20240819,8,9.68,False,1.68,training_fact_sla_export.csv,2026-06-23T00:00:00,294
SLA000295,WO001498,C008,SV3,A005,P4,20241002,20241007,20241007,120,97.04,True,0.0,training_fact_sla_export.csv,2026-06-23T00:00:00,295
SLA000296,WO002718,C003,SV5,A005,P1,20240126,20240126,20240127,8,2.75,True,0.0,training_fact_sla_export.csv,2026-06-23T00:00:00,296
SLA000297,WO002693,C015,SV3,A003,P2,20240717,20240718,20240718,24,8.87,True,0.0,training_fact_sla_export.csv,2026-06-23T00:00:00,297
SLA000298,WO000043,C015,SV5,A006,P3,20240706,20240709,20240708,72,39.97,True,0.0,training_fact_sla_export.csv,2026-06-23T00:00:00,298
SLA000299,WO003815,C003,SV8,A001,P1,20240125,20240125,20240126,8,2.78,True,0.0,training_fact_sla_export.csv,2026-06-23T00:00:00,299
SLA000300,WO001968,C004,SV1,A004,P3,20241001,20241004,20241005,72,86.35,False,14.35,training_fact_sla_export.csv,2026-06-23T00:00:00,300
SLA000301,WO003857,C006,SV6,A006,P2,20241109,20241110,20241110,24,12.43,True,0.0,training_fact_sla_export.csv,2026-06-23T00:00:00,301
SLA000302,WO000345,C002,SV6,A002,P2,20240108,20240109,20240110,24,25.59,False,1.59,training_fact_sla_export.csv,2026-06-23T00:00:00,302
SLA000303,WO004114,C016,SV5,A003,P2,20240504,20240505,20240506,24,32.6,False,8.6,training_fact_sla_export.csv,2026-06-23T00:00:00,303
SLA000304,WO004327,C020,SV8,A006,P2,20240409,20240410,20240410,24,20.62,True,0.0,training_fact_sla_export.csv,2026-06-23T00:00:00,304
SLA000305,WO004309,C017,SV2,A004,P3,20241003,20241006,20241005,72,29.53,True,0.0,training_fact_sla_export.csv,2026-06-23T00:00:00,305
SLA000306,WO004267,C004,SV5,A002,P2,20240402,20240403,20240403,24,19.98,True,0.0,training_fact_sla_export.csv,2026-06-23T00:00:00,306
SLA000307,WO002461,C006,SV8,A006,P3,20241130,20241203,20241203,72,60.24,True,0.0,training_fact_sla_export.csv,2026-06-23T00:00:00,307
SLA000308,WO002586,C006,SV7,A004,P2,20241129,20241130,20241130,24,14.48,True,0.0,training_fact_sla_export.csv,2026-06-23T00:00:00,308
SLA000309,WO003584,C010,SV3,A003,P1,20240205,20240205,20240206,8,4.12,True,0.0,training_fact_sla_export.csv,2026-06-23T00:00:00,309
SLA000310,WO001249,C001,SV8,A001,P4,20240315,20240320,20240319,120,84.29,True,0.0,training_fact_sla_export.csv,2026-06-23T00:00:00,310
SLA000311,WO003179,C005,SV8,A003,P3,20241031,20241103,20241106,72,132.7,False,60.7,training_fact_sla_export.csv,2026-06-23T00:00:00,311
SLA000312,WO000499,C014,SV7,A001,P4,20240921,20240926,20240923,120,45.26,True,0.0,training_fact_sla_export.csv,2026-06-23T00:00:00,312
SLA000313,WO000811,C014,SV5,A002,P3,20240719,20240722,20240721,72,46.33,True,0.0,training_fact_sla_export.csv,2026-06-23T00:00:00,313
SLA000314,WO003355,C016,SV1,A006,P1,20241019,20241019,20241020,8,7.73,True,0.0,training_fact_sla_export.csv,2026-06-23T00:00:00,314
SLA000315,WO002941,C009,SV7,A006,P2,20240815,20240816,20240816,24,9.03,True,0.0,training_fact_sla_export.csv,2026-06-23T00:00:00,315
SLA000316,WO003716,C001,SV8,A002,P1,20240320,20240320,20240321,8,4.48,True,0.0,training_fact_sla_export.csv,2026-06-23T00:00:00,316
SLA000317,WO003489,C020,SV1,A005,P3,20240116,20240119,20240118,72,46.52,True,0.0,training_fact_sla_export.csv,2026-06-23T00:00:00,317
SLA000318,WO002579,C011,SV5,A005,P3,20240310,20240313,20240313,72,63.21,True,0.0,training_fact_sla_export.csv,2026-06-23T00:00:00,318
SLA000319,WO003082,C019,SV5,A003,P1,20240619,20240619,20240620,8,6.6,True,0.0,training_fact_sla_export.csv,2026-06-23T00:00:00,319
SLA000320,WO000829,C017,SV8,A005,P2,20241002,20241003,20241005,24,56.3,False,32.3,training_fact_sla_export.csv,2026-06-23T00:00:00,320
SLA000321,WO003344,C003,SV3,A005,P2,20241116,20241117,20241118,24,26.06,False,2.06,training_fact_sla_export.csv,2026-06-23T00:00:00,321
SLA000322,WO001670,C016,SV8,A004,P4,20241002,20241007,20241019,120,402.1,False,282.1,training_fact_sla_export.csv,2026-06-23T00:00:00,322
SLA000323,WO004445,C013,SV2,A003,P1,20240725,20240725,20240726,8,11.49,False,3.49,training_fact_sla_export.csv,2026-06-23T00:00:00,323
SLA000324,WO001695,C017,SV8,A004,P2,20241114,20241115,20241115,24,22.23,True,0.0,training_fact_sla_export.csv,2026-06-23T00:00:00,324
SLA000325,WO001849,C015,SV8,A005,P3,20241109,20241112,20241110,72,16.58,True,0.0,training_fact_sla_export.csv,2026-06-23T00:00:00,325
SLA000326,WO002992,C002,SV1,A001,P1,20240402,20240402,20240403,8,6.53,True,0.0,training_fact_sla_export.csv,2026-06-23T00:00:00,326
SLA000327,WO003265,C003,SV1,A005,P2,20241006,20241007,20241007,24,12.27,True,0.0,training_fact_sla_export.csv,2026-06-23T00:00:00,327
SLA000328,WO000114,C006,SV1,A005,P2,20240421,20240422,20240423,24,26.48,False,2.48,training_fact_sla_export.csv,2026-06-23T00:00:00,328
SLA000329,WO000599,C005,SV5,A003,P1,20240229,20240229,20240301,8,5.07,True,0.0,training_fact_sla_export.csv,2026-06-23T00:00:00,329
SLA000330,WO003735,C011,SV3,A003,P1,20241217,20241217,20241218,8,7.77,True,0.0,training_fact_sla_export.csv,2026-06-23T00:00:00,330
SLA000331,WO001923,C020,SV4,A001,P3,20240714,20240717,20240717,72,69.45,True,0.0,training_fact_sla_export.csv,2026-06-23T00:00:00,331
SLA000332,WO002948,C011,SV1,A003,P2,20240706,20240707,20240707,24,22.93,True,0.0,training_fact_sla_export.csv,2026-06-23T00:00:00,332
SLA000333,WO004814,C007,SV3,A001,P4,20240507,20240512,20240510,120,71.9,True,0.0,training_fact_sla_export.csv,2026-06-23T00:00:00,333
SLA000334,WO003465,C016,SV5,A001,P2,20240605,20240606,20240606,24,16.02,True,0.0,training_fact_sla_export.csv,2026-06-23T00:00:00,334
SLA000335,WO000996,C010,SV1,A004,P3,20241120,20241123,20241126,72,137.3,False,65.3,training_fact_sla_export.csv,2026-06-23T00:00:00,335
SLA000336,WO000425,C019,SV6,A003,P3,20240422,20240425,20240426,72,90.42,False,18.42,training_fact_sla_export.csv,2026-06-23T00:00:00,336
SLA000337,WO001792,C009,SV6,A004,P2,20240312,20240313,20240313,24,22.73,True,0.0,training_fact_sla_export.csv,2026-06-23T00:00:00,337
SLA000338,WO004633,C015,SV6,A004,P1,20240802,20240802,20240803,8,16.68,False,8.68,training_fact_sla_export.csv,2026-06-23T00:00:00,338
SLA000339,WO004252,C002,SV7,A001,P3,20241228,20241231,20241231,72,58.09,True,0.0,training_fact_sla_export.csv,2026-06-23T00:00:00,339
SLA000340,WO002731,C010,SV5,A002,P3,20240423,20240426,20240426,72,48.66,True,0.0,training_fact_sla_export.csv,2026-06-23T00:00:00,340
SLA000341,WO002296,C009,SV3,A003,P2,20240715,20240716,20240716,24,18.32,True,0.0,training_fact_sla_export.csv,2026-06-23T00:00:00,341
SLA000342,WO004271,C012,SV8,A006,P3,20240326,20240329,20240328,72,42.06,True,0.0,training_fact_sla_export.csv,2026-06-23T00:00:00,342
SLA000343,WO002293,C016,SV5,A004,P3,20240615,20240618,20240619,72,72.51,False,0.51,training_fact_sla_export.csv,2026-06-23T00:00:00,343
SLA000344,WO000534,C001,SV7,A003,P2,20240409,20240410,20240410,24,10.34,True,0.0,training_fact_sla_export.csv,2026-06-23T00:00:00,344
SLA000345,WO004062,C007,SV6,A003,P2,20240808,20240809,20240810,24,25.25,False,1.25,training_fact_sla_export.csv,2026-06-23T00:00:00,345
SLA000346,WO000298,C010,SV6,A006,P3,20241117,20241120,20241120,72,56.01,True,0.0,training_fact_sla_export.csv,2026-06-23T00:00:00,346
SLA000347,WO002690,C013,SV6,A002,P1,20240122,20240122,20240123,8,2.66,True,0.0,training_fact_sla_export.csv,2026-06-23T00:00:00,347
SLA000348,WO000528,C003,SV1,A002,P1,20240501,20240501,20240502,8,5.01,True,0.0,training_fact_sla_export.csv,2026-06-23T00:00:00,348
SLA000349,WO002641,C015,SV4,A003,P3,20241108,20241111,20241112,72,93.25,False,21.25,training_fact_sla_export.csv,2026-06-23T00:00:00,349
SLA000350,WO004120,C015,SV7,A003,P2,20241013,20241014,20241014,24,6.85,True,0.0,training_fact_sla_export.csv,2026-06-23T00:00:00,350
SLA000351,WO000063,C011,SV1,A002,P2,20240719,20240720,20240720,24,18.2,True,0.0,training_fact_sla_export.csv,2026-06-23T00:00:00,351
SLA000352,WO004873,C016,SV6,A005,P4,20240627,20240702,20240630,120,64.96,True,0.0,training_fact_sla_export.csv,2026-06-23T00:00:00,352
SLA000353,WO004657,C011,SV8,A001,P2,20240311,20240312,20240312,24,19.31,True,0.0,training_fact_sla_export.csv,2026-06-23T00:00:00,353
SLA000354,WO002770,C020,SV8,A003,P2,20241220,20241221,20241221,24,19.05,True,0.0,training_fact_sla_export.csv,2026-06-23T00:00:00,354
SLA000355,WO004260,C002,SV7,A003,P1,20240228,20240228,20240229,8,8.14,False,0.14,training_fact_sla_export.csv,2026-06-23T00:00:00,355
SLA000356,WO004834,C010,SV6,A006,P3,20240519,20240522,20240521,72,47.31,True,0.0,training_fact_sla_export.csv,2026-06-23T00:00:00,356
SLA000357,WO001349,C015,SV8,A002,P3,20240724,20240727,20240725,72,17.22,True,0.0,training_fact_sla_export.csv,2026-06-23T00:00:00,357
SLA000358,WO000239,C002,SV4,A005,P3,20240917,20240920,20240924,72,149.08,False,77.08,training_fact_sla_export.csv,2026-06-23T00:00:00,358
SLA000359,WO000688,C014,SV5,A001,P3,20240605,20240608,20240606,72,19.97,True,0.0,training_fact_sla_export.csv,2026-06-23T00:00:00,359
SLA000360,WO004212,C003,SV6,A006,P2,20241113,20241114,20241114,24,11.29,True,0.0,training_fact_sla_export.csv,2026-06-23T00:00:00,360
SLA000361,WO000031,C013,SV3,A003,P2,20240323,20240324,20240324,24,6.46,True,0.0,training_fact_sla_export.csv,2026-06-23T00:00:00,361
SLA000362,WO000777,C019,SV4,A006,P1,20240111,20240111,20240112,8,4.39,True,0.0,training_fact_sla_export.csv,2026-06-23T00:00:00,362
SLA000363,WO001373,C005,SV8,A001,P4,20241022,20241027,20241026,120,83.36,True,0.0,training_fact_sla_export.csv,2026-06-23T00:00:00,363
SLA000364,WO003894,C004,SV6,A001,P3,20240227,20240301,20240229,72,40.45,True,0.0,training_fact_sla_export.csv,2026-06-23T00:00:00,364
SLA000365,WO002732,C013,SV6,A005,P3,20240419,20240422,20240424,72,110.42,False,38.42,training_fact_sla_export.csv,2026-06-23T00:00:00,365
SLA000366,WO003560,C008,SV1,A004,P2,20240822,20240823,20240823,24,15.68,True,0.0,training_fact_sla_export.csv,2026-06-23T00:00:00,366
SLA000367,WO003453,C016,SV7,A001,P2,20240907,20240908,20240908,24,16.59,True,0.0,training_fact_sla_export.csv,2026-06-23T00:00:00,367
SLA000368,WO002143,C003,SV8,A005,P1,20240407,20240407,20240408,8,7.59,True,0.0,training_fact_sla_export.csv,2026-06-23T00:00:00,368
SLA000369,WO002010,C016,SV6,A001,P3,20241030,20241102,20241101,72,33.76,True,0.0,training_fact_sla_export.csv,2026-06-23T00:00:00,369
SLA000370,WO002914,C017,SV6,A006,P3,20240911,20240914,20240914,72,48.94,True,0.0,training_fact_sla_export.csv,2026-06-23T00:00:00,370
SLA000371,WO004209,C015,SV5,A004,P4,20240814,20240819,20240822,120,187.39,False,67.39,training_fact_sla_export.csv,2026-06-23T00:00:00,371
SLA000372,WO000442,C007,SV1,A001,P3,20240902,20240905,20240905,72,65.14,True,0.0,training_fact_sla_export.csv,2026-06-23T00:00:00,372
SLA000373,WO000661,C015,SV8,A002,P2,20240606,20240607,20240607,24,19.15,True,0.0,training_fact_sla_export.csv,2026-06-23T00:00:00,373
SLA000374,WO001166,C008,SV8,A003,P3,20240805,20240808,20240808,72,58.76,True,0.0,training_fact_sla_export.csv,2026-06-23T00:00:00,374
SLA000375,WO002500,C009,SV5,A001,P3,20240826,20240829,20240828,72,36.03,True,0.0,training_fact_sla_export.csv,2026-06-23T00:00:00,375
SLA000376,WO002721,C015,SV7,A004,P3,20241230,20250102,20241231,72,88.2,False,16.2,training_fact_sla_export.csv,2026-06-23T00:00:00,376
SLA000377,WO001876,C019,SV3,A005,P3,20240812,20240815,20240813,72,20.04,True,0.0,training_fact_sla_export.csv,2026-06-23T00:00:00,377
SLA000378,WO002785,C012,SV2,A003,P2,20240323,20240324,20240324,24,18.01,True,0.0,training_fact_sla_export.csv,2026-06-23T00:00:00,378
SLA000379,WO004946,C020,SV6,A006,P4,20240121,20240126,20240124,120,59.07,True,0.0,training_fact_sla_export.csv,2026-06-23T00:00:00,379
SLA000380,WO004681,C012,SV8,A003,P2,20240505,20240506,20240506,24,19.49,True,0.0,training_fact_sla_export.csv,2026-06-23T00:00:00,380
SLA000381,WO002429,C017,SV2,A003,P3,20240325,20240328,20240328,72,65.98,True,0.0,training_fact_sla_export.csv,2026-06-23T00:00:00,381
SLA000382,WO002122,C002,SV6,A004,P3,20241207,20241210,20241211,72,85.03,False,13.03,training_fact_sla_export.csv,2026-06-23T00:00:00,382
SLA000383,WO003538,C004,SV3,A005,P2,20240922,20240923,20240923,24,20.72,True,0.0,training_fact_sla_export.csv,2026-06-23T00:00:00,383
SLA000384,WO003078,C005,SV3,A002,P2,20240220,20240221,20240221,24,11.32,True,0.0,training_fact_sla_export.csv,2026-06-23T00:00:00,384
SLA000385,WO003124,C007,SV6,A004,P3,20240302,20240305,20240306,72,77.24,False,5.24,training_fact_sla_export.csv,2026-06-23T00:00:00,385
SLA000386,WO001586,C006,SV8,A004,P3,20240428,20240501,20240430,72,34.97,True,0.0,training_fact_sla_export.csv,2026-06-23T00:00:00,386
SLA000387,WO002686,C014,SV3,A006,P2,20241126,20241127,20241127,24,18.84,True,0.0,training_fact_sla_export.csv,2026-06-23T00:00:00,387
SLA000388,WO002478,C020,SV6,A004,P1,20241124,20241124,20241125,8,6.29,True,0.0,training_fact_sla_export.csv,2026-06-23T00:00:00,388
SLA000389,WO000366,C004,SV3,A001,P4,20241224,20241229,20241229,120,110.6,True,0.0,training_fact_sla_export.csv,2026-06-23T00:00:00,389
SLA000390,WO002993,C005,SV7,A003,P3,20240621,20240624,20240624,72,51.76,True,0.0,training_fact_sla_export.csv,2026-06-23T00:00:00,390
SLA000391,WO001391,C019,SV7,A003,P3,20240705,20240708,20240708,72,60.4,True,0.0,training_fact_sla_export.csv,2026-06-23T00:00:00,391
SLA000392,WO004162,C008,SV6,A004,P3,20240323,20240326,20240329,72,126.9,False,54.9,training_fact_sla_export.csv,2026-06-23T00:00:00,392
SLA000393,WO004022,C014,SV4,A001,P2,20240414,20240415,20240415,24,19.75,True,0.0,training_fact_sla_export.csv,2026-06-23T00:00:00,393
SLA000394,WO001029,C004,SV1,A001,P1,20240427,20240427,20240428,8,7.24,True,0.0,training_fact_sla_export.csv,2026-06-23T00:00:00,394
SLA000395,WO004797,C018,SV3,A001,P3,20240805,20240808,20240809,72,78.19,False,6.19,training_fact_sla_export.csv,2026-06-23T00:00:00,395
SLA000396,WO004749,C010,SV7,A006,P2,20240321,20240322,20240322,24,21.82,True,0.0,training_fact_sla_export.csv,2026-06-23T00:00:00,396
SLA000397,WO004240,C018,SV2,A005,P3,20240925,20240928,20240926,72,11.23,True,0.0,training_fact_sla_export.csv,2026-06-23T00:00:00,397
SLA000398,WO001086,C001,SV3,A001,P4,20241117,20241122,20241121,120,92.59,True,0.0,training_fact_sla_export.csv,2026-06-23T00:00:00,398
SLA000399,WO003963,C011,SV7,A003,P3,20241117,20241120,20241120,72,51.38,True,0.0,training_fact_sla_export.csv,2026-06-23T00:00:00,399
SLA000400,WO000654,C017,SV8,A002,P3,20240621,20240624,20240623,72,25.66,True,0.0,training_fact_sla_export.csv,2026-06-23T00:00:00,400
SLA000401,WO003564,C003,SV8,A005,P3,20240825,20240828,20240828,72,52.79,True,0.0,training_fact_sla_export.csv,2026-06-23T00:00:00,401
SLA000402,WO001492,C018,SV3,A001,P3,20241102,20241105,20241104,72,31.78,True,0.0,training_fact_sla_export.csv,2026-06-23T00:00:00,402
SLA000403,WO002299,C016,SV7,A001,P3,20240924,20240927,20240927,72,65.2,True,0.0,training_fact_sla_export.csv,2026-06-23T00:00:00,403
SLA000404,WO002898,C010,SV8,A004,P1,20240905,20240905,20240906,8,3.57,True,0.0,training_fact_sla_export.csv,2026-06-23T00:00:00,404
SLA000405,WO001291,C019,SV7,A005,P3,20241024,20241027,20241028,72,81.43,False,9.43,training_fact_sla_export.csv,2026-06-23T00:00:00,405
SLA000406,WO004315,C017,SV4,A001,P4,20240329,20240403,20240401,120,54.22,True,0.0,training_fact_sla_export.csv,2026-06-23T00:00:00,406
SLA000407,WO000269,C004,SV3,A003,P2,20240321,20240322,20240322,24,18.61,True,0.0,training_fact_sla_export.csv,2026-06-23T00:00:00,407
SLA000408,WO001267,C001,SV1,A003,P3,20241217,20241220,20241220,72,55.74,True,0.0,training_fact_sla_export.csv,2026-06-23T00:00:00,408
SLA000409,WO002665,C005,SV8,A004,P3,20240305,20240308,20240312,72,145.22,False,73.22,training_fact_sla_export.csv,2026-06-23T00:00:00,409
SLA000410,WO004122,C009,SV3,A003,P2,20240130,20240131,20240131,24,12.92,True,0.0,training_fact_sla_export.csv,2026-06-23T00:00:00,410
SLA000411,WO002208,C014,SV6,A003,P2,20240221,20240222,20240223,24,30.73,False,6.73,training_fact_sla_export.csv,2026-06-23T00:00:00,411
SLA000412,WO002646,C004,SV1,A006,P1,20240126,20240126,20240127,8,7.95,True,0.0,training_fact_sla_export.csv,2026-06-23T00:00:00,412
SLA000413,WO001052,C006,SV1,A004,P4,20241231,20250105,20241231,120,139.89,False,19.89,training_fact_sla_export.csv,2026-06-23T00:00:00,413
SLA000414,WO004086,C008,SV5,A005,P2,20241218,20241219,20241219,24,17.88,True,0.0,training_fact_sla_export.csv,2026-06-23T00:00:00,414
SLA000415,WO000258,C011,SV3,A002,P1,20241230,20241230,20241231,8,10.12,False,2.12,training_fact_sla_export.csv,2026-06-23T00:00:00,415
SLA000416,WO000217,C009,SV1,A006,P3,20240108,20240111,20240110,72,39.21,True,0.0,training_fact_sla_export.csv,2026-06-23T00:00:00,416
SLA000417,WO002534,C009,SV8,A001,P4,20240603,20240608,20240605,120,34.54,True,0.0,training_fact_sla_export.csv,2026-06-23T00:00:00,417
SLA000418,WO000911,C014,SV7,A005,P3,20241126,20241129,20241130,72,92.99,False,20.99,training_fact_sla_export.csv,2026-06-23T00:00:00,418
SLA000419,WO000914,C014,SV5,A003,P4,20240918,20240923,20240920,120,46.89,True,0.0,training_fact_sla_export.csv,2026-06-23T00:00:00,419
SLA000420,WO004922,C017,SV6,A003,P1,20240729,20240729,20240730,8,5.5,True,0.0,training_fact_sla_export.csv,2026-06-23T00:00:00,420
SLA000421,WO004795,C020,SV2,A006,P2,20240407,20240408,20240408,24,19.09,True,0.0,training_fact_sla_export.csv,2026-06-23T00:00:00,421
SLA000422,WO000171,C019,SV5,A003,P2,20240925,20240926,20240926,24,13.34,True,0.0,training_fact_sla_export.csv,2026-06-23T00:00:00,422
SLA000423,WO004840,C018,SV6,A006,P3,20240123,20240126,20240126,72,71.76,True,0.0,training_fact_sla_export.csv,2026-06-23T00:00:00,423
SLA000424,WO004180,C006,SV4,A003,P2,20240410,20240411,20240412,24,25.43,False,1.43,training_fact_sla_export.csv,2026-06-23T00:00:00,424
SLA000425,WO002066,C014,SV6,A004,P2,20240424,20240425,20240425,24,15.09,True,0.0,training_fact_sla_export.csv,2026-06-23T00:00:00,425
SLA000426,WO002740,C014,SV6,A003,P2,20241123,20241124,20241124,24,11.34,True,0.0,training_fact_sla_export.csv,2026-06-23T00:00:00,426
SLA000427,WO001502,C014,SV2,A004,P4,20240212,20240217,20240217,120,115.27,True,0.0,training_fact_sla_export.csv,2026-06-23T00:00:00,427
SLA000428,WO004793,C017,SV1,A005,P2,20241220,20241221,20241221,24,15.65,True,0.0,training_fact_sla_export.csv,2026-06-23T00:00:00,428
SLA000429,WO004194,C016,SV1,A003,P2,20240323,20240324,20240324,24,17.72,True,0.0,training_fact_sla_export.csv,2026-06-23T00:00:00,429
SLA000430,WO000625,C009,SV7,A001,P2,20240115,20240116,20240116,24,12.77,True,0.0,training_fact_sla_export.csv,2026-06-23T00:00:00,430
SLA000431,WO000738,C005,SV5,A003,P4,20240505,20240510,20240510,120,106.62,True,0.0,training_fact_sla_export.csv,2026-06-23T00:00:00,431
SLA000432,WO001152,C012,SV5,A005,P2,20240309,20240310,20240310,24,16.97,True,0.0,training_fact_sla_export.csv,2026-06-23T00:00:00,432
SLA000433,WO001399,C012,SV1,A005,P4,20240607,20240612,20240612,120,111.09,True,0.0,training_fact_sla_export.csv,2026-06-23T00:00:00,433
SLA000434,WO004533,C014,SV2,A003,P4,20240830,20240904,20240902,120,56.34,True,0.0,training_fact_sla_export.csv,2026-06-23T00:00:00,434
SLA000435,WO001580,C002,SV7,A006,P2,20240320,20240321,20240322,24,26.12,False,2.12,training_fact_sla_export.csv,2026-06-23T00:00:00,435
SLA000436,WO001687,C002,SV1,A003,P3,20240502,20240505,20240505,72,56.71,True,0.0,training_fact_sla_export.csv,2026-06-23T00:00:00,436
SLA000437,WO000324,C015,SV7,A004,P2,20240723,20240724,20240724,24,20.62,True,0.0,training_fact_sla_export.csv,2026-06-23T00:00:00,437
SLA000438,WO002210,C013,SV8,A001,P3,20240708,20240711,20240714,72,131.46,False,59.46,training_fact_sla_export.csv,2026-06-23T00:00:00,438
SLA000439,WO004735,C015,SV6,A006,P3,20240718,20240721,20240720,72,47.14,True,0.0,training_fact_sla_export.csv,2026-06-23T00:00:00,439
SLA000440,WO002328,C011,SV1,A003,P2,20240313,20240314,20240314,24,12.51,True,0.0,training_fact_sla_export.csv,2026-06-23T00:00:00,440
SLA000441,WO000441,C017,SV5,A002,P3,20240903,20240906,20240907,72,85.71,False,13.71,training_fact_sla_export.csv,2026-06-23T00:00:00,441
SLA000442,WO002874,C007,SV3,A001,P2,20240531,20240601,20240602,24,27.32,False,3.32,training_fact_sla_export.csv,2026-06-23T00:00:00,442
SLA000443,WO004590,C011,SV2,A006,P1,20241015,20241015,20241016,8,4.39,True,0.0,training_fact_sla_export.csv,2026-06-23T00:00:00,443
SLA000444,WO002230,C020,SV2,A003,P2,20240728,20240729,20240729,24,15.73,True,0.0,training_fact_sla_export.csv,2026-06-23T00:00:00,444
SLA000445,WO001347,C020,SV4,A006,P3,20241007,20241010,20241009,72,47.34,True,0.0,training_fact_sla_export.csv,2026-06-23T00:00:00,445
SLA000446,WO002936,C002,SV7,A004,P2,20240419,20240420,20240420,24,12.21,True,0.0,training_fact_sla_export.csv,2026-06-23T00:00:00,446
SLA000447,WO004091,C003,SV8,A006,P4,20240217,20240222,20240220,120,51.11,True,0.0,training_fact_sla_export.csv,2026-06-23T00:00:00,447
SLA000448,WO000609,C020,SV2,A005,P2,20240523,20240524,20240525,24,26.67,False,2.67,training_fact_sla_export.csv,2026-06-23T00:00:00,448
SLA000449,WO002842,C012,SV2,A004,P2,20240330,20240331,20240331,24,11.02,True,0.0,training_fact_sla_export.csv,2026-06-23T00:00:00,449
SLA000450,WO000707,C013,SV2,A005,P3,20240603,20240606,20240607,72,80.97,False,8.97,training_fact_sla_export.csv,2026-06-23T00:00:00,450
SLA000451,WO004667,C001,SV5,A003,P3,20240624,20240627,20240628,72,72.93,False,0.93,training_fact_sla_export.csv,2026-06-23T00:00:00,451
SLA000452,WO001605,C002,SV5,A004,P3,20240702,20240705,20240705,72,60.82,True,0.0,training_fact_sla_export.csv,2026-06-23T00:00:00,452
SLA000453,WO004738,C014,SV7,A006,P2,20241108,20241109,20241109,24,11.48,True,0.0,training_fact_sla_export.csv,2026-06-23T00:00:00,453
SLA000454,WO000306,C004,SV4,A003,P1,20240606,20240606,20240607,8,3.07,True,0.0,training_fact_sla_export.csv,2026-06-23T00:00:00,454
SLA000455,WO004942,C016,SV6,A002,P3,20240526,20240529,20240529,72,66.45,True,0.0,training_fact_sla_export.csv,2026-06-23T00:00:00,455
SLA000456,WO000955,C016,SV8,A006,P4,20240609,20240614,20240613,120,89.15,True,0.0,training_fact_sla_export.csv,2026-06-23T00:00:00,456
SLA000457,WO000238,C020,SV7,A003,P2,20241016,20241017,20241017,24,13.91,True,0.0,training_fact_sla_export.csv,2026-06-23T00:00:00,457
SLA000458,WO000487,C004,SV6,A006,P1,20241123,20241123,20241124,8,4.56,True,0.0,training_fact_sla_export.csv,2026-06-23T00:00:00,458
SLA000459,WO000644,C008,SV2,A005,P4,20240507,20240512,20240511,120,79.52,True,0.0,training_fact_sla_export.csv,2026-06-23T00:00:00,459
SLA000460,WO003935,C001,SV4,A006,P4,20240130,20240204,20240201,120,37.47,True,0.0,training_fact_sla_export.csv,2026-06-23T00:00:00,460
SLA000461,WO000713,C011,SV1,A002,P4,20240602,20240607,20240605,120,67.23,True,0.0,training_fact_sla_export.csv,2026-06-23T00:00:00,461
SLA000462,WO002311,C011,SV7,A001,P4,20240814,20240819,20240819,120,114.01,True,0.0,training_fact_sla_export.csv,2026-06-23T00:00:00,462
SLA000463,WO003662,C003,SV8,A005,P3,20240117,20240120,20240121,72,77.03,False,5.03,training_fact_sla_export.csv,2026-06-23T00:00:00,463
SLA000464,WO003183,C020,SV5,A003,P3,20240318,20240321,20240321,72,57.13,True,0.0,training_fact_sla_export.csv,2026-06-23T00:00:00,464
SLA000465,WO000810,C012,SV8,A003,P2,20240319,20240320,20240320,24,22.67,True,0.0,training_fact_sla_export.csv,2026-06-23T00:00:00,465
SLA000466,WO001970,C008,SV2,A005,P3,20240831,20240903,20240902,72,34.05,True,0.0,training_fact_sla_export.csv,2026-06-23T00:00:00,466
SLA000467,WO004262,C016,SV8,A005,P2,20241106,20241107,20241108,24,32.91,False,8.91,training_fact_sla_export.csv,2026-06-23T00:00:00,467
SLA000468,WO000158,C009,SV4,A006,P4,20241117,20241122,20241121,120,77.73,True,0.0,training_fact_sla_export.csv,2026-06-23T00:00:00,468
SLA000469,WO002045,C015,SV2,A006,P3,20240830,20240902,20240902,72,59.69,True,0.0,training_fact_sla_export.csv,2026-06-23T00:00:00,469
SLA000470,WO003227,C016,SV1,A001,P3,20240512,20240515,20240515,72,56.76,True,0.0,training_fact_sla_export.csv,2026-06-23T00:00:00,470
SLA000471,WO000080,C017,SV3,A005,P3,20240409,20240412,20240412,72,62.6,True,0.0,training_fact_sla_export.csv,2026-06-23T00:00:00,471
SLA000472,WO004799,C012,SV7,A002,P2,20241217,20241218,20241218,24,11.18,True,0.0,training_fact_sla_export.csv,2026-06-23T00:00:00,472
SLA000473,WO002307,C006,SV3,A005,P2,20240625,20240626,20240626,24,15.74,True,0.0,training_fact_sla_export.csv,2026-06-23T00:00:00,473
SLA000474,WO004286,C006,SV2,A005,P3,20241211,20241214,20241213,72,38.43,True,0.0,training_fact_sla_export.csv,2026-06-23T00:00:00,474
SLA000475,WO004270,C020,SV1,A002,P4,20240516,20240521,20240519,120,67.14,True,0.0,training_fact_sla_export.csv,2026-06-23T00:00:00,475
SLA000476,WO004947,C011,SV2,A004,P4,20240326,20240331,20240401,120,127.19,False,7.19,training_fact_sla_export.csv,2026-06-23T00:00:00,476
SLA000477,WO003311,C012,SV7,A005,P2,20240914,20240915,20240915,24,11.89,True,0.0,training_fact_sla_export.csv,2026-06-23T00:00:00,477
SLA000478,WO003014,C010,SV5,A003,P4,20240821,20240826,20240829,120,177.56,False,57.56,training_fact_sla_export.csv,2026-06-23T00:00:00,478
SLA000479,WO003944,C012,SV2,A001,P2,20240518,20240519,20240520,24,38.85,False,14.85,training_fact_sla_export.csv,2026-06-23T00:00:00,479
SLA000480,WO003264,C001,SV8,A005,P4,20240517,20240522,20240522,120,112.82,True,0.0,training_fact_sla_export.csv,2026-06-23T00:00:00,480
SLA000481,WO003482,C013,SV1,A001,P4,20240606,20240611,20240610,120,93.65,True,0.0,training_fact_sla_export.csv,2026-06-23T00:00:00,481
SLA000482,WO000360,C003,SV6,A001,P2,20240629,20240630,20240630,24,17.0,True,0.0,training_fact_sla_export.csv,2026-06-23T00:00:00,482
SLA000483,WO000304,C012,SV2,A002,P2,20240419,20240420,20240421,24,25.43,False,1.43,training_fact_sla_export.csv,2026-06-23T00:00:00,483
SLA000484,WO001964,C013,SV8,A005,P4,20240126,20240131,20240129,120,57.83,True,0.0,training_fact_sla_export.csv,2026-06-23T00:00:00,484
SLA000485,WO002462,C019,SV6,A006,P3,20240727,20240730,20240728,72,23.13,True,0.0,training_fact_sla_export.csv,2026-06-23T00:00:00,485
SLA000486,WO004843,C003,SV4,A001,P3,20240201,20240204,20240203,72,39.93,True,0.0,training_fact_sla_export.csv,2026-06-23T00:00:00,486
SLA000487,WO003043,C018,SV3,A001,P3,20240519,20240522,20240522,72,58.28,True,0.0,training_fact_sla_export.csv,2026-06-23T00:00:00,487
SLA000488,WO001419,C016,SV6,A005,P2,20241210,20241211,20241211,24,16.3,True,0.0,training_fact_sla_export.csv,2026-06-23T00:00:00,488
SLA000489,WO000002,C016,SV2,A003,P2,20240929,20240930,20240930,24,14.69,True,0.0,training_fact_sla_export.csv,2026-06-23T00:00:00,489
SLA000490,WO003287,C010,SV2,A001,P3,20241225,20241228,20241228,72,50.48,True,0.0,training_fact_sla_export.csv,2026-06-23T00:00:00,490
SLA000491,WO000294,C017,SV1,A003,P4,20240803,20240808,20240815,120,272.12,False,152.12,training_fact_sla_export.csv,2026-06-23T00:00:00,491
SLA000492,WO003699,C002,SV8,A005,P3,20240819,20240822,20240821,72,26.5,True,0.0,training_fact_sla_export.csv,2026-06-23T00:00:00,492
SLA000493,WO001036,C010,SV5,A005,P2,20240806,20240807,20240807,24,17.37,True,0.0,training_fact_sla_export.csv,2026-06-23T00:00:00,493
SLA000494,WO000235,C020,SV4,A001,P2,20241119,20241120,20241120,24,7.79,True,0.0,training_fact_sla_export.csv,2026-06-23T00:00:00,494
SLA000495,WO001907,C012,SV8,A005,P1,20240129,20240129,20240130,8,2.92,True,0.0,training_fact_sla_export.csv,2026-06-23T00:00:00,495
SLA000496,WO000428,C017,SV7,A004,P2,20240129,20240130,20240131,24,32.83,False,8.83,training_fact_sla_export.csv,2026-06-23T00:00:00,496
SLA000497,WO002118,C012,SV6,A005,P3,20241014,20241017,20241021,72,149.33,False,77.33,training_fact_sla_export.csv,2026-06-23T00:00:00,497
SLA000498,WO001809,C013,SV8,A004,P4,20240216,20240221,20240221,120,114.26,True,0.0,training_fact_sla_export.csv,2026-06-23T00:00:00,498
SLA000499,WO002460,C015,SV3,A004,P3,20240104,20240107,20240107,72,62.13,True,0.0,training_fact_sla_export.csv,2026-06-23T00:00:00,499
SLA000500,WO000554,C015,SV7,A003,P4,20240314,20240319,20240317,120,60.25,True,0.0,training_fact_sla_export.csv,2026-06-23T00:00:00,500
SLA000501,WO004588,C009,SV2,A004,P4,20241216,20241221,20241220,120,86.42,True,0.0,training_fact_sla_export.csv,2026-06-23T00:00:00,501
SLA000502,WO004411,C014,SV7,A003,P1,20241002,20241002,20241003,8,4.22,True,0.0,training_fact_sla_export.csv,2026-06-23T00:00:00,502
SLA000503,WO000778,C007,SV4,A004,P4,20240513,20240518,20240520,120,155.32,False,35.32,training_fact_sla_export.csv,2026-06-23T00:00:00,503
SLA000504,WO004350,C001,SV6,A004,P1,20240704,20240704,20240705,8,2.55,True,0.0,training_fact_sla_export.csv,2026-06-23T00:00:00,504
SLA000505,WO000013,C003,SV4,A003,P1,20240114,20240114,20240115,8,8.19,False,0.19,training_fact_sla_export.csv,2026-06-23T00:00:00,505
SLA000506,WO003004,C013,SV8,A002,P3,20240501,20240504,20240504,72,57.76,True,0.0,training_fact_sla_export.csv,2026-06-23T00:00:00,506
SLA000507,WO003240,C012,SV6,A001,P3,20240503,20240506,20240506,72,58.3,True,0.0,training_fact_sla_export.csv,2026-06-23T00:00:00,507
SLA000508,WO000675,C005,SV4,A004,P2,20241224,20241225,20241226,24,47.76,False,23.76,training_fact_sla_export.csv,2026-06-23T00:00:00,508
SLA000509,WO002013,C009,SV5,A005,P4,20240806,20240811,20240808,120,31.04,True,0.0,training_fact_sla_export.csv,2026-06-23T00:00:00,509
SLA000510,WO002854,C019,SV5,A001,P1,20241027,20241027,20241028,8,3.28,True,0.0,training_fact_sla_export.csv,2026-06-23T00:00:00,510
SLA000511,WO004214,C017,SV7,A004,P3,20240526,20240529,20240529,72,70.65,True,0.0,training_fact_sla_export.csv,2026-06-23T00:00:00,511
SLA000512,WO004465,C009,SV8,A003,P4,20241012,20241017,20241016,120,87.28,True,0.0,training_fact_sla_export.csv,2026-06-23T00:00:00,512
SLA000513,WO001693,C011,SV2,A005,P3,20241125,20241128,20241129,72,92.2,False,20.2,training_fact_sla_export.csv,2026-06-23T00:00:00,513
SLA000514,WO002262,C015,SV4,A001,P4,20241110,20241115,20241117,120,151.9,False,31.9,training_fact_sla_export.csv,2026-06-23T00:00:00,514
SLA000515,WO004547,C015,SV2,A003,P2,20241205,20241206,20241206,24,19.29,True,0.0,training_fact_sla_export.csv,2026-06-23T00:00:00,515
SLA000516,WO002310,C003,SV5,A002,P2,20240223,20240224,20240224,24,9.96,True,0.0,training_fact_sla_export.csv,2026-06-23T00:00:00,516
SLA000517,WO001497,C006,SV7,A004,P2,20241001,20241002,20241003,24,30.22,False,6.22,training_fact_sla_export.csv,2026-06-23T00:00:00,517
SLA000518,WO001114,C010,SV6,A002,P4,20240522,20240527,20240603,120,276.42,False,156.42,training_fact_sla_export.csv,2026-06-23T00:00:00,518
SLA000519,WO004528,C019,SV2,A005,P3,20240801,20240804,20240804,72,60.22,True,0.0,training_fact_sla_export.csv,2026-06-23T00:00:00,519
SLA000520,WO000603,C003,SV1,A004,P2,20240208,20240209,20240210,24,33.29,False,9.29,training_fact_sla_export.csv,2026-06-23T00:00:00,520
SLA000521,WO002249,C015,SV4,A001,P3,20240817,20240820,20240820,72,56.56,True,0.0,training_fact_sla_export.csv,2026-06-23T00:00:00,521
SLA000522,WO003558,C009,SV4,A005,P2,20240205,20240206,20240206,24,14.17,True,0.0,training_fact_sla_export.csv,2026-06-23T00:00:00,522
SLA000523,WO002616,C009,SV1,A001,P3,20241113,20241116,20241116,72,48.34,True,0.0,training_fact_sla_export.csv,2026-06-23T00:00:00,523
SLA000524,WO000257,C012,SV1,A003,P2,20240318,20240319,20240319,24,15.44,True,0.0,training_fact_sla_export.csv,2026-06-23T00:00:00,524
SLA000525,WO002996,C004,SV4,A002,P3,20240112,20240115,20240115,72,49.34,True,0.0,training_fact_sla_export.csv,2026-06-23T00:00:00,525
SLA000526,WO004427,C013,SV2,A001,P4,20241209,20241214,20241216,120,150.21,False,30.21,training_fact_sla_export.csv,2026-06-23T00:00:00,526
SLA000527,WO001414,C010,SV8,A006,P3,20240417,20240420,20240421,72,88.97,False,16.97,training_fact_sla_export.csv,2026-06-23T00:00:00,527
SLA000528,WO002825,C008,SV5,A004,P1,20240909,20240909,20240910,8,4.9,True,0.0,training_fact_sla_export.csv,2026-06-23T00:00:00,528
SLA000529,WO001486,C003,SV3,A005,P1,20240301,20240301,20240302,8,2.52,True,0.0,training_fact_sla_export.csv,2026-06-23T00:00:00,529
SLA000530,WO000866,C004,SV8,A006,P2,20240309,20240310,20240310,24,9.64,True,0.0,training_fact_sla_export.csv,2026-06-23T00:00:00,530
SLA000531,WO003045,C005,SV5,A004,P2,20240522,20240523,20240523,24,18.42,True,0.0,training_fact_sla_export.csv,2026-06-23T00:00:00,531
SLA000532,WO002932,C014,SV8,A003,P3,20241016,20241019,20241020,72,73.09,False,1.09,training_fact_sla_export.csv,2026-06-23T00:00:00,532
SLA000533,WO003018,C008,SV3,A003,P2,20240213,20240214,20240214,24,11.39,True,0.0,training_fact_sla_export.csv,2026-06-23T00:00:00,533
SLA000534,WO000791,C001,SV5,A003,P2,20241201,20241202,20241202,24,13.45,True,0.0,training_fact_sla_export.csv,2026-06-23T00:00:00,534
SLA000535,WO001835,C018,SV7,A005,P2,20240429,20240430,20240430,24,9.96,True,0.0,training_fact_sla_export.csv,2026-06-23T00:00:00,535
SLA000536,WO004766,C017,SV8,A003,P3,20240811,20240814,20240813,72,35.72,True,0.0,training_fact_sla_export.csv,2026-06-23T00:00:00,536
SLA000537,WO003357,C015,SV2,A004,P3,20241001,20241004,20241003,72,28.03,True,0.0,training_fact_sla_export.csv,2026-06-23T00:00:00,537
SLA000538,WO000435,C014,SV5,A001,P4,20240830,20240904,20240902,120,52.74,True,0.0,training_fact_sla_export.csv,2026-06-23T00:00:00,538
SLA000539,WO001124,C014,SV7,A006,P4,20240504,20240509,20240507,120,71.38,True,0.0,training_fact_sla_export.csv,2026-06-23T00:00:00,539
SLA000540,WO002124,C016,SV4,A005,P4,20240824,20240829,20240828,120,73.12,True,0.0,training_fact_sla_export.csv,2026-06-23T00:00:00,540
SLA000541,WO003071,C019,SV1,A005,P4,20241217,20241222,20241226,120,198.32,False,78.32,training_fact_sla_export.csv,2026-06-23T00:00:00,541
SLA000542,WO004199,C020,SV6,A001,P2,20240914,20240915,20240915,24,17.45,True,0.0,training_fact_sla_export.csv,2026-06-23T00:00:00,542
SLA000543,WO004846,C006,SV6,A003,P3,20240614,20240617,20240619,72,109.12,False,37.12,training_fact_sla_export.csv,2026-06-23T00:00:00,543
SLA000544,WO002165,C007,SV1,A006,P1,20240329,20240329,20240330,8,3.8,True,0.0,training_fact_sla_export.csv,2026-06-23T00:00:00,544
SLA000545,WO000147,C004,SV8,A005,P1,20240520,20240520,20240521,8,2.56,True,0.0,training_fact_sla_export.csv,2026-06-23T00:00:00,545
SLA000546,WO002436,C011,SV2,A002,P1,20240520,20240520,20240521,8,8.22,False,0.22,training_fact_sla_export.csv,2026-06-23T00:00:00,546
SLA000547,WO002377,C009,SV3,A005,P2,20240501,20240502,20240503,24,28.4,False,4.4,training_fact_sla_export.csv,2026-06-23T00:00:00,547
SLA000548,WO002816,C013,SV3,A005,P2,20241116,20241117,20241117,24,9.59,True,0.0,training_fact_sla_export.csv,2026-06-23T00:00:00,548
SLA000549,WO004057,C013,SV8,A005,P3,20241226,20241229,20241229,72,67.02,True,0.0,training_fact_sla_export.csv,2026-06-23T00:00:00,549
SLA000550,WO002824,C012,SV7,A005,P4,20240114,20240119,20240116,120,43.0,True,0.0,training_fact_sla_export.csv,2026-06-23T00:00:00,550
SLA000551,WO002398,C001,SV2,A005,P1,20240207,20240207,20240208,8,6.75,True,0.0,training_fact_sla_export.csv,2026-06-23T00:00:00,551
SLA000552,WO003745,C013,SV4,A003,P4,20240815,20240820,20240817,120,37.79,True,0.0,training_fact_sla_export.csv,2026-06-23T00:00:00,552
SLA000553,WO003537,C003,SV3,A002,P4,20240423,20240428,20240427,120,91.82,True,0.0,training_fact_sla_export.csv,2026-06-23T00:00:00,553
SLA000554,WO002388,C019,SV7,A005,P2,20240501,20240502,20240502,24,16.61,True,0.0,training_fact_sla_export.csv,2026-06-23T00:00:00,554
SLA000555,WO003026,C001,SV2,A006,P4,20240810,20240815,20240815,120,104.19,True,0.0,training_fact_sla_export.csv,2026-06-23T00:00:00,555
SLA000556,WO002136,C010,SV4,A003,P3,20240611,20240614,20240614,72,50.3,True,0.0,training_fact_sla_export.csv,2026-06-23T00:00:00,556
SLA000557,WO001731,C008,SV5,A002,P1,20240203,20240203,20240204,8,3.84,True,0.0,training_fact_sla_export.csv,2026-06-23T00:00:00,557
SLA000558,WO001018,C018,SV7,A003,P1,20240911,20240911,20240912,8,6.26,True,0.0,training_fact_sla_export.csv,2026-06-23T00:00:00,558
SLA000559,WO004402,C001,SV6,A002,P2,20240609,20240610,20240610,24,13.69,True,0.0,training_fact_sla_export.csv,2026-06-23T00:00:00,559
SLA000560,WO003585,C013,SV2,A002,P1,20240719,20240719,20240720,8,5.78,True,0.0,training_fact_sla_export.csv,2026-06-23T00:00:00,560
SLA000561,WO002594,C017,SV8,A001,P2,20240602,20240603,20240603,24,23.21,True,0.0,training_fact_sla_export.csv,2026-06-23T00:00:00,561
SLA000562,WO003013,C016,SV6,A006,P4,20240810,20240815,20240816,120,123.42,False,3.42,training_fact_sla_export.csv,2026-06-23T00:00:00,562
SLA000563,WO001462,C006,SV4,A003,P2,20241230,20241231,20241231,24,15.73,True,0.0,training_fact_sla_export.csv,2026-06-23T00:00:00,563
SLA000564,WO001991,C007,SV7,A006,P3,20240415,20240418,20240418,72,59.97,True,0.0,training_fact_sla_export.csv,2026-06-23T00:00:00,564
SLA000565,WO004995,C005,SV4,A005,P3,20241031,20241103,20241102,72,35.06,True,0.0,training_fact_sla_export.csv,2026-06-23T00:00:00,565
SLA000566,WO001465,C007,SV6,A005,P3,20240106,20240109,20240108,72,42.19,True,0.0,training_fact_sla_export.csv,2026-06-23T00:00:00,566
SLA000567,WO001839,C009,SV2,A003,P2,20240306,20240307,20240309,24,49.91,False,25.91,training_fact_sla_export.csv,2026-06-23T00:00:00,567
SLA000568,WO004436,C019,SV8,A004,P3,20240808,20240811,20240812,72,95.69,False,23.69,training_fact_sla_export.csv,2026-06-23T00:00:00,568
SLA000569,WO003680,C018,SV2,A006,P3,20240309,20240312,20240311,72,36.9,True,0.0,training_fact_sla_export.csv,2026-06-23T00:00:00,569
SLA000570,WO001282,C017,SV4,A003,P3,20240117,20240120,20240119,72,43.93,True,0.0,training_fact_sla_export.csv,2026-06-23T00:00:00,570
SLA000571,WO000276,C009,SV3,A001,P2,20240615,20240616,20240616,24,14.32,True,0.0,training_fact_sla_export.csv,2026-06-23T00:00:00,571
SLA000572,WO004899,C011,SV7,A005,P1,20240208,20240208,20240209,8,7.11,True,0.0,training_fact_sla_export.csv,2026-06-23T00:00:00,572
SLA000573,WO000664,C011,SV2,A005,P3,20240901,20240904,20240904,72,69.0,True,0.0,training_fact_sla_export.csv,2026-06-23T00:00:00,573
SLA000574,WO004338,C010,SV8,A003,P2,20240914,20240915,20240915,24,8.02,True,0.0,training_fact_sla_export.csv,2026-06-23T00:00:00,574
SLA000575,WO003407,C004,SV4,A006,P3,20241017,20241020,20241020,72,51.03,True,0.0,training_fact_sla_export.csv,2026-06-23T00:00:00,575
SLA000576,WO004102,C006,SV4,A004,P2,20240714,20240715,20240716,24,42.01,False,18.01,training_fact_sla_export.csv,2026-06-23T00:00:00,576
SLA000577,WO004505,C012,SV2,A003,P3,20240420,20240423,20240423,72,53.38,True,0.0,training_fact_sla_export.csv,2026-06-23T00:00:00,577
SLA000578,WO001945,C005,SV8,A004,P4,20240501,20240506,20240511,120,219.52,False,99.52,training_fact_sla_export.csv,2026-06-23T00:00:00,578
SLA000579,WO002688,C002,SV3,A004,P1,20241103,20241103,20241104,8,5.65,True,0.0,training_fact_sla_export.csv,2026-06-23T00:00:00,579
SLA000580,WO001743,C005,SV5,A005,P2,20240805,20240806,20240807,24,43.4,False,19.4,training_fact_sla_export.csv,2026-06-23T00:00:00,580
SLA000581,WO004389,C019,SV5,A002,P2,20240801,20240802,20240802,24,16.57,True,0.0,training_fact_sla_export.csv,2026-06-23T00:00:00,581
SLA000582,WO003302,C019,SV6,A003,P4,20240214,20240219,20240218,120,77.68,True,0.0,training_fact_sla_export.csv,2026-06-23T00:00:00,582
SLA000583,WO002738,C002,SV3,A002,P2,20240906,20240907,20240908,24,33.52,False,9.52,training_fact_sla_export.csv,2026-06-23T00:00:00,583
SLA000584,WO004716,C006,SV7,A006,P3,20240518,20240521,20240521,72,50.14,True,0.0,training_fact_sla_export.csv,2026-06-23T00:00:00,584
SLA000585,WO001558,C017,SV7,A001,P4,20240426,20240501,20240428,120,43.45,True,0.0,training_fact_sla_export.csv,2026-06-23T00:00:00,585
SLA000586,WO000098,C009,SV4,A003,P2,20240928,20240929,20240930,24,30.49,False,6.49,training_fact_sla_export.csv,2026-06-23T00:00:00,586
SLA000587,WO002034,C005,SV1,A005,P2,20240321,20240322,20240322,24,15.6,True,0.0,training_fact_sla_export.csv,2026-06-23T00:00:00,587
SLA000588,WO003250,C014,SV8,A003,P4,20241213,20241218,20241216,120,57.12,True,0.0,training_fact_sla_export.csv,2026-06-23T00:00:00,588
SLA000589,WO001751,C014,SV7,A003,P1,20240821,20240821,20240822,8,6.2,True,0.0,training_fact_sla_export.csv,2026-06-23T00:00:00,589
SLA000590,WO004418,C013,SV8,A006,P3,20240824,20240827,20240826,72,30.05,True,0.0,training_fact_sla_export.csv,2026-06-23T00:00:00,590
SLA000591,WO003388,C008,SV8,A001,P4,20240727,20240801,20240805,120,207.85,False,87.85,training_fact_sla_export.csv,2026-06-23T00:00:00,591
SLA000592,WO001090,C016,SV6,A002,P1,20240906,20240906,20240907,8,6.46,True,0.0,training_fact_sla_export.csv,2026-06-23T00:00:00,592
SLA000593,WO003960,C005,SV3,A005,P3,20240614,20240617,20240617,72,59.84,True,0.0,training_fact_sla_export.csv,2026-06-23T00:00:00,593
SLA000594,WO003802,C008,SV1,A004,P3,20240614,20240617,20240618,72,74.33,False,2.33,training_fact_sla_export.csv,2026-06-23T00:00:00,594
SLA000595,WO004770,C019,SV7,A004,P2,20240615,20240616,20240617,24,28.2,False,4.2,training_fact_sla_export.csv,2026-06-23T00:00:00,595
SLA000596,WO004246,C007,SV4,A003,P2,20240403,20240404,20240404,24,7.67,True,0.0,training_fact_sla_export.csv,2026-06-23T00:00:00,596
SLA000597,WO001149,C003,SV4,A006,P3,20241225,20241228,20241228,72,65.43,True,0.0,training_fact_sla_export.csv,2026-06-23T00:00:00,597
SLA000598,WO002583,C011,SV2,A005,P3,20241217,20241220,20241219,72,41.01,True,0.0,training_fact_sla_export.csv,2026-06-23T00:00:00,598
SLA000599,WO002371,C014,SV7,A005,P1,20240219,20240219,20240220,8,3.1,True,0.0,training_fact_sla_export.csv,2026-06-23T00:00:00,599
SLA000600,WO000180,C013,SV4,A004,P2,20240829,20240830,20240830,24,12.75,True,0.0,training_fact_sla_export.csv,2026-06-23T00:00:00,600
SLA000601,WO000801,C006,SV5,A001,P2,20240229,20240301,20240301,24,20.42,True,0.0,training_fact_sla_export.csv,2026-06-23T00:00:00,601
SLA000602,WO001270,C020,SV4,A005,P4,20240509,20240514,20240512,120,64.3,True,0.0,training_fact_sla_export.csv,2026-06-23T00:00:00,602
SLA000603,WO004850,C015,SV5,A001,P2,20241004,20241005,20241005,24,8.72,True,0.0,training_fact_sla_export.csv,2026-06-23T00:00:00,603
SLA000604,WO002751,C012,SV4,A003,P1,20240302,20240302,20240303,8,3.73,True,0.0,training_fact_sla_export.csv,2026-06-23T00:00:00,604
SLA000605,WO003305,C015,SV1,A003,P4,20241228,20250102,20241231,120,271.63,False,151.63,training_fact_sla_export.csv,2026-06-23T00:00:00,605
SLA000606,WO003804,C016,SV2,A005,P1,20241102,20241102,20241103,8,7.57,True,0.0,training_fact_sla_export.csv,2026-06-23T00:00:00,606
SLA000607,WO001058,C012,SV2,A001,P2,20240610,20240611,20240612,24,31.29,False,7.29,training_fact_sla_export.csv,2026-06-23T00:00:00,607
SLA000608,WO001287,C019,SV1,A001,P3,20240908,20240911,20240911,72,49.77,True,0.0,training_fact_sla_export.csv,2026-06-23T00:00:00,608
SLA000609,WO002687,C006,SV7,A005,P4,20240612,20240617,20240616,120,87.41,True,0.0,training_fact_sla_export.csv,2026-06-23T00:00:00,609
SLA000610,WO002892,C001,SV4,A004,P3,20241003,20241006,20241007,72,92.73,False,20.73,training_fact_sla_export.csv,2026-06-23T00:00:00,610
SLA000611,WO002154,C012,SV1,A001,P2,20240217,20240218,20240218,24,13.15,True,0.0,training_fact_sla_export.csv,2026-06-23T00:00:00,611
SLA000612,WO000005,C006,SV5,A006,P3,20240521,20240524,20240522,72,22.57,True,0.0,training_fact_sla_export.csv,2026-06-23T00:00:00,612
SLA000613,WO001212,C017,SV2,A002,P3,20240815,20240818,20240818,72,71.59,True,0.0,training_fact_sla_export.csv,2026-06-23T00:00:00,613
SLA000614,WO000480,C001,SV6,A001,P1,20240826,20240826,20240827,8,6.36,True,0.0,training_fact_sla_export.csv,2026-06-23T00:00:00,614
SLA000615,WO003195,C016,SV3,A006,P3,20240130,20240202,20240202,72,64.22,True,0.0,training_fact_sla_export.csv,2026-06-23T00:00:00,615
SLA000616,WO001773,C019,SV2,A001,P2,20240203,20240204,20240204,24,17.55,True,0.0,training_fact_sla_export.csv,2026-06-23T00:00:00,616
SLA000617,WO001819,C019,SV7,A005,P3,20241107,20241110,20241109,72,24.45,True,0.0,training_fact_sla_export.csv,2026-06-23T00:00:00,617
SLA000618,WO003048,C008,SV3,A001,P3,20240227,20240301,20240301,72,49.23,True,0.0,training_fact_sla_export.csv,2026-06-23T00:00:00,618
SLA000619,WO002180,C017,SV2,A003,P3,20240304,20240307,20240306,72,33.51,True,0.0,training_fact_sla_export.csv,2026-06-23T00:00:00,619
SLA000620,WO003187,C012,SV1,A004,P1,20240201,20240201,20240202,8,3.73,True,0.0,training_fact_sla_export.csv,2026-06-23T00:00:00,620
SLA000621,WO000616,C001,SV6,A004,P4,20240422,20240427,20240428,120,136.94,False,16.94,training_fact_sla_export.csv,2026-06-23T00:00:00,621
SLA000622,WO002323,C010,SV1,A006,P3,20241108,20241111,20241112,72,75.56,False,3.56,training_fact_sla_export.csv,2026-06-23T00:00:00,622
SLA000623,WO001955,C015,SV4,A004,P3,20240912,20240915,20240915,72,50.17,True,0.0,training_fact_sla_export.csv,2026-06-23T00:00:00,623
SLA000624,WO003327,C016,SV7,A001,P4,20240922,20240927,20240926,120,86.1,True,0.0,training_fact_sla_export.csv,2026-06-23T00:00:00,624
SLA000625,WO003163,C008,SV8,A006,P4,20240621,20240626,20240626,120,119.16,True,0.0,training_fact_sla_export.csv,2026-06-23T00:00:00,625
SLA000626,WO000229,C008,SV5,A002,P4,20240824,20240829,20240830,120,122.12,False,2.12,training_fact_sla_export.csv,2026-06-23T00:00:00,626
SLA000627,WO002504,C013,SV3,A003,P3,20240324,20240327,20240327,72,56.89,True,0.0,training_fact_sla_export.csv,2026-06-23T00:00:00,627
SLA000628,WO000680,C001,SV6,A004,P4,20240516,20240521,20240520,120,95.36,True,0.0,training_fact_sla_export.csv,2026-06-23T00:00:00,628
SLA000629,WO004168,C018,SV4,A003,P2,20240620,20240621,20240622,24,40.07,False,16.07,training_fact_sla_export.csv,2026-06-23T00:00:00,629
SLA000630,WO000916,C008,SV8,A004,P3,20240410,20240413,20240413,72,50.17,True,0.0,training_fact_sla_export.csv,2026-06-23T00:00:00,630
SLA000631,WO002797,C012,SV8,A003,P2,20240505,20240506,20240506,24,11.3,True,0.0,training_fact_sla_export.csv,2026-06-23T00:00:00,631
SLA000632,WO004599,C010,SV4,A003,P3,20241029,20241101,20241031,72,39.34,True,0.0,training_fact_sla_export.csv,2026-06-23T00:00:00,632
SLA000633,WO002503,C008,SV8,A005,P3,20241114,20241117,20241116,72,37.35,True,0.0,training_fact_sla_export.csv,2026-06-23T00:00:00,633
SLA000634,WO003685,C009,SV6,A001,P3,20240521,20240524,20240524,72,71.38,True,0.0,training_fact_sla_export.csv,2026-06-23T00:00:00,634
SLA000635,WO000399,C016,SV2,A003,P3,20241116,20241119,20241118,72,29.34,True,0.0,training_fact_sla_export.csv,2026-06-23T00:00:00,635
SLA000636,WO004497,C006,SV2,A003,P4,20240604,20240609,20240607,120,54.0,True,0.0,training_fact_sla_export.csv,2026-06-23T00:00:00,636
SLA000637,WO000618,C020,SV5,A002,P4,20240113,20240118,20240115,120,41.3,True,0.0,training_fact_sla_export.csv,2026-06-23T00:00:00,637
SLA000638,WO000362,C002,SV6,A001,P1,20240510,20240510,20240511,8,6.16,True,0.0,training_fact_sla_export.csv,2026-06-23T00:00:00,638
SLA000639,WO000727,C009,SV8,A005,P2,20240401,20240402,20240402,24,19.43,True,0.0,training_fact_sla_export.csv,2026-06-23T00:00:00,639
SLA000640,WO002621,C001,SV4,A005,P3,20240324,20240327,20240326,72,37.21,True,0.0,training_fact_sla_export.csv,2026-06-23T00:00:00,640
SLA000641,WO000450,C008,SV3,A003,P3,20240823,20240826,20240825,72,40.35,True,0.0,training_fact_sla_export.csv,2026-06-23T00:00:00,641
SLA000642,WO001001,C019,SV3,A002,P3,20241110,20241113,20241114,72,78.23,False,6.23,training_fact_sla_export.csv,2026-06-23T00:00:00,642
SLA000643,WO000902,C012,SV1,A001,P1,20240605,20240605,20240606,8,5.2,True,0.0,training_fact_sla_export.csv,2026-06-23T00:00:00,643
SLA000644,WO004015,C002,SV2,A002,P2,20240412,20240413,20240415,24,49.99,False,25.99,training_fact_sla_export.csv,2026-06-23T00:00:00,644
SLA000645,WO004345,C014,SV6,A001,P3,20240619,20240622,20240621,72,47.28,True,0.0,training_fact_sla_export.csv,2026-06-23T00:00:00,645
SLA000646,WO000113,C008,SV8,A003,P4,20240415,20240420,20240417,120,36.72,True,0.0,training_fact_sla_export.csv,2026-06-23T00:00:00,646
SLA000647,WO004561,C003,SV5,A002,P1,20240926,20240926,20240927,8,3.88,True,0.0,training_fact_sla_export.csv,2026-06-23T00:00:00,647
SLA000648,WO001108,C002,SV3,A004,P2,20240901,20240902,20240902,24,17.57,True,0.0,training_fact_sla_export.csv,2026-06-23T00:00:00,648
SLA000649,WO002596,C009,SV5,A004,P4,20240106,20240111,20240110,120,82.48,True,0.0,training_fact_sla_export.csv,2026-06-23T00:00:00,649
SLA000650,WO003773,C003,SV4,A003,P4,20240304,20240309,20240306,120,28.57,True,0.0,training_fact_sla_export.csv,2026-06-23T00:00:00,650
SLA000651,WO003420,C014,SV6,A001,P4,20240307,20240312,20240312,120,115.72,True,0.0,training_fact_sla_export.csv,2026-06-23T00:00:00,651
SLA000652,WO002480,C013,SV2,A005,P2,20241129,20241130,20241201,24,24.3,False,0.3,training_fact_sla_export.csv,2026-06-23T00:00:00,652
SLA000653,WO001827,C018,SV5,A001,P3,20241206,20241209,20241208,72,30.56,True,0.0,training_fact_sla_export.csv,2026-06-23T00:00:00,653
SLA000654,WO000615,C019,SV4,A006,P3,20240613,20240616,20240616,72,51.5,True,0.0,training_fact_sla_export.csv,2026-06-23T00:00:00,654
SLA000655,WO004551,C019,SV1,A005,P4,20240120,20240125,20240125,120,105.05,True,0.0,training_fact_sla_export.csv,2026-06-23T00:00:00,655
SLA000656,WO000224,C007,SV7,A003,P2,20240827,20240828,20240828,24,8.92,True,0.0,training_fact_sla_export.csv,2026-06-23T00:00:00,656
SLA000657,WO004571,C006,SV8,A003,P3,20240304,20240307,20240306,72,41.02,True,0.0,training_fact_sla_export.csv,2026-06-23T00:00:00,657
SLA000658,WO002689,C015,SV7,A003,P3,20241011,20241014,20241013,72,25.16,True,0.0,training_fact_sla_export.csv,2026-06-23T00:00:00,658
SLA000659,WO002972,C009,SV8,A004,P1,20241014,20241014,20241015,8,8.16,False,0.16,training_fact_sla_export.csv,2026-06-23T00:00:00,659
SLA000660,WO000151,C016,SV4,A004,P2,20240506,20240507,20240508,24,38.54,False,14.54,training_fact_sla_export.csv,2026-06-23T00:00:00,660
SLA000661,WO002830,C017,SV1,A003,P1,20240921,20240921,20240922,8,4.01,True,0.0,training_fact_sla_export.csv,2026-06-23T00:00:00,661
SLA000662,WO004383,C013,SV8,A003,P2,20240220,20240221,20240221,24,22.49,True,0.0,training_fact_sla_export.csv,2026-06-23T00:00:00,662
SLA000663,WO002963,C010,SV3,A006,P4,20240208,20240213,20240218,120,225.72,False,105.72,training_fact_sla_export.csv,2026-06-23T00:00:00,663
SLA000664,WO000815,C018,SV7,A001,P4,20240405,20240410,20240408,120,69.29,True,0.0,training_fact_sla_export.csv,2026-06-23T00:00:00,664
SLA000665,WO002471,C011,SV4,A005,P3,20240702,20240705,20240706,72,79.65,False,7.65,training_fact_sla_export.csv,2026-06-23T00:00:00,665
SLA000666,WO004969,C004,SV7,A006,P3,20240731,20240803,20240805,72,108.47,False,36.47,training_fact_sla_export.csv,2026-06-23T00:00:00,666
SLA000667,WO001644,C003,SV7,A006,P2,20241113,20241114,20241114,24,17.4,True,0.0,training_fact_sla_export.csv,2026-06-23T00:00:00,667
SLA000668,WO003365,C002,SV4,A006,P1,20241029,20241029,20241030,8,6.96,True,0.0,training_fact_sla_export.csv,2026-06-23T00:00:00,668
SLA000669,WO003125,C003,SV3,A006,P2,20240702,20240703,20240703,24,18.09,True,0.0,training_fact_sla_export.csv,2026-06-23T00:00:00,669
SLA000670,WO004140,C010,SV1,A003,P4,20241201,20241206,20241216,120,355.2,False,235.2,training_fact_sla_export.csv,2026-06-23T00:00:00,670
SLA000671,WO000354,C012,SV6,A003,P3,20240118,20240121,20240120,72,39.84,True,0.0,training_fact_sla_export.csv,2026-06-23T00:00:00,671
SLA000672,WO004388,C011,SV3,A004,P3,20240222,20240225,20240227,72,118.29,False,46.29,training_fact_sla_export.csv,2026-06-23T00:00:00,672
SLA000673,WO002240,C008,SV5,A005,P3,20240514,20240517,20240517,72,48.08,True,0.0,training_fact_sla_export.csv,2026-06-23T00:00:00,673
SLA000674,WO004540,C008,SV6,A002,P2,20240731,20240801,20240801,24,12.71,True,0.0,training_fact_sla_export.csv,2026-06-23T00:00:00,674
SLA000675,WO001370,C011,SV2,A003,P3,20240228,20240302,20240303,72,88.8,False,16.8,training_fact_sla_export.csv,2026-06-23T00:00:00,675
SLA000676,WO004976,C019,SV3,A004,P1,20240515,20240515,20240516,8,13.54,False,5.54,training_fact_sla_export.csv,2026-06-23T00:00:00,676
SLA000677,WO004820,C015,SV2,A003,P4,20241223,20241228,20241230,120,146.36,False,26.36,training_fact_sla_export.csv,2026-06-23T00:00:00,677
SLA000678,WO003951,C003,SV7,A001,P1,20240801,20240801,20240802,8,2.37,True,0.0,training_fact_sla_export.csv,2026-06-23T00:00:00,678
SLA000679,WO001369,C006,SV1,A005,P4,20241219,20241224,20241225,120,120.14,False,0.14,training_fact_sla_export.csv,2026-06-23T00:00:00,679
SLA000680,WO002161,C019,SV3,A001,P3,20240413,20240416,20240417,72,81.12,False,9.12,training_fact_sla_export.csv,2026-06-23T00:00:00,680
SLA000681,WO002191,C018,SV7,A006,P4,20240218,20240223,20240220,120,41.36,True,0.0,training_fact_sla_export.csv,2026-06-23T00:00:00,681
SLA000682,WO003408,C009,SV3,A005,P4,20240323,20240328,20240327,120,95.67,True,0.0,training_fact_sla_export.csv,2026-06-23T00:00:00,682
SLA000683,WO004060,C006,SV8,A002,P2,20240218,20240219,20240219,24,14.3,True,0.0,training_fact_sla_export.csv,2026-06-23T00:00:00,683
SLA000684,WO003381,C017,SV7,A003,P2,20240406,20240407,20240407,24,19.34,True,0.0,training_fact_sla_export.csv,2026-06-23T00:00:00,684
SLA000685,WO000698,C017,SV4,A003,P2,20240811,20240812,20240812,24,23.1,True,0.0,training_fact_sla_export.csv,2026-06-23T00:00:00,685
SLA000686,WO000302,C008,SV8,A006,P2,20240211,20240212,20240212,24,19.04,True,0.0,training_fact_sla_export.csv,2026-06-23T00:00:00,686
SLA000687,WO000108,C002,SV8,A003,P2,20240106,20240107,20240107,24,21.81,True,0.0,training_fact_sla_export.csv,2026-06-23T00:00:00,687
SLA000688,WO004694,C011,SV2,A006,P4,20240226,20240302,20240301,120,72.24,True,0.0,training_fact_sla_export.csv,2026-06-23T00:00:00,688
SLA000689,WO000574,C013,SV2,A001,P2,20241105,20241106,20241106,24,10.24,True,0.0,training_fact_sla_export.csv,2026-06-23T00:00:00,689
SLA000690,WO001262,C014,SV3,A003,P2,20240805,20240806,20240806,24,16.47,True,0.0,training_fact_sla_export.csv,2026-06-23T00:00:00,690
SLA000691,WO001808,C019,SV8,A006,P2,20241114,20241115,20241115,24,21.55,True,0.0,training_fact_sla_export.csv,2026-06-23T00:00:00,691
SLA000692,WO004878,C010,SV5,A001,P3,20240629,20240702,20240702,72,69.39,True,0.0,training_fact_sla_export.csv,2026-06-23T00:00:00,692
SLA000693,WO002850,C019,SV6,A003,P3,20241024,20241027,20241025,72,15.01,True,0.0,training_fact_sla_export.csv,2026-06-23T00:00:00,693
SLA000694,WO004570,C018,SV3,A001,P4,20241201,20241206,20241204,120,57.78,True,0.0,training_fact_sla_export.csv,2026-06-23T00:00:00,694
SLA000695,WO001709,C001,SV4,A006,P3,20240502,20240505,20240504,72,32.8,True,0.0,training_fact_sla_export.csv,2026-06-23T00:00:00,695
SLA000696,WO004379,C011,SV8,A005,P3,20241204,20241207,20241206,72,32.29,True,0.0,training_fact_sla_export.csv,2026-06-23T00:00:00,696
SLA000697,WO002416,C003,SV5,A004,P4,20240107,20240112,20240112,120,98.26,True,0.0,training_fact_sla_export.csv,2026-06-23T00:00:00,697
SLA000698,WO004431,C001,SV5,A001,P3,20240106,20240109,20240108,72,39.16,True,0.0,training_fact_sla_export.csv,2026-06-23T00:00:00,698
SLA000699,WO002598,C001,SV2,A006,P1,20240712,20240712,20240713,8,5.16,True,0.0,training_fact_sla_export.csv,2026-06-23T00:00:00,699
SLA000700,WO001118,C016,SV4,A005,P4,20240410,20240415,20240412,120,41.87,True,0.0,training_fact_sla_export.csv,2026-06-23T00:00:00,700
SLA000701,WO001374,C018,SV5,A004,P3,20240323,20240326,20240326,72,54.58,True,0.0,training_fact_sla_export.csv,2026-06-23T00:00:00,701
SLA000702,WO004853,C010,SV6,A004,P2,20240507,20240508,20240508,24,5.0,True,0.0,training_fact_sla_export.csv,2026-06-23T00:00:00,702
SLA000703,WO002083,C020,SV1,A001,P1,20240523,20240523,20240524,8,5.48,True,0.0,training_fact_sla_export.csv,2026-06-23T00:00:00,703
SLA000704,WO001300,C014,SV6,A003,P2,20240922,20240923,20240925,24,63.7,False,39.7,training_fact_sla_export.csv,2026-06-23T00:00:00,704
SLA000705,WO001080,C001,SV6,A003,P3,20241117,20241120,20241120,72,60.11,True,0.0,training_fact_sla_export.csv,2026-06-23T00:00:00,705
SLA000706,WO000636,C007,SV8,A004,P1,20240118,20240118,20240119,8,4.97,True,0.0,training_fact_sla_export.csv,2026-06-23T00:00:00,706
SLA000707,WO001434,C014,SV7,A003,P2,20240304,20240305,20240305,24,7.99,True,0.0,training_fact_sla_export.csv,2026-06-23T00:00:00,707
SLA000708,WO002463,C014,SV7,A003,P3,20240329,20240401,20240401,72,67.64,True,0.0,training_fact_sla_export.csv,2026-06-23T00:00:00,708
SLA000709,WO001054,C015,SV4,A005,P1,20240323,20240323,20240324,8,7.97,True,0.0,training_fact_sla_export.csv,2026-06-23T00:00:00,709
SLA000710,WO003579,C015,SV7,A004,P4,20241208,20241213,20241211,120,69.99,True,0.0,training_fact_sla_export.csv,2026-06-23T00:00:00,710
SLA000711,WO001785,C013,SV8,A003,P3,20241230,20250102,20241231,72,46.68,True,0.0,training_fact_sla_export.csv,2026-06-23T00:00:00,711
SLA000712,WO001398,C020,SV4,A006,P1,20240420,20240420,20240421,8,5.45,True,0.0,training_fact_sla_export.csv,2026-06-23T00:00:00,712
SLA000713,WO001519,C012,SV8,A005,P1,20240405,20240405,20240406,8,8.09,False,0.09,training_fact_sla_export.csv,2026-06-23T00:00:00,713
SLA000714,WO002885,C008,SV7,A003,P4,20241117,20241122,20241120,120,54.14,True,0.0,training_fact_sla_export.csv,2026-06-23T00:00:00,714
SLA000715,WO004742,C004,SV3,A004,P1,20240205,20240205,20240206,8,10.41,False,2.41,training_fact_sla_export.csv,2026-06-23T00:00:00,715
SLA000716,WO003295,C005,SV8,A005,P2,20241221,20241222,20241223,24,30.4,False,6.4,training_fact_sla_export.csv,2026-06-23T00:00:00,716
SLA000717,WO002407,C009,SV3,A001,P1,20241114,20241114,20241115,8,2.58,True,0.0,training_fact_sla_export.csv,2026-06-23T00:00:00,717
SLA000718,WO003966,C010,SV3,A006,P3,20241215,20241218,20241220,72,97.9,False,25.9,training_fact_sla_export.csv,2026-06-23T00:00:00,718
SLA000719,WO004467,C002,SV1,A006,P3,20241124,20241127,20241127,72,61.18,True,0.0,training_fact_sla_export.csv,2026-06-23T00:00:00,719
SLA000720,WO002418,C014,SV5,A005,P4,20240702,20240707,20240706,120,89.78,True,0.0,training_fact_sla_export.csv,2026-06-23T00:00:00,720
SLA000721,WO003908,C008,SV4,A003,P2,20240915,20240916,20240916,24,10.06,True,0.0,training_fact_sla_export.csv,2026-06-23T00:00:00,721
SLA000722,WO000760,C010,SV5,A004,P2,20240414,20240415,20240415,24,17.42,True,0.0,training_fact_sla_export.csv,2026-06-23T00:00:00,722
SLA000723,WO004243,C014,SV7,A003,P3,20240926,20240929,20240929,72,64.05,True,0.0,training_fact_sla_export.csv,2026-06-23T00:00:00,723
SLA000724,WO001929,C018,SV1,A002,P2,20241008,20241009,20241009,24,22.39,True,0.0,training_fact_sla_export.csv,2026-06-23T00:00:00,724
SLA000725,WO000077,C012,SV1,A006,P3,20240705,20240708,20240707,72,34.12,True,0.0,training_fact_sla_export.csv,2026-06-23T00:00:00,725
SLA000726,WO002315,C020,SV2,A001,P3,20240414,20240417,20240418,72,87.9,False,15.9,training_fact_sla_export.csv,2026-06-23T00:00:00,726
SLA000727,WO002172,C015,SV1,A003,P2,20240612,20240613,20240613,24,7.27,True,0.0,training_fact_sla_export.csv,2026-06-23T00:00:00,727
SLA000728,WO000481,C020,SV5,A005,P2,20240513,20240514,20240514,24,5.5,True,0.0,training_fact_sla_export.csv,2026-06-23T00:00:00,728
SLA000729,WO002363,C009,SV8,A003,P4,20240730,20240804,20240802,120,66.98,True,0.0,training_fact_sla_export.csv,2026-06-23T00:00:00,729
SLA000730,WO003888,C003,SV6,A003,P2,20241106,20241107,20241107,24,19.08,True,0.0,training_fact_sla_export.csv,2026-06-23T00:00:00,730
SLA000731,WO003047,C005,SV8,A001,P1,20240624,20240624,20240625,8,2.46,True,0.0,training_fact_sla_export.csv,2026-06-23T00:00:00,731
SLA000732,WO000365,C005,SV4,A001,P2,20240915,20240916,20240917,24,34.28,False,10.28,training_fact_sla_export.csv,2026-06-23T00:00:00,732
SLA000733,WO002076,C007,SV8,A001,P4,20240314,20240319,20240320,120,126.18,False,6.18,training_fact_sla_export.csv,2026-06-23T00:00:00,733
SLA000734,WO001717,C006,SV1,A004,P3,20241115,20241118,20241117,72,25.24,True,0.0,training_fact_sla_export.csv,2026-06-23T00:00:00,734
SLA000735,WO001521,C011,SV4,A003,P2,20241018,20241019,20241019,24,17.61,True,0.0,training_fact_sla_export.csv,2026-06-23T00:00:00,735
SLA000736,WO001092,C019,SV5,A001,P3,20240320,20240323,20240322,72,29.7,True,0.0,training_fact_sla_export.csv,2026-06-23T00:00:00,736
SLA000737,WO004293,C003,SV1,A003,P4,20241005,20241010,20241007,120,46.4,True,0.0,training_fact_sla_export.csv,2026-06-23T00:00:00,737
SLA000738,WO002393,C016,SV7,A005,P3,20240404,20240407,20240407,72,52.52,True,0.0,training_fact_sla_export.csv,2026-06-23T00:00:00,738
SLA000739,WO002141,C012,SV3,A003,P1,20240514,20240514,20240515,8,4.2,True,0.0,training_fact_sla_export.csv,2026-06-23T00:00:00,739
SLA000740,WO000933,C003,SV4,A002,P2,20240308,20240309,20240309,24,17.53,True,0.0,training_fact_sla_export.csv,2026-06-23T00:00:00,740
SLA000741,WO002406,C016,SV1,A006,P4,20240830,20240904,20240901,120,40.49,True,0.0,training_fact_sla_export.csv,2026-06-23T00:00:00,741
SLA000742,WO004455,C009,SV1,A006,P3,20240929,20241002,20241004,72,96.61,False,24.61,training_fact_sla_export.csv,2026-06-23T00:00:00,742
SLA000743,WO003638,C014,SV5,A001,P1,20241023,20241023,20241024,8,2.92,True,0.0,training_fact_sla_export.csv,2026-06-23T00:00:00,743
SLA000744,WO002697,C019,SV6,A004,P3,20240427,20240430,20240429,72,35.55,True,0.0,training_fact_sla_export.csv,2026-06-23T00:00:00,744
SLA000745,WO001617,C003,SV4,A003,P1,20240916,20240916,20240917,8,8.24,False,0.24,training_fact_sla_export.csv,2026-06-23T00:00:00,745
SLA000746,WO000493,C005,SV7,A002,P3,20240225,20240228,20240229,72,79.48,False,7.48,training_fact_sla_export.csv,2026-06-23T00:00:00,746
SLA000747,WO003622,C004,SV4,A005,P3,20240604,20240607,20240608,72,87.4,False,15.4,training_fact_sla_export.csv,2026-06-23T00:00:00,747
SLA000748,WO002581,C012,SV2,A004,P3,20240514,20240517,20240516,72,28.78,True,0.0,training_fact_sla_export.csv,2026-06-23T00:00:00,748
SLA000749,WO004145,C020,SV7,A001,P2,20240214,20240215,20240215,24,14.66,True,0.0,training_fact_sla_export.csv,2026-06-23T00:00:00,749
SLA000750,WO004063,C014,SV1,A001,P3,20240125,20240128,20240127,72,45.08,True,0.0,training_fact_sla_export.csv,2026-06-23T00:00:00,750
SLA000751,WO000978,C012,SV4,A005,P2,20241021,20241022,20241022,24,8.41,True,0.0,training_fact_sla_export.csv,2026-06-23T00:00:00,751
SLA000752,WO003809,C002,SV4,A003,P2,20240620,20240621,20240621,24,21.24,True,0.0,training_fact_sla_export.csv,2026-06-23T00:00:00,752
SLA000753,WO000446,C007,SV3,A001,P2,20240704,20240705,20240706,24,44.92,False,20.92,training_fact_sla_export.csv,2026-06-23T00:00:00,753
SLA000754,WO001903,C009,SV7,A005,P3,20240219,20240222,20240221,72,46.65,True,0.0,training_fact_sla_export.csv,2026-06-23T00:00:00,754
SLA000755,WO001707,C010,SV4,A004,P3,20240810,20240813,20240814,72,77.07,False,5.07,training_fact_sla_export.csv,2026-06-23T00:00:00,755
SLA000756,WO000006,C019,SV7,A001,P3,20240622,20240625,20240627,72,113.35,False,41.35,training_fact_sla_export.csv,2026-06-23T00:00:00,756
SLA000757,WO004437,C008,SV1,A003,P3,20240811,20240814,20240812,72,13.88,True,0.0,training_fact_sla_export.csv,2026-06-23T00:00:00,757
SLA000758,WO003293,C001,SV8,A002,P3,20240521,20240524,20240523,72,27.53,True,0.0,training_fact_sla_export.csv,2026-06-23T00:00:00,758
SLA000759,WO000505,C009,SV6,A005,P4,20240801,20240806,20240807,120,135.47,False,15.47,training_fact_sla_export.csv,2026-06-23T00:00:00,759
SLA000760,WO002261,C013,SV3,A003,P4,20240617,20240622,20240621,120,85.82,True,0.0,training_fact_sla_export.csv,2026-06-23T00:00:00,760
SLA000761,WO000208,C008,SV4,A002,P2,20240829,20240830,20240831,24,28.99,False,4.99,training_fact_sla_export.csv,2026-06-23T00:00:00,761
SLA000762,WO000395,C018,SV2,A001,P3,20241231,20250103,20241231,72,97.51,False,25.51,training_fact_sla_export.csv,2026-06-23T00:00:00,762
SLA000763,WO002884,C016,SV6,A003,P4,20240923,20240928,20241004,120,257.71,False,137.71,training_fact_sla_export.csv,2026-06-23T00:00:00,763
SLA000764,WO001832,C009,SV4,A006,P3,20240924,20240927,20240927,72,71.5,True,0.0,training_fact_sla_export.csv,2026-06-23T00:00:00,764
SLA000765,WO001360,C019,SV5,A005,P4,20240525,20240530,20240528,120,71.94,True,0.0,training_fact_sla_export.csv,2026-06-23T00:00:00,765
SLA000766,WO000286,C006,SV3,A005,P3,20240530,20240602,20240602,72,57.55,True,0.0,training_fact_sla_export.csv,2026-06-23T00:00:00,766
SLA000767,WO000170,C019,SV6,A006,P2,20240722,20240723,20240724,24,24.68,False,0.68,training_fact_sla_export.csv,2026-06-23T00:00:00,767
SLA000768,WO000828,C015,SV5,A003,P3,20240130,20240202,20240131,72,23.93,True,0.0,training_fact_sla_export.csv,2026-06-23T00:00:00,768
SLA000769,WO001384,C004,SV8,A006,P1,20240410,20240410,20240411,8,9.89,False,1.89,training_fact_sla_export.csv,2026-06-23T00:00:00,769
SLA000770,WO004848,C008,SV1,A003,P1,20240920,20240920,20240921,8,8.37,False,0.37,training_fact_sla_export.csv,2026-06-23T00:00:00,770
SLA000771,WO004016,C014,SV7,A003,P3,20240119,20240122,20240121,72,45.48,True,0.0,training_fact_sla_export.csv,2026-06-23T00:00:00,771
SLA000772,WO004514,C007,SV5,A004,P2,20241022,20241023,20241023,24,17.32,True,0.0,training_fact_sla_export.csv,2026-06-23T00:00:00,772
SLA000773,WO002512,C017,SV8,A004,P2,20240126,20240127,20240127,24,19.52,True,0.0,training_fact_sla_export.csv,2026-06-23T00:00:00,773
SLA000774,WO001735,C006,SV3,A003,P3,20240107,20240110,20240109,72,42.27,True,0.0,training_fact_sla_export.csv,2026-06-23T00:00:00,774
SLA000775,WO002376,C019,SV6,A003,P4,20240124,20240129,20240130,120,133.68,False,13.68,training_fact_sla_export.csv,2026-06-23T00:00:00,775
SLA000776,WO002425,C020,SV3,A001,P2,20240209,20240210,20240210,24,20.13,True,0.0,training_fact_sla_export.csv,2026-06-23T00:00:00,776
SLA000777,WO004403,C003,SV7,A006,P3,20241206,20241209,20241208,72,40.03,True,0.0,training_fact_sla_export.csv,2026-06-23T00:00:00,777
SLA000778,WO002110,C015,SV1,A003,P1,20240224,20240224,20240225,8,2.75,True,0.0,training_fact_sla_export.csv,2026-06-23T00:00:00,778
SLA000779,WO004800,C014,SV8,A005,P2,20240905,20240906,20240906,24,11.39,True,0.0,training_fact_sla_export.csv,2026-06-23T00:00:00,779
SLA000780,WO000437,C003,SV6,A003,P3,20241212,20241215,20241214,72,31.76,True,0.0,training_fact_sla_export.csv,2026-06-23T00:00:00,780
SLA000781,WO002345,C014,SV3,A003,P2,20240614,20240615,20240615,24,13.52,True,0.0,training_fact_sla_export.csv,2026-06-23T00:00:00,781
SLA000782,WO000122,C006,SV4,A003,P3,20240804,20240807,20240807,72,65.34,True,0.0,training_fact_sla_export.csv,2026-06-23T00:00:00,782
SLA000783,WO000194,C017,SV2,A005,P2,20240603,20240604,20240604,24,16.43,True,0.0,training_fact_sla_export.csv,2026-06-23T00:00:00,783
SLA000784,WO003490,C018,SV4,A004,P3,20240514,20240517,20240516,72,24.47,True,0.0,training_fact_sla_export.csv,2026-06-23T00:00:00,784
SLA000785,WO004311,C001,SV1,A003,P3,20240504,20240507,20240505,72,22.04,True,0.0,training_fact_sla_export.csv,2026-06-23T00:00:00,785
SLA000786,WO000448,C017,SV1,A002,P2,20241130,20241201,20241201,24,10.04,True,0.0,training_fact_sla_export.csv,2026-06-23T00:00:00,786
SLA000787,WO000742,C020,SV7,A006,P4,20241128,20241203,20241205,120,163.91,False,43.91,training_fact_sla_export.csv,2026-06-23T00:00:00,787
SLA000788,WO002984,C008,SV8,A001,P2,20241027,20241028,20241028,24,11.92,True,0.0,training_fact_sla_export.csv,2026-06-23T00:00:00,788
SLA000789,WO001303,C020,SV1,A003,P3,20240124,20240127,20240126,72,45.36,True,0.0,training_fact_sla_export.csv,2026-06-23T00:00:00,789
SLA000790,WO002312,C015,SV3,A005,P4,20240727,20240801,20240730,120,66.62,True,0.0,training_fact_sla_export.csv,2026-06-23T00:00:00,790
SLA000791,WO001514,C012,SV7,A003,P4,20240815,20240820,20240819,120,74.89,True,0.0,training_fact_sla_export.csv,2026-06-23T00:00:00,791
SLA000792,WO001957,C003,SV3,A004,P2,20240812,20240813,20240813,24,20.58,True,0.0,training_fact_sla_export.csv,2026-06-23T00:00:00,792
SLA000793,WO003570,C010,SV1,A005,P3,20241202,20241205,20241207,72,105.14,False,33.14,training_fact_sla_export.csv,2026-06-23T00:00:00,793
SLA000794,WO000691,C003,SV3,A003,P3,20240128,20240131,20240131,72,53.05,True,0.0,training_fact_sla_export.csv,2026-06-23T00:00:00,794
SLA000795,WO004610,C006,SV7,A004,P1,20240311,20240311,20240312,8,5.84,True,0.0,training_fact_sla_export.csv,2026-06-23T00:00:00,795
SLA000796,WO003170,C019,SV1,A002,P1,20240514,20240514,20240515,8,4.92,True,0.0,training_fact_sla_export.csv,2026-06-23T00:00:00,796
SLA000797,WO000133,C003,SV7,A004,P3,20241217,20241220,20241225,72,179.74,False,107.74,training_fact_sla_export.csv,2026-06-23T00:00:00,797
SLA000798,WO000314,C011,SV8,A001,P4,20240201,20240206,20240205,120,90.0,True,0.0,training_fact_sla_export.csv,2026-06-23T00:00:00,798
SLA000799,WO001083,C020,SV3,A003,P4,20241228,20250102,20241231,120,54.61,True,0.0,training_fact_sla_export.csv,2026-06-23T00:00:00,799
SLA000800,WO001479,C003,SV4,A003,P3,20241117,20241120,20241118,72,22.97,True,0.0,training_fact_sla_export.csv,2026-06-23T00:00:00,800
SLA000801,WO001654,C004,SV1,A001,P2,20240810,20240811,20240811,24,22.6,True,0.0,training_fact_sla_export.csv,2026-06-23T00:00:00,801
SLA000802,WO000175,C010,SV4,A002,P4,20240727,20240801,20240731,120,72.29,True,0.0,training_fact_sla_export.csv,2026-06-23T00:00:00,802
SLA000803,WO003205,C010,SV8,A004,P2,20240128,20240129,20240130,24,26.47,False,2.47,training_fact_sla_export.csv,2026-06-23T00:00:00,803
SLA000804,WO001737,C010,SV6,A004,P3,20240316,20240319,20240320,72,95.43,False,23.43,training_fact_sla_export.csv,2026-06-23T00:00:00,804
SLA000805,WO002316,C005,SV8,A006,P1,20240401,20240401,20240402,8,2.64,True,0.0,training_fact_sla_export.csv,2026-06-23T00:00:00,805
SLA000806,WO004847,C020,SV8,A001,P3,20240822,20240825,20240830,72,191.58,False,119.58,training_fact_sla_export.csv,2026-06-23T00:00:00,806
SLA000807,WO000236,C003,SV6,A004,P1,20240820,20240820,20240821,8,14.34,False,6.34,training_fact_sla_export.csv,2026-06-23T00:00:00,807
SLA000808,WO004480,C001,SV6,A003,P2,20240228,20240229,20240229,24,21.82,True,0.0,training_fact_sla_export.csv,2026-06-23T00:00:00,808
SLA000809,WO002089,C005,SV6,A006,P2,20241003,20241004,20241004,24,21.27,True,0.0,training_fact_sla_export.csv,2026-06-23T00:00:00,809
SLA000810,WO000627,C015,SV4,A005,P4,20240529,20240603,20240601,120,50.46,True,0.0,training_fact_sla_export.csv,2026-06-23T00:00:00,810
SLA000811,WO003387,C003,SV5,A004,P3,20240829,20240901,20240901,72,52.78,True,0.0,training_fact_sla_export.csv,2026-06-23T00:00:00,811
SLA000812,WO003899,C016,SV6,A003,P2,20241120,20241121,20241121,24,7.88,True,0.0,training_fact_sla_export.csv,2026-06-23T00:00:00,812
SLA000813,WO002469,C008,SV8,A005,P2,20240306,20240307,20240307,24,23.53,True,0.0,training_fact_sla_export.csv,2026-06-23T00:00:00,813
SLA000814,WO004679,C016,SV2,A003,P3,20240122,20240125,20240123,72,21.12,True,0.0,training_fact_sla_export.csv,2026-06-23T00:00:00,814
SLA000815,WO003916,C005,SV6,A003,P3,20240518,20240521,20240523,72,116.42,False,44.42,training_fact_sla_export.csv,2026-06-23T00:00:00,815
SLA000816,WO001597,C016,SV3,A003,P4,20240702,20240707,20240704,120,38.72,True,0.0,training_fact_sla_export.csv,2026-06-23T00:00:00,816
SLA000817,WO001915,C001,SV5,A001,P4,20241017,20241022,20241019,120,42.32,True,0.0,training_fact_sla_export.csv,2026-06-23T00:00:00,817
SLA000818,WO003999,C015,SV1,A006,P2,20240607,20240608,20240608,24,11.3,True,0.0,training_fact_sla_export.csv,2026-06-23T00:00:00,818
SLA000819,WO001512,C001,SV4,A003,P3,20240704,20240707,20240706,72,36.64,True,0.0,training_fact_sla_export.csv,2026-06-23T00:00:00,819
SLA000820,WO003456,C009,SV4,A002,P2,20240212,20240213,20240213,24,20.03,True,0.0,training_fact_sla_export.csv,2026-06-23T00:00:00,820
SLA000821,WO004971,C015,SV3,A001,P2,20240522,20240523,20240523,24,14.78,True,0.0,training_fact_sla_export.csv,2026-06-23T00:00:00,821
SLA000822,WO001187,C001,SV2,A005,P2,20240709,20240710,20240712,24,58.4,False,34.4,training_fact_sla_export.csv,2026-06-23T00:00:00,822
SLA000823,WO004914,C019,SV8,A005,P2,20240828,20240829,20240829,24,11.57,True,0.0,training_fact_sla_export.csv,2026-06-23T00:00:00,823
SLA000824,WO004283,C020,SV2,A001,P2,20240313,20240314,20240314,24,11.94,True,0.0,training_fact_sla_export.csv,2026-06-23T00:00:00,824
SLA000825,WO002946,C014,SV5,A002,P3,20241115,20241118,20241121,72,134.88,False,62.88,training_fact_sla_export.csv,2026-06-23T00:00:00,825
SLA000826,WO004702,C005,SV8,A001,P3,20240817,20240820,20240820,72,64.43,True,0.0,training_fact_sla_export.csv,2026-06-23T00:00:00,826
SLA000827,WO001830,C015,SV5,A004,P1,20240306,20240306,20240307,8,9.62,False,1.62,training_fact_sla_export.csv,2026-06-23T00:00:00,827
SLA000828,WO000305,C007,SV6,A004,P3,20240824,20240827,20240829,72,117.74,False,45.74,training_fact_sla_export.csv,2026-06-23T00:00:00,828
SLA000829,WO000719,C014,SV5,A003,P2,20241219,20241220,20241220,24,16.27,True,0.0,training_fact_sla_export.csv,2026-06-23T00:00:00,829
SLA000830,WO004993,C004,SV8,A003,P2,20240501,20240502,20240503,24,33.96,False,9.96,training_fact_sla_export.csv,2026-06-23T00:00:00,830
SLA000831,WO002430,C013,SV2,A005,P1,20241107,20241107,20241108,8,1.58,True,0.0,training_fact_sla_export.csv,2026-06-23T00:00:00,831
SLA000832,WO000666,C007,SV6,A004,P2,20240526,20240527,20240527,24,9.01,True,0.0,training_fact_sla_export.csv,2026-06-23T00:00:00,832
SLA000833,WO003200,C012,SV1,A003,P1,20240423,20240423,20240424,8,4.04,True,0.0,training_fact_sla_export.csv,2026-06-23T00:00:00,833
SLA000834,WO004064,C007,SV2,A005,P4,20241004,20241009,20241009,120,110.07,True,0.0,training_fact_sla_export.csv,2026-06-23T00:00:00,834
SLA000835,WO003547,C006,SV6,A004,P3,20240827,20240830,20240829,72,25.31,True,0.0,training_fact_sla_export.csv,2026-06-23T00:00:00,835
SLA000836,WO004917,C008,SV2,A003,P1,20240427,20240427,20240428,8,2.91,True,0.0,training_fact_sla_export.csv,2026-06-23T00:00:00,836
SLA000837,WO003467,C018,SV7,A006,P2,20240121,20240122,20240122,24,4.86,True,0.0,training_fact_sla_export.csv,2026-06-23T00:00:00,837
SLA000838,WO003110,C009,SV6,A004,P2,20241113,20241114,20241114,24,20.51,True,0.0,training_fact_sla_export.csv,2026-06-23T00:00:00,838
SLA000839,WO001194,C014,SV4,A003,P2,20240228,20240229,20240229,24,8.43,True,0.0,training_fact_sla_export.csv,2026-06-23T00:00:00,839
SLA000840,WO000542,C014,SV4,A002,P1,20240825,20240825,20240826,8,6.88,True,0.0,training_fact_sla_export.csv,2026-06-23T00:00:00,840
SLA000841,WO000070,C013,SV7,A004,P3,20240227,20240301,20240304,72,122.26,False,50.26,training_fact_sla_export.csv,2026-06-23T00:00:00,841
SLA000842,WO002584,C020,SV7,A002,P3,20240315,20240318,20240318,72,52.9,True,0.0,training_fact_sla_export.csv,2026-06-23T00:00:00,842
SLA000843,WO002239,C001,SV6,A003,P3,20241207,20241210,20241211,72,76.5,False,4.5,training_fact_sla_export.csv,2026-06-23T00:00:00,843
SLA000844,WO000953,C011,SV1,A003,P3,20240106,20240109,20240109,72,65.08,True,0.0,training_fact_sla_export.csv,2026-06-23T00:00:00,844
SLA000845,WO002360,C020,SV4,A001,P3,20240807,20240810,20240811,72,79.07,False,7.07,training_fact_sla_export.csv,2026-06-23T00:00:00,845
SLA000846,WO000130,C020,SV3,A006,P3,20240327,20240330,20240330,72,62.65,True,0.0,training_fact_sla_export.csv,2026-06-23T00:00:00,846
SLA000847,WO003868,C009,SV5,A005,P1,20240823,20240823,20240824,8,3.17,True,0.0,training_fact_sla_export.csv,2026-06-23T00:00:00,847
SLA000848,WO000051,C002,SV4,A001,P3,20240223,20240226,20240226,72,58.25,True,0.0,training_fact_sla_export.csv,2026-06-23T00:00:00,848
SLA000849,WO001295,C008,SV8,A006,P2,20240812,20240813,20240813,24,23.65,True,0.0,training_fact_sla_export.csv,2026-06-23T00:00:00,849
SLA000850,WO001304,C008,SV8,A002,P4,20240416,20240421,20240423,120,144.55,False,24.55,training_fact_sla_export.csv,2026-06-23T00:00:00,850
SLA000851,WO004879,C008,SV6,A003,P4,20241105,20241110,20241108,120,55.97,True,0.0,training_fact_sla_export.csv,2026-06-23T00:00:00,851
SLA000852,WO000403,C001,SV8,A006,P2,20240725,20240726,20240726,24,9.86,True,0.0,training_fact_sla_export.csv,2026-06-23T00:00:00,852
SLA000853,WO002234,C019,SV6,A005,P2,20240110,20240111,20240111,24,16.43,True,0.0,training_fact_sla_export.csv,2026-06-23T00:00:00,853
SLA000854,WO004009,C012,SV6,A005,P3,20240520,20240523,20240522,72,34.68,True,0.0,training_fact_sla_export.csv,2026-06-23T00:00:00,854
SLA000855,WO004877,C008,SV6,A004,P3,20240418,20240421,20240421,72,68.62,True,0.0,training_fact_sla_export.csv,2026-06-23T00:00:00,855
SLA000856,WO001218,C020,SV1,A003,P3,20240426,20240429,20240429,72,50.38,True,0.0,training_fact_sla_export.csv,2026-06-23T00:00:00,856
SLA000857,WO004116,C017,SV7,A003,P3,20240712,20240715,20240714,72,33.64,True,0.0,training_fact_sla_export.csv,2026-06-23T00:00:00,857
SLA000858,WO001581,C005,SV2,A004,P4,20240207,20240212,20240217,120,216.69,False,96.69,training_fact_sla_export.csv,2026-06-23T00:00:00,858
SLA000859,WO000648,C004,SV4,A005,P3,20240614,20240617,20240616,72,35.54,True,0.0,training_fact_sla_export.csv,2026-06-23T00:00:00,859
SLA000860,WO001863,C015,SV7,A003,P4,20241227,20250101,20241231,120,175.11,False,55.11,training_fact_sla_export.csv,2026-06-23T00:00:00,860
SLA000861,WO001877,C018,SV4,A005,P1,20241002,20241002,20241003,8,6.88,True,0.0,training_fact_sla_export.csv,2026-06-23T00:00:00,861
SLA000862,WO001185,C016,SV4,A003,P3,20240607,20240610,20240610,72,49.17,True,0.0,training_fact_sla_export.csv,2026-06-23T00:00:00,862
SLA000863,WO003849,C017,SV1,A001,P3,20240408,20240411,20240410,72,26.22,True,0.0,training_fact_sla_export.csv,2026-06-23T00:00:00,863
SLA000864,WO000225,C003,SV8,A006,P2,20240515,20240516,20240516,24,12.36,True,0.0,training_fact_sla_export.csv,2026-06-23T00:00:00,864
SLA000865,WO000782,C004,SV5,A004,P2,20241204,20241205,20241206,24,26.15,False,2.15,training_fact_sla_export.csv,2026-06-23T00:00:00,865
SLA000866,WO000112,C009,SV6,A004,P1,20240705,20240705,20240706,8,3.39,True,0.0,training_fact_sla_export.csv,2026-06-23T00:00:00,866
SLA000867,WO001071,C012,SV3,A004,P3,20240918,20240921,20240920,72,34.29,True,0.0,training_fact_sla_export.csv,2026-06-23T00:00:00,867
SLA000868,WO004464,C003,SV1,A003,P1,20240507,20240507,20240508,8,5.24,True,0.0,training_fact_sla_export.csv,2026-06-23T00:00:00,868
SLA000869,WO001933,C002,SV3,A006,P3,20240801,20240804,20240802,72,18.3,True,0.0,training_fact_sla_export.csv,2026-06-23T00:00:00,869
SLA000870,WO003277,C008,SV8,A004,P1,20240805,20240805,20240806,8,4.98,True,0.0,training_fact_sla_export.csv,2026-06-23T00:00:00,870
SLA000871,WO001012,C015,SV2,A002,P2,20240820,20240821,20240821,24,17.41,True,0.0,training_fact_sla_export.csv,2026-06-23T00:00:00,871
SLA000872,WO002402,C017,SV6,A001,P3,20241207,20241210,20241210,72,48.17,True,0.0,training_fact_sla_export.csv,2026-06-23T00:00:00,872
SLA000873,WO000997,C017,SV4,A003,P3,20240414,20240417,20240419,72,102.87,False,30.87,training_fact_sla_export.csv,2026-06-23T00:00:00,873
SLA000874,WO003779,C006,SV3,A005,P3,20240424,20240427,20240428,72,77.63,False,5.63,training_fact_sla_export.csv,2026-06-23T00:00:00,874
SLA000875,WO001869,C006,SV7,A004,P2,20240426,20240427,20240427,24,21.61,True,0.0,training_fact_sla_export.csv,2026-06-23T00:00:00,875
SLA000876,WO000018,C019,SV8,A001,P3,20240706,20240709,20240707,72,16.43,True,0.0,training_fact_sla_export.csv,2026-06-23T00:00:00,876
SLA000877,WO004647,C004,SV3,A003,P2,20241020,20241021,20241022,24,47.16,False,23.16,training_fact_sla_export.csv,2026-06-23T00:00:00,877
SLA000878,WO001741,C016,SV8,A001,P3,20241005,20241008,20241010,72,97.04,False,25.04,training_fact_sla_export.csv,2026-06-23T00:00:00,878
SLA000879,WO000935,C001,SV3,A005,P2,20240206,20240207,20240207,24,13.61,True,0.0,training_fact_sla_export.csv,2026-06-23T00:00:00,879
SLA000880,WO002720,C006,SV1,A006,P4,20241121,20241126,20241124,120,55.8,True,0.0,training_fact_sla_export.csv,2026-06-23T00:00:00,880
SLA000881,WO003524,C004,SV6,A001,P3,20240426,20240429,20240427,72,8.68,True,0.0,training_fact_sla_export.csv,2026-06-23T00:00:00,881
SLA000882,WO002415,C009,SV3,A004,P2,20241024,20241025,20241025,24,19.69,True,0.0,training_fact_sla_export.csv,2026-06-23T00:00:00,882
SLA000883,WO003512,C003,SV7,A004,P3,20240101,20240104,20240103,72,37.66,True,0.0,training_fact_sla_export.csv,2026-06-23T00:00:00,883
SLA000884,WO002865,C013,SV7,A001,P3,20240829,20240901,20240830,72,23.88,True,0.0,training_fact_sla_export.csv,2026-06-23T00:00:00,884
SLA000885,WO002657,C009,SV2,A005,P4,20240329,20240403,20240401,120,50.57,True,0.0,training_fact_sla_export.csv,2026-06-23T00:00:00,885
SLA000886,WO000368,C013,SV4,A004,P2,20240402,20240403,20240403,24,11.93,True,0.0,training_fact_sla_export.csv,2026-06-23T00:00:00,886
SLA000887,WO000889,C015,SV7,A003,P4,20240616,20240621,20240621,120,117.23,True,0.0,training_fact_sla_export.csv,2026-06-23T00:00:00,887
SLA000888,WO003826,C012,SV4,A003,P4,20240317,20240322,20240320,120,70.75,True,0.0,training_fact_sla_export.csv,2026-06-23T00:00:00,888
SLA000889,WO001116,C011,SV4,A004,P3,20240228,20240302,20240302,72,55.83,True,0.0,training_fact_sla_export.csv,2026-06-23T00:00:00,889
SLA000890,WO003485,C008,SV5,A002,P2,20240327,20240328,20240328,24,5.55,True,0.0,training_fact_sla_export.csv,2026-06-23T00:00:00,890
SLA000891,WO004231,C014,SV7,A004,P1,20240603,20240603,20240604,8,4.43,True,0.0,training_fact_sla_export.csv,2026-06-23T00:00:00,891
SLA000892,WO003546,C019,SV7,A005,P2,20241216,20241217,20241217,24,17.09,True,0.0,training_fact_sla_export.csv,2026-06-23T00:00:00,892
SLA000893,WO003120,C003,SV7,A006,P3,20240420,20240423,20240422,72,35.36,True,0.0,training_fact_sla_export.csv,2026-06-23T00:00:00,893
SLA000894,WO000256,C002,SV1,A001,P3,20241107,20241110,20241112,72,107.21,False,35.21,training_fact_sla_export.csv,2026-06-23T00:00:00,894
SLA000895,WO001843,C016,SV2,A005,P2,20241013,20241014,20241014,24,18.84,True,0.0,training_fact_sla_export.csv,2026-06-23T00:00:00,895
SLA000896,WO004666,C013,SV2,A002,P3,20240505,20240508,20240507,72,41.11,True,0.0,training_fact_sla_export.csv,2026-06-23T00:00:00,896
SLA000897,WO001400,C012,SV7,A002,P4,20240223,20240228,20240226,120,59.33,True,0.0,training_fact_sla_export.csv,2026-06-23T00:00:00,897
SLA000898,WO001481,C001,SV1,A005,P4,20240928,20241003,20241003,120,111.71,True,0.0,training_fact_sla_export.csv,2026-06-23T00:00:00,898
SLA000899,WO000531,C009,SV1,A005,P4,20240306,20240311,20240310,120,95.53,True,0.0,training_fact_sla_export.csv,2026-06-23T00:00:00,899
SLA000900,WO003299,C012,SV3,A005,P2,20240303,20240304,20240304,24,10.45,True,0.0,training_fact_sla_export.csv,2026-06-23T00:00:00,900
SLA000901,WO004711,C016,SV6,A004,P3,20240511,20240514,20240515,72,80.03,False,8.03,training_fact_sla_export.csv,2026-06-23T00:00:00,901
SLA000902,WO001337,C004,SV6,A002,P1,20240125,20240125,20240126,8,10.77,False,2.77,training_fact_sla_export.csv,2026-06-23T00:00:00,902
SLA000903,WO000231,C012,SV6,A003,P3,20240604,20240607,20240609,72,100.17,False,28.17,training_fact_sla_export.csv,2026-06-23T00:00:00,903
SLA000904,WO000084,C002,SV4,A001,P3,20240805,20240808,20240807,72,33.26,True,0.0,training_fact_sla_export.csv,2026-06-23T00:00:00,904
SLA000905,WO000712,C017,SV1,A003,P4,20240224,20240229,20240227,120,50.56,True,0.0,training_fact_sla_export.csv,2026-06-23T00:00:00,905
SLA000906,WO002968,C002,SV2,A005,P2,20240321,20240322,20240322,24,15.56,True,0.0,training_fact_sla_export.csv,2026-06-23T00:00:00,906
SLA000907,WO000981,C012,SV8,A005,P1,20241111,20241111,20241112,8,4.94,True,0.0,training_fact_sla_export.csv,2026-06-23T00:00:00,907
SLA000908,WO000989,C020,SV1,A003,P3,20240812,20240815,20240815,72,49.9,True,0.0,training_fact_sla_export.csv,2026-06-23T00:00:00,908
SLA000909,WO002681,C008,SV3,A004,P3,20240831,20240903,20240902,72,41.1,True,0.0,training_fact_sla_export.csv,2026-06-23T00:00:00,909
SLA000910,WO001329,C003,SV5,A001,P1,20240924,20240924,20240925,8,3.45,True,0.0,training_fact_sla_export.csv,2026-06-23T00:00:00,910
SLA000911,WO004117,C013,SV5,A005,P2,20240911,20240912,20240912,24,18.3,True,0.0,training_fact_sla_export.csv,2026-06-23T00:00:00,911
SLA000912,WO004883,C008,SV7,A003,P2,20240410,20240411,20240411,24,9.96,True,0.0,training_fact_sla_export.csv,2026-06-23T00:00:00,912
SLA000913,WO003983,C014,SV3,A004,P3,20241119,20241122,20241123,72,88.63,False,16.63,training_fact_sla_export.csv,2026-06-23T00:00:00,913
SLA000914,WO000597,C010,SV2,A004,P3,20240529,20240601,20240602,72,79.48,False,7.48,training_fact_sla_export.csv,2026-06-23T00:00:00,914
SLA000915,WO001003,C007,SV7,A003,P1,20241129,20241129,20241130,8,3.22,True,0.0,training_fact_sla_export.csv,2026-06-23T00:00:00,915
SLA000916,WO004217,C001,SV3,A001,P3,20241006,20241009,20241011,72,108.63,False,36.63,training_fact_sla_export.csv,2026-06-23T00:00:00,916
SLA000917,WO001794,C008,SV3,A001,P3,20240826,20240829,20240829,72,49.4,True,0.0,training_fact_sla_export.csv,2026-06-23T00:00:00,917
SLA000918,WO000961,C019,SV1,A006,P4,20240409,20240414,20240414,120,114.81,True,0.0,training_fact_sla_export.csv,2026-06-23T00:00:00,918
SLA000919,WO003073,C020,SV1,A003,P2,20240316,20240317,20240317,24,15.09,True,0.0,training_fact_sla_export.csv,2026-06-23T00:00:00,919
SLA000920,WO002990,C001,SV8,A006,P2,20240721,20240722,20240722,24,18.37,True,0.0,training_fact_sla_export.csv,2026-06-23T00:00:00,920
SLA000921,WO001754,C004,SV4,A003,P3,20240220,20240223,20240222,72,37.15,True,0.0,training_fact_sla_export.csv,2026-06-23T00:00:00,921
SLA000922,WO003352,C019,SV1,A003,P3,20240604,20240607,20240607,72,48.38,True,0.0,training_fact_sla_export.csv,2026-06-23T00:00:00,922
SLA000923,WO000415,C017,SV8,A005,P3,20240201,20240204,20240203,72,37.8,True,0.0,training_fact_sla_export.csv,2026-06-23T00:00:00,923
SLA000924,WO001105,C001,SV6,A004,P1,20240516,20240516,20240517,8,3.27,True,0.0,training_fact_sla_export.csv,2026-06-23T00:00:00,924
SLA000925,WO000667,C009,SV6,A002,P1,20240302,20240302,20240303,8,5.51,True,0.0,training_fact_sla_export.csv,2026-06-23T00:00:00,925
SLA000926,WO003582,C009,SV1,A003,P1,20240603,20240603,20240604,8,7.23,True,0.0,training_fact_sla_export.csv,2026-06-23T00:00:00,926
SLA000927,WO003238,C020,SV4,A002,P3,20241029,20241101,20241031,72,32.23,True,0.0,training_fact_sla_export.csv,2026-06-23T00:00:00,927
SLA000928,WO000726,C016,SV1,A003,P3,20241021,20241024,20241023,72,34.97,True,0.0,training_fact_sla_export.csv,2026-06-23T00:00:00,928
SLA000929,WO003481,C016,SV2,A001,P2,20240921,20240922,20240922,24,22.61,True,0.0,training_fact_sla_export.csv,2026-06-23T00:00:00,929
SLA000930,WO003605,C001,SV4,A002,P3,20240821,20240824,20240825,72,84.1,False,12.1,training_fact_sla_export.csv,2026-06-23T00:00:00,930
SLA000931,WO004250,C014,SV2,A001,P3,20240108,20240111,20240111,72,52.56,True,0.0,training_fact_sla_export.csv,2026-06-23T00:00:00,931
SLA000932,WO003746,C017,SV5,A004,P3,20240602,20240605,20240605,72,57.82,True,0.0,training_fact_sla_export.csv,2026-06-23T00:00:00,932
SLA000933,WO000349,C009,SV2,A001,P3,20240914,20240917,20240916,72,47.84,True,0.0,training_fact_sla_export.csv,2026-06-23T00:00:00,933
SLA000934,WO001143,C010,SV1,A004,P3,20240824,20240827,20240829,72,99.09,False,27.09,training_fact_sla_export.csv,2026-06-23T00:00:00,934
SLA000935,WO001536,C006,SV7,A005,P3,20240305,20240308,20240308,72,55.47,True,0.0,training_fact_sla_export.csv,2026-06-23T00:00:00,935
SLA000936,WO002600,C010,SV1,A003,P2,20240217,20240218,20240218,24,18.54,True,0.0,training_fact_sla_export.csv,2026-06-23T00:00:00,936
SLA000937,WO003313,C007,SV2,A004,P1,20240618,20240618,20240619,8,5.73,True,0.0,training_fact_sla_export.csv,2026-06-23T00:00:00,937
SLA000938,WO004806,C004,SV6,A006,P3,20241031,20241103,20241103,72,61.58,True,0.0,training_fact_sla_export.csv,2026-06-23T00:00:00,938
SLA000939,WO003360,C020,SV3,A005,P3,20241230,20250102,20241231,72,136.87,False,64.87,training_fact_sla_export.csv,2026-06-23T00:00:00,939
SLA000940,WO004582,C005,SV6,A005,P1,20240709,20240709,20240710,8,2.69,True,0.0,training_fact_sla_export.csv,2026-06-23T00:00:00,940
SLA000941,WO001593,C004,SV8,A003,P4,20241224,20241229,20241227,120,52.28,True,0.0,training_fact_sla_export.csv,2026-06-23T00:00:00,941
SLA000942,WO002554,C016,SV4,A003,P3,20240523,20240526,20240524,72,21.21,True,0.0,training_fact_sla_export.csv,2026-06-23T00:00:00,942
SLA000943,WO001708,C004,SV8,A001,P4,20240114,20240119,20240120,120,138.43,False,18.43,training_fact_sla_export.csv,2026-06-23T00:00:00,943
SLA000944,WO001728,C001,SV5,A006,P1,20240102,20240102,20240103,8,4.99,True,0.0,training_fact_sla_export.csv,2026-06-23T00:00:00,944
SLA000945,WO003103,C012,SV3,A005,P2,20240723,20240724,20240724,24,11.82,True,0.0,training_fact_sla_export.csv,2026-06-23T00:00:00,945
SLA000946,WO000467,C007,SV5,A001,P2,20240319,20240320,20240320,24,7.74,True,0.0,training_fact_sla_export.csv,2026-06-23T00:00:00,946
SLA000947,WO003462,C014,SV4,A003,P1,20241221,20241221,20241222,8,7.33,True,0.0,training_fact_sla_export.csv,2026-06-23T00:00:00,947
SLA000948,WO001736,C007,SV4,A003,P2,20241201,20241202,20241202,24,15.47,True,0.0,training_fact_sla_export.csv,2026-06-23T00:00:00,948
SLA000949,WO004317,C002,SV4,A006,P2,20240510,20240511,20240511,24,17.68,True,0.0,training_fact_sla_export.csv,2026-06-23T00:00:00,949
SLA000950,WO001650,C006,SV3,A004,P4,20241123,20241128,20241128,120,110.68,True,0.0,training_fact_sla_export.csv,2026-06-23T00:00:00,950
SLA000951,WO004537,C008,SV6,A004,P3,20240817,20240820,20240819,72,36.12,True,0.0,training_fact_sla_export.csv,2026-06-23T00:00:00,951
SLA000952,WO000188,C007,SV2,A003,P2,20240801,20240802,20240802,24,10.34,True,0.0,training_fact_sla_export.csv,2026-06-23T00:00:00,952
SLA000953,WO004349,C012,SV8,A004,P2,20240113,20240114,20240115,24,31.18,False,7.18,training_fact_sla_export.csv,2026-06-23T00:00:00,953
SLA000954,WO000781,C003,SV3,A004,P3,20241025,20241028,20241027,72,43.31,True,0.0,training_fact_sla_export.csv,2026-06-23T00:00:00,954
SLA000955,WO000694,C014,SV7,A001,P2,20241017,20241018,20241020,24,50.45,False,26.45,training_fact_sla_export.csv,2026-06-23T00:00:00,955
SLA000956,WO001425,C004,SV5,A004,P2,20240525,20240526,20240526,24,12.99,True,0.0,training_fact_sla_export.csv,2026-06-23T00:00:00,956
SLA000957,WO000527,C013,SV4,A002,P2,20241114,20241115,20241115,24,14.32,True,0.0,training_fact_sla_export.csv,2026-06-23T00:00:00,957
SLA000958,WO000962,C012,SV3,A003,P2,20240524,20240525,20240526,24,45.91,False,21.91,training_fact_sla_export.csv,2026-06-23T00:00:00,958
SLA000959,WO000193,C004,SV8,A001,P4,20240924,20240929,20240928,120,79.55,True,0.0,training_fact_sla_export.csv,2026-06-23T00:00:00,959
SLA000960,WO000449,C012,SV4,A003,P2,20240127,20240128,20240128,24,4.53,True,0.0,training_fact_sla_export.csv,2026-06-23T00:00:00,960
SLA000961,WO001150,C020,SV4,A001,P2,20240819,20240820,20240820,24,7.36,True,0.0,training_fact_sla_export.csv,2026-06-23T00:00:00,961
SLA000962,WO000600,C019,SV2,A001,P4,20240131,20240205,20240203,120,67.32,True,0.0,training_fact_sla_export.csv,2026-06-23T00:00:00,962
SLA000963,WO004413,C016,SV3,A005,P2,20240417,20240418,20240418,24,11.25,True,0.0,training_fact_sla_export.csv,2026-06-23T00:00:00,963
SLA000964,WO000346,C011,SV6,A001,P3,20240831,20240903,20240902,72,42.24,True,0.0,training_fact_sla_export.csv,2026-06-23T00:00:00,964
SLA000965,WO002925,C016,SV3,A001,P2,20240622,20240623,20240624,24,28.68,False,4.68,training_fact_sla_export.csv,2026-06-23T00:00:00,965
SLA000966,WO003104,C009,SV7,A005,P3,20240805,20240808,20240807,72,31.97,True,0.0,training_fact_sla_export.csv,2026-06-23T00:00:00,966
SLA000967,WO003449,C007,SV6,A006,P3,20241107,20241110,20241109,72,47.74,True,0.0,training_fact_sla_export.csv,2026-06-23T00:00:00,967
SLA000968,WO000799,C002,SV4,A006,P3,20241030,20241102,20241102,72,53.03,True,0.0,training_fact_sla_export.csv,2026-06-23T00:00:00,968
SLA000969,WO000901,C010,SV5,A005,P3,20240829,20240901,20240831,72,27.93,True,0.0,training_fact_sla_export.csv,2026-06-23T00:00:00,969
SLA000970,WO002750,C015,SV5,A001,P2,20241130,20241201,20241201,24,21.18,True,0.0,training_fact_sla_export.csv,2026-06-23T00:00:00,970
SLA000971,WO002431,C018,SV3,A005,P2,20240921,20240922,20240922,24,11.01,True,0.0,training_fact_sla_export.csv,2026-06-23T00:00:00,971
SLA000972,WO000638,C009,SV7,A002,P3,20241005,20241008,20241009,72,85.83,False,13.83,training_fact_sla_export.csv,2026-06-23T00:00:00,972
SLA000973,WO001535,C014,SV2,A005,P4,20241206,20241211,20241208,120,47.04,True,0.0,training_fact_sla_export.csv,2026-06-23T00:00:00,973
SLA000974,WO003496,C016,SV6,A002,P3,20240520,20240523,20240522,72,36.1,True,0.0,training_fact_sla_export.csv,2026-06-23T00:00:00,974
SLA000975,WO002078,C005,SV2,A006,P1,20240520,20240520,20240521,8,6.48,True,0.0,training_fact_sla_export.csv,2026-06-23T00:00:00,975
SLA000976,WO001994,C004,SV2,A006,P4,20240823,20240828,20240827,120,83.8,True,0.0,training_fact_sla_export.csv,2026-06-23T00:00:00,976
SLA000977,WO001418,C012,SV3,A005,P3,20240614,20240617,20240617,72,65.78,True,0.0,training_fact_sla_export.csv,2026-06-23T00:00:00,977
SLA000978,WO004313,C013,SV3,A003,P3,20240124,20240127,20240125,72,22.11,True,0.0,training_fact_sla_export.csv,2026-06-23T00:00:00,978
SLA000979,WO000019,C001,SV7,A001,P2,20240131,20240201,20240202,24,42.95,False,18.95,training_fact_sla_export.csv,2026-06-23T00:00:00,979
SLA000980,WO003315,C015,SV2,A005,P2,20240708,20240709,20240709,24,8.97,True,0.0,training_fact_sla_export.csv,2026-06-23T00:00:00,980
SLA000981,WO002450,C010,SV4,A004,P3,20240628,20240701,20240630,72,24.42,True,0.0,training_fact_sla_export.csv,2026-06-23T00:00:00,981
SLA000982,WO004171,C008,SV1,A003,P4,20240513,20240518,20240516,120,63.51,True,0.0,training_fact_sla_export.csv,2026-06-23T00:00:00,982
SLA000983,WO002733,C010,SV8,A005,P2,20240225,20240226,20240227,24,27.59,False,3.59,training_fact_sla_export.csv,2026-06-23T00:00:00,983
SLA000984,WO001626,C010,SV6,A006,P3,20240311,20240314,20240314,72,58.9,True,0.0,training_fact_sla_export.csv,2026-06-23T00:00:00,984
SLA000985,WO001524,C015,SV4,A006,P3,20240116,20240119,20240118,72,37.8,True,0.0,training_fact_sla_export.csv,2026-06-23T00:00:00,985
SLA000986,WO002074,C002,SV5,A004,P1,20240906,20240906,20240907,8,11.18,False,3.18,training_fact_sla_export.csv,2026-06-23T00:00:00,986
SLA000987,WO003386,C017,SV7,A005,P4,20240219,20240224,20240223,120,86.2,True,0.0,training_fact_sla_export.csv,2026-06-23T00:00:00,987
SLA000988,WO001233,C006,SV8,A004,P1,20240209,20240209,20240210,8,2.33,True,0.0,training_fact_sla_export.csv,2026-06-23T00:00:00,988
SLA000989,WO001564,C018,SV1,A003,P2,20241101,20241102,20241102,24,18.11,True,0.0,training_fact_sla_export.csv,2026-06-23T00:00:00,989
SLA000990,WO001377,C004,SV4,A002,P1,20240627,20240627,20240628,8,5.46,True,0.0,training_fact_sla_export.csv,2026-06-23T00:00:00,990
SLA000991,WO002502,C008,SV6,A006,P2,20240817,20240818,20240818,24,22.69,True,0.0,training_fact_sla_export.csv,2026-06-23T00:00:00,991
SLA000992,WO004121,C008,SV1,A004,P3,20240405,20240408,20240411,72,132.01,False,60.01,training_fact_sla_export.csv,2026-06-23T00:00:00,992
SLA000993,WO000174,C004,SV5,A004,P3,20241104,20241107,20241107,72,49.3,True,0.0,training_fact_sla_export.csv,2026-06-23T00:00:00,993
SLA000994,WO003831,C002,SV8,A002,P3,20240603,20240606,20240605,72,37.23,True,0.0,training_fact_sla_export.csv,2026-06-23T00:00:00,994
SLA000995,WO003348,C001,SV7,A005,P2,20240414,20240415,20240416,24,36.06,False,12.06,training_fact_sla_export.csv,2026-06-23T00:00:00,995
SLA000996,WO003810,C017,SV4,A001,P3,20240114,20240117,20240117,72,64.06,True,0.0,training_fact_sla_export.csv,2026-06-23T00:00:00,996
SLA000997,WO004334,C003,SV1,A002,P2,20240410,20240411,20240412,24,42.96,False,18.96,training_fact_sla_export.csv,2026-06-23T00:00:00,997
SLA000998,WO003860,C015,SV4,A005,P2,20241228,20241229,20241229,24,9.76,True,0.0,training_fact_sla_export.csv,2026-06-23T00:00:00,998
SLA000999,WO003243,C001,SV7,A004,P2,20240905,20240906,20240906,24,23.12,True,0.0,training_fact_sla_export.csv,2026-06-23T00:00:00,999
SLA001000,WO003721,C018,SV3,A003,P3,20240726,20240729,20240728,72,35.55,True,0.0,training_fact_sla_export.csv,2026-06-23T00:00:00,1000
SLA001001,WO000840,C005,SV3,A003,P3,20240802,20240805,20240803,72,15.12,True,0.0,training_fact_sla_export.csv,2026-06-23T00:00:00,1001
SLA001002,WO002181,C019,SV5,A005,P2,20241216,20241217,20241217,24,14.56,True,0.0,training_fact_sla_export.csv,2026-06-23T00:00:00,1002
SLA001003,WO003398,C010,SV6,A003,P4,20240226,20240302,20240229,120,64.31,True,0.0,training_fact_sla_export.csv,2026-06-23T00:00:00,1003
SLA001004,WO003359,C012,SV7,A001,P3,20241027,20241030,20241029,72,39.01,True,0.0,training_fact_sla_export.csv,2026-06-23T00:00:00,1004
SLA001005,WO002470,C010,SV6,A004,P3,20240729,20240801,20240801,72,65.77,True,0.0,training_fact_sla_export.csv,2026-06-23T00:00:00,1005
SLA001006,WO000110,C015,SV6,A005,P4,20240101,20240106,20240103,120,39.82,True,0.0,training_fact_sla_export.csv,2026-06-23T00:00:00,1006
SLA001007,WO002237,C005,SV6,A006,P2,20240524,20240525,20240526,24,24.29,False,0.29,training_fact_sla_export.csv,2026-06-23T00:00:00,1007
SLA001008,WO001436,C010,SV6,A002,P2,20240731,20240801,20240801,24,12.18,True,0.0,training_fact_sla_export.csv,2026-06-23T00:00:00,1008
SLA001009,WO003037,C005,SV6,A005,P2,20240630,20240701,20240701,24,16.63,True,0.0,training_fact_sla_export.csv,2026-06-23T00:00:00,1009
SLA001010,WO000055,C016,SV5,A002,P2,20240214,20240215,20240215,24,10.31,True,0.0,training_fact_sla_export.csv,2026-06-23T00:00:00,1010
SLA001011,WO002931,C018,SV5,A005,P2,20240708,20240709,20240709,24,22.26,True,0.0,training_fact_sla_export.csv,2026-06-23T00:00:00,1011
SLA001012,WO003217,C011,SV4,A005,P3,20240926,20240929,20241002,72,139.64,False,67.64,training_fact_sla_export.csv,2026-06-23T00:00:00,1012
SLA001013,WO002847,C013,SV3,A006,P3,20241221,20241224,20241224,72,50.15,True,0.0,training_fact_sla_export.csv,2026-06-23T00:00:00,1013
SLA001014,WO003347,C015,SV8,A003,P1,20240304,20240304,20240305,8,3.34,True,0.0,training_fact_sla_export.csv,2026-06-23T00:00:00,1014
SLA001015,WO004442,C009,SV6,A004,P3,20240624,20240627,20240626,72,34.87,True,0.0,training_fact_sla_export.csv,2026-06-23T00:00:00,1015
SLA001016,WO001742,C006,SV5,A004,P2,20240917,20240918,20240918,24,14.91,True,0.0,training_fact_sla_export.csv,2026-06-23T00:00:00,1016
SLA001017,WO001846,C019,SV2,A006,P2,20241014,20241015,20241016,24,24.88,False,0.88,training_fact_sla_export.csv,2026-06-23T00:00:00,1017
SLA001018,WO000619,C014,SV6,A003,P3,20241109,20241112,20241111,72,40.65,True,0.0,training_fact_sla_export.csv,2026-06-23T00:00:00,1018
SLA001019,WO001634,C001,SV5,A005,P4,20240828,20240902,20240902,120,105.08,True,0.0,training_fact_sla_export.csv,2026-06-23T00:00:00,1019
SLA001020,WO003962,C012,SV4,A004,P3,20240413,20240416,20240416,72,67.78,True,0.0,training_fact_sla_export.csv,2026-06-23T00:00:00,1020
SLA001021,WO004664,C009,SV8,A002,P3,20240412,20240415,20240416,72,75.58,False,3.58,training_fact_sla_export.csv,2026-06-23T00:00:00,1021
SLA001022,WO004223,C005,SV8,A003,P3,20240103,20240106,20240105,72,45.0,True,0.0,training_fact_sla_export.csv,2026-06-23T00:00:00,1022
SLA001023,WO004425,C016,SV6,A001,P3,20240313,20240316,20240314,72,21.06,True,0.0,training_fact_sla_export.csv,2026-06-23T00:00:00,1023
SLA001024,WO003156,C014,SV2,A004,P3,20240805,20240808,20240810,72,110.25,False,38.25,training_fact_sla_export.csv,2026-06-23T00:00:00,1024
SLA001025,WO000808,C010,SV7,A002,P2,20240727,20240728,20240728,24,16.16,True,0.0,training_fact_sla_export.csv,2026-06-23T00:00:00,1025
SLA001026,WO001990,C008,SV2,A006,P3,20240513,20240516,20240517,72,92.77,False,20.77,training_fact_sla_export.csv,2026-06-23T00:00:00,1026
SLA001027,WO004981,C005,SV8,A005,P3,20240430,20240503,20240502,72,44.04,True,0.0,training_fact_sla_export.csv,2026-06-23T00:00:00,1027
SLA001028,WO002523,C013,SV3,A006,P4,20241117,20241122,20241121,120,85.07,True,0.0,training_fact_sla_export.csv,2026-06-23T00:00:00,1028
SLA001029,WO001242,C018,SV5,A005,P1,20240422,20240422,20240423,8,6.16,True,0.0,training_fact_sla_export.csv,2026-06-23T00:00:00,1029
SLA001030,WO001153,C014,SV1,A004,P3,20240525,20240528,20240602,72,173.41,False,101.41,training_fact_sla_export.csv,2026-06-23T00:00:00,1030
SLA001031,WO002845,C001,SV6,A003,P3,20241024,20241027,20241026,72,45.79,True,0.0,training_fact_sla_export.csv,2026-06-23T00:00:00,1031
SLA001032,WO002484,C014,SV8,A006,P4,20240722,20240727,20240727,120,100.06,True,0.0,training_fact_sla_export.csv,2026-06-23T00:00:00,1032
SLA001033,WO004131,C009,SV1,A003,P4,20241205,20241210,20241207,120,31.92,True,0.0,training_fact_sla_export.csv,2026-06-23T00:00:00,1033
SLA001034,WO002102,C014,SV1,A006,P2,20240923,20240924,20240924,24,21.04,True,0.0,training_fact_sla_export.csv,2026-06-23T00:00:00,1034
SLA001035,WO002036,C008,SV2,A003,P2,20240911,20240912,20240912,24,23.24,True,0.0,training_fact_sla_export.csv,2026-06-23T00:00:00,1035
SLA001036,WO003379,C009,SV3,A006,P2,20241009,20241010,20241010,24,19.52,True,0.0,training_fact_sla_export.csv,2026-06-23T00:00:00,1036
SLA001037,WO000470,C010,SV1,A002,P3,20240501,20240504,20240503,72,42.86,True,0.0,training_fact_sla_export.csv,2026-06-23T00:00:00,1037
SLA001038,WO004342,C013,SV7,A002,P2,20240613,20240614,20240615,24,24.15,False,0.15,training_fact_sla_export.csv,2026-06-23T00:00:00,1038
SLA001039,WO002334,C017,SV5,A005,P2,20240505,20240506,20240507,24,26.24,False,2.24,training_fact_sla_export.csv,2026-06-23T00:00:00,1039
SLA001040,WO001998,C019,SV7,A003,P2,20240222,20240223,20240223,24,5.97,True,0.0,training_fact_sla_export.csv,2026-06-23T00:00:00,1040
SLA001041,WO000475,C004,SV1,A002,P2,20240503,20240504,20240505,24,26.58,False,2.58,training_fact_sla_export.csv,2026-06-23T00:00:00,1041
SLA001042,WO004182,C002,SV7,A004,P3,20240901,20240904,20240907,72,133.88,False,61.88,training_fact_sla_export.csv,2026-06-23T00:00:00,1042
SLA001043,WO000794,C017,SV5,A006,P3,20240702,20240705,20240705,72,58.24,True,0.0,training_fact_sla_export.csv,2026-06-23T00:00:00,1043
SLA001044,WO001038,C016,SV5,A005,P3,20240808,20240811,20240811,72,65.78,True,0.0,training_fact_sla_export.csv,2026-06-23T00:00:00,1044
SLA001045,WO002298,C006,SV7,A005,P4,20240620,20240625,20240628,120,182.66,False,62.66,training_fact_sla_export.csv,2026-06-23T00:00:00,1045
SLA001046,WO000353,C003,SV6,A003,P3,20241203,20241206,20241205,72,39.06,True,0.0,training_fact_sla_export.csv,2026-06-23T00:00:00,1046
SLA001047,WO002309,C003,SV4,A005,P1,20240611,20240611,20240612,8,4.28,True,0.0,training_fact_sla_export.csv,2026-06-23T00:00:00,1047
SLA001048,WO002297,C010,SV1,A005,P2,20240202,20240203,20240203,24,19.44,True,0.0,training_fact_sla_export.csv,2026-06-23T00:00:00,1048
SLA001049,WO004517,C006,SV3,A005,P3,20240401,20240404,20240403,72,44.18,True,0.0,training_fact_sla_export.csv,2026-06-23T00:00:00,1049
SLA001050,WO003840,C004,SV5,A005,P3,20240201,20240204,20240205,72,77.82,False,5.82,training_fact_sla_export.csv,2026-06-23T00:00:00,1050
SLA001051,WO002923,C017,SV8,A003,P2,20240630,20240701,20240701,24,16.02,True,0.0,training_fact_sla_export.csv,2026-06-23T00:00:00,1051
SLA001052,WO004109,C016,SV1,A004,P4,20240213,20240218,20240220,120,159.68,False,39.68,training_fact_sla_export.csv,2026-06-23T00:00:00,1052
SLA001053,WO004810,C011,SV4,A005,P3,20241027,20241030,20241029,72,26.31,True,0.0,training_fact_sla_export.csv,2026-06-23T00:00:00,1053
SLA001054,WO001881,C001,SV7,A005,P3,20240229,20240303,20240304,72,80.12,False,8.12,training_fact_sla_export.csv,2026-06-23T00:00:00,1054
SLA001055,WO001777,C003,SV1,A004,P2,20240522,20240523,20240523,24,12.32,True,0.0,training_fact_sla_export.csv,2026-06-23T00:00:00,1055
SLA001056,WO000143,C015,SV5,A003,P3,20240103,20240106,20240105,72,39.85,True,0.0,training_fact_sla_export.csv,2026-06-23T00:00:00,1056
SLA001057,WO003776,C008,SV2,A002,P2,20240315,20240316,20240316,24,12.02,True,0.0,training_fact_sla_export.csv,2026-06-23T00:00:00,1057
SLA001058,WO000028,C009,SV6,A003,P2,20240312,20240313,20240313,24,22.61,True,0.0,training_fact_sla_export.csv,2026-06-23T00:00:00,1058
SLA001059,WO003410,C017,SV5,A002,P2,20240415,20240416,20240416,24,10.3,True,0.0,training_fact_sla_export.csv,2026-06-23T00:00:00,1059
SLA001060,WO004441,C006,SV3,A006,P3,20240505,20240508,20240508,72,54.48,True,0.0,training_fact_sla_export.csv,2026-06-23T00:00:00,1060
SLA001061,WO004608,C020,SV2,A006,P2,20240623,20240624,20240624,24,18.99,True,0.0,training_fact_sla_export.csv,2026-06-23T00:00:00,1061
SLA001062,WO001061,C020,SV3,A003,P4,20240905,20240910,20240912,120,149.67,False,29.67,training_fact_sla_export.csv,2026-06-23T00:00:00,1062
SLA001063,WO002424,C012,SV1,A003,P3,20240216,20240219,20240219,72,53.6,True,0.0,training_fact_sla_export.csv,2026-06-23T00:00:00,1063
SLA001064,WO004476,C006,SV5,A001,P2,20240211,20240212,20240213,24,28.37,False,4.37,training_fact_sla_export.csv,2026-06-23T00:00:00,1064
SLA001065,WO004859,C020,SV4,A005,P3,20240830,20240902,20240902,72,62.67,True,0.0,training_fact_sla_export.csv,2026-06-23T00:00:00,1065
SLA001066,WO000394,C005,SV1,A001,P4,20241228,20250102,20241231,120,87.99,True,0.0,training_fact_sla_export.csv,2026-06-23T00:00:00,1066
SLA001067,WO004038,C018,SV3,A003,P2,20240829,20240830,20240830,24,17.19,True,0.0,training_fact_sla_export.csv,2026-06-23T00:00:00,1067
SLA001068,WO004886,C009,SV4,A001,P3,20240711,20240714,20240714,72,57.58,True,0.0,training_fact_sla_export.csv,2026-06-23T00:00:00,1068
SLA001069,WO002541,C018,SV7,A004,P3,20241109,20241112,20241111,72,37.68,True,0.0,training_fact_sla_export.csv,2026-06-23T00:00:00,1069
SLA001070,WO003707,C007,SV1,A006,P3,20240506,20240509,20240508,72,35.66,True,0.0,training_fact_sla_export.csv,2026-06-23T00:00:00,1070
SLA001071,WO001077,C015,SV6,A006,P2,20241121,20241122,20241122,24,13.92,True,0.0,training_fact_sla_export.csv,2026-06-23T00:00:00,1071
SLA001072,WO001848,C015,SV3,A004,P2,20240722,20240723,20240723,24,15.7,True,0.0,training_fact_sla_export.csv,2026-06-23T00:00:00,1072
SLA001073,WO001248,C008,SV6,A005,P2,20240310,20240311,20240313,24,62.91,False,38.91,training_fact_sla_export.csv,2026-06-23T00:00:00,1073
SLA001074,WO004144,C001,SV7,A004,P3,20240522,20240525,20240527,72,109.48,False,37.48,training_fact_sla_export.csv,2026-06-23T00:00:00,1074
SLA001075,WO004613,C006,SV5,A003,P2,20240105,20240106,20240107,24,32.1,False,8.1,training_fact_sla_export.csv,2026-06-23T00:00:00,1075
SLA001076,WO002649,C014,SV8,A006,P2,20241218,20241219,20241219,24,15.07,True,0.0,training_fact_sla_export.csv,2026-06-23T00:00:00,1076
SLA001077,WO003383,C016,SV4,A003,P1,20240513,20240513,20240514,8,2.88,True,0.0,training_fact_sla_export.csv,2026-06-23T00:00:00,1077
SLA001078,WO000410,C009,SV8,A004,P2,20240721,20240722,20240723,24,44.7,False,20.7,training_fact_sla_export.csv,2026-06-23T00:00:00,1078
SLA001079,WO002747,C018,SV4,A005,P4,20241218,20241223,20241222,120,74.33,True,0.0,training_fact_sla_export.csv,2026-06-23T00:00:00,1079
SLA001080,WO003766,C016,SV8,A004,P3,20241209,20241212,20241215,72,136.97,False,64.97,training_fact_sla_export.csv,2026-06-23T00:00:00,1080
SLA001081,WO004339,C003,SV8,A003,P3,20241008,20241011,20241012,72,76.57,False,4.57,training_fact_sla_export.csv,2026-06-23T00:00:00,1081
SLA001082,WO002330,C007,SV4,A005,P2,20241215,20241216,20241217,24,29.24,False,5.24,training_fact_sla_export.csv,2026-06-23T00:00:00,1082
SLA001083,WO004872,C011,SV5,A006,P4,20240227,20240303,20240303,120,111.75,True,0.0,training_fact_sla_export.csv,2026-06-23T00:00:00,1083
SLA001084,WO001831,C001,SV8,A004,P3,20240726,20240729,20240730,72,90.48,False,18.48,training_fact_sla_export.csv,2026-06-23T00:00:00,1084
SLA001085,WO002507,C006,SV5,A005,P4,20240131,20240205,20240203,120,70.95,True,0.0,training_fact_sla_export.csv,2026-06-23T00:00:00,1085
SLA001086,WO000577,C016,SV3,A001,P4,20240614,20240619,20240617,120,49.85,True,0.0,training_fact_sla_export.csv,2026-06-23T00:00:00,1086
SLA001087,WO003691,C018,SV4,A003,P3,20240223,20240226,20240225,72,40.19,True,0.0,training_fact_sla_export.csv,2026-06-23T00:00:00,1087
SLA001088,WO004841,C003,SV4,A003,P1,20240730,20240730,20240731,8,4.75,True,0.0,training_fact_sla_export.csv,2026-06-23T00:00:00,1088
SLA001089,WO003097,C012,SV1,A004,P3,20240721,20240724,20240723,72,44.91,True,0.0,training_fact_sla_export.csv,2026-06-23T00:00:00,1089
SLA001090,WO003850,C010,SV8,A002,P2,20240502,20240503,20240503,24,13.7,True,0.0,training_fact_sla_export.csv,2026-06-23T00:00:00,1090
SLA001091,WO000737,C018,SV3,A001,P4,20240215,20240220,20240219,120,95.66,True,0.0,training_fact_sla_export.csv,2026-06-23T00:00:00,1091
SLA001092,WO001787,C017,SV4,A002,P2,20240508,20240509,20240509,24,7.24,True,0.0,training_fact_sla_export.csv,2026-06-23T00:00:00,1092
SLA001093,WO001774,C020,SV1,A005,P2,20240624,20240625,20240626,24,25.86,False,1.86,training_fact_sla_export.csv,2026-06-23T00:00:00,1093
SLA001094,WO004726,C019,SV1,A005,P2,20240113,20240114,20240114,24,20.0,True,0.0,training_fact_sla_export.csv,2026-06-23T00:00:00,1094
SLA001095,WO001917,C015,SV7,A005,P3,20241107,20241110,20241111,72,73.33,False,1.33,training_fact_sla_export.csv,2026-06-23T00:00:00,1095
SLA001096,WO000288,C005,SV6,A006,P3,20240309,20240312,20240310,72,21.88,True,0.0,training_fact_sla_export.csv,2026-06-23T00:00:00,1096
SLA001097,WO003892,C005,SV1,A005,P3,20240916,20240919,20240918,72,31.02,True,0.0,training_fact_sla_export.csv,2026-06-23T00:00:00,1097
SLA001098,WO000950,C017,SV4,A001,P2,20240215,20240216,20240216,24,11.99,True,0.0,training_fact_sla_export.csv,2026-06-23T00:00:00,1098
SLA001099,WO003728,C014,SV8,A005,P3,20240424,20240427,20240426,72,44.63,True,0.0,training_fact_sla_export.csv,2026-06-23T00:00:00,1099
SLA001100,WO004577,C016,SV7,A002,P2,20240818,20240819,20240819,24,3.85,True,0.0,training_fact_sla_export.csv,2026-06-23T00:00:00,1100
SLA001101,WO004336,C006,SV2,A001,P1,20241229,20241229,20241230,8,13.74,False,5.74,training_fact_sla_export.csv,2026-06-23T00:00:00,1101
SLA001102,WO004835,C019,SV4,A001,P3,20240125,20240128,20240128,72,55.88,True,0.0,training_fact_sla_export.csv,2026-06-23T00:00:00,1102
SLA001103,WO003567,C004,SV2,A005,P1,20240924,20240924,20240925,8,1.96,True,0.0,training_fact_sla_export.csv,2026-06-23T00:00:00,1103
SLA001104,WO001409,C017,SV2,A006,P4,20240521,20240526,20240524,120,56.39,True,0.0,training_fact_sla_export.csv,2026-06-23T00:00:00,1104
SLA001105,WO004470,C007,SV2,A006,P2,20240204,20240205,20240205,24,23.05,True,0.0,training_fact_sla_export.csv,2026-06-23T00:00:00,1105
SLA001106,WO004044,C002,SV7,A003,P1,20241117,20241117,20241118,8,4.82,True,0.0,training_fact_sla_export.csv,2026-06-23T00:00:00,1106
SLA001107,WO004893,C017,SV6,A003,P4,20241005,20241010,20241010,120,113.46,True,0.0,training_fact_sla_export.csv,2026-06-23T00:00:00,1107
SLA001108,WO002711,C019,SV8,A004,P1,20241222,20241222,20241223,8,5.23,True,0.0,training_fact_sla_export.csv,2026-06-23T00:00:00,1108
SLA001109,WO002897,C020,SV3,A004,P4,20240823,20240828,20240831,120,181.51,False,61.51,training_fact_sla_export.csv,2026-06-23T00:00:00,1109
SLA001110,WO002287,C001,SV4,A004,P2,20240623,20240624,20240624,24,18.05,True,0.0,training_fact_sla_export.csv,2026-06-23T00:00:00,1110
SLA001111,WO000121,C010,SV2,A006,P2,20240509,20240510,20240510,24,12.74,True,0.0,training_fact_sla_export.csv,2026-06-23T00:00:00,1111
SLA001112,WO002674,C007,SV8,A005,P2,20241028,20241029,20241029,24,13.8,True,0.0,training_fact_sla_export.csv,2026-06-23T00:00:00,1112
SLA001113,WO002666,C007,SV6,A001,P2,20240215,20240216,20240217,24,38.41,False,14.41,training_fact_sla_export.csv,2026-06-23T00:00:00,1113
SLA001114,WO000283,C008,SV6,A001,P2,20240616,20240617,20240617,24,23.67,True,0.0,training_fact_sla_export.csv,2026-06-23T00:00:00,1114
SLA001115,WO003454,C001,SV2,A005,P3,20240125,20240128,20240130,72,119.5,False,47.5,training_fact_sla_export.csv,2026-06-23T00:00:00,1115
SLA001116,WO001975,C010,SV3,A003,P2,20240531,20240601,20240601,24,21.5,True,0.0,training_fact_sla_export.csv,2026-06-23T00:00:00,1116
SLA001117,WO004343,C002,SV5,A004,P3,20240704,20240707,20240706,72,45.57,True,0.0,training_fact_sla_export.csv,2026-06-23T00:00:00,1117
SLA001118,WO004919,C005,SV3,A006,P3,20240618,20240621,20240622,72,72.95,False,0.95,training_fact_sla_export.csv,2026-06-23T00:00:00,1118
SLA001119,WO004319,C015,SV3,A006,P3,20241126,20241129,20241129,72,63.62,True,0.0,training_fact_sla_export.csv,2026-06-23T00:00:00,1119
SLA001120,WO001803,C003,SV4,A005,P3,20240403,20240406,20240405,72,33.33,True,0.0,training_fact_sla_export.csv,2026-06-23T00:00:00,1120
SLA001121,WO001985,C014,SV8,A006,P3,20240817,20240820,20240820,72,60.72,True,0.0,training_fact_sla_export.csv,2026-06-23T00:00:00,1121
SLA001122,WO004251,C017,SV4,A006,P3,20240409,20240412,20240411,72,43.22,True,0.0,training_fact_sla_export.csv,2026-06-23T00:00:00,1122
SLA001123,WO004448,C020,SV2,A005,P3,20241219,20241222,20241221,72,47.02,True,0.0,training_fact_sla_export.csv,2026-06-23T00:00:00,1123
SLA001124,WO001764,C013,SV8,A005,P4,20240827,20240901,20240830,120,58.01,True,0.0,training_fact_sla_export.csv,2026-06-23T00:00:00,1124
SLA001125,WO000161,C018,SV1,A006,P1,20240724,20240724,20240725,8,3.33,True,0.0,training_fact_sla_export.csv,2026-06-23T00:00:00,1125
SLA001126,WO003214,C010,SV6,A001,P2,20240521,20240522,20240522,24,23.72,True,0.0,training_fact_sla_export.csv,2026-06-23T00:00:00,1126
SLA001127,WO002269,C019,SV1,A003,P2,20240324,20240325,20240325,24,17.32,True,0.0,training_fact_sla_export.csv,2026-06-23T00:00:00,1127
SLA001128,WO001653,C016,SV8,A005,P4,20240929,20241004,20241005,120,143.73,False,23.73,training_fact_sla_export.csv,2026-06-23T00:00:00,1128
SLA001129,WO004082,C019,SV5,A001,P4,20240312,20240317,20240316,120,94.6,True,0.0,training_fact_sla_export.csv,2026-06-23T00:00:00,1129
SLA001130,WO001480,C019,SV2,A005,P2,20240812,20240813,20240814,24,25.23,False,1.23,training_fact_sla_export.csv,2026-06-23T00:00:00,1130
SLA001131,WO002030,C014,SV1,A004,P2,20240320,20240321,20240321,24,17.79,True,0.0,training_fact_sla_export.csv,2026-06-23T00:00:00,1131
SLA001132,WO003792,C005,SV1,A005,P2,20240330,20240331,20240331,24,17.48,True,0.0,training_fact_sla_export.csv,2026-06-23T00:00:00,1132
SLA001133,WO000374,C001,SV7,A001,P3,20240126,20240129,20240129,72,56.98,True,0.0,training_fact_sla_export.csv,2026-06-23T00:00:00,1133
SLA001134,WO002236,C007,SV2,A003,P4,20240101,20240106,20240105,120,87.55,True,0.0,training_fact_sla_export.csv,2026-06-23T00:00:00,1134
SLA001135,WO001060,C006,SV1,A006,P3,20240408,20240411,20240411,72,68.16,True,0.0,training_fact_sla_export.csv,2026-06-23T00:00:00,1135
SLA001136,WO002019,C019,SV4,A001,P3,20240804,20240807,20240807,72,55.08,True,0.0,training_fact_sla_export.csv,2026-06-23T00:00:00,1136
SLA001137,WO004858,C001,SV6,A004,P3,20240918,20240921,20240920,72,31.32,True,0.0,training_fact_sla_export.csv,2026-06-23T00:00:00,1137
SLA001138,WO000756,C011,SV3,A004,P4,20240323,20240328,20240328,120,98.45,True,0.0,training_fact_sla_export.csv,2026-06-23T00:00:00,1138
SLA001139,WO001008,C020,SV8,A006,P1,20240328,20240328,20240329,8,7.6,True,0.0,training_fact_sla_export.csv,2026-06-23T00:00:00,1139
SLA001140,WO002047,C006,SV8,A005,P2,20240313,20240314,20240315,24,29.71,False,5.71,training_fact_sla_export.csv,2026-06-23T00:00:00,1140
SLA001141,WO001269,C012,SV4,A006,P3,20241230,20250102,20241231,72,33.74,True,0.0,training_fact_sla_export.csv,2026-06-23T00:00:00,1141
SLA001142,WO003011,C004,SV7,A001,P2,20240319,20240320,20240321,24,28.13,False,4.13,training_fact_sla_export.csv,2026-06-23T00:00:00,1142
SLA001143,WO000643,C009,SV7,A001,P4,20240430,20240505,20240505,120,97.28,True,0.0,training_fact_sla_export.csv,2026-06-23T00:00:00,1143
SLA001144,WO002872,C020,SV2,A003,P3,20240524,20240527,20240527,72,55.88,True,0.0,training_fact_sla_export.csv,2026-06-23T00:00:00,1144
SLA001145,WO002587,C014,SV2,A003,P4,20241017,20241022,20241020,120,60.52,True,0.0,training_fact_sla_export.csv,2026-06-23T00:00:00,1145
SLA001146,WO001531,C011,SV6,A001,P1,20240704,20240704,20240705,8,2.84,True,0.0,training_fact_sla_export.csv,2026-06-23T00:00:00,1146
SLA001147,WO003023,C020,SV2,A006,P3,20240210,20240213,20240213,72,64.61,True,0.0,training_fact_sla_export.csv,2026-06-23T00:00:00,1147
SLA001148,WO002927,C018,SV6,A003,P2,20240923,20240924,20240924,24,7.14,True,0.0,training_fact_sla_export.csv,2026-06-23T00:00:00,1148
SLA001149,WO000027,C006,SV2,A003,P3,20240924,20240927,20240926,72,33.39,True,0.0,training_fact_sla_export.csv,2026-06-23T00:00:00,1149
SLA001150,WO003912,C013,SV1,A002,P2,20240807,20240808,20240808,24,11.28,True,0.0,training_fact_sla_export.csv,2026-06-23T00:00:00,1150
SLA001151,WO004043,C013,SV4,A005,P3,20240309,20240312,20240312,72,63.83,True,0.0,training_fact_sla_export.csv,2026-06-23T00:00:00,1151
SLA001152,WO000322,C009,SV7,A006,P2,20240925,20240926,20240926,24,19.46,True,0.0,training_fact_sla_export.csv,2026-06-23T00:00:00,1152
SLA001153,WO004748,C004,SV1,A003,P3,20240806,20240809,20240809,72,58.07,True,0.0,training_fact_sla_export.csv,2026-06-23T00:00:00,1153
SLA001154,WO000629,C018,SV5,A004,P3,20240914,20240917,20240918,72,82.42,False,10.42,training_fact_sla_export.csv,2026-06-23T00:00:00,1154
SLA001155,WO001308,C004,SV3,A005,P3,20240627,20240630,20240630,72,70.58,True,0.0,training_fact_sla_export.csv,2026-06-23T00:00:00,1155
SLA001156,WO000047,C008,SV1,A001,P3,20240707,20240710,20240710,72,52.35,True,0.0,training_fact_sla_export.csv,2026-06-23T00:00:00,1156
SLA001157,WO001784,C005,SV6,A005,P2,20241116,20241117,20241117,24,11.25,True,0.0,training_fact_sla_export.csv,2026-06-23T00:00:00,1157
SLA001158,WO003832,C016,SV3,A004,P1,20240122,20240122,20240123,8,4.9,True,0.0,training_fact_sla_export.csv,2026-06-23T00:00:00,1158
SLA001159,WO004353,C002,SV6,A003,P4,20240409,20240414,20240414,120,107.16,True,0.0,training_fact_sla_export.csv,2026-06-23T00:00:00,1159
SLA001160,WO002726,C010,SV5,A006,P2,20240826,20240827,20240827,24,10.97,True,0.0,training_fact_sla_export.csv,2026-06-23T00:00:00,1160
SLA001161,WO002639,C017,SV1,A002,P3,20240930,20241003,20241002,72,45.08,True,0.0,training_fact_sla_export.csv,2026-06-23T00:00:00,1161
SLA001162,WO003628,C018,SV6,A001,P3,20240511,20240514,20240514,72,57.17,True,0.0,training_fact_sla_export.csv,2026-06-23T00:00:00,1162
SLA001163,WO002494,C005,SV7,A003,P3,20240118,20240121,20240120,72,42.59,True,0.0,training_fact_sla_export.csv,2026-06-23T00:00:00,1163
SLA001164,WO003282,C011,SV2,A003,P4,20240123,20240128,20240129,120,123.54,False,3.54,training_fact_sla_export.csv,2026-06-23T00:00:00,1164
SLA001165,WO002016,C010,SV3,A006,P3,20241230,20250102,20241231,72,82.17,False,10.17,training_fact_sla_export.csv,2026-06-23T00:00:00,1165
SLA001166,WO000083,C007,SV8,A005,P3,20241127,20241130,20241129,72,32.19,True,0.0,training_fact_sla_export.csv,2026-06-23T00:00:00,1166
SLA001167,WO000551,C017,SV1,A006,P3,20241224,20241227,20241227,72,56.06,True,0.0,training_fact_sla_export.csv,2026-06-23T00:00:00,1167
SLA001168,WO000504,C015,SV2,A001,P3,20240414,20240417,20240415,72,21.06,True,0.0,training_fact_sla_export.csv,2026-06-23T00:00:00,1168
SLA001169,WO002337,C002,SV8,A001,P2,20241025,20241026,20241026,24,13.14,True,0.0,training_fact_sla_export.csv,2026-06-23T00:00:00,1169
SLA001170,WO002551,C018,SV3,A003,P4,20240307,20240312,20240310,120,48.67,True,0.0,training_fact_sla_export.csv,2026-06-23T00:00:00,1170
SLA001171,WO003965,C008,SV5,A001,P3,20241219,20241222,20241221,72,29.2,True,0.0,training_fact_sla_export.csv,2026-06-23T00:00:00,1171
SLA001172,WO004753,C018,SV6,A003,P2,20240416,20240417,20240417,24,13.17,True,0.0,training_fact_sla_export.csv,2026-06-23T00:00:00,1172
SLA001173,WO003898,C016,SV6,A001,P3,20241214,20241217,20241217,72,70.9,True,0.0,training_fact_sla_export.csv,2026-06-23T00:00:00,1173
SLA001174,WO001343,C010,SV4,A003,P2,20240327,20240328,20240329,24,35.97,False,11.97,training_fact_sla_export.csv,2026-06-23T00:00:00,1174
SLA001175,WO003255,C014,SV4,A001,P3,20240625,20240628,20240627,72,29.76,True,0.0,training_fact_sla_export.csv,2026-06-23T00:00:00,1175
SLA001176,WO001342,C009,SV2,A004,P2,20240813,20240814,20240814,24,17.04,True,0.0,training_fact_sla_export.csv,2026-06-23T00:00:00,1176
SLA001177,WO003703,C016,SV8,A003,P2,20240411,20240412,20240412,24,12.13,True,0.0,training_fact_sla_export.csv,2026-06-23T00:00:00,1177
SLA001178,WO002009,C003,SV2,A003,P1,20240117,20240117,20240118,8,12.1,False,4.1,training_fact_sla_export.csv,2026-06-23T00:00:00,1178
SLA001179,WO004874,C013,SV8,A006,P3,20240529,20240601,20240531,72,40.54,True,0.0,training_fact_sla_export.csv,2026-06-23T00:00:00,1179
SLA001180,WO002495,C001,SV5,A006,P3,20240614,20240617,20240619,72,97.05,False,25.05,training_fact_sla_export.csv,2026-06-23T00:00:00,1180
SLA001181,WO000963,C015,SV6,A006,P3,20240103,20240106,20240105,72,33.11,True,0.0,training_fact_sla_export.csv,2026-06-23T00:00:00,1181
SLA001182,WO000937,C019,SV8,A003,P2,20240115,20240116,20240117,24,27.74,False,3.74,training_fact_sla_export.csv,2026-06-23T00:00:00,1182
SLA001183,WO003064,C016,SV2,A001,P1,20241011,20241011,20241012,8,5.56,True,0.0,training_fact_sla_export.csv,2026-06-23T00:00:00,1183
SLA001184,WO004635,C015,SV3,A005,P3,20240221,20240224,20240226,72,97.38,False,25.38,training_fact_sla_export.csv,2026-06-23T00:00:00,1184
SLA001185,WO003491,C017,SV1,A004,P3,20241208,20241211,20241211,72,64.71,True,0.0,training_fact_sla_export.csv,2026-06-23T00:00:00,1185
SLA001186,WO002384,C012,SV3,A005,P2,20241117,20241118,20241118,24,12.45,True,0.0,training_fact_sla_export.csv,2026-06-23T00:00:00,1186
SLA001187,WO002435,C013,SV6,A003,P3,20240718,20240721,20240720,72,33.06,True,0.0,training_fact_sla_export.csv,2026-06-23T00:00:00,1187
SLA001188,WO002565,C012,SV8,A003,P3,20241008,20241011,20241010,72,35.21,True,0.0,training_fact_sla_export.csv,2026-06-23T00:00:00,1188
SLA001189,WO004249,C010,SV3,A004,P1,20240616,20240616,20240617,8,3.83,True,0.0,training_fact_sla_export.csv,2026-06-23T00:00:00,1189
SLA001190,WO001657,C001,SV8,A004,P3,20240929,20241002,20241001,72,34.84,True,0.0,training_fact_sla_export.csv,2026-06-23T00:00:00,1190
SLA001191,WO002808,C002,SV2,A005,P4,20240813,20240818,20240819,120,130.85,False,10.85,training_fact_sla_export.csv,2026-06-23T00:00:00,1191
SLA001192,WO001538,C010,SV8,A003,P2,20240321,20240322,20240322,24,20.17,True,0.0,training_fact_sla_export.csv,2026-06-23T00:00:00,1192
SLA001193,WO000228,C006,SV1,A001,P3,20240328,20240331,20240403,72,129.17,False,57.17,training_fact_sla_export.csv,2026-06-23T00:00:00,1193
SLA001194,WO001978,C019,SV6,A005,P2,20240828,20240829,20240829,24,16.04,True,0.0,training_fact_sla_export.csv,2026-06-23T00:00:00,1194
SLA001195,WO002979,C020,SV2,A006,P2,20241217,20241218,20241218,24,18.4,True,0.0,training_fact_sla_export.csv,2026-06-23T00:00:00,1195
SLA001196,WO004357,C010,SV2,A006,P2,20240226,20240227,20240227,24,17.93,True,0.0,training_fact_sla_export.csv,2026-06-23T00:00:00,1196
SLA001197,WO004933,C014,SV8,A001,P3,20241001,20241004,20241004,72,57.9,True,0.0,training_fact_sla_export.csv,2026-06-23T00:00:00,1197
SLA001198,WO000976,C012,SV6,A003,P2,20240924,20240925,20240926,24,29.76,False,5.76,training_fact_sla_export.csv,2026-06-23T00:00:00,1198
SLA001199,WO003194,C005,SV3,A006,P2,20240106,20240107,20240107,24,12.63,True,0.0,training_fact_sla_export.csv,2026-06-23T00:00:00,1199
SLA001200,WO002209,C008,SV8,A005,P3,20241207,20241210,20241211,72,78.55,False,6.55,training_fact_sla_export.csv,2026-06-23T00:00:00,1200
SLA001201,WO003566,C008,SV1,A001,P3,20241010,20241013,20241011,72,18.35,True,0.0,training_fact_sla_export.csv,2026-06-23T00:00:00,1201
SLA001202,WO004876,C003,SV3,A003,P3,20240831,20240903,20240903,72,60.54,True,0.0,training_fact_sla_export.csv,2026-06-23T00:00:00,1202
SLA001203,WO003583,C001,SV3,A003,P4,20240317,20240322,20240320,120,49.47,True,0.0,training_fact_sla_export.csv,2026-06-23T00:00:00,1203
SLA001204,WO003378,C007,SV2,A002,P1,20241106,20241106,20241107,8,5.23,True,0.0,training_fact_sla_export.csv,2026-06-23T00:00:00,1204
SLA001205,WO000587,C019,SV2,A005,P2,20240210,20240211,20240211,24,15.51,True,0.0,training_fact_sla_export.csv,2026-06-23T00:00:00,1205
SLA001206,WO002344,C002,SV5,A003,P2,20241002,20241003,20241004,24,44.26,False,20.26,training_fact_sla_export.csv,2026-06-23T00:00:00,1206
SLA001207,WO000477,C011,SV6,A003,P3,20240823,20240826,20240826,72,59.2,True,0.0,training_fact_sla_export.csv,2026-06-23T00:00:00,1207
SLA001208,WO003861,C012,SV6,A002,P4,20240823,20240828,20240828,120,99.8,True,0.0,training_fact_sla_export.csv,2026-06-23T00:00:00,1208
SLA001209,WO004755,C014,SV3,A001,P2,20240219,20240220,20240220,24,19.0,True,0.0,training_fact_sla_export.csv,2026-06-23T00:00:00,1209
SLA001210,WO002008,C020,SV8,A001,P4,20241013,20241018,20241018,120,118.58,True,0.0,training_fact_sla_export.csv,2026-06-23T00:00:00,1210
SLA001211,WO004161,C008,SV3,A002,P2,20241107,20241108,20241108,24,14.1,True,0.0,training_fact_sla_export.csv,2026-06-23T00:00:00,1211
SLA001212,WO003683,C008,SV3,A003,P3,20241104,20241107,20241107,72,59.3,True,0.0,training_fact_sla_export.csv,2026-06-23T00:00:00,1212
SLA001213,WO004433,C011,SV8,A005,P3,20240508,20240511,20240511,72,63.25,True,0.0,training_fact_sla_export.csv,2026-06-23T00:00:00,1213
SLA001214,WO004724,C018,SV2,A003,P2,20240522,20240523,20240523,24,12.55,True,0.0,training_fact_sla_export.csv,2026-06-23T00:00:00,1214
SLA001215,WO001537,C012,SV6,A002,P3,20240829,20240901,20240831,72,41.9,True,0.0,training_fact_sla_export.csv,2026-06-23T00:00:00,1215
SLA001216,WO003025,C001,SV6,A005,P1,20240718,20240718,20240719,8,1.83,True,0.0,training_fact_sla_export.csv,2026-06-23T00:00:00,1216
SLA001217,WO002187,C009,SV4,A002,P1,20240107,20240107,20240108,8,5.6,True,0.0,training_fact_sla_export.csv,2026-06-23T00:00:00,1217
SLA001218,WO000983,C011,SV4,A003,P3,20240217,20240220,20240220,72,71.77,True,0.0,training_fact_sla_export.csv,2026-06-23T00:00:00,1218
SLA001219,WO004512,C018,SV4,A005,P1,20240407,20240407,20240408,8,13.38,False,5.38,training_fact_sla_export.csv,2026-06-23T00:00:00,1219
SLA001220,WO001938,C014,SV4,A006,P2,20240331,20240401,20240401,24,10.63,True,0.0,training_fact_sla_export.csv,2026-06-23T00:00:00,1220
SLA001221,WO003677,C014,SV8,A006,P4,20240423,20240428,20240426,120,52.69,True,0.0,training_fact_sla_export.csv,2026-06-23T00:00:00,1221
SLA001222,WO001286,C007,SV8,A001,P1,20241010,20241010,20241011,8,16.05,False,8.05,training_fact_sla_export.csv,2026-06-23T00:00:00,1222
SLA001223,WO002252,C015,SV7,A005,P4,20240929,20241004,20240930,120,23.48,True,0.0,training_fact_sla_export.csv,2026-06-23T00:00:00,1223
SLA001224,WO004616,C002,SV1,A003,P4,20240427,20240502,20240430,120,65.49,True,0.0,training_fact_sla_export.csv,2026-06-23T00:00:00,1224
SLA001225,WO001229,C004,SV4,A005,P2,20241008,20241009,20241009,24,5.05,True,0.0,training_fact_sla_export.csv,2026-06-23T00:00:00,1225
SLA001226,WO004854,C005,SV5,A003,P3,20240517,20240520,20240519,72,34.23,True,0.0,training_fact_sla_export.csv,2026-06-23T00:00:00,1226
SLA001227,WO003130,C010,SV2,A003,P2,20241117,20241118,20241118,24,20.11,True,0.0,training_fact_sla_export.csv,2026-06-23T00:00:00,1227
SLA001228,WO000706,C002,SV5,A002,P4,20240506,20240511,20240511,120,104.59,True,0.0,training_fact_sla_export.csv,2026-06-23T00:00:00,1228
SLA001229,WO000974,C011,SV7,A004,P3,20240314,20240317,20240317,72,66.26,True,0.0,training_fact_sla_export.csv,2026-06-23T00:00:00,1229
SLA001230,WO004207,C018,SV2,A001,P4,20241110,20241115,20241117,120,164.57,False,44.57,training_fact_sla_export.csv,2026-06-23T00:00:00,1230
SLA001231,WO000539,C008,SV6,A001,P2,20240714,20240715,20240716,24,33.23,False,9.23,training_fact_sla_export.csv,2026-06-23T00:00:00,1231
SLA001232,WO003588,C001,SV3,A006,P4,20240116,20240121,20240119,120,70.75,True,0.0,training_fact_sla_export.csv,2026-06-23T00:00:00,1232
SLA001233,WO004151,C006,SV5,A005,P4,20240330,20240404,20240403,120,81.92,True,0.0,training_fact_sla_export.csv,2026-06-23T00:00:00,1233
SLA001234,WO001056,C002,SV6,A005,P3,20240412,20240415,20240414,72,42.63,True,0.0,training_fact_sla_export.csv,2026-06-23T00:00:00,1234
SLA001235,WO000586,C013,SV3,A003,P3,20241118,20241121,20241120,72,47.52,True,0.0,training_fact_sla_export.csv,2026-06-23T00:00:00,1235
SLA001236,WO001993,C016,SV4,A001,P4,20240601,20240606,20240605,120,90.87,True,0.0,training_fact_sla_export.csv,2026-06-23T00:00:00,1236
SLA001237,WO003928,C006,SV7,A002,P3,20240730,20240802,20240802,72,58.99,True,0.0,training_fact_sla_export.csv,2026-06-23T00:00:00,1237
SLA001238,WO001896,C006,SV4,A003,P2,20240401,20240402,20240402,24,15.72,True,0.0,training_fact_sla_export.csv,2026-06-23T00:00:00,1238
SLA001239,WO004285,C007,SV4,A004,P1,20241125,20241125,20241126,8,5.1,True,0.0,training_fact_sla_export.csv,2026-06-23T00:00:00,1239
SLA001240,WO002326,C008,SV2,A004,P3,20240422,20240425,20240425,72,61.84,True,0.0,training_fact_sla_export.csv,2026-06-23T00:00:00,1240
SLA001241,WO000052,C014,SV2,A001,P4,20240801,20240806,20240804,120,56.2,True,0.0,training_fact_sla_export.csv,2026-06-23T00:00:00,1241
SLA001242,WO002638,C007,SV2,A005,P3,20240304,20240307,20240306,72,35.47,True,0.0,training_fact_sla_export.csv,2026-06-23T00:00:00,1242
SLA001243,WO000851,C008,SV4,A003,P2,20240220,20240221,20240221,24,8.06,True,0.0,training_fact_sla_export.csv,2026-06-23T00:00:00,1243
SLA001244,WO003545,C018,SV1,A001,P3,20240410,20240413,20240413,72,57.27,True,0.0,training_fact_sla_export.csv,2026-06-23T00:00:00,1244
SLA001245,WO004096,C016,SV7,A006,P4,20241004,20241009,20241008,120,85.48,True,0.0,training_fact_sla_export.csv,2026-06-23T00:00:00,1245
SLA001246,WO000640,C019,SV3,A006,P3,20240926,20240929,20240929,72,51.5,True,0.0,training_fact_sla_export.csv,2026-06-23T00:00:00,1246
SLA001247,WO001971,C008,SV2,A003,P2,20241006,20241007,20241007,24,9.23,True,0.0,training_fact_sla_export.csv,2026-06-23T00:00:00,1247
SLA001248,WO003385,C019,SV4,A001,P1,20241208,20241208,20241209,8,3.63,True,0.0,training_fact_sla_export.csv,2026-06-23T00:00:00,1248
SLA001249,WO003237,C006,SV1,A003,P4,20240402,20240407,20240405,120,57.02,True,0.0,training_fact_sla_export.csv,2026-06-23T00:00:00,1249
SLA001250,WO004358,C007,SV2,A006,P3,20241203,20241206,20241207,72,74.45,False,2.45,training_fact_sla_export.csv,2026-06-23T00:00:00,1250
SLA001251,WO002186,C020,SV1,A005,P2,20240306,20240307,20240308,24,35.02,False,11.02,training_fact_sla_export.csv,2026-06-23T00:00:00,1251
SLA001252,WO004001,C005,SV2,A003,P3,20241211,20241214,20241213,72,37.01,True,0.0,training_fact_sla_export.csv,2026-06-23T00:00:00,1252
SLA001253,WO004225,C017,SV8,A003,P4,20241127,20241202,20241204,120,153.42,False,33.42,training_fact_sla_export.csv,2026-06-23T00:00:00,1253
SLA001254,WO001428,C017,SV3,A003,P4,20240224,20240229,20240228,120,72.71,True,0.0,training_fact_sla_export.csv,2026-06-23T00:00:00,1254
SLA001255,WO004812,C019,SV3,A005,P2,20240523,20240524,20240524,24,22.48,True,0.0,training_fact_sla_export.csv,2026-06-23T00:00:00,1255
SLA001256,WO002288,C017,SV5,A002,P2,20240526,20240527,20240527,24,23.2,True,0.0,training_fact_sla_export.csv,2026-06-23T00:00:00,1256
SLA001257,WO002658,C017,SV6,A001,P3,20240714,20240717,20240718,72,81.39,False,9.39,training_fact_sla_export.csv,2026-06-23T00:00:00,1257
SLA001258,WO001301,C008,SV6,A003,P2,20241003,20241004,20241004,24,22.61,True,0.0,training_fact_sla_export.csv,2026-06-23T00:00:00,1258
SLA001259,WO000251,C012,SV7,A004,P3,20241007,20241010,20241011,72,82.05,False,10.05,training_fact_sla_export.csv,2026-06-23T00:00:00,1259
SLA001260,WO003432,C012,SV5,A004,P3,20241109,20241112,20241113,72,91.26,False,19.26,training_fact_sla_export.csv,2026-06-23T00:00:00,1260
SLA001261,WO001279,C006,SV5,A005,P2,20240821,20240822,20240823,24,40.96,False,16.96,training_fact_sla_export.csv,2026-06-23T00:00:00,1261
SLA001262,WO000318,C008,SV2,A006,P3,20241010,20241013,20241011,72,21.83,True,0.0,training_fact_sla_export.csv,2026-06-23T00:00:00,1262
SLA001263,WO003424,C018,SV1,A004,P4,20240710,20240715,20240713,120,66.9,True,0.0,training_fact_sla_export.csv,2026-06-23T00:00:00,1263
SLA001264,WO000334,C001,SV7,A006,P4,20241009,20241014,20241011,120,45.61,True,0.0,training_fact_sla_export.csv,2026-06-23T00:00:00,1264
SLA001265,WO000927,C002,SV2,A002,P3,20241222,20241225,20241225,72,69.9,True,0.0,training_fact_sla_export.csv,2026-06-23T00:00:00,1265
SLA001266,WO000404,C009,SV4,A001,P3,20240829,20240901,20240901,72,52.86,True,0.0,training_fact_sla_export.csv,2026-06-23T00:00:00,1266
SLA001267,WO000237,C016,SV3,A004,P2,20241113,20241114,20241114,24,13.39,True,0.0,training_fact_sla_export.csv,2026-06-23T00:00:00,1267
SLA001268,WO004546,C018,SV1,A002,P2,20240214,20240215,20240215,24,10.5,True,0.0,training_fact_sla_export.csv,2026-06-23T00:00:00,1268
SLA001269,WO002381,C014,SV5,A005,P2,20240324,20240325,20240325,24,19.96,True,0.0,training_fact_sla_export.csv,2026-06-23T00:00:00,1269
SLA001270,WO000117,C018,SV5,A003,P4,20240707,20240712,20240714,120,163.94,False,43.94,training_fact_sla_export.csv,2026-06-23T00:00:00,1270
SLA001271,WO002113,C003,SV5,A005,P1,20241225,20241225,20241226,8,3.64,True,0.0,training_fact_sla_export.csv,2026-06-23T00:00:00,1271
SLA001272,WO003988,C003,SV5,A001,P3,20241211,20241214,20241214,72,53.67,True,0.0,training_fact_sla_export.csv,2026-06-23T00:00:00,1272
SLA001273,WO001636,C011,SV7,A003,P1,20240520,20240520,20240521,8,5.58,True,0.0,training_fact_sla_export.csv,2026-06-23T00:00:00,1273
SLA001274,WO001199,C007,SV8,A004,P3,20240727,20240730,20240803,72,154.02,False,82.02,training_fact_sla_export.csv,2026-06-23T00:00:00,1274
SLA001275,WO001576,C018,SV1,A006,P2,20240202,20240203,20240203,24,8.85,True,0.0,training_fact_sla_export.csv,2026-06-23T00:00:00,1275
SLA001276,WO003606,C002,SV6,A003,P2,20240808,20240809,20240809,24,6.95,True,0.0,training_fact_sla_export.csv,2026-06-23T00:00:00,1276
SLA001277,WO004982,C008,SV8,A003,P3,20240221,20240224,20240225,72,89.78,False,17.78,training_fact_sla_export.csv,2026-06-23T00:00:00,1277
SLA001278,WO001677,C006,SV1,A006,P2,20241101,20241102,20241102,24,16.35,True,0.0,training_fact_sla_export.csv,2026-06-23T00:00:00,1278
SLA001279,WO002491,C012,SV3,A006,P3,20240417,20240420,20240420,72,66.77,True,0.0,training_fact_sla_export.csv,2026-06-23T00:00:00,1279
SLA001280,WO003708,C006,SV2,A005,P3,20240911,20240914,20240913,72,33.69,True,0.0,training_fact_sla_export.csv,2026-06-23T00:00:00,1280
SLA001281,WO003782,C019,SV1,A006,P2,20241130,20241201,20241201,24,15.03,True,0.0,training_fact_sla_export.csv,2026-06-23T00:00:00,1281
SLA001282,WO002348,C002,SV1,A006,P2,20240810,20240811,20240811,24,19.73,True,0.0,training_fact_sla_export.csv,2026-06-23T00:00:00,1282
SLA001283,WO003444,C002,SV2,A005,P2,20241019,20241020,20241020,24,9.1,True,0.0,training_fact_sla_export.csv,2026-06-23T00:00:00,1283
SLA001284,WO000095,C018,SV1,A004,P2,20240824,20240825,20240826,24,31.13,False,7.13,training_fact_sla_export.csv,2026-06-23T00:00:00,1284
SLA001285,WO004870,C011,SV4,A004,P1,20240722,20240722,20240723,8,3.4,True,0.0,training_fact_sla_export.csv,2026-06-23T00:00:00,1285
SLA001286,WO000971,C017,SV3,A003,P3,20240930,20241003,20241003,72,53.07,True,0.0,training_fact_sla_export.csv,2026-06-23T00:00:00,1286
SLA001287,WO000453,C010,SV1,A001,P4,20241107,20241112,20241111,120,82.97,True,0.0,training_fact_sla_export.csv,2026-06-23T00:00:00,1287
SLA001288,WO002290,C019,SV3,A003,P4,20241014,20241019,20241019,120,98.86,True,0.0,training_fact_sla_export.csv,2026-06-23T00:00:00,1288
SLA001289,WO002140,C010,SV5,A003,P1,20240605,20240605,20240606,8,10.4,False,2.4,training_fact_sla_export.csv,2026-06-23T00:00:00,1289
SLA001290,WO000178,C015,SV7,A005,P2,20240827,20240828,20240828,24,13.28,True,0.0,training_fact_sla_export.csv,2026-06-23T00:00:00,1290
SLA001291,WO003054,C020,SV4,A006,P2,20241219,20241220,20241221,24,27.05,False,3.05,training_fact_sla_export.csv,2026-06-23T00:00:00,1291
SLA001292,WO004670,C016,SV3,A004,P3,20240921,20240924,20240923,72,30.51,True,0.0,training_fact_sla_export.csv,2026-06-23T00:00:00,1292
SLA001293,WO004596,C006,SV4,A003,P1,20241119,20241119,20241120,8,4.35,True,0.0,training_fact_sla_export.csv,2026-06-23T00:00:00,1293
SLA001294,WO000610,C016,SV2,A002,P3,20241116,20241119,20241122,72,137.98,False,65.98,training_fact_sla_export.csv,2026-06-23T00:00:00,1294
SLA001295,WO004740,C008,SV1,A005,P4,20241018,20241023,20241021,120,70.84,True,0.0,training_fact_sla_export.csv,2026-06-23T00:00:00,1295
SLA001296,WO002138,C014,SV2,A001,P2,20240828,20240829,20240830,24,42.74,False,18.74,training_fact_sla_export.csv,2026-06-23T00:00:00,1296
SLA001297,WO004142,C014,SV7,A005,P1,20240807,20240807,20240808,8,8.63,False,0.63,training_fact_sla_export.csv,2026-06-23T00:00:00,1297
SLA001298,WO004653,C004,SV2,A005,P4,20240803,20240808,20240807,120,95.45,True,0.0,training_fact_sla_export.csv,2026-06-23T00:00:00,1298
SLA001299,WO003307,C006,SV5,A002,P3,20240612,20240615,20240617,72,110.91,False,38.91,training_fact_sla_export.csv,2026-06-23T00:00:00,1299
SLA001300,WO002529,C004,SV8,A005,P3,20240130,20240202,20240201,72,35.6,True,0.0,training_fact_sla_export.csv,2026-06-23T00:00:00,1300
SLA001301,WO001779,C002,SV2,A002,P1,20240115,20240115,20240116,8,8.9,False,0.9,training_fact_sla_export.csv,2026-06-23T00:00:00,1301
SLA001302,WO002125,C011,SV4,A004,P1,20241204,20241204,20241205,8,10.21,False,2.21,training_fact_sla_export.csv,2026-06-23T00:00:00,1302
SLA001303,WO000624,C005,SV8,A001,P1,20240222,20240222,20240223,8,5.52,True,0.0,training_fact_sla_export.csv,2026-06-23T00:00:00,1303
SLA001304,WO003405,C014,SV1,A005,P3,20240422,20240425,20240426,72,75.21,False,3.21,training_fact_sla_export.csv,2026-06-23T00:00:00,1304
SLA001305,WO000245,C005,SV6,A002,P2,20240429,20240430,20240430,24,13.79,True,0.0,training_fact_sla_export.csv,2026-06-23T00:00:00,1305
SLA001306,WO002590,C001,SV7,A003,P3,20240218,20240221,20240221,72,51.73,True,0.0,training_fact_sla_export.csv,2026-06-23T00:00:00,1306
SLA001307,WO000159,C003,SV6,A003,P2,20240904,20240905,20240905,24,8.43,True,0.0,training_fact_sla_export.csv,2026-06-23T00:00:00,1307
SLA001308,WO002396,C011,SV7,A001,P3,20240513,20240516,20240515,72,45.27,True,0.0,training_fact_sla_export.csv,2026-06-23T00:00:00,1308
SLA001309,WO001002,C003,SV2,A001,P3,20240830,20240902,20240903,72,73.0,False,1.0,training_fact_sla_export.csv,2026-06-23T00:00:00,1309
SLA001310,WO000764,C018,SV8,A004,P4,20240114,20240119,20240120,120,138.13,False,18.13,training_fact_sla_export.csv,2026-06-23T00:00:00,1310
SLA001311,WO003607,C015,SV5,A002,P2,20240926,20240927,20240927,24,17.28,True,0.0,training_fact_sla_export.csv,2026-06-23T00:00:00,1311
SLA001312,WO000312,C003,SV5,A001,P1,20240330,20240330,20240331,8,3.17,True,0.0,training_fact_sla_export.csv,2026-06-23T00:00:00,1312
SLA001313,WO002582,C018,SV3,A004,P2,20240415,20240416,20240416,24,11.65,True,0.0,training_fact_sla_export.csv,2026-06-23T00:00:00,1313
SLA001314,WO002629,C007,SV5,A006,P4,20240415,20240420,20240418,120,54.52,True,0.0,training_fact_sla_export.csv,2026-06-23T00:00:00,1314
SLA001315,WO001621,C018,SV6,A003,P3,20240929,20241002,20241002,72,66.79,True,0.0,training_fact_sla_export.csv,2026-06-23T00:00:00,1315
SLA001316,WO001457,C020,SV5,A005,P1,20241101,20241101,20241102,8,4.92,True,0.0,training_fact_sla_export.csv,2026-06-23T00:00:00,1316
SLA001317,WO001572,C006,SV4,A002,P3,20240411,20240414,20240415,72,95.93,False,23.93,training_fact_sla_export.csv,2026-06-23T00:00:00,1317
SLA001318,WO000270,C007,SV8,A002,P3,20241109,20241112,20241112,72,57.0,True,0.0,training_fact_sla_export.csv,2026-06-23T00:00:00,1318
SLA001319,WO003083,C003,SV6,A005,P3,20240408,20240411,20240411,72,62.55,True,0.0,training_fact_sla_export.csv,2026-06-23T00:00:00,1319
SLA001320,WO004759,C001,SV7,A006,P3,20241006,20241009,20241008,72,25.36,True,0.0,training_fact_sla_export.csv,2026-06-23T00:00:00,1320
SLA001321,WO003280,C011,SV4,A003,P2,20240227,20240228,20240229,24,24.94,False,0.94,training_fact_sla_export.csv,2026-06-23T00:00:00,1321
SLA001322,WO003561,C014,SV8,A001,P3,20240407,20240410,20240410,72,68.88,True,0.0,training_fact_sla_export.csv,2026-06-23T00:00:00,1322
SLA001323,WO000626,C012,SV2,A006,P1,20240210,20240210,20240211,8,9.81,False,1.81,training_fact_sla_export.csv,2026-06-23T00:00:00,1323
SLA001324,WO000553,C020,SV4,A005,P2,20240719,20240720,20240720,24,17.19,True,0.0,training_fact_sla_export.csv,2026-06-23T00:00:00,1324
SLA001325,WO003505,C003,SV4,A001,P3,20240621,20240624,20240624,72,64.26,True,0.0,training_fact_sla_export.csv,2026-06-23T00:00:00,1325
SLA001326,WO002531,C005,SV7,A006,P3,20240822,20240825,20240826,72,80.91,False,8.91,training_fact_sla_export.csv,2026-06-23T00:00:00,1326
SLA001327,WO003528,C018,SV7,A001,P4,20240102,20240107,20240107,120,99.49,True,0.0,training_fact_sla_export.csv,2026-06-23T00:00:00,1327
SLA001328,WO004618,C005,SV3,A001,P3,20240705,20240708,20240711,72,126.99,False,54.99,training_fact_sla_export.csv,2026-06-23T00:00:00,1328
SLA001329,WO003304,C008,SV6,A005,P4,20240122,20240127,20240128,120,129.6,False,9.6,training_fact_sla_export.csv,2026-06-23T00:00:00,1329
SLA001330,WO002011,C009,SV2,A003,P1,20240109,20240109,20240110,8,4.98,True,0.0,training_fact_sla_export.csv,2026-06-23T00:00:00,1330
SLA001331,WO004366,C005,SV4,A005,P3,20240114,20240117,20240117,72,61.15,True,0.0,training_fact_sla_export.csv,2026-06-23T00:00:00,1331
SLA001332,WO004138,C011,SV7,A002,P1,20240209,20240209,20240210,8,8.64,False,0.64,training_fact_sla_export.csv,2026-06-23T00:00:00,1332
SLA001333,WO003180,C016,SV5,A003,P3,20240117,20240120,20240119,72,31.6,True,0.0,training_fact_sla_export.csv,2026-06-23T00:00:00,1333
SLA001334,WO004147,C017,SV8,A003,P3,20241114,20241117,20241116,72,38.64,True,0.0,training_fact_sla_export.csv,2026-06-23T00:00:00,1334
SLA001335,WO000631,C010,SV5,A001,P4,20241015,20241020,20241018,120,54.21,True,0.0,training_fact_sla_export.csv,2026-06-23T00:00:00,1335
SLA001336,WO002832,C020,SV1,A002,P2,20240202,20240203,20240203,24,19.74,True,0.0,training_fact_sla_export.csv,2026-06-23T00:00:00,1336
SLA001337,WO001223,C007,SV1,A002,P4,20240530,20240604,20240601,120,35.72,True,0.0,training_fact_sla_export.csv,2026-06-23T00:00:00,1337
SLA001338,WO000594,C017,SV5,A001,P3,20240908,20240911,20240911,72,51.37,True,0.0,training_fact_sla_export.csv,2026-06-23T00:00:00,1338
SLA001339,WO000011,C018,SV3,A001,P2,20240918,20240919,20240920,24,25.89,False,1.89,training_fact_sla_export.csv,2026-06-23T00:00:00,1339
SLA001340,WO001961,C006,SV4,A005,P4,20241106,20241111,20241110,120,77.86,True,0.0,training_fact_sla_export.csv,2026-06-23T00:00:00,1340
SLA001341,WO001688,C002,SV6,A005,P3,20241206,20241209,20241208,72,29.17,True,0.0,training_fact_sla_export.csv,2026-06-23T00:00:00,1341
SLA001342,WO000163,C016,SV3,A001,P3,20241127,20241130,20241205,72,184.97,False,112.97,training_fact_sla_export.csv,2026-06-23T00:00:00,1342
SLA001343,WO004469,C002,SV4,A002,P2,20240527,20240528,20240528,24,18.83,True,0.0,training_fact_sla_export.csv,2026-06-23T00:00:00,1343
SLA001344,WO003272,C013,SV5,A003,P2,20241026,20241027,20241027,24,12.86,True,0.0,training_fact_sla_export.csv,2026-06-23T00:00:00,1344
SLA001345,WO004640,C010,SV7,A005,P3,20241028,20241031,20241102,72,116.47,False,44.47,training_fact_sla_export.csv,2026-06-23T00:00:00,1345
SLA001346,WO004405,C010,SV6,A001,P1,20240919,20240919,20240920,8,4.97,True,0.0,training_fact_sla_export.csv,2026-06-23T00:00:00,1346
SLA001347,WO004943,C015,SV1,A006,P3,20241130,20241203,20241202,72,30.34,True,0.0,training_fact_sla_export.csv,2026-06-23T00:00:00,1347
SLA001348,WO004792,C013,SV4,A003,P3,20240330,20240402,20240402,72,49.98,True,0.0,training_fact_sla_export.csv,2026-06-23T00:00:00,1348
SLA001349,WO000444,C013,SV6,A004,P3,20241008,20241011,20241017,72,201.25,False,129.25,training_fact_sla_export.csv,2026-06-23T00:00:00,1349
SLA001350,WO000796,C009,SV1,A001,P3,20240703,20240706,20240705,72,38.18,True,0.0,training_fact_sla_export.csv,2026-06-23T00:00:00,1350
SLA001351,WO004299,C014,SV2,A001,P2,20240316,20240317,20240317,24,8.52,True,0.0,training_fact_sla_export.csv,2026-06-23T00:00:00,1351
SLA001352,WO001638,C013,SV1,A005,P3,20240102,20240105,20240105,72,66.33,True,0.0,training_fact_sla_export.csv,2026-06-23T00:00:00,1352
SLA001353,WO002049,C012,SV4,A004,P3,20240527,20240530,20240603,72,155.19,False,83.19,training_fact_sla_export.csv,2026-06-23T00:00:00,1353
SLA001354,WO004600,C015,SV7,A004,P2,20241106,20241107,20241107,24,16.72,True,0.0,training_fact_sla_export.csv,2026-06-23T00:00:00,1354
SLA001355,WO002942,C003,SV1,A001,P4,20240720,20240725,20240727,120,153.35,False,33.35,training_fact_sla_export.csv,2026-06-23T00:00:00,1355
SLA001356,WO000991,C001,SV4,A006,P2,20240720,20240721,20240722,24,30.64,False,6.64,training_fact_sla_export.csv,2026-06-23T00:00:00,1356
SLA001357,WO000525,C001,SV8,A001,P1,20240411,20240411,20240412,8,9.42,False,1.42,training_fact_sla_export.csv,2026-06-23T00:00:00,1357
SLA001358,WO004020,C013,SV4,A002,P4,20240914,20240919,20240917,120,57.6,True,0.0,training_fact_sla_export.csv,2026-06-23T00:00:00,1358
SLA001359,WO001006,C016,SV1,A004,P3,20240417,20240420,20240424,72,166.88,False,94.88,training_fact_sla_export.csv,2026-06-23T00:00:00,1359
SLA001360,WO001893,C004,SV1,A006,P2,20240518,20240519,20240519,24,14.5,True,0.0,training_fact_sla_export.csv,2026-06-23T00:00:00,1360
SLA001361,WO000067,C002,SV7,A003,P2,20240610,20240611,20240612,24,24.38,False,0.38,training_fact_sla_export.csv,2026-06-23T00:00:00,1361
SLA001362,WO001543,C007,SV1,A004,P2,20241222,20241223,20241223,24,14.06,True,0.0,training_fact_sla_export.csv,2026-06-23T00:00:00,1362
SLA001363,WO001579,C016,SV7,A004,P2,20240826,20240827,20240828,24,25.79,False,1.79,training_fact_sla_export.csv,2026-06-23T00:00:00,1363
SLA001364,WO002268,C009,SV4,A003,P3,20240422,20240425,20240425,72,58.38,True,0.0,training_fact_sla_export.csv,2026-06-23T00:00:00,1364
SLA001365,WO000970,C014,SV1,A003,P3,20240219,20240222,20240220,72,21.6,True,0.0,training_fact_sla_export.csv,2026-06-23T00:00:00,1365
SLA001366,WO004143,C020,SV1,A004,P3,20240823,20240826,20240827,72,76.59,False,4.59,training_fact_sla_export.csv,2026-06-23T00:00:00,1366
SLA001367,WO001726,C011,SV5,A005,P3,20240220,20240223,20240222,72,36.38,True,0.0,training_fact_sla_export.csv,2026-06-23T00:00:00,1367
SLA001368,WO000790,C007,SV5,A004,P1,20240124,20240124,20240125,8,11.67,False,3.67,training_fact_sla_export.csv,2026-06-23T00:00:00,1368
SLA001369,WO004910,C001,SV8,A003,P3,20240215,20240218,20240218,72,66.0,True,0.0,training_fact_sla_export.csv,2026-06-23T00:00:00,1369
SLA001370,WO000049,C017,SV3,A004,P3,20241028,20241031,20241102,72,118.89,False,46.89,training_fact_sla_export.csv,2026-06-23T00:00:00,1370
SLA001371,WO004274,C015,SV2,A003,P4,20241130,20241205,20241206,120,143.0,False,23.0,training_fact_sla_export.csv,2026-06-23T00:00:00,1371
SLA001372,WO003472,C007,SV1,A001,P4,20240221,20240226,20240224,120,66.43,True,0.0,training_fact_sla_export.csv,2026-06-23T00:00:00,1372
SLA001373,WO003695,C013,SV1,A004,P3,20240628,20240701,20240706,72,175.1,False,103.1,training_fact_sla_export.csv,2026-06-23T00:00:00,1373
SLA001374,WO004352,C005,SV1,A005,P1,20240928,20240928,20240929,8,4.6,True,0.0,training_fact_sla_export.csv,2026-06-23T00:00:00,1374
SLA001375,WO004090,C014,SV6,A004,P3,20240825,20240828,20240829,72,79.62,False,7.62,training_fact_sla_export.csv,2026-06-23T00:00:00,1375
SLA001376,WO003308,C009,SV6,A005,P2,20241028,20241029,20241031,24,49.08,False,25.08,training_fact_sla_export.csv,2026-06-23T00:00:00,1376
SLA001377,WO004277,C005,SV1,A001,P2,20240406,20240407,20240407,24,13.07,True,0.0,training_fact_sla_export.csv,2026-06-23T00:00:00,1377
SLA001378,WO002033,C002,SV5,A002,P2,20240314,20240315,20240315,24,16.98,True,0.0,training_fact_sla_export.csv,2026-06-23T00:00:00,1378
SLA001379,WO004992,C001,SV6,A006,P2,20240211,20240212,20240212,24,14.43,True,0.0,training_fact_sla_export.csv,2026-06-23T00:00:00,1379
SLA001380,WO002190,C017,SV5,A005,P3,20240311,20240314,20240314,72,63.71,True,0.0,training_fact_sla_export.csv,2026-06-23T00:00:00,1380
SLA001381,WO003992,C002,SV6,A003,P2,20240621,20240622,20240623,24,29.78,False,5.78,training_fact_sla_export.csv,2026-06-23T00:00:00,1381
SLA001382,WO001231,C010,SV4,A003,P1,20240420,20240420,20240421,8,8.87,False,0.87,training_fact_sla_export.csv,2026-06-23T00:00:00,1382
SLA001383,WO003362,C003,SV4,A002,P3,20240712,20240715,20240716,72,76.81,False,4.81,training_fact_sla_export.csv,2026-06-23T00:00:00,1383
SLA001384,WO000861,C014,SV7,A005,P4,20240702,20240707,20240705,120,56.88,True,0.0,training_fact_sla_export.csv,2026-06-23T00:00:00,1384
SLA001385,WO003941,C008,SV5,A003,P3,20241105,20241108,20241107,72,27.71,True,0.0,training_fact_sla_export.csv,2026-06-23T00:00:00,1385
SLA001386,WO003346,C016,SV8,A005,P2,20241129,20241130,20241130,24,17.05,True,0.0,training_fact_sla_export.csv,2026-06-23T00:00:00,1386
SLA001387,WO003281,C002,SV2,A004,P3,20240705,20240708,20240707,72,43.28,True,0.0,training_fact_sla_export.csv,2026-06-23T00:00:00,1387
SLA001388,WO000135,C009,SV5,A005,P4,20241021,20241026,20241024,120,57.93,True,0.0,training_fact_sla_export.csv,2026-06-23T00:00:00,1388
SLA001389,WO004463,C009,SV2,A003,P3,20241009,20241012,20241010,72,17.55,True,0.0,training_fact_sla_export.csv,2026-06-23T00:00:00,1389
SLA001390,WO004959,C010,SV1,A003,P3,20240221,20240224,20240223,72,37.91,True,0.0,training_fact_sla_export.csv,2026-06-23T00:00:00,1390
SLA001391,WO003260,C006,SV1,A005,P2,20241128,20241129,20241130,24,37.41,False,13.41,training_fact_sla_export.csv,2026-06-23T00:00:00,1391
SLA001392,WO002955,C006,SV1,A006,P2,20241209,20241210,20241211,24,34.02,False,10.02,training_fact_sla_export.csv,2026-06-23T00:00:00,1392
SLA001393,WO003147,C020,SV6,A001,P3,20240726,20240729,20240729,72,65.22,True,0.0,training_fact_sla_export.csv,2026-06-23T00:00:00,1393
SLA001394,WO004779,C015,SV6,A006,P2,20240807,20240808,20240809,24,30.58,False,6.58,training_fact_sla_export.csv,2026-06-23T00:00:00,1394
SLA001395,WO002528,C010,SV4,A006,P4,20241008,20241013,20241013,120,105.69,True,0.0,training_fact_sla_export.csv,2026-06-23T00:00:00,1395
SLA001396,WO003053,C017,SV3,A003,P3,20240213,20240216,20240215,72,43.1,True,0.0,training_fact_sla_export.csv,2026-06-23T00:00:00,1396
SLA001397,WO003086,C002,SV3,A002,P3,20240820,20240823,20240824,72,73.78,False,1.78,training_fact_sla_export.csv,2026-06-23T00:00:00,1397
SLA001398,WO002730,C012,SV8,A003,P3,20241127,20241130,20241129,72,40.19,True,0.0,training_fact_sla_export.csv,2026-06-23T00:00:00,1398
SLA001399,WO001290,C014,SV2,A004,P4,20240913,20240918,20240919,120,135.98,False,15.98,training_fact_sla_export.csv,2026-06-23T00:00:00,1399
SLA001400,WO000959,C001,SV6,A001,P2,20240909,20240910,20240910,24,23.45,True,0.0,training_fact_sla_export.csv,2026-06-23T00:00:00,1400
SLA001401,WO000433,C015,SV2,A006,P3,20240906,20240909,20240908,72,32.11,True,0.0,training_fact_sla_export.csv,2026-06-23T00:00:00,1401
SLA001402,WO002647,C015,SV2,A006,P3,20240823,20240826,20240825,72,35.6,True,0.0,training_fact_sla_export.csv,2026-06-23T00:00:00,1402
SLA001403,WO003009,C011,SV3,A004,P3,20240215,20240218,20240221,72,133.08,False,61.08,training_fact_sla_export.csv,2026-06-23T00:00:00,1403
SLA001404,WO003814,C014,SV7,A001,P3,20240617,20240620,20240619,72,43.56,True,0.0,training_fact_sla_export.csv,2026-06-23T00:00:00,1404
SLA001405,WO003918,C019,SV8,A004,P3,20241112,20241115,20241117,72,102.3,False,30.3,training_fact_sla_export.csv,2026-06-23T00:00:00,1405
SLA001406,WO003705,C007,SV4,A004,P2,20240831,20240901,20240902,24,29.49,False,5.49,training_fact_sla_export.csv,2026-06-23T00:00:00,1406
SLA001407,WO001043,C005,SV2,A003,P3,20240216,20240219,20240220,72,75.73,False,3.73,training_fact_sla_export.csv,2026-06-23T00:00:00,1407
SLA001408,WO004785,C009,SV7,A002,P2,20240512,20240513,20240513,24,13.82,True,0.0,training_fact_sla_export.csv,2026-06-23T00:00:00,1408
SLA001409,WO001227,C020,SV6,A004,P2,20240706,20240707,20240708,24,33.66,False,9.66,training_fact_sla_export.csv,2026-06-23T00:00:00,1409
SLA001410,WO001175,C010,SV1,A005,P1,20240414,20240414,20240415,8,13.54,False,5.54,training_fact_sla_export.csv,2026-06-23T00:00:00,1410
SLA001411,WO003615,C019,SV3,A002,P2,20240524,20240525,20240525,24,18.34,True,0.0,training_fact_sla_export.csv,2026-06-23T00:00:00,1411
SLA001412,WO000566,C016,SV3,A003,P4,20241202,20241207,20241205,120,66.33,True,0.0,training_fact_sla_export.csv,2026-06-23T00:00:00,1412
SLA001413,WO002343,C003,SV3,A006,P3,20240517,20240520,20240519,72,35.43,True,0.0,training_fact_sla_export.csv,2026-06-23T00:00:00,1413
SLA001414,WO000058,C014,SV7,A001,P3,20240708,20240711,20240711,72,54.64,True,0.0,training_fact_sla_export.csv,2026-06-23T00:00:00,1414
SLA001415,WO002273,C018,SV5,A005,P3,20241106,20241109,20241109,72,62.12,True,0.0,training_fact_sla_export.csv,2026-06-23T00:00:00,1415
SLA001416,WO003339,C011,SV3,A006,P3,20240411,20240414,20240414,72,51.52,True,0.0,training_fact_sla_export.csv,2026-06-23T00:00:00,1416
SLA001417,WO001853,C007,SV2,A004,P2,20240927,20240928,20240928,24,9.17,True,0.0,training_fact_sla_export.csv,2026-06-23T00:00:00,1417
SLA001418,WO000649,C017,SV2,A003,P1,20240603,20240603,20240604,8,5.24,True,0.0,training_fact_sla_export.csv,2026-06-23T00:00:00,1418
SLA001419,WO002266,C002,SV5,A001,P3,20241218,20241221,20241221,72,69.32,True,0.0,training_fact_sla_export.csv,2026-06-23T00:00:00,1419
SLA001420,WO002532,C018,SV8,A001,P3,20240421,20240424,20240425,72,73.61,False,1.61,training_fact_sla_export.csv,2026-06-23T00:00:00,1420
SLA001421,WO002673,C002,SV1,A004,P4,20240506,20240511,20240510,120,75.04,True,0.0,training_fact_sla_export.csv,2026-06-23T00:00:00,1421
SLA001422,WO003673,C002,SV2,A006,P3,20240119,20240122,20240121,72,31.21,True,0.0,training_fact_sla_export.csv,2026-06-23T00:00:00,1422
SLA001423,WO001525,C011,SV3,A003,P3,20240823,20240826,20240825,72,42.4,True,0.0,training_fact_sla_export.csv,2026-06-23T00:00:00,1423
SLA001424,WO000879,C002,SV3,A005,P3,20240425,20240428,20240428,72,51.35,True,0.0,training_fact_sla_export.csv,2026-06-23T00:00:00,1424
SLA001425,WO001791,C015,SV4,A001,P2,20240709,20240710,20240710,24,21.48,True,0.0,training_fact_sla_export.csv,2026-06-23T00:00:00,1425
SLA001426,WO001117,C010,SV5,A005,P2,20240923,20240924,20240925,24,24.9,False,0.9,training_fact_sla_export.csv,2026-06-23T00:00:00,1426
SLA001427,WO002188,C015,SV2,A006,P3,20240824,20240827,20240826,72,43.11,True,0.0,training_fact_sla_export.csv,2026-06-23T00:00:00,1427
SLA001428,WO003823,C016,SV1,A001,P4,20240524,20240529,20240530,120,143.16,False,23.16,training_fact_sla_export.csv,2026-06-23T00:00:00,1428
SLA001429,WO002737,C016,SV1,A006,P3,20240219,20240222,20240221,72,31.81,True,0.0,training_fact_sla_export.csv,2026-06-23T00:00:00,1429
SLA001430,WO001211,C003,SV6,A003,P4,20240814,20240819,20240817,120,51.95,True,0.0,training_fact_sla_export.csv,2026-06-23T00:00:00,1430
SLA001431,WO001718,C017,SV3,A001,P2,20240206,20240207,20240207,24,22.79,True,0.0,training_fact_sla_export.csv,2026-06-23T00:00:00,1431
SLA001432,WO003433,C018,SV3,A003,P3,20240126,20240129,20240128,72,33.55,True,0.0,training_fact_sla_export.csv,2026-06-23T00:00:00,1432
SLA001433,WO000316,C011,SV3,A002,P2,20240531,20240601,20240601,24,12.48,True,0.0,training_fact_sla_export.csv,2026-06-23T00:00:00,1433
SLA001434,WO003149,C003,SV4,A001,P1,20240820,20240820,20240821,8,11.31,False,3.31,training_fact_sla_export.csv,2026-06-23T00:00:00,1434
SLA001435,WO001067,C015,SV2,A004,P2,20241227,20241228,20241228,24,8.38,True,0.0,training_fact_sla_export.csv,2026-06-23T00:00:00,1435
SLA001436,WO002878,C014,SV5,A004,P2,20241005,20241006,20241007,24,39.11,False,15.11,training_fact_sla_export.csv,2026-06-23T00:00:00,1436
SLA001437,WO004731,C003,SV3,A006,P2,20240127,20240128,20240128,24,14.44,True,0.0,training_fact_sla_export.csv,2026-06-23T00:00:00,1437
SLA001438,WO004276,C017,SV7,A001,P2,20240429,20240430,20240501,24,30.76,False,6.76,training_fact_sla_export.csv,2026-06-23T00:00:00,1438
SLA001439,WO000545,C014,SV5,A001,P3,20241108,20241111,20241113,72,99.78,False,27.78,training_fact_sla_export.csv,2026-06-23T00:00:00,1439
SLA001440,WO001395,C001,SV7,A005,P3,20240922,20240925,20240923,72,23.84,True,0.0,training_fact_sla_export.csv,2026-06-23T00:00:00,1440
SLA001441,WO001988,C013,SV3,A001,P2,20240601,20240602,20240602,24,7.01,True,0.0,training_fact_sla_export.csv,2026-06-23T00:00:00,1441
SLA001442,WO002120,C017,SV8,A001,P4,20240103,20240108,20240106,120,64.92,True,0.0,training_fact_sla_export.csv,2026-06-23T00:00:00,1442
SLA001443,WO003458,C020,SV1,A005,P3,20240813,20240816,20240817,72,81.4,False,9.4,training_fact_sla_export.csv,2026-06-23T00:00:00,1443
SLA001444,WO002860,C017,SV6,A005,P2,20240211,20240212,20240212,24,12.23,True,0.0,training_fact_sla_export.csv,2026-06-23T00:00:00,1444
SLA001445,WO000331,C018,SV4,A003,P3,20241229,20250101,20241231,72,40.56,True,0.0,training_fact_sla_export.csv,2026-06-23T00:00:00,1445
SLA001446,WO001014,C003,SV1,A006,P3,20240607,20240610,20240612,72,111.65,False,39.65,training_fact_sla_export.csv,2026-06-23T00:00:00,1446
SLA001447,WO000153,C001,SV8,A003,P2,20240616,20240617,20240618,24,39.85,False,15.85,training_fact_sla_export.csv,2026-06-23T00:00:00,1447
SLA001448,WO004049,C005,SV4,A002,P3,20241202,20241205,20241205,72,49.95,True,0.0,training_fact_sla_export.csv,2026-06-23T00:00:00,1448
SLA001449,WO002093,C018,SV2,A005,P3,20241124,20241127,20241126,72,31.7,True,0.0,training_fact_sla_export.csv,2026-06-23T00:00:00,1449
SLA001450,WO000985,C018,SV4,A003,P2,20240709,20240710,20240710,24,11.0,True,0.0,training_fact_sla_export.csv,2026-06-23T00:00:00,1450
SLA001451,WO001197,C002,SV6,A002,P3,20240124,20240127,20240127,72,58.93,True,0.0,training_fact_sla_export.csv,2026-06-23T00:00:00,1451
SLA001452,WO001972,C020,SV2,A004,P1,20240315,20240315,20240316,8,11.88,False,3.88,training_fact_sla_export.csv,2026-06-23T00:00:00,1452
SLA001453,WO004751,C005,SV3,A003,P4,20240524,20240529,20240527,120,49.01,True,0.0,training_fact_sla_export.csv,2026-06-23T00:00:00,1453
SLA001454,WO001053,C010,SV7,A002,P4,20240428,20240503,20240501,120,69.17,True,0.0,training_fact_sla_export.csv,2026-06-23T00:00:00,1454
SLA001455,WO002713,C013,SV2,A002,P2,20240926,20240927,20240927,24,20.53,True,0.0,training_fact_sla_export.csv,2026-06-23T00:00:00,1455
SLA001456,WO002278,C003,SV2,A005,P4,20240211,20240216,20240217,120,132.42,False,12.42,training_fact_sla_export.csv,2026-06-23T00:00:00,1456
SLA001457,WO002632,C008,SV2,A002,P2,20240515,20240516,20240517,24,26.36,False,2.36,training_fact_sla_export.csv,2026-06-23T00:00:00,1457
SLA001458,WO002454,C006,SV2,A003,P2,20240605,20240606,20240606,24,11.16,True,0.0,training_fact_sla_export.csv,2026-06-23T00:00:00,1458
SLA001459,WO000297,C008,SV3,A006,P3,20241110,20241113,20241112,72,38.39,True,0.0,training_fact_sla_export.csv,2026-06-23T00:00:00,1459
SLA001460,WO003351,C007,SV4,A005,P3,20241028,20241031,20241104,72,147.59,False,75.59,training_fact_sla_export.csv,2026-06-23T00:00:00,1460
SLA001461,WO004369,C010,SV2,A002,P1,20240116,20240116,20240117,8,3.96,True,0.0,training_fact_sla_export.csv,2026-06-23T00:00:00,1461
SLA001462,WO003956,C013,SV5,A003,P2,20241127,20241128,20241130,24,67.52,False,43.52,training_fact_sla_export.csv,2026-06-23T00:00:00,1462
SLA001463,WO004004,C003,SV4,A003,P1,20240511,20240511,20240512,8,2.21,True,0.0,training_fact_sla_export.csv,2026-06-23T00:00:00,1463
SLA001464,WO001980,C015,SV2,A003,P3,20240826,20240829,20240829,72,59.41,True,0.0,training_fact_sla_export.csv,2026-06-23T00:00:00,1464
SLA001465,WO000219,C003,SV5,A006,P3,20240128,20240131,20240130,72,43.68,True,0.0,training_fact_sla_export.csv,2026-06-23T00:00:00,1465
SLA001466,WO001160,C013,SV4,A004,P2,20241226,20241227,20241227,24,22.22,True,0.0,training_fact_sla_export.csv,2026-06-23T00:00:00,1466
SLA001467,WO000127,C004,SV6,A005,P2,20240727,20240728,20240729,24,27.66,False,3.66,training_fact_sla_export.csv,2026-06-23T00:00:00,1467
SLA001468,WO001009,C018,SV8,A004,P2,20240316,20240317,20240317,24,19.9,True,0.0,training_fact_sla_export.csv,2026-06-23T00:00:00,1468
SLA001469,WO003659,C007,SV8,A005,P1,20240715,20240715,20240716,8,9.57,False,1.57,training_fact_sla_export.csv,2026-06-23T00:00:00,1469
SLA001470,WO003062,C001,SV8,A006,P4,20240111,20240116,20240114,120,65.36,True,0.0,training_fact_sla_export.csv,2026-06-23T00:00:00,1470
SLA001471,WO002453,C003,SV4,A004,P4,20240530,20240604,20240604,120,102.63,True,0.0,training_fact_sla_export.csv,2026-06-23T00:00:00,1471
SLA001472,WO002294,C008,SV4,A003,P1,20240207,20240207,20240208,8,9.99,False,1.99,training_fact_sla_export.csv,2026-06-23T00:00:00,1472
SLA001473,WO002851,C020,SV4,A006,P1,20241231,20241231,20241231,8,5.99,True,0.0,training_fact_sla_export.csv,2026-06-23T00:00:00,1473
SLA001474,WO000074,C006,SV4,A005,P3,20241019,20241022,20241022,72,49.48,True,0.0,training_fact_sla_export.csv,2026-06-23T00:00:00,1474
SLA001475,WO000548,C010,SV3,A005,P3,20240909,20240912,20240912,72,61.38,True,0.0,training_fact_sla_export.csv,2026-06-23T00:00:00,1475
SLA001476,WO002027,C016,SV3,A006,P3,20240926,20240929,20240928,72,28.04,True,0.0,training_fact_sla_export.csv,2026-06-23T00:00:00,1476
SLA001477,WO002937,C005,SV2,A006,P1,20241028,20241028,20241029,8,9.32,False,1.32,training_fact_sla_export.csv,2026-06-23T00:00:00,1477
SLA001478,WO003900,C014,SV5,A004,P4,20240225,20240301,20240301,120,98.57,True,0.0,training_fact_sla_export.csv,2026-06-23T00:00:00,1478
SLA001479,WO002557,C009,SV1,A006,P1,20240818,20240818,20240819,8,8.64,False,0.64,training_fact_sla_export.csv,2026-06-23T00:00:00,1479
SLA001480,WO003363,C018,SV5,A001,P3,20240619,20240622,20240624,72,97.14,False,25.14,training_fact_sla_export.csv,2026-06-23T00:00:00,1480
SLA001481,WO004624,C014,SV7,A001,P4,20240220,20240225,20240227,120,157.08,False,37.08,training_fact_sla_export.csv,2026-06-23T00:00:00,1481
SLA001482,WO004216,C007,SV6,A006,P3,20240810,20240813,20240812,72,42.25,True,0.0,training_fact_sla_export.csv,2026-06-23T00:00:00,1482
SLA001483,WO003938,C010,SV1,A006,P2,20240705,20240706,20240706,24,16.78,True,0.0,training_fact_sla_export.csv,2026-06-23T00:00:00,1483
SLA001484,WO003186,C018,SV7,A001,P3,20240718,20240721,20240723,72,97.26,False,25.26,training_fact_sla_export.csv,2026-06-23T00:00:00,1484
SLA001485,WO000884,C008,SV8,A003,P3,20240924,20240927,20240926,72,47.56,True,0.0,training_fact_sla_export.csv,2026-06-23T00:00:00,1485
SLA001486,WO003470,C011,SV8,A004,P1,20240821,20240821,20240822,8,14.78,False,6.78,training_fact_sla_export.csv,2026-06-23T00:00:00,1486
SLA001487,WO001613,C018,SV4,A003,P3,20240822,20240825,20240826,72,93.85,False,21.85,training_fact_sla_export.csv,2026-06-23T00:00:00,1487
SLA001488,WO000848,C004,SV5,A005,P3,20241001,20241004,20241003,72,32.45,True,0.0,training_fact_sla_export.csv,2026-06-23T00:00:00,1488
SLA001489,WO003036,C017,SV2,A003,P4,20240322,20240327,20240324,120,46.69,True,0.0,training_fact_sla_export.csv,2026-06-23T00:00:00,1489
SLA001490,WO000905,C017,SV4,A004,P4,20240322,20240327,20240324,120,40.0,True,0.0,training_fact_sla_export.csv,2026-06-23T00:00:00,1490
SLA001491,WO002144,C011,SV3,A006,P3,20240203,20240206,20240206,72,52.36,True,0.0,training_fact_sla_export.csv,2026-06-23T00:00:00,1491
SLA001492,WO001752,C005,SV1,A005,P3,20240725,20240728,20240728,72,62.53,True,0.0,training_fact_sla_export.csv,2026-06-23T00:00:00,1492
SLA001493,WO002270,C003,SV6,A001,P3,20240109,20240112,20240111,72,42.45,True,0.0,training_fact_sla_export.csv,2026-06-23T00:00:00,1493
SLA001494,WO004511,C016,SV8,A002,P1,20240107,20240107,20240108,8,1.97,True,0.0,training_fact_sla_export.csv,2026-06-23T00:00:00,1494
SLA001495,WO001309,C008,SV1,A003,P3,20240628,20240701,20240701,72,64.8,True,0.0,training_fact_sla_export.csv,2026-06-23T00:00:00,1495
SLA001496,WO000536,C011,SV4,A005,P3,20240612,20240615,20240613,72,20.45,True,0.0,training_fact_sla_export.csv,2026-06-23T00:00:00,1496
SLA001497,WO001385,C002,SV8,A001,P2,20240121,20240122,20240122,24,10.39,True,0.0,training_fact_sla_export.csv,2026-06-23T00:00:00,1497
SLA001498,WO003411,C011,SV4,A003,P2,20240804,20240805,20240806,24,24.24,False,0.24,training_fact_sla_export.csv,2026-06-23T00:00:00,1498
SLA001499,WO001749,C002,SV1,A004,P3,20240914,20240917,20240916,72,44.62,True,0.0,training_fact_sla_export.csv,2026-06-23T00:00:00,1499
SLA001500,WO002899,C011,SV5,A005,P3,20240704,20240707,20240706,72,38.68,True,0.0,training_fact_sla_export.csv,2026-06-23T00:00:00,1500
SLA001501,WO004172,C017,SV3,A003,P4,20241005,20241010,20241008,120,49.58,True,0.0,training_fact_sla_export.csv,2026-06-23T00:00:00,1501
SLA001502,WO002059,C020,SV5,A003,P1,20240103,20240103,20240104,8,13.0,False,5.0,training_fact_sla_export.csv,2026-06-23T00:00:00,1502
SLA001503,WO000966,C017,SV3,A003,P2,20240220,20240221,20240221,24,7.72,True,0.0,training_fact_sla_export.csv,2026-06-23T00:00:00,1503
SLA001504,WO002000,C012,SV3,A002,P3,20241125,20241128,20241128,72,52.63,True,0.0,training_fact_sla_export.csv,2026-06-23T00:00:00,1504
SLA001505,WO002575,C015,SV7,A005,P3,20240218,20240221,20240222,72,72.41,False,0.41,training_fact_sla_export.csv,2026-06-23T00:00:00,1505
SLA001506,WO003750,C001,SV3,A005,P2,20241102,20241103,20241103,24,21.93,True,0.0,training_fact_sla_export.csv,2026-06-23T00:00:00,1506
SLA001507,WO000189,C014,SV1,A004,P2,20240422,20240423,20240425,24,48.19,False,24.19,training_fact_sla_export.csv,2026-06-23T00:00:00,1507
SLA001508,WO002935,C020,SV3,A005,P1,20241119,20241119,20241120,8,5.29,True,0.0,training_fact_sla_export.csv,2026-06-23T00:00:00,1508
SLA001509,WO003907,C004,SV3,A003,P1,20240508,20240508,20240509,8,2.9,True,0.0,training_fact_sla_export.csv,2026-06-23T00:00:00,1509
SLA001510,WO000401,C006,SV6,A004,P3,20240206,20240209,20240210,72,93.91,False,21.91,training_fact_sla_export.csv,2026-06-23T00:00:00,1510
SLA001511,WO003325,C020,SV5,A006,P2,20241015,20241016,20241016,24,17.64,True,0.0,training_fact_sla_export.csv,2026-06-23T00:00:00,1511
SLA001512,WO004410,C010,SV4,A003,P2,20240813,20240814,20240814,24,19.66,True,0.0,training_fact_sla_export.csv,2026-06-23T00:00:00,1512
SLA001513,WO004798,C015,SV3,A003,P2,20241129,20241130,20241130,24,16.11,True,0.0,training_fact_sla_export.csv,2026-06-23T00:00:00,1513
SLA001514,WO000021,C017,SV1,A003,P4,20241210,20241215,20241213,120,50.19,True,0.0,training_fact_sla_export.csv,2026-06-23T00:00:00,1514
SLA001515,WO001368,C020,SV7,A005,P2,20241031,20241101,20241101,24,12.32,True,0.0,training_fact_sla_export.csv,2026-06-23T00:00:00,1515
SLA001516,WO000061,C002,SV3,A001,P2,20240118,20240119,20240119,24,23.51,True,0.0,training_fact_sla_export.csv,2026-06-23T00:00:00,1516
SLA001517,WO001110,C008,SV2,A004,P1,20241202,20241202,20241203,8,9.64,False,1.64,training_fact_sla_export.csv,2026-06-23T00:00:00,1517
SLA001518,WO002764,C005,SV7,A001,P2,20240125,20240126,20240126,24,19.15,True,0.0,training_fact_sla_export.csv,2026-06-23T00:00:00,1518
SLA001519,WO001559,C017,SV1,A003,P3,20240929,20241002,20241003,72,73.82,False,1.82,training_fact_sla_export.csv,2026-06-23T00:00:00,1519
SLA001520,WO003713,C018,SV2,A005,P3,20240528,20240531,20240530,72,29.38,True,0.0,training_fact_sla_export.csv,2026-06-23T00:00:00,1520
SLA001521,WO003664,C018,SV5,A006,P3,20240601,20240604,20240603,72,46.34,True,0.0,training_fact_sla_export.csv,2026-06-23T00:00:00,1521
SLA001522,WO003982,C003,SV6,A005,P4,20240410,20240415,20240414,120,82.51,True,0.0,training_fact_sla_export.csv,2026-06-23T00:00:00,1522
SLA001523,WO004013,C014,SV1,A006,P2,20240616,20240617,20240618,24,47.85,False,23.85,training_fact_sla_export.csv,2026-06-23T00:00:00,1523
SLA001524,WO003442,C011,SV5,A003,P3,20240205,20240208,20240209,72,87.73,False,15.73,training_fact_sla_export.csv,2026-06-23T00:00:00,1524
SLA001525,WO003033,C015,SV6,A003,P3,20240315,20240318,20240317,72,37.61,True,0.0,training_fact_sla_export.csv,2026-06-23T00:00:00,1525
SLA001526,WO000977,C004,SV1,A006,P4,20240128,20240202,20240131,120,70.44,True,0.0,training_fact_sla_export.csv,2026-06-23T00:00:00,1526
SLA001527,WO000772,C003,SV5,A002,P1,20240210,20240210,20240211,8,5.08,True,0.0,training_fact_sla_export.csv,2026-06-23T00:00:00,1527
SLA001528,WO004761,C008,SV6,A004,P4,20241217,20241222,20241223,120,131.16,False,11.16,training_fact_sla_export.csv,2026-06-23T00:00:00,1528
SLA001529,WO001545,C008,SV2,A005,P4,20240711,20240716,20240713,120,33.3,True,0.0,training_fact_sla_export.csv,2026-06-23T00:00:00,1529
SLA001530,WO004453,C016,SV7,A005,P2,20240903,20240904,20240904,24,14.52,True,0.0,training_fact_sla_export.csv,2026-06-23T00:00:00,1530
SLA001531,WO003425,C004,SV5,A006,P3,20240915,20240918,20240917,72,44.15,True,0.0,training_fact_sla_export.csv,2026-06-23T00:00:00,1531
SLA001532,WO001813,C020,SV3,A003,P3,20240622,20240625,20240626,72,74.24,False,2.24,training_fact_sla_export.csv,2026-06-23T00:00:00,1532
SLA001533,WO004544,C001,SV4,A006,P2,20240406,20240407,20240408,24,24.02,False,0.02,training_fact_sla_export.csv,2026-06-23T00:00:00,1533
SLA001534,WO004830,C012,SV8,A003,P2,20240509,20240510,20240511,24,44.58,False,20.58,training_fact_sla_export.csv,2026-06-23T00:00:00,1534
SLA001535,WO004454,C011,SV6,A002,P1,20240403,20240403,20240404,8,7.71,True,0.0,training_fact_sla_export.csv,2026-06-23T00:00:00,1535
SLA001536,WO002544,C008,SV3,A005,P2,20240901,20240902,20240902,24,15.83,True,0.0,training_fact_sla_export.csv,2026-06-23T00:00:00,1536
SLA001537,WO004626,C003,SV2,A005,P3,20240608,20240611,20240613,72,107.78,False,35.78,training_fact_sla_export.csv,2026-06-23T00:00:00,1537
SLA001538,WO001411,C002,SV3,A003,P2,20240329,20240330,20240330,24,11.14,True,0.0,training_fact_sla_export.csv,2026-06-23T00:00:00,1538
SLA001539,WO004245,C006,SV4,A001,P3,20241128,20241201,20241203,72,98.73,False,26.73,training_fact_sla_export.csv,2026-06-23T00:00:00,1539
SLA001540,WO001464,C009,SV6,A003,P3,20240722,20240725,20240724,72,34.39,True,0.0,training_fact_sla_export.csv,2026-06-23T00:00:00,1540
SLA001541,WO001169,C004,SV3,A003,P3,20241019,20241022,20241022,72,50.61,True,0.0,training_fact_sla_export.csv,2026-06-23T00:00:00,1541
SLA001542,WO001432,C017,SV2,A001,P2,20240919,20240920,20240921,24,24.17,False,0.17,training_fact_sla_export.csv,2026-06-23T00:00:00,1542
SLA001543,WO001096,C020,SV8,A004,P4,20240619,20240624,20240624,120,108.76,True,0.0,training_fact_sla_export.csv,2026-06-23T00:00:00,1543
SLA001544,WO003168,C016,SV7,A005,P3,20240901,20240904,20240903,72,47.3,True,0.0,training_fact_sla_export.csv,2026-06-23T00:00:00,1544
SLA001545,WO003825,C017,SV2,A005,P3,20240830,20240902,20240902,72,53.97,True,0.0,training_fact_sla_export.csv,2026-06-23T00:00:00,1545
SLA001546,WO003644,C008,SV7,A003,P1,20240923,20240923,20240924,8,3.42,True,0.0,training_fact_sla_export.csv,2026-06-23T00:00:00,1546
SLA001547,WO004146,C018,SV5,A002,P4,20240704,20240709,20240708,120,78.87,True,0.0,training_fact_sla_export.csv,2026-06-23T00:00:00,1547
SLA001548,WO002216,C004,SV8,A001,P2,20240124,20240125,20240125,24,19.62,True,0.0,training_fact_sla_export.csv,2026-06-23T00:00:00,1548
SLA001549,WO004153,C013,SV2,A001,P3,20240930,20241003,20241003,72,52.25,True,0.0,training_fact_sla_export.csv,2026-06-23T00:00:00,1549
SLA001550,WO004254,C011,SV8,A001,P2,20240405,20240406,20240406,24,14.75,True,0.0,training_fact_sla_export.csv,2026-06-23T00:00:00,1550
SLA001551,WO000023,C010,SV4,A005,P3,20240317,20240320,20240320,72,63.17,True,0.0,training_fact_sla_export.csv,2026-06-23T00:00:00,1551
SLA001552,WO001948,C017,SV7,A004,P4,20240831,20240905,20240903,120,57.11,True,0.0,training_fact_sla_export.csv,2026-06-23T00:00:00,1552
SLA001553,WO004014,C007,SV7,A001,P3,20241118,20241121,20241123,72,98.5,False,26.5,training_fact_sla_export.csv,2026-06-23T00:00:00,1553
SLA001554,WO003118,C012,SV2,A001,P1,20240930,20240930,20241001,8,8.43,False,0.43,training_fact_sla_export.csv,2026-06-23T00:00:00,1554
SLA001555,WO000557,C010,SV5,A002,P1,20240106,20240106,20240107,8,6.59,True,0.0,training_fact_sla_export.csv,2026-06-23T00:00:00,1555
SLA001556,WO001603,C011,SV3,A001,P2,20240422,20240423,20240423,24,6.98,True,0.0,training_fact_sla_export.csv,2026-06-23T00:00:00,1556
SLA001557,WO003391,C007,SV7,A001,P3,20240209,20240212,20240210,72,17.92,True,0.0,training_fact_sla_export.csv,2026-06-23T00:00:00,1557
SLA001558,WO004620,C015,SV4,A003,P3,20240608,20240611,20240611,72,57.03,True,0.0,training_fact_sla_export.csv,2026-06-23T00:00:00,1558
SLA001559,WO003314,C012,SV4,A002,P3,20241224,20241227,20241226,72,40.9,True,0.0,training_fact_sla_export.csv,2026-06-23T00:00:00,1559
SLA001560,WO001450,C003,SV6,A006,P2,20241209,20241210,20241210,24,7.27,True,0.0,training_fact_sla_export.csv,2026-06-23T00:00:00,1560
SLA001561,WO000524,C009,SV3,A004,P2,20240815,20240816,20240817,24,24.38,False,0.38,training_fact_sla_export.csv,2026-06-23T00:00:00,1561
SLA001562,WO002795,C013,SV8,A005,P4,20240331,20240405,20240407,120,146.8,False,26.8,training_fact_sla_export.csv,2026-06-23T00:00:00,1562
SLA001563,WO001435,C002,SV1,A003,P1,20240531,20240531,20240601,8,6.04,True,0.0,training_fact_sla_export.csv,2026-06-23T00:00:00,1563
SLA001564,WO002848,C002,SV5,A006,P2,20241025,20241026,20241026,24,14.51,True,0.0,training_fact_sla_export.csv,2026-06-23T00:00:00,1564
SLA001565,WO002259,C011,SV3,A003,P4,20241102,20241107,20241107,120,97.22,True,0.0,training_fact_sla_export.csv,2026-06-23T00:00:00,1565
SLA001566,WO000120,C004,SV3,A001,P3,20240324,20240327,20240326,72,26.1,True,0.0,training_fact_sla_export.csv,2026-06-23T00:00:00,1566
SLA001567,WO004661,C012,SV5,A003,P4,20240514,20240519,20240521,120,148.93,False,28.93,training_fact_sla_export.csv,2026-06-23T00:00:00,1567
SLA001568,WO000102,C002,SV6,A005,P3,20240404,20240407,20240407,72,48.31,True,0.0,training_fact_sla_export.csv,2026-06-23T00:00:00,1568
SLA001569,WO004562,C018,SV1,A006,P3,20240817,20240820,20240822,72,102.56,False,30.56,training_fact_sla_export.csv,2026-06-23T00:00:00,1569
SLA001570,WO003772,C013,SV8,A003,P1,20240518,20240518,20240519,8,6.89,True,0.0,training_fact_sla_export.csv,2026-06-23T00:00:00,1570
SLA001571,WO003759,C013,SV2,A005,P4,20240302,20240307,20240305,120,63.17,True,0.0,training_fact_sla_export.csv,2026-06-23T00:00:00,1571
SLA001572,WO002871,C020,SV4,A006,P1,20240728,20240728,20240729,8,1.95,True,0.0,training_fact_sla_export.csv,2026-06-23T00:00:00,1572
SLA001573,WO004169,C013,SV8,A003,P4,20240104,20240109,20240107,120,62.74,True,0.0,training_fact_sla_export.csv,2026-06-23T00:00:00,1573
SLA001574,WO004861,C003,SV8,A002,P1,20240222,20240222,20240223,8,4.25,True,0.0,training_fact_sla_export.csv,2026-06-23T00:00:00,1574
SLA001575,WO004179,C018,SV7,A005,P3,20240609,20240612,20240614,72,113.02,False,41.02,training_fact_sla_export.csv,2026-06-23T00:00:00,1575
SLA001576,WO004085,C010,SV4,A003,P3,20240820,20240823,20240821,72,21.41,True,0.0,training_fact_sla_export.csv,2026-06-23T00:00:00,1576
SLA001577,WO000287,C014,SV5,A003,P3,20241110,20241113,20241114,72,88.26,False,16.26,training_fact_sla_export.csv,2026-06-23T00:00:00,1577
SLA001578,WO004482,C018,SV1,A003,P3,20240924,20240927,20240928,72,75.24,False,3.24,training_fact_sla_export.csv,2026-06-23T00:00:00,1578
SLA001579,WO001894,C010,SV2,A003,P2,20240604,20240605,20240605,24,22.46,True,0.0,training_fact_sla_export.csv,2026-06-23T00:00:00,1579
SLA001580,WO003340,C018,SV5,A005,P3,20240108,20240111,20240112,72,84.17,False,12.17,training_fact_sla_export.csv,2026-06-23T00:00:00,1580
SLA001581,WO000805,C020,SV6,A003,P3,20240715,20240718,20240722,72,146.71,False,74.71,training_fact_sla_export.csv,2026-06-23T00:00:00,1581
SLA001582,WO004983,C009,SV3,A005,P3,20240110,20240113,20240112,72,40.69,True,0.0,training_fact_sla_export.csv,2026-06-23T00:00:00,1582
SLA001583,WO004692,C001,SV6,A003,P3,20240227,20240301,20240229,72,28.06,True,0.0,training_fact_sla_export.csv,2026-06-23T00:00:00,1583
SLA001584,WO001826,C015,SV6,A003,P4,20240730,20240804,20240801,120,47.01,True,0.0,training_fact_sla_export.csv,2026-06-23T00:00:00,1584
SLA001585,WO004686,C017,SV5,A004,P3,20240302,20240305,20240306,72,72.31,False,0.31,training_fact_sla_export.csv,2026-06-23T00:00:00,1585
SLA001586,WO001825,C001,SV5,A001,P1,20241201,20241201,20241202,8,4.81,True,0.0,training_fact_sla_export.csv,2026-06-23T00:00:00,1586
SLA001587,WO000900,C020,SV3,A004,P2,20241210,20241211,20241211,24,17.09,True,0.0,training_fact_sla_export.csv,2026-06-23T00:00:00,1587
SLA001588,WO001341,C016,SV1,A003,P2,20240423,20240424,20240424,24,10.73,True,0.0,training_fact_sla_export.csv,2026-06-23T00:00:00,1588
SLA001589,WO001730,C004,SV6,A004,P3,20240311,20240314,20240316,72,97.05,False,25.05,training_fact_sla_export.csv,2026-06-23T00:00:00,1589
SLA001590,WO000212,C015,SV6,A002,P3,20240327,20240330,20240329,72,36.94,True,0.0,training_fact_sla_export.csv,2026-06-23T00:00:00,1590
SLA001591,WO001884,C014,SV2,A005,P4,20240819,20240824,20240822,120,62.06,True,0.0,training_fact_sla_export.csv,2026-06-23T00:00:00,1591
SLA001592,WO004175,C012,SV6,A002,P3,20240121,20240124,20240122,72,21.34,True,0.0,training_fact_sla_export.csv,2026-06-23T00:00:00,1592
SLA001593,WO003654,C012,SV6,A003,P3,20241103,20241106,20241108,72,107.28,False,35.28,training_fact_sla_export.csv,2026-06-23T00:00:00,1593
SLA001594,WO001503,C003,SV8,A006,P1,20240110,20240110,20240111,8,6.42,True,0.0,training_fact_sla_export.csv,2026-06-23T00:00:00,1594
SLA001595,WO002457,C019,SV5,A004,P3,20240411,20240414,20240413,72,45.31,True,0.0,training_fact_sla_export.csv,2026-06-23T00:00:00,1595
SLA001596,WO001663,C006,SV1,A004,P4,20240210,20240215,20240214,120,82.92,True,0.0,training_fact_sla_export.csv,2026-06-23T00:00:00,1596
SLA001597,WO002643,C006,SV3,A001,P3,20241031,20241103,20241103,72,66.65,True,0.0,training_fact_sla_export.csv,2026-06-23T00:00:00,1597
SLA001598,WO002896,C004,SV2,A001,P2,20240128,20240129,20240129,24,10.66,True,0.0,training_fact_sla_export.csv,2026-06-23T00:00:00,1598
SLA001599,WO004372,C005,SV8,A003,P3,20240412,20240415,20240415,72,51.86,True,0.0,training_fact_sla_export.csv,2026-06-23T00:00:00,1599
SLA001600,WO003167,C002,SV1,A006,P3,20240715,20240718,20240718,72,54.69,True,0.0,training_fact_sla_export.csv,2026-06-23T00:00:00,1600
SLA001601,WO001268,C017,SV7,A003,P4,20240621,20240626,20240623,120,37.99,True,0.0,training_fact_sla_export.csv,2026-06-23T00:00:00,1601
SLA001602,WO003480,C018,SV4,A003,P4,20241101,20241106,20241105,120,74.67,True,0.0,training_fact_sla_export.csv,2026-06-23T00:00:00,1602
SLA001603,WO003783,C002,SV8,A001,P3,20240731,20240803,20240805,72,114.97,False,42.97,training_fact_sla_export.csv,2026-06-23T00:00:00,1603
SLA001604,WO000313,C004,SV3,A002,P1,20240925,20240925,20240926,8,6.47,True,0.0,training_fact_sla_export.csv,2026-06-23T00:00:00,1604
SLA001605,WO004314,C009,SV8,A003,P3,20241220,20241223,20241222,72,29.05,True,0.0,training_fact_sla_export.csv,2026-06-23T00:00:00,1605
SLA001606,WO002121,C005,SV5,A005,P3,20241203,20241206,20241209,72,128.91,False,56.91,training_fact_sla_export.csv,2026-06-23T00:00:00,1606
SLA001607,WO003109,C004,SV2,A003,P4,20241018,20241023,20241025,120,152.04,False,32.04,training_fact_sla_export.csv,2026-06-23T00:00:00,1607
SLA001608,WO004485,C015,SV4,A004,P3,20240810,20240813,20240813,72,69.41,True,0.0,training_fact_sla_export.csv,2026-06-23T00:00:00,1608
SLA001609,WO002540,C018,SV1,A003,P3,20240127,20240130,20240130,72,65.45,True,0.0,training_fact_sla_export.csv,2026-06-23T00:00:00,1609
SLA001610,WO001841,C007,SV6,A003,P3,20241213,20241216,20241215,72,36.57,True,0.0,training_fact_sla_export.csv,2026-06-23T00:00:00,1610
SLA001611,WO000776,C011,SV5,A005,P2,20240712,20240713,20240714,24,26.38,False,2.38,training_fact_sla_export.csv,2026-06-23T00:00:00,1611
SLA001612,WO003591,C009,SV7,A004,P2,20240420,20240421,20240422,24,42.83,False,18.83,training_fact_sla_export.csv,2026-06-23T00:00:00,1612
SLA001613,WO000348,C008,SV3,A006,P3,20241112,20241115,20241116,72,72.5,False,0.5,training_fact_sla_export.csv,2026-06-23T00:00:00,1613
SLA001614,WO004362,C002,SV8,A005,P2,20240404,20240405,20240405,24,10.2,True,0.0,training_fact_sla_export.csv,2026-06-23T00:00:00,1614
SLA001615,WO002985,C015,SV6,A001,P2,20241104,20241105,20241106,24,24.2,False,0.2,training_fact_sla_export.csv,2026-06-23T00:00:00,1615
SLA001616,WO000088,C019,SV2,A004,P4,20240517,20240522,20240527,120,217.85,False,97.85,training_fact_sla_export.csv,2026-06-23T00:00:00,1616
SLA001617,WO002888,C016,SV5,A003,P4,20241030,20241104,20241106,120,159.14,False,39.14,training_fact_sla_export.csv,2026-06-23T00:00:00,1617
SLA001618,WO004181,C020,SV3,A002,P3,20240406,20240409,20240409,72,62.59,True,0.0,training_fact_sla_export.csv,2026-06-23T00:00:00,1618
SLA001619,WO004688,C017,SV6,A004,P4,20240713,20240718,20240724,120,254.91,False,134.91,training_fact_sla_export.csv,2026-06-23T00:00:00,1619
SLA001620,WO002562,C008,SV6,A002,P3,20240815,20240818,20240818,72,57.42,True,0.0,training_fact_sla_export.csv,2026-06-23T00:00:00,1620
SLA001621,WO000503,C017,SV3,A004,P2,20240720,20240721,20240722,24,40.56,False,16.56,training_fact_sla_export.csv,2026-06-23T00:00:00,1621
SLA001622,WO002367,C005,SV1,A003,P1,20240916,20240916,20240917,8,6.8,True,0.0,training_fact_sla_export.csv,2026-06-23T00:00:00,1622
SLA001623,WO001189,C008,SV6,A002,P4,20240130,20240204,20240206,120,145.59,False,25.59,training_fact_sla_export.csv,2026-06-23T00:00:00,1623
SLA001624,WO003855,C015,SV6,A006,P1,20241125,20241125,20241126,8,10.43,False,2.43,training_fact_sla_export.csv,2026-06-23T00:00:00,1624
SLA001625,WO002505,C006,SV4,A005,P3,20240225,20240228,20240228,72,63.33,True,0.0,training_fact_sla_export.csv,2026-06-23T00:00:00,1625
SLA001626,WO001818,C016,SV3,A003,P3,20241029,20241101,20241101,72,71.09,True,0.0,training_fact_sla_export.csv,2026-06-23T00:00:00,1626
SLA001627,WO002147,C004,SV3,A003,P3,20240623,20240626,20240624,72,18.58,True,0.0,training_fact_sla_export.csv,2026-06-23T00:00:00,1627
SLA001628,WO003361,C004,SV1,A006,P3,20241013,20241016,20241016,72,52.05,True,0.0,training_fact_sla_export.csv,2026-06-23T00:00:00,1628
SLA001629,WO001969,C016,SV5,A003,P1,20240216,20240216,20240217,8,18.0,False,10.0,training_fact_sla_export.csv,2026-06-23T00:00:00,1629
SLA001630,WO000327,C010,SV2,A006,P3,20241219,20241222,20241221,72,36.02,True,0.0,training_fact_sla_export.csv,2026-06-23T00:00:00,1630
SLA001631,WO002858,C019,SV6,A005,P4,20240218,20240223,20240223,120,99.11,True,0.0,training_fact_sla_export.csv,2026-06-23T00:00:00,1631
SLA001632,WO003625,C004,SV5,A001,P4,20240711,20240716,20240713,120,46.06,True,0.0,training_fact_sla_export.csv,2026-06-23T00:00:00,1632
SLA001633,WO002964,C015,SV5,A001,P3,20241121,20241124,20241122,72,17.02,True,0.0,training_fact_sla_export.csv,2026-06-23T00:00:00,1633
SLA001634,WO003525,C005,SV5,A005,P2,20240705,20240706,20240706,24,17.15,True,0.0,training_fact_sla_export.csv,2026-06-23T00:00:00,1634
SLA001635,WO000832,C010,SV7,A003,P3,20240827,20240830,20240830,72,57.02,True,0.0,training_fact_sla_export.csv,2026-06-23T00:00:00,1635
SLA001636,WO004844,C010,SV8,A005,P1,20240703,20240703,20240704,8,7.49,True,0.0,training_fact_sla_export.csv,2026-06-23T00:00:00,1636
SLA001637,WO002227,C017,SV3,A006,P3,20240205,20240208,20240207,72,47.84,True,0.0,training_fact_sla_export.csv,2026-06-23T00:00:00,1637
SLA001638,WO003910,C008,SV4,A006,P3,20240627,20240630,20240630,72,51.14,True,0.0,training_fact_sla_export.csv,2026-06-23T00:00:00,1638
SLA001639,WO004081,C008,SV8,A002,P4,20240225,20240301,20240303,120,149.93,False,29.93,training_fact_sla_export.csv,2026-06-23T00:00:00,1639
SLA001640,WO003690,C010,SV1,A001,P1,20240112,20240112,20240113,8,6.67,True,0.0,training_fact_sla_export.csv,2026-06-23T00:00:00,1640
SLA001641,WO001484,C020,SV4,A006,P2,20240613,20240614,20240614,24,10.48,True,0.0,training_fact_sla_export.csv,2026-06-23T00:00:00,1641
SLA001642,WO000240,C008,SV7,A005,P1,20240329,20240329,20240330,8,6.32,True,0.0,training_fact_sla_export.csv,2026-06-23T00:00:00,1642
SLA001643,WO004837,C011,SV5,A006,P2,20240731,20240801,20240801,24,7.95,True,0.0,training_fact_sla_export.csv,2026-06-23T00:00:00,1643
SLA001644,WO001493,C002,SV8,A003,P3,20240507,20240510,20240509,72,35.57,True,0.0,training_fact_sla_export.csv,2026-06-23T00:00:00,1644
SLA001645,WO001422,C013,SV6,A004,P2,20241226,20241227,20241227,24,8.76,True,0.0,training_fact_sla_export.csv,2026-06-23T00:00:00,1645
SLA001646,WO003559,C002,SV5,A001,P3,20240618,20240621,20240619,72,23.7,True,0.0,training_fact_sla_export.csv,2026-06-23T00:00:00,1646
SLA001647,WO003943,C001,SV7,A003,P2,20241113,20241114,20241114,24,10.88,True,0.0,training_fact_sla_export.csv,2026-06-23T00:00:00,1647
SLA001648,WO002981,C006,SV8,A003,P2,20240605,20240606,20240606,24,19.42,True,0.0,training_fact_sla_export.csv,2026-06-23T00:00:00,1648
SLA001649,WO003080,C004,SV7,A003,P3,20241019,20241022,20241021,72,38.65,True,0.0,training_fact_sla_export.csv,2026-06-23T00:00:00,1649
SLA001650,WO000745,C011,SV6,A005,P2,20241003,20241004,20241004,24,21.78,True,0.0,training_fact_sla_export.csv,2026-06-23T00:00:00,1650
SLA001651,WO001620,C005,SV4,A006,P3,20240118,20240121,20240123,72,105.55,False,33.55,training_fact_sla_export.csv,2026-06-23T00:00:00,1651
SLA001652,WO003847,C005,SV8,A004,P4,20240318,20240323,20240323,120,103.48,True,0.0,training_fact_sla_export.csv,2026-06-23T00:00:00,1652
SLA001653,WO000550,C018,SV6,A005,P3,20240305,20240308,20240306,72,17.11,True,0.0,training_fact_sla_export.csv,2026-06-23T00:00:00,1653
SLA001654,WO000218,C013,SV5,A006,P4,20240825,20240830,20240904,120,231.3,False,111.3,training_fact_sla_export.csv,2026-06-23T00:00:00,1654
SLA001655,WO001598,C001,SV4,A004,P3,20240215,20240218,20240217,72,38.07,True,0.0,training_fact_sla_export.csv,2026-06-23T00:00:00,1655
SLA001656,WO002086,C016,SV4,A004,P2,20240509,20240510,20240510,24,19.86,True,0.0,training_fact_sla_export.csv,2026-06-23T00:00:00,1656
SLA001657,WO000119,C015,SV4,A005,P2,20240328,20240329,20240329,24,6.45,True,0.0,training_fact_sla_export.csv,2026-06-23T00:00:00,1657
SLA001658,WO004152,C018,SV8,A003,P3,20240729,20240801,20240730,72,21.98,True,0.0,training_fact_sla_export.csv,2026-06-23T00:00:00,1658
SLA001659,WO002634,C011,SV3,A001,P1,20241113,20241113,20241114,8,11.35,False,3.35,training_fact_sla_export.csv,2026-06-23T00:00:00,1659
SLA001660,WO004673,C019,SV6,A006,P3,20241130,20241203,20241203,72,57.99,True,0.0,training_fact_sla_export.csv,2026-06-23T00:00:00,1660
SLA001661,WO004428,C019,SV4,A001,P2,20241004,20241005,20241006,24,27.83,False,3.83,training_fact_sla_export.csv,2026-06-23T00:00:00,1661
SLA001662,WO000172,C008,SV2,A003,P3,20240108,20240111,20240114,72,122.34,False,50.34,training_fact_sla_export.csv,2026-06-23T00:00:00,1662
SLA001663,WO001760,C002,SV8,A005,P3,20240405,20240408,20240410,72,118.12,False,46.12,training_fact_sla_export.csv,2026-06-23T00:00:00,1663
SLA001664,WO001875,C019,SV3,A006,P3,20240127,20240130,20240129,72,47.13,True,0.0,training_fact_sla_export.csv,2026-06-23T00:00:00,1664
SLA001665,WO001729,C014,SV6,A005,P4,20240510,20240515,20240515,120,116.29,True,0.0,training_fact_sla_export.csv,2026-06-23T00:00:00,1665
SLA001666,WO000308,C018,SV8,A003,P3,20240419,20240422,20240422,72,66.61,True,0.0,training_fact_sla_export.csv,2026-06-23T00:00:00,1666
SLA001667,WO001861,C002,SV5,A005,P3,20241210,20241213,20241212,72,29.81,True,0.0,training_fact_sla_export.csv,2026-06-23T00:00:00,1667
SLA001668,WO003300,C007,SV6,A004,P3,20240817,20240820,20240822,72,102.74,False,30.74,training_fact_sla_export.csv,2026-06-23T00:00:00,1668
SLA001669,WO002133,C001,SV7,A002,P4,20240109,20240114,20240114,120,106.02,True,0.0,training_fact_sla_export.csv,2026-06-23T00:00:00,1669
SLA001670,WO002604,C008,SV5,A006,P3,20240911,20240914,20240915,72,94.38,False,22.38,training_fact_sla_export.csv,2026-06-23T00:00:00,1670
SLA001671,WO002664,C016,SV6,A004,P1,20240416,20240416,20240417,8,12.17,False,4.17,training_fact_sla_export.csv,2026-06-23T00:00:00,1671
SLA001672,WO004069,C004,SV2,A003,P3,20240108,20240111,20240113,72,96.28,False,24.28,training_fact_sla_export.csv,2026-06-23T00:00:00,1672
SLA001673,WO001946,C008,SV5,A003,P4,20240911,20240916,20240916,120,111.76,True,0.0,training_fact_sla_export.csv,2026-06-23T00:00:00,1673
SLA001674,WO004443,C018,SV7,A003,P2,20240928,20240929,20240930,24,25.84,False,1.84,training_fact_sla_export.csv,2026-06-23T00:00:00,1674
SLA001675,WO003924,C007,SV4,A004,P2,20240308,20240309,20240309,24,14.81,True,0.0,training_fact_sla_export.csv,2026-06-23T00:00:00,1675
SLA001676,WO002940,C011,SV5,A005,P3,20240827,20240830,20240831,72,93.51,False,21.51,training_fact_sla_export.csv,2026-06-23T00:00:00,1676
SLA001677,WO000459,C009,SV1,A004,P2,20240113,20240114,20240114,24,20.65,True,0.0,training_fact_sla_export.csv,2026-06-23T00:00:00,1677
SLA001678,WO003895,C005,SV4,A002,P4,20240428,20240503,20240430,120,41.08,True,0.0,training_fact_sla_export.csv,2026-06-23T00:00:00,1678
SLA001679,WO004615,C019,SV1,A003,P3,20240330,20240402,20240404,72,102.58,False,30.58,training_fact_sla_export.csv,2026-06-23T00:00:00,1679
SLA001680,WO003520,C017,SV7,A002,P3,20240505,20240508,20240507,72,31.38,True,0.0,training_fact_sla_export.csv,2026-06-23T00:00:00,1680
SLA001681,WO003164,C008,SV4,A002,P2,20240406,20240407,20240407,24,11.13,True,0.0,training_fact_sla_export.csv,2026-06-23T00:00:00,1681
SLA001682,WO003068,C018,SV4,A002,P3,20241103,20241106,20241106,72,48.01,True,0.0,training_fact_sla_export.csv,2026-06-23T00:00:00,1682
SLA001683,WO000918,C010,SV4,A006,P2,20240831,20240901,20240902,24,28.62,False,4.62,training_fact_sla_export.csv,2026-06-23T00:00:00,1683
SLA001684,WO004535,C013,SV5,A005,P2,20240810,20240811,20240811,24,21.29,True,0.0,training_fact_sla_export.csv,2026-06-23T00:00:00,1684
SLA001685,WO003797,C006,SV8,A006,P2,20240829,20240830,20240830,24,13.73,True,0.0,training_fact_sla_export.csv,2026-06-23T00:00:00,1685
SLA001686,WO001886,C008,SV6,A002,P3,20241231,20250103,20241231,72,49.66,True,0.0,training_fact_sla_export.csv,2026-06-23T00:00:00,1686
SLA001687,WO004580,C019,SV6,A006,P1,20240711,20240711,20240712,8,6.53,True,0.0,training_fact_sla_export.csv,2026-06-23T00:00:00,1687
SLA001688,WO000089,C005,SV4,A006,P1,20240515,20240515,20240516,8,11.79,False,3.79,training_fact_sla_export.csv,2026-06-23T00:00:00,1688
SLA001689,WO001508,C009,SV8,A003,P3,20241007,20241010,20241009,72,32.07,True,0.0,training_fact_sla_export.csv,2026-06-23T00:00:00,1689
SLA001690,WO003581,C016,SV1,A005,P3,20241104,20241107,20241105,72,16.51,True,0.0,training_fact_sla_export.csv,2026-06-23T00:00:00,1690
SLA001691,WO000192,C007,SV3,A005,P2,20241028,20241029,20241029,24,17.3,True,0.0,training_fact_sla_export.csv,2026-06-23T00:00:00,1691
SLA001692,WO000934,C016,SV3,A005,P4,20240805,20240810,20240807,120,44.07,True,0.0,training_fact_sla_export.csv,2026-06-23T00:00:00,1692
SLA001693,WO000749,C008,SV8,A001,P3,20240507,20240510,20240509,72,45.64,True,0.0,training_fact_sla_export.csv,2026-06-23T00:00:00,1693
SLA001694,WO000092,C011,SV7,A003,P3,20240229,20240303,20240302,72,42.65,True,0.0,training_fact_sla_export.csv,2026-06-23T00:00:00,1694
SLA001695,WO002695,C020,SV1,A005,P3,20241121,20241124,20241124,72,64.75,True,0.0,training_fact_sla_export.csv,2026-06-23T00:00:00,1695
SLA001696,WO003294,C015,SV5,A004,P3,20241005,20241008,20241008,72,64.14,True,0.0,training_fact_sla_export.csv,2026-06-23T00:00:00,1696
SLA001697,WO002833,C019,SV4,A003,P3,20240520,20240523,20240522,72,45.47,True,0.0,training_fact_sla_export.csv,2026-06-23T00:00:00,1697
SLA001698,WO001540,C004,SV3,A003,P4,20240623,20240628,20240625,120,45.28,True,0.0,training_fact_sla_export.csv,2026-06-23T00:00:00,1698
SLA001699,WO001882,C017,SV1,A002,P2,20240105,20240106,20240107,24,29.83,False,5.83,training_fact_sla_export.csv,2026-06-23T00:00:00,1699
SLA001700,WO004897,C011,SV1,A005,P3,20240129,20240201,20240131,72,30.2,True,0.0,training_fact_sla_export.csv,2026-06-23T00:00:00,1700
SLA001701,WO002836,C016,SV8,A003,P2,20241229,20241230,20241230,24,18.17,True,0.0,training_fact_sla_export.csv,2026-06-23T00:00:00,1701
SLA001702,WO000980,C007,SV5,A004,P3,20240215,20240218,20240218,72,51.13,True,0.0,training_fact_sla_export.csv,2026-06-23T00:00:00,1702
SLA001703,WO004758,C015,SV7,A005,P2,20240123,20240124,20240125,24,29.73,False,5.73,training_fact_sla_export.csv,2026-06-23T00:00:00,1703
SLA001704,WO000463,C020,SV1,A001,P4,20240218,20240223,20240222,120,91.16,True,0.0,training_fact_sla_export.csv,2026-06-23T00:00:00,1704
SLA001705,WO000797,C010,SV3,A005,P3,20240625,20240628,20240628,72,50.82,True,0.0,training_fact_sla_export.csv,2026-06-23T00:00:00,1705
SLA001706,WO000438,C009,SV1,A006,P3,20241107,20241110,20241110,72,64.47,True,0.0,training_fact_sla_export.csv,2026-06-23T00:00:00,1706
SLA001707,WO000341,C011,SV1,A006,P3,20240702,20240705,20240704,72,42.45,True,0.0,training_fact_sla_export.csv,2026-06-23T00:00:00,1707
SLA001708,WO003742,C005,SV1,A005,P1,20240508,20240508,20240509,8,4.47,True,0.0,training_fact_sla_export.csv,2026-06-23T00:00:00,1708
SLA001709,WO002675,C012,SV2,A003,P3,20240117,20240120,20240118,72,6.86,True,0.0,training_fact_sla_export.csv,2026-06-23T00:00:00,1709
SLA001710,WO000951,C004,SV3,A001,P3,20241027,20241030,20241031,72,76.63,False,4.63,training_fact_sla_export.csv,2026-06-23T00:00:00,1710
SLA001711,WO003876,C014,SV6,A003,P2,20240701,20240702,20240702,24,12.76,True,0.0,training_fact_sla_export.csv,2026-06-23T00:00:00,1711
SLA001712,WO003726,C020,SV1,A004,P3,20240626,20240629,20240628,72,31.84,True,0.0,training_fact_sla_export.csv,2026-06-23T00:00:00,1712
SLA001713,WO000066,C016,SV2,A001,P4,20240307,20240312,20240311,120,84.93,True,0.0,training_fact_sla_export.csv,2026-06-23T00:00:00,1713
SLA001714,WO000106,C020,SV2,A001,P3,20240714,20240717,20240716,72,42.96,True,0.0,training_fact_sla_export.csv,2026-06-23T00:00:00,1714
SLA001715,WO001093,C009,SV6,A004,P2,20241019,20241020,20241021,24,27.89,False,3.89,training_fact_sla_export.csv,2026-06-23T00:00:00,1715
SLA001716,WO004046,C016,SV6,A001,P4,20240410,20240415,20240413,120,58.58,True,0.0,training_fact_sla_export.csv,2026-06-23T00:00:00,1716
SLA001717,WO001115,C012,SV7,A003,P4,20240828,20240902,20240902,120,108.72,True,0.0,training_fact_sla_export.csv,2026-06-23T00:00:00,1717
SLA001718,WO003819,C010,SV7,A001,P3,20241026,20241029,20241030,72,83.52,False,11.52,training_fact_sla_export.csv,2026-06-23T00:00:00,1718
SLA001719,WO000741,C013,SV3,A003,P4,20241119,20241124,20241121,120,47.39,True,0.0,training_fact_sla_export.csv,2026-06-23T00:00:00,1719
SLA001720,WO001698,C014,SV8,A005,P2,20241218,20241219,20241220,24,31.63,False,7.63,training_fact_sla_export.csv,2026-06-23T00:00:00,1720
SLA001721,WO000008,C001,SV7,A003,P3,20240803,20240806,20240805,72,41.11,True,0.0,training_fact_sla_export.csv,2026-06-23T00:00:00,1721
SLA001722,WO000650,C015,SV2,A004,P3,20241109,20241112,20241115,72,129.43,False,57.43,training_fact_sla_export.csv,2026-06-23T00:00:00,1722
SLA001723,WO002412,C011,SV5,A001,P1,20241117,20241117,20241118,8,3.08,True,0.0,training_fact_sla_export.csv,2026-06-23T00:00:00,1723
SLA001724,WO004693,C003,SV5,A005,P2,20240225,20240226,20240226,24,12.36,True,0.0,training_fact_sla_export.csv,2026-06-23T00:00:00,1724
SLA001725,WO001482,C004,SV7,A003,P3,20241029,20241101,20241031,72,36.53,True,0.0,training_fact_sla_export.csv,2026-06-23T00:00:00,1725
SLA001726,WO003678,C003,SV4,A001,P3,20240723,20240726,20240726,72,63.9,True,0.0,training_fact_sla_export.csv,2026-06-23T00:00:00,1726
SLA001727,WO000845,C017,SV1,A005,P2,20240229,20240301,20240301,24,9.72,True,0.0,training_fact_sla_export.csv,2026-06-23T00:00:00,1727
SLA001728,WO000370,C008,SV6,A006,P2,20240922,20240923,20240923,24,13.71,True,0.0,training_fact_sla_export.csv,2026-06-23T00:00:00,1728
SLA001729,WO001184,C009,SV1,A004,P4,20240327,20240401,20240403,120,144.16,False,24.16,training_fact_sla_export.csv,2026-06-23T00:00:00,1729
SLA001730,WO003834,C008,SV6,A003,P3,20241008,20241011,20241011,72,59.12,True,0.0,training_fact_sla_export.csv,2026-06-23T00:00:00,1730
SLA001731,WO003228,C015,SV3,A003,P1,20240506,20240506,20240507,8,4.51,True,0.0,training_fact_sla_export.csv,2026-06-23T00:00:00,1731
SLA001732,WO002864,C010,SV5,A004,P2,20240816,20240817,20240817,24,14.48,True,0.0,training_fact_sla_export.csv,2026-06-23T00:00:00,1732
SLA001733,WO002340,C020,SV4,A005,P2,20240506,20240507,20240508,24,24.24,False,0.24,training_fact_sla_export.csv,2026-06-23T00:00:00,1733
SLA001734,WO002640,C007,SV8,A005,P2,20240801,20240802,20240803,24,26.75,False,2.75,training_fact_sla_export.csv,2026-06-23T00:00:00,1734
SLA001735,WO003399,C020,SV1,A003,P1,20241204,20241204,20241205,8,4.89,True,0.0,training_fact_sla_export.csv,2026-06-23T00:00:00,1735
SLA001736,WO001509,C013,SV2,A001,P2,20241213,20241214,20241215,24,26.37,False,2.37,training_fact_sla_export.csv,2026-06-23T00:00:00,1736
SLA001737,WO000506,C013,SV3,A004,P4,20240219,20240224,20240222,120,50.99,True,0.0,training_fact_sla_export.csv,2026-06-23T00:00:00,1737
SLA001738,WO004030,C016,SV7,A006,P3,20240416,20240419,20240419,72,49.39,True,0.0,training_fact_sla_export.csv,2026-06-23T00:00:00,1738
SLA001739,WO001026,C018,SV7,A003,P3,20240322,20240325,20240324,72,39.37,True,0.0,training_fact_sla_export.csv,2026-06-23T00:00:00,1739
SLA001740,WO001078,C018,SV8,A005,P2,20240306,20240307,20240307,24,13.84,True,0.0,training_fact_sla_export.csv,2026-06-23T00:00:00,1740
SLA001741,WO001032,C018,SV7,A006,P3,20240513,20240516,20240517,72,83.22,False,11.22,training_fact_sla_export.csv,2026-06-23T00:00:00,1741
SLA001742,WO000575,C009,SV4,A006,P2,20240720,20240721,20240722,24,25.41,False,1.41,training_fact_sla_export.csv,2026-06-23T00:00:00,1742
SLA001743,WO003087,C016,SV2,A001,P1,20240219,20240219,20240220,8,4.63,True,0.0,training_fact_sla_export.csv,2026-06-23T00:00:00,1743
SLA001744,WO003858,C006,SV7,A006,P2,20241128,20241129,20241129,24,20.08,True,0.0,training_fact_sla_export.csv,2026-06-23T00:00:00,1744
SLA001745,WO004827,C010,SV3,A001,P2,20240121,20240122,20240122,24,15.23,True,0.0,training_fact_sla_export.csv,2026-06-23T00:00:00,1745
SLA001746,WO002561,C004,SV1,A004,P3,20240407,20240410,20240412,72,106.93,False,34.93,training_fact_sla_export.csv,2026-06-23T00:00:00,1746
SLA001747,WO003216,C009,SV8,A001,P3,20240118,20240121,20240120,72,46.53,True,0.0,training_fact_sla_export.csv,2026-06-23T00:00:00,1747
SLA001748,WO004784,C012,SV6,A004,P2,20240130,20240131,20240131,24,9.46,True,0.0,training_fact_sla_export.csv,2026-06-23T00:00:00,1748
SLA001749,WO000952,C017,SV4,A004,P2,20240227,20240228,20240229,24,31.72,False,7.72,training_fact_sla_export.csv,2026-06-23T00:00:00,1749
SLA001750,WO000069,C001,SV6,A006,P3,20240502,20240505,20240505,72,48.65,True,0.0,training_fact_sla_export.csv,2026-06-23T00:00:00,1750
SLA001751,WO002271,C012,SV3,A005,P1,20240721,20240721,20240722,8,5.07,True,0.0,training_fact_sla_export.csv,2026-06-23T00:00:00,1751
SLA001752,WO000943,C018,SV1,A003,P3,20240904,20240907,20240906,72,30.43,True,0.0,training_fact_sla_export.csv,2026-06-23T00:00:00,1752
SLA001753,WO000460,C016,SV1,A003,P4,20240315,20240320,20240317,120,36.49,True,0.0,training_fact_sla_export.csv,2026-06-23T00:00:00,1753
SLA001754,WO004134,C010,SV5,A004,P3,20240530,20240602,20240603,72,94.0,False,22.0,training_fact_sla_export.csv,2026-06-23T00:00:00,1754
SLA001755,WO000451,C009,SV3,A006,P2,20240308,20240309,20240309,24,21.79,True,0.0,training_fact_sla_export.csv,2026-06-23T00:00:00,1755
SLA001756,WO002667,C013,SV2,A005,P3,20240801,20240804,20240803,72,31.31,True,0.0,training_fact_sla_export.csv,2026-06-23T00:00:00,1756
SLA001757,WO000844,C015,SV7,A003,P3,20241113,20241116,20241114,72,22.38,True,0.0,training_fact_sla_export.csv,2026-06-23T00:00:00,1757
SLA001758,WO003269,C009,SV4,A002,P3,20240124,20240127,20240127,72,56.58,True,0.0,training_fact_sla_export.csv,2026-06-23T00:00:00,1758
SLA001759,WO003714,C011,SV4,A003,P3,20240611,20240614,20240615,72,77.11,False,5.11,training_fact_sla_export.csv,2026-06-23T00:00:00,1759
SLA001760,WO003134,C001,SV8,A001,P2,20241229,20241230,20241230,24,19.91,True,0.0,training_fact_sla_export.csv,2026-06-23T00:00:00,1760
SLA001761,WO001069,C007,SV3,A002,P1,20240815,20240815,20240816,8,3.65,True,0.0,training_fact_sla_export.csv,2026-06-23T00:00:00,1761
SLA001762,WO000563,C016,SV3,A004,P4,20240728,20240802,20240801,120,72.01,True,0.0,training_fact_sla_export.csv,2026-06-23T00:00:00,1762
SLA001763,WO001250,C009,SV6,A002,P3,20241202,20241205,20241204,72,43.43,True,0.0,training_fact_sla_export.csv,2026-06-23T00:00:00,1763
SLA001764,WO001989,C010,SV2,A004,P2,20240826,20240827,20240828,24,30.35,False,6.35,training_fact_sla_export.csv,2026-06-23T00:00:00,1764
SLA001765,WO004658,C019,SV7,A001,P1,20241122,20241122,20241123,8,7.33,True,0.0,training_fact_sla_export.csv,2026-06-23T00:00:00,1765
SLA001766,WO000068,C009,SV6,A003,P3,20241003,20241006,20241005,72,29.26,True,0.0,training_fact_sla_export.csv,2026-06-23T00:00:00,1766
SLA001767,WO000658,C009,SV3,A003,P2,20240923,20240924,20240924,24,12.91,True,0.0,training_fact_sla_export.csv,2026-06-23T00:00:00,1767
SLA001768,WO003674,C016,SV1,A003,P3,20240704,20240707,20240706,72,34.4,True,0.0,training_fact_sla_export.csv,2026-06-23T00:00:00,1768
SLA001769,WO001174,C017,SV1,A001,P3,20240324,20240327,20240327,72,57.72,True,0.0,training_fact_sla_export.csv,2026-06-23T00:00:00,1769
SLA001770,WO001551,C007,SV7,A004,P1,20240504,20240504,20240505,8,3.55,True,0.0,training_fact_sla_export.csv,2026-06-23T00:00:00,1770
SLA001771,WO004093,C004,SV6,A005,P4,20240603,20240608,20240605,120,46.77,True,0.0,training_fact_sla_export.csv,2026-06-23T00:00:00,1771
SLA001772,WO004775,C013,SV2,A003,P4,20240608,20240613,20240615,120,167.31,False,47.31,training_fact_sla_export.csv,2026-06-23T00:00:00,1772
SLA001773,WO004852,C003,SV1,A005,P4,20241105,20241110,20241108,120,58.82,True,0.0,training_fact_sla_export.csv,2026-06-23T00:00:00,1773
SLA001774,WO000076,C015,SV5,A006,P2,20240930,20241001,20241001,24,8.57,True,0.0,training_fact_sla_export.csv,2026-06-23T00:00:00,1774
SLA001775,WO004709,C010,SV3,A004,P2,20240711,20240712,20240713,24,47.39,False,23.39,training_fact_sla_export.csv,2026-06-23T00:00:00,1775
SLA001776,WO002626,C020,SV8,A003,P4,20240301,20240306,20240306,120,112.43,True,0.0,training_fact_sla_export.csv,2026-06-23T00:00:00,1776
SLA001777,WO000024,C007,SV1,A005,P2,20240303,20240304,20240304,24,13.83,True,0.0,training_fact_sla_export.csv,2026-06-23T00:00:00,1777
SLA001778,WO001810,C016,SV6,A002,P2,20241201,20241202,20241202,24,11.22,True,0.0,training_fact_sla_export.csv,2026-06-23T00:00:00,1778
SLA001779,WO000230,C001,SV1,A006,P3,20241030,20241102,20241101,72,24.02,True,0.0,training_fact_sla_export.csv,2026-06-23T00:00:00,1779
SLA001780,WO002305,C001,SV2,A005,P2,20240815,20240816,20240816,24,18.49,True,0.0,training_fact_sla_export.csv,2026-06-23T00:00:00,1780
SLA001781,WO004414,C009,SV3,A004,P2,20240912,20240913,20240913,24,17.92,True,0.0,training_fact_sla_export.csv,2026-06-23T00:00:00,1781
SLA001782,WO003139,C013,SV2,A001,P2,20240806,20240807,20240807,24,10.22,True,0.0,training_fact_sla_export.csv,2026-06-23T00:00:00,1782
SLA001783,WO002391,C004,SV5,A002,P4,20240417,20240422,20240420,120,70.17,True,0.0,training_fact_sla_export.csv,2026-06-23T00:00:00,1783
SLA001784,WO002973,C013,SV8,A003,P2,20240906,20240907,20240907,24,18.46,True,0.0,training_fact_sla_export.csv,2026-06-23T00:00:00,1784
SLA001785,WO003035,C014,SV3,A006,P3,20240319,20240322,20240320,72,16.6,True,0.0,training_fact_sla_export.csv,2026-06-23T00:00:00,1785
SLA001786,WO001285,C003,SV8,A005,P4,20240827,20240901,20240831,120,93.39,True,0.0,training_fact_sla_export.csv,2026-06-23T00:00:00,1786
SLA001787,WO002910,C018,SV1,A003,P3,20240508,20240511,20240511,72,54.17,True,0.0,training_fact_sla_export.csv,2026-06-23T00:00:00,1787
SLA001788,WO003484,C016,SV2,A006,P3,20241219,20241222,20241221,72,43.53,True,0.0,training_fact_sla_export.csv,2026-06-23T00:00:00,1788
SLA001789,WO001209,C007,SV4,A004,P2,20240731,20240801,20240801,24,21.73,True,0.0,training_fact_sla_export.csv,2026-06-23T00:00:00,1789
SLA001790,WO003041,C008,SV8,A002,P3,20240510,20240513,20240513,72,58.05,True,0.0,training_fact_sla_export.csv,2026-06-23T00:00:00,1790
SLA001791,WO003206,C006,SV5,A005,P1,20241009,20241009,20241010,8,4.23,True,0.0,training_fact_sla_export.csv,2026-06-23T00:00:00,1791
SLA001792,WO002822,C013,SV4,A003,P1,20240322,20240322,20240323,8,4.42,True,0.0,training_fact_sla_export.csv,2026-06-23T00:00:00,1792
SLA001793,WO003232,C014,SV4,A001,P3,20240831,20240903,20240902,72,26.73,True,0.0,training_fact_sla_export.csv,2026-06-23T00:00:00,1793
SLA001794,WO004882,C006,SV6,A006,P4,20241119,20241124,20241208,120,441.08,False,321.08,training_fact_sla_export.csv,2026-06-23T00:00:00,1794
SLA001795,WO002168,C011,SV6,A005,P4,20240508,20240513,20240511,120,71.76,True,0.0,training_fact_sla_export.csv,2026-06-23T00:00:00,1795
SLA001796,WO002282,C004,SV7,A003,P3,20241116,20241119,20241118,72,47.31,True,0.0,training_fact_sla_export.csv,2026-06-23T00:00:00,1796
SLA001797,WO000301,C009,SV5,A006,P4,20240804,20240809,20240808,120,74.24,True,0.0,training_fact_sla_export.csv,2026-06-23T00:00:00,1797
SLA001798,WO004513,C008,SV6,A003,P4,20240801,20240806,20240806,120,103.0,True,0.0,training_fact_sla_export.csv,2026-06-23T00:00:00,1798
SLA001799,WO004170,C008,SV8,A003,P3,20240907,20240910,20240912,72,111.1,False,39.1,training_fact_sla_export.csv,2026-06-23T00:00:00,1799
SLA001800,WO003099,C005,SV4,A004,P2,20240721,20240722,20240722,24,23.06,True,0.0,training_fact_sla_export.csv,2026-06-23T00:00:00,1800
SLA001801,WO004074,C001,SV3,A006,P3,20240228,20240302,20240301,72,46.88,True,0.0,training_fact_sla_export.csv,2026-06-23T00:00:00,1801
SLA001802,WO004073,C020,SV4,A001,P3,20241117,20241120,20241118,72,15.82,True,0.0,training_fact_sla_export.csv,2026-06-23T00:00:00,1802
SLA001803,WO003630,C009,SV7,A003,P3,20240515,20240518,20240519,72,84.14,False,12.14,training_fact_sla_export.csv,2026-06-23T00:00:00,1803
SLA001804,WO003056,C015,SV1,A006,P4,20240803,20240808,20240809,120,135.04,False,15.04,training_fact_sla_export.csv,2026-06-23T00:00:00,1804
SLA001805,WO002497,C018,SV6,A004,P2,20241014,20241015,20241016,24,45.07,False,21.07,training_fact_sla_export.csv,2026-06-23T00:00:00,1805
SLA001806,WO000185,C001,SV4,A004,P3,20240905,20240908,20240906,72,19.44,True,0.0,training_fact_sla_export.csv,2026-06-23T00:00:00,1806
SLA001807,WO002403,C008,SV1,A004,P3,20241003,20241006,20241006,72,65.99,True,0.0,training_fact_sla_export.csv,2026-06-23T00:00:00,1807
SLA001808,WO004680,C008,SV3,A005,P4,20240214,20240219,20240217,120,55.55,True,0.0,training_fact_sla_export.csv,2026-06-23T00:00:00,1808
SLA001809,WO001682,C013,SV1,A003,P3,20240303,20240306,20240306,72,54.92,True,0.0,training_fact_sla_export.csv,2026-06-23T00:00:00,1809
SLA001810,WO001047,C019,SV1,A004,P4,20240209,20240214,20240215,120,120.1,False,0.1,training_fact_sla_export.csv,2026-06-23T00:00:00,1810
SLA001811,WO002490,C014,SV5,A004,P3,20240606,20240609,20240608,72,34.25,True,0.0,training_fact_sla_export.csv,2026-06-23T00:00:00,1811
SLA001812,WO003460,C012,SV4,A003,P3,20240810,20240813,20240814,72,79.62,False,7.62,training_fact_sla_export.csv,2026-06-23T00:00:00,1812
SLA001813,WO000036,C005,SV7,A003,P4,20240427,20240502,20240430,120,54.96,True,0.0,training_fact_sla_export.csv,2026-06-23T00:00:00,1813
SLA001814,WO000267,C010,SV8,A002,P3,20240109,20240112,20240112,72,56.0,True,0.0,training_fact_sla_export.csv,2026-06-23T00:00:00,1814
SLA001815,WO004996,C015,SV3,A004,P3,20241127,20241130,20241204,72,146.3,False,74.3,training_fact_sla_export.csv,2026-06-23T00:00:00,1815
SLA001816,WO000357,C011,SV3,A002,P2,20240531,20240601,20240601,24,21.78,True,0.0,training_fact_sla_export.csv,2026-06-23T00:00:00,1816
SLA001817,WO003836,C013,SV5,A002,P4,20240408,20240413,20240413,120,102.93,True,0.0,training_fact_sla_export.csv,2026-06-23T00:00:00,1817
SLA001818,WO004857,C007,SV8,A004,P1,20240128,20240128,20240129,8,9.03,False,1.03,training_fact_sla_export.csv,2026-06-23T00:00:00,1818
SLA001819,WO001288,C010,SV6,A001,P3,20240826,20240829,20240828,72,39.33,True,0.0,training_fact_sla_export.csv,2026-06-23T00:00:00,1819
SLA001820,WO003288,C008,SV4,A005,P4,20241108,20241113,20241111,120,58.83,True,0.0,training_fact_sla_export.csv,2026-06-23T00:00:00,1820
SLA001821,WO003127,C010,SV5,A003,P2,20240924,20240925,20240925,24,15.76,True,0.0,training_fact_sla_export.csv,2026-06-23T00:00:00,1821
SLA001822,WO002902,C004,SV6,A003,P3,20240710,20240713,20240713,72,65.7,True,0.0,training_fact_sla_export.csv,2026-06-23T00:00:00,1822
SLA001823,WO003906,C013,SV6,A001,P3,20240713,20240716,20240716,72,65.06,True,0.0,training_fact_sla_export.csv,2026-06-23T00:00:00,1823
SLA001824,WO001904,C015,SV6,A001,P4,20240524,20240529,20240531,120,156.97,False,36.97,training_fact_sla_export.csv,2026-06-23T00:00:00,1824
SLA001825,WO001596,C016,SV6,A004,P3,20241209,20241212,20241213,72,79.44,False,7.44,training_fact_sla_export.csv,2026-06-23T00:00:00,1825
SLA001826,WO001615,C005,SV4,A001,P2,20241102,20241103,20241103,24,13.94,True,0.0,training_fact_sla_export.csv,2026-06-23T00:00:00,1826
SLA001827,WO003778,C009,SV8,A006,P4,20240606,20240611,20240621,120,343.87,False,223.87,training_fact_sla_export.csv,2026-06-23T00:00:00,1827
SLA001828,WO001382,C009,SV5,A003,P2,20241025,20241026,20241026,24,13.52,True,0.0,training_fact_sla_export.csv,2026-06-23T00:00:00,1828
SLA001829,WO000670,C018,SV2,A004,P1,20240711,20240711,20240712,8,4.59,True,0.0,training_fact_sla_export.csv,2026-06-23T00:00:00,1829
SLA001830,WO003415,C019,SV4,A001,P1,20240128,20240128,20240129,8,1.68,True,0.0,training_fact_sla_export.csv,2026-06-23T00:00:00,1830
SLA001831,WO004776,C010,SV2,A006,P4,20240409,20240414,20240413,120,93.03,True,0.0,training_fact_sla_export.csv,2026-06-23T00:00:00,1831
SLA001832,WO003510,C009,SV4,A003,P2,20241111,20241112,20241112,24,22.62,True,0.0,training_fact_sla_export.csv,2026-06-23T00:00:00,1832
SLA001833,WO002199,C001,SV8,A006,P3,20241002,20241005,20241004,72,41.52,True,0.0,training_fact_sla_export.csv,2026-06-23T00:00:00,1833
SLA001834,WO002258,C007,SV8,A003,P4,20240327,20240401,20240330,120,53.03,True,0.0,training_fact_sla_export.csv,2026-06-23T00:00:00,1834
SLA001835,WO000488,C002,SV7,A001,P2,20240320,20240321,20240321,24,16.76,True,0.0,training_fact_sla_export.csv,2026-06-23T00:00:00,1835
SLA001836,WO002573,C009,SV7,A002,P2,20241226,20241227,20241227,24,13.32,True,0.0,training_fact_sla_export.csv,2026-06-23T00:00:00,1836
SLA001837,WO004606,C008,SV7,A006,P3,20241022,20241025,20241024,72,26.6,True,0.0,training_fact_sla_export.csv,2026-06-23T00:00:00,1837
SLA001838,WO000812,C005,SV4,A003,P3,20240916,20240919,20240919,72,61.43,True,0.0,training_fact_sla_export.csv,2026-06-23T00:00:00,1838
SLA001839,WO002772,C020,SV8,A006,P1,20241220,20241220,20241221,8,8.24,False,0.24,training_fact_sla_export.csv,2026-06-23T00:00:00,1839
SLA001840,WO003769,C015,SV1,A005,P4,20240509,20240514,20240511,120,40.77,True,0.0,training_fact_sla_export.csv,2026-06-23T00:00:00,1840
SLA001841,WO002164,C013,SV2,A006,P4,20240409,20240414,20240415,120,135.02,False,15.02,training_fact_sla_export.csv,2026-06-23T00:00:00,1841
SLA001842,WO002468,C014,SV1,A004,P1,20240531,20240531,20240601,8,8.51,False,0.51,training_fact_sla_export.csv,2026-06-23T00:00:00,1842
SLA001843,WO004173,C007,SV4,A002,P3,20240211,20240214,20240218,72,149.25,False,77.25,training_fact_sla_export.csv,2026-06-23T00:00:00,1843
SLA001844,WO002347,C006,SV1,A003,P4,20240321,20240326,20240327,120,134.14,False,14.14,training_fact_sla_export.csv,2026-06-23T00:00:00,1844
SLA001845,WO002727,C018,SV5,A006,P3,20241230,20250102,20241231,72,21.7,True,0.0,training_fact_sla_export.csv,2026-06-23T00:00:00,1845
SLA001846,WO003756,C009,SV8,A004,P3,20240305,20240308,20240308,72,58.14,True,0.0,training_fact_sla_export.csv,2026-06-23T00:00:00,1846
SLA001847,WO003382,C015,SV3,A003,P3,20240111,20240114,20240112,72,20.29,True,0.0,training_fact_sla_export.csv,2026-06-23T00:00:00,1847
SLA001848,WO002130,C011,SV6,A001,P2,20241205,20241206,20241207,24,26.08,False,2.08,training_fact_sla_export.csv,2026-06-23T00:00:00,1848
SLA001849,WO004275,C001,SV5,A004,P3,20240125,20240128,20240126,72,17.74,True,0.0,training_fact_sla_export.csv,2026-06-23T00:00:00,1849
SLA001850,WO002441,C018,SV8,A005,P1,20240927,20240927,20240928,8,9.09,False,1.09,training_fact_sla_export.csv,2026-06-23T00:00:00,1850
SLA001851,WO002859,C001,SV6,A004,P3,20240303,20240306,20240305,72,45.02,True,0.0,training_fact_sla_export.csv,2026-06-23T00:00:00,1851
SLA001852,WO002185,C007,SV3,A006,P4,20240305,20240310,20240308,120,70.05,True,0.0,training_fact_sla_export.csv,2026-06-23T00:00:00,1852
SLA001853,WO000280,C016,SV3,A001,P1,20240617,20240617,20240618,8,2.52,True,0.0,training_fact_sla_export.csv,2026-06-23T00:00:00,1853
SLA001854,WO004896,C012,SV2,A005,P3,20240414,20240417,20240418,72,75.11,False,3.11,training_fact_sla_export.csv,2026-06-23T00:00:00,1854
SLA001855,WO001102,C017,SV4,A005,P3,20240428,20240501,20240430,72,45.58,True,0.0,training_fact_sla_export.csv,2026-06-23T00:00:00,1855
SLA001856,WO003403,C019,SV7,A003,P3,20241215,20241218,20241218,72,53.44,True,0.0,training_fact_sla_export.csv,2026-06-23T00:00:00,1856
SLA001857,WO004011,C015,SV5,A001,P4,20240214,20240219,20240223,120,196.8,False,76.8,training_fact_sla_export.csv,2026-06-23T00:00:00,1857
SLA001858,WO002773,C006,SV2,A002,P3,20240325,20240328,20240328,72,55.55,True,0.0,training_fact_sla_export.csv,2026-06-23T00:00:00,1858
SLA001859,WO004683,C001,SV7,A003,P3,20241121,20241124,20241123,72,43.2,True,0.0,training_fact_sla_export.csv,2026-06-23T00:00:00,1859
SLA001860,WO000743,C015,SV2,A006,P3,20240519,20240522,20240523,72,92.33,False,20.33,training_fact_sla_export.csv,2026-06-23T00:00:00,1860
SLA001861,WO000447,C007,SV6,A006,P2,20240604,20240605,20240606,24,30.25,False,6.25,training_fact_sla_export.csv,2026-06-23T00:00:00,1861
SLA001862,WO003457,C014,SV7,A005,P3,20240119,20240122,20240121,72,25.75,True,0.0,training_fact_sla_export.csv,2026-06-23T00:00:00,1862
SLA001863,WO004279,C011,SV7,A006,P3,20240714,20240717,20240717,72,63.75,True,0.0,training_fact_sla_export.csv,2026-06-23T00:00:00,1863
SLA001864,WO000094,C003,SV7,A006,P3,20240515,20240518,20240516,72,20.86,True,0.0,training_fact_sla_export.csv,2026-06-23T00:00:00,1864
SLA001865,WO000265,C008,SV5,A006,P4,20241230,20250104,20241231,120,91.6,True,0.0,training_fact_sla_export.csv,2026-06-23T00:00:00,1865
SLA001866,WO000317,C020,SV6,A006,P2,20241216,20241217,20241217,24,12.26,True,0.0,training_fact_sla_export.csv,2026-06-23T00:00:00,1866
SLA001867,WO003681,C007,SV6,A004,P2,20240415,20240416,20240416,24,12.2,True,0.0,training_fact_sla_export.csv,2026-06-23T00:00:00,1867
SLA001868,WO003616,C016,SV2,A005,P4,20240604,20240609,20240608,120,89.42,True,0.0,training_fact_sla_export.csv,2026-06-23T00:00:00,1868
SLA001869,WO001691,C014,SV6,A001,P3,20240929,20241002,20241001,72,33.83,True,0.0,training_fact_sla_export.csv,2026-06-23T00:00:00,1869
SLA001870,WO000893,C009,SV3,A005,P2,20240306,20240307,20240307,24,17.29,True,0.0,training_fact_sla_export.csv,2026-06-23T00:00:00,1870
SLA001871,WO003933,C016,SV3,A005,P2,20240613,20240614,20240614,24,18.4,True,0.0,training_fact_sla_export.csv,2026-06-23T00:00:00,1871
SLA001872,WO004905,C012,SV4,A001,P1,20241009,20241009,20241010,8,6.47,True,0.0,training_fact_sla_export.csv,2026-06-23T00:00:00,1872
SLA001873,WO000651,C013,SV6,A005,P3,20241010,20241013,20241012,72,34.8,True,0.0,training_fact_sla_export.csv,2026-06-23T00:00:00,1873
SLA001874,WO002372,C008,SV4,A005,P2,20240615,20240616,20240616,24,15.95,True,0.0,training_fact_sla_export.csv,2026-06-23T00:00:00,1874
SLA001875,WO002455,C019,SV4,A005,P3,20240811,20240814,20240813,72,32.12,True,0.0,training_fact_sla_export.csv,2026-06-23T00:00:00,1875
SLA001876,WO003418,C006,SV8,A003,P4,20240105,20240110,20240110,120,110.37,True,0.0,training_fact_sla_export.csv,2026-06-23T00:00:00,1876
SLA001877,WO002476,C011,SV7,A004,P2,20240125,20240126,20240126,24,17.13,True,0.0,training_fact_sla_export.csv,2026-06-23T00:00:00,1877
SLA001878,WO000571,C018,SV6,A003,P1,20241106,20241106,20241107,8,3.54,True,0.0,training_fact_sla_export.csv,2026-06-23T00:00:00,1878
SLA001879,WO001526,C015,SV3,A001,P3,20240609,20240612,20240615,72,132.83,False,60.83,training_fact_sla_export.csv,2026-06-23T00:00:00,1879
SLA001880,WO002774,C012,SV8,A004,P3,20240114,20240117,20240119,72,96.11,False,24.11,training_fact_sla_export.csv,2026-06-23T00:00:00,1880
SLA001881,WO003506,C002,SV8,A001,P4,20240521,20240526,20240525,120,72.02,True,0.0,training_fact_sla_export.csv,2026-06-23T00:00:00,1881
SLA001882,WO003098,C008,SV5,A002,P3,20240712,20240715,20240714,72,47.95,True,0.0,training_fact_sla_export.csv,2026-06-23T00:00:00,1882
SLA001883,WO000140,C009,SV1,A005,P3,20240516,20240519,20240519,72,60.1,True,0.0,training_fact_sla_export.csv,2026-06-23T00:00:00,1883
SLA001884,WO000529,C018,SV8,A002,P2,20240623,20240624,20240624,24,18.3,True,0.0,training_fact_sla_export.csv,2026-06-23T00:00:00,1884
SLA001885,WO004326,C018,SV8,A001,P2,20240420,20240421,20240421,24,14.45,True,0.0,training_fact_sla_export.csv,2026-06-23T00:00:00,1885
SLA001886,WO001501,C009,SV2,A003,P3,20240131,20240203,20240202,72,39.2,True,0.0,training_fact_sla_export.csv,2026-06-23T00:00:00,1886
SLA001887,WO001992,C008,SV4,A006,P2,20241026,20241027,20241027,24,21.68,True,0.0,training_fact_sla_export.csv,2026-06-23T00:00:00,1887
SLA001888,WO005000,C004,SV3,A001,P3,20240428,20240501,20240430,72,26.83,True,0.0,training_fact_sla_export.csv,2026-06-23T00:00:00,1888
SLA001889,WO001314,C010,SV4,A005,P3,20241202,20241205,20241204,72,36.12,True,0.0,training_fact_sla_export.csv,2026-06-23T00:00:00,1889
SLA001890,WO002174,C004,SV5,A005,P3,20240103,20240106,20240104,72,12.3,True,0.0,training_fact_sla_export.csv,2026-06-23T00:00:00,1890
SLA001891,WO003513,C004,SV5,A002,P3,20240325,20240328,20240329,72,78.4,False,6.4,training_fact_sla_export.csv,2026-06-23T00:00:00,1891
SLA001892,WO004530,C019,SV8,A005,P3,20240314,20240317,20240315,72,23.53,True,0.0,training_fact_sla_export.csv,2026-06-23T00:00:00,1892
SLA001893,WO003259,C011,SV4,A004,P1,20240619,20240619,20240620,8,12.76,False,4.76,training_fact_sla_export.csv,2026-06-23T00:00:00,1893
SLA001894,WO004221,C008,SV6,A005,P2,20240729,20240730,20240730,24,11.75,True,0.0,training_fact_sla_export.csv,2026-06-23T00:00:00,1894
SLA001895,WO003866,C009,SV1,A003,P4,20241021,20241026,20241025,120,91.84,True,0.0,training_fact_sla_export.csv,2026-06-23T00:00:00,1895
SLA001896,WO002694,C008,SV6,A001,P3,20241009,20241012,20241013,72,85.02,False,13.02,training_fact_sla_export.csv,2026-06-23T00:00:00,1896
SLA001897,WO002331,C017,SV3,A003,P3,20241119,20241122,20241124,72,96.8,False,24.8,training_fact_sla_export.csv,2026-06-23T00:00:00,1897
SLA001898,WO000999,C011,SV3,A003,P2,20241208,20241209,20241209,24,5.12,True,0.0,training_fact_sla_export.csv,2026-06-23T00:00:00,1898
SLA001899,WO000367,C013,SV2,A004,P2,20240316,20240317,20240317,24,18.11,True,0.0,training_fact_sla_export.csv,2026-06-23T00:00:00,1899
SLA001900,WO001755,C012,SV1,A003,P2,20241222,20241223,20241223,24,21.53,True,0.0,training_fact_sla_export.csv,2026-06-23T00:00:00,1900
SLA001901,WO001445,C012,SV7,A003,P2,20240708,20240709,20240709,24,14.64,True,0.0,training_fact_sla_export.csv,2026-06-23T00:00:00,1901
SLA001902,WO001918,C009,SV6,A004,P2,20241112,20241113,20241113,24,17.42,True,0.0,training_fact_sla_export.csv,2026-06-23T00:00:00,1902
SLA001903,WO003225,C016,SV4,A005,P2,20240905,20240906,20240906,24,17.77,True,0.0,training_fact_sla_export.csv,2026-06-23T00:00:00,1903
SLA001904,WO000747,C019,SV8,A003,P3,20240309,20240312,20240311,72,30.04,True,0.0,training_fact_sla_export.csv,2026-06-23T00:00:00,1904
SLA001905,WO004866,C007,SV3,A001,P2,20241009,20241010,20241010,24,16.51,True,0.0,training_fact_sla_export.csv,2026-06-23T00:00:00,1905
SLA001906,WO000418,C007,SV3,A003,P1,20240229,20240229,20240301,8,12.03,False,4.03,training_fact_sla_export.csv,2026-06-23T00:00:00,1906
SLA001907,WO000141,C016,SV5,A003,P4,20240930,20241005,20241006,120,120.56,False,0.56,training_fact_sla_export.csv,2026-06-23T00:00:00,1907
SLA001908,WO000923,C003,SV4,A004,P3,20240418,20240421,20240420,72,36.73,True,0.0,training_fact_sla_export.csv,2026-06-23T00:00:00,1908
SLA001909,WO004889,C010,SV3,A005,P3,20240906,20240909,20240911,72,100.68,False,28.68,training_fact_sla_export.csv,2026-06-23T00:00:00,1909
SLA001910,WO003428,C020,SV1,A004,P3,20240510,20240513,20240514,72,95.48,False,23.48,training_fact_sla_export.csv,2026-06-23T00:00:00,1910
SLA001911,WO000659,C014,SV5,A004,P3,20241017,20241020,20241020,72,62.09,True,0.0,training_fact_sla_export.csv,2026-06-23T00:00:00,1911
SLA001912,WO001704,C005,SV5,A005,P3,20240613,20240616,20240615,72,46.28,True,0.0,training_fact_sla_export.csv,2026-06-23T00:00:00,1912
SLA001913,WO003301,C009,SV6,A001,P1,20240716,20240716,20240717,8,6.89,True,0.0,training_fact_sla_export.csv,2026-06-23T00:00:00,1913
SLA001914,WO001922,C019,SV5,A001,P2,20240223,20240224,20240224,24,9.11,True,0.0,training_fact_sla_export.csv,2026-06-23T00:00:00,1914
SLA001915,WO000942,C011,SV8,A001,P3,20240501,20240504,20240503,72,27.46,True,0.0,training_fact_sla_export.csv,2026-06-23T00:00:00,1915
SLA001916,WO001833,C017,SV2,A005,P2,20241005,20241006,20241006,24,11.79,True,0.0,training_fact_sla_export.csv,2026-06-23T00:00:00,1916
SLA001917,WO000838,C017,SV6,A002,P3,20241201,20241204,20241203,72,44.75,True,0.0,training_fact_sla_export.csv,2026-06-23T00:00:00,1917
SLA001918,WO002779,C016,SV3,A001,P4,20240501,20240506,20240507,120,120.82,False,0.82,training_fact_sla_export.csv,2026-06-23T00:00:00,1918
SLA001919,WO000608,C013,SV6,A001,P3,20240504,20240507,20240505,72,17.75,True,0.0,training_fact_sla_export.csv,2026-06-23T00:00:00,1919
SLA001920,WO002761,C003,SV6,A006,P3,20240512,20240515,20240513,72,21.36,True,0.0,training_fact_sla_export.csv,2026-06-23T00:00:00,1920
SLA001921,WO001901,C006,SV4,A001,P2,20240910,20240911,20240911,24,13.9,True,0.0,training_fact_sla_export.csv,2026-06-23T00:00:00,1921
SLA001922,WO000396,C001,SV5,A004,P1,20240329,20240329,20240330,8,8.32,False,0.32,training_fact_sla_export.csv,2026-06-23T00:00:00,1922
SLA001923,WO003095,C009,SV6,A001,P3,20240726,20240729,20240729,72,68.4,True,0.0,training_fact_sla_export.csv,2026-06-23T00:00:00,1923
SLA001924,WO002691,C004,SV8,A001,P2,20240814,20240815,20240815,24,5.53,True,0.0,training_fact_sla_export.csv,2026-06-23T00:00:00,1924
SLA001925,WO002338,C013,SV2,A004,P4,20240708,20240713,20240713,120,99.3,True,0.0,training_fact_sla_export.csv,2026-06-23T00:00:00,1925
SLA001926,WO004510,C009,SV4,A003,P4,20240330,20240404,20240401,120,34.47,True,0.0,training_fact_sla_export.csv,2026-06-23T00:00:00,1926
SLA001927,WO003634,C019,SV5,A006,P3,20240114,20240117,20240116,72,37.55,True,0.0,training_fact_sla_export.csv,2026-06-23T00:00:00,1927
SLA001928,WO001378,C016,SV3,A003,P4,20240723,20240728,20240727,120,75.15,True,0.0,training_fact_sla_export.csv,2026-06-23T00:00:00,1928
SLA001929,WO002672,C005,SV7,A001,P2,20240120,20240121,20240121,24,14.31,True,0.0,training_fact_sla_export.csv,2026-06-23T00:00:00,1929
SLA001930,WO003790,C008,SV6,A001,P2,20240625,20240626,20240626,24,15.74,True,0.0,training_fact_sla_export.csv,2026-06-23T00:00:00,1930
SLA001931,WO002117,C009,SV1,A003,P3,20241006,20241009,20241008,72,26.35,True,0.0,training_fact_sla_export.csv,2026-06-23T00:00:00,1931
SLA001932,WO004438,C001,SV4,A006,P4,20241001,20241006,20241005,120,89.87,True,0.0,training_fact_sla_export.csv,2026-06-23T00:00:00,1932
SLA001933,WO001941,C015,SV2,A005,P3,20240528,20240531,20240530,72,43.03,True,0.0,training_fact_sla_export.csv,2026-06-23T00:00:00,1933
SLA001934,WO003872,C002,SV4,A004,P3,20241219,20241222,20241231,72,293.03,False,221.03,training_fact_sla_export.csv,2026-06-23T00:00:00,1934
SLA001935,WO002046,C017,SV1,A006,P2,20240201,20240202,20240202,24,13.63,True,0.0,training_fact_sla_export.csv,2026-06-23T00:00:00,1935
SLA001936,WO002389,C010,SV3,A002,P3,20240506,20240509,20240509,72,51.48,True,0.0,training_fact_sla_export.csv,2026-06-23T00:00:00,1936
SLA001937,WO000388,C010,SV8,A006,P3,20240922,20240925,20240926,72,72.4,False,0.4,training_fact_sla_export.csv,2026-06-23T00:00:00,1937
SLA001938,WO000380,C001,SV2,A002,P4,20240904,20240909,20240907,120,70.66,True,0.0,training_fact_sla_export.csv,2026-06-23T00:00:00,1938
SLA001939,WO004488,C013,SV2,A006,P2,20240321,20240322,20240322,24,13.9,True,0.0,training_fact_sla_export.csv,2026-06-23T00:00:00,1939
SLA001940,WO002012,C016,SV4,A003,P2,20240425,20240426,20240426,24,19.17,True,0.0,training_fact_sla_export.csv,2026-06-23T00:00:00,1940
SLA001941,WO003222,C009,SV7,A001,P3,20241220,20241223,20241222,72,33.3,True,0.0,training_fact_sla_export.csv,2026-06-23T00:00:00,1941
SLA001942,WO004473,C005,SV4,A001,P2,20240720,20240721,20240722,24,36.35,False,12.35,training_fact_sla_export.csv,2026-06-23T00:00:00,1942
SLA001943,WO004119,C020,SV3,A004,P2,20240531,20240601,20240601,24,21.54,True,0.0,training_fact_sla_export.csv,2026-06-23T00:00:00,1943
SLA001944,WO001201,C010,SV3,A004,P4,20240318,20240323,20240323,120,110.89,True,0.0,training_fact_sla_export.csv,2026-06-23T00:00:00,1944
SLA001945,WO004255,C014,SV4,A004,P3,20240827,20240830,20240830,72,52.47,True,0.0,training_fact_sla_export.csv,2026-06-23T00:00:00,1945
SLA001946,WO001367,C016,SV4,A001,P2,20241023,20241024,20241024,24,12.25,True,0.0,training_fact_sla_export.csv,2026-06-23T00:00:00,1946
SLA001947,WO000222,C012,SV2,A005,P3,20240630,20240703,20240703,72,66.23,True,0.0,training_fact_sla_export.csv,2026-06-23T00:00:00,1947
SLA001948,WO000320,C012,SV2,A005,P2,20241107,20241108,20241108,24,8.79,True,0.0,training_fact_sla_export.csv,2026-06-23T00:00:00,1948
SLA001949,WO003798,C014,SV8,A003,P3,20240120,20240123,20240123,72,50.47,True,0.0,training_fact_sla_export.csv,2026-06-23T00:00:00,1949
SLA001950,WO004307,C018,SV8,A005,P1,20241127,20241127,20241128,8,4.38,True,0.0,training_fact_sla_export.csv,2026-06-23T00:00:00,1950
SLA001951,WO001864,C014,SV4,A005,P2,20240801,20240802,20240802,24,11.02,True,0.0,training_fact_sla_export.csv,2026-06-23T00:00:00,1951
SLA001952,WO000689,C017,SV5,A006,P2,20240609,20240610,20240610,24,11.85,True,0.0,training_fact_sla_export.csv,2026-06-23T00:00:00,1952
SLA001953,WO000482,C006,SV6,A005,P3,20240913,20240916,20240915,72,30.69,True,0.0,training_fact_sla_export.csv,2026-06-23T00:00:00,1953
SLA001954,WO002952,C004,SV2,A002,P2,20240313,20240314,20240314,24,9.89,True,0.0,training_fact_sla_export.csv,2026-06-23T00:00:00,1954
SLA001955,WO001727,C003,SV3,A003,P3,20240120,20240123,20240122,72,36.63,True,0.0,training_fact_sla_export.csv,2026-06-23T00:00:00,1955
SLA001956,WO000883,C001,SV5,A003,P3,20241220,20241223,20241224,72,94.13,False,22.13,training_fact_sla_export.csv,2026-06-23T00:00:00,1956
SLA001957,WO000948,C009,SV8,A001,P3,20240104,20240107,20240106,72,35.95,True,0.0,training_fact_sla_export.csv,2026-06-23T00:00:00,1957
SLA001958,WO004988,C018,SV8,A003,P2,20240430,20240501,20240501,24,6.54,True,0.0,training_fact_sla_export.csv,2026-06-23T00:00:00,1958
SLA001959,WO003530,C002,SV7,A003,P3,20240714,20240717,20240718,72,73.85,False,1.85,training_fact_sla_export.csv,2026-06-23T00:00:00,1959
SLA001960,WO003658,C014,SV3,A003,P3,20240312,20240315,20240314,72,31.57,True,0.0,training_fact_sla_export.csv,2026-06-23T00:00:00,1960
SLA001961,WO004979,C017,SV6,A005,P3,20240619,20240622,20240623,72,90.84,False,18.84,training_fact_sla_export.csv,2026-06-23T00:00:00,1961
SLA001962,WO000430,C019,SV6,A003,P2,20240628,20240629,20240629,24,10.38,True,0.0,training_fact_sla_export.csv,2026-06-23T00:00:00,1962
SLA001963,WO004898,C017,SV5,A004,P3,20240503,20240506,20240508,72,108.84,False,36.84,training_fact_sla_export.csv,2026-06-23T00:00:00,1963
SLA001964,WO004621,C002,SV3,A003,P2,20240822,20240823,20240823,24,14.31,True,0.0,training_fact_sla_export.csv,2026-06-23T00:00:00,1964
SLA001965,WO000841,C004,SV8,A003,P3,20240525,20240528,20240528,72,61.33,True,0.0,training_fact_sla_export.csv,2026-06-23T00:00:00,1965
SLA001966,WO003202,C020,SV8,A005,P4,20240911,20240916,20240913,120,40.4,True,0.0,training_fact_sla_export.csv,2026-06-23T00:00:00,1966
SLA001967,WO000221,C002,SV3,A004,P3,20241208,20241211,20241211,72,55.92,True,0.0,training_fact_sla_export.csv,2026-06-23T00:00:00,1967
SLA001968,WO003333,C020,SV3,A005,P1,20240603,20240603,20240604,8,5.22,True,0.0,training_fact_sla_export.csv,2026-06-23T00:00:00,1968
SLA001969,WO001379,C019,SV1,A005,P4,20241009,20241014,20241015,120,138.0,False,18.0,training_fact_sla_export.csv,2026-06-23T00:00:00,1969
SLA001970,WO002163,C006,SV4,A006,P3,20240623,20240626,20240626,72,71.16,True,0.0,training_fact_sla_export.csv,2026-06-23T00:00:00,1970
SLA001971,WO000131,C017,SV6,A002,P3,20240414,20240417,20240417,72,59.75,True,0.0,training_fact_sla_export.csv,2026-06-23T00:00:00,1971
SLA001972,WO003964,C002,SV2,A002,P3,20240821,20240824,20240823,72,38.58,True,0.0,training_fact_sla_export.csv,2026-06-23T00:00:00,1972
SLA001973,WO004097,C003,SV1,A005,P2,20240711,20240712,20240712,24,23.58,True,0.0,training_fact_sla_export.csv,2026-06-23T00:00:00,1973
SLA001974,WO001307,C008,SV3,A006,P4,20241014,20241019,20241017,120,55.48,True,0.0,training_fact_sla_export.csv,2026-06-23T00:00:00,1974
SLA001975,WO004472,C005,SV5,A003,P1,20240524,20240524,20240525,8,5.5,True,0.0,training_fact_sla_export.csv,2026-06-23T00:00:00,1975
SLA001976,WO000064,C009,SV6,A004,P4,20240609,20240614,20240612,120,62.07,True,0.0,training_fact_sla_export.csv,2026-06-23T00:00:00,1976
SLA001977,WO001793,C006,SV7,A001,P2,20241228,20241229,20241230,24,42.77,False,18.77,training_fact_sla_export.csv,2026-06-23T00:00:00,1977
SLA001978,WO000364,C006,SV3,A003,P2,20240410,20240411,20240411,24,15.12,True,0.0,training_fact_sla_export.csv,2026-06-23T00:00:00,1978
SLA001979,WO001412,C008,SV5,A001,P2,20240703,20240704,20240704,24,15.25,True,0.0,training_fact_sla_export.csv,2026-06-23T00:00:00,1979
SLA001980,WO000589,C002,SV6,A001,P2,20241229,20241230,20241231,24,26.01,False,2.01,training_fact_sla_export.csv,2026-06-23T00:00:00,1980
SLA001981,WO002410,C014,SV5,A006,P3,20240312,20240315,20240313,72,23.87,True,0.0,training_fact_sla_export.csv,2026-06-23T00:00:00,1981
SLA001982,WO003751,C018,SV7,A005,P3,20240630,20240703,20240704,72,77.3,False,5.3,training_fact_sla_export.csv,2026-06-23T00:00:00,1982
SLA001983,WO004622,C009,SV6,A005,P3,20240906,20240909,20240908,72,33.6,True,0.0,training_fact_sla_export.csv,2026-06-23T00:00:00,1983
SLA001984,WO004050,C005,SV2,A001,P3,20241223,20241226,20241225,72,45.89,True,0.0,training_fact_sla_export.csv,2026-06-23T00:00:00,1984
SLA001985,WO001871,C019,SV4,A005,P3,20241101,20241104,20241104,72,57.75,True,0.0,training_fact_sla_export.csv,2026-06-23T00:00:00,1985
SLA001986,WO003981,C018,SV7,A001,P2,20241013,20241014,20241014,24,12.96,True,0.0,training_fact_sla_export.csv,2026-06-23T00:00:00,1986
SLA001987,WO000906,C010,SV3,A005,P3,20240327,20240330,20240329,72,35.38,True,0.0,training_fact_sla_export.csv,2026-06-23T00:00:00,1987
SLA001988,WO004838,C006,SV6,A005,P3,20240813,20240816,20240818,72,119.3,False,47.3,training_fact_sla_export.csv,2026-06-23T00:00:00,1988
SLA001989,WO003669,C015,SV3,A005,P2,20241224,20241225,20241225,24,17.55,True,0.0,training_fact_sla_export.csv,2026-06-23T00:00:00,1989
SLA001990,WO002319,C017,SV4,A002,P2,20240614,20240615,20240615,24,7.97,True,0.0,training_fact_sla_export.csv,2026-06-23T00:00:00,1990
SLA001991,WO001275,C001,SV5,A003,P3,20240709,20240712,20240711,72,25.76,True,0.0,training_fact_sla_export.csv,2026-06-23T00:00:00,1991
SLA001992,WO000509,C006,SV6,A001,P3,20240722,20240725,20240726,72,85.82,False,13.82,training_fact_sla_export.csv,2026-06-23T00:00:00,1992
SLA001993,WO000559,C018,SV5,A003,P2,20240607,20240608,20240608,24,16.8,True,0.0,training_fact_sla_export.csv,2026-06-23T00:00:00,1993
SLA001994,WO001122,C003,SV4,A003,P2,20240622,20240623,20240623,24,7.85,True,0.0,training_fact_sla_export.csv,2026-06-23T00:00:00,1994
SLA001995,WO002882,C005,SV5,A003,P3,20240705,20240708,20240708,72,56.48,True,0.0,training_fact_sla_export.csv,2026-06-23T00:00:00,1995
SLA001996,WO004197,C017,SV2,A006,P2,20240501,20240502,20240503,24,27.76,False,3.76,training_fact_sla_export.csv,2026-06-23T00:00:00,1996
SLA001997,WO004860,C017,SV4,A005,P2,20240731,20240801,20240802,24,28.92,False,4.92,training_fact_sla_export.csv,2026-06-23T00:00:00,1997
SLA001998,WO000710,C006,SV6,A001,P2,20240704,20240705,20240705,24,14.99,True,0.0,training_fact_sla_export.csv,2026-06-23T00:00:00,1998
SLA001999,WO000620,C018,SV7,A005,P3,20240412,20240415,20240416,72,79.63,False,7.63,training_fact_sla_export.csv,2026-06-23T00:00:00,1999
SLA002000,WO000484,C007,SV8,A003,P3,20240427,20240430,20240501,72,89.97,False,17.97,training_fact_sla_export.csv,2026-06-23T00:00:00,2000
SLA002001,WO004747,C005,SV2,A005,P1,20241201,20241201,20241202,8,2.5,True,0.0,training_fact_sla_export.csv,2026-06-23T00:00:00,2001
SLA002002,WO003292,C009,SV2,A003,P2,20241109,20241110,20241110,24,14.88,True,0.0,training_fact_sla_export.csv,2026-06-23T00:00:00,2002
SLA002003,WO001577,C012,SV7,A005,P3,20241225,20241228,20241228,72,59.08,True,0.0,training_fact_sla_export.csv,2026-06-23T00:00:00,2003
SLA002004,WO001473,C013,SV1,A001,P4,20240325,20240330,20240401,120,149.26,False,29.26,training_fact_sla_export.csv,2026-06-23T00:00:00,2004
SLA002005,WO001064,C006,SV2,A001,P3,20240625,20240628,20240628,72,49.71,True,0.0,training_fact_sla_export.csv,2026-06-23T00:00:00,2005
SLA002006,WO004235,C013,SV7,A005,P2,20240206,20240207,20240207,24,18.68,True,0.0,training_fact_sla_export.csv,2026-06-23T00:00:00,2006
SLA002007,WO000393,C001,SV4,A006,P3,20240824,20240827,20240827,72,55.04,True,0.0,training_fact_sla_export.csv,2026-06-23T00:00:00,2007
SLA002008,WO004163,C002,SV5,A003,P1,20240107,20240107,20240108,8,4.29,True,0.0,training_fact_sla_export.csv,2026-06-23T00:00:00,2008
SLA002009,WO002179,C005,SV8,A006,P2,20241123,20241124,20241124,24,19.23,True,0.0,training_fact_sla_export.csv,2026-06-23T00:00:00,2009
SLA002010,WO000103,C020,SV2,A003,P3,20241210,20241213,20241212,72,45.98,True,0.0,training_fact_sla_export.csv,2026-06-23T00:00:00,2010
SLA002011,WO002812,C015,SV3,A006,P1,20240930,20240930,20241001,8,3.99,True,0.0,training_fact_sla_export.csv,2026-06-23T00:00:00,2011
SLA002012,WO004206,C002,SV3,A005,P2,20240401,20240402,20240402,24,19.16,True,0.0,training_fact_sla_export.csv,2026-06-23T00:00:00,2012
SLA002013,WO000182,C002,SV5,A003,P4,20240712,20240717,20240719,120,151.59,False,31.59,training_fact_sla_export.csv,2026-06-23T00:00:00,2013
SLA002014,WO004027,C017,SV4,A005,P2,20240903,20240904,20240905,24,24.63,False,0.63,training_fact_sla_export.csv,2026-06-23T00:00:00,2014
SLA002015,WO003747,C011,SV6,A005,P2,20241029,20241030,20241030,24,14.0,True,0.0,training_fact_sla_export.csv,2026-06-23T00:00:00,2015
SLA002016,WO003050,C015,SV4,A001,P2,20241104,20241105,20241105,24,19.71,True,0.0,training_fact_sla_export.csv,2026-06-23T00:00:00,2016
SLA002017,WO001660,C007,SV1,A001,P2,20240904,20240905,20240905,24,8.3,True,0.0,training_fact_sla_export.csv,2026-06-23T00:00:00,2017
SLA002018,WO001256,C006,SV2,A006,P3,20241108,20241111,20241111,72,56.12,True,0.0,training_fact_sla_export.csv,2026-06-23T00:00:00,2018
SLA002019,WO002553,C004,SV1,A006,P2,20240302,20240303,20240303,24,12.44,True,0.0,training_fact_sla_export.csv,2026-06-23T00:00:00,2019
SLA002020,WO004103,C012,SV6,A004,P3,20241206,20241209,20241211,72,97.85,False,25.85,training_fact_sla_export.csv,2026-06-23T00:00:00,2020
SLA002021,WO004434,C012,SV8,A001,P4,20241027,20241101,20241101,120,116.49,True,0.0,training_fact_sla_export.csv,2026-06-23T00:00:00,2021
SLA002022,WO000184,C011,SV8,A004,P2,20240502,20240503,20240504,24,29.46,False,5.46,training_fact_sla_export.csv,2026-06-23T00:00:00,2022
SLA002023,WO003514,C019,SV1,A005,P2,20240121,20240122,20240123,24,34.87,False,10.87,training_fact_sla_export.csv,2026-06-23T00:00:00,2023
SLA002024,WO003932,C014,SV6,A005,P3,20240401,20240404,20240404,72,50.18,True,0.0,training_fact_sla_export.csv,2026-06-23T00:00:00,2024
SLA002025,WO000191,C019,SV3,A004,P2,20240914,20240915,20240915,24,15.63,True,0.0,training_fact_sla_export.csv,2026-06-23T00:00:00,2025
SLA002026,WO000822,C015,SV2,A003,P4,20240103,20240108,20240106,120,69.87,True,0.0,training_fact_sla_export.csv,2026-06-23T00:00:00,2026
SLA002027,WO000792,C003,SV5,A001,P3,20241207,20241210,20241210,72,48.19,True,0.0,training_fact_sla_export.csv,2026-06-23T00:00:00,2027
SLA002028,WO001542,C011,SV7,A002,P4,20241116,20241121,20241119,120,61.43,True,0.0,training_fact_sla_export.csv,2026-06-23T00:00:00,2028
SLA002029,WO002682,C020,SV2,A001,P2,20240715,20240716,20240716,24,13.69,True,0.0,training_fact_sla_export.csv,2026-06-23T00:00:00,2029
SLA002030,WO003927,C015,SV8,A006,P4,20240930,20241005,20241005,120,97.39,True,0.0,training_fact_sla_export.csv,2026-06-23T00:00:00,2030
SLA002031,WO002700,C003,SV1,A005,P3,20240908,20240911,20240911,72,57.36,True,0.0,training_fact_sla_export.csv,2026-06-23T00:00:00,2031
SLA002032,WO002215,C004,SV1,A004,P1,20240824,20240824,20240825,8,7.72,True,0.0,training_fact_sla_export.csv,2026-06-23T00:00:00,2032
SLA002033,WO000753,C002,SV4,A006,P2,20240803,20240804,20240804,24,19.43,True,0.0,training_fact_sla_export.csv,2026-06-23T00:00:00,2033
SLA002034,WO001331,C014,SV6,A004,P4,20240708,20240713,20240713,120,105.77,True,0.0,training_fact_sla_export.csv,2026-06-23T00:00:00,2034
SLA002035,WO002572,C009,SV2,A004,P3,20240307,20240310,20240311,72,75.07,False,3.07,training_fact_sla_export.csv,2026-06-23T00:00:00,2035
SLA002036,WO004359,C009,SV7,A001,P1,20240919,20240919,20240920,8,1.96,True,0.0,training_fact_sla_export.csv,2026-06-23T00:00:00,2036
SLA002037,WO004597,C020,SV7,A004,P3,20240429,20240502,20240501,72,32.87,True,0.0,training_fact_sla_export.csv,2026-06-23T00:00:00,2037
SLA002038,WO004416,C019,SV5,A003,P2,20240713,20240714,20240714,24,15.85,True,0.0,training_fact_sla_export.csv,2026-06-23T00:00:00,2038
SLA002039,WO004632,C002,SV7,A003,P2,20240616,20240617,20240617,24,8.19,True,0.0,training_fact_sla_export.csv,2026-06-23T00:00:00,2039
SLA002040,WO001612,C018,SV3,A006,P2,20240501,20240502,20240503,24,31.41,False,7.41,training_fact_sla_export.csv,2026-06-23T00:00:00,2040
SLA002041,WO001885,C019,SV5,A003,P3,20240114,20240117,20240118,72,73.26,False,1.26,training_fact_sla_export.csv,2026-06-23T00:00:00,2041
SLA002042,WO003017,C001,SV7,A003,P2,20240730,20240731,20240731,24,4.84,True,0.0,training_fact_sla_export.csv,2026-06-23T00:00:00,2042
SLA002043,WO000982,C019,SV4,A001,P2,20240201,20240202,20240203,24,32.0,False,8.0,training_fact_sla_export.csv,2026-06-23T00:00:00,2043
SLA002044,WO000072,C016,SV6,A004,P3,20241011,20241014,20241015,72,81.2,False,9.2,training_fact_sla_export.csv,2026-06-23T00:00:00,2044
SLA002045,WO000333,C006,SV5,A006,P2,20240903,20240904,20240904,24,19.5,True,0.0,training_fact_sla_export.csv,2026-06-23T00:00:00,2045
SLA002046,WO004705,C013,SV2,A003,P3,20240816,20240819,20240818,72,46.68,True,0.0,training_fact_sla_export.csv,2026-06-23T00:00:00,2046
SLA002047,WO000514,C001,SV8,A004,P4,20240319,20240324,20240325,120,135.57,False,15.57,training_fact_sla_export.csv,2026-06-23T00:00:00,2047
SLA002048,WO003902,C015,SV1,A001,P2,20240910,20240911,20240911,24,13.04,True,0.0,training_fact_sla_export.csv,2026-06-23T00:00:00,2048
SLA002049,WO001788,C007,SV2,A006,P4,20240603,20240608,20240609,120,128.26,False,8.26,training_fact_sla_export.csv,2026-06-23T00:00:00,2049
SLA002050,WO004646,C006,SV4,A002,P2,20241210,20241211,20241212,24,26.26,False,2.26,training_fact_sla_export.csv,2026-06-23T00:00:00,2050
SLA002051,WO004346,C016,SV8,A003,P2,20240214,20240215,20240215,24,9.37,True,0.0,training_fact_sla_export.csv,2026-06-23T00:00:00,2051
SLA002052,WO001144,C016,SV5,A004,P3,20240226,20240229,20240229,72,68.49,True,0.0,training_fact_sla_export.csv,2026-06-23T00:00:00,2052
SLA002053,WO000311,C008,SV6,A003,P2,20241224,20241225,20241225,24,9.14,True,0.0,training_fact_sla_export.csv,2026-06-23T00:00:00,2053
SLA002054,WO003312,C003,SV4,A005,P3,20241213,20241216,20241220,72,146.44,False,74.44,training_fact_sla_export.csv,2026-06-23T00:00:00,2054
SLA002055,WO002535,C015,SV8,A005,P3,20240922,20240925,20240928,72,142.86,False,70.86,training_fact_sla_export.csv,2026-06-23T00:00:00,2055
SLA002056,WO004603,C018,SV6,A003,P3,20240920,20240923,20240923,72,48.19,True,0.0,training_fact_sla_export.csv,2026-06-23T00:00:00,2056
SLA002057,WO002754,C018,SV3,A003,P1,20240920,20240920,20240921,8,3.99,True,0.0,training_fact_sla_export.csv,2026-06-23T00:00:00,2057
SLA002058,WO002877,C009,SV7,A001,P3,20240907,20240910,20240909,72,47.79,True,0.0,training_fact_sla_export.csv,2026-06-23T00:00:00,2058
SLA002059,WO002002,C011,SV2,A006,P3,20241119,20241122,20241121,72,34.42,True,0.0,training_fact_sla_export.csv,2026-06-23T00:00:00,2059
SLA002060,WO001162,C003,SV1,A005,P3,20240713,20240716,20240716,72,67.41,True,0.0,training_fact_sla_export.csv,2026-06-23T00:00:00,2060
SLA002061,WO001396,C007,SV8,A006,P3,20240228,20240302,20240301,72,38.96,True,0.0,training_fact_sla_export.csv,2026-06-23T00:00:00,2061
SLA002062,WO003389,C015,SV5,A002,P4,20240327,20240401,20240329,120,37.41,True,0.0,training_fact_sla_export.csv,2026-06-23T00:00:00,2062
SLA002063,WO000325,C016,SV6,A005,P2,20240118,20240119,20240119,24,8.17,True,0.0,training_fact_sla_export.csv,2026-06-23T00:00:00,2063
SLA002064,WO000293,C008,SV6,A006,P4,20241002,20241007,20241004,120,45.51,True,0.0,training_fact_sla_export.csv,2026-06-23T00:00:00,2064
SLA002065,WO004491,C019,SV8,A005,P3,20240421,20240424,20240423,72,32.62,True,0.0,training_fact_sla_export.csv,2026-06-23T00:00:00,2065
SLA002066,WO003501,C006,SV6,A003,P1,20240723,20240723,20240724,8,6.12,True,0.0,training_fact_sla_export.csv,2026-06-23T00:00:00,2066
SLA002067,WO003940,C015,SV1,A006,P1,20240620,20240620,20240621,8,6.33,True,0.0,training_fact_sla_export.csv,2026-06-23T00:00:00,2067
SLA002068,WO002498,C014,SV7,A003,P3,20240415,20240418,20240417,72,35.98,True,0.0,training_fact_sla_export.csv,2026-06-23T00:00:00,2068
SLA002069,WO000062,C012,SV8,A003,P2,20240511,20240512,20240512,24,21.64,True,0.0,training_fact_sla_export.csv,2026-06-23T00:00:00,2069
SLA002070,WO004127,C007,SV2,A006,P3,20240325,20240328,20240327,72,32.2,True,0.0,training_fact_sla_export.csv,2026-06-23T00:00:00,2070
SLA002071,WO004669,C015,SV6,A001,P1,20240630,20240630,20240701,8,5.61,True,0.0,training_fact_sla_export.csv,2026-06-23T00:00:00,2071
SLA002072,WO004363,C005,SV6,A002,P2,20240126,20240127,20240127,24,17.25,True,0.0,training_fact_sla_export.csv,2026-06-23T00:00:00,2072
SLA002073,WO003461,C017,SV2,A004,P2,20240305,20240306,20240308,24,48.07,False,24.07,training_fact_sla_export.csv,2026-06-23T00:00:00,2073
SLA002074,WO003066,C013,SV3,A004,P3,20240212,20240215,20240215,72,71.52,True,0.0,training_fact_sla_export.csv,2026-06-23T00:00:00,2074
SLA002075,WO002422,C009,SV8,A003,P1,20240429,20240429,20240430,8,5.71,True,0.0,training_fact_sla_export.csv,2026-06-23T00:00:00,2075
SLA002076,WO002448,C008,SV1,A006,P3,20240417,20240420,20240419,72,40.88,True,0.0,training_fact_sla_export.csv,2026-06-23T00:00:00,2076
SLA002077,WO002794,C003,SV1,A003,P1,20240130,20240130,20240131,8,4.32,True,0.0,training_fact_sla_export.csv,2026-06-23T00:00:00,2077
SLA002078,WO002350,C002,SV1,A004,P1,20240515,20240515,20240516,8,3.22,True,0.0,training_fact_sla_export.csv,2026-06-23T00:00:00,2078
SLA002079,WO004008,C007,SV2,A004,P2,20240316,20240317,20240317,24,18.21,True,0.0,training_fact_sla_export.csv,2026-06-23T00:00:00,2079
SLA002080,WO004059,C005,SV1,A003,P3,20240313,20240316,20240315,72,40.8,True,0.0,training_fact_sla_export.csv,2026-06-23T00:00:00,2080
SLA002081,WO002670,C014,SV6,A005,P3,20241108,20241111,20241111,72,55.34,True,0.0,training_fact_sla_export.csv,2026-06-23T00:00:00,2081
SLA002082,WO004160,C010,SV7,A005,P3,20241024,20241027,20241026,72,36.72,True,0.0,training_fact_sla_export.csv,2026-06-23T00:00:00,2082
SLA002083,WO001260,C004,SV3,A003,P2,20240510,20240511,20240511,24,10.07,True,0.0,training_fact_sla_export.csv,2026-06-23T00:00:00,2083
SLA002084,WO004948,C012,SV5,A006,P3,20240820,20240823,20240823,72,62.44,True,0.0,training_fact_sla_export.csv,2026-06-23T00:00:00,2084
SLA002085,WO000833,C013,SV1,A005,P2,20240720,20240721,20240722,24,27.38,False,3.38,training_fact_sla_export.csv,2026-06-23T00:00:00,2085
SLA002086,WO004287,C010,SV8,A005,P2,20240401,20240402,20240403,24,26.76,False,2.76,training_fact_sla_export.csv,2026-06-23T00:00:00,2086
SLA002087,WO002151,C014,SV1,A001,P4,20241005,20241010,20241007,120,45.5,True,0.0,training_fact_sla_export.csv,2026-06-23T00:00:00,2087
SLA002088,WO004787,C019,SV7,A001,P3,20240417,20240420,20240420,72,52.22,True,0.0,training_fact_sla_export.csv,2026-06-23T00:00:00,2088
SLA002089,WO000968,C012,SV4,A002,P3,20240828,20240831,20240830,72,44.6,True,0.0,training_fact_sla_export.csv,2026-06-23T00:00:00,2089
SLA002090,WO002995,C007,SV2,A004,P3,20240727,20240730,20240731,72,83.63,False,11.63,training_fact_sla_export.csv,2026-06-23T00:00:00,2090
SLA002091,WO003618,C013,SV3,A003,P1,20240523,20240523,20240524,8,5.65,True,0.0,training_fact_sla_export.csv,2026-06-23T00:00:00,2091
SLA002092,WO002456,C018,SV1,A003,P1,20241016,20241016,20241017,8,8.23,False,0.23,training_fact_sla_export.csv,2026-06-23T00:00:00,2092
SLA002093,WO001139,C013,SV6,A006,P2,20240408,20240409,20240409,24,10.43,True,0.0,training_fact_sla_export.csv,2026-06-23T00:00:00,2093
SLA002094,WO000469,C010,SV6,A001,P2,20241201,20241202,20241202,24,14.38,True,0.0,training_fact_sla_export.csv,2026-06-23T00:00:00,2094
SLA002095,WO003324,C003,SV2,A001,P2,20241114,20241115,20241115,24,19.79,True,0.0,training_fact_sla_export.csv,2026-06-23T00:00:00,2095
SLA002096,WO001655,C014,SV5,A004,P3,20240317,20240320,20240321,72,92.8,False,20.8,training_fact_sla_export.csv,2026-06-23T00:00:00,2096
SLA002097,WO004975,C016,SV8,A001,P3,20241101,20241104,20241103,72,44.45,True,0.0,training_fact_sla_export.csv,2026-06-23T00:00:00,2097
SLA002098,WO000583,C011,SV4,A002,P3,20241016,20241019,20241018,72,40.73,True,0.0,training_fact_sla_export.csv,2026-06-23T00:00:00,2098
SLA002099,WO002608,C013,SV6,A004,P1,20241122,20241122,20241123,8,8.67,False,0.67,training_fact_sla_export.csv,2026-06-23T00:00:00,2099
SLA002100,WO000476,C003,SV4,A006,P4,20241203,20241208,20241205,120,38.96,True,0.0,training_fact_sla_export.csv,2026-06-23T00:00:00,2100
SLA002101,WO001423,C020,SV3,A005,P2,20240812,20240813,20240813,24,11.57,True,0.0,training_fact_sla_export.csv,2026-06-23T00:00:00,2101
SLA002102,WO004675,C009,SV1,A004,P3,20240419,20240422,20240421,72,45.77,True,0.0,training_fact_sla_export.csv,2026-06-23T00:00:00,2102
SLA002103,WO002225,C018,SV3,A004,P3,20241203,20241206,20241206,72,51.13,True,0.0,training_fact_sla_export.csv,2026-06-23T00:00:00,2103
SLA002104,WO004125,C014,SV5,A005,P2,20240413,20240414,20240414,24,23.93,True,0.0,training_fact_sla_export.csv,2026-06-23T00:00:00,2104
SLA002105,WO002157,C015,SV4,A006,P2,20240228,20240229,20240301,24,27.09,False,3.09,training_fact_sla_export.csv,2026-06-23T00:00:00,2105
SLA002106,WO004003,C006,SV5,A001,P1,20241126,20241126,20241127,8,3.99,True,0.0,training_fact_sla_export.csv,2026-06-23T00:00:00,2106
SLA002107,WO003775,C006,SV4,A006,P3,20240308,20240311,20240309,72,16.37,True,0.0,training_fact_sla_export.csv,2026-06-23T00:00:00,2107
SLA002108,WO002776,C007,SV5,A001,P2,20240519,20240520,20240520,24,20.19,True,0.0,training_fact_sla_export.csv,2026-06-23T00:00:00,2108
SLA002109,WO002123,C006,SV3,A005,P2,20240218,20240219,20240219,24,15.55,True,0.0,training_fact_sla_export.csv,2026-06-23T00:00:00,2109
SLA002110,WO000855,C015,SV6,A005,P3,20241025,20241028,20241028,72,70.12,True,0.0,training_fact_sla_export.csv,2026-06-23T00:00:00,2110
SLA002111,WO002394,C004,SV4,A005,P4,20241206,20241211,20241209,120,66.88,True,0.0,training_fact_sla_export.csv,2026-06-23T00:00:00,2111
SLA002112,WO003647,C015,SV8,A001,P3,20240217,20240220,20240219,72,37.46,True,0.0,training_fact_sla_export.csv,2026-06-23T00:00:00,2112
SLA002113,WO000573,C003,SV3,A003,P1,20240314,20240314,20240315,8,3.64,True,0.0,training_fact_sla_export.csv,2026-06-23T00:00:00,2113
SLA002114,WO003821,C011,SV2,A006,P3,20240126,20240129,20240128,72,28.24,True,0.0,training_fact_sla_export.csv,2026-06-23T00:00:00,2114
SLA002115,WO004819,C006,SV5,A003,P4,20241129,20241204,20241205,120,135.64,False,15.64,training_fact_sla_export.csv,2026-06-23T00:00:00,2115
SLA002116,WO002796,C015,SV5,A006,P2,20241129,20241130,20241130,24,12.17,True,0.0,training_fact_sla_export.csv,2026-06-23T00:00:00,2116
SLA002117,WO001609,C006,SV3,A006,P2,20240401,20240402,20240402,24,24.0,True,0.0,training_fact_sla_export.csv,2026-06-23T00:00:00,2117
SLA002118,WO003353,C017,SV7,A002,P3,20240527,20240530,20240531,72,80.31,False,8.31,training_fact_sla_export.csv,2026-06-23T00:00:00,2118
SLA002119,WO002405,C018,SV7,A003,P4,20240813,20240818,20240817,120,92.24,True,0.0,training_fact_sla_export.csv,2026-06-23T00:00:00,2119
SLA002120,WO004481,C011,SV6,A003,P3,20241028,20241031,20241031,72,63.46,True,0.0,training_fact_sla_export.csv,2026-06-23T00:00:00,2120
SLA002121,WO002021,C001,SV8,A003,P3,20240125,20240128,20240126,72,21.17,True,0.0,training_fact_sla_export.csv,2026-06-23T00:00:00,2121
SLA002122,WO001770,C014,SV3,A005,P3,20240207,20240210,20240208,72,17.47,True,0.0,training_fact_sla_export.csv,2026-06-23T00:00:00,2122
SLA002123,WO001319,C014,SV3,A005,P3,20240620,20240623,20240622,72,43.86,True,0.0,training_fact_sla_export.csv,2026-06-23T00:00:00,2123
SLA002124,WO003808,C001,SV8,A002,P3,20241020,20241023,20241022,72,29.45,True,0.0,training_fact_sla_export.csv,2026-06-23T00:00:00,2124
SLA002125,WO002303,C012,SV4,A003,P3,20240315,20240318,20240317,72,39.33,True,0.0,training_fact_sla_export.csv,2026-06-23T00:00:00,2125
SLA002126,WO002843,C001,SV5,A002,P3,20240203,20240206,20240206,72,57.16,True,0.0,training_fact_sla_export.csv,2026-06-23T00:00:00,2126
SLA002127,WO002886,C005,SV3,A004,P2,20240915,20240916,20240916,24,16.57,True,0.0,training_fact_sla_export.csv,2026-06-23T00:00:00,2127
SLA002128,WO000502,C013,SV6,A006,P1,20240428,20240428,20240429,8,3.18,True,0.0,training_fact_sla_export.csv,2026-06-23T00:00:00,2128
SLA002129,WO001553,C010,SV7,A003,P4,20240918,20240923,20240922,120,83.8,True,0.0,training_fact_sla_export.csv,2026-06-23T00:00:00,2129
SLA002130,WO000561,C013,SV4,A005,P3,20240507,20240510,20240513,72,143.44,False,71.44,training_fact_sla_export.csv,2026-06-23T00:00:00,2130
SLA002131,WO003395,C009,SV3,A005,P2,20241117,20241118,20241118,24,12.71,True,0.0,training_fact_sla_export.csv,2026-06-23T00:00:00,2131
SLA002132,WO003649,C006,SV5,A005,P2,20240916,20240917,20240917,24,16.81,True,0.0,training_fact_sla_export.csv,2026-06-23T00:00:00,2132
SLA002133,WO000439,C002,SV2,A006,P4,20240929,20241004,20241003,120,94.54,True,0.0,training_fact_sla_export.csv,2026-06-23T00:00:00,2133
SLA002134,WO003119,C013,SV3,A002,P4,20241027,20241101,20241102,120,138.92,False,18.92,training_fact_sla_export.csv,2026-06-23T00:00:00,2134
SLA002135,WO003813,C011,SV3,A001,P3,20241025,20241028,20241028,72,54.99,True,0.0,training_fact_sla_export.csv,2026-06-23T00:00:00,2135
SLA002136,WO000994,C003,SV5,A002,P2,20240703,20240704,20240704,24,9.52,True,0.0,training_fact_sla_export.csv,2026-06-23T00:00:00,2136
SLA002137,WO000864,C003,SV7,A003,P2,20240307,20240308,20240309,24,25.92,False,1.92,training_fact_sla_export.csv,2026-06-23T00:00:00,2137
SLA002138,WO004370,C016,SV4,A001,P4,20240921,20240926,20240923,120,38.68,True,0.0,training_fact_sla_export.csv,2026-06-23T00:00:00,2138
SLA002139,WO001637,C017,SV8,A004,P1,20240803,20240803,20240804,8,6.34,True,0.0,training_fact_sla_export.csv,2026-06-23T00:00:00,2139
SLA002140,WO002719,C008,SV2,A003,P2,20240903,20240904,20240904,24,8.74,True,0.0,training_fact_sla_export.csv,2026-06-23T00:00:00,2140
SLA002141,WO000898,C020,SV7,A004,P4,20240704,20240709,20240709,120,115.67,True,0.0,training_fact_sla_export.csv,2026-06-23T00:00:00,2141
SLA002142,WO000755,C012,SV5,A002,P3,20240107,20240110,20240110,72,59.97,True,0.0,training_fact_sla_export.csv,2026-06-23T00:00:00,2142
SLA002143,WO003204,C011,SV8,A005,P4,20240329,20240403,20240401,120,64.77,True,0.0,training_fact_sla_export.csv,2026-06-23T00:00:00,2143
SLA002144,WO002158,C020,SV7,A005,P4,20241026,20241031,20241028,120,47.43,True,0.0,training_fact_sla_export.csv,2026-06-23T00:00:00,2144
SLA002145,WO004432,C013,SV8,A006,P4,20241217,20241222,20241220,120,67.35,True,0.0,training_fact_sla_export.csv,2026-06-23T00:00:00,2145
SLA002146,WO002683,C011,SV6,A002,P3,20240202,20240205,20240204,72,38.3,True,0.0,training_fact_sla_export.csv,2026-06-23T00:00:00,2146
SLA002147,WO004412,C003,SV1,A004,P2,20241124,20241125,20241125,24,21.36,True,0.0,training_fact_sla_export.csv,2026-06-23T00:00:00,2147
SLA002148,WO001690,C011,SV5,A005,P3,20240127,20240130,20240129,72,38.69,True,0.0,training_fact_sla_export.csv,2026-06-23T00:00:00,2148
SLA002149,WO002423,C007,SV7,A006,P4,20240102,20240107,20240111,120,195.37,False,75.37,training_fact_sla_export.csv,2026-06-23T00:00:00,2149
SLA002150,WO002873,C003,SV4,A006,P1,20241122,20241122,20241123,8,9.61,False,1.61,training_fact_sla_export.csv,2026-06-23T00:00:00,2150
SLA002151,WO001789,C011,SV8,A004,P4,20241029,20241103,20241111,120,302.41,False,182.41,training_fact_sla_export.csv,2026-06-23T00:00:00,2151
SLA002152,WO001720,C001,SV6,A006,P1,20240207,20240207,20240208,8,13.67,False,5.67,training_fact_sla_export.csv,2026-06-23T00:00:00,2152
SLA002153,WO004067,C019,SV1,A003,P2,20240618,20240619,20240619,24,18.8,True,0.0,training_fact_sla_export.csv,2026-06-23T00:00:00,2153
SLA002154,WO001888,C019,SV5,A006,P2,20240417,20240418,20240418,24,15.08,True,0.0,training_fact_sla_export.csv,2026-06-23T00:00:00,2154
SLA002155,WO001344,C015,SV2,A005,P2,20240313,20240314,20240315,24,25.7,False,1.7,training_fact_sla_export.csv,2026-06-23T00:00:00,2155
SLA002156,WO004290,C018,SV6,A005,P3,20240803,20240806,20240805,72,27.87,True,0.0,training_fact_sla_export.csv,2026-06-23T00:00:00,2156
SLA002157,WO000946,C017,SV8,A003,P1,20240127,20240127,20240128,8,8.24,False,0.24,training_fact_sla_export.csv,2026-06-23T00:00:00,2157
SLA002158,WO003052,C017,SV7,A004,P2,20240201,20240202,20240203,24,39.98,False,15.98,training_fact_sla_export.csv,2026-06-23T00:00:00,2158
SLA002159,WO001107,C003,SV3,A001,P3,20240213,20240216,20240216,72,68.57,True,0.0,training_fact_sla_export.csv,2026-06-23T00:00:00,2159
SLA002160,WO002991,C020,SV6,A005,P1,20241208,20241208,20241209,8,3.25,True,0.0,training_fact_sla_export.csv,2026-06-23T00:00:00,2160
SLA002161,WO001192,C005,SV6,A004,P3,20240918,20240921,20240922,72,73.95,False,1.95,training_fact_sla_export.csv,2026-06-23T00:00:00,2161
SLA002162,WO004237,C002,SV6,A004,P4,20241228,20250102,20241231,120,65.88,True,0.0,training_fact_sla_export.csv,2026-06-23T00:00:00,2162
SLA002163,WO004337,C018,SV5,A005,P3,20240422,20240425,20240424,72,33.26,True,0.0,training_fact_sla_export.csv,2026-06-23T00:00:00,2163
SLA002164,WO000001,C016,SV4,A002,P3,20241229,20250101,20241231,72,81.05,False,9.05,training_fact_sla_export.csv,2026-06-23T00:00:00,2164
SLA002165,WO000472,C012,SV2,A005,P4,20240525,20240530,20240531,120,125.4,False,5.4,training_fact_sla_export.csv,2026-06-23T00:00:00,2165
SLA002166,WO004607,C003,SV8,A001,P2,20241214,20241215,20241216,24,39.91,False,15.91,training_fact_sla_export.csv,2026-06-23T00:00:00,2166
SLA002167,WO001566,C007,SV7,A006,P3,20241123,20241126,20241125,72,30.47,True,0.0,training_fact_sla_export.csv,2026-06-23T00:00:00,2167
SLA002168,WO003401,C013,SV4,A003,P2,20241030,20241031,20241031,24,15.95,True,0.0,training_fact_sla_export.csv,2026-06-23T00:00:00,2168
SLA002169,WO002445,C015,SV1,A001,P2,20240317,20240318,20240319,24,30.54,False,6.54,training_fact_sla_export.csv,2026-06-23T00:00:00,2169
SLA002170,WO003550,C015,SV2,A005,P3,20240308,20240311,20240311,72,59.48,True,0.0,training_fact_sla_export.csv,2026-06-23T00:00:00,2170
SLA002171,WO004198,C005,SV8,A006,P3,20240918,20240921,20240921,72,62.89,True,0.0,training_fact_sla_export.csv,2026-06-23T00:00:00,2171
SLA002172,WO001578,C014,SV7,A005,P2,20240622,20240623,20240623,24,11.85,True,0.0,training_fact_sla_export.csv,2026-06-23T00:00:00,2172
SLA002173,WO003842,C003,SV4,A002,P3,20241102,20241105,20241104,72,43.74,True,0.0,training_fact_sla_export.csv,2026-06-23T00:00:00,2173
SLA002174,WO003065,C006,SV6,A003,P3,20240419,20240422,20240422,72,55.31,True,0.0,training_fact_sla_export.csv,2026-06-23T00:00:00,2174
SLA002175,WO002081,C001,SV6,A005,P3,20240214,20240217,20240216,72,29.13,True,0.0,training_fact_sla_export.csv,2026-06-23T00:00:00,2175
SLA002176,WO004542,C018,SV3,A002,P2,20241017,20241018,20241018,24,7.89,True,0.0,training_fact_sla_export.csv,2026-06-23T00:00:00,2176
SLA002177,WO004149,C008,SV2,A006,P3,20241114,20241117,20241120,72,126.86,False,54.86,training_fact_sla_export.csv,2026-06-23T00:00:00,2177
SLA002178,WO004302,C012,SV2,A001,P3,20240224,20240227,20240226,72,39.7,True,0.0,training_fact_sla_export.csv,2026-06-23T00:00:00,2178
SLA002179,WO004941,C001,SV5,A003,P3,20240408,20240411,20240409,72,22.41,True,0.0,training_fact_sla_export.csv,2026-06-23T00:00:00,2179
SLA002180,WO004029,C019,SV4,A006,P4,20240402,20240407,20240404,120,35.08,True,0.0,training_fact_sla_export.csv,2026-06-23T00:00:00,2180
SLA002181,WO004769,C008,SV6,A001,P2,20241009,20241010,20241011,24,40.81,False,16.81,training_fact_sla_export.csv,2026-06-23T00:00:00,2181
SLA002182,WO002631,C009,SV8,A003,P1,20240520,20240520,20240521,8,4.18,True,0.0,training_fact_sla_export.csv,2026-06-23T00:00:00,2182
SLA002183,WO002277,C008,SV2,A006,P3,20240811,20240814,20240817,72,142.26,False,70.26,training_fact_sla_export.csv,2026-06-23T00:00:00,2183
SLA002184,WO004696,C007,SV5,A001,P3,20241109,20241112,20241112,72,58.07,True,0.0,training_fact_sla_export.csv,2026-06-23T00:00:00,2184
SLA002185,WO001361,C007,SV8,A006,P2,20240603,20240604,20240604,24,11.54,True,0.0,training_fact_sla_export.csv,2026-06-23T00:00:00,2185
SLA002186,WO001034,C018,SV6,A002,P1,20240224,20240224,20240225,8,6.27,True,0.0,training_fact_sla_export.csv,2026-06-23T00:00:00,2186
SLA002187,WO004377,C002,SV4,A004,P3,20240131,20240203,20240203,72,65.51,True,0.0,training_fact_sla_export.csv,2026-06-23T00:00:00,2187
SLA002188,WO000770,C017,SV2,A004,P3,20241114,20241117,20241118,72,86.06,False,14.06,training_fact_sla_export.csv,2026-06-23T00:00:00,2188
SLA002189,WO002440,C006,SV3,A005,P3,20240919,20240922,20240924,72,100.11,False,28.11,training_fact_sla_export.csv,2026-06-23T00:00:00,2189
SLA002190,WO001855,C002,SV1,A003,P3,20240819,20240822,20240821,72,27.59,True,0.0,training_fact_sla_export.csv,2026-06-23T00:00:00,2190
SLA002191,WO001103,C018,SV8,A002,P3,20240124,20240127,20240128,72,95.15,False,23.15,training_fact_sla_export.csv,2026-06-23T00:00:00,2191
SLA002192,WO003926,C009,SV6,A004,P2,20241105,20241106,20241106,24,13.79,True,0.0,training_fact_sla_export.csv,2026-06-23T00:00:00,2192
SLA002193,WO004536,C019,SV6,A003,P4,20240123,20240128,20240126,120,61.78,True,0.0,training_fact_sla_export.csv,2026-06-23T00:00:00,2193
SLA002194,WO000253,C002,SV3,A006,P2,20241231,20250101,20241231,24,19.45,True,0.0,training_fact_sla_export.csv,2026-06-23T00:00:00,2194
SLA002195,WO004390,C002,SV3,A004,P2,20241116,20241117,20241118,24,35.72,False,11.72,training_fact_sla_export.csv,2026-06-23T00:00:00,2195
SLA002196,WO003376,C018,SV6,A001,P2,20240718,20240719,20240719,24,15.03,True,0.0,training_fact_sla_export.csv,2026-06-23T00:00:00,2196
SLA002197,WO002052,C006,SV2,A006,P2,20241206,20241207,20241207,24,14.14,True,0.0,training_fact_sla_export.csv,2026-06-23T00:00:00,2197
SLA002198,WO001485,C010,SV5,A006,P1,20241110,20241110,20241111,8,3.15,True,0.0,training_fact_sla_export.csv,2026-06-23T00:00:00,2198
SLA002199,WO000213,C004,SV2,A004,P2,20240204,20240205,20240205,24,10.24,True,0.0,training_fact_sla_export.csv,2026-06-23T00:00:00,2199
SLA002200,WO003084,C006,SV2,A005,P2,20241118,20241119,20241119,24,7.51,True,0.0,training_fact_sla_export.csv,2026-06-23T00:00:00,2200
SLA002201,WO003498,C012,SV6,A005,P3,20240405,20240408,20240408,72,52.03,True,0.0,training_fact_sla_export.csv,2026-06-23T00:00:00,2201
SLA002202,WO001701,C002,SV6,A003,P2,20240427,20240428,20240428,24,9.81,True,0.0,training_fact_sla_export.csv,2026-06-23T00:00:00,2202
SLA002203,WO002786,C016,SV6,A002,P3,20240222,20240225,20240224,72,30.54,True,0.0,training_fact_sla_export.csv,2026-06-23T00:00:00,2203
SLA002204,WO000611,C006,SV3,A006,P2,20240910,20240911,20240911,24,19.76,True,0.0,training_fact_sla_export.csv,2026-06-23T00:00:00,2204
SLA002205,WO001761,C019,SV1,A003,P2,20241227,20241228,20241228,24,21.76,True,0.0,training_fact_sla_export.csv,2026-06-23T00:00:00,2205
SLA002206,WO003970,C008,SV4,A005,P3,20240630,20240703,20240702,72,43.06,True,0.0,training_fact_sla_export.csv,2026-06-23T00:00:00,2206
SLA002207,WO000183,C015,SV5,A005,P2,20240327,20240328,20240328,24,16.39,True,0.0,training_fact_sla_export.csv,2026-06-23T00:00:00,2207
SLA002208,WO003948,C020,SV2,A003,P3,20240503,20240506,20240506,72,55.85,True,0.0,training_fact_sla_export.csv,2026-06-23T00:00:00,2208
SLA002209,WO003137,C014,SV3,A003,P3,20241108,20241111,20241111,72,59.99,True,0.0,training_fact_sla_export.csv,2026-06-23T00:00:00,2209
SLA002210,WO002746,C020,SV8,A004,P2,20240812,20240813,20240813,24,20.06,True,0.0,training_fact_sla_export.csv,2026-06-23T00:00:00,2210
SLA002211,WO004643,C015,SV5,A004,P3,20240426,20240429,20240428,72,32.94,True,0.0,training_fact_sla_export.csv,2026-06-23T00:00:00,2211
SLA002212,WO003497,C010,SV5,A002,P4,20240624,20240629,20240626,120,45.44,True,0.0,training_fact_sla_export.csv,2026-06-23T00:00:00,2212
SLA002213,WO003446,C020,SV6,A004,P2,20240628,20240629,20240629,24,17.43,True,0.0,training_fact_sla_export.csv,2026-06-23T00:00:00,2213
SLA002214,WO004165,C019,SV3,A003,P3,20240401,20240404,20240405,72,81.82,False,9.82,training_fact_sla_export.csv,2026-06-23T00:00:00,2214
SLA002215,WO000944,C019,SV4,A006,P2,20241029,20241030,20241031,24,29.11,False,5.11,training_fact_sla_export.csv,2026-06-23T00:00:00,2215
SLA002216,WO003954,C016,SV7,A006,P3,20241115,20241118,20241121,72,123.33,False,51.33,training_fact_sla_export.csv,2026-06-23T00:00:00,2216
SLA002217,WO000440,C002,SV2,A004,P3,20241225,20241228,20241229,72,76.24,False,4.24,training_fact_sla_export.csv,2026-06-23T00:00:00,2217
SLA002218,WO002169,C016,SV7,A006,P2,20240926,20240927,20240927,24,20.47,True,0.0,training_fact_sla_export.csv,2026-06-23T00:00:00,2218
SLA002219,WO004040,C005,SV4,A006,P3,20241002,20241005,20241005,72,63.08,True,0.0,training_fact_sla_export.csv,2026-06-23T00:00:00,2219
SLA002220,WO001856,C006,SV4,A003,P1,20240613,20240613,20240614,8,3.37,True,0.0,training_fact_sla_export.csv,2026-06-23T00:00:00,2220
SLA002221,WO002375,C016,SV6,A005,P3,20241221,20241224,20241224,72,53.9,True,0.0,training_fact_sla_export.csv,2026-06-23T00:00:00,2221
SLA002222,WO001852,C015,SV8,A004,P1,20240810,20240810,20240811,8,15.62,False,7.62,training_fact_sla_export.csv,2026-06-23T00:00:00,2222
SLA002223,WO000342,C002,SV3,A002,P2,20240703,20240704,20240705,24,30.68,False,6.68,training_fact_sla_export.csv,2026-06-23T00:00:00,2223
SLA002224,WO003396,C020,SV1,A002,P4,20240527,20240601,20240603,120,151.31,False,31.31,training_fact_sla_export.csv,2026-06-23T00:00:00,2224
SLA002225,WO004816,C014,SV2,A005,P2,20240801,20240802,20240802,24,13.5,True,0.0,training_fact_sla_export.csv,2026-06-23T00:00:00,2225
SLA002226,WO002426,C017,SV4,A002,P1,20241225,20241225,20241226,8,4.56,True,0.0,training_fact_sla_export.csv,2026-06-23T00:00:00,2226
SLA002227,WO004281,C019,SV1,A003,P2,20241202,20241203,20241203,24,20.33,True,0.0,training_fact_sla_export.csv,2026-06-23T00:00:00,2227
SLA002228,WO002943,C011,SV2,A004,P3,20240325,20240328,20240330,72,117.62,False,45.62,training_fact_sla_export.csv,2026-06-23T00:00:00,2228
SLA002229,WO002757,C007,SV4,A003,P2,20241112,20241113,20241113,24,16.51,True,0.0,training_fact_sla_export.csv,2026-06-23T00:00:00,2229
SLA002230,WO000138,C001,SV5,A005,P4,20241031,20241105,20241101,120,21.95,True,0.0,training_fact_sla_export.csv,2026-06-23T00:00:00,2230
SLA002231,WO001085,C015,SV1,A004,P2,20240504,20240505,20240505,24,12.45,True,0.0,training_fact_sla_export.csv,2026-06-23T00:00:00,2231
SLA002232,WO002734,C008,SV1,A001,P2,20240410,20240411,20240411,24,9.93,True,0.0,training_fact_sla_export.csv,2026-06-23T00:00:00,2232
SLA002233,WO002862,C009,SV4,A005,P3,20241009,20241012,20241012,72,58.89,True,0.0,training_fact_sla_export.csv,2026-06-23T00:00:00,2233
SLA002234,WO001960,C014,SV7,A005,P3,20240801,20240804,20240804,72,50.42,True,0.0,training_fact_sla_export.csv,2026-06-23T00:00:00,2234
SLA002235,WO003121,C009,SV7,A002,P3,20240423,20240426,20240429,72,135.6,False,63.6,training_fact_sla_export.csv,2026-06-23T00:00:00,2235
SLA002236,WO003874,C003,SV7,A006,P2,20240315,20240316,20240316,24,17.89,True,0.0,training_fact_sla_export.csv,2026-06-23T00:00:00,2236
SLA002237,WO004920,C018,SV1,A004,P3,20240113,20240116,20240118,72,114.82,False,42.82,training_fact_sla_export.csv,2026-06-23T00:00:00,2237
SLA002238,WO001455,C009,SV5,A003,P2,20240107,20240108,20240108,24,17.29,True,0.0,training_fact_sla_export.csv,2026-06-23T00:00:00,2238
SLA002239,WO002097,C015,SV2,A002,P2,20240908,20240909,20240909,24,13.6,True,0.0,training_fact_sla_export.csv,2026-06-23T00:00:00,2239
SLA002240,WO000806,C015,SV8,A005,P3,20240829,20240901,20240901,72,60.68,True,0.0,training_fact_sla_export.csv,2026-06-23T00:00:00,2240
SLA002241,WO000427,C005,SV6,A005,P2,20241201,20241202,20241202,24,5.81,True,0.0,training_fact_sla_export.csv,2026-06-23T00:00:00,2241
SLA002242,WO001087,C018,SV2,A006,P3,20240706,20240709,20240709,72,58.78,True,0.0,training_fact_sla_export.csv,2026-06-23T00:00:00,2242
SLA002243,WO001123,C020,SV1,A001,P4,20240310,20240315,20240312,120,33.78,True,0.0,training_fact_sla_export.csv,2026-06-23T00:00:00,2243
SLA002244,WO000671,C015,SV4,A004,P2,20241121,20241122,20241122,24,20.4,True,0.0,training_fact_sla_export.csv,2026-06-23T00:00:00,2244
SLA002245,WO001386,C018,SV3,A003,P1,20240720,20240720,20240721,8,9.42,False,1.42,training_fact_sla_export.csv,2026-06-23T00:00:00,2245
SLA002246,WO000876,C013,SV6,A005,P3,20240317,20240320,20240320,72,51.45,True,0.0,training_fact_sla_export.csv,2026-06-23T00:00:00,2246
SLA002247,WO003555,C007,SV8,A003,P1,20241002,20241002,20241003,8,7.67,True,0.0,training_fact_sla_export.csv,2026-06-23T00:00:00,2247
SLA002248,WO002329,C005,SV1,A006,P3,20240218,20240221,20240219,72,23.75,True,0.0,training_fact_sla_export.csv,2026-06-23T00:00:00,2248
SLA002249,WO003871,C019,SV2,A006,P2,20240608,20240609,20240609,24,21.87,True,0.0,training_fact_sla_export.csv,2026-06-23T00:00:00,2249
SLA002250,WO000839,C014,SV8,A003,P3,20240321,20240324,20240323,72,40.81,True,0.0,training_fact_sla_export.csv,2026-06-23T00:00:00,2250
SLA002251,WO004811,C010,SV3,A003,P1,20240408,20240408,20240409,8,7.22,True,0.0,training_fact_sla_export.csv,2026-06-23T00:00:00,2251
SLA002252,WO001745,C017,SV7,A005,P2,20240923,20240924,20240924,24,22.95,True,0.0,training_fact_sla_export.csv,2026-06-23T00:00:00,2252
SLA002253,WO004825,C012,SV8,A002,P3,20241030,20241102,20241102,72,70.5,True,0.0,training_fact_sla_export.csv,2026-06-23T00:00:00,2253
SLA002254,WO002178,C009,SV4,A006,P2,20240930,20241001,20241001,24,8.69,True,0.0,training_fact_sla_export.csv,2026-06-23T00:00:00,2254
SLA002255,WO002224,C002,SV6,A005,P3,20240216,20240219,20240219,72,52.68,True,0.0,training_fact_sla_export.csv,2026-06-23T00:00:00,2255
SLA002256,WO001724,C018,SV4,A006,P3,20240610,20240613,20240611,72,23.36,True,0.0,training_fact_sla_export.csv,2026-06-23T00:00:00,2256
SLA002257,WO001947,C002,SV5,A005,P4,20240920,20240925,20240925,120,101.34,True,0.0,training_fact_sla_export.csv,2026-06-23T00:00:00,2257
SLA002258,WO002281,C007,SV5,A004,P1,20240504,20240504,20240505,8,7.83,True,0.0,training_fact_sla_export.csv,2026-06-23T00:00:00,2258
SLA002259,WO004638,C013,SV1,A006,P3,20240805,20240808,20240808,72,53.94,True,0.0,training_fact_sla_export.csv,2026-06-23T00:00:00,2259
SLA002260,WO003551,C013,SV6,A002,P2,20240229,20240301,20240301,24,15.51,True,0.0,training_fact_sla_export.csv,2026-06-23T00:00:00,2260
SLA002261,WO002577,C013,SV7,A003,P3,20240925,20240928,20240926,72,21.25,True,0.0,training_fact_sla_export.csv,2026-06-23T00:00:00,2261
SLA002262,WO002784,C017,SV8,A005,P3,20240811,20240814,20240813,72,25.78,True,0.0,training_fact_sla_export.csv,2026-06-23T00:00:00,2262
SLA002263,WO002857,C011,SV5,A006,P3,20240504,20240507,20240506,72,28.68,True,0.0,training_fact_sla_export.csv,2026-06-23T00:00:00,2263
SLA002264,WO003689,C018,SV5,A005,P4,20241204,20241209,20241206,120,33.49,True,0.0,training_fact_sla_export.csv,2026-06-23T00:00:00,2264
SLA002265,WO002844,C012,SV2,A003,P4,20240926,20241001,20241002,120,143.22,False,23.22,training_fact_sla_export.csv,2026-06-23T00:00:00,2265
SLA002266,WO004158,C010,SV6,A004,P4,20241102,20241107,20241109,120,167.32,False,47.32,training_fact_sla_export.csv,2026-06-23T00:00:00,2266
SLA002267,WO002951,C008,SV5,A003,P4,20240128,20240202,20240201,120,95.96,True,0.0,training_fact_sla_export.csv,2026-06-23T00:00:00,2267
SLA002268,WO003114,C010,SV1,A003,P4,20240619,20240624,20240623,120,76.31,True,0.0,training_fact_sla_export.csv,2026-06-23T00:00:00,2268
SLA002269,WO004308,C010,SV2,A006,P3,20240826,20240829,20240829,72,50.35,True,0.0,training_fact_sla_export.csv,2026-06-23T00:00:00,2269
SLA002270,WO000168,C019,SV8,A001,P2,20240628,20240629,20240629,24,6.52,True,0.0,training_fact_sla_export.csv,2026-06-23T00:00:00,2270
SLA002271,WO002301,C004,SV3,A004,P3,20240510,20240513,20240519,72,194.13,False,122.13,training_fact_sla_export.csv,2026-06-23T00:00:00,2271
SLA002272,WO003229,C010,SV8,A005,P2,20241101,20241102,20241102,24,17.72,True,0.0,training_fact_sla_export.csv,2026-06-23T00:00:00,2272
SLA002273,WO004907,C003,SV6,A005,P2,20240802,20240803,20240803,24,20.88,True,0.0,training_fact_sla_export.csv,2026-06-23T00:00:00,2273
SLA002274,WO000343,C001,SV3,A003,P3,20240211,20240214,20240214,72,54.45,True,0.0,training_fact_sla_export.csv,2026-06-23T00:00:00,2274
SLA002275,WO000814,C010,SV8,A003,P4,20240823,20240828,20240828,120,114.89,True,0.0,training_fact_sla_export.csv,2026-06-23T00:00:00,2275
SLA002276,WO001780,C010,SV5,A003,P2,20241021,20241022,20241022,24,13.73,True,0.0,training_fact_sla_export.csv,2026-06-23T00:00:00,2276
SLA002277,WO002856,C006,SV2,A003,P1,20240909,20240909,20240910,8,3.16,True,0.0,training_fact_sla_export.csv,2026-06-23T00:00:00,2277
SLA002278,WO000623,C013,SV5,A005,P2,20240905,20240906,20240906,24,9.26,True,0.0,training_fact_sla_export.csv,2026-06-23T00:00:00,2278
SLA002279,WO001570,C001,SV8,A001,P3,20241123,20241126,20241126,72,54.22,True,0.0,training_fact_sla_export.csv,2026-06-23T00:00:00,2279
SLA002280,WO001366,C015,SV2,A004,P3,20240325,20240328,20240403,72,196.21,False,124.21,training_fact_sla_export.csv,2026-06-23T00:00:00,2280
SLA002281,WO000860,C009,SV1,A003,P2,20241215,20241216,20241216,24,11.68,True,0.0,training_fact_sla_export.csv,2026-06-23T00:00:00,2281
SLA002282,WO000581,C002,SV6,A005,P1,20240830,20240830,20240831,8,9.19,False,1.19,training_fact_sla_export.csv,2026-06-23T00:00:00,2282
SLA002283,WO000056,C019,SV4,A005,P3,20241005,20241008,20241006,72,21.03,True,0.0,training_fact_sla_export.csv,2026-06-23T00:00:00,2283
SLA002284,WO003150,C012,SV8,A006,P2,20240827,20240828,20240828,24,19.57,True,0.0,training_fact_sla_export.csv,2026-06-23T00:00:00,2284
SLA002285,WO004264,C010,SV1,A006,P2,20240105,20240106,20240106,24,18.28,True,0.0,training_fact_sla_export.csv,2026-06-23T00:00:00,2285
SLA002286,WO004591,C013,SV8,A005,P3,20240401,20240404,20240405,72,73.9,False,1.9,training_fact_sla_export.csv,2026-06-23T00:00:00,2286
SLA002287,WO004965,C012,SV3,A001,P2,20240808,20240809,20240809,24,16.52,True,0.0,training_fact_sla_export.csv,2026-06-23T00:00:00,2287
SLA002288,WO001241,C014,SV5,A003,P3,20240330,20240402,20240402,72,64.64,True,0.0,training_fact_sla_export.csv,2026-06-23T00:00:00,2288
SLA002289,WO000118,C015,SV5,A005,P4,20240812,20240817,20240816,120,73.1,True,0.0,training_fact_sla_export.csv,2026-06-23T00:00:00,2289
SLA002290,WO003165,C006,SV4,A006,P4,20240302,20240307,20240309,120,145.5,False,25.5,training_fact_sla_export.csv,2026-06-23T00:00:00,2290
SLA002291,WO000723,C013,SV2,A003,P2,20241007,20241008,20241009,24,24.72,False,0.72,training_fact_sla_export.csv,2026-06-23T00:00:00,2291
SLA002292,WO001927,C016,SV4,A005,P4,20240402,20240407,20240407,120,97.16,True,0.0,training_fact_sla_export.csv,2026-06-23T00:00:00,2292
SLA002293,WO004715,C003,SV8,A003,P3,20240108,20240111,20240112,72,86.28,False,14.28,training_fact_sla_export.csv,2026-06-23T00:00:00,2293
SLA002294,WO002119,C016,SV6,A002,P3,20240111,20240114,20240113,72,34.06,True,0.0,training_fact_sla_export.csv,2026-06-23T00:00:00,2294
SLA002295,WO002988,C007,SV5,A005,P3,20240707,20240710,20240709,72,33.68,True,0.0,training_fact_sla_export.csv,2026-06-23T00:00:00,2295
SLA002296,WO004393,C003,SV3,A005,P2,20240217,20240218,20240218,24,7.72,True,0.0,training_fact_sla_export.csv,2026-06-23T00:00:00,2296
SLA002297,WO002989,C015,SV5,A001,P2,20240612,20240613,20240613,24,19.91,True,0.0,training_fact_sla_export.csv,2026-06-23T00:00:00,2297
SLA002298,WO000290,C016,SV8,A005,P3,20241003,20241006,20241006,72,54.65,True,0.0,training_fact_sla_export.csv,2026-06-23T00:00:00,2298
SLA002299,WO003069,C012,SV8,A003,P3,20240612,20240615,20240614,72,32.24,True,0.0,training_fact_sla_export.csv,2026-06-23T00:00:00,2299
SLA002300,WO004804,C013,SV3,A002,P4,20240823,20240828,20240827,120,74.3,True,0.0,training_fact_sla_export.csv,2026-06-23T00:00:00,2300
SLA002301,WO003100,C010,SV3,A004,P4,20240409,20240414,20240416,120,156.46,False,36.46,training_fact_sla_export.csv,2026-06-23T00:00:00,2301
SLA002302,WO004494,C009,SV3,A003,P4,20240918,20240923,20240921,120,60.92,True,0.0,training_fact_sla_export.csv,2026-06-23T00:00:00,2302
SLA002303,WO004461,C007,SV4,A005,P2,20241227,20241228,20241229,24,24.33,False,0.33,training_fact_sla_export.csv,2026-06-23T00:00:00,2303
SLA002304,WO000464,C016,SV2,A002,P3,20241223,20241226,20241227,72,92.63,False,20.63,training_fact_sla_export.csv,2026-06-23T00:00:00,2304
SLA002305,WO004522,C010,SV6,A001,P2,20240105,20240106,20240106,24,21.22,True,0.0,training_fact_sla_export.csv,2026-06-23T00:00:00,2305
SLA002306,WO001632,C003,SV8,A002,P3,20240712,20240715,20240714,72,32.29,True,0.0,training_fact_sla_export.csv,2026-06-23T00:00:00,2306
SLA002307,WO004215,C005,SV2,A001,P2,20240123,20240124,20240124,24,16.63,True,0.0,training_fact_sla_export.csv,2026-06-23T00:00:00,2307
SLA002308,WO004079,C008,SV6,A005,P3,20240131,20240203,20240202,72,36.25,True,0.0,training_fact_sla_export.csv,2026-06-23T00:00:00,2308
SLA002309,WO000912,C015,SV4,A003,P3,20240721,20240724,20240723,72,36.2,True,0.0,training_fact_sla_export.csv,2026-06-23T00:00:00,2309
SLA002310,WO003915,C018,SV6,A006,P3,20240328,20240331,20240331,72,57.76,True,0.0,training_fact_sla_export.csv,2026-06-23T00:00:00,2310
SLA002311,WO003961,C004,SV7,A003,P2,20240530,20240531,20240531,24,10.12,True,0.0,training_fact_sla_export.csv,2026-06-23T00:00:00,2311
SLA002312,WO003192,C003,SV8,A005,P2,20240423,20240424,20240424,24,13.04,True,0.0,training_fact_sla_export.csv,2026-06-23T00:00:00,2312
SLA002313,WO003657,C011,SV3,A005,P4,20241117,20241122,20241122,120,114.48,True,0.0,training_fact_sla_export.csv,2026-06-23T00:00:00,2313
SLA002314,WO003223,C019,SV7,A006,P3,20240906,20240909,20240910,72,74.25,False,2.25,training_fact_sla_export.csv,2026-06-23T00:00:00,2314
SLA002315,WO003730,C006,SV1,A003,P3,20240614,20240617,20240617,72,67.76,True,0.0,training_fact_sla_export.csv,2026-06-23T00:00:00,2315
SLA002316,WO003621,C013,SV3,A003,P2,20241013,20241014,20241014,24,13.08,True,0.0,training_fact_sla_export.csv,2026-06-23T00:00:00,2316
SLA002317,WO003851,C015,SV4,A005,P3,20240516,20240519,20240520,72,76.61,False,4.61,training_fact_sla_export.csv,2026-06-23T00:00:00,2317
SLA002318,WO003162,C001,SV1,A003,P2,20240114,20240115,20240115,24,4.94,True,0.0,training_fact_sla_export.csv,2026-06-23T00:00:00,2318
SLA002319,WO004019,C008,SV6,A005,P3,20240427,20240430,20240430,72,52.33,True,0.0,training_fact_sla_export.csv,2026-06-23T00:00:00,2319
SLA002320,WO000771,C004,SV6,A005,P1,20241202,20241202,20241203,8,2.81,True,0.0,training_fact_sla_export.csv,2026-06-23T00:00:00,2320
SLA002321,WO000984,C020,SV8,A005,P2,20241213,20241214,20241214,24,9.5,True,0.0,training_fact_sla_export.csv,2026-06-23T00:00:00,2321
SLA002322,WO001920,C002,SV4,A004,P2,20240116,20240117,20240117,24,9.05,True,0.0,training_fact_sla_export.csv,2026-06-23T00:00:00,2322
SLA002323,WO004200,C003,SV6,A004,P2,20240407,20240408,20240408,24,17.69,True,0.0,training_fact_sla_export.csv,2026-06-23T00:00:00,2323
SLA002324,WO003873,C016,SV8,A006,P2,20241025,20241026,20241026,24,6.85,True,0.0,training_fact_sla_export.csv,2026-06-23T00:00:00,2324
SLA002325,WO001039,C004,SV5,A001,P4,20240510,20240515,20240516,120,132.42,False,12.42,training_fact_sla_export.csv,2026-06-23T00:00:00,2325
SLA002326,WO004475,C006,SV3,A005,P3,20241105,20241108,20241107,72,24.73,True,0.0,training_fact_sla_export.csv,2026-06-23T00:00:00,2326
SLA002327,WO003627,C012,SV6,A001,P2,20240804,20240805,20240805,24,10.46,True,0.0,training_fact_sla_export.csv,2026-06-23T00:00:00,2327
SLA002328,WO001477,C012,SV3,A002,P2,20240904,20240905,20240906,24,27.35,False,3.35,training_fact_sla_export.csv,2026-06-23T00:00:00,2328
SLA002329,WO003694,C020,SV4,A003,P1,20240112,20240112,20240113,8,11.19,False,3.19,training_fact_sla_export.csv,2026-06-23T00:00:00,2329
SLA002330,WO004871,C018,SV1,A003,P4,20241214,20241219,20241217,120,65.66,True,0.0,training_fact_sla_export.csv,2026-06-23T00:00:00,2330
SLA002331,WO003010,C017,SV1,A006,P2,20240216,20240217,20240217,24,9.13,True,0.0,training_fact_sla_export.csv,2026-06-23T00:00:00,2331
SLA002332,WO003936,C019,SV1,A005,P4,20241216,20241221,20241219,120,54.2,True,0.0,training_fact_sla_export.csv,2026-06-23T00:00:00,2332
SLA002333,WO001338,C012,SV3,A006,P4,20240117,20240122,20240119,120,45.24,True,0.0,training_fact_sla_export.csv,2026-06-23T00:00:00,2333
SLA002334,WO003093,C017,SV3,A005,P3,20240920,20240923,20240921,72,20.24,True,0.0,training_fact_sla_export.csv,2026-06-23T00:00:00,2334
SLA002335,WO001567,C015,SV8,A003,P1,20241010,20241010,20241011,8,9.34,False,1.34,training_fact_sla_export.csv,2026-06-23T00:00:00,2335
SLA002336,WO001895,C011,SV5,A003,P2,20241230,20241231,20241231,24,17.31,True,0.0,training_fact_sla_export.csv,2026-06-23T00:00:00,2336
SLA002337,WO003586,C019,SV7,A005,P2,20240614,20240615,20240616,24,26.58,False,2.58,training_fact_sla_export.csv,2026-06-23T00:00:00,2337
SLA002338,WO000199,C003,SV5,A002,P2,20240318,20240319,20240319,24,22.56,True,0.0,training_fact_sla_export.csv,2026-06-23T00:00:00,2338
SLA002339,WO003718,C008,SV3,A003,P2,20240725,20240726,20240726,24,19.06,True,0.0,training_fact_sla_export.csv,2026-06-23T00:00:00,2339
SLA002340,WO003863,C007,SV1,A002,P3,20240211,20240214,20240213,72,44.31,True,0.0,training_fact_sla_export.csv,2026-06-23T00:00:00,2340
SLA002341,WO000869,C011,SV4,A003,P2,20240905,20240906,20240906,24,13.88,True,0.0,training_fact_sla_export.csv,2026-06-23T00:00:00,2341
SLA002342,WO000457,C007,SV2,A004,P1,20241221,20241221,20241222,8,3.18,True,0.0,training_fact_sla_export.csv,2026-06-23T00:00:00,2342
SLA002343,WO000197,C009,SV3,A003,P2,20240511,20240512,20240513,24,34.97,False,10.97,training_fact_sla_export.csv,2026-06-23T00:00:00,2343
SLA002344,WO000085,C020,SV3,A001,P3,20240720,20240723,20240721,72,19.8,True,0.0,training_fact_sla_export.csv,2026-06-23T00:00:00,2344
SLA002345,WO004888,C016,SV8,A002,P1,20241213,20241213,20241214,8,5.58,True,0.0,training_fact_sla_export.csv,2026-06-23T00:00:00,2345
SLA002346,WO004934,C017,SV4,A002,P2,20240629,20240630,20240630,24,22.4,True,0.0,training_fact_sla_export.csv,2026-06-23T00:00:00,2346
SLA002347,WO004636,C008,SV1,A006,P2,20241120,20241121,20241121,24,8.95,True,0.0,training_fact_sla_export.csv,2026-06-23T00:00:00,2347
SLA002348,WO003085,C007,SV5,A006,P3,20240723,20240726,20240725,72,34.21,True,0.0,training_fact_sla_export.csv,2026-06-23T00:00:00,2348
SLA002349,WO000278,C011,SV3,A004,P3,20240814,20240817,20240817,72,58.96,True,0.0,training_fact_sla_export.csv,2026-06-23T00:00:00,2349
SLA002350,WO004289,C009,SV2,A006,P2,20240906,20240907,20240907,24,16.61,True,0.0,training_fact_sla_export.csv,2026-06-23T00:00:00,2350
SLA002351,WO000160,C014,SV8,A004,P3,20241129,20241202,20241205,72,123.89,False,51.89,training_fact_sla_export.csv,2026-06-23T00:00:00,2351
SLA002352,WO004774,C006,SV3,A002,P3,20240107,20240110,20240109,72,29.4,True,0.0,training_fact_sla_export.csv,2026-06-23T00:00:00,2352
SLA002353,WO004891,C003,SV5,A006,P3,20241108,20241111,20241109,72,23.94,True,0.0,training_fact_sla_export.csv,2026-06-23T00:00:00,2353
SLA002354,WO000928,C009,SV5,A004,P3,20240531,20240603,20240602,72,32.29,True,0.0,training_fact_sla_export.csv,2026-06-23T00:00:00,2354
SLA002355,WO000850,C017,SV7,A004,P2,20240220,20240221,20240221,24,22.53,True,0.0,training_fact_sla_export.csv,2026-06-23T00:00:00,2355
SLA002356,WO003929,C002,SV1,A005,P3,20240405,20240408,20240408,72,67.53,True,0.0,training_fact_sla_export.csv,2026-06-23T00:00:00,2356
SLA002357,WO001013,C002,SV4,A004,P3,20240507,20240510,20240509,72,24.44,True,0.0,training_fact_sla_export.csv,2026-06-23T00:00:00,2357
SLA002358,WO003503,C017,SV4,A001,P3,20240128,20240131,20240130,72,31.95,True,0.0,training_fact_sla_export.csv,2026-06-23T00:00:00,2358
SLA002359,WO004347,C008,SV7,A005,P3,20241212,20241215,20241215,72,58.5,True,0.0,training_fact_sla_export.csv,2026-06-23T00:00:00,2359
SLA002360,WO002576,C011,SV3,A005,P2,20240611,20240612,20240612,24,7.78,True,0.0,training_fact_sla_export.csv,2026-06-23T00:00:00,2360
SLA002361,WO002004,C016,SV2,A002,P2,20241214,20241215,20241215,24,19.41,True,0.0,training_fact_sla_export.csv,2026-06-23T00:00:00,2361
SLA002362,WO001015,C013,SV5,A001,P4,20240712,20240717,20240714,120,27.99,True,0.0,training_fact_sla_export.csv,2026-06-23T00:00:00,2362
SLA002363,WO003075,C020,SV2,A004,P3,20240716,20240719,20240719,72,54.4,True,0.0,training_fact_sla_export.csv,2026-06-23T00:00:00,2363
SLA002364,WO000825,C004,SV6,A003,P2,20240627,20240628,20240629,24,45.77,False,21.77,training_fact_sla_export.csv,2026-06-23T00:00:00,2364
SLA002365,WO000964,C017,SV7,A004,P2,20240420,20240421,20240421,24,16.83,True,0.0,training_fact_sla_export.csv,2026-06-23T00:00:00,2365
SLA002366,WO001544,C010,SV7,A001,P3,20240702,20240705,20240704,72,42.79,True,0.0,training_fact_sla_export.csv,2026-06-23T00:00:00,2366
SLA002367,WO001257,C003,SV4,A004,P2,20240407,20240408,20240409,24,24.68,False,0.68,training_fact_sla_export.csv,2026-06-23T00:00:00,2367
SLA002368,WO001560,C010,SV5,A003,P4,20241206,20241211,20241209,120,50.31,True,0.0,training_fact_sla_export.csv,2026-06-23T00:00:00,2368
SLA002369,WO003765,C011,SV2,A003,P4,20240403,20240408,20240407,120,93.77,True,0.0,training_fact_sla_export.csv,2026-06-23T00:00:00,2369
SLA002370,WO000538,C002,SV3,A001,P2,20240429,20240430,20240430,24,7.31,True,0.0,training_fact_sla_export.csv,2026-06-23T00:00:00,2370
SLA002371,WO000655,C010,SV8,A001,P2,20240924,20240925,20240925,24,14.54,True,0.0,training_fact_sla_export.csv,2026-06-23T00:00:00,2371
SLA002372,WO000037,C001,SV3,A006,P2,20240419,20240420,20240420,24,11.33,True,0.0,training_fact_sla_export.csv,2026-06-23T00:00:00,2372
SLA002373,WO001623,C014,SV3,A005,P4,20241122,20241127,20241204,120,274.84,False,154.84,training_fact_sla_export.csv,2026-06-23T00:00:00,2373
SLA002374,WO004980,C013,SV4,A004,P3,20240529,20240601,20240603,72,117.83,False,45.83,training_fact_sla_export.csv,2026-06-23T00:00:00,2374
SLA002375,WO000746,C003,SV8,A006,P4,20240906,20240911,20240910,120,72.24,True,0.0,training_fact_sla_export.csv,2026-06-23T00:00:00,2375
SLA002376,WO004368,C012,SV3,A004,P4,20240723,20240728,20240802,120,219.54,False,99.54,training_fact_sla_export.csv,2026-06-23T00:00:00,2376
SLA002377,WO001335,C006,SV8,A005,P3,20241107,20241110,20241111,72,75.2,False,3.2,training_fact_sla_export.csv,2026-06-23T00:00:00,2377
SLA002378,WO002062,C013,SV8,A001,P3,20240607,20240610,20240608,72,22.67,True,0.0,training_fact_sla_export.csv,2026-06-23T00:00:00,2378
SLA002379,WO002220,C005,SV1,A001,P2,20240317,20240318,20240318,24,19.12,True,0.0,training_fact_sla_export.csv,2026-06-23T00:00:00,2379
SLA002380,WO003552,C018,SV6,A004,P4,20240611,20240616,20240614,120,63.91,True,0.0,training_fact_sla_export.csv,2026-06-23T00:00:00,2380
SLA002381,WO003955,C011,SV3,A003,P2,20241230,20241231,20241231,24,16.18,True,0.0,training_fact_sla_export.csv,2026-06-23T00:00:00,2381
SLA002382,WO001305,C020,SV3,A001,P2,20241109,20241110,20241111,24,27.24,False,3.24,training_fact_sla_export.csv,2026-06-23T00:00:00,2382
SLA002383,WO004648,C002,SV7,A006,P4,20241120,20241125,20241128,120,185.63,False,65.63,training_fact_sla_export.csv,2026-06-23T00:00:00,2383
SLA002384,WO000543,C017,SV7,A005,P4,20241217,20241222,20241221,120,83.49,True,0.0,training_fact_sla_export.csv,2026-06-23T00:00:00,2384
SLA002385,WO002411,C002,SV1,A004,P3,20240727,20240730,20240729,72,47.84,True,0.0,training_fact_sla_export.csv,2026-06-23T00:00:00,2385
SLA002386,WO000979,C001,SV4,A006,P1,20240426,20240426,20240427,8,7.69,True,0.0,training_fact_sla_export.csv,2026-06-23T00:00:00,2386
SLA002387,WO004426,C004,SV5,A003,P2,20240611,20240612,20240612,24,18.08,True,0.0,training_fact_sla_export.csv,2026-06-23T00:00:00,2387
SLA002388,WO000685,C007,SV3,A002,P1,20241024,20241024,20241025,8,3.9,True,0.0,training_fact_sla_export.csv,2026-06-23T00:00:00,2388
SLA002389,WO000704,C018,SV4,A003,P3,20240311,20240314,20240313,72,37.3,True,0.0,training_fact_sla_export.csv,2026-06-23T00:00:00,2389
SLA002390,WO003434,C016,SV8,A005,P3,20240311,20240314,20240317,72,130.2,False,58.2,training_fact_sla_export.csv,2026-06-23T00:00:00,2390
SLA002391,WO001966,C002,SV4,A005,P4,20240921,20240926,20240926,120,104.43,True,0.0,training_fact_sla_export.csv,2026-06-23T00:00:00,2391
SLA002392,WO001463,C019,SV1,A006,P3,20240109,20240112,20240111,72,43.44,True,0.0,training_fact_sla_export.csv,2026-06-23T00:00:00,2392
SLA002393,WO004328,C005,SV6,A001,P1,20240110,20240110,20240111,8,3.69,True,0.0,training_fact_sla_export.csv,2026-06-23T00:00:00,2393
SLA002394,WO003743,C019,SV5,A006,P2,20240205,20240206,20240206,24,21.84,True,0.0,training_fact_sla_export.csv,2026-06-23T00:00:00,2394
SLA002395,WO004520,C005,SV8,A004,P3,20240605,20240608,20240607,72,42.26,True,0.0,training_fact_sla_export.csv,2026-06-23T00:00:00,2395
SLA002396,WO002506,C014,SV8,A005,P3,20240610,20240613,20240615,72,98.08,False,26.08,training_fact_sla_export.csv,2026-06-23T00:00:00,2396
SLA002397,WO003812,C013,SV8,A003,P3,20240111,20240114,20240115,72,93.94,False,21.94,training_fact_sla_export.csv,2026-06-23T00:00:00,2397
SLA002398,WO004644,C017,SV6,A005,P1,20240509,20240509,20240510,8,3.45,True,0.0,training_fact_sla_export.csv,2026-06-23T00:00:00,2398
SLA002399,WO000148,C013,SV3,A005,P4,20240327,20240401,20240329,120,37.68,True,0.0,training_fact_sla_export.csv,2026-06-23T00:00:00,2399
SLA002400,WO003523,C004,SV4,A002,P3,20240331,20240403,20240402,72,42.54,True,0.0,training_fact_sla_export.csv,2026-06-23T00:00:00,2400
SLA002401,WO004565,C020,SV1,A004,P1,20240106,20240106,20240107,8,14.31,False,6.31,training_fact_sla_export.csv,2026-06-23T00:00:00,2401
SLA002402,WO001154,C008,SV8,A001,P3,20241110,20241113,20241112,72,31.15,True,0.0,training_fact_sla_export.csv,2026-06-23T00:00:00,2402
SLA002403,WO003115,C019,SV1,A005,P1,20240913,20240913,20240914,8,8.53,False,0.53,training_fact_sla_export.csv,2026-06-23T00:00:00,2403
SLA002404,WO004952,C002,SV7,A005,P3,20241123,20241126,20241126,72,50.54,True,0.0,training_fact_sla_export.csv,2026-06-23T00:00:00,2404
SLA002405,WO002530,C019,SV8,A006,P2,20240122,20240123,20240123,24,17.83,True,0.0,training_fact_sla_export.csv,2026-06-23T00:00:00,2405
SLA002406,WO003725,C006,SV8,A003,P2,20241108,20241109,20241109,24,5.59,True,0.0,training_fact_sla_export.csv,2026-06-23T00:00:00,2406
SLA002407,WO002091,C020,SV8,A004,P3,20240702,20240705,20240706,72,89.34,False,17.34,training_fact_sla_export.csv,2026-06-23T00:00:00,2407
SLA002408,WO004310,C016,SV1,A003,P4,20240318,20240323,20240322,120,78.76,True,0.0,training_fact_sla_export.csv,2026-06-23T00:00:00,2408
SLA002409,WO001191,C020,SV1,A002,P4,20240902,20240907,20240904,120,33.62,True,0.0,training_fact_sla_export.csv,2026-06-23T00:00:00,2409
SLA002410,WO002399,C004,SV7,A005,P3,20240408,20240411,20240410,72,38.15,True,0.0,training_fact_sla_export.csv,2026-06-23T00:00:00,2410
SLA002411,WO000576,C015,SV2,A003,P4,20241020,20241025,20241023,120,58.01,True,0.0,training_fact_sla_export.csv,2026-06-23T00:00:00,2411
SLA002412,WO000612,C015,SV4,A002,P3,20240410,20240413,20240413,72,70.96,True,0.0,training_fact_sla_export.csv,2026-06-23T00:00:00,2412
SLA002413,WO004712,C019,SV3,A006,P1,20240613,20240613,20240614,8,3.86,True,0.0,training_fact_sla_export.csv,2026-06-23T00:00:00,2413
SLA002414,WO000466,C016,SV1,A003,P3,20240608,20240611,20240609,72,18.14,True,0.0,training_fact_sla_export.csv,2026-06-23T00:00:00,2414
SLA002415,WO002039,C002,SV3,A003,P3,20241214,20241217,20241217,72,65.18,True,0.0,training_fact_sla_export.csv,2026-06-23T00:00:00,2415
SLA002416,WO001310,C018,SV4,A004,P3,20240807,20240810,20240811,72,73.74,False,1.74,training_fact_sla_export.csv,2026-06-23T00:00:00,2416
SLA002417,WO004423,C006,SV4,A005,P4,20240324,20240329,20240327,120,55.26,True,0.0,training_fact_sla_export.csv,2026-06-23T00:00:00,2417
SLA002418,WO002392,C020,SV3,A004,P2,20240224,20240225,20240225,24,8.76,True,0.0,training_fact_sla_export.csv,2026-06-23T00:00:00,2418
SLA002419,WO004220,C016,SV3,A004,P3,20240727,20240730,20240803,72,165.1,False,93.1,training_fact_sla_export.csv,2026-06-23T00:00:00,2419
SLA002420,WO000904,C015,SV8,A003,P2,20240106,20240107,20240107,24,18.2,True,0.0,training_fact_sla_export.csv,2026-06-23T00:00:00,2420
SLA002421,WO003934,C013,SV2,A005,P2,20240608,20240609,20240609,24,7.17,True,0.0,training_fact_sla_export.csv,2026-06-23T00:00:00,2421
SLA002422,WO004017,C014,SV3,A005,P1,20240424,20240424,20240425,8,5.72,True,0.0,training_fact_sla_export.csv,2026-06-23T00:00:00,2422
SLA002423,WO000774,C012,SV6,A004,P4,20240312,20240317,20240315,120,49.19,True,0.0,training_fact_sla_export.csv,2026-06-23T00:00:00,2423
SLA002424,WO000783,C016,SV3,A003,P1,20240318,20240318,20240319,8,3.9,True,0.0,training_fact_sla_export.csv,2026-06-23T00:00:00,2424
SLA002425,WO001699,C019,SV3,A002,P4,20241005,20241010,20241008,120,61.78,True,0.0,training_fact_sla_export.csv,2026-06-23T00:00:00,2425
SLA002426,WO003448,C004,SV5,A005,P3,20240329,20240401,20240331,72,42.59,True,0.0,training_fact_sla_export.csv,2026-06-23T00:00:00,2426
SLA002427,WO000787,C017,SV4,A003,P3,20240819,20240822,20240821,72,36.42,True,0.0,training_fact_sla_export.csv,2026-06-23T00:00:00,2427
SLA002428,WO002256,C015,SV8,A005,P4,20240830,20240904,20240903,120,78.74,True,0.0,training_fact_sla_export.csv,2026-06-23T00:00:00,2428
SLA002429,WO002380,C012,SV2,A005,P2,20240305,20240306,20240306,24,17.83,True,0.0,training_fact_sla_export.csv,2026-06-23T00:00:00,2429
SLA002430,WO000724,C019,SV4,A004,P4,20240503,20240508,20240506,120,68.52,True,0.0,training_fact_sla_export.csv,2026-06-23T00:00:00,2430
SLA002431,WO001214,C019,SV4,A001,P2,20240817,20240818,20240818,24,15.81,True,0.0,training_fact_sla_export.csv,2026-06-23T00:00:00,2431
SLA002432,WO004177,C010,SV2,A003,P4,20241203,20241208,20241207,120,91.04,True,0.0,training_fact_sla_export.csv,2026-06-23T00:00:00,2432
SLA002433,WO001940,C002,SV5,A002,P2,20240228,20240229,20240229,24,15.66,True,0.0,training_fact_sla_export.csv,2026-06-23T00:00:00,2433
SLA002434,WO001316,C001,SV8,A001,P2,20241103,20241104,20241104,24,10.51,True,0.0,training_fact_sla_export.csv,2026-06-23T00:00:00,2434
SLA002435,WO002284,C013,SV5,A005,P3,20240512,20240515,20240515,72,57.58,True,0.0,training_fact_sla_export.csv,2026-06-23T00:00:00,2435
SLA002436,WO000309,C007,SV7,A006,P3,20240813,20240816,20240815,72,35.22,True,0.0,training_fact_sla_export.csv,2026-06-23T00:00:00,2436
SLA002437,WO001627,C005,SV2,A005,P2,20240808,20240809,20240809,24,12.07,True,0.0,training_fact_sla_export.csv,2026-06-23T00:00:00,2437
SLA002438,WO004484,C002,SV5,A003,P1,20240208,20240208,20240209,8,5.77,True,0.0,training_fact_sla_export.csv,2026-06-23T00:00:00,2438
SLA002439,WO000896,C006,SV2,A003,P3,20240906,20240909,20240907,72,22.21,True,0.0,training_fact_sla_export.csv,2026-06-23T00:00:00,2439
SLA002440,WO001297,C013,SV5,A003,P2,20240129,20240130,20240130,24,18.39,True,0.0,training_fact_sla_export.csv,2026-06-23T00:00:00,2440
SLA002441,WO001733,C016,SV6,A003,P3,20241222,20241225,20241223,72,22.5,True,0.0,training_fact_sla_export.csv,2026-06-23T00:00:00,2441
SLA002442,WO001979,C017,SV6,A006,P2,20240817,20240818,20240818,24,12.09,True,0.0,training_fact_sla_export.csv,2026-06-23T00:00:00,2442
SLA002443,WO001021,C014,SV6,A003,P1,20240916,20240916,20240917,8,3.63,True,0.0,training_fact_sla_export.csv,2026-06-23T00:00:00,2443
SLA002444,WO002397,C002,SV3,A006,P4,20240818,20240823,20240821,120,62.44,True,0.0,training_fact_sla_export.csv,2026-06-23T00:00:00,2444
SLA002445,WO003650,C015,SV1,A005,P2,20240815,20240816,20240816,24,22.28,True,0.0,training_fact_sla_export.csv,2026-06-23T00:00:00,2445
SLA002446,WO002358,C009,SV7,A005,P2,20240807,20240808,20240809,24,25.07,False,1.07,training_fact_sla_export.csv,2026-06-23T00:00:00,2446
SLA002447,WO003785,C003,SV4,A005,P2,20241227,20241228,20241228,24,15.52,True,0.0,training_fact_sla_export.csv,2026-06-23T00:00:00,2447
SLA002448,WO001156,C014,SV7,A005,P3,20240120,20240123,20240122,72,35.28,True,0.0,training_fact_sla_export.csv,2026-06-23T00:00:00,2448
SLA002449,WO002976,C020,SV2,A002,P4,20241112,20241117,20241116,120,80.38,True,0.0,training_fact_sla_export.csv,2026-06-23T00:00:00,2449
SLA002450,WO000512,C019,SV5,A005,P2,20240706,20240707,20240708,24,27.32,False,3.32,training_fact_sla_export.csv,2026-06-23T00:00:00,2450
SLA002451,WO001076,C016,SV3,A005,P3,20240415,20240418,20240418,72,54.06,True,0.0,training_fact_sla_export.csv,2026-06-23T00:00:00,2451
SLA002452,WO003406,C005,SV2,A003,P2,20240627,20240628,20240628,24,17.41,True,0.0,training_fact_sla_export.csv,2026-06-23T00:00:00,2452
SLA002453,WO001177,C010,SV5,A004,P2,20240814,20240815,20240815,24,13.07,True,0.0,training_fact_sla_export.csv,2026-06-23T00:00:00,2453
SLA002454,WO003811,C011,SV3,A003,P4,20240302,20240307,20240309,120,148.91,False,28.91,training_fact_sla_export.csv,2026-06-23T00:00:00,2454
SLA002455,WO003853,C009,SV4,A006,P3,20240702,20240705,20240705,72,48.76,True,0.0,training_fact_sla_export.csv,2026-06-23T00:00:00,2455
SLA002456,WO000957,C001,SV5,A002,P3,20240824,20240827,20240827,72,56.24,True,0.0,training_fact_sla_export.csv,2026-06-23T00:00:00,2456
SLA002457,WO000578,C012,SV1,A005,P3,20240216,20240219,20240220,72,83.42,False,11.42,training_fact_sla_export.csv,2026-06-23T00:00:00,2457
SLA002458,WO003540,C008,SV2,A006,P3,20240406,20240409,20240407,72,17.45,True,0.0,training_fact_sla_export.csv,2026-06-23T00:00:00,2458
SLA002459,WO003473,C007,SV1,A006,P3,20240715,20240718,20240718,72,51.97,True,0.0,training_fact_sla_export.csv,2026-06-23T00:00:00,2459
SLA002460,WO002662,C007,SV3,A003,P3,20241001,20241004,20241004,72,51.14,True,0.0,training_fact_sla_export.csv,2026-06-23T00:00:00,2460
SLA002461,WO002903,C015,SV7,A005,P2,20240809,20240810,20240811,24,32.23,False,8.23,training_fact_sla_export.csv,2026-06-23T00:00:00,2461
SLA002462,WO003172,C004,SV5,A005,P4,20240826,20240831,20240902,120,162.56,False,42.56,training_fact_sla_export.csv,2026-06-23T00:00:00,2462
SLA002463,WO001355,C011,SV5,A006,P2,20240321,20240322,20240322,24,5.7,True,0.0,training_fact_sla_export.csv,2026-06-23T00:00:00,2463
SLA002464,WO004118,C003,SV6,A002,P2,20240902,20240903,20240903,24,15.17,True,0.0,training_fact_sla_export.csv,2026-06-23T00:00:00,2464
SLA002465,WO004772,C019,SV7,A005,P3,20240910,20240913,20240913,72,50.05,True,0.0,training_fact_sla_export.csv,2026-06-23T00:00:00,2465
SLA002466,WO004408,C008,SV6,A006,P2,20240702,20240703,20240704,24,27.66,False,3.66,training_fact_sla_export.csv,2026-06-23T00:00:00,2466
SLA002467,WO002184,C019,SV8,A002,P2,20240713,20240714,20240714,24,11.6,True,0.0,training_fact_sla_export.csv,2026-06-23T00:00:00,2467
SLA002468,WO004233,C002,SV8,A001,P1,20240911,20240911,20240912,8,8.04,False,0.04,training_fact_sla_export.csv,2026-06-23T00:00:00,2468
SLA002469,WO002058,C015,SV2,A005,P3,20241224,20241227,20241226,72,27.01,True,0.0,training_fact_sla_export.csv,2026-06-23T00:00:00,2469
SLA002470,WO004446,C019,SV1,A004,P2,20240102,20240103,20240104,24,36.94,False,12.94,training_fact_sla_export.csv,2026-06-23T00:00:00,2470
SLA002471,WO002318,C004,SV5,A006,P1,20240606,20240606,20240607,8,11.92,False,3.92,training_fact_sla_export.csv,2026-06-23T00:00:00,2471
SLA002472,WO001840,C020,SV2,A001,P2,20240518,20240519,20240519,24,5.86,True,0.0,training_fact_sla_export.csv,2026-06-23T00:00:00,2472
SLA002473,WO000328,C019,SV4,A004,P2,20240906,20240907,20240908,24,24.16,False,0.16,training_fact_sla_export.csv,2026-06-23T00:00:00,2473
SLA002474,WO001607,C018,SV8,A005,P3,20240419,20240422,20240421,72,45.49,True,0.0,training_fact_sla_export.csv,2026-06-23T00:00:00,2474
SLA002475,WO001433,C015,SV5,A004,P3,20241104,20241107,20241106,72,30.11,True,0.0,training_fact_sla_export.csv,2026-06-23T00:00:00,2475
SLA002476,WO001380,C001,SV3,A004,P2,20240214,20240215,20240215,24,23.66,True,0.0,training_fact_sla_export.csv,2026-06-23T00:00:00,2476
SLA002477,WO001159,C003,SV2,A006,P4,20240818,20240823,20240822,120,95.01,True,0.0,training_fact_sla_export.csv,2026-06-23T00:00:00,2477
SLA002478,WO003604,C007,SV2,A006,P2,20240826,20240827,20240827,24,9.57,True,0.0,training_fact_sla_export.csv,2026-06-23T00:00:00,2478
SLA002479,WO002043,C016,SV6,A002,P2,20240121,20240122,20240122,24,16.7,True,0.0,training_fact_sla_export.csv,2026-06-23T00:00:00,2479
SLA002480,WO003144,C009,SV5,A001,P4,20240721,20240726,20240725,120,81.01,True,0.0,training_fact_sla_export.csv,2026-06-23T00:00:00,2480
SLA002481,WO003198,C001,SV1,A006,P3,20240701,20240704,20240702,72,17.19,True,0.0,training_fact_sla_export.csv,2026-06-23T00:00:00,2481
SLA002482,WO002840,C007,SV4,A003,P2,20241112,20241113,20241113,24,5.62,True,0.0,training_fact_sla_export.csv,2026-06-23T00:00:00,2482
SLA002483,WO002611,C017,SV7,A005,P2,20240910,20240911,20240911,24,17.1,True,0.0,training_fact_sla_export.csv,2026-06-23T00:00:00,2483
SLA002484,WO000709,C017,SV5,A001,P1,20240122,20240122,20240123,8,5.23,True,0.0,training_fact_sla_export.csv,2026-06-23T00:00:00,2484
SLA002485,WO002510,C017,SV3,A004,P4,20240809,20240814,20240815,120,143.73,False,23.73,training_fact_sla_export.csv,2026-06-23T00:00:00,2485
SLA002486,WO003990,C014,SV1,A003,P3,20240704,20240707,20240707,72,48.21,True,0.0,training_fact_sla_export.csv,2026-06-23T00:00:00,2486
SLA002487,WO004954,C004,SV3,A006,P2,20240913,20240914,20240914,24,20.47,True,0.0,training_fact_sla_export.csv,2026-06-23T00:00:00,2487
SLA002488,WO000853,C004,SV4,A004,P3,20240615,20240618,20240619,72,91.94,False,19.94,training_fact_sla_export.csv,2026-06-23T00:00:00,2488
SLA002489,WO003215,C020,SV6,A002,P3,20240522,20240525,20240523,72,22.21,True,0.0,training_fact_sla_export.csv,2026-06-23T00:00:00,2489
SLA002490,WO001548,C002,SV6,A003,P3,20240115,20240118,20240117,72,30.02,True,0.0,training_fact_sla_export.csv,2026-06-23T00:00:00,2490
SLA002491,WO004625,C016,SV3,A002,P2,20240504,20240505,20240505,24,5.05,True,0.0,training_fact_sla_export.csv,2026-06-23T00:00:00,2491
SLA002492,WO004777,C012,SV2,A005,P3,20240111,20240114,20240115,72,92.45,False,20.45,training_fact_sla_export.csv,2026-06-23T00:00:00,2492
SLA002493,WO002160,C001,SV5,A005,P3,20240927,20240930,20241001,72,82.33,False,10.33,training_fact_sla_export.csv,2026-06-23T00:00:00,2493
SLA002494,WO001403,C017,SV5,A003,P4,20240413,20240418,20240416,120,65.46,True,0.0,training_fact_sla_export.csv,2026-06-23T00:00:00,2494
SLA002495,WO000129,C019,SV6,A001,P4,20240222,20240227,20240225,120,69.39,True,0.0,training_fact_sla_export.csv,2026-06-23T00:00:00,2495
SLA002496,WO004884,C013,SV3,A006,P2,20241009,20241010,20241011,24,24.45,False,0.45,training_fact_sla_export.csv,2026-06-23T00:00:00,2496
SLA002497,WO003160,C020,SV3,A001,P4,20241025,20241030,20241026,120,20.75,True,0.0,training_fact_sla_export.csv,2026-06-23T00:00:00,2497
SLA002498,WO003611,C005,SV3,A002,P2,20240104,20240105,20240105,24,12.43,True,0.0,training_fact_sla_export.csv,2026-06-23T00:00:00,2498
SLA002499,WO002960,C020,SV2,A002,P3,20240726,20240729,20240730,72,91.79,False,19.79,training_fact_sla_export.csv,2026-06-23T00:00:00,2499
SLA002500,WO004605,C012,SV3,A003,P3,20241016,20241019,20241021,72,108.32,False,36.32,training_fact_sla_export.csv,2026-06-23T00:00:00,2500
SLA002501,WO002533,C014,SV2,A002,P3,20240328,20240331,20240330,72,33.63,True,0.0,training_fact_sla_export.csv,2026-06-23T00:00:00,2501
SLA002502,WO003285,C011,SV3,A006,P2,20240813,20240814,20240814,24,19.89,True,0.0,training_fact_sla_export.csv,2026-06-23T00:00:00,2502
SLA002503,WO000157,C018,SV5,A005,P4,20240226,20240302,20240301,120,82.65,True,0.0,training_fact_sla_export.csv,2026-06-23T00:00:00,2503
SLA002504,WO003957,C016,SV3,A002,P4,20240204,20240209,20240209,120,114.72,True,0.0,training_fact_sla_export.csv,2026-06-23T00:00:00,2504
SLA002505,WO003749,C017,SV4,A004,P4,20240201,20240206,20240206,120,99.63,True,0.0,training_fact_sla_export.csv,2026-06-23T00:00:00,2505
SLA002506,WO001236,C009,SV3,A005,P4,20240322,20240327,20240325,120,48.94,True,0.0,training_fact_sla_export.csv,2026-06-23T00:00:00,2506
SLA002507,WO002003,C019,SV1,A002,P1,20240605,20240605,20240606,8,5.21,True,0.0,training_fact_sla_export.csv,2026-06-23T00:00:00,2507
SLA002508,WO002341,C015,SV1,A006,P1,20240531,20240531,20240601,8,2.73,True,0.0,training_fact_sla_export.csv,2026-06-23T00:00:00,2508
SLA002509,WO002650,C007,SV1,A006,P3,20241008,20241011,20241011,72,55.16,True,0.0,training_fact_sla_export.csv,2026-06-23T00:00:00,2509
SLA002510,WO004601,C006,SV2,A005,P4,20241208,20241213,20241211,120,56.89,True,0.0,training_fact_sla_export.csv,2026-06-23T00:00:00,2510
SLA002511,WO000673,C016,SV8,A004,P3,20240623,20240626,20240626,72,61.3,True,0.0,training_fact_sla_export.csv,2026-06-23T00:00:00,2511
SLA002512,WO003133,C001,SV4,A006,P2,20240211,20240212,20240212,24,16.93,True,0.0,training_fact_sla_export.csv,2026-06-23T00:00:00,2512
SLA002513,WO000635,C018,SV8,A005,P3,20241209,20241212,20241212,72,49.71,True,0.0,training_fact_sla_export.csv,2026-06-23T00:00:00,2513
SLA002514,WO001179,C016,SV1,A003,P4,20241117,20241122,20241121,120,79.69,True,0.0,training_fact_sla_export.csv,2026-06-23T00:00:00,2514
SLA002515,WO001549,C012,SV3,A005,P3,20241109,20241112,20241112,72,56.1,True,0.0,training_fact_sla_export.csv,2026-06-23T00:00:00,2515
SLA002516,WO003177,C020,SV8,A003,P1,20240704,20240704,20240705,8,6.24,True,0.0,training_fact_sla_export.csv,2026-06-23T00:00:00,2516
SLA002517,WO001459,C006,SV3,A003,P1,20240614,20240614,20240615,8,10.13,False,2.13,training_fact_sla_export.csv,2026-06-23T00:00:00,2517
SLA002518,WO003771,C020,SV8,A005,P3,20240328,20240331,20240401,72,74.41,False,2.41,training_fact_sla_export.csv,2026-06-23T00:00:00,2518
SLA002519,WO003057,C003,SV4,A005,P2,20240427,20240428,20240428,24,5.14,True,0.0,training_fact_sla_export.csv,2026-06-23T00:00:00,2519
SLA002520,WO002550,C016,SV8,A005,P4,20240118,20240123,20240122,120,89.97,True,0.0,training_fact_sla_export.csv,2026-06-23T00:00:00,2520
SLA002521,WO002433,C005,SV2,A005,P1,20240620,20240620,20240621,8,4.91,True,0.0,training_fact_sla_export.csv,2026-06-23T00:00:00,2521
SLA002522,WO003341,C014,SV1,A003,P3,20241130,20241203,20241202,72,41.14,True,0.0,training_fact_sla_export.csv,2026-06-23T00:00:00,2522
SLA002523,WO002487,C008,SV5,A003,P3,20240623,20240626,20240625,72,39.39,True,0.0,training_fact_sla_export.csv,2026-06-23T00:00:00,2523
SLA002524,WO004708,C008,SV1,A004,P4,20241103,20241108,20241105,120,45.84,True,0.0,training_fact_sla_export.csv,2026-06-23T00:00:00,2524
SLA002525,WO004649,C006,SV7,A005,P3,20240509,20240512,20240512,72,57.18,True,0.0,training_fact_sla_export.csv,2026-06-23T00:00:00,2525
SLA002526,WO000758,C019,SV7,A001,P3,20241012,20241015,20241013,72,17.54,True,0.0,training_fact_sla_export.csv,2026-06-23T00:00:00,2526
SLA002527,WO003022,C012,SV2,A002,P4,20240301,20240306,20240304,120,71.11,True,0.0,training_fact_sla_export.csv,2026-06-23T00:00:00,2527
SLA002528,WO000496,C010,SV4,A004,P3,20240421,20240424,20240425,72,92.33,False,20.33,training_fact_sla_export.csv,2026-06-23T00:00:00,2528
SLA002529,WO004341,C006,SV1,A005,P1,20240702,20240702,20240703,8,3.67,True,0.0,training_fact_sla_export.csv,2026-06-23T00:00:00,2529
SLA002530,WO003319,C015,SV6,A005,P2,20240823,20240824,20240824,24,17.05,True,0.0,training_fact_sla_export.csv,2026-06-23T00:00:00,2530
SLA002531,WO003060,C005,SV5,A003,P1,20241106,20241106,20241107,8,5.77,True,0.0,training_fact_sla_export.csv,2026-06-23T00:00:00,2531
SLA002532,WO004931,C012,SV4,A005,P3,20240203,20240206,20240205,72,37.58,True,0.0,training_fact_sla_export.csv,2026-06-23T00:00:00,2532
SLA002533,WO000862,C008,SV5,A003,P2,20240425,20240426,20240426,24,20.88,True,0.0,training_fact_sla_export.csv,2026-06-23T00:00:00,2533
SLA002534,WO003008,C018,SV6,A003,P4,20240918,20240923,20240922,120,74.05,True,0.0,training_fact_sla_export.csv,2026-06-23T00:00:00,2534
SLA002535,WO004028,C007,SV1,A004,P2,20241116,20241117,20241117,24,20.0,True,0.0,training_fact_sla_export.csv,2026-06-23T00:00:00,2535
SLA002536,WO003135,C014,SV5,A004,P2,20240822,20240823,20240824,24,31.66,False,7.66,training_fact_sla_export.csv,2026-06-23T00:00:00,2536
SLA002537,WO004257,C004,SV4,A003,P4,20240501,20240506,20240505,120,85.96,True,0.0,training_fact_sla_export.csv,2026-06-23T00:00:00,2537
SLA002538,WO004719,C007,SV4,A005,P2,20240126,20240127,20240127,24,20.51,True,0.0,training_fact_sla_export.csv,2026-06-23T00:00:00,2538
SLA002539,WO003027,C011,SV5,A001,P3,20240609,20240612,20240611,72,36.36,True,0.0,training_fact_sla_export.csv,2026-06-23T00:00:00,2539
SLA002540,WO003440,C019,SV6,A003,P3,20240131,20240203,20240205,72,116.92,False,44.92,training_fact_sla_export.csv,2026-06-23T00:00:00,2540
SLA002541,WO000913,C009,SV8,A002,P2,20240511,20240512,20240513,24,28.15,False,4.15,training_fact_sla_export.csv,2026-06-23T00:00:00,2541
SLA002542,WO004174,C004,SV4,A001,P3,20240418,20240421,20240424,72,137.29,False,65.29,training_fact_sla_export.csv,2026-06-23T00:00:00,2542
SLA002543,WO002492,C018,SV2,A001,P2,20240916,20240917,20240917,24,8.36,True,0.0,training_fact_sla_export.csv,2026-06-23T00:00:00,2543
SLA002544,WO001157,C005,SV8,A006,P2,20240330,20240331,20240402,24,64.94,False,40.94,training_fact_sla_export.csv,2026-06-23T00:00:00,2544
SLA002545,WO004734,C005,SV4,A001,P3,20241022,20241025,20241024,72,25.11,True,0.0,training_fact_sla_export.csv,2026-06-23T00:00:00,2545
SLA002546,WO004386,C008,SV6,A003,P3,20241108,20241111,20241112,72,92.08,False,20.08,training_fact_sla_export.csv,2026-06-23T00:00:00,2546
SLA002547,WO000604,C017,SV2,A004,P2,20240529,20240530,20240530,24,21.08,True,0.0,training_fact_sla_export.csv,2026-06-23T00:00:00,2547
SLA002548,WO002627,C008,SV6,A006,P2,20241227,20241228,20241228,24,23.56,True,0.0,training_fact_sla_export.csv,2026-06-23T00:00:00,2548
SLA002549,WO003854,C020,SV1,A003,P3,20240920,20240923,20240925,72,112.18,False,40.18,training_fact_sla_export.csv,2026-06-23T00:00:00,2549
SLA002550,WO001240,C017,SV3,A002,P3,20240228,20240302,20240301,72,35.05,True,0.0,training_fact_sla_export.csv,2026-06-23T00:00:00,2550
SLA002551,WO004802,C017,SV4,A006,P3,20240426,20240429,20240428,72,43.52,True,0.0,training_fact_sla_export.csv,2026-06-23T00:00:00,2551
SLA002552,WO000763,C009,SV8,A004,P4,20240323,20240328,20240326,120,58.91,True,0.0,training_fact_sla_export.csv,2026-06-23T00:00:00,2552
SLA002553,WO003261,C017,SV5,A001,P2,20241224,20241225,20241225,24,22.38,True,0.0,training_fact_sla_export.csv,2026-06-23T00:00:00,2553
SLA002554,WO001646,C018,SV6,A005,P4,20240109,20240114,20240113,120,89.58,True,0.0,training_fact_sla_export.csv,2026-06-23T00:00:00,2554
SLA002555,WO004739,C008,SV4,A004,P2,20240318,20240319,20240319,24,17.59,True,0.0,training_fact_sla_export.csv,2026-06-23T00:00:00,2555
SLA002556,WO004863,C007,SV5,A006,P3,20240313,20240316,20240316,72,52.93,True,0.0,training_fact_sla_export.csv,2026-06-23T00:00:00,2556
SLA002557,WO001799,C003,SV1,A005,P4,20241116,20241121,20241120,120,85.31,True,0.0,training_fact_sla_export.csv,2026-06-23T00:00:00,2557
SLA002558,WO003429,C008,SV5,A006,P4,20241121,20241126,20241123,120,45.52,True,0.0,training_fact_sla_export.csv,2026-06-23T00:00:00,2558
SLA002559,WO000338,C010,SV7,A002,P2,20240827,20240828,20240828,24,7.96,True,0.0,training_fact_sla_export.csv,2026-06-23T00:00:00,2559
SLA002560,WO000093,C016,SV3,A006,P2,20240629,20240630,20240630,24,17.64,True,0.0,training_fact_sla_export.csv,2026-06-23T00:00:00,2560
SLA002561,WO004762,C012,SV2,A003,P2,20240204,20240205,20240205,24,12.16,True,0.0,training_fact_sla_export.csv,2026-06-23T00:00:00,2561
SLA002562,WO000029,C005,SV7,A003,P1,20240922,20240922,20240923,8,10.44,False,2.44,training_fact_sla_export.csv,2026-06-23T00:00:00,2562
SLA002563,WO002929,C006,SV3,A003,P1,20240506,20240506,20240507,8,8.88,False,0.88,training_fact_sla_export.csv,2026-06-23T00:00:00,2563
SLA002564,WO002879,C003,SV2,A003,P3,20240926,20240929,20240927,72,18.29,True,0.0,training_fact_sla_export.csv,2026-06-23T00:00:00,2564
SLA002565,WO004704,C005,SV1,A004,P3,20241103,20241106,20241106,72,56.52,True,0.0,training_fact_sla_export.csv,2026-06-23T00:00:00,2565
SLA002566,WO001838,C003,SV7,A003,P3,20241226,20241229,20241231,72,103.11,False,31.11,training_fact_sla_export.csv,2026-06-23T00:00:00,2566
SLA002567,WO001505,C016,SV7,A003,P2,20240306,20240307,20240307,24,9.54,True,0.0,training_fact_sla_export.csv,2026-06-23T00:00:00,2567
SLA002568,WO002945,C005,SV4,A002,P3,20241128,20241201,20241201,72,54.37,True,0.0,training_fact_sla_export.csv,2026-06-23T00:00:00,2568
SLA002569,WO001109,C002,SV7,A006,P3,20240802,20240805,20240804,72,37.46,True,0.0,training_fact_sla_export.csv,2026-06-23T00:00:00,2569
SLA002570,WO003852,C013,SV4,A006,P2,20241122,20241123,20241123,24,8.56,True,0.0,training_fact_sla_export.csv,2026-06-23T00:00:00,2570
SLA002571,WO004261,C012,SV2,A006,P4,20240428,20240503,20240504,120,124.94,False,4.94,training_fact_sla_export.csv,2026-06-23T00:00:00,2571
SLA002572,WO001356,C001,SV4,A001,P3,20240225,20240228,20240227,72,25.68,True,0.0,training_fact_sla_export.csv,2026-06-23T00:00:00,2572
SLA002573,WO004997,C014,SV6,A001,P4,20240515,20240520,20240520,120,114.6,True,0.0,training_fact_sla_export.csv,2026-06-23T00:00:00,2573
SLA002574,WO003587,C014,SV4,A003,P3,20240706,20240709,20240709,72,70.51,True,0.0,training_fact_sla_export.csv,2026-06-23T00:00:00,2574
SLA002575,WO001055,C020,SV7,A002,P4,20241228,20250102,20241231,120,63.27,True,0.0,training_fact_sla_export.csv,2026-06-23T00:00:00,2575
SLA002576,WO000684,C016,SV2,A005,P1,20240418,20240418,20240419,8,7.22,True,0.0,training_fact_sla_export.csv,2026-06-23T00:00:00,2576
SLA002577,WO002238,C016,SV4,A003,P3,20240508,20240511,20240510,72,38.26,True,0.0,training_fact_sla_export.csv,2026-06-23T00:00:00,2577
SLA002578,WO002065,C015,SV6,A004,P2,20240423,20240424,20240426,24,60.0,False,36.0,training_fact_sla_export.csv,2026-06-23T00:00:00,2578
SLA002579,WO001611,C013,SV5,A004,P2,20241118,20241119,20241120,24,29.06,False,5.06,training_fact_sla_export.csv,2026-06-23T00:00:00,2579
SLA002580,WO000852,C013,SV7,A003,P1,20240907,20240907,20240908,8,3.31,True,0.0,training_fact_sla_export.csv,2026-06-23T00:00:00,2580
SLA002581,WO004222,C013,SV1,A003,P4,20240212,20240217,20240215,120,59.74,True,0.0,training_fact_sla_export.csv,2026-06-23T00:00:00,2581
SLA002582,WO001082,C009,SV1,A005,P2,20240916,20240917,20240917,24,21.1,True,0.0,training_fact_sla_export.csv,2026-06-23T00:00:00,2582
SLA002583,WO003958,C002,SV1,A001,P1,20241118,20241118,20241119,8,1.37,True,0.0,training_fact_sla_export.csv,2026-06-23T00:00:00,2583
SLA002584,WO000086,C020,SV8,A001,P4,20241202,20241207,20241205,120,68.87,True,0.0,training_fact_sla_export.csv,2026-06-23T00:00:00,2584
SLA002585,WO002265,C020,SV4,A005,P2,20241201,20241202,20241202,24,12.92,True,0.0,training_fact_sla_export.csv,2026-06-23T00:00:00,2585
SLA002586,WO000383,C002,SV4,A006,P4,20240226,20240302,20240228,120,25.33,True,0.0,training_fact_sla_export.csv,2026-06-23T00:00:00,2586
SLA002587,WO000321,C016,SV1,A002,P1,20240530,20240530,20240531,8,10.1,False,2.1,training_fact_sla_export.csv,2026-06-23T00:00:00,2587
SLA002588,WO003646,C016,SV2,A002,P3,20240920,20240923,20240923,72,48.3,True,0.0,training_fact_sla_export.csv,2026-06-23T00:00:00,2588
SLA002589,WO004668,C005,SV3,A003,P1,20240215,20240215,20240216,8,5.43,True,0.0,training_fact_sla_export.csv,2026-06-23T00:00:00,2589
SLA002590,WO003257,C008,SV4,A004,P1,20240906,20240906,20240907,8,17.94,False,9.94,training_fact_sla_export.csv,2026-06-23T00:00:00,2590
SLA002591,WO001732,C016,SV4,A003,P3,20240327,20240330,20240329,72,32.53,True,0.0,training_fact_sla_export.csv,2026-06-23T00:00:00,2591
SLA002592,WO003635,C017,SV3,A006,P3,20241222,20241225,20241224,72,37.96,True,0.0,training_fact_sla_export.csv,2026-06-23T00:00:00,2592
SLA002593,WO002075,C008,SV2,A001,P3,20240404,20240407,20240406,72,28.05,True,0.0,training_fact_sla_export.csv,2026-06-23T00:00:00,2593
SLA002594,WO004656,C013,SV8,A003,P3,20240122,20240125,20240125,72,61.04,True,0.0,training_fact_sla_export.csv,2026-06-23T00:00:00,2594
SLA002595,WO000205,C010,SV1,A003,P3,20240805,20240808,20240806,72,23.86,True,0.0,training_fact_sla_export.csv,2026-06-23T00:00:00,2595
SLA002596,WO004224,C003,SV8,A003,P3,20240117,20240120,20240119,72,37.95,True,0.0,training_fact_sla_export.csv,2026-06-23T00:00:00,2596
SLA002597,WO001630,C004,SV3,A006,P4,20240703,20240708,20240706,120,64.07,True,0.0,training_fact_sla_export.csv,2026-06-23T00:00:00,2597
SLA002598,WO003571,C017,SV5,A001,P2,20241025,20241026,20241026,24,5.96,True,0.0,training_fact_sla_export.csv,2026-06-23T00:00:00,2598
SLA002599,WO004645,C001,SV7,A001,P4,20240110,20240115,20240114,120,79.88,True,0.0,training_fact_sla_export.csv,2026-06-23T00:00:00,2599
SLA002600,WO002079,C002,SV8,A001,P1,20240926,20240926,20240927,8,3.01,True,0.0,training_fact_sla_export.csv,2026-06-23T00:00:00,2600
SLA002601,WO001294,C006,SV5,A006,P2,20240326,20240327,20240327,24,23.96,True,0.0,training_fact_sla_export.csv,2026-06-23T00:00:00,2601
SLA002602,WO000919,C017,SV6,A006,P3,20240517,20240520,20240520,72,71.04,True,0.0,training_fact_sla_export.csv,2026-06-23T00:00:00,2602
SLA002603,WO002803,C015,SV1,A004,P4,20240907,20240912,20240912,120,98.31,True,0.0,training_fact_sla_export.csv,2026-06-23T00:00:00,2603
SLA002604,WO000386,C012,SV6,A001,P3,20241008,20241011,20241013,72,108.7,False,36.7,training_fact_sla_export.csv,2026-06-23T00:00:00,2604
SLA002605,WO001415,C013,SV6,A001,P4,20240531,20240605,20240602,120,44.07,True,0.0,training_fact_sla_export.csv,2026-06-23T00:00:00,2605
SLA002606,WO004566,C004,SV5,A003,P4,20240127,20240201,20240130,120,66.87,True,0.0,training_fact_sla_export.csv,2026-06-23T00:00:00,2606
SLA002607,WO001949,C004,SV7,A002,P3,20240408,20240411,20240412,72,83.6,False,11.6,training_fact_sla_export.csv,2026-06-23T00:00:00,2607
SLA002608,WO000382,C012,SV6,A003,P4,20240401,20240406,20240404,120,55.83,True,0.0,training_fact_sla_export.csv,2026-06-23T00:00:00,2608
SLA002609,WO002709,C008,SV8,A005,P2,20240217,20240218,20240219,24,26.48,False,2.48,training_fact_sla_export.csv,2026-06-23T00:00:00,2609
SLA002610,WO002439,C012,SV2,A003,P2,20241214,20241215,20241215,24,16.44,True,0.0,training_fact_sla_export.csv,2026-06-23T00:00:00,2610
SLA002611,WO003807,C013,SV1,A003,P2,20240227,20240228,20240229,24,42.01,False,18.01,training_fact_sla_export.csv,2026-06-23T00:00:00,2611
SLA002612,WO002894,C007,SV6,A001,P3,20240707,20240710,20240708,72,13.59,True,0.0,training_fact_sla_export.csv,2026-06-23T00:00:00,2612
SLA002613,WO003061,C018,SV4,A005,P1,20240712,20240712,20240713,8,3.8,True,0.0,training_fact_sla_export.csv,2026-06-23T00:00:00,2613
SLA002614,WO000692,C017,SV5,A002,P4,20240506,20240511,20240508,120,34.76,True,0.0,training_fact_sla_export.csv,2026-06-23T00:00:00,2614
SLA002615,WO004756,C003,SV2,A002,P2,20240512,20240513,20240513,24,13.78,True,0.0,training_fact_sla_export.csv,2026-06-23T00:00:00,2615
SLA002616,WO000319,C003,SV3,A006,P3,20241205,20241208,20241209,72,76.3,False,4.3,training_fact_sla_export.csv,2026-06-23T00:00:00,2616
SLA002617,WO003633,C005,SV6,A004,P2,20240109,20240110,20240112,24,61.44,False,37.44,training_fact_sla_export.csv,2026-06-23T00:00:00,2617
SLA002618,WO004552,C003,SV2,A005,P3,20240521,20240524,20240528,72,146.71,False,74.71,training_fact_sla_export.csv,2026-06-23T00:00:00,2618
SLA002619,WO001883,C011,SV5,A003,P3,20240511,20240514,20240513,72,33.91,True,0.0,training_fact_sla_export.csv,2026-06-23T00:00:00,2619
SLA002620,WO002642,C005,SV2,A004,P3,20240602,20240605,20240604,72,46.15,True,0.0,training_fact_sla_export.csv,2026-06-23T00:00:00,2620
SLA002621,WO001662,C013,SV2,A003,P4,20241118,20241123,20241123,120,114.58,True,0.0,training_fact_sla_export.csv,2026-06-23T00:00:00,2621
SLA002622,WO004226,C018,SV7,A004,P3,20241016,20241019,20241019,72,66.23,True,0.0,training_fact_sla_export.csv,2026-06-23T00:00:00,2622
SLA002623,WO002060,C003,SV6,A005,P2,20240618,20240619,20240619,24,7.22,True,0.0,training_fact_sla_export.csv,2026-06-23T00:00:00,2623
SLA002624,WO003562,C004,SV4,A004,P3,20240812,20240815,20240816,72,80.97,False,8.97,training_fact_sla_export.csv,2026-06-23T00:00:00,2624
SLA002625,WO003629,C004,SV4,A003,P4,20241221,20241226,20241225,120,73.98,True,0.0,training_fact_sla_export.csv,2026-06-23T00:00:00,2625
SLA002626,WO004364,C017,SV2,A004,P3,20241105,20241108,20241109,72,91.58,False,19.58,training_fact_sla_export.csv,2026-06-23T00:00:00,2626
SLA002627,WO000804,C020,SV8,A006,P2,20240409,20240410,20240410,24,14.86,True,0.0,training_fact_sla_export.csv,2026-06-23T00:00:00,2627
SLA002628,WO002560,C016,SV3,A004,P2,20240517,20240518,20240519,24,34.78,False,10.78,training_fact_sla_export.csv,2026-06-23T00:00:00,2628
SLA002629,WO000621,C014,SV6,A005,P2,20240114,20240115,20240116,24,33.78,False,9.78,training_fact_sla_export.csv,2026-06-23T00:00:00,2629
SLA002630,WO002536,C013,SV7,A003,P3,20240306,20240309,20240308,72,30.0,True,0.0,training_fact_sla_export.csv,2026-06-23T00:00:00,2630
SLA002631,WO001416,C005,SV5,A001,P2,20240505,20240506,20240506,24,12.85,True,0.0,training_fact_sla_export.csv,2026-06-23T00:00:00,2631
SLA002632,WO003543,C010,SV1,A003,P3,20241102,20241105,20241105,72,64.49,True,0.0,training_fact_sla_export.csv,2026-06-23T00:00:00,2632
SLA002633,WO003709,C019,SV5,A005,P3,20240517,20240520,20240519,72,30.19,True,0.0,training_fact_sla_export.csv,2026-06-23T00:00:00,2633
SLA002634,WO004924,C008,SV8,A001,P2,20240723,20240724,20240725,24,27.74,False,3.74,training_fact_sla_export.csv,2026-06-23T00:00:00,2634
SLA002635,WO003007,C001,SV1,A002,P1,20240620,20240620,20240621,8,4.87,True,0.0,training_fact_sla_export.csv,2026-06-23T00:00:00,2635
SLA002636,WO001647,C005,SV8,A006,P2,20240923,20240924,20240924,24,11.58,True,0.0,training_fact_sla_export.csv,2026-06-23T00:00:00,2636
SLA002637,WO004655,C011,SV1,A006,P2,20241010,20241011,20241011,24,12.84,True,0.0,training_fact_sla_export.csv,2026-06-23T00:00:00,2637
SLA002638,WO002861,C014,SV3,A005,P3,20241124,20241127,20241127,72,52.16,True,0.0,training_fact_sla_export.csv,2026-06-23T00:00:00,2638
SLA002639,WO000125,C009,SV8,A002,P1,20240717,20240717,20240718,8,5.41,True,0.0,training_fact_sla_export.csv,2026-06-23T00:00:00,2639
SLA002640,WO000042,C010,SV3,A002,P3,20241104,20241107,20241108,72,77.14,False,5.14,training_fact_sla_export.csv,2026-06-23T00:00:00,2640
SLA002641,WO003848,C014,SV5,A006,P3,20241220,20241223,20241225,72,104.3,False,32.3,training_fact_sla_export.csv,2026-06-23T00:00:00,2641
SLA002642,WO003233,C006,SV3,A003,P1,20241127,20241127,20241128,8,7.78,True,0.0,training_fact_sla_export.csv,2026-06-23T00:00:00,2642
SLA002643,WO000683,C016,SV7,A002,P3,20241104,20241107,20241105,72,22.09,True,0.0,training_fact_sla_export.csv,2026-06-23T00:00:00,2643
SLA002644,WO002070,C007,SV5,A005,P4,20240908,20240913,20240911,120,57.34,True,0.0,training_fact_sla_export.csv,2026-06-23T00:00:00,2644
SLA002645,WO004024,C003,SV2,A006,P4,20240315,20240320,20240319,120,76.12,True,0.0,training_fact_sla_export.csv,2026-06-23T00:00:00,2645
SLA002646,WO001824,C003,SV1,A001,P2,20241003,20241004,20241006,24,53.56,False,29.56,training_fact_sla_export.csv,2026-06-23T00:00:00,2646
SLA002647,WO000547,C008,SV7,A003,P3,20240125,20240128,20240128,72,50.78,True,0.0,training_fact_sla_export.csv,2026-06-23T00:00:00,2647
SLA002648,WO001447,C001,SV6,A003,P4,20241227,20250101,20241231,120,109.62,True,0.0,training_fact_sla_export.csv,2026-06-23T00:00:00,2648
SLA002649,WO004112,C004,SV7,A001,P2,20240909,20240910,20240910,24,17.64,True,0.0,training_fact_sla_export.csv,2026-06-23T00:00:00,2649
SLA002650,WO001765,C009,SV7,A004,P2,20240117,20240118,20240118,24,20.02,True,0.0,training_fact_sla_export.csv,2026-06-23T00:00:00,2650
SLA002651,WO004124,C019,SV2,A001,P4,20240109,20240114,20240111,120,27.88,True,0.0,training_fact_sla_export.csv,2026-06-23T00:00:00,2651
SLA002652,WO000725,C020,SV5,A005,P3,20240916,20240919,20240919,72,49.93,True,0.0,training_fact_sla_export.csv,2026-06-23T00:00:00,2652
SLA002653,WO000452,C016,SV7,A006,P2,20241119,20241120,20241120,24,21.34,True,0.0,training_fact_sla_export.csv,2026-06-23T00:00:00,2653
SLA002654,WO003459,C019,SV7,A006,P2,20240218,20240219,20240219,24,23.07,True,0.0,training_fact_sla_export.csv,2026-06-23T00:00:00,2654
SLA002655,WO001022,C013,SV4,A001,P2,20240709,20240710,20240711,24,28.63,False,4.63,training_fact_sla_export.csv,2026-06-23T00:00:00,2655
SLA002656,WO001271,C003,SV6,A006,P2,20240725,20240726,20240727,24,29.68,False,5.68,training_fact_sla_export.csv,2026-06-23T00:00:00,2656
SLA002657,WO001104,C014,SV4,A002,P4,20241025,20241030,20241029,120,77.29,True,0.0,training_fact_sla_export.csv,2026-06-23T00:00:00,2657
SLA002658,WO000868,C012,SV1,A003,P3,20240624,20240627,20240626,72,47.99,True,0.0,training_fact_sla_export.csv,2026-06-23T00:00:00,2658
SLA002659,WO000025,C018,SV7,A004,P3,20240604,20240607,20240606,72,37.39,True,0.0,training_fact_sla_export.csv,2026-06-23T00:00:00,2659
SLA002660,WO003739,C007,SV3,A001,P4,20241027,20241101,20241029,120,45.74,True,0.0,training_fact_sla_export.csv,2026-06-23T00:00:00,2660
SLA002661,WO000693,C017,SV7,A003,P2,20240621,20240622,20240622,24,13.97,True,0.0,training_fact_sla_export.csv,2026-06-23T00:00:00,2661
SLA002662,WO001518,C013,SV7,A005,P3,20240606,20240609,20240608,72,28.86,True,0.0,training_fact_sla_export.csv,2026-06-23T00:00:00,2662
SLA002663,WO004101,C015,SV1,A001,P3,20240709,20240712,20240712,72,51.94,True,0.0,training_fact_sla_export.csv,2026-06-23T00:00:00,2663
SLA002664,WO004991,C001,SV5,A003,P2,20240321,20240322,20240322,24,22.68,True,0.0,training_fact_sla_export.csv,2026-06-23T00:00:00,2664
SLA002665,WO002645,C020,SV6,A001,P3,20241004,20241007,20241005,72,16.34,True,0.0,training_fact_sla_export.csv,2026-06-23T00:00:00,2665
SLA002666,WO004967,C011,SV4,A006,P2,20240129,20240130,20240130,24,12.39,True,0.0,training_fact_sla_export.csv,2026-06-23T00:00:00,2666
SLA002667,WO002369,C013,SV4,A006,P3,20241007,20241010,20241011,72,91.02,False,19.02,training_fact_sla_export.csv,2026-06-23T00:00:00,2667
SLA002668,WO000501,C010,SV7,A002,P2,20241023,20241024,20241024,24,17.67,True,0.0,training_fact_sla_export.csv,2026-06-23T00:00:00,2668
SLA002669,WO001359,C003,SV4,A002,P2,20240722,20240723,20240723,24,12.89,True,0.0,training_fact_sla_export.csv,2026-06-23T00:00:00,2669
SLA002670,WO003096,C012,SV7,A006,P2,20240208,20240209,20240210,24,27.83,False,3.83,training_fact_sla_export.csv,2026-06-23T00:00:00,2670
SLA002671,WO002928,C014,SV3,A002,P2,20240331,20240401,20240401,24,17.12,True,0.0,training_fact_sla_export.csv,2026-06-23T00:00:00,2671
SLA002672,WO000614,C004,SV1,A006,P2,20240227,20240228,20240229,24,29.78,False,5.78,training_fact_sla_export.csv,2026-06-23T00:00:00,2672
SLA002673,WO003577,C008,SV6,A003,P2,20240313,20240314,20240315,24,27.35,False,3.35,training_fact_sla_export.csv,2026-06-23T00:00:00,2673
SLA002674,WO000759,C013,SV5,A004,P1,20240513,20240513,20240514,8,19.78,False,11.78,training_fact_sla_export.csv,2026-06-23T00:00:00,2674
SLA002675,WO003188,C006,SV4,A003,P1,20240128,20240128,20240129,8,2.92,True,0.0,training_fact_sla_export.csv,2026-06-23T00:00:00,2675
SLA002676,WO002969,C006,SV4,A003,P3,20240915,20240918,20240918,72,49.7,True,0.0,training_fact_sla_export.csv,2026-06-23T00:00:00,2676
SLA002677,WO003331,C003,SV1,A004,P1,20240316,20240316,20240317,8,4.5,True,0.0,training_fact_sla_export.csv,2026-06-23T00:00:00,2677
SLA002678,WO002588,C011,SV3,A004,P2,20241019,20241020,20241020,24,12.94,True,0.0,training_fact_sla_export.csv,2026-06-23T00:00:00,2678
SLA002679,WO004489,C003,SV2,A005,P1,20240718,20240718,20240719,8,20.24,False,12.24,training_fact_sla_export.csv,2026-06-23T00:00:00,2679
SLA002680,WO003088,C018,SV3,A004,P4,20240816,20240821,20240820,120,92.5,True,0.0,training_fact_sla_export.csv,2026-06-23T00:00:00,2680
SLA002681,WO004701,C004,SV6,A001,P2,20240115,20240116,20240116,24,11.93,True,0.0,training_fact_sla_export.csv,2026-06-23T00:00:00,2681
SLA002682,WO000458,C002,SV6,A001,P1,20240924,20240924,20240925,8,9.39,False,1.39,training_fact_sla_export.csv,2026-06-23T00:00:00,2682
SLA002683,WO003402,C019,SV7,A004,P3,20240501,20240504,20240506,72,108.47,False,36.47,training_fact_sla_export.csv,2026-06-23T00:00:00,2683
SLA002684,WO000830,C008,SV7,A003,P2,20240410,20240411,20240411,24,18.82,True,0.0,training_fact_sla_export.csv,2026-06-23T00:00:00,2684
SLA002685,WO004195,C004,SV3,A004,P4,20240228,20240304,20240307,120,179.72,False,59.72,training_fact_sla_export.csv,2026-06-23T00:00:00,2685
SLA002686,WO002591,C011,SV7,A006,P3,20241013,20241016,20241016,72,61.71,True,0.0,training_fact_sla_export.csv,2026-06-23T00:00:00,2686
SLA002687,WO001146,C003,SV4,A005,P3,20240513,20240516,20240515,72,46.31,True,0.0,training_fact_sla_export.csv,2026-06-23T00:00:00,2687
SLA002688,WO000768,C009,SV5,A003,P3,20240813,20240816,20240815,72,34.34,True,0.0,training_fact_sla_export.csv,2026-06-23T00:00:00,2688
SLA002689,WO002831,C014,SV2,A004,P3,20241114,20241117,20241117,72,69.93,True,0.0,training_fact_sla_export.csv,2026-06-23T00:00:00,2689
SLA002690,WO001625,C010,SV2,A002,P3,20240331,20240403,20240403,72,64.78,True,0.0,training_fact_sla_export.csv,2026-06-23T00:00:00,2690
SLA002691,WO004444,C019,SV5,A003,P4,20240404,20240409,20240407,120,69.42,True,0.0,training_fact_sla_export.csv,2026-06-23T00:00:00,2691
SLA002692,WO000941,C015,SV3,A006,P2,20240305,20240306,20240306,24,18.36,True,0.0,training_fact_sla_export.csv,2026-06-23T00:00:00,2692
SLA002693,WO001163,C013,SV8,A002,P2,20240721,20240722,20240722,24,11.31,True,0.0,training_fact_sla_export.csv,2026-06-23T00:00:00,2693
SLA002694,WO001805,C014,SV7,A002,P3,20240924,20240927,20240926,72,43.37,True,0.0,training_fact_sla_export.csv,2026-06-23T00:00:00,2694
SLA002695,WO003342,C014,SV3,A003,P3,20241229,20250101,20241231,72,39.66,True,0.0,training_fact_sla_export.csv,2026-06-23T00:00:00,2695
SLA002696,WO003244,C010,SV1,A006,P4,20240514,20240519,20240517,120,65.49,True,0.0,training_fact_sla_export.csv,2026-06-23T00:00:00,2696
SLA002697,WO000132,C003,SV4,A001,P4,20240111,20240116,20240114,120,49.0,True,0.0,training_fact_sla_export.csv,2026-06-23T00:00:00,2697
SLA002698,WO002934,C006,SV8,A001,P2,20240902,20240903,20240903,24,9.55,True,0.0,training_fact_sla_export.csv,2026-06-23T00:00:00,2698
SLA002699,WO002617,C007,SV2,A005,P4,20240907,20240912,20240912,120,113.26,True,0.0,training_fact_sla_export.csv,2026-06-23T00:00:00,2699
SLA002700,WO002819,C006,SV1,A006,P4,20241225,20241230,20241230,120,117.73,True,0.0,training_fact_sla_export.csv,2026-06-23T00:00:00,2700
SLA002701,WO000593,C006,SV5,A001,P3,20240415,20240418,20240418,72,57.9,True,0.0,training_fact_sla_export.csv,2026-06-23T00:00:00,2701
SLA002702,WO004373,C016,SV1,A001,P3,20240417,20240420,20240421,72,76.14,False,4.14,training_fact_sla_export.csv,2026-06-23T00:00:00,2702
SLA002703,WO004187,C019,SV8,A006,P2,20240206,20240207,20240207,24,21.97,True,0.0,training_fact_sla_export.csv,2026-06-23T00:00:00,2703
SLA002704,WO002769,C010,SV2,A005,P2,20240530,20240531,20240531,24,13.2,True,0.0,training_fact_sla_export.csv,2026-06-23T00:00:00,2704
SLA002705,WO002094,C010,SV7,A003,P3,20240407,20240410,20240409,72,26.01,True,0.0,training_fact_sla_export.csv,2026-06-23T00:00:00,2705
SLA002706,WO002355,C007,SV3,A005,P3,20240830,20240902,20240902,72,63.03,True,0.0,training_fact_sla_export.csv,2026-06-23T00:00:00,2706
SLA002707,WO001649,C013,SV7,A005,P3,20240614,20240617,20240617,72,66.43,True,0.0,training_fact_sla_export.csv,2026-06-23T00:00:00,2707
SLA002708,WO002067,C014,SV6,A006,P3,20240419,20240422,20240421,72,31.91,True,0.0,training_fact_sla_export.csv,2026-06-23T00:00:00,2708
SLA002709,WO001807,C002,SV4,A003,P1,20241122,20241122,20241123,8,5.5,True,0.0,training_fact_sla_export.csv,2026-06-23T00:00:00,2709
SLA002710,WO003914,C011,SV3,A005,P3,20240325,20240328,20240330,72,97.01,False,25.01,training_fact_sla_export.csv,2026-06-23T00:00:00,2710
SLA002711,WO001528,C009,SV5,A002,P3,20240319,20240322,20240321,72,40.83,True,0.0,training_fact_sla_export.csv,2026-06-23T00:00:00,2711
SLA002712,WO001417,C009,SV4,A003,P3,20240324,20240327,20240326,72,42.93,True,0.0,training_fact_sla_export.csv,2026-06-23T00:00:00,2712
SLA002713,WO004303,C011,SV7,A004,P1,20240105,20240105,20240106,8,10.14,False,2.14,training_fact_sla_export.csv,2026-06-23T00:00:00,2713
SLA002714,WO002231,C003,SV6,A005,P2,20240829,20240830,20240830,24,9.54,True,0.0,training_fact_sla_export.csv,2026-06-23T00:00:00,2714
SLA002715,WO001317,C016,SV5,A005,P2,20240714,20240715,20240715,24,12.32,True,0.0,training_fact_sla_export.csv,2026-06-23T00:00:00,2715
SLA002716,WO003639,C019,SV3,A006,P2,20240813,20240814,20240814,24,12.23,True,0.0,training_fact_sla_export.csv,2026-06-23T00:00:00,2716
SLA002717,WO004110,C003,SV1,A001,P2,20241117,20241118,20241118,24,21.75,True,0.0,training_fact_sla_export.csv,2026-06-23T00:00:00,2717
SLA002718,WO004706,C017,SV8,A006,P3,20240927,20240930,20240930,72,48.2,True,0.0,training_fact_sla_export.csv,2026-06-23T00:00:00,2718
SLA002719,WO001648,C012,SV5,A001,P3,20240713,20240716,20240716,72,71.9,True,0.0,training_fact_sla_export.csv,2026-06-23T00:00:00,2719
SLA002720,WO003131,C017,SV8,A001,P2,20240401,20240402,20240402,24,10.8,True,0.0,training_fact_sla_export.csv,2026-06-23T00:00:00,2720
SLA002721,WO002132,C004,SV4,A006,P4,20240807,20240812,20240814,120,156.89,False,36.89,training_fact_sla_export.csv,2026-06-23T00:00:00,2721
SLA002722,WO002040,C004,SV8,A002,P2,20240310,20240311,20240311,24,16.54,True,0.0,training_fact_sla_export.csv,2026-06-23T00:00:00,2722
SLA002723,WO003020,C001,SV3,A005,P2,20240226,20240227,20240228,24,25.82,False,1.82,training_fact_sla_export.csv,2026-06-23T00:00:00,2723
SLA002724,WO002725,C011,SV8,A001,P3,20241008,20241011,20241011,72,58.96,True,0.0,training_fact_sla_export.csv,2026-06-23T00:00:00,2724
SLA002725,WO002920,C009,SV3,A005,P2,20240304,20240305,20240305,24,9.15,True,0.0,training_fact_sla_export.csv,2026-06-23T00:00:00,2725
SLA002726,WO000012,C019,SV5,A002,P3,20240607,20240610,20240609,72,27.71,True,0.0,training_fact_sla_export.csv,2026-06-23T00:00:00,2726
SLA002727,WO000734,C012,SV2,A002,P3,20240425,20240428,20240427,72,43.62,True,0.0,training_fact_sla_export.csv,2026-06-23T00:00:00,2727
SLA002728,WO004541,C019,SV3,A006,P3,20240322,20240325,20240324,72,28.99,True,0.0,training_fact_sla_export.csv,2026-06-23T00:00:00,2728
SLA002729,WO004201,C006,SV6,A001,P2,20240116,20240117,20240117,24,21.84,True,0.0,training_fact_sla_export.csv,2026-06-23T00:00:00,2729
SLA002730,WO000109,C001,SV4,A004,P2,20240416,20240417,20240417,24,20.79,True,0.0,training_fact_sla_export.csv,2026-06-23T00:00:00,2730
SLA002731,WO000897,C017,SV1,A004,P2,20241112,20241113,20241113,24,19.5,True,0.0,training_fact_sla_export.csv,2026-06-23T00:00:00,2731
SLA002732,WO002805,C001,SV3,A005,P4,20241211,20241216,20241214,120,71.13,True,0.0,training_fact_sla_export.csv,2026-06-23T00:00:00,2732
SLA002733,WO001134,C017,SV4,A002,P3,20241004,20241007,20241007,72,63.58,True,0.0,training_fact_sla_export.csv,2026-06-23T00:00:00,2733
SLA002734,WO002743,C011,SV6,A006,P3,20240627,20240630,20240701,72,73.57,False,1.57,training_fact_sla_export.csv,2026-06-23T00:00:00,2734
SLA002735,WO000705,C012,SV3,A003,P4,20241107,20241112,20241109,120,35.13,True,0.0,training_fact_sla_export.csv,2026-06-23T00:00:00,2735
SLA002736,WO000097,C005,SV6,A005,P2,20240918,20240919,20240919,24,17.98,True,0.0,training_fact_sla_export.csv,2026-06-23T00:00:00,2736
SLA002737,WO001332,C006,SV3,A003,P3,20240110,20240113,20240112,72,25.13,True,0.0,training_fact_sla_export.csv,2026-06-23T00:00:00,2737
SLA002738,WO002390,C005,SV3,A003,P3,20240902,20240905,20240905,72,59.58,True,0.0,training_fact_sla_export.csv,2026-06-23T00:00:00,2738
SLA002739,WO004269,C015,SV3,A003,P2,20240308,20240309,20240309,24,9.58,True,0.0,training_fact_sla_export.csv,2026-06-23T00:00:00,2739
SLA002740,WO003495,C010,SV2,A004,P3,20240707,20240710,20240709,72,30.2,True,0.0,training_fact_sla_export.csv,2026-06-23T00:00:00,2740
SLA002741,WO003648,C003,SV1,A004,P3,20240406,20240409,20240408,72,29.33,True,0.0,training_fact_sla_export.csv,2026-06-23T00:00:00,2741
SLA002742,WO000402,C001,SV7,A006,P1,20240228,20240228,20240229,8,3.49,True,0.0,training_fact_sla_export.csv,2026-06-23T00:00:00,2742
SLA002743,WO001504,C015,SV8,A005,P3,20241205,20241208,20241207,72,38.82,True,0.0,training_fact_sla_export.csv,2026-06-23T00:00:00,2743
SLA002744,WO003881,C014,SV8,A004,P3,20240503,20240506,20240506,72,58.11,True,0.0,training_fact_sla_export.csv,2026-06-23T00:00:00,2744
SLA002745,WO004421,C007,SV2,A003,P4,20240510,20240515,20240513,120,64.24,True,0.0,training_fact_sla_export.csv,2026-06-23T00:00:00,2745
SLA002746,WO002449,C008,SV5,A006,P2,20240729,20240730,20240730,24,22.92,True,0.0,training_fact_sla_export.csv,2026-06-23T00:00:00,2746
SLA002747,WO002171,C017,SV6,A003,P3,20240830,20240902,20240901,72,42.99,True,0.0,training_fact_sla_export.csv,2026-06-23T00:00:00,2747
SLA002748,WO001311,C002,SV8,A001,P1,20241216,20241216,20241217,8,7.77,True,0.0,training_fact_sla_export.csv,2026-06-23T00:00:00,2748
SLA002749,WO002543,C020,SV1,A002,P3,20240602,20240605,20240606,72,84.94,False,12.94,training_fact_sla_export.csv,2026-06-23T00:00:00,2749
SLA002750,WO000885,C017,SV6,A005,P2,20240130,20240131,20240201,24,28.42,False,4.42,training_fact_sla_export.csv,2026-06-23T00:00:00,2750
SLA002751,WO002111,C003,SV3,A003,P2,20240117,20240118,20240119,24,38.86,False,14.86,training_fact_sla_export.csv,2026-06-23T00:00:00,2751
SLA002752,WO002663,C011,SV8,A005,P3,20240103,20240106,20240104,72,21.56,True,0.0,training_fact_sla_export.csv,2026-06-23T00:00:00,2752
SLA002753,WO000104,C012,SV7,A003,P2,20241010,20241011,20241011,24,11.34,True,0.0,training_fact_sla_export.csv,2026-06-23T00:00:00,2753
SLA002754,WO002515,C019,SV6,A003,P2,20240411,20240412,20240412,24,17.06,True,0.0,training_fact_sla_export.csv,2026-06-23T00:00:00,2754
SLA002755,WO000424,C012,SV3,A004,P1,20240310,20240310,20240311,8,5.6,True,0.0,training_fact_sla_export.csv,2026-06-23T00:00:00,2755
SLA002756,WO000411,C001,SV3,A003,P3,20241203,20241206,20241204,72,18.73,True,0.0,training_fact_sla_export.csv,2026-06-23T00:00:00,2756
SLA002757,WO001845,C006,SV6,A005,P1,20240306,20240306,20240307,8,11.41,False,3.41,training_fact_sla_export.csv,2026-06-23T00:00:00,2757
SLA002758,WO003174,C012,SV3,A006,P3,20240507,20240510,20240509,72,42.35,True,0.0,training_fact_sla_export.csv,2026-06-23T00:00:00,2758
SLA002759,WO003920,C008,SV5,A003,P2,20240210,20240211,20240211,24,21.74,True,0.0,training_fact_sla_export.csv,2026-06-23T00:00:00,2759
SLA002760,WO002335,C010,SV7,A004,P2,20240623,20240624,20240625,24,28.3,False,4.3,training_fact_sla_export.csv,2026-06-23T00:00:00,2760
SLA002761,WO004108,C019,SV5,A004,P4,20240315,20240320,20240319,120,78.58,True,0.0,training_fact_sla_export.csv,2026-06-23T00:00:00,2761
SLA002762,WO001188,C019,SV3,A002,P3,20240329,20240401,20240330,72,21.05,True,0.0,training_fact_sla_export.csv,2026-06-23T00:00:00,2762
SLA002763,WO004331,C006,SV6,A003,P3,20240326,20240329,20240328,72,41.84,True,0.0,training_fact_sla_export.csv,2026-06-23T00:00:00,2763
SLA002764,WO004691,C004,SV2,A006,P3,20240606,20240609,20240608,72,36.68,True,0.0,training_fact_sla_export.csv,2026-06-23T00:00:00,2764
SLA002765,WO003034,C020,SV8,A003,P3,20240424,20240427,20240428,72,72.05,False,0.05,training_fact_sla_export.csv,2026-06-23T00:00:00,2765
SLA002766,WO003686,C011,SV3,A002,P3,20240524,20240527,20240527,72,49.11,True,0.0,training_fact_sla_export.csv,2026-06-23T00:00:00,2766
SLA002767,WO000233,C012,SV4,A001,P3,20240613,20240616,20240615,72,32.43,True,0.0,training_fact_sla_export.csv,2026-06-23T00:00:00,2767
SLA002768,WO004483,C004,SV6,A006,P3,20240129,20240201,20240201,72,49.8,True,0.0,training_fact_sla_export.csv,2026-06-23T00:00:00,2768
SLA002769,WO001939,C013,SV5,A003,P2,20240612,20240613,20240613,24,8.81,True,0.0,training_fact_sla_export.csv,2026-06-23T00:00:00,2769
SLA002770,WO001557,C018,SV2,A001,P2,20240724,20240725,20240725,24,19.48,True,0.0,training_fact_sla_export.csv,2026-06-23T00:00:00,2770
SLA002771,WO000128,C003,SV1,A003,P2,20240220,20240221,20240221,24,18.39,True,0.0,training_fact_sla_export.csv,2026-06-23T00:00:00,2771
SLA002772,WO004385,C007,SV2,A004,P2,20240608,20240609,20240610,24,40.39,False,16.39,training_fact_sla_export.csv,2026-06-23T00:00:00,2772
SLA002773,WO002552,C009,SV3,A004,P3,20240724,20240727,20240727,72,49.93,True,0.0,training_fact_sla_export.csv,2026-06-23T00:00:00,2773
SLA002774,WO001216,C010,SV5,A003,P4,20240126,20240131,20240202,120,147.4,False,27.4,training_fact_sla_export.csv,2026-06-23T00:00:00,2774
SLA002775,WO001182,C005,SV6,A005,P2,20240324,20240325,20240325,24,14.42,True,0.0,training_fact_sla_export.csv,2026-06-23T00:00:00,2775
SLA002776,WO004466,C014,SV8,A005,P4,20240330,20240404,20240402,120,67.72,True,0.0,training_fact_sla_export.csv,2026-06-23T00:00:00,2776
SLA002777,WO004129,C005,SV7,A003,P3,20240217,20240220,20240219,72,43.76,True,0.0,training_fact_sla_export.csv,2026-06-23T00:00:00,2777
SLA002778,WO001392,C006,SV1,A003,P2,20240121,20240122,20240122,24,9.04,True,0.0,training_fact_sla_export.csv,2026-06-23T00:00:00,2778
SLA002779,WO000827,C012,SV3,A003,P1,20240620,20240620,20240621,8,3.42,True,0.0,training_fact_sla_export.csv,2026-06-23T00:00:00,2779
SLA002780,WO003211,C003,SV3,A005,P2,20240809,20240810,20240810,24,6.57,True,0.0,training_fact_sla_export.csv,2026-06-23T00:00:00,2780
SLA002781,WO002623,C017,SV5,A002,P3,20240816,20240819,20240819,72,71.57,True,0.0,training_fact_sla_export.csv,2026-06-23T00:00:00,2781
SLA002782,WO003207,C009,SV1,A004,P3,20240220,20240223,20240222,72,46.21,True,0.0,training_fact_sla_export.csv,2026-06-23T00:00:00,2782
SLA002783,WO004558,C020,SV1,A003,P1,20240316,20240316,20240317,8,4.15,True,0.0,training_fact_sla_export.csv,2026-06-23T00:00:00,2783
SLA002784,WO002837,C008,SV8,A003,P1,20240308,20240308,20240309,8,4.66,True,0.0,training_fact_sla_export.csv,2026-06-23T00:00:00,2784
SLA002785,WO002677,C001,SV7,A005,P4,20241101,20241106,20241103,120,32.91,True,0.0,training_fact_sla_export.csv,2026-06-23T00:00:00,2785
SLA002786,WO001164,C008,SV3,A001,P3,20241020,20241023,20241021,72,10.98,True,0.0,training_fact_sla_export.csv,2026-06-23T00:00:00,2786
SLA002787,WO004985,C013,SV1,A003,P2,20241018,20241019,20241020,24,24.44,False,0.44,training_fact_sla_export.csv,2026-06-23T00:00:00,2787
SLA002788,WO001454,C001,SV5,A005,P4,20240530,20240604,20240603,120,77.38,True,0.0,training_fact_sla_export.csv,2026-06-23T00:00:00,2788
SLA002789,WO001362,C010,SV6,A004,P2,20240330,20240331,20240402,24,49.92,False,25.92,training_fact_sla_export.csv,2026-06-23T00:00:00,2789
SLA002790,WO003795,C016,SV7,A005,P3,20240613,20240616,20240616,72,51.28,True,0.0,training_fact_sla_export.csv,2026-06-23T00:00:00,2790
SLA002791,WO001072,C018,SV4,A001,P2,20241017,20241018,20241018,24,8.3,True,0.0,training_fact_sla_export.csv,2026-06-23T00:00:00,2791
SLA002792,WO004972,C015,SV8,A002,P4,20241214,20241219,20241219,120,117.35,True,0.0,training_fact_sla_export.csv,2026-06-23T00:00:00,2792
SLA002793,WO004895,C005,SV2,A003,P2,20240819,20240820,20240820,24,13.61,True,0.0,training_fact_sla_export.csv,2026-06-23T00:00:00,2793
SLA002794,WO003318,C015,SV1,A002,P3,20240218,20240221,20240220,72,33.23,True,0.0,training_fact_sla_export.csv,2026-06-23T00:00:00,2794
SLA002795,WO001401,C016,SV7,A006,P3,20240318,20240321,20240321,72,71.55,True,0.0,training_fact_sla_export.csv,2026-06-23T00:00:00,2795
SLA002796,WO001796,C009,SV2,A003,P3,20240802,20240805,20240805,72,58.67,True,0.0,training_fact_sla_export.csv,2026-06-23T00:00:00,2796
SLA002797,WO002998,C014,SV6,A005,P3,20240824,20240827,20240827,72,71.11,True,0.0,training_fact_sla_export.csv,2026-06-23T00:00:00,2797
SLA002798,WO004519,C010,SV3,A006,P3,20240106,20240109,20240108,72,31.48,True,0.0,training_fact_sla_export.csv,2026-06-23T00:00:00,2798
SLA002799,WO000473,C009,SV6,A006,P3,20240615,20240618,20240620,72,96.38,False,24.38,training_fact_sla_export.csv,2026-06-23T00:00:00,2799
SLA002800,WO001328,C014,SV1,A003,P4,20240427,20240502,20240501,120,78.26,True,0.0,training_fact_sla_export.csv,2026-06-23T00:00:00,2800
SLA002801,WO003741,C020,SV8,A003,P3,20240609,20240612,20240612,72,56.73,True,0.0,training_fact_sla_export.csv,2026-06-23T00:00:00,2801
SLA002802,WO002997,C020,SV1,A003,P2,20240415,20240416,20240416,24,15.65,True,0.0,training_fact_sla_export.csv,2026-06-23T00:00:00,2802
SLA002803,WO000967,C001,SV6,A003,P4,20240213,20240218,20240216,120,50.81,True,0.0,training_fact_sla_export.csv,2026-06-23T00:00:00,2803
SLA002804,WO002669,C006,SV8,A001,P4,20240901,20240906,20240904,120,69.1,True,0.0,training_fact_sla_export.csv,2026-06-23T00:00:00,2804
SLA002805,WO001925,C017,SV2,A004,P2,20241203,20241204,20241205,24,42.34,False,18.34,training_fact_sla_export.csv,2026-06-23T00:00:00,2805
SLA002806,WO001487,C015,SV4,A005,P4,20241028,20241102,20241031,120,65.83,True,0.0,training_fact_sla_export.csv,2026-06-23T00:00:00,2806
SLA002807,WO003049,C015,SV6,A002,P4,20240928,20241003,20241002,120,86.67,True,0.0,training_fact_sla_export.csv,2026-06-23T00:00:00,2807
SLA002808,WO000568,C013,SV1,A001,P3,20240319,20240322,20240321,72,24.96,True,0.0,training_fact_sla_export.csv,2026-06-23T00:00:00,2808
SLA002809,WO004894,C009,SV5,A002,P2,20240302,20240303,20240303,24,13.37,True,0.0,training_fact_sla_export.csv,2026-06-23T00:00:00,2809
SLA002810,WO003290,C013,SV6,A006,P2,20241013,20241014,20241014,24,19.92,True,0.0,training_fact_sla_export.csv,2026-06-23T00:00:00,2810
SLA002811,WO003132,C017,SV4,A005,P3,20240117,20240120,20240121,72,92.14,False,20.14,training_fact_sla_export.csv,2026-06-23T00:00:00,2811
SLA002812,WO004407,C002,SV4,A006,P2,20241006,20241007,20241007,24,13.71,True,0.0,training_fact_sla_export.csv,2026-06-23T00:00:00,2812
SLA002813,WO002975,C001,SV6,A004,P4,20241105,20241110,20241115,120,217.74,False,97.74,training_fact_sla_export.csv,2026-06-23T00:00:00,2813
SLA002814,WO002362,C016,SV2,A006,P4,20240720,20240725,20240723,120,51.8,True,0.0,training_fact_sla_export.csv,2026-06-23T00:00:00,2814
SLA002815,WO001466,C002,SV2,A003,P3,20240909,20240912,20240911,72,42.46,True,0.0,training_fact_sla_export.csv,2026-06-23T00:00:00,2815
SLA002816,WO003731,C009,SV4,A002,P3,20240620,20240623,20240623,72,59.06,True,0.0,training_fact_sla_export.csv,2026-06-23T00:00:00,2816
SLA002817,WO004508,C003,SV8,A003,P3,20241107,20241110,20241109,72,45.91,True,0.0,training_fact_sla_export.csv,2026-06-23T00:00:00,2817
SLA002818,WO004071,C007,SV2,A004,P2,20240716,20240717,20240718,24,26.59,False,2.59,training_fact_sla_export.csv,2026-06-23T00:00:00,2818
SLA002819,WO000874,C004,SV8,A001,P3,20240608,20240611,20240610,72,45.46,True,0.0,training_fact_sla_export.csv,2026-06-23T00:00:00,2819
SLA002820,WO001065,C009,SV1,A004,P1,20240121,20240121,20240122,8,4.61,True,0.0,training_fact_sla_export.csv,2026-06-23T00:00:00,2820
SLA002821,WO003839,C001,SV3,A006,P2,20240617,20240618,20240618,24,16.7,True,0.0,training_fact_sla_export.csv,2026-06-23T00:00:00,2821
SLA002822,WO003138,C018,SV5,A001,P3,20240423,20240426,20240427,72,73.86,False,1.86,training_fact_sla_export.csv,2026-06-23T00:00:00,2822
SLA002823,WO001601,C015,SV5,A004,P3,20240812,20240815,20240815,72,52.61,True,0.0,training_fact_sla_export.csv,2026-06-23T00:00:00,2823
SLA002824,WO002868,C014,SV3,A005,P2,20241128,20241129,20241129,24,8.05,True,0.0,training_fact_sla_export.csv,2026-06-23T00:00:00,2824
SLA002825,WO004306,C016,SV7,A004,P3,20240924,20240927,20240929,72,111.09,False,39.09,training_fact_sla_export.csv,2026-06-23T00:00:00,2825
SLA002826,WO004717,C001,SV3,A006,P3,20240523,20240526,20240525,72,31.36,True,0.0,training_fact_sla_export.csv,2026-06-23T00:00:00,2826
SLA002827,WO002656,C011,SV8,A003,P2,20240208,20240209,20240209,24,23.46,True,0.0,training_fact_sla_export.csv,2026-06-23T00:00:00,2827
SLA002828,WO000773,C005,SV4,A006,P3,20241202,20241205,20241204,72,44.34,True,0.0,training_fact_sla_export.csv,2026-06-23T00:00:00,2828
SLA002829,WO001383,C018,SV7,A004,P2,20240719,20240720,20240721,24,40.57,False,16.57,training_fact_sla_export.csv,2026-06-23T00:00:00,2829
SLA002830,WO003116,C014,SV5,A002,P2,20240104,20240105,20240105,24,18.2,True,0.0,training_fact_sla_export.csv,2026-06-23T00:00:00,2830
SLA002831,WO001323,C002,SV7,A001,P2,20240429,20240430,20240430,24,18.23,True,0.0,training_fact_sla_export.csv,2026-06-23T00:00:00,2831
SLA002832,WO001048,C018,SV5,A003,P2,20240911,20240912,20240913,24,25.71,False,1.71,training_fact_sla_export.csv,2026-06-23T00:00:00,2832
SLA002833,WO001284,C012,SV2,A004,P2,20240609,20240610,20240611,24,27.25,False,3.25,training_fact_sla_export.csv,2026-06-23T00:00:00,2833
SLA002834,WO003038,C011,SV4,A003,P2,20241014,20241015,20241015,24,9.77,True,0.0,training_fact_sla_export.csv,2026-06-23T00:00:00,2834
SLA002835,WO000754,C003,SV6,A003,P3,20240317,20240320,20240320,72,65.71,True,0.0,training_fact_sla_export.csv,2026-06-23T00:00:00,2835
SLA002836,WO004424,C012,SV3,A006,P4,20240816,20240821,20240818,120,44.21,True,0.0,training_fact_sla_export.csv,2026-06-23T00:00:00,2836
SLA002837,WO003883,C008,SV8,A004,P3,20241104,20241107,20241107,72,50.92,True,0.0,training_fact_sla_export.csv,2026-06-23T00:00:00,2837
SLA002838,WO001676,C006,SV7,A004,P2,20240304,20240305,20240305,24,12.95,True,0.0,training_fact_sla_export.csv,2026-06-23T00:00:00,2838
SLA002839,WO004592,C005,SV7,A003,P1,20240604,20240604,20240605,8,4.24,True,0.0,training_fact_sla_export.csv,2026-06-23T00:00:00,2839
SLA002840,WO000920,C003,SV1,A003,P2,20240914,20240915,20240915,24,19.81,True,0.0,training_fact_sla_export.csv,2026-06-23T00:00:00,2840
SLA002841,WO004282,C017,SV1,A004,P3,20241009,20241012,20241011,72,35.64,True,0.0,training_fact_sla_export.csv,2026-06-23T00:00:00,2841
SLA002842,WO004614,C009,SV7,A004,P4,20240514,20240519,20240516,120,35.82,True,0.0,training_fact_sla_export.csv,2026-06-23T00:00:00,2842
SLA002843,WO001063,C006,SV3,A004,P2,20240314,20240315,20240316,24,43.48,False,19.48,training_fact_sla_export.csv,2026-06-23T00:00:00,2843
SLA002844,WO003889,C011,SV2,A005,P3,20240125,20240128,20240127,72,32.0,True,0.0,training_fact_sla_export.csv,2026-06-23T00:00:00,2844
SLA002845,WO000965,C007,SV3,A001,P3,20240804,20240807,20240806,72,42.88,True,0.0,training_fact_sla_export.csv,2026-06-23T00:00:00,2845
SLA002846,WO004727,C012,SV3,A003,P3,20240401,20240404,20240404,72,51.13,True,0.0,training_fact_sla_export.csv,2026-06-23T00:00:00,2846
SLA002847,WO001834,C001,SV1,A002,P2,20241216,20241217,20241217,24,15.52,True,0.0,training_fact_sla_export.csv,2026-06-23T00:00:00,2847
SLA002848,WO002949,C004,SV8,A005,P3,20241119,20241122,20241123,72,81.02,False,9.02,training_fact_sla_export.csv,2026-06-23T00:00:00,2848
SLA002849,WO004851,C014,SV3,A003,P4,20240329,20240403,20240401,120,70.2,True,0.0,training_fact_sla_export.csv,2026-06-23T00:00:00,2849
SLA002850,WO002042,C002,SV3,A004,P2,20240328,20240329,20240331,24,51.36,False,27.36,training_fact_sla_export.csv,2026-06-23T00:00:00,2850
SLA002851,WO003645,C020,SV4,A005,P1,20240108,20240108,20240109,8,7.69,True,0.0,training_fact_sla_export.csv,2026-06-23T00:00:00,2851
SLA002852,WO002801,C007,SV2,A002,P1,20241027,20241027,20241028,8,2.16,True,0.0,training_fact_sla_export.csv,2026-06-23T00:00:00,2852
SLA002853,WO000429,C012,SV7,A003,P4,20241101,20241106,20241106,120,119.19,True,0.0,training_fact_sla_export.csv,2026-06-23T00:00:00,2853
SLA002854,WO002926,C017,SV7,A006,P4,20240908,20240913,20240910,120,45.11,True,0.0,training_fact_sla_export.csv,2026-06-23T00:00:00,2854
SLA002855,WO003317,C010,SV2,A002,P4,20240925,20240930,20240927,120,24.59,True,0.0,training_fact_sla_export.csv,2026-06-23T00:00:00,2855
SLA002856,WO002787,C006,SV7,A005,P4,20241001,20241006,20241012,120,244.04,False,124.04,training_fact_sla_export.csv,2026-06-23T00:00:00,2856
SLA002857,WO000929,C018,SV2,A006,P2,20241104,20241105,20241105,24,11.74,True,0.0,training_fact_sla_export.csv,2026-06-23T00:00:00,2857
SLA002858,WO001860,C014,SV5,A001,P3,20240901,20240904,20240905,72,88.75,False,16.75,training_fact_sla_export.csv,2026-06-23T00:00:00,2858
SLA002859,WO003904,C015,SV2,A004,P3,20240704,20240707,20240708,72,78.49,False,6.49,training_fact_sla_export.csv,2026-06-23T00:00:00,2859
SLA002860,WO000201,C006,SV4,A001,P2,20240831,20240901,20240903,24,49.27,False,25.27,training_fact_sla_export.csv,2026-06-23T00:00:00,2860
SLA002861,WO004504,C002,SV6,A004,P3,20240215,20240218,20240218,72,71.41,True,0.0,training_fact_sla_export.csv,2026-06-23T00:00:00,2861
SLA002862,WO002986,C005,SV1,A001,P1,20240731,20240731,20240801,8,3.43,True,0.0,training_fact_sla_export.csv,2026-06-23T00:00:00,2862
SLA002863,WO000040,C015,SV3,A006,P2,20240621,20240622,20240622,24,20.8,True,0.0,training_fact_sla_export.csv,2026-06-23T00:00:00,2863
SLA002864,WO001488,C005,SV7,A005,P4,20240415,20240420,20240421,120,139.06,False,19.06,training_fact_sla_export.csv,2026-06-23T00:00:00,2864
SLA002865,WO003643,C016,SV1,A005,P3,20240202,20240205,20240204,72,43.15,True,0.0,training_fact_sla_export.csv,2026-06-23T00:00:00,2865
SLA002866,WO000156,C009,SV6,A006,P3,20240425,20240428,20240501,72,139.68,False,67.68,training_fact_sla_export.csv,2026-06-23T00:00:00,2866
SLA002867,WO001963,C007,SV7,A001,P3,20240517,20240520,20240519,72,35.29,True,0.0,training_fact_sla_export.csv,2026-06-23T00:00:00,2867
SLA002868,WO000494,C006,SV3,A002,P2,20241112,20241113,20241113,24,23.14,True,0.0,training_fact_sla_export.csv,2026-06-23T00:00:00,2868
SLA002869,WO001585,C002,SV7,A003,P1,20240602,20240602,20240603,8,5.31,True,0.0,training_fact_sla_export.csv,2026-06-23T00:00:00,2869
SLA002870,WO001298,C008,SV6,A002,P3,20240315,20240318,20240321,72,131.86,False,59.86,training_fact_sla_export.csv,2026-06-23T00:00:00,2870
SLA002871,WO004499,C019,SV5,A005,P4,20240301,20240306,20240306,120,98.24,True,0.0,training_fact_sla_export.csv,2026-06-23T00:00:00,2871
SLA002872,WO000775,C012,SV7,A001,P3,20240331,20240403,20240404,72,86.59,False,14.59,training_fact_sla_export.csv,2026-06-23T00:00:00,2872
SLA002873,WO001619,C016,SV4,A005,P4,20241211,20241216,20241215,120,79.33,True,0.0,training_fact_sla_export.csv,2026-06-23T00:00:00,2873
SLA002874,WO000050,C017,SV4,A003,P3,20240920,20240923,20240923,72,65.1,True,0.0,training_fact_sla_export.csv,2026-06-23T00:00:00,2874
SLA002875,WO004332,C015,SV4,A003,P3,20240131,20240203,20240202,72,27.6,True,0.0,training_fact_sla_export.csv,2026-06-23T00:00:00,2875
SLA002876,WO004304,C016,SV2,A004,P4,20240620,20240625,20240626,120,136.88,False,16.88,training_fact_sla_export.csv,2026-06-23T00:00:00,2876
SLA002877,WO003404,C009,SV8,A005,P2,20241114,20241115,20241116,24,35.28,False,11.28,training_fact_sla_export.csv,2026-06-23T00:00:00,2877
SLA002878,WO004239,C009,SV8,A003,P3,20241017,20241020,20241021,72,87.63,False,15.63,training_fact_sla_export.csv,2026-06-23T00:00:00,2878
SLA002879,WO004061,C009,SV4,A002,P2,20240518,20240519,20240520,24,37.0,False,13.0,training_fact_sla_export.csv,2026-06-23T00:00:00,2879
SLA002880,WO003128,C007,SV5,A003,P2,20241026,20241027,20241027,24,4.0,True,0.0,training_fact_sla_export.csv,2026-06-23T00:00:00,2880
SLA002881,WO003598,C001,SV5,A003,P3,20240504,20240507,20240508,72,80.94,False,8.94,training_fact_sla_export.csv,2026-06-23T00:00:00,2881
SLA002882,WO002755,C014,SV3,A001,P3,20240111,20240114,20240114,72,60.2,True,0.0,training_fact_sla_export.csv,2026-06-23T00:00:00,2882
SLA002883,WO000492,C013,SV5,A005,P2,20241222,20241223,20241224,24,30.37,False,6.37,training_fact_sla_export.csv,2026-06-23T00:00:00,2883
SLA002884,WO004970,C009,SV6,A002,P3,20240314,20240317,20240316,72,25.52,True,0.0,training_fact_sla_export.csv,2026-06-23T00:00:00,2884
SLA002885,WO001513,C014,SV7,A001,P3,20240911,20240914,20240916,72,100.83,False,28.83,training_fact_sla_export.csv,2026-06-23T00:00:00,2885
SLA002886,WO004720,C016,SV1,A005,P2,20240217,20240218,20240218,24,16.45,True,0.0,training_fact_sla_export.csv,2026-06-23T00:00:00,2886
SLA002887,WO003251,C019,SV5,A005,P1,20241214,20241214,20241215,8,6.93,True,0.0,training_fact_sla_export.csv,2026-06-23T00:00:00,2887
SLA002888,WO001167,C018,SV7,A005,P3,20240622,20240625,20240623,72,11.55,True,0.0,training_fact_sla_export.csv,2026-06-23T00:00:00,2888
SLA002889,WO002637,C007,SV2,A005,P3,20241111,20241114,20241115,72,78.56,False,6.56,training_fact_sla_export.csv,2026-06-23T00:00:00,2889
SLA002890,WO001478,C006,SV1,A006,P3,20240109,20240112,20240114,72,101.65,False,29.65,training_fact_sla_export.csv,2026-06-23T00:00:00,2890
SLA002891,WO000277,C010,SV2,A005,P3,20241009,20241012,20241015,72,122.12,False,50.12,training_fact_sla_export.csv,2026-06-23T00:00:00,2891
SLA002892,WO002114,C008,SV3,A001,P4,20240520,20240525,20240524,120,76.74,True,0.0,training_fact_sla_export.csv,2026-06-23T00:00:00,2892
SLA002893,WO002870,C014,SV6,A005,P2,20240829,20240830,20240831,24,29.72,False,5.72,training_fact_sla_export.csv,2026-06-23T00:00:00,2893
SLA002894,WO003212,C001,SV5,A004,P3,20241019,20241022,20241027,72,174.56,False,102.56,training_fact_sla_export.csv,2026-06-23T00:00:00,2894
SLA002895,WO003913,C006,SV6,A003,P4,20241226,20241231,20241230,120,89.66,True,0.0,training_fact_sla_export.csv,2026-06-23T00:00:00,2895
SLA002896,WO001916,C009,SV2,A006,P2,20240820,20240821,20240821,24,17.32,True,0.0,training_fact_sla_export.csv,2026-06-23T00:00:00,2896
SLA002897,WO000657,C002,SV2,A004,P1,20240604,20240604,20240605,8,7.79,True,0.0,training_fact_sla_export.csv,2026-06-23T00:00:00,2897
SLA002898,WO000016,C009,SV4,A001,P1,20240213,20240213,20240214,8,9.24,False,1.24,training_fact_sla_export.csv,2026-06-23T00:00:00,2898
SLA002899,WO000009,C004,SV7,A004,P3,20240609,20240612,20240611,72,27.47,True,0.0,training_fact_sla_export.csv,2026-06-23T00:00:00,2899
SLA002900,WO000517,C019,SV2,A001,P2,20241002,20241003,20241004,24,25.42,False,1.42,training_fact_sla_export.csv,2026-06-23T00:00:00,2900
SLA002901,WO000936,C003,SV8,A004,P2,20240419,20240420,20240422,24,56.41,False,32.41,training_fact_sla_export.csv,2026-06-23T00:00:00,2901
SLA002902,WO001716,C009,SV6,A005,P2,20240724,20240725,20240725,24,22.16,True,0.0,training_fact_sla_export.csv,2026-06-23T00:00:00,2902
SLA002903,WO002245,C006,SV2,A005,P3,20241010,20241013,20241012,72,47.78,True,0.0,training_fact_sla_export.csv,2026-06-23T00:00:00,2903
SLA002904,WO000115,C009,SV2,A001,P3,20240823,20240826,20240826,72,61.27,True,0.0,training_fact_sla_export.csv,2026-06-23T00:00:00,2904
SLA002905,WO002142,C015,SV6,A001,P3,20240924,20240927,20240928,72,89.86,False,17.86,training_fact_sla_export.csv,2026-06-23T00:00:00,2905
SLA002906,WO000579,C007,SV5,A006,P3,20240906,20240909,20240909,72,54.39,True,0.0,training_fact_sla_export.csv,2026-06-23T00:00:00,2906
SLA002907,WO004973,C015,SV8,A001,P3,20240506,20240509,20240510,72,77.68,False,5.68,training_fact_sla_export.csv,2026-06-23T00:00:00,2907
SLA002908,WO000757,C003,SV8,A006,P2,20240615,20240616,20240616,24,9.65,True,0.0,training_fact_sla_export.csv,2026-06-23T00:00:00,2908
SLA002909,WO004662,C020,SV1,A003,P3,20240615,20240618,20240618,72,70.1,True,0.0,training_fact_sla_export.csv,2026-06-23T00:00:00,2909
SLA002910,WO001442,C013,SV8,A006,P1,20241207,20241207,20241208,8,11.28,False,3.28,training_fact_sla_export.csv,2026-06-23T00:00:00,2910
SLA002911,WO003012,C019,SV3,A001,P2,20240312,20240313,20240313,24,18.55,True,0.0,training_fact_sla_export.csv,2026-06-23T00:00:00,2911
SLA002912,WO002999,C005,SV2,A003,P1,20240911,20240911,20240912,8,6.04,True,0.0,training_fact_sla_export.csv,2026-06-23T00:00:00,2912
SLA002913,WO001602,C014,SV1,A005,P3,20240825,20240828,20240828,72,57.87,True,0.0,training_fact_sla_export.csv,2026-06-23T00:00:00,2913
SLA002914,WO004457,C011,SV1,A001,P2,20240529,20240530,20240530,24,20.92,True,0.0,training_fact_sla_export.csv,2026-06-23T00:00:00,2914
SLA002915,WO004335,C006,SV2,A004,P2,20240604,20240605,20240606,24,45.82,False,21.82,training_fact_sla_export.csv,2026-06-23T00:00:00,2915
SLA002916,WO001235,C016,SV8,A001,P3,20241008,20241011,20241010,72,35.56,True,0.0,training_fact_sla_export.csv,2026-06-23T00:00:00,2916
SLA002917,WO002166,C010,SV2,A003,P1,20241029,20241029,20241030,8,3.87,True,0.0,training_fact_sla_export.csv,2026-06-23T00:00:00,2917
SLA002918,WO001451,C015,SV2,A003,P2,20241030,20241031,20241031,24,10.45,True,0.0,training_fact_sla_export.csv,2026-06-23T00:00:00,2918
SLA002919,WO004587,C001,SV6,A003,P4,20241014,20241019,20241019,120,96.56,True,0.0,training_fact_sla_export.csv,2026-06-23T00:00:00,2919
SLA002920,WO004291,C003,SV3,A005,P2,20241121,20241122,20241122,24,12.75,True,0.0,training_fact_sla_export.csv,2026-06-23T00:00:00,2920
SLA002921,WO002883,C016,SV5,A002,P3,20240504,20240507,20240509,72,106.25,False,34.25,training_fact_sla_export.csv,2026-06-23T00:00:00,2921
SLA002922,WO001983,C009,SV7,A004,P3,20240418,20240421,20240425,72,156.25,False,84.25,training_fact_sla_export.csv,2026-06-23T00:00:00,2922
SLA002923,WO001582,C004,SV3,A006,P1,20240123,20240123,20240124,8,3.64,True,0.0,training_fact_sla_export.csv,2026-06-23T00:00:00,2923
SLA002924,WO003443,C016,SV6,A003,P3,20240908,20240911,20240911,72,52.03,True,0.0,training_fact_sla_export.csv,2026-06-23T00:00:00,2924
SLA002925,WO001111,C004,SV4,A003,P3,20240207,20240210,20240210,72,66.55,True,0.0,training_fact_sla_export.csv,2026-06-23T00:00:00,2925
SLA002926,WO004318,C001,SV6,A003,P1,20240117,20240117,20240118,8,5.46,True,0.0,training_fact_sla_export.csv,2026-06-23T00:00:00,2926
SLA002927,WO003469,C012,SV7,A003,P3,20240109,20240112,20240112,72,58.98,True,0.0,training_fact_sla_export.csv,2026-06-23T00:00:00,2927
SLA002928,WO002514,C003,SV8,A005,P2,20240611,20240612,20240613,24,29.03,False,5.03,training_fact_sla_export.csv,2026-06-23T00:00:00,2928
SLA002929,WO002446,C015,SV5,A003,P3,20240727,20240730,20240730,72,64.66,True,0.0,training_fact_sla_export.csv,2026-06-23T00:00:00,2929
SLA002930,WO000831,C009,SV8,A005,P2,20241009,20241010,20241011,24,40.13,False,16.13,training_fact_sla_export.csv,2026-06-23T00:00:00,2930
SLA002931,WO001892,C019,SV1,A005,P2,20240413,20240414,20240414,24,15.01,True,0.0,training_fact_sla_export.csv,2026-06-23T00:00:00,2931
SLA002932,WO004381,C011,SV2,A001,P4,20241020,20241025,20241026,120,135.22,False,15.22,training_fact_sla_export.csv,2026-06-23T00:00:00,2932
SLA002933,WO000562,C004,SV5,A003,P2,20240409,20240410,20240410,24,23.73,True,0.0,training_fact_sla_export.csv,2026-06-23T00:00:00,2933
SLA002934,WO002753,C011,SV6,A001,P1,20240328,20240328,20240329,8,10.37,False,2.37,training_fact_sla_export.csv,2026-06-23T00:00:00,2934
SLA002935,WO001202,C013,SV5,A003,P2,20240327,20240328,20240328,24,16.49,True,0.0,training_fact_sla_export.csv,2026-06-23T00:00:00,2935
SLA002936,WO002508,C018,SV2,A001,P1,20241101,20241101,20241102,8,19.9,False,11.9,training_fact_sla_export.csv,2026-06-23T00:00:00,2936
SLA002937,WO002149,C003,SV8,A003,P4,20240117,20240122,20240124,120,145.28,False,25.28,training_fact_sla_export.csv,2026-06-23T00:00:00,2937
SLA002938,WO002913,C015,SV2,A002,P1,20240703,20240703,20240704,8,7.95,True,0.0,training_fact_sla_export.csv,2026-06-23T00:00:00,2938
SLA002939,WO001405,C013,SV2,A005,P3,20241225,20241228,20241228,72,62.91,True,0.0,training_fact_sla_export.csv,2026-06-23T00:00:00,2939
SLA002940,WO001747,C020,SV8,A004,P2,20240524,20240525,20240526,24,24.92,False,0.92,training_fact_sla_export.csv,2026-06-23T00:00:00,2940
SLA002941,WO002285,C012,SV5,A001,P2,20240112,20240113,20240113,24,23.71,True,0.0,training_fact_sla_export.csv,2026-06-23T00:00:00,2941
SLA002942,WO004763,C020,SV2,A006,P2,20240511,20240512,20240513,24,26.16,False,2.16,training_fact_sla_export.csv,2026-06-23T00:00:00,2942
SLA002943,WO002846,C012,SV8,A003,P3,20241117,20241120,20241120,72,53.59,True,0.0,training_fact_sla_export.csv,2026-06-23T00:00:00,2943
SLA002944,WO004230,C002,SV8,A005,P2,20240331,20240401,20240401,24,20.6,True,0.0,training_fact_sla_export.csv,2026-06-23T00:00:00,2944
SLA002945,WO004493,C003,SV4,A003,P3,20240701,20240704,20240708,72,144.97,False,72.97,training_fact_sla_export.csv,2026-06-23T00:00:00,2945
SLA002946,WO004452,C003,SV8,A004,P2,20240707,20240708,20240709,24,38.81,False,14.81,training_fact_sla_export.csv,2026-06-23T00:00:00,2946
SLA002947,WO000166,C011,SV8,A003,P4,20240519,20240524,20240523,120,77.72,True,0.0,training_fact_sla_export.csv,2026-06-23T00:00:00,2947
SLA002948,WO001629,C017,SV5,A006,P2,20240107,20240108,20240108,24,7.91,True,0.0,training_fact_sla_export.csv,2026-06-23T00:00:00,2948
SLA002949,WO000926,C012,SV2,A003,P2,20240306,20240307,20240307,24,8.34,True,0.0,training_fact_sla_export.csv,2026-06-23T00:00:00,2949
SLA002950,WO001127,C019,SV7,A004,P3,20240828,20240831,20240830,72,24.96,True,0.0,training_fact_sla_export.csv,2026-06-23T00:00:00,2950
SLA002951,WO004094,C011,SV1,A002,P3,20240107,20240110,20240110,72,49.98,True,0.0,training_fact_sla_export.csv,2026-06-23T00:00:00,2951
SLA002952,WO002799,C014,SV5,A006,P2,20240505,20240506,20240506,24,22.97,True,0.0,training_fact_sla_export.csv,2026-06-23T00:00:00,2952
SLA002953,WO002467,C005,SV6,A003,P3,20240113,20240116,20240117,72,85.42,False,13.42,training_fact_sla_export.csv,2026-06-23T00:00:00,2953
SLA002954,WO003190,C001,SV2,A006,P2,20240901,20240902,20240902,24,14.78,True,0.0,training_fact_sla_export.csv,2026-06-23T00:00:00,2954
SLA002955,WO004471,C015,SV1,A002,P1,20240130,20240130,20240131,8,6.93,True,0.0,training_fact_sla_export.csv,2026-06-23T00:00:00,2955
SLA002956,WO000210,C002,SV4,A006,P3,20241229,20250101,20241231,72,71.03,True,0.0,training_fact_sla_export.csv,2026-06-23T00:00:00,2956
SLA002957,WO003074,C020,SV7,A004,P2,20241031,20241101,20241101,24,20.37,True,0.0,training_fact_sla_export.csv,2026-06-23T00:00:00,2957
SLA002958,WO001775,C020,SV2,A003,P3,20240827,20240830,20240831,72,80.84,False,8.84,training_fact_sla_export.csv,2026-06-23T00:00:00,2958
SLA002959,WO003663,C005,SV7,A001,P4,20240209,20240214,20240219,120,228.77,False,108.77,training_fact_sla_export.csv,2026-06-23T00:00:00,2959
SLA002960,WO003789,C002,SV1,A006,P3,20241213,20241216,20241215,72,30.58,True,0.0,training_fact_sla_export.csv,2026-06-23T00:00:00,2960
SLA002961,WO001005,C018,SV4,A005,P3,20240807,20240810,20240809,72,35.96,True,0.0,training_fact_sla_export.csv,2026-06-23T00:00:00,2961
SLA002962,WO004524,C019,SV3,A005,P3,20241128,20241201,20241201,72,48.46,True,0.0,training_fact_sla_export.csv,2026-06-23T00:00:00,2962
SLA002963,WO000054,C011,SV1,A005,P3,20240314,20240317,20240316,72,38.97,True,0.0,training_fact_sla_export.csv,2026-06-23T00:00:00,2963
SLA002964,WO000363,C008,SV4,A006,P1,20240710,20240710,20240711,8,7.31,True,0.0,training_fact_sla_export.csv,2026-06-23T00:00:00,2964
SLA002965,WO000765,C010,SV5,A006,P1,20240711,20240711,20240712,8,6.04,True,0.0,training_fact_sla_export.csv,2026-06-23T00:00:00,2965
SLA002966,WO001866,C019,SV4,A003,P2,20241228,20241229,20241229,24,16.47,True,0.0,training_fact_sla_export.csv,2026-06-23T00:00:00,2966
SLA002967,WO002710,C012,SV2,A003,P3,20240205,20240208,20240206,72,20.19,True,0.0,training_fact_sla_export.csv,2026-06-23T00:00:00,2967
SLA002968,WO001571,C004,SV3,A005,P3,20241008,20241011,20241010,72,33.9,True,0.0,training_fact_sla_export.csv,2026-06-23T00:00:00,2968
SLA002969,WO004778,C014,SV3,A004,P1,20241011,20241011,20241012,8,4.22,True,0.0,training_fact_sla_export.csv,2026-06-23T00:00:00,2969
SLA002970,WO002876,C020,SV4,A003,P3,20240809,20240812,20240811,72,39.13,True,0.0,training_fact_sla_export.csv,2026-06-23T00:00:00,2970
SLA002971,WO000220,C002,SV7,A001,P2,20240115,20240116,20240117,24,28.66,False,4.66,training_fact_sla_export.csv,2026-06-23T00:00:00,2971
SLA002972,WO004803,C011,SV5,A003,P3,20241021,20241024,20241023,72,34.28,True,0.0,training_fact_sla_export.csv,2026-06-23T00:00:00,2972
SLA002973,WO001763,C011,SV1,A006,P2,20241111,20241112,20241112,24,18.22,True,0.0,training_fact_sla_export.csv,2026-06-23T00:00:00,2973
SLA002974,WO003330,C016,SV5,A002,P3,20241204,20241207,20241207,72,66.4,True,0.0,training_fact_sla_export.csv,2026-06-23T00:00:00,2974
SLA002975,WO004193,C012,SV1,A002,P2,20241203,20241204,20241204,24,12.62,True,0.0,training_fact_sla_export.csv,2026-06-23T00:00:00,2975
SLA002976,WO003624,C005,SV5,A003,P1,20241228,20241228,20241229,8,6.18,True,0.0,training_fact_sla_export.csv,2026-06-23T00:00:00,2976
SLA002977,WO002542,C013,SV4,A003,P3,20240211,20240214,20240214,72,59.53,True,0.0,training_fact_sla_export.csv,2026-06-23T00:00:00,2977
SLA002978,WO003786,C003,SV8,A004,P2,20240826,20240827,20240827,24,9.16,True,0.0,training_fact_sla_export.csv,2026-06-23T00:00:00,2978
SLA002979,WO002974,C011,SV6,A003,P3,20241230,20250102,20241231,72,59.22,True,0.0,training_fact_sla_export.csv,2026-06-23T00:00:00,2979
SLA002980,WO001753,C005,SV6,A001,P3,20240410,20240413,20240412,72,24.02,True,0.0,training_fact_sla_export.csv,2026-06-23T00:00:00,2980
SLA002981,WO001372,C020,SV7,A003,P1,20241224,20241224,20241225,8,4.07,True,0.0,training_fact_sla_export.csv,2026-06-23T00:00:00,2981
SLA002982,WO004901,C015,SV6,A003,P4,20240923,20240928,20241001,120,185.29,False,65.29,training_fact_sla_export.csv,2026-06-23T00:00:00,2982
SLA002983,WO004809,C015,SV1,A001,P3,20240626,20240629,20240628,72,42.93,True,0.0,training_fact_sla_export.csv,2026-06-23T00:00:00,2983
SLA002984,WO001449,C001,SV7,A003,P1,20241001,20241001,20241002,8,8.93,False,0.93,training_fact_sla_export.csv,2026-06-23T00:00:00,2984
SLA002985,WO004435,C009,SV8,A002,P3,20241212,20241215,20241214,72,38.38,True,0.0,training_fact_sla_export.csv,2026-06-23T00:00:00,2985
SLA002986,WO000107,C014,SV7,A006,P3,20241209,20241212,20241213,72,72.2,False,0.2,training_fact_sla_export.csv,2026-06-23T00:00:00,2986
SLA002987,WO001534,C010,SV2,A003,P3,20240419,20240422,20240421,72,34.49,True,0.0,training_fact_sla_export.csv,2026-06-23T00:00:00,2987
SLA002988,WO003976,C003,SV1,A003,P3,20241202,20241205,20241205,72,48.02,True,0.0,training_fact_sla_export.csv,2026-06-23T00:00:00,2988
SLA002989,WO002889,C011,SV3,A006,P2,20240514,20240515,20240515,24,20.78,True,0.0,training_fact_sla_export.csv,2026-06-23T00:00:00,2989
SLA002990,WO004333,C014,SV7,A004,P1,20240416,20240416,20240417,8,7.78,True,0.0,training_fact_sla_export.csv,2026-06-23T00:00:00,2990
SLA002991,WO002276,C015,SV8,A005,P2,20240704,20240705,20240705,24,21.05,True,0.0,training_fact_sla_export.csv,2026-06-23T00:00:00,2991
SLA002992,WO002472,C007,SV6,A005,P4,20240622,20240627,20240624,120,47.89,True,0.0,training_fact_sla_export.csv,2026-06-23T00:00:00,2992
SLA002993,WO004958,C012,SV2,A001,P2,20240921,20240922,20240922,24,10.09,True,0.0,training_fact_sla_export.csv,2026-06-23T00:00:00,2993
SLA002994,WO004609,C019,SV4,A004,P1,20240128,20240128,20240129,8,11.83,False,3.83,training_fact_sla_export.csv,2026-06-23T00:00:00,2994
SLA002995,WO002574,C020,SV4,A006,P3,20241119,20241122,20241121,72,43.03,True,0.0,training_fact_sla_export.csv,2026-06-23T00:00:00,2995
SLA002996,WO003178,C007,SV8,A006,P3,20240616,20240619,20240618,72,25.82,True,0.0,training_fact_sla_export.csv,2026-06-23T00:00:00,2996
SLA002997,WO002736,C014,SV7,A002,P3,20241120,20241123,20241122,72,36.33,True,0.0,training_fact_sla_export.csv,2026-06-23T00:00:00,2997
SLA002998,WO004903,C019,SV8,A001,P3,20240525,20240528,20240528,72,48.38,True,0.0,training_fact_sla_export.csv,2026-06-23T00:00:00,2998
SLA002999,WO000890,C002,SV8,A005,P4,20240608,20240613,20240611,120,58.98,True,0.0,training_fact_sla_export.csv,2026-06-23T00:00:00,2999
SLA003000,WO002242,C012,SV1,A004,P3,20241119,20241122,20241124,72,109.88,False,37.88,training_fact_sla_export.csv,2026-06-23T00:00:00,3000
SLA003001,WO002037,C016,SV5,A003,P2,20241126,20241127,20241127,24,12.27,True,0.0,training_fact_sla_export.csv,2026-06-23T00:00:00,3001
SLA003002,WO002223,C005,SV8,A006,P2,20240121,20240122,20240123,24,24.72,False,0.72,training_fact_sla_export.csv,2026-06-23T00:00:00,3002
SLA003003,WO000292,C006,SV1,A006,P3,20240427,20240430,20240430,72,49.6,True,0.0,training_fact_sla_export.csv,2026-06-23T00:00:00,3003
SLA003004,WO000722,C018,SV5,A003,P2,20240126,20240127,20240127,24,21.96,True,0.0,training_fact_sla_export.csv,2026-06-23T00:00:00,3004
SLA003005,WO001074,C004,SV1,A005,P2,20240701,20240702,20240702,24,10.72,True,0.0,training_fact_sla_export.csv,2026-06-23T00:00:00,3005
SLA003006,WO000785,C007,SV5,A002,P2,20240622,20240623,20240623,24,9.91,True,0.0,training_fact_sla_export.csv,2026-06-23T00:00:00,3006
SLA003007,WO002908,C017,SV5,A002,P3,20240314,20240317,20240316,72,29.42,True,0.0,training_fact_sla_export.csv,2026-06-23T00:00:00,3007
SLA003008,WO004864,C013,SV6,A006,P3,20240722,20240725,20240726,72,83.53,False,11.53,training_fact_sla_export.csv,2026-06-23T00:00:00,3008
SLA003009,WO002924,C013,SV4,A002,P2,20240227,20240228,20240229,24,34.58,False,10.58,training_fact_sla_export.csv,2026-06-23T00:00:00,3009
SLA003010,WO000803,C011,SV5,A003,P3,20240904,20240907,20240907,72,66.45,True,0.0,training_fact_sla_export.csv,2026-06-23T00:00:00,3010
SLA003011,WO002213,C008,SV2,A004,P3,20240516,20240519,20240518,72,42.09,True,0.0,training_fact_sla_export.csv,2026-06-23T00:00:00,3011
SLA003012,WO000478,C016,SV1,A005,P2,20241227,20241228,20241228,24,18.18,True,0.0,training_fact_sla_export.csv,2026-06-23T00:00:00,3012
SLA003013,WO002653,C006,SV4,A003,P4,20240402,20240407,20240403,120,20.54,True,0.0,training_fact_sla_export.csv,2026-06-23T00:00:00,3013
SLA003014,WO004092,C006,SV1,A005,P4,20240318,20240323,20240325,120,161.14,False,41.14,training_fact_sla_export.csv,2026-06-23T00:00:00,3014
SLA003015,WO000014,C010,SV3,A003,P2,20240413,20240414,20240414,24,8.77,True,0.0,training_fact_sla_export.csv,2026-06-23T00:00:00,3015
SLA003016,WO003984,C003,SV6,A003,P1,20240701,20240701,20240702,8,6.57,True,0.0,training_fact_sla_export.csv,2026-06-23T00:00:00,3016
SLA003017,WO004523,C013,SV5,A005,P2,20240314,20240315,20240316,24,30.36,False,6.36,training_fact_sla_export.csv,2026-06-23T00:00:00,3017
SLA003018,WO000044,C019,SV5,A002,P3,20241130,20241203,20241202,72,28.91,True,0.0,training_fact_sla_export.csv,2026-06-23T00:00:00,3018
SLA003019,WO003787,C015,SV3,A003,P3,20241029,20241101,20241101,72,48.53,True,0.0,training_fact_sla_export.csv,2026-06-23T00:00:00,3019
SLA003020,WO003416,C007,SV2,A006,P4,20240119,20240124,20240124,120,97.86,True,0.0,training_fact_sla_export.csv,2026-06-23T00:00:00,3020
SLA003021,WO002320,C002,SV6,A001,P4,20240903,20240908,20240906,120,62.38,True,0.0,training_fact_sla_export.csv,2026-06-23T00:00:00,3021
SLA003022,WO004055,C013,SV2,A002,P3,20240720,20240723,20240723,72,51.46,True,0.0,training_fact_sla_export.csv,2026-06-23T00:00:00,3022
SLA003023,WO000730,C011,SV5,A003,P3,20240809,20240812,20240811,72,42.65,True,0.0,training_fact_sla_export.csv,2026-06-23T00:00:00,3023
SLA003024,WO000358,C018,SV3,A003,P2,20241228,20241229,20241229,24,10.99,True,0.0,training_fact_sla_export.csv,2026-06-23T00:00:00,3024
SLA003025,WO003554,C010,SV6,A003,P1,20240310,20240310,20240311,8,7.1,True,0.0,training_fact_sla_export.csv,2026-06-23T00:00:00,3025
SLA003026,WO002314,C002,SV7,A004,P3,20240611,20240614,20240613,72,35.27,True,0.0,training_fact_sla_export.csv,2026-06-23T00:00:00,3026
SLA003027,WO000455,C019,SV3,A002,P3,20241115,20241118,20241117,72,44.44,True,0.0,training_fact_sla_export.csv,2026-06-23T00:00:00,3027
SLA003028,WO004887,C006,SV3,A004,P4,20240202,20240207,20240212,120,235.71,False,115.71,training_fact_sla_export.csv,2026-06-23T00:00:00,3028
SLA003029,WO004498,C016,SV3,A005,P3,20240705,20240708,20240707,72,45.76,True,0.0,training_fact_sla_export.csv,2026-06-23T00:00:00,3029
SLA003030,WO002729,C002,SV4,A003,P4,20240531,20240605,20240603,120,60.77,True,0.0,training_fact_sla_export.csv,2026-06-23T00:00:00,3030
SLA003031,WO004351,C020,SV5,A003,P2,20241205,20241206,20241206,24,17.29,True,0.0,training_fact_sla_export.csv,2026-06-23T00:00:00,3031
SLA003032,WO004340,C019,SV4,A004,P2,20240119,20240120,20240120,24,21.0,True,0.0,training_fact_sla_export.csv,2026-06-23T00:00:00,3032
SLA003033,WO003334,C002,SV4,A003,P3,20240514,20240517,20240515,72,17.43,True,0.0,training_fact_sla_export.csv,2026-06-23T00:00:00,3033
SLA003034,WO001474,C019,SV3,A006,P1,20240725,20240725,20240726,8,8.17,False,0.17,training_fact_sla_export.csv,2026-06-23T00:00:00,3034
SLA003035,WO004495,C016,SV8,A005,P2,20240530,20240531,20240531,24,11.41,True,0.0,training_fact_sla_export.csv,2026-06-23T00:00:00,3035
SLA003036,WO002953,C019,SV2,A004,P1,20240409,20240409,20240410,8,12.46,False,4.46,training_fact_sla_export.csv,2026-06-23T00:00:00,3036
SLA003037,WO004378,C005,SV5,A004,P1,20241103,20241103,20241104,8,8.26,False,0.26,training_fact_sla_export.csv,2026-06-23T00:00:00,3037
SLA003038,WO002356,C008,SV6,A003,P2,20240720,20240721,20240721,24,12.16,True,0.0,training_fact_sla_export.csv,2026-06-23T00:00:00,3038
SLA003039,WO004682,C011,SV3,A006,P3,20240616,20240619,20240619,72,49.55,True,0.0,training_fact_sla_export.csv,2026-06-23T00:00:00,3039
SLA003040,WO001440,C010,SV3,A004,P3,20240119,20240122,20240122,72,56.9,True,0.0,training_fact_sla_export.csv,2026-06-23T00:00:00,3040
SLA003041,WO000998,C015,SV5,A005,P1,20240409,20240409,20240410,8,11.46,False,3.46,training_fact_sla_export.csv,2026-06-23T00:00:00,3041
SLA003042,WO001561,C019,SV5,A004,P2,20240404,20240405,20240405,24,20.54,True,0.0,training_fact_sla_export.csv,2026-06-23T00:00:00,3042
SLA003043,WO001120,C018,SV1,A003,P4,20241117,20241122,20241121,120,81.74,True,0.0,training_fact_sla_export.csv,2026-06-23T00:00:00,3043
SLA003044,WO000513,C018,SV4,A002,P1,20240413,20240413,20240414,8,6.45,True,0.0,training_fact_sla_export.csv,2026-06-23T00:00:00,3044
SLA003045,WO003753,C007,SV6,A003,P2,20241219,20241220,20241220,24,23.03,True,0.0,training_fact_sla_export.csv,2026-06-23T00:00:00,3045
SLA003046,WO002263,C001,SV3,A003,P2,20240509,20240510,20240510,24,12.93,True,0.0,training_fact_sla_export.csv,2026-06-23T00:00:00,3046
SLA003047,WO003320,C004,SV6,A004,P1,20241117,20241117,20241118,8,6.1,True,0.0,training_fact_sla_export.csv,2026-06-23T00:00:00,3047
SLA003048,WO000858,C004,SV5,A005,P4,20240410,20240415,20240413,120,49.4,True,0.0,training_fact_sla_export.csv,2026-06-23T00:00:00,3048
SLA003049,WO001533,C016,SV5,A001,P3,20240306,20240309,20240309,72,60.74,True,0.0,training_fact_sla_export.csv,2026-06-23T00:00:00,3049
SLA003050,WO003969,C009,SV7,A002,P2,20240702,20240703,20240703,24,18.39,True,0.0,training_fact_sla_export.csv,2026-06-23T00:00:00,3050
SLA003051,WO000728,C008,SV6,A004,P4,20240404,20240409,20240408,120,79.5,True,0.0,training_fact_sla_export.csv,2026-06-23T00:00:00,3051
SLA003052,WO004330,C016,SV1,A005,P3,20240706,20240709,20240708,72,42.38,True,0.0,training_fact_sla_export.csv,2026-06-23T00:00:00,3052
SLA003053,WO003864,C002,SV4,A001,P3,20241018,20241021,20241020,72,34.15,True,0.0,training_fact_sla_export.csv,2026-06-23T00:00:00,3053
SLA003054,WO004595,C008,SV8,A003,P4,20240919,20240924,20240925,120,120.76,False,0.76,training_fact_sla_export.csv,2026-06-23T00:00:00,3054
SLA003055,WO004234,C009,SV1,A003,P3,20241004,20241007,20241006,72,35.44,True,0.0,training_fact_sla_export.csv,2026-06-23T00:00:00,3055
SLA003056,WO003477,C005,SV8,A006,P3,20240719,20240722,20240721,72,40.17,True,0.0,training_fact_sla_export.csv,2026-06-23T00:00:00,3056
SLA003057,WO004100,C007,SV3,A004,P3,20241212,20241215,20241213,72,14.57,True,0.0,training_fact_sla_export.csv,2026-06-23T00:00:00,3057
SLA003058,WO000423,C017,SV6,A002,P3,20241104,20241107,20241108,72,75.19,False,3.19,training_fact_sla_export.csv,2026-06-23T00:00:00,3058
SLA003059,WO003112,C014,SV7,A003,P1,20240417,20240417,20240418,8,6.12,True,0.0,training_fact_sla_export.csv,2026-06-23T00:00:00,3059
SLA003060,WO001057,C007,SV3,A002,P3,20240621,20240624,20240623,72,32.03,True,0.0,training_fact_sla_export.csv,2026-06-23T00:00:00,3060
SLA003061,WO001740,C018,SV3,A002,P4,20240528,20240602,20240603,120,138.24,False,18.24,training_fact_sla_export.csv,2026-06-23T00:00:00,3061
SLA003062,WO002826,C003,SV2,A005,P2,20240916,20240917,20240917,24,15.0,True,0.0,training_fact_sla_export.csv,2026-06-23T00:00:00,3062
SLA003063,WO004213,C018,SV6,A003,P1,20241019,20241019,20241020,8,4.78,True,0.0,training_fact_sla_export.csv,2026-06-23T00:00:00,3063
SLA003064,WO000570,C013,SV2,A005,P2,20240423,20240424,20240424,24,17.23,True,0.0,training_fact_sla_export.csv,2026-06-23T00:00:00,3064
SLA003065,WO001219,C005,SV5,A001,P1,20240908,20240908,20240909,8,5.55,True,0.0,training_fact_sla_export.csv,2026-06-23T00:00:00,3065
SLA003066,WO000412,C018,SV5,A002,P3,20240729,20240801,20240731,72,46.47,True,0.0,training_fact_sla_export.csv,2026-06-23T00:00:00,3066
SLA003067,WO002603,C003,SV2,A004,P2,20241229,20241230,20241230,24,17.04,True,0.0,training_fact_sla_export.csv,2026-06-23T00:00:00,3067
SLA003068,WO002807,C012,SV7,A001,P2,20241102,20241103,20241103,24,8.87,True,0.0,training_fact_sla_export.csv,2026-06-23T00:00:00,3068
SLA003069,WO000969,C012,SV1,A003,P1,20240605,20240605,20240606,8,3.13,True,0.0,training_fact_sla_export.csv,2026-06-23T00:00:00,3069
SLA003070,WO003111,C020,SV2,A004,P3,20240329,20240401,20240405,72,161.12,False,89.12,training_fact_sla_export.csv,2026-06-23T00:00:00,3070
SLA003071,WO001089,C005,SV2,A003,P4,20240401,20240406,20240404,120,52.97,True,0.0,training_fact_sla_export.csv,2026-06-23T00:00:00,3071
SLA003072,WO002150,C018,SV5,A005,P2,20241211,20241212,20241213,24,39.5,False,15.5,training_fact_sla_export.csv,2026-06-23T00:00:00,3072
SLA003073,WO004076,C003,SV2,A005,P4,20240317,20240322,20240320,120,68.36,True,0.0,training_fact_sla_export.csv,2026-06-23T00:00:00,3073
SLA003074,WO001421,C005,SV5,A001,P1,20240806,20240806,20240807,8,4.55,True,0.0,training_fact_sla_export.csv,2026-06-23T00:00:00,3074
SLA003075,WO001037,C001,SV4,A001,P2,20241005,20241006,20241006,24,23.86,True,0.0,training_fact_sla_export.csv,2026-06-23T00:00:00,3075
SLA003076,WO004932,C007,SV5,A003,P3,20240929,20241002,20241002,72,49.65,True,0.0,training_fact_sla_export.csv,2026-06-23T00:00:00,3076
SLA003077,WO001035,C015,SV1,A003,P4,20241204,20241209,20241209,120,113.6,True,0.0,training_fact_sla_export.csv,2026-06-23T00:00:00,3077
SLA003078,WO003722,C004,SV2,A005,P3,20240705,20240708,20240707,72,33.82,True,0.0,training_fact_sla_export.csv,2026-06-23T00:00:00,3078
SLA003079,WO001956,C002,SV1,A001,P4,20240116,20240121,20240119,120,60.28,True,0.0,training_fact_sla_export.csv,2026-06-23T00:00:00,3079
SLA003080,WO002313,C012,SV1,A004,P3,20240819,20240822,20240824,72,106.41,False,34.41,training_fact_sla_export.csv,2026-06-23T00:00:00,3080
SLA003081,WO003231,C001,SV4,A003,P4,20240105,20240110,20240108,120,63.09,True,0.0,training_fact_sla_export.csv,2026-06-23T00:00:00,3081
SLA003082,WO004462,C014,SV4,A003,P2,20241231,20250101,20241231,24,22.04,True,0.0,training_fact_sla_export.csv,2026-06-23T00:00:00,3082
SLA003083,WO002336,C016,SV4,A004,P3,20241103,20241106,20241108,72,107.15,False,35.15,training_fact_sla_export.csv,2026-06-23T00:00:00,3083
SLA003084,WO002085,C015,SV6,A003,P3,20240704,20240707,20240707,72,51.12,True,0.0,training_fact_sla_export.csv,2026-06-23T00:00:00,3084
SLA003085,WO003345,C002,SV8,A005,P2,20240617,20240618,20240618,24,16.57,True,0.0,training_fact_sla_export.csv,2026-06-23T00:00:00,3085
SLA003086,WO002965,C011,SV6,A002,P3,20240914,20240917,20240917,72,52.4,True,0.0,training_fact_sla_export.csv,2026-06-23T00:00:00,3086
SLA003087,WO002333,C007,SV5,A006,P3,20240924,20240927,20240926,72,40.75,True,0.0,training_fact_sla_export.csv,2026-06-23T00:00:00,3087
SLA003088,WO000544,C003,SV6,A004,P3,20240120,20240123,20240123,72,50.44,True,0.0,training_fact_sla_export.csv,2026-06-23T00:00:00,3088
SLA003089,WO004925,C004,SV7,A003,P3,20240926,20240929,20240929,72,62.39,True,0.0,training_fact_sla_export.csv,2026-06-23T00:00:00,3089
SLA003090,WO004296,C006,SV8,A005,P2,20240224,20240225,20240225,24,21.56,True,0.0,training_fact_sla_export.csv,2026-06-23T00:00:00,3090
SLA003091,WO004503,C016,SV7,A003,P2,20240921,20240922,20240922,24,16.76,True,0.0,training_fact_sla_export.csv,2026-06-23T00:00:00,3091
SLA003092,WO004729,C010,SV8,A004,P4,20240222,20240227,20240225,120,50.73,True,0.0,training_fact_sla_export.csv,2026-06-23T00:00:00,3092
SLA003093,WO004238,C002,SV8,A005,P1,20241113,20241113,20241114,8,10.72,False,2.72,training_fact_sla_export.csv,2026-06-23T00:00:00,3093
SLA003094,WO002183,C006,SV6,A004,P2,20240813,20240814,20240814,24,22.86,True,0.0,training_fact_sla_export.csv,2026-06-23T00:00:00,3094
SLA003095,WO004048,C004,SV8,A002,P3,20240216,20240219,20240218,72,36.3,True,0.0,training_fact_sla_export.csv,2026-06-23T00:00:00,3095
SLA003096,WO003044,C002,SV6,A006,P3,20240116,20240119,20240118,72,43.74,True,0.0,training_fact_sla_export.csv,2026-06-23T00:00:00,3096
SLA003097,WO002869,C018,SV6,A003,P4,20240708,20240713,20240714,120,127.99,False,7.99,training_fact_sla_export.csv,2026-06-23T00:00:00,3097
SLA003098,WO003953,C018,SV4,A001,P3,20240711,20240714,20240714,72,68.07,True,0.0,training_fact_sla_export.csv,2026-06-23T00:00:00,3098
SLA003099,WO004025,C002,SV4,A003,P2,20240512,20240513,20240513,24,20.08,True,0.0,training_fact_sla_export.csv,2026-06-23T00:00:00,3099
SLA003100,WO001289,C011,SV6,A004,P3,20241103,20241106,20241104,72,14.06,True,0.0,training_fact_sla_export.csv,2026-06-23T00:00:00,3100
SLA003101,WO001404,C018,SV7,A004,P2,20240706,20240707,20240707,24,21.29,True,0.0,training_fact_sla_export.csv,2026-06-23T00:00:00,3101
SLA003102,WO003169,C012,SV2,A004,P3,20240713,20240716,20240718,72,97.33,False,25.33,training_fact_sla_export.csv,2026-06-23T00:00:00,3102
SLA003103,WO003556,C007,SV4,A003,P3,20240227,20240301,20240301,72,63.12,True,0.0,training_fact_sla_export.csv,2026-06-23T00:00:00,3103
SLA003104,WO000310,C003,SV5,A005,P3,20241006,20241009,20241008,72,32.84,True,0.0,training_fact_sla_export.csv,2026-06-23T00:00:00,3104
SLA003105,WO001094,C002,SV2,A006,P2,20240214,20240215,20240215,24,15.63,True,0.0,training_fact_sla_export.csv,2026-06-23T00:00:00,3105
SLA003106,WO002420,C019,SV4,A003,P2,20241111,20241112,20241112,24,23.63,True,0.0,training_fact_sla_export.csv,2026-06-23T00:00:00,3106
SLA003107,WO003438,C013,SV8,A006,P3,20240728,20240731,20240730,72,27.67,True,0.0,training_fact_sla_export.csv,2026-06-23T00:00:00,3107
SLA003108,WO003509,C018,SV6,A002,P1,20240714,20240714,20240715,8,6.12,True,0.0,training_fact_sla_export.csv,2026-06-23T00:00:00,3108
SLA003109,WO003040,C020,SV2,A001,P3,20241217,20241220,20241219,72,38.29,True,0.0,training_fact_sla_export.csv,2026-06-23T00:00:00,3109
SLA003110,WO000332,C008,SV2,A005,P4,20240720,20240725,20240729,120,202.69,False,82.69,training_fact_sla_export.csv,2026-06-23T00:00:00,3110
SLA003111,WO001974,C015,SV3,A004,P3,20241130,20241203,20241204,72,81.15,False,9.15,training_fact_sla_export.csv,2026-06-23T00:00:00,3111
SLA003112,WO000337,C004,SV1,A005,P2,20240811,20240812,20240813,24,30.75,False,6.75,training_fact_sla_export.csv,2026-06-23T00:00:00,3112
SLA003113,WO004320,C014,SV2,A003,P4,20240321,20240326,20240326,120,101.47,True,0.0,training_fact_sla_export.csv,2026-06-23T00:00:00,3113
SLA003114,WO000986,C016,SV4,A005,P3,20240618,20240621,20240622,72,73.6,False,1.6,training_fact_sla_export.csv,2026-06-23T00:00:00,3114
SLA003115,WO003483,C011,SV6,A005,P3,20241119,20241122,20241123,72,81.09,False,9.09,training_fact_sla_export.csv,2026-06-23T00:00:00,3115
SLA003116,WO000515,C012,SV3,A005,P3,20240825,20240828,20240827,72,45.55,True,0.0,training_fact_sla_export.csv,2026-06-23T00:00:00,3116
SLA003117,WO002233,C010,SV3,A005,P3,20241004,20241007,20241007,72,49.43,True,0.0,training_fact_sla_export.csv,2026-06-23T00:00:00,3117
SLA003118,WO004839,C017,SV6,A005,P2,20240417,20240418,20240418,24,20.49,True,0.0,training_fact_sla_export.csv,2026-06-23T00:00:00,3118
SLA003119,WO000526,C011,SV8,A002,P2,20241106,20241107,20241108,24,25.88,False,1.88,training_fact_sla_export.csv,2026-06-23T00:00:00,3119
SLA003120,WO003494,C010,SV1,A001,P3,20240201,20240204,20240205,72,75.48,False,3.48,training_fact_sla_export.csv,2026-06-23T00:00:00,3120
SLA003121,WO002105,C008,SV7,A005,P4,20240502,20240507,20240505,120,53.36,True,0.0,training_fact_sla_export.csv,2026-06-23T00:00:00,3121
SLA003122,WO004918,C018,SV2,A005,P3,20240628,20240701,20240630,72,30.6,True,0.0,training_fact_sla_export.csv,2026-06-23T00:00:00,3122
SLA003123,WO000347,C002,SV4,A003,P3,20240602,20240605,20240604,72,32.67,True,0.0,training_fact_sla_export.csv,2026-06-23T00:00:00,3123
SLA003124,WO000335,C015,SV8,A003,P3,20240822,20240825,20240826,72,84.37,False,12.37,training_fact_sla_export.csv,2026-06-23T00:00:00,3124
SLA003125,WO001622,C009,SV1,A005,P4,20240304,20240309,20240306,120,45.7,True,0.0,training_fact_sla_export.csv,2026-06-23T00:00:00,3125
SLA003126,WO003248,C008,SV4,A006,P2,20240518,20240519,20240519,24,16.0,True,0.0,training_fact_sla_export.csv,2026-06-23T00:00:00,3126
SLA003127,WO000350,C009,SV3,A005,P3,20240221,20240224,20240224,72,65.64,True,0.0,training_fact_sla_export.csv,2026-06-23T00:00:00,3127
SLA003128,WO001734,C016,SV6,A006,P3,20241019,20241022,20241023,72,81.18,False,9.18,training_fact_sla_export.csv,2026-06-23T00:00:00,3128
SLA003129,WO001880,C008,SV3,A005,P3,20240502,20240505,20240507,72,104.54,False,32.54,training_fact_sla_export.csv,2026-06-23T00:00:00,3129
SLA003130,WO000940,C007,SV2,A006,P3,20240927,20240930,20240930,72,53.33,True,0.0,training_fact_sla_export.csv,2026-06-23T00:00:00,3130
SLA003131,WO001420,C020,SV8,A002,P3,20240704,20240707,20240707,72,61.04,True,0.0,training_fact_sla_export.csv,2026-06-23T00:00:00,3131
SLA003132,WO002192,C009,SV3,A003,P4,20240124,20240129,20240128,120,86.65,True,0.0,training_fact_sla_export.csv,2026-06-23T00:00:00,3132
SLA003133,WO001138,C017,SV8,A005,P4,20241015,20241020,20241020,120,113.14,True,0.0,training_fact_sla_export.csv,2026-06-23T00:00:00,3133
SLA003134,WO001683,C008,SV6,A006,P3,20240822,20240825,20240824,72,35.18,True,0.0,training_fact_sla_export.csv,2026-06-23T00:00:00,3134
SLA003135,WO002255,C020,SV2,A001,P3,20241201,20241204,20241205,72,80.83,False,8.83,training_fact_sla_export.csv,2026-06-23T00:00:00,3135
SLA003136,WO002473,C009,SV8,A001,P3,20241225,20241228,20241227,72,38.79,True,0.0,training_fact_sla_export.csv,2026-06-23T00:00:00,3136
SLA003137,WO001782,C008,SV8,A003,P2,20241002,20241003,20241003,24,17.55,True,0.0,training_fact_sla_export.csv,2026-06-23T00:00:00,3137
SLA003138,WO000975,C015,SV4,A004,P3,20240515,20240518,20240517,72,47.7,True,0.0,training_fact_sla_export.csv,2026-06-23T00:00:00,3138
SLA003139,WO004650,C017,SV3,A004,P2,20240723,20240724,20240724,24,20.12,True,0.0,training_fact_sla_export.csv,2026-06-23T00:00:00,3139
SLA003140,WO002517,C005,SV6,A005,P3,20240718,20240721,20240719,72,19.24,True,0.0,training_fact_sla_export.csv,2026-06-23T00:00:00,3140
SLA003141,WO000784,C019,SV8,A002,P2,20240718,20240719,20240719,24,17.14,True,0.0,training_fact_sla_export.csv,2026-06-23T00:00:00,3141
SLA003142,WO001132,C007,SV7,A005,P2,20240414,20240415,20240415,24,6.48,True,0.0,training_fact_sla_export.csv,2026-06-23T00:00:00,3142
SLA003143,WO001171,C018,SV5,A005,P1,20240828,20240828,20240829,8,3.83,True,0.0,training_fact_sla_export.csv,2026-06-23T00:00:00,3143
SLA003144,WO002109,C011,SV7,A003,P4,20240615,20240620,20240619,120,90.03,True,0.0,training_fact_sla_export.csv,2026-06-23T00:00:00,3144
SLA003145,WO001891,C012,SV5,A003,P2,20241216,20241217,20241217,24,10.78,True,0.0,training_fact_sla_export.csv,2026-06-23T00:00:00,3145
SLA003146,WO003901,C006,SV1,A003,P3,20240220,20240223,20240222,72,28.26,True,0.0,training_fact_sla_export.csv,2026-06-23T00:00:00,3146
SLA003147,WO003711,C004,SV5,A005,P3,20240716,20240719,20240718,72,25.6,True,0.0,training_fact_sla_export.csv,2026-06-23T00:00:00,3147
SLA003148,WO003519,C003,SV1,A006,P1,20240305,20240305,20240306,8,5.49,True,0.0,training_fact_sla_export.csv,2026-06-23T00:00:00,3148
SLA003149,WO004911,C003,SV4,A005,P2,20240110,20240111,20240111,24,13.59,True,0.0,training_fact_sla_export.csv,2026-06-23T00:00:00,3149
SLA003150,WO004930,C015,SV7,A002,P2,20240814,20240815,20240815,24,17.93,True,0.0,training_fact_sla_export.csv,2026-06-23T00:00:00,3150
SLA003151,WO001468,C013,SV4,A006,P3,20240823,20240826,20240825,72,47.5,True,0.0,training_fact_sla_export.csv,2026-06-23T00:00:00,3151
SLA003152,WO002026,C012,SV3,A004,P1,20240403,20240403,20240404,8,14.72,False,6.72,training_fact_sla_export.csv,2026-06-23T00:00:00,3152
SLA003153,WO002823,C019,SV1,A001,P4,20240513,20240518,20240516,120,69.49,True,0.0,training_fact_sla_export.csv,2026-06-23T00:00:00,3153
SLA003154,WO004564,C019,SV7,A004,P2,20240206,20240207,20240207,24,6.86,True,0.0,training_fact_sla_export.csv,2026-06-23T00:00:00,3154
SLA003155,WO002366,C010,SV1,A006,P2,20241221,20241222,20241222,24,17.44,True,0.0,training_fact_sla_export.csv,2026-06-23T00:00:00,3155
SLA003156,WO003931,C015,SV7,A003,P2,20240126,20240127,20240127,24,8.51,True,0.0,training_fact_sla_export.csv,2026-06-23T00:00:00,3156
SLA003157,WO001028,C002,SV7,A005,P4,20240906,20240911,20240910,120,84.38,True,0.0,training_fact_sla_export.csv,2026-06-23T00:00:00,3157
SLA003158,WO000116,C012,SV8,A003,P3,20240306,20240309,20240308,72,33.24,True,0.0,training_fact_sla_export.csv,2026-06-23T00:00:00,3158
SLA003159,WO000177,C009,SV7,A003,P3,20240809,20240812,20240811,72,42.58,True,0.0,training_fact_sla_export.csv,2026-06-23T00:00:00,3159
SLA003160,WO003818,C006,SV1,A006,P4,20240805,20240810,20240807,120,47.45,True,0.0,training_fact_sla_export.csv,2026-06-23T00:00:00,3160
SLA003161,WO002346,C008,SV3,A005,P3,20240419,20240422,20240422,72,55.43,True,0.0,training_fact_sla_export.csv,2026-06-23T00:00:00,3161
SLA003162,WO001489,C004,SV5,A005,P3,20240729,20240801,20240731,72,41.28,True,0.0,training_fact_sla_export.csv,2026-06-23T00:00:00,3162
SLA003163,WO001633,C011,SV8,A001,P2,20240612,20240613,20240613,24,12.04,True,0.0,training_fact_sla_export.csv,2026-06-23T00:00:00,3163
SLA003164,WO002767,C011,SV4,A003,P3,20241208,20241211,20241210,72,39.03,True,0.0,training_fact_sla_export.csv,2026-06-23T00:00:00,3164
SLA003165,WO001510,C003,SV2,A005,P2,20240120,20240121,20240121,24,18.84,True,0.0,training_fact_sla_export.csv,2026-06-23T00:00:00,3165
SLA003166,WO001678,C010,SV2,A004,P1,20240303,20240303,20240304,8,3.73,True,0.0,training_fact_sla_export.csv,2026-06-23T00:00:00,3166
SLA003167,WO002485,C007,SV1,A005,P3,20240125,20240128,20240129,72,79.37,False,7.37,training_fact_sla_export.csv,2026-06-23T00:00:00,3167
SLA003168,WO004960,C009,SV4,A005,P3,20240504,20240507,20240505,72,21.79,True,0.0,training_fact_sla_export.csv,2026-06-23T00:00:00,3168
SLA003169,WO000809,C018,SV8,A003,P4,20240926,20241001,20240928,120,46.76,True,0.0,training_fact_sla_export.csv,2026-06-23T00:00:00,3169
SLA003170,WO001556,C009,SV5,A005,P1,20240725,20240725,20240726,8,1.81,True,0.0,training_fact_sla_export.csv,2026-06-23T00:00:00,3170
SLA003171,WO003770,C014,SV5,A003,P3,20240813,20240816,20240815,72,41.69,True,0.0,training_fact_sla_export.csv,2026-06-23T00:00:00,3171
SLA003172,WO001722,C005,SV4,A005,P2,20240624,20240625,20240625,24,9.16,True,0.0,training_fact_sla_export.csv,2026-06-23T00:00:00,3172
SLA003173,WO000123,C020,SV1,A006,P3,20240403,20240406,20240405,72,27.92,True,0.0,training_fact_sla_export.csv,2026-06-23T00:00:00,3173
SLA003174,WO002264,C009,SV2,A006,P3,20240401,20240404,20240403,72,44.25,True,0.0,training_fact_sla_export.csv,2026-06-23T00:00:00,3174
SLA003175,WO001679,C007,SV4,A006,P2,20240418,20240419,20240420,24,28.04,False,4.04,training_fact_sla_export.csv,2026-06-23T00:00:00,3175
SLA003176,WO003029,C001,SV2,A004,P1,20240108,20240108,20240109,8,10.39,False,2.39,training_fact_sla_export.csv,2026-06-23T00:00:00,3176
SLA003177,WO000652,C017,SV1,A001,P3,20240923,20240926,20240926,72,66.39,True,0.0,training_fact_sla_export.csv,2026-06-23T00:00:00,3177
SLA003178,WO000300,C012,SV5,A001,P3,20240214,20240217,20240216,72,37.5,True,0.0,training_fact_sla_export.csv,2026-06-23T00:00:00,3178
SLA003179,WO002096,C003,SV6,A006,P3,20241010,20241013,20241012,72,31.59,True,0.0,training_fact_sla_export.csv,2026-06-23T00:00:00,3179
SLA003180,WO000381,C012,SV6,A002,P3,20240506,20240509,20240509,72,66.05,True,0.0,training_fact_sla_export.csv,2026-06-23T00:00:00,3180
SLA003181,WO002218,C006,SV4,A006,P2,20241211,20241212,20241213,24,26.01,False,2.01,training_fact_sla_export.csv,2026-06-23T00:00:00,3181
SLA003182,WO001041,C014,SV1,A002,P4,20240913,20240918,20240923,120,236.51,False,116.51,training_fact_sla_export.csv,2026-06-23T00:00:00,3182
SLA003183,WO000073,C004,SV2,A003,P4,20240906,20240911,20240912,120,135.7,False,15.7,training_fact_sla_export.csv,2026-06-23T00:00:00,3183
SLA003184,WO000750,C015,SV4,A001,P2,20240218,20240219,20240220,24,37.62,False,13.62,training_fact_sla_export.csv,2026-06-23T00:00:00,3184
SLA003185,WO002820,C004,SV4,A003,P2,20240711,20240712,20240712,24,7.25,True,0.0,training_fact_sla_export.csv,2026-06-23T00:00:00,3185
SLA003186,WO001995,C014,SV3,A006,P2,20240112,20240113,20240113,24,9.1,True,0.0,training_fact_sla_export.csv,2026-06-23T00:00:00,3186
SLA003187,WO004184,C006,SV4,A005,P3,20240930,20241003,20241003,72,51.01,True,0.0,training_fact_sla_export.csv,2026-06-23T00:00:00,3187
SLA003188,WO003734,C017,SV3,A001,P3,20241128,20241201,20241130,72,32.15,True,0.0,training_fact_sla_export.csv,2026-06-23T00:00:00,3188
SLA003189,WO000945,C011,SV7,A003,P4,20241120,20241125,20241122,120,38.38,True,0.0,training_fact_sla_export.csv,2026-06-23T00:00:00,3189
SLA003190,WO004242,C003,SV1,A001,P2,20241222,20241223,20241223,24,14.52,True,0.0,training_fact_sla_export.csv,2026-06-23T00:00:00,3190
SLA003191,WO001996,C018,SV3,A004,P2,20240129,20240130,20240131,24,38.25,False,14.25,training_fact_sla_export.csv,2026-06-23T00:00:00,3191
SLA003192,WO002853,C018,SV1,A006,P2,20241004,20241005,20241005,24,21.07,True,0.0,training_fact_sla_export.csv,2026-06-23T00:00:00,3192
SLA003193,WO000637,C007,SV6,A005,P3,20240505,20240508,20240508,72,66.17,True,0.0,training_fact_sla_export.csv,2026-06-23T00:00:00,3193
SLA003194,WO001068,C008,SV6,A004,P3,20240704,20240707,20240709,72,115.35,False,43.35,training_fact_sla_export.csv,2026-06-23T00:00:00,3194
SLA003195,WO000416,C001,SV6,A001,P3,20241116,20241119,20241118,72,26.02,True,0.0,training_fact_sla_export.csv,2026-06-23T00:00:00,3195
SLA003196,WO002483,C014,SV4,A004,P2,20240606,20240607,20240609,24,53.38,False,29.38,training_fact_sla_export.csv,2026-06-23T00:00:00,3196
SLA003197,WO003430,C010,SV8,A006,P2,20240126,20240127,20240127,24,15.0,True,0.0,training_fact_sla_export.csv,2026-06-23T00:00:00,3197
SLA003198,WO004477,C003,SV3,A001,P3,20241231,20250103,20241231,72,45.59,True,0.0,training_fact_sla_export.csv,2026-06-23T00:00:00,3198
SLA003199,WO002652,C014,SV1,A003,P4,20241122,20241127,20241124,120,32.51,True,0.0,training_fact_sla_export.csv,2026-06-23T00:00:00,3199
SLA003200,WO001759,C005,SV7,A003,P2,20241126,20241127,20241127,24,14.03,True,0.0,training_fact_sla_export.csv,2026-06-23T00:00:00,3200
SLA003201,WO003862,C005,SV7,A001,P4,20240218,20240223,20240223,120,109.17,True,0.0,training_fact_sla_export.csv,2026-06-23T00:00:00,3201
SLA003202,WO000169,C019,SV4,A004,P2,20240414,20240415,20240416,24,34.22,False,10.22,training_fact_sla_export.csv,2026-06-23T00:00:00,3202
SLA003203,WO002368,C015,SV7,A003,P3,20240815,20240818,20240820,72,97.33,False,25.33,training_fact_sla_export.csv,2026-06-23T00:00:00,3203
SLA003204,WO004665,C003,SV3,A001,P3,20240922,20240925,20240925,72,51.45,True,0.0,training_fact_sla_export.csv,2026-06-23T00:00:00,3204
SLA003205,WO004002,C012,SV1,A001,P2,20241114,20241115,20241116,24,31.48,False,7.48,training_fact_sla_export.csv,2026-06-23T00:00:00,3205
SLA003206,WO004794,C010,SV1,A004,P3,20240117,20240120,20240122,72,97.98,False,25.98,training_fact_sla_export.csv,2026-06-23T00:00:00,3206
SLA003207,WO003828,C003,SV3,A003,P3,20240828,20240831,20240829,72,21.1,True,0.0,training_fact_sla_export.csv,2026-06-23T00:00:00,3207
SLA003208,WO002545,C002,SV4,A001,P3,20240706,20240709,20240708,72,43.46,True,0.0,training_fact_sla_export.csv,2026-06-23T00:00:00,3208
SLA003209,WO001439,C018,SV7,A003,P2,20240511,20240512,20240512,24,9.56,True,0.0,training_fact_sla_export.csv,2026-06-23T00:00:00,3209
SLA003210,WO002712,C002,SV5,A002,P3,20240206,20240209,20240210,72,78.81,False,6.81,training_fact_sla_export.csv,2026-06-23T00:00:00,3210
SLA003211,WO002379,C012,SV5,A003,P1,20240813,20240813,20240814,8,9.75,False,1.75,training_fact_sla_export.csv,2026-06-23T00:00:00,3211
SLA003212,WO004406,C020,SV6,A003,P2,20240729,20240730,20240730,24,15.26,True,0.0,training_fact_sla_export.csv,2026-06-23T00:00:00,3212
SLA003213,WO004869,C008,SV1,A001,P4,20240211,20240216,20240218,120,145.82,False,25.82,training_fact_sla_export.csv,2026-06-23T00:00:00,3213
SLA003214,WO002567,C013,SV2,A004,P3,20241028,20241031,20241102,72,98.71,False,26.71,training_fact_sla_export.csv,2026-06-23T00:00:00,3214
SLA003215,WO000633,C009,SV6,A006,P2,20240919,20240920,20240921,24,24.42,False,0.42,training_fact_sla_export.csv,2026-06-23T00:00:00,3215
SLA003216,WO002792,C013,SV6,A003,P3,20240120,20240123,20240123,72,63.14,True,0.0,training_fact_sla_export.csv,2026-06-23T00:00:00,3216
SLA003217,WO002257,C006,SV6,A006,P3,20241120,20241123,20241123,72,68.53,True,0.0,training_fact_sla_export.csv,2026-06-23T00:00:00,3217
SLA003218,WO003535,C006,SV6,A005,P4,20240501,20240506,20240504,120,55.72,True,0.0,training_fact_sla_export.csv,2026-06-23T00:00:00,3218
SLA003219,WO001814,C012,SV8,A005,P3,20241216,20241219,20241218,72,27.68,True,0.0,training_fact_sla_export.csv,2026-06-23T00:00:00,3219
SLA003220,WO002625,C004,SV6,A006,P4,20240731,20240805,20240804,120,77.3,True,0.0,training_fact_sla_export.csv,2026-06-23T00:00:00,3220
SLA003221,WO003791,C012,SV3,A005,P2,20240918,20240919,20240919,24,10.05,True,0.0,training_fact_sla_export.csv,2026-06-23T00:00:00,3221
SLA003222,WO002668,C013,SV4,A003,P3,20241125,20241128,20241127,72,46.55,True,0.0,training_fact_sla_export.csv,2026-06-23T00:00:00,3222
SLA003223,WO004938,C020,SV1,A004,P2,20240404,20240405,20240406,24,41.52,False,17.52,training_fact_sla_export.csv,2026-06-23T00:00:00,3223
SLA003224,WO001206,C005,SV1,A002,P4,20240515,20240520,20240518,120,68.93,True,0.0,training_fact_sla_export.csv,2026-06-23T00:00:00,3224
SLA003225,WO002775,C003,SV6,A002,P3,20241004,20241007,20241007,72,56.07,True,0.0,training_fact_sla_export.csv,2026-06-23T00:00:00,3225
SLA003226,WO000176,C006,SV5,A006,P4,20241222,20241227,20241226,120,78.11,True,0.0,training_fact_sla_export.csv,2026-06-23T00:00:00,3226
SLA003227,WO000065,C017,SV2,A004,P2,20240812,20240813,20240813,24,14.57,True,0.0,training_fact_sla_export.csv,2026-06-23T00:00:00,3227
SLA003228,WO000549,C009,SV3,A004,P1,20240303,20240303,20240304,8,3.36,True,0.0,training_fact_sla_export.csv,2026-06-23T00:00:00,3228
SLA003229,WO000260,C004,SV8,A004,P4,20240209,20240214,20240218,120,213.16,False,93.16,training_fact_sla_export.csv,2026-06-23T00:00:00,3229
SLA003230,WO002014,C005,SV5,A005,P3,20240223,20240226,20240225,72,34.86,True,0.0,training_fact_sla_export.csv,2026-06-23T00:00:00,3230
SLA003231,WO001800,C017,SV7,A003,P4,20241120,20241125,20241125,120,117.81,True,0.0,training_fact_sla_export.csv,2026-06-23T00:00:00,3231
SLA003232,WO002387,C019,SV8,A004,P2,20240723,20240724,20240725,24,24.52,False,0.52,training_fact_sla_export.csv,2026-06-23T00:00:00,3232
SLA003233,WO000596,C004,SV3,A004,P3,20241201,20241204,20241204,72,52.22,True,0.0,training_fact_sla_export.csv,2026-06-23T00:00:00,3233
SLA003234,WO001984,C012,SV2,A001,P3,20241205,20241208,20241210,72,99.63,False,27.63,training_fact_sla_export.csv,2026-06-23T00:00:00,3234
SLA003235,WO000584,C020,SV5,A003,P2,20241114,20241115,20241115,24,5.54,True,0.0,training_fact_sla_export.csv,2026-06-23T00:00:00,3235
SLA003236,WO003700,C002,SV7,A005,P2,20240807,20240808,20240808,24,23.21,True,0.0,training_fact_sla_export.csv,2026-06-23T00:00:00,3236
SLA003237,WO002607,C004,SV8,A004,P3,20240807,20240810,20240809,72,47.25,True,0.0,training_fact_sla_export.csv,2026-06-23T00:00:00,3237
SLA003238,WO001762,C010,SV7,A001,P1,20240617,20240617,20240618,8,6.26,True,0.0,training_fact_sla_export.csv,2026-06-23T00:00:00,3238
SLA003239,WO004790,C002,SV1,A004,P3,20240531,20240603,20240606,72,124.64,False,52.64,training_fact_sla_export.csv,2026-06-23T00:00:00,3239
SLA003240,WO004312,C012,SV4,A003,P3,20240421,20240424,20240425,72,88.61,False,16.61,training_fact_sla_export.csv,2026-06-23T00:00:00,3240
SLA003241,WO002451,C014,SV7,A005,P2,20241210,20241211,20241211,24,17.53,True,0.0,training_fact_sla_export.csv,2026-06-23T00:00:00,3241
SLA003242,WO003439,C008,SV3,A005,P3,20240829,20240901,20240901,72,50.58,True,0.0,training_fact_sla_export.csv,2026-06-23T00:00:00,3242
SLA003243,WO000622,C019,SV5,A001,P3,20240829,20240901,20240830,72,14.93,True,0.0,training_fact_sla_export.csv,2026-06-23T00:00:00,3243
SLA003244,WO001358,C018,SV4,A002,P3,20240425,20240428,20240430,72,106.91,False,34.91,training_fact_sla_export.csv,2026-06-23T00:00:00,3244
SLA003245,WO003274,C015,SV4,A006,P3,20240615,20240618,20240617,72,34.19,True,0.0,training_fact_sla_export.csv,2026-06-23T00:00:00,3245
SLA003246,WO004612,C011,SV3,A006,P1,20241105,20241105,20241106,8,6.0,True,0.0,training_fact_sla_export.csv,2026-06-23T00:00:00,3246
SLA003247,WO001495,C003,SV2,A003,P4,20240603,20240608,20240605,120,40.05,True,0.0,training_fact_sla_export.csv,2026-06-23T00:00:00,3247
SLA003248,WO004754,C005,SV7,A005,P2,20240807,20240808,20240809,24,24.83,False,0.83,training_fact_sla_export.csv,2026-06-23T00:00:00,3248
SLA003249,WO002088,C020,SV8,A004,P3,20240229,20240303,20240302,72,32.39,True,0.0,training_fact_sla_export.csv,2026-06-23T00:00:00,3249
SLA003250,WO004077,C011,SV8,A005,P3,20240209,20240212,20240213,72,86.1,False,14.1,training_fact_sla_export.csv,2026-06-23T00:00:00,3250
SLA003251,WO003471,C009,SV7,A005,P2,20240519,20240520,20240520,24,4.62,True,0.0,training_fact_sla_export.csv,2026-06-23T00:00:00,3251
SLA003252,WO001098,C015,SV7,A006,P2,20240521,20240522,20240523,24,25.04,False,1.04,training_fact_sla_export.csv,2026-06-23T00:00:00,3252
SLA003253,WO004849,C005,SV5,A005,P1,20240918,20240918,20240919,8,4.49,True,0.0,training_fact_sla_export.csv,2026-06-23T00:00:00,3253
SLA003254,WO002475,C007,SV6,A003,P3,20240530,20240602,20240605,72,123.03,False,51.03,training_fact_sla_export.csv,2026-06-23T00:00:00,3254
SLA003255,WO003879,C008,SV3,A002,P1,20240809,20240809,20240810,8,3.41,True,0.0,training_fact_sla_export.csv,2026-06-23T00:00:00,3255
SLA003256,WO004329,C018,SV7,A005,P3,20240105,20240108,20240107,72,44.85,True,0.0,training_fact_sla_export.csv,2026-06-23T00:00:00,3256
SLA003257,WO001019,C010,SV6,A005,P2,20240329,20240330,20240330,24,20.44,True,0.0,training_fact_sla_export.csv,2026-06-23T00:00:00,3257
SLA003258,WO004773,C002,SV1,A004,P3,20240309,20240312,20240311,72,25.28,True,0.0,training_fact_sla_export.csv,2026-06-23T00:00:00,3258
SLA003259,WO001541,C010,SV4,A006,P4,20240511,20240516,20240514,120,62.97,True,0.0,training_fact_sla_export.csv,2026-06-23T00:00:00,3259
SLA003260,WO003253,C006,SV7,A003,P4,20240824,20240829,20240828,120,80.51,True,0.0,training_fact_sla_export.csv,2026-06-23T00:00:00,3260
SLA003261,WO001801,C010,SV8,A003,P1,20241101,20241101,20241102,8,3.76,True,0.0,training_fact_sla_export.csv,2026-06-23T00:00:00,3261
SLA003262,WO004745,C019,SV1,A005,P1,20240221,20240221,20240222,8,5.16,True,0.0,training_fact_sla_export.csv,2026-06-23T00:00:00,3262
SLA003263,WO002006,C007,SV1,A006,P3,20240605,20240608,20240607,72,40.17,True,0.0,training_fact_sla_export.csv,2026-06-23T00:00:00,3263
SLA003264,WO002977,C006,SV2,A003,P3,20240206,20240209,20240209,72,69.65,True,0.0,training_fact_sla_export.csv,2026-06-23T00:00:00,3264
SLA003265,WO000720,C010,SV6,A004,P3,20240812,20240815,20240814,72,42.02,True,0.0,training_fact_sla_export.csv,2026-06-23T00:00:00,3265
SLA003266,WO001862,C002,SV4,A002,P4,20241006,20241011,20241016,120,236.72,False,116.72,training_fact_sla_export.csv,2026-06-23T00:00:00,3266
SLA003267,WO003239,C005,SV5,A003,P4,20240812,20240817,20240814,120,41.18,True,0.0,training_fact_sla_export.csv,2026-06-23T00:00:00,3267
SLA003268,WO004723,C001,SV3,A001,P3,20240111,20240114,20240115,72,72.74,False,0.74,training_fact_sla_export.csv,2026-06-23T00:00:00,3268
SLA003269,WO004396,C019,SV4,A003,P2,20240509,20240510,20240510,24,8.15,True,0.0,training_fact_sla_export.csv,2026-06-23T00:00:00,3269
SLA003270,WO003781,C016,SV1,A003,P3,20240417,20240420,20240420,72,63.03,True,0.0,training_fact_sla_export.csv,2026-06-23T00:00:00,3270
SLA003271,WO000663,C004,SV5,A004,P3,20240520,20240523,20240522,72,36.4,True,0.0,training_fact_sla_export.csv,2026-06-23T00:00:00,3271
SLA003272,WO000443,C007,SV1,A001,P1,20240717,20240717,20240718,8,3.02,True,0.0,training_fact_sla_export.csv,2026-06-23T00:00:00,3272
SLA003273,WO000033,C003,SV4,A005,P4,20241216,20241221,20241225,120,206.96,False,86.96,training_fact_sla_export.csv,2026-06-23T00:00:00,3273
SLA003274,WO001664,C016,SV2,A005,P3,20241222,20241225,20241225,72,49.81,True,0.0,training_fact_sla_export.csv,2026-06-23T00:00:00,3274
SLA003275,WO000137,C003,SV8,A003,P3,20241020,20241023,20241022,72,35.56,True,0.0,training_fact_sla_export.csv,2026-06-23T00:00:00,3275
SLA003276,WO004714,C014,SV8,A004,P2,20240524,20240525,20240525,24,19.94,True,0.0,training_fact_sla_export.csv,2026-06-23T00:00:00,3276
SLA003277,WO002875,C012,SV1,A005,P3,20241019,20241022,20241021,72,35.93,True,0.0,training_fact_sla_export.csv,2026-06-23T00:00:00,3277
SLA003278,WO004018,C016,SV6,A002,P4,20241222,20241227,20241227,120,97.86,True,0.0,training_fact_sla_export.csv,2026-06-23T00:00:00,3278
SLA003279,WO002671,C018,SV5,A001,P4,20240804,20240809,20240809,120,112.45,True,0.0,training_fact_sla_export.csv,2026-06-23T00:00:00,3279
SLA003280,WO003151,C019,SV5,A005,P4,20241219,20241224,20241222,120,61.78,True,0.0,training_fact_sla_export.csv,2026-06-23T00:00:00,3280
SLA003281,WO001070,C007,SV2,A002,P2,20241121,20241122,20241122,24,12.84,True,0.0,training_fact_sla_export.csv,2026-06-23T00:00:00,3281
SLA003282,WO001483,C017,SV6,A002,P3,20240321,20240324,20240323,72,26.85,True,0.0,training_fact_sla_export.csv,2026-06-23T00:00:00,3282
SLA003283,WO004164,C004,SV5,A003,P4,20240226,20240302,20240301,120,85.64,True,0.0,training_fact_sla_export.csv,2026-06-23T00:00:00,3283
SLA003284,WO000679,C004,SV8,A004,P3,20241117,20241120,20241121,72,74.17,False,2.17,training_fact_sla_export.csv,2026-06-23T00:00:00,3284
SLA003285,WO003117,C018,SV6,A004,P2,20240220,20240221,20240221,24,19.75,True,0.0,training_fact_sla_export.csv,2026-06-23T00:00:00,3285
SLA003286,WO000567,C019,SV1,A001,P4,20240311,20240316,20240314,120,69.77,True,0.0,training_fact_sla_export.csv,2026-06-23T00:00:00,3286
SLA003287,WO004033,C014,SV7,A001,P2,20240706,20240707,20240707,24,22.04,True,0.0,training_fact_sla_export.csv,2026-06-23T00:00:00,3287
SLA003288,WO004429,C007,SV4,A004,P2,20240531,20240601,20240601,24,21.07,True,0.0,training_fact_sla_export.csv,2026-06-23T00:00:00,3288
SLA003289,WO004641,C009,SV4,A005,P4,20240717,20240722,20240720,120,52.14,True,0.0,training_fact_sla_export.csv,2026-06-23T00:00:00,3289
SLA003290,WO003487,C017,SV4,A005,P2,20240101,20240102,20240103,24,30.41,False,6.41,training_fact_sla_export.csv,2026-06-23T00:00:00,3290
SLA003291,WO002029,C005,SV3,A002,P3,20240229,20240303,20240304,72,79.38,False,7.38,training_fact_sla_export.csv,2026-06-23T00:00:00,3291
SLA003292,WO001587,C011,SV8,A006,P4,20240711,20240716,20240714,120,64.1,True,0.0,training_fact_sla_export.csv,2026-06-23T00:00:00,3292
SLA003293,WO003058,C008,SV3,A004,P3,20240708,20240711,20240711,72,63.92,True,0.0,training_fact_sla_export.csv,2026-06-23T00:00:00,3293
SLA003294,WO000800,C004,SV6,A003,P4,20240704,20240709,20240708,120,78.13,True,0.0,training_fact_sla_export.csv,2026-06-23T00:00:00,3294
SLA003295,WO002549,C012,SV5,A004,P2,20240628,20240629,20240630,24,36.21,False,12.21,training_fact_sla_export.csv,2026-06-23T00:00:00,3295
SLA003296,WO000530,C014,SV2,A003,P3,20240312,20240315,20240314,72,29.91,True,0.0,training_fact_sla_export.csv,2026-06-23T00:00:00,3296
SLA003297,WO004176,C005,SV3,A004,P4,20240414,20240419,20240419,120,104.93,True,0.0,training_fact_sla_export.csv,2026-06-23T00:00:00,3297
SLA003298,WO004258,C014,SV8,A003,P3,20241106,20241109,20241108,72,34.16,True,0.0,training_fact_sla_export.csv,2026-06-23T00:00:00,3298
SLA003299,WO003777,C019,SV6,A005,P3,20240618,20240621,20240621,72,67.06,True,0.0,training_fact_sla_export.csv,2026-06-23T00:00:00,3299
SLA003300,WO003655,C019,SV8,A005,P3,20240319,20240322,20240323,72,72.4,False,0.4,training_fact_sla_export.csv,2026-06-23T00:00:00,3300
SLA003301,WO002527,C019,SV7,A004,P3,20240814,20240817,20240816,72,37.57,True,0.0,training_fact_sla_export.csv,2026-06-23T00:00:00,3301
SLA003302,WO003922,C009,SV5,A003,P4,20240806,20240811,20240811,120,103.08,True,0.0,training_fact_sla_export.csv,2026-06-23T00:00:00,3302
SLA003303,WO004419,C014,SV4,A001,P3,20240407,20240410,20240410,72,58.14,True,0.0,training_fact_sla_export.csv,2026-06-23T00:00:00,3303
SLA003304,WO001642,C015,SV8,A003,P2,20240120,20240121,20240121,24,10.9,True,0.0,training_fact_sla_export.csv,2026-06-23T00:00:00,3304
SLA003305,WO000241,C020,SV8,A005,P2,20240525,20240526,20240526,24,15.41,True,0.0,training_fact_sla_export.csv,2026-06-23T00:00:00,3305
SLA003306,WO001802,C011,SV5,A004,P3,20240514,20240517,20240520,72,140.89,False,68.89,training_fact_sla_export.csv,2026-06-23T00:00:00,3306
SLA003307,WO004070,C017,SV7,A006,P3,20240722,20240725,20240724,72,30.56,True,0.0,training_fact_sla_export.csv,2026-06-23T00:00:00,3307
SLA003308,WO002322,C012,SV8,A003,P4,20240413,20240418,20240416,120,67.86,True,0.0,training_fact_sla_export.csv,2026-06-23T00:00:00,3308
SLA003309,WO004604,C017,SV1,A005,P2,20240918,20240919,20240919,24,12.56,True,0.0,training_fact_sla_export.csv,2026-06-23T00:00:00,3309
SLA003310,WO002280,C007,SV6,A006,P3,20240817,20240820,20240819,72,34.44,True,0.0,training_fact_sla_export.csv,2026-06-23T00:00:00,3310
SLA003311,WO004789,C002,SV7,A002,P3,20240413,20240416,20240415,72,40.01,True,0.0,training_fact_sla_export.csv,2026-06-23T00:00:00,3311
SLA003312,WO001694,C008,SV4,A004,P3,20240614,20240617,20240616,72,43.05,True,0.0,training_fact_sla_export.csv,2026-06-23T00:00:00,3312
SLA003313,WO000046,C007,SV6,A006,P2,20240420,20240421,20240421,24,22.48,True,0.0,training_fact_sla_export.csv,2026-06-23T00:00:00,3313
SLA003314,WO004273,C017,SV3,A003,P4,20240903,20240908,20240908,120,103.32,True,0.0,training_fact_sla_export.csv,2026-06-23T00:00:00,3314
SLA003315,WO002724,C014,SV1,A005,P3,20241118,20241121,20241120,72,37.99,True,0.0,training_fact_sla_export.csv,2026-06-23T00:00:00,3315
SLA003316,WO003656,C013,SV4,A005,P4,20240219,20240224,20240222,120,69.93,True,0.0,training_fact_sla_export.csv,2026-06-23T00:00:00,3316
SLA003317,WO001467,C004,SV7,A001,P2,20241125,20241126,20241126,24,13.69,True,0.0,training_fact_sla_export.csv,2026-06-23T00:00:00,3317
SLA003318,WO002404,C014,SV1,A001,P4,20240331,20240405,20240410,120,217.95,False,97.95,training_fact_sla_export.csv,2026-06-23T00:00:00,3318
SLA003319,WO002595,C014,SV3,A002,P3,20240710,20240713,20240713,72,56.45,True,0.0,training_fact_sla_export.csv,2026-06-23T00:00:00,3319
SLA003320,WO003794,C019,SV2,A001,P3,20241119,20241122,20241121,72,24.13,True,0.0,training_fact_sla_export.csv,2026-06-23T00:00:00,3320
SLA003321,WO003767,C006,SV8,A003,P2,20240819,20240820,20240820,24,20.35,True,0.0,training_fact_sla_export.csv,2026-06-23T00:00:00,3321
SLA003322,WO003421,C014,SV6,A003,P2,20240207,20240208,20240208,24,15.4,True,0.0,training_fact_sla_export.csv,2026-06-23T00:00:00,3322
SLA003323,WO002962,C002,SV2,A002,P1,20240618,20240618,20240619,8,6.23,True,0.0,training_fact_sla_export.csv,2026-06-23T00:00:00,3323
SLA003324,WO000190,C015,SV6,A002,P3,20240117,20240120,20240118,72,14.55,True,0.0,training_fact_sla_export.csv,2026-06-23T00:00:00,3324
SLA003325,WO004229,C017,SV2,A006,P3,20240626,20240629,20240629,72,60.03,True,0.0,training_fact_sla_export.csv,2026-06-23T00:00:00,3325
SLA003326,WO001668,C016,SV7,A003,P1,20240506,20240506,20240507,8,6.92,True,0.0,training_fact_sla_export.csv,2026-06-23T00:00:00,3326
SLA003327,WO003640,C010,SV5,A005,P3,20240829,20240901,20240831,72,36.35,True,0.0,training_fact_sla_export.csv,2026-06-23T00:00:00,3327
SLA003328,WO000956,C009,SV2,A004,P3,20240604,20240607,20240606,72,36.26,True,0.0,training_fact_sla_export.csv,2026-06-23T00:00:00,3328
SLA003329,WO000200,C001,SV3,A005,P1,20241220,20241220,20241221,8,9.95,False,1.95,training_fact_sla_export.csv,2026-06-23T00:00:00,3329
SLA003330,WO002838,C010,SV3,A003,P1,20240619,20240619,20240620,8,2.81,True,0.0,training_fact_sla_export.csv,2026-06-23T00:00:00,3330
SLA003331,WO004630,C015,SV2,A001,P2,20240114,20240115,20240116,24,33.11,False,9.11,training_fact_sla_export.csv,2026-06-23T00:00:00,3331
SLA003332,WO003450,C020,SV4,A005,P4,20240507,20240512,20240513,120,134.63,False,14.63,training_fact_sla_export.csv,2026-06-23T00:00:00,3332
SLA003333,WO004518,C003,SV4,A003,P2,20240102,20240103,20240103,24,23.89,True,0.0,training_fact_sla_export.csv,2026-06-23T00:00:00,3333
SLA003334,WO001357,C012,SV8,A002,P2,20240305,20240306,20240306,24,23.72,True,0.0,training_fact_sla_export.csv,2026-06-23T00:00:00,3334
SLA003335,WO001897,C005,SV3,A003,P3,20241222,20241225,20241225,72,61.19,True,0.0,training_fact_sla_export.csv,2026-06-23T00:00:00,3335
SLA003336,WO001851,C008,SV7,A006,P1,20240703,20240703,20240704,8,4.0,True,0.0,training_fact_sla_export.csv,2026-06-23T00:00:00,3336
SLA003337,WO002742,C016,SV3,A005,P4,20240227,20240303,20240229,120,47.16,True,0.0,training_fact_sla_export.csv,2026-06-23T00:00:00,3337
SLA003338,WO002994,C002,SV8,A003,P3,20240808,20240811,20240811,72,63.57,True,0.0,training_fact_sla_export.csv,2026-06-23T00:00:00,3338
SLA003339,WO004300,C002,SV2,A003,P4,20241002,20241007,20241005,120,68.39,True,0.0,training_fact_sla_export.csv,2026-06-23T00:00:00,3339
SLA003340,WO003354,C005,SV7,A003,P1,20240614,20240614,20240615,8,7.74,True,0.0,training_fact_sla_export.csv,2026-06-23T00:00:00,3340
SLA003341,WO000371,C006,SV8,A005,P3,20240617,20240620,20240619,72,44.15,True,0.0,training_fact_sla_export.csv,2026-06-23T00:00:00,3341
SLA003342,WO003869,C016,SV7,A003,P3,20241006,20241009,20241009,72,52.45,True,0.0,training_fact_sla_export.csv,2026-06-23T00:00:00,3342
SLA003343,WO003594,C006,SV7,A003,P2,20240909,20240910,20240911,24,25.92,False,1.92,training_fact_sla_export.csv,2026-06-23T00:00:00,3343
SLA003344,WO000249,C019,SV1,A003,P3,20241007,20241010,20241008,72,19.8,True,0.0,training_fact_sla_export.csv,2026-06-23T00:00:00,3344
SLA003345,WO003284,C020,SV4,A001,P1,20240701,20240701,20240702,8,6.0,True,0.0,training_fact_sla_export.csv,2026-06-23T00:00:00,3345
SLA003346,WO003262,C016,SV4,A006,P2,20240728,20240729,20240730,24,32.16,False,8.16,training_fact_sla_export.csv,2026-06-23T00:00:00,3346
SLA003347,WO001121,C010,SV5,A005,P3,20240829,20240901,20240902,72,85.3,False,13.3,training_fact_sla_export.csv,2026-06-23T00:00:00,3347
SLA003348,WO003601,C016,SV8,A004,P2,20240412,20240413,20240414,24,25.37,False,1.37,training_fact_sla_export.csv,2026-06-23T00:00:00,3348
SLA003349,WO002809,C004,SV2,A002,P4,20240823,20240828,20240829,120,132.79,False,12.79,training_fact_sla_export.csv,2026-06-23T00:00:00,3349
SLA003350,WO002538,C018,SV3,A003,P3,20240602,20240605,20240606,72,80.16,False,8.16,training_fact_sla_export.csv,2026-06-23T00:00:00,3350
SLA003351,WO001246,C007,SV4,A005,P3,20240819,20240822,20240824,72,102.76,False,30.76,training_fact_sla_export.csv,2026-06-23T00:00:00,3351
SLA003352,WO003886,C009,SV3,A001,P2,20240910,20240911,20240911,24,23.68,True,0.0,training_fact_sla_export.csv,2026-06-23T00:00:00,3352
SLA003353,WO002954,C018,SV5,A002,P1,20240517,20240517,20240518,8,4.4,True,0.0,training_fact_sla_export.csv,2026-06-23T00:00:00,3353
SLA003354,WO003508,C003,SV6,A005,P1,20240218,20240218,20240219,8,7.59,True,0.0,training_fact_sla_export.csv,2026-06-23T00:00:00,3354
SLA003355,WO000456,C003,SV4,A003,P2,20240630,20240701,20240701,24,14.86,True,0.0,training_fact_sla_export.csv,2026-06-23T00:00:00,3355
SLA003356,WO003024,C013,SV2,A006,P3,20240623,20240626,20240626,72,68.6,True,0.0,training_fact_sla_export.csv,2026-06-23T00:00:00,3356
SLA003357,WO000216,C020,SV3,A004,P4,20240411,20240416,20240414,120,56.42,True,0.0,training_fact_sla_export.csv,2026-06-23T00:00:00,3357
SLA003358,WO003693,C019,SV7,A003,P2,20240709,20240710,20240710,24,8.23,True,0.0,training_fact_sla_export.csv,2026-06-23T00:00:00,3358
SLA003359,WO003740,C020,SV2,A005,P3,20240323,20240326,20240327,72,75.71,False,3.71,training_fact_sla_export.csv,2026-06-23T00:00:00,3359
SLA003360,WO001574,C009,SV7,A001,P3,20240828,20240831,20240831,72,66.28,True,0.0,training_fact_sla_export.csv,2026-06-23T00:00:00,3360
SLA003361,WO004047,C013,SV5,A003,P3,20240222,20240225,20240223,72,14.67,True,0.0,training_fact_sla_export.csv,2026-06-23T00:00:00,3361
SLA003362,WO000540,C017,SV4,A001,P3,20240409,20240412,20240410,72,19.38,True,0.0,training_fact_sla_export.csv,2026-06-23T00:00:00,3362
SLA003363,WO002685,C004,SV7,A003,P3,20241022,20241025,20241024,72,26.4,True,0.0,training_fact_sla_export.csv,2026-06-23T00:00:00,3363
SLA003364,WO004155,C018,SV6,A001,P2,20240912,20240913,20240913,24,23.98,True,0.0,training_fact_sla_export.csv,2026-06-23T00:00:00,3364
SLA003365,WO004012,C017,SV4,A006,P3,20240913,20240916,20240915,72,45.95,True,0.0,training_fact_sla_export.csv,2026-06-23T00:00:00,3365
SLA003366,WO003774,C002,SV4,A003,P4,20241031,20241105,20241104,120,76.78,True,0.0,training_fact_sla_export.csv,2026-06-23T00:00:00,3366
SLA003367,WO003517,C010,SV3,A006,P3,20240218,20240221,20240225,72,153.57,False,81.57,training_fact_sla_export.csv,2026-06-23T00:00:00,3367
SLA003368,WO000992,C009,SV4,A005,P3,20240412,20240415,20240413,72,20.7,True,0.0,training_fact_sla_export.csv,2026-06-23T00:00:00,3368
SLA003369,WO003224,C016,SV6,A001,P4,20240321,20240326,20240324,120,50.61,True,0.0,training_fact_sla_export.csv,2026-06-23T00:00:00,3369
SLA003370,WO001413,C010,SV5,A004,P3,20240517,20240520,20240519,72,45.13,True,0.0,training_fact_sla_export.csv,2026-06-23T00:00:00,3370
SLA003371,WO001306,C019,SV8,A006,P2,20240704,20240705,20240705,24,8.56,True,0.0,training_fact_sla_export.csv,2026-06-23T00:00:00,3371
SLA003372,WO001393,C009,SV3,A005,P3,20240723,20240726,20240726,72,61.48,True,0.0,training_fact_sla_export.csv,2026-06-23T00:00:00,3372
SLA003373,WO001330,C010,SV2,A002,P4,20240804,20240809,20240807,120,66.86,True,0.0,training_fact_sla_export.csv,2026-06-23T00:00:00,3373
SLA003374,WO003136,C006,SV1,A001,P3,20240331,20240403,20240401,72,16.37,True,0.0,training_fact_sla_export.csv,2026-06-23T00:00:00,3374
SLA003375,WO003672,C017,SV4,A001,P2,20241228,20241229,20241229,24,23.52,True,0.0,training_fact_sla_export.csv,2026-06-23T00:00:00,3375
SLA003376,WO001277,C010,SV1,A005,P2,20240405,20240406,20240406,24,18.55,True,0.0,training_fact_sla_export.csv,2026-06-23T00:00:00,3376
SLA003377,WO001142,C010,SV8,A006,P3,20240818,20240821,20240820,72,44.74,True,0.0,training_fact_sla_export.csv,2026-06-23T00:00:00,3377
SLA003378,WO002519,C015,SV1,A005,P3,20240301,20240304,20240304,72,58.42,True,0.0,training_fact_sla_export.csv,2026-06-23T00:00:00,3378
SLA003379,WO002589,C016,SV4,A005,P3,20240228,20240302,20240308,72,192.64,False,120.64,training_fact_sla_export.csv,2026-06-23T00:00:00,3379
SLA003380,WO002479,C014,SV5,A003,P4,20240614,20240619,20240619,120,109.05,True,0.0,training_fact_sla_export.csv,2026-06-23T00:00:00,3380
SLA003381,WO004690,C004,SV7,A001,P1,20240809,20240809,20240810,8,2.36,True,0.0,training_fact_sla_export.csv,2026-06-23T00:00:00,3381
SLA003382,WO003297,C019,SV4,A002,P2,20241202,20241203,20241203,24,11.67,True,0.0,training_fact_sla_export.csv,2026-06-23T00:00:00,3382
SLA003383,WO001364,C017,SV3,A004,P2,20241231,20250101,20241231,24,47.47,False,23.47,training_fact_sla_export.csv,2026-06-23T00:00:00,3383
SLA003384,WO003323,C015,SV5,A001,P3,20240208,20240211,20240210,72,41.62,True,0.0,training_fact_sla_export.csv,2026-06-23T00:00:00,3384
SLA003385,WO002777,C012,SV3,A006,P3,20240416,20240419,20240417,72,20.4,True,0.0,training_fact_sla_export.csv,2026-06-23T00:00:00,3385
SLA003386,WO002602,C016,SV3,A005,P2,20240317,20240318,20240318,24,20.83,True,0.0,training_fact_sla_export.csv,2026-06-23T00:00:00,3386
SLA003387,WO004502,C015,SV6,A005,P4,20241226,20241231,20241231,120,161.23,False,41.23,training_fact_sla_export.csv,2026-06-23T00:00:00,3387
SLA003388,WO000105,C006,SV1,A005,P3,20241215,20241218,20241216,72,19.26,True,0.0,training_fact_sla_export.csv,2026-06-23T00:00:00,3388
SLA003389,WO004651,C010,SV7,A001,P2,20240616,20240617,20240618,24,25.93,False,1.93,training_fact_sla_export.csv,2026-06-23T00:00:00,3389
SLA003390,WO003126,C001,SV1,A003,P2,20241026,20241027,20241027,24,13.65,True,0.0,training_fact_sla_export.csv,2026-06-23T00:00:00,3390
SLA003391,WO003464,C001,SV7,A001,P2,20240517,20240518,20240519,24,35.86,False,11.86,training_fact_sla_export.csv,2026-06-23T00:00:00,3391
SLA003392,WO000826,C011,SV6,A001,P2,20240606,20240607,20240607,24,10.51,True,0.0,training_fact_sla_export.csv,2026-06-23T00:00:00,3392
SLA003393,WO000516,C016,SV2,A003,P2,20241209,20241210,20241211,24,24.06,False,0.06,training_fact_sla_export.csv,2026-06-23T00:00:00,3393
SLA003394,WO004451,C016,SV8,A001,P1,20240430,20240430,20240501,8,13.98,False,5.98,training_fact_sla_export.csv,2026-06-23T00:00:00,3394
SLA003395,WO001125,C017,SV2,A002,P3,20241106,20241109,20241109,72,70.58,True,0.0,training_fact_sla_export.csv,2026-06-23T00:00:00,3395
SLA003396,WO003877,C008,SV5,A003,P4,20241104,20241109,20241109,120,102.68,True,0.0,training_fact_sla_export.csv,2026-06-23T00:00:00,3396
SLA003397,WO003032,C011,SV3,A004,P4,20240412,20240417,20240415,120,64.11,True,0.0,training_fact_sla_export.csv,2026-06-23T00:00:00,3397
SLA003398,WO004722,C017,SV5,A003,P4,20240604,20240609,20240607,120,55.1,True,0.0,training_fact_sla_export.csv,2026-06-23T00:00:00,3398
SLA003399,WO001675,C001,SV8,A001,P1,20240910,20240910,20240911,8,6.66,True,0.0,training_fact_sla_export.csv,2026-06-23T00:00:00,3399
SLA003400,WO002324,C013,SV2,A006,P3,20241130,20241203,20241204,72,83.67,False,11.67,training_fact_sla_export.csv,2026-06-23T00:00:00,3400
SLA003401,WO001225,C008,SV1,A005,P3,20240122,20240125,20240124,72,31.12,True,0.0,training_fact_sla_export.csv,2026-06-23T00:00:00,3401
SLA003402,WO004266,C007,SV7,A003,P3,20240610,20240613,20240611,72,18.38,True,0.0,training_fact_sla_export.csv,2026-06-23T00:00:00,3402
SLA003403,WO000405,C012,SV1,A006,P4,20241225,20241230,20241231,120,187.36,False,67.36,training_fact_sla_export.csv,2026-06-23T00:00:00,3403
SLA003404,WO002364,C007,SV5,A001,P3,20240416,20240419,20240418,72,28.25,True,0.0,training_fact_sla_export.csv,2026-06-23T00:00:00,3404
SLA003405,WO002613,C012,SV4,A003,P3,20241220,20241223,20241223,72,66.42,True,0.0,training_fact_sla_export.csv,2026-06-23T00:00:00,3405
SLA003406,WO004629,C014,SV1,A001,P1,20240825,20240825,20240826,8,9.22,False,1.22,training_fact_sla_export.csv,2026-06-23T00:00:00,3406
SLA003407,WO004361,C011,SV5,A005,P1,20240901,20240901,20240902,8,7.92,True,0.0,training_fact_sla_export.csv,2026-06-23T00:00:00,3407
SLA003408,WO004000,C012,SV1,A002,P2,20240217,20240218,20240218,24,15.38,True,0.0,training_fact_sla_export.csv,2026-06-23T00:00:00,3408
SLA003409,WO003129,C008,SV7,A006,P2,20240823,20240824,20240825,24,36.15,False,12.15,training_fact_sla_export.csv,2026-06-23T00:00:00,3409
SLA003410,WO001680,C002,SV6,A005,P4,20240617,20240622,20240620,120,50.43,True,0.0,training_fact_sla_export.csv,2026-06-23T00:00:00,3410
SLA003411,WO000398,C007,SV7,A002,P4,20240410,20240415,20240413,120,66.17,True,0.0,training_fact_sla_export.csv,2026-06-23T00:00:00,3411
SLA003412,WO000392,C012,SV2,A004,P1,20240914,20240914,20240915,8,3.81,True,0.0,training_fact_sla_export.csv,2026-06-23T00:00:00,3412
SLA003413,WO000035,C008,SV2,A005,P3,20241011,20241014,20241016,72,98.27,False,26.27,training_fact_sla_export.csv,2026-06-23T00:00:00,3413
SLA003414,WO000718,C001,SV4,A006,P4,20240407,20240412,20240414,120,159.88,False,39.88,training_fact_sla_export.csv,2026-06-23T00:00:00,3414
SLA003415,WO001283,C011,SV1,A002,P2,20240827,20240828,20240828,24,19.11,True,0.0,training_fact_sla_export.csv,2026-06-23T00:00:00,3415
SLA003416,WO002817,C011,SV7,A005,P3,20241104,20241107,20241106,72,34.68,True,0.0,training_fact_sla_export.csv,2026-06-23T00:00:00,3416
SLA003417,WO004824,C018,SV8,A003,P2,20240520,20240521,20240521,24,23.04,True,0.0,training_fact_sla_export.csv,2026-06-23T00:00:00,3417
SLA003418,WO002253,C019,SV3,A005,P2,20240702,20240703,20240703,24,18.17,True,0.0,training_fact_sla_export.csv,2026-06-23T00:00:00,3418
SLA003419,WO003637,C012,SV1,A001,P2,20240521,20240522,20240523,24,29.99,False,5.99,training_fact_sla_export.csv,2026-06-23T00:00:00,3419
SLA003420,WO004509,C002,SV3,A004,P2,20241210,20241211,20241212,24,40.18,False,16.18,training_fact_sla_export.csv,2026-06-23T00:00:00,3420
SLA003421,WO003760,C016,SV3,A002,P3,20241016,20241019,20241020,72,73.19,False,1.19,training_fact_sla_export.csv,2026-06-23T00:00:00,3421
SLA003422,WO001828,C010,SV4,A002,P2,20240920,20240921,20240921,24,9.11,True,0.0,training_fact_sla_export.csv,2026-06-23T00:00:00,3422
SLA003423,WO002918,C012,SV6,A003,P3,20240920,20240923,20240923,72,54.62,True,0.0,training_fact_sla_export.csv,2026-06-23T00:00:00,3423
SLA003424,WO003268,C016,SV6,A005,P1,20241025,20241025,20241026,8,8.27,False,0.27,training_fact_sla_export.csv,2026-06-23T00:00:00,3424
SLA003425,WO001547,C013,SV4,A005,P3,20240326,20240329,20240329,72,55.38,True,0.0,training_fact_sla_export.csv,2026-06-23T00:00:00,3425
SLA003426,WO002007,C009,SV2,A001,P3,20240522,20240525,20240525,72,70.08,True,0.0,training_fact_sla_export.csv,2026-06-23T00:00:00,3426
SLA003427,WO004786,C017,SV5,A003,P4,20241019,20241024,20241025,120,126.54,False,6.54,training_fact_sla_export.csv,2026-06-23T00:00:00,3427
SLA003428,WO002849,C008,SV8,A003,P4,20241014,20241019,20241018,120,86.89,True,0.0,training_fact_sla_export.csv,2026-06-23T00:00:00,3428
SLA003429,WO000299,C013,SV7,A003,P3,20241222,20241225,20241225,72,62.12,True,0.0,training_fact_sla_export.csv,2026-06-23T00:00:00,3429
SLA003430,WO003479,C012,SV2,A001,P1,20240408,20240408,20240409,8,7.89,True,0.0,training_fact_sla_export.csv,2026-06-23T00:00:00,3430
SLA003431,WO004228,C017,SV4,A006,P2,20240604,20240605,20240605,24,19.89,True,0.0,training_fact_sla_export.csv,2026-06-23T00:00:00,3431
SLA003432,WO001046,C018,SV8,A001,P2,20240209,20240210,20240211,24,38.26,False,14.26,training_fact_sla_export.csv,2026-06-23T00:00:00,3432
SLA003433,WO004241,C005,SV2,A006,P4,20240102,20240107,20240108,120,121.01,False,1.01,training_fact_sla_export.csv,2026-06-23T00:00:00,3433
SLA003434,WO003859,C018,SV4,A002,P1,20241213,20241213,20241214,8,5.46,True,0.0,training_fact_sla_export.csv,2026-06-23T00:00:00,3434
SLA003435,WO003980,C012,SV8,A004,P3,20240607,20240610,20240613,72,142.72,False,70.72,training_fact_sla_export.csv,2026-06-23T00:00:00,3435
SLA003436,WO000139,C006,SV2,A002,P3,20240206,20240209,20240209,72,61.21,True,0.0,training_fact_sla_export.csv,2026-06-23T00:00:00,3436
SLA003437,WO003426,C013,SV7,A005,P2,20240817,20240818,20240818,24,19.61,True,0.0,training_fact_sla_export.csv,2026-06-23T00:00:00,3437
SLA003438,WO003548,C020,SV3,A003,P1,20240310,20240310,20240311,8,5.02,True,0.0,training_fact_sla_export.csv,2026-06-23T00:00:00,3438
SLA003439,WO000273,C013,SV4,A003,P2,20240612,20240613,20240613,24,19.2,True,0.0,training_fact_sla_export.csv,2026-06-23T00:00:00,3439
SLA003440,WO002232,C004,SV5,A003,P3,20241231,20250103,20241231,72,47.32,True,0.0,training_fact_sla_export.csv,2026-06-23T00:00:00,3440
SLA003441,WO001024,C010,SV2,A006,P2,20240721,20240722,20240723,24,28.35,False,4.35,training_fact_sla_export.csv,2026-06-23T00:00:00,3441
SLA003442,WO002904,C005,SV4,A004,P3,20241017,20241020,20241022,72,110.22,False,38.22,training_fact_sla_export.csv,2026-06-23T00:00:00,3442
SLA003443,WO003028,C006,SV3,A003,P3,20240305,20240308,20240308,72,69.38,True,0.0,training_fact_sla_export.csv,2026-06-23T00:00:00,3443
SLA003444,WO004733,C015,SV6,A006,P2,20240831,20240901,20240902,24,24.11,False,0.11,training_fact_sla_export.csv,2026-06-23T00:00:00,3444
SLA003445,WO002247,C003,SV7,A004,P4,20241027,20241101,20241030,120,49.97,True,0.0,training_fact_sla_export.csv,2026-06-23T00:00:00,3445
SLA003446,WO001040,C018,SV1,A006,P3,20240504,20240507,20240506,72,33.2,True,0.0,training_fact_sla_export.csv,2026-06-23T00:00:00,3446
SLA003447,WO000687,C019,SV6,A005,P4,20240702,20240707,20240706,120,76.17,True,0.0,training_fact_sla_export.csv,2026-06-23T00:00:00,3447
SLA003448,WO003919,C004,SV1,A001,P2,20240411,20240412,20240412,24,14.95,True,0.0,training_fact_sla_export.csv,2026-06-23T00:00:00,3448
SLA003449,WO004586,C007,SV1,A003,P3,20240807,20240810,20240809,72,29.68,True,0.0,training_fact_sla_export.csv,2026-06-23T00:00:00,3449
SLA003450,WO004842,C007,SV4,A003,P3,20240827,20240830,20240830,72,57.86,True,0.0,training_fact_sla_export.csv,2026-06-23T00:00:00,3450
SLA003451,WO000924,C002,SV6,A001,P4,20240527,20240601,20240530,120,56.22,True,0.0,training_fact_sla_export.csv,2026-06-23T00:00:00,3451
SLA003452,WO000445,C002,SV6,A002,P2,20240127,20240128,20240129,24,32.33,False,8.33,training_fact_sla_export.csv,2026-06-23T00:00:00,3452
SLA003453,WO004227,C015,SV3,A001,P3,20240405,20240408,20240409,72,86.86,False,14.86,training_fact_sla_export.csv,2026-06-23T00:00:00,3453
SLA003454,WO000126,C010,SV2,A001,P1,20240309,20240309,20240310,8,3.55,True,0.0,training_fact_sla_export.csv,2026-06-23T00:00:00,3454
SLA003455,WO003005,C005,SV1,A005,P2,20240515,20240516,20240516,24,13.9,True,0.0,training_fact_sla_export.csv,2026-06-23T00:00:00,3455
SLA003456,WO004196,C011,SV4,A006,P1,20240927,20240927,20240928,8,2.92,True,0.0,training_fact_sla_export.csv,2026-06-23T00:00:00,3456
SLA003457,WO000090,C005,SV1,A005,P3,20241116,20241119,20241118,72,44.06,True,0.0,training_fact_sla_export.csv,2026-06-23T00:00:00,3457
SLA003458,WO002728,C012,SV5,A004,P1,20240428,20240428,20240429,8,12.74,False,4.74,training_fact_sla_export.csv,2026-06-23T00:00:00,3458
SLA003459,WO002116,C004,SV3,A006,P3,20240628,20240701,20240701,72,55.14,True,0.0,training_fact_sla_export.csv,2026-06-23T00:00:00,3459
SLA003460,WO001232,C004,SV3,A001,P4,20241130,20241205,20241204,120,77.41,True,0.0,training_fact_sla_export.csv,2026-06-23T00:00:00,3460
SLA003461,WO000837,C017,SV7,A003,P2,20241203,20241204,20241204,24,23.83,True,0.0,training_fact_sla_export.csv,2026-06-23T00:00:00,3461
SLA003462,WO002499,C006,SV7,A005,P3,20241204,20241207,20241207,72,55.1,True,0.0,training_fact_sla_export.csv,2026-06-23T00:00:00,3462
SLA003463,WO003665,C006,SV3,A003,P1,20240622,20240622,20240623,8,3.14,True,0.0,training_fact_sla_export.csv,2026-06-23T00:00:00,3463
SLA003464,WO001200,C016,SV3,A005,P3,20240330,20240402,20240401,72,43.12,True,0.0,training_fact_sla_export.csv,2026-06-23T00:00:00,3464
SLA003465,WO000521,C009,SV2,A003,P1,20240704,20240704,20240705,8,2.52,True,0.0,training_fact_sla_export.csv,2026-06-23T00:00:00,3465
SLA003466,WO004066,C003,SV3,A003,P2,20241017,20241018,20241018,24,12.11,True,0.0,training_fact_sla_export.csv,2026-06-23T00:00:00,3466
SLA003467,WO001921,C016,SV5,A004,P3,20240506,20240509,20240509,72,52.37,True,0.0,training_fact_sla_export.csv,2026-06-23T00:00:00,3467
SLA003468,WO002744,C001,SV7,A006,P3,20241214,20241217,20241217,72,67.09,True,0.0,training_fact_sla_export.csv,2026-06-23T00:00:00,3468
SLA003469,WO001135,C009,SV4,A003,P2,20241112,20241113,20241113,24,19.77,True,0.0,training_fact_sla_export.csv,2026-06-23T00:00:00,3469
SLA003470,WO002175,C008,SV4,A003,P2,20240115,20240116,20240116,24,15.64,True,0.0,training_fact_sla_export.csv,2026-06-23T00:00:00,3470
SLA003471,WO001713,C014,SV8,A002,P1,20240630,20240630,20240701,8,12.29,False,4.29,training_fact_sla_export.csv,2026-06-23T00:00:00,3471
SLA003472,WO000613,C012,SV5,A004,P3,20240907,20240910,20240911,72,75.51,False,3.51,training_fact_sla_export.csv,2026-06-23T00:00:00,3472
SLA003473,WO003975,C012,SV1,A002,P2,20240815,20240816,20240818,24,49.76,False,25.76,training_fact_sla_export.csv,2026-06-23T00:00:00,3473
SLA003474,WO002716,C018,SV4,A005,P1,20240124,20240124,20240125,8,2.9,True,0.0,training_fact_sla_export.csv,2026-06-23T00:00:00,3474
SLA003475,WO002636,C012,SV2,A004,P2,20240516,20240517,20240518,24,27.45,False,3.45,training_fact_sla_export.csv,2026-06-23T00:00:00,3475
SLA003476,WO004236,C001,SV2,A001,P3,20240619,20240622,20240621,72,47.79,True,0.0,training_fact_sla_export.csv,2026-06-23T00:00:00,3476
SLA003477,WO004106,C002,SV1,A002,P2,20240613,20240614,20240614,24,20.7,True,0.0,training_fact_sla_export.csv,2026-06-23T00:00:00,3477
SLA003478,WO002401,C007,SV6,A003,P2,20241204,20241205,20241205,24,9.76,True,0.0,training_fact_sla_export.csv,2026-06-23T00:00:00,3478
SLA003479,WO001371,C001,SV5,A001,P4,20240822,20240827,20240825,120,70.85,True,0.0,training_fact_sla_export.csv,2026-06-23T00:00:00,3479
SLA003480,WO004167,C018,SV6,A006,P2,20240705,20240706,20240707,24,38.33,False,14.33,training_fact_sla_export.csv,2026-06-23T00:00:00,3480
SLA003481,WO003021,C016,SV3,A001,P2,20240129,20240130,20240130,24,19.3,True,0.0,training_fact_sla_export.csv,2026-06-23T00:00:00,3481
SLA003482,WO001318,C015,SV2,A001,P3,20241117,20241120,20241118,72,19.91,True,0.0,training_fact_sla_export.csv,2026-06-23T00:00:00,3482
SLA003483,WO004449,C014,SV6,A005,P3,20241107,20241110,20241109,72,40.72,True,0.0,training_fact_sla_export.csv,2026-06-23T00:00:00,3483
SLA003484,WO004037,C013,SV3,A006,P2,20240513,20240514,20240514,24,9.51,True,0.0,training_fact_sla_export.csv,2026-06-23T00:00:00,3484
SLA003485,WO000281,C007,SV6,A004,P4,20240103,20240108,20240109,120,133.13,False,13.13,training_fact_sla_export.csv,2026-06-23T00:00:00,3485
SLA003486,WO001402,C001,SV4,A005,P4,20241203,20241208,20241207,120,93.86,True,0.0,training_fact_sla_export.csv,2026-06-23T00:00:00,3486
SLA003487,WO002525,C003,SV1,A003,P2,20240505,20240506,20240506,24,15.17,True,0.0,training_fact_sla_export.csv,2026-06-23T00:00:00,3487
SLA003488,WO000769,C010,SV7,A002,P4,20240524,20240529,20240527,120,62.7,True,0.0,training_fact_sla_export.csv,2026-06-23T00:00:00,3488
SLA003489,WO001829,C006,SV5,A002,P1,20240928,20240928,20240929,8,5.24,True,0.0,training_fact_sla_export.csv,2026-06-23T00:00:00,3489
SLA003490,WO003994,C020,SV2,A006,P3,20240507,20240510,20240512,72,100.62,False,28.62,training_fact_sla_export.csv,2026-06-23T00:00:00,3490
SLA003491,WO001207,C017,SV1,A004,P3,20240108,20240111,20240112,72,94.62,False,22.62,training_fact_sla_export.csv,2026-06-23T00:00:00,3491
SLA003492,WO003574,C014,SV7,A003,P4,20241021,20241026,20241025,120,94.46,True,0.0,training_fact_sla_export.csv,2026-06-23T00:00:00,3492
SLA003493,WO001443,C009,SV6,A005,P3,20240130,20240202,20240131,72,21.45,True,0.0,training_fact_sla_export.csv,2026-06-23T00:00:00,3493
SLA003494,WO003865,C017,SV3,A004,P3,20240425,20240428,20240501,72,130.9,False,58.9,training_fact_sla_export.csv,2026-06-23T00:00:00,3494
SLA003495,WO000034,C009,SV7,A002,P1,20240710,20240710,20240711,8,6.7,True,0.0,training_fact_sla_export.csv,2026-06-23T00:00:00,3495
SLA003496,WO000533,C011,SV8,A005,P2,20240513,20240514,20240514,24,9.77,True,0.0,training_fact_sla_export.csv,2026-06-23T00:00:00,3496
SLA003497,WO003780,C015,SV7,A005,P4,20240510,20240515,20240513,120,69.69,True,0.0,training_fact_sla_export.csv,2026-06-23T00:00:00,3497
SLA003498,WO003336,C008,SV7,A006,P3,20240615,20240618,20240618,72,64.49,True,0.0,training_fact_sla_export.csv,2026-06-23T00:00:00,3498
SLA003499,WO001244,C011,SV5,A004,P4,20240501,20240506,20240509,120,179.14,False,59.14,training_fact_sla_export.csv,2026-06-23T00:00:00,3499
SLA003500,WO003141,C007,SV3,A006,P2,20240204,20240205,20240205,24,21.72,True,0.0,training_fact_sla_export.csv,2026-06-23T00:00:00,3500
SLA003501,WO001550,C004,SV8,A005,P2,20240324,20240325,20240325,24,9.94,True,0.0,training_fact_sla_export.csv,2026-06-23T00:00:00,3501
SLA003502,WO003697,C016,SV5,A004,P2,20240506,20240507,20240509,24,70.68,False,46.68,training_fact_sla_export.csv,2026-06-23T00:00:00,3502
SLA003503,WO004949,C020,SV1,A005,P4,20240507,20240512,20240510,120,53.33,True,0.0,training_fact_sla_export.csv,2026-06-23T00:00:00,3503
SLA003504,WO004324,C010,SV5,A001,P3,20241231,20250103,20241231,72,68.21,True,0.0,training_fact_sla_export.csv,2026-06-23T00:00:00,3504
SLA003505,WO001345,C001,SV8,A005,P3,20240514,20240517,20240516,72,31.53,True,0.0,training_fact_sla_export.csv,2026-06-23T00:00:00,3505
SLA003506,WO004543,C007,SV5,A002,P3,20240614,20240617,20240617,72,56.95,True,0.0,training_fact_sla_export.csv,2026-06-23T00:00:00,3506
SLA003507,WO001756,C018,SV3,A002,P3,20240417,20240420,20240419,72,46.38,True,0.0,training_fact_sla_export.csv,2026-06-23T00:00:00,3507
SLA003508,WO000870,C014,SV4,A006,P2,20241104,20241105,20241105,24,9.94,True,0.0,training_fact_sla_export.csv,2026-06-23T00:00:00,3508
SLA003509,WO002327,C006,SV8,A002,P3,20240220,20240223,20240222,72,40.87,True,0.0,training_fact_sla_export.csv,2026-06-23T00:00:00,3509
SLA003510,WO000585,C020,SV7,A002,P3,20240529,20240601,20240531,72,46.1,True,0.0,training_fact_sla_export.csv,2026-06-23T00:00:00,3510
SLA003511,WO003476,C003,SV3,A006,P3,20240313,20240316,20240315,72,39.17,True,0.0,training_fact_sla_export.csv,2026-06-23T00:00:00,3511
SLA003512,WO001932,C009,SV3,A006,P3,20240505,20240508,20240510,72,106.34,False,34.34,training_fact_sla_export.csv,2026-06-23T00:00:00,3512
SLA003513,WO004095,C010,SV2,A003,P3,20240524,20240527,20240527,72,54.95,True,0.0,training_fact_sla_export.csv,2026-06-23T00:00:00,3513
SLA003514,WO003316,C004,SV4,A003,P3,20241122,20241125,20241125,72,57.18,True,0.0,training_fact_sla_export.csv,2026-06-23T00:00:00,3514
SLA003515,WO002291,C004,SV1,A005,P3,20240228,20240302,20240301,72,25.81,True,0.0,training_fact_sla_export.csv,2026-06-23T00:00:00,3515
SLA003516,WO004575,C013,SV5,A005,P3,20240731,20240803,20240801,72,23.46,True,0.0,training_fact_sla_export.csv,2026-06-23T00:00:00,3516
SLA003517,WO002056,C001,SV2,A001,P3,20240521,20240524,20240525,72,74.52,False,2.52,training_fact_sla_export.csv,2026-06-23T00:00:00,3517
SLA003518,WO002555,C009,SV3,A005,P3,20240215,20240218,20240218,72,52.43,True,0.0,training_fact_sla_export.csv,2026-06-23T00:00:00,3518
SLA003519,WO003977,C015,SV5,A001,P3,20240207,20240210,20240209,72,25.56,True,0.0,training_fact_sla_export.csv,2026-06-23T00:00:00,3519
SLA003520,WO003796,C012,SV6,A002,P3,20240220,20240223,20240223,72,53.62,True,0.0,training_fact_sla_export.csv,2026-06-23T00:00:00,3520
SLA003521,WO000263,C008,SV8,A005,P2,20240106,20240107,20240107,24,18.24,True,0.0,training_fact_sla_export.csv,2026-06-23T00:00:00,3521
SLA003522,WO002447,C020,SV4,A006,P2,20240126,20240127,20240127,24,9.11,True,0.0,training_fact_sla_export.csv,2026-06-23T00:00:00,3522
SLA003523,WO003824,C010,SV7,A005,P4,20240923,20240928,20240927,120,86.43,True,0.0,training_fact_sla_export.csv,2026-06-23T00:00:00,3523
SLA003524,WO003393,C010,SV8,A002,P4,20240927,20241002,20241005,120,170.8,False,50.8,training_fact_sla_export.csv,2026-06-23T00:00:00,3524
SLA003525,WO000518,C013,SV6,A003,P2,20240821,20240822,20240822,24,18.12,True,0.0,training_fact_sla_export.csv,2026-06-23T00:00:00,3525
SLA003526,WO004805,C007,SV3,A003,P3,20240109,20240112,20240111,72,36.8,True,0.0,training_fact_sla_export.csv,2026-06-23T00:00:00,3526
SLA003527,WO004868,C008,SV3,A005,P2,20240310,20240311,20240311,24,22.86,True,0.0,training_fact_sla_export.csv,2026-06-23T00:00:00,3527
SLA003528,WO002915,C020,SV6,A004,P3,20240420,20240423,20240422,72,34.34,True,0.0,training_fact_sla_export.csv,2026-06-23T00:00:00,3528
SLA003529,WO001020,C005,SV6,A004,P3,20240801,20240804,20240803,72,24.31,True,0.0,training_fact_sla_export.csv,2026-06-23T00:00:00,3529
SLA003530,WO000802,C014,SV4,A001,P3,20240609,20240612,20240612,72,65.52,True,0.0,training_fact_sla_export.csv,2026-06-23T00:00:00,3530
SLA003531,WO000817,C016,SV8,A001,P4,20240825,20240830,20240827,120,37.08,True,0.0,training_fact_sla_export.csv,2026-06-23T00:00:00,3531
SLA003532,WO004278,C007,SV6,A003,P2,20240731,20240801,20240802,24,28.6,False,4.6,training_fact_sla_export.csv,2026-06-23T00:00:00,3532
SLA003533,WO001280,C007,SV5,A002,P2,20240301,20240302,20240302,24,6.8,True,0.0,training_fact_sla_export.csv,2026-06-23T00:00:00,3533
SLA003534,WO001266,C007,SV5,A001,P3,20240302,20240305,20240306,72,73.13,False,1.13,training_fact_sla_export.csv,2026-06-23T00:00:00,3534
SLA003535,WO004628,C009,SV6,A001,P1,20241122,20241122,20241123,8,2.73,True,0.0,training_fact_sla_export.csv,2026-06-23T00:00:00,3535
SLA003536,WO001097,C013,SV5,A005,P2,20240115,20240116,20240116,24,18.17,True,0.0,training_fact_sla_export.csv,2026-06-23T00:00:00,3536
SLA003537,WO003046,C016,SV3,A004,P4,20240405,20240410,20240410,120,104.82,True,0.0,training_fact_sla_export.csv,2026-06-23T00:00:00,3537
SLA003538,WO003608,C008,SV1,A006,P3,20240617,20240620,20240619,72,46.78,True,0.0,training_fact_sla_export.csv,2026-06-23T00:00:00,3538
SLA003539,WO000674,C010,SV3,A002,P4,20241223,20241228,20241226,120,59.02,True,0.0,training_fact_sla_export.csv,2026-06-23T00:00:00,3539
SLA003540,WO003273,C016,SV1,A003,P3,20240704,20240707,20240706,72,26.17,True,0.0,training_fact_sla_export.csv,2026-06-23T00:00:00,3540
SLA003541,WO000672,C001,SV2,A001,P4,20241010,20241015,20241018,120,182.14,False,62.14,training_fact_sla_export.csv,2026-06-23T00:00:00,3541
SLA003542,WO004833,C004,SV4,A004,P3,20240411,20240414,20240414,72,52.91,True,0.0,training_fact_sla_export.csv,2026-06-23T00:00:00,3542
SLA003543,WO002939,C003,SV4,A003,P3,20240502,20240505,20240504,72,44.45,True,0.0,training_fact_sla_export.csv,2026-06-23T00:00:00,3543
SLA003544,WO003636,C004,SV5,A005,P3,20240712,20240715,20240715,72,54.87,True,0.0,training_fact_sla_export.csv,2026-06-23T00:00:00,3544
SLA003545,WO004415,C018,SV7,A006,P2,20240112,20240113,20240113,24,18.95,True,0.0,training_fact_sla_export.csv,2026-06-23T00:00:00,3545
SLA003546,WO001867,C005,SV2,A003,P2,20240823,20240824,20240825,24,26.06,False,2.06,training_fact_sla_export.csv,2026-06-23T00:00:00,3546
SLA003547,WO000859,C020,SV3,A003,P1,20241206,20241206,20241207,8,6.12,True,0.0,training_fact_sla_export.csv,2026-06-23T00:00:00,3547
SLA003548,WO002748,C018,SV1,A003,P3,20240901,20240904,20240903,72,33.35,True,0.0,training_fact_sla_export.csv,2026-06-23T00:00:00,3548
SLA003549,WO004721,C008,SV5,A005,P4,20240428,20240503,20240503,120,99.97,True,0.0,training_fact_sla_export.csv,2026-06-23T00:00:00,3549
SLA003550,WO004395,C002,SV1,A006,P3,20240621,20240624,20240623,72,46.34,True,0.0,training_fact_sla_export.csv,2026-06-23T00:00:00,3550
SLA003551,WO003596,C005,SV1,A003,P3,20240724,20240727,20240728,72,85.4,False,13.4,training_fact_sla_export.csv,2026-06-23T00:00:00,3551
SLA003552,WO003959,C013,SV8,A004,P2,20240502,20240503,20240503,24,14.39,True,0.0,training_fact_sla_export.csv,2026-06-23T00:00:00,3552
SLA003553,WO000818,C010,SV5,A005,P3,20240102,20240105,20240104,72,44.09,True,0.0,training_fact_sla_export.csv,2026-06-23T00:00:00,3553
SLA003554,WO001075,C018,SV8,A003,P2,20240819,20240820,20240820,24,18.5,True,0.0,training_fact_sla_export.csv,2026-06-23T00:00:00,3554
SLA003555,WO001165,C008,SV6,A004,P4,20240118,20240123,20240202,120,337.23,False,217.23,training_fact_sla_export.csv,2026-06-23T00:00:00,3555
SLA003556,WO000739,C004,SV6,A005,P3,20240821,20240824,20240824,72,51.01,True,0.0,training_fact_sla_export.csv,2026-06-23T00:00:00,3556
SLA003557,WO003641,C014,SV3,A003,P3,20240907,20240910,20240910,72,61.36,True,0.0,training_fact_sla_export.csv,2026-06-23T00:00:00,3557
SLA003558,WO002521,C019,SV5,A004,P3,20241205,20241208,20241207,72,45.76,True,0.0,training_fact_sla_export.csv,2026-06-23T00:00:00,3558
SLA003559,WO004005,C012,SV2,A003,P3,20240816,20240819,20240818,72,31.69,True,0.0,training_fact_sla_export.csv,2026-06-23T00:00:00,3559
SLA003560,WO002061,C015,SV8,A004,P3,20240213,20240216,20240217,72,82.58,False,10.58,training_fact_sla_export.csv,2026-06-23T00:00:00,3560
SLA003561,WO000662,C012,SV4,A005,P2,20240526,20240527,20240527,24,13.31,True,0.0,training_fact_sla_export.csv,2026-06-23T00:00:00,3561
SLA003562,WO002704,C005,SV5,A006,P3,20240313,20240316,20240314,72,16.76,True,0.0,training_fact_sla_export.csv,2026-06-23T00:00:00,3562
SLA003563,WO001394,C012,SV5,A005,P2,20240302,20240303,20240303,24,15.08,True,0.0,training_fact_sla_export.csv,2026-06-23T00:00:00,3563
SLA003564,WO001351,C020,SV2,A005,P2,20241214,20241215,20241215,24,23.4,True,0.0,training_fact_sla_export.csv,2026-06-23T00:00:00,3564
SLA003565,WO004316,C020,SV3,A004,P3,20240613,20240616,20240616,72,65.71,True,0.0,training_fact_sla_export.csv,2026-06-23T00:00:00,3565
SLA003566,WO004192,C017,SV2,A004,P3,20240917,20240920,20240919,72,36.37,True,0.0,training_fact_sla_export.csv,2026-06-23T00:00:00,3566
SLA003567,WO000669,C011,SV4,A003,P2,20240327,20240328,20240328,24,20.49,True,0.0,training_fact_sla_export.csv,2026-06-23T00:00:00,3567
SLA003568,WO003258,C002,SV5,A003,P2,20241218,20241219,20241219,24,10.6,True,0.0,training_fact_sla_export.csv,2026-06-23T00:00:00,3568
SLA003569,WO002778,C009,SV2,A004,P2,20241005,20241006,20241006,24,9.94,True,0.0,training_fact_sla_export.csv,2026-06-23T00:00:00,3569
SLA003570,WO004684,C017,SV6,A005,P2,20240629,20240630,20240630,24,16.25,True,0.0,training_fact_sla_export.csv,2026-06-23T00:00:00,3570
SLA003571,WO003736,C019,SV2,A003,P4,20240628,20240703,20240702,120,89.24,True,0.0,training_fact_sla_export.csv,2026-06-23T00:00:00,3571
SLA003572,WO002349,C012,SV8,A003,P2,20240624,20240625,20240625,24,17.45,True,0.0,training_fact_sla_export.csv,2026-06-23T00:00:00,3572
SLA003573,WO004295,C001,SV7,A001,P2,20240104,20240105,20240106,24,31.15,False,7.15,training_fact_sla_export.csv,2026-06-23T00:00:00,3573
SLA003574,WO003373,C018,SV7,A006,P4,20240919,20240924,20240924,120,97.47,True,0.0,training_fact_sla_export.csv,2026-06-23T00:00:00,3574
SLA003575,WO004788,C017,SV7,A006,P3,20241119,20241122,20241121,72,26.67,True,0.0,training_fact_sla_export.csv,2026-06-23T00:00:00,3575
SLA003576,WO001390,C012,SV2,A006,P4,20240808,20240813,20240811,120,59.86,True,0.0,training_fact_sla_export.csv,2026-06-23T00:00:00,3576
SLA003577,WO000262,C009,SV6,A005,P4,20240409,20240414,20240417,120,180.3,False,60.3,training_fact_sla_export.csv,2026-06-23T00:00:00,3577
SLA003578,WO001261,C016,SV7,A001,P4,20240830,20240904,20240903,120,90.4,True,0.0,training_fact_sla_export.csv,2026-06-23T00:00:00,3578
SLA003579,WO000700,C007,SV4,A005,P3,20241125,20241128,20241128,72,61.02,True,0.0,training_fact_sla_export.csv,2026-06-23T00:00:00,3579
SLA003580,WO000420,C017,SV7,A003,P2,20240513,20240514,20240514,24,9.41,True,0.0,training_fact_sla_export.csv,2026-06-23T00:00:00,3580
SLA003581,WO002486,C007,SV4,A002,P1,20240122,20240122,20240123,8,7.15,True,0.0,training_fact_sla_export.csv,2026-06-23T00:00:00,3581
SLA003582,WO004900,C016,SV8,A005,P2,20240208,20240209,20240210,24,24.63,False,0.63,training_fact_sla_export.csv,2026-06-23T00:00:00,3582
SLA003583,WO004126,C014,SV8,A004,P4,20240211,20240216,20240214,120,71.1,True,0.0,training_fact_sla_export.csv,2026-06-23T00:00:00,3583
SLA003584,WO000295,C002,SV4,A004,P2,20241011,20241012,20241013,24,38.85,False,14.85,training_fact_sla_export.csv,2026-06-23T00:00:00,3584
SLA003585,WO001872,C001,SV8,A005,P2,20240203,20240204,20240204,24,14.63,True,0.0,training_fact_sla_export.csv,2026-06-23T00:00:00,3585
SLA003586,WO002383,C014,SV8,A003,P3,20240414,20240417,20240415,72,20.07,True,0.0,training_fact_sla_export.csv,2026-06-23T00:00:00,3586
SLA003587,WO000842,C010,SV8,A003,P3,20241219,20241222,20241223,72,72.11,False,0.11,training_fact_sla_export.csv,2026-06-23T00:00:00,3587
SLA003588,WO003148,C018,SV6,A003,P3,20240524,20240527,20240528,72,72.54,False,0.54,training_fact_sla_export.csv,2026-06-23T00:00:00,3588
SLA003589,WO003620,C016,SV6,A002,P3,20240605,20240608,20240606,72,19.92,True,0.0,training_fact_sla_export.csv,2026-06-23T00:00:00,3589
SLA003590,WO000387,C019,SV5,A003,P3,20240708,20240711,20240713,72,108.89,False,36.89,training_fact_sla_export.csv,2026-06-23T00:00:00,3590
SLA003591,WO001011,C004,SV7,A002,P3,20241202,20241205,20241203,72,21.65,True,0.0,training_fact_sla_export.csv,2026-06-23T00:00:00,3591
SLA003592,WO004634,C016,SV8,A006,P4,20240829,20240903,20240901,120,53.62,True,0.0,training_fact_sla_export.csv,2026-06-23T00:00:00,3592
SLA003593,WO003991,C009,SV2,A001,P4,20241101,20241106,20241107,120,133.8,False,13.8,training_fact_sla_export.csv,2026-06-23T00:00:00,3593
SLA003594,WO001315,C007,SV6,A004,P3,20240516,20240519,20240521,72,107.7,False,35.7,training_fact_sla_export.csv,2026-06-23T00:00:00,3594
SLA003595,WO001237,C008,SV8,A001,P2,20240825,20240826,20240826,24,20.66,True,0.0,training_fact_sla_export.csv,2026-06-23T00:00:00,3595
SLA003596,WO004376,C018,SV2,A001,P2,20240328,20240329,20240329,24,12.56,True,0.0,training_fact_sla_export.csv,2026-06-23T00:00:00,3596
SLA003597,WO000641,C011,SV8,A001,P3,20241010,20241013,20241011,72,20.69,True,0.0,training_fact_sla_export.csv,2026-06-23T00:00:00,3597
SLA003598,WO000017,C001,SV4,A005,P1,20240528,20240528,20240529,8,2.08,True,0.0,training_fact_sla_export.csv,2026-06-23T00:00:00,3598
SLA003599,WO004136,C010,SV5,A005,P4,20240610,20240615,20240616,120,121.17,False,1.17,training_fact_sla_export.csv,2026-06-23T00:00:00,3599
SLA003600,WO001339,C016,SV2,A004,P2,20241013,20241014,20241014,24,14.32,True,0.0,training_fact_sla_export.csv,2026-06-23T00:00:00,3600
SLA003601,WO003182,C016,SV3,A001,P3,20240606,20240609,20240609,72,67.9,True,0.0,training_fact_sla_export.csv,2026-06-23T00:00:00,3601
SLA003602,WO001870,C010,SV3,A006,P3,20240405,20240408,20240407,72,27.45,True,0.0,training_fact_sla_export.csv,2026-06-23T00:00:00,3602
SLA003603,WO003242,C016,SV6,A006,P2,20240901,20240902,20240902,24,21.89,True,0.0,training_fact_sla_export.csv,2026-06-23T00:00:00,3603
SLA003604,WO004355,C018,SV7,A002,P3,20240308,20240311,20240311,72,52.97,True,0.0,training_fact_sla_export.csv,2026-06-23T00:00:00,3604
SLA003605,WO001658,C002,SV5,A003,P2,20240214,20240215,20240215,24,21.43,True,0.0,training_fact_sla_export.csv,2026-06-23T00:00:00,3605
SLA003606,WO004700,C011,SV1,A002,P2,20240818,20240819,20240819,24,10.8,True,0.0,training_fact_sla_export.csv,2026-06-23T00:00:00,3606
SLA003607,WO001458,C018,SV4,A001,P3,20240505,20240508,20240508,72,58.59,True,0.0,training_fact_sla_export.csv,2026-06-23T00:00:00,3607
SLA003608,WO003245,C009,SV3,A003,P4,20240727,20240801,20240730,120,60.62,True,0.0,training_fact_sla_export.csv,2026-06-23T00:00:00,3608
SLA003609,WO002804,C020,SV6,A005,P4,20240531,20240605,20240604,120,82.37,True,0.0,training_fact_sla_export.csv,2026-06-23T00:00:00,3609
SLA003610,WO004904,C017,SV5,A005,P3,20240311,20240314,20240313,72,35.41,True,0.0,training_fact_sla_export.csv,2026-06-23T00:00:00,3610
SLA003611,WO004945,C004,SV6,A004,P2,20240405,20240406,20240406,24,23.24,True,0.0,training_fact_sla_export.csv,2026-06-23T00:00:00,3611
SLA003612,WO000711,C007,SV8,A002,P1,20240506,20240506,20240507,8,6.92,True,0.0,training_fact_sla_export.csv,2026-06-23T00:00:00,3612
SLA003613,WO003698,C008,SV7,A001,P3,20240519,20240522,20240521,72,47.96,True,0.0,training_fact_sla_export.csv,2026-06-23T00:00:00,3613
SLA003614,WO000223,C010,SV4,A004,P3,20240211,20240214,20240213,72,31.54,True,0.0,training_fact_sla_export.csv,2026-06-23T00:00:00,3614
SLA003615,WO000930,C014,SV3,A001,P2,20241014,20241015,20241015,24,12.73,True,0.0,training_fact_sla_export.csv,2026-06-23T00:00:00,3615
SLA003616,WO001437,C017,SV7,A001,P3,20240607,20240610,20240610,72,60.19,True,0.0,training_fact_sla_export.csv,2026-06-23T00:00:00,3616
SLA003617,WO004130,C012,SV8,A006,P2,20240619,20240620,20240620,24,17.26,True,0.0,training_fact_sla_export.csv,2026-06-23T00:00:00,3617
SLA003618,WO000004,C001,SV4,A003,P1,20240213,20240213,20240214,8,5.73,True,0.0,training_fact_sla_export.csv,2026-06-23T00:00:00,3618
SLA003619,WO003369,C018,SV2,A005,P2,20240426,20240427,20240427,24,19.9,True,0.0,training_fact_sla_export.csv,2026-06-23T00:00:00,3619
SLA003620,WO002229,C007,SV1,A003,P2,20240711,20240712,20240712,24,11.49,True,0.0,training_fact_sla_export.csv,2026-06-23T00:00:00,3620
SLA003621,WO003185,C008,SV5,A003,P4,20241020,20241025,20241023,120,59.36,True,0.0,training_fact_sla_export.csv,2026-06-23T00:00:00,3621
SLA003622,WO003817,C017,SV6,A006,P3,20240813,20240816,20240816,72,55.48,True,0.0,training_fact_sla_export.csv,2026-06-23T00:00:00,3622
SLA003623,WO000560,C017,SV6,A005,P3,20240115,20240118,20240117,72,35.01,True,0.0,training_fact_sla_export.csv,2026-06-23T00:00:00,3623
SLA003624,WO004579,C018,SV4,A006,P2,20240702,20240703,20240703,24,8.39,True,0.0,training_fact_sla_export.csv,2026-06-23T00:00:00,3624
SLA003625,WO002481,C019,SV8,A003,P3,20240713,20240716,20240723,72,227.29,False,155.29,training_fact_sla_export.csv,2026-06-23T00:00:00,3625
SLA003626,WO001281,C004,SV8,A003,P3,20241209,20241212,20241212,72,67.97,True,0.0,training_fact_sla_export.csv,2026-06-23T00:00:00,3626
SLA003627,WO001681,C004,SV5,A001,P2,20240515,20240516,20240517,24,31.02,False,7.02,training_fact_sla_export.csv,2026-06-23T00:00:00,3627
SLA003628,WO001252,C009,SV1,A005,P4,20240207,20240212,20240209,120,44.49,True,0.0,training_fact_sla_export.csv,2026-06-23T00:00:00,3628
SLA003629,WO004725,C020,SV5,A003,P1,20240427,20240427,20240428,8,6.73,True,0.0,training_fact_sla_export.csv,2026-06-23T00:00:00,3629
SLA003630,WO003712,C007,SV3,A005,P3,20240608,20240611,20240610,72,27.26,True,0.0,training_fact_sla_export.csv,2026-06-23T00:00:00,3630
SLA003631,WO003526,C007,SV2,A003,P2,20240330,20240331,20240331,24,16.61,True,0.0,training_fact_sla_export.csv,2026-06-23T00:00:00,3631
SLA003632,WO004185,C020,SV1,A003,P2,20240926,20240927,20240927,24,5.65,True,0.0,training_fact_sla_export.csv,2026-06-23T00:00:00,3632
SLA003633,WO000372,C020,SV2,A002,P3,20240413,20240416,20240415,72,32.43,True,0.0,training_fact_sla_export.csv,2026-06-23T00:00:00,3633
SLA003634,WO000204,C012,SV4,A003,P4,20240225,20240301,20240228,120,68.92,True,0.0,training_fact_sla_export.csv,2026-06-23T00:00:00,3634
SLA003635,WO003102,C012,SV1,A003,P1,20240406,20240406,20240407,8,14.59,False,6.59,training_fact_sla_export.csv,2026-06-23T00:00:00,3635
SLA003636,WO001772,C008,SV3,A003,P3,20241027,20241030,20241031,72,79.99,False,7.99,training_fact_sla_export.csv,2026-06-23T00:00:00,3636
SLA003637,WO001426,C017,SV6,A006,P2,20240627,20240628,20240628,24,17.49,True,0.0,training_fact_sla_export.csv,2026-06-23T00:00:00,3637
SLA003638,WO001178,C018,SV6,A003,P2,20240328,20240329,20240329,24,11.79,True,0.0,training_fact_sla_export.csv,2026-06-23T00:00:00,3638
SLA003639,WO004892,C006,SV3,A003,P3,20241015,20241018,20241019,72,88.15,False,16.15,training_fact_sla_export.csv,2026-06-23T00:00:00,3639
SLA003640,WO002137,C015,SV7,A003,P4,20241023,20241028,20241026,120,57.16,True,0.0,training_fact_sla_export.csv,2026-06-23T00:00:00,3640
SLA003641,WO001950,C011,SV7,A001,P4,20241030,20241104,20241101,120,36.29,True,0.0,training_fact_sla_export.csv,2026-06-23T00:00:00,3641
SLA003642,WO003930,C015,SV2,A001,P4,20240527,20240601,20240531,120,83.32,True,0.0,training_fact_sla_export.csv,2026-06-23T00:00:00,3642
SLA003643,WO003923,C009,SV5,A001,P3,20240517,20240520,20240521,72,78.88,False,6.88,training_fact_sla_export.csv,2026-06-23T00:00:00,3643
SLA003644,WO001868,C013,SV6,A001,P3,20240329,20240401,20240330,72,21.73,True,0.0,training_fact_sla_export.csv,2026-06-23T00:00:00,3644
SLA003645,WO004713,C013,SV6,A006,P2,20241103,20241104,20241104,24,18.02,True,0.0,training_fact_sla_export.csv,2026-06-23T00:00:00,3645
SLA003646,WO004737,C009,SV7,A006,P4,20241005,20241010,20241010,120,99.73,True,0.0,training_fact_sla_export.csv,2026-06-23T00:00:00,3646
SLA003647,WO001712,C005,SV2,A001,P3,20240214,20240217,20240218,72,85.86,False,13.86,training_fact_sla_export.csv,2026-06-23T00:00:00,3647
SLA003648,WO001652,C002,SV5,A002,P3,20240728,20240731,20240802,72,117.01,False,45.01,training_fact_sla_export.csv,2026-06-23T00:00:00,3648
SLA003649,WO004589,C020,SV4,A006,P2,20240717,20240718,20240718,24,14.86,True,0.0,training_fact_sla_export.csv,2026-06-23T00:00:00,3649
SLA003650,WO004391,C013,SV2,A006,P3,20240830,20240902,20240901,72,38.55,True,0.0,training_fact_sla_export.csv,2026-06-23T00:00:00,3650
SLA003651,WO001815,C009,SV3,A003,P3,20240828,20240831,20240831,72,67.77,True,0.0,training_fact_sla_export.csv,2026-06-23T00:00:00,3651
SLA003652,WO001220,C009,SV3,A002,P3,20241115,20241118,20241117,72,44.77,True,0.0,training_fact_sla_export.csv,2026-06-23T00:00:00,3652
SLA003653,WO002092,C009,SV6,A001,P2,20241026,20241027,20241028,24,30.24,False,6.24,training_fact_sla_export.csv,2026-06-23T00:00:00,3653
SLA003654,WO000908,C010,SV1,A005,P1,20240702,20240702,20240703,8,5.36,True,0.0,training_fact_sla_export.csv,2026-06-23T00:00:00,3654
SLA003655,WO004707,C009,SV6,A002,P4,20240528,20240602,20240605,120,168.94,False,48.94,training_fact_sla_export.csv,2026-06-23T00:00:00,3655
SLA003656,WO003846,C019,SV8,A004,P3,20240703,20240706,20240705,72,47.44,True,0.0,training_fact_sla_export.csv,2026-06-23T00:00:00,3656
SLA003657,WO002071,C010,SV5,A001,P3,20240205,20240208,20240210,72,101.63,False,29.63,training_fact_sla_export.csv,2026-06-23T00:00:00,3657
SLA003658,WO001689,C015,SV6,A001,P3,20240226,20240229,20240229,72,51.48,True,0.0,training_fact_sla_export.csv,2026-06-23T00:00:00,3658
SLA003659,WO001592,C010,SV4,A005,P1,20240420,20240420,20240421,8,13.34,False,5.34,training_fact_sla_export.csv,2026-06-23T00:00:00,3659
SLA003660,WO000059,C016,SV6,A004,P3,20240331,20240403,20240403,72,66.1,True,0.0,training_fact_sla_export.csv,2026-06-23T00:00:00,3660
SLA003661,WO000389,C001,SV1,A006,P4,20240525,20240530,20240529,120,78.46,True,0.0,training_fact_sla_export.csv,2026-06-23T00:00:00,3661
SLA003662,WO000329,C016,SV1,A002,P3,20241103,20241106,20241104,72,22.49,True,0.0,training_fact_sla_export.csv,2026-06-23T00:00:00,3662
SLA003663,WO001672,C005,SV2,A003,P2,20240717,20240718,20240718,24,15.15,True,0.0,training_fact_sla_export.csv,2026-06-23T00:00:00,3663
SLA003664,WO002302,C009,SV3,A003,P2,20240210,20240211,20240211,24,12.65,True,0.0,training_fact_sla_export.csv,2026-06-23T00:00:00,3664
SLA003665,WO001322,C013,SV5,A003,P4,20240820,20240825,20240822,120,41.71,True,0.0,training_fact_sla_export.csv,2026-06-23T00:00:00,3665
SLA003666,WO003441,C012,SV4,A004,P4,20241210,20241215,20241218,120,185.31,False,65.31,training_fact_sla_export.csv,2026-06-23T00:00:00,3666
SLA003667,WO001258,C002,SV7,A004,P3,20240914,20240917,20240916,72,39.02,True,0.0,training_fact_sla_export.csv,2026-06-23T00:00:00,3667
SLA003668,WO003445,C011,SV7,A001,P3,20240709,20240712,20240713,72,93.47,False,21.47,training_fact_sla_export.csv,2026-06-23T00:00:00,3668
SLA003669,WO000385,C003,SV5,A005,P3,20241111,20241114,20241114,72,66.79,True,0.0,training_fact_sla_export.csv,2026-06-23T00:00:00,3669
SLA003670,WO001628,C005,SV2,A005,P4,20240102,20240107,20240109,120,151.46,False,31.46,training_fact_sla_export.csv,2026-06-23T00:00:00,3670
SLA003671,WO000915,C010,SV6,A004,P2,20240613,20240614,20240614,24,20.82,True,0.0,training_fact_sla_export.csv,2026-06-23T00:00:00,3671
SLA003672,WO000207,C013,SV7,A004,P3,20240512,20240515,20240517,72,107.34,False,35.34,training_fact_sla_export.csv,2026-06-23T00:00:00,3672
SLA003673,WO004380,C011,SV5,A001,P3,20240129,20240201,20240203,72,108.4,False,36.4,training_fact_sla_export.csv,2026-06-23T00:00:00,3673
SLA003674,WO002135,C008,SV4,A005,P4,20240105,20240110,20240112,120,146.64,False,26.64,training_fact_sla_export.csv,2026-06-23T00:00:00,3674
SLA003675,WO002624,C002,SV2,A003,P3,20241126,20241129,20241128,72,36.25,True,0.0,training_fact_sla_export.csv,2026-06-23T00:00:00,3675
SLA003676,WO000471,C002,SV2,A004,P2,20240105,20240106,20240106,24,7.22,True,0.0,training_fact_sla_export.csv,2026-06-23T00:00:00,3676
SLA003677,WO003768,C009,SV5,A003,P2,20241218,20241219,20241219,24,14.16,True,0.0,training_fact_sla_export.csv,2026-06-23T00:00:00,3677
SLA003678,WO003209,C020,SV5,A005,P2,20240507,20240508,20240508,24,23.13,True,0.0,training_fact_sla_export.csv,2026-06-23T00:00:00,3678
SLA003679,WO001224,C017,SV6,A004,P2,20240530,20240531,20240602,24,48.77,False,24.77,training_fact_sla_export.csv,2026-06-23T00:00:00,3679
SLA003680,WO000846,C009,SV4,A003,P3,20240426,20240429,20240430,72,73.2,False,1.2,training_fact_sla_export.csv,2026-06-23T00:00:00,3680
SLA003681,WO001821,C005,SV4,A003,P2,20240530,20240531,20240531,24,18.89,True,0.0,training_fact_sla_export.csv,2026-06-23T00:00:00,3681
SLA003682,WO004401,C007,SV8,A003,P1,20240806,20240806,20240807,8,9.45,False,1.45,training_fact_sla_export.csv,2026-06-23T00:00:00,3682
SLA003683,WO001007,C010,SV2,A002,P1,20240525,20240525,20240526,8,6.17,True,0.0,training_fact_sla_export.csv,2026-06-23T00:00:00,3683
SLA003684,WO004944,C013,SV2,A004,P3,20240229,20240303,20240305,72,105.03,False,33.03,training_fact_sla_export.csv,2026-06-23T00:00:00,3684
SLA003685,WO003371,C012,SV3,A005,P3,20240608,20240611,20240613,72,111.37,False,39.37,training_fact_sla_export.csv,2026-06-23T00:00:00,3685
SLA003686,WO002570,C010,SV8,A003,P3,20240608,20240611,20240609,72,22.98,True,0.0,training_fact_sla_export.csv,2026-06-23T00:00:00,3686
SLA003687,WO002701,C013,SV6,A001,P3,20240822,20240825,20240824,72,39.02,True,0.0,training_fact_sla_export.csv,2026-06-23T00:00:00,3687
SLA003688,WO002275,C020,SV8,A003,P2,20240820,20240821,20240821,24,8.05,True,0.0,training_fact_sla_export.csv,2026-06-23T00:00:00,3688
SLA003689,WO002064,C009,SV1,A003,P4,20240530,20240604,20240603,120,85.03,True,0.0,training_fact_sla_export.csv,2026-06-23T00:00:00,3689
SLA003690,WO000214,C002,SV8,A003,P4,20241127,20241202,20241205,120,181.42,False,61.42,training_fact_sla_export.csv,2026-06-23T00:00:00,3690
SLA003691,WO004111,C018,SV3,A005,P3,20240812,20240815,20240816,72,92.6,False,20.6,training_fact_sla_export.csv,2026-06-23T00:00:00,3691
SLA003692,WO004567,C017,SV6,A003,P2,20240419,20240420,20240421,24,27.19,False,3.19,training_fact_sla_export.csv,2026-06-23T00:00:00,3692
SLA003693,WO004822,C012,SV6,A003,P4,20240707,20240712,20240710,120,57.61,True,0.0,training_fact_sla_export.csv,2026-06-23T00:00:00,3693
SLA003694,WO002790,C001,SV4,A001,P3,20240328,20240331,20240330,72,36.03,True,0.0,training_fact_sla_export.csv,2026-06-23T00:00:00,3694
SLA003695,WO001245,C018,SV8,A002,P3,20240808,20240811,20240811,72,59.15,True,0.0,training_fact_sla_export.csv,2026-06-23T00:00:00,3695
SLA003696,WO004923,C004,SV6,A003,P3,20240515,20240518,20240518,72,49.28,True,0.0,training_fact_sla_export.csv,2026-06-23T00:00:00,3696
SLA003697,WO001312,C020,SV8,A003,P4,20240609,20240614,20240611,120,33.58,True,0.0,training_fact_sla_export.csv,2026-06-23T00:00:00,3697
SLA003698,WO002493,C004,SV3,A003,P4,20240809,20240814,20240811,120,30.6,True,0.0,training_fact_sla_export.csv,2026-06-23T00:00:00,3698
SLA003699,WO001196,C001,SV1,A006,P4,20240228,20240304,20240303,120,94.84,True,0.0,training_fact_sla_export.csv,2026-06-23T00:00:00,3699
SLA003700,WO001444,C007,SV3,A001,P3,20240531,20240603,20240603,72,51.65,True,0.0,training_fact_sla_export.csv,2026-06-23T00:00:00,3700
SLA003701,WO003364,C010,SV1,A006,P1,20240522,20240522,20240523,8,9.65,False,1.65,training_fact_sla_export.csv,2026-06-23T00:00:00,3701
SLA003702,WO000351,C018,SV2,A005,P3,20240206,20240209,20240208,72,45.58,True,0.0,training_fact_sla_export.csv,2026-06-23T00:00:00,3702
SLA003703,WO001388,C001,SV8,A004,P2,20240720,20240721,20240721,24,20.73,True,0.0,training_fact_sla_export.csv,2026-06-23T00:00:00,3703
SLA003704,WO003419,C005,SV8,A003,P3,20240111,20240114,20240114,72,50.07,True,0.0,training_fact_sla_export.csv,2026-06-23T00:00:00,3704
SLA003705,WO000431,C014,SV7,A004,P3,20240804,20240807,20240806,72,29.63,True,0.0,training_fact_sla_export.csv,2026-06-23T00:00:00,3705
SLA003706,WO003500,C011,SV3,A003,P3,20241214,20241217,20241216,72,30.87,True,0.0,training_fact_sla_export.csv,2026-06-23T00:00:00,3706
SLA003707,WO001997,C018,SV6,A003,P2,20241106,20241107,20241107,24,15.06,True,0.0,training_fact_sla_export.csv,2026-06-23T00:00:00,3707
SLA003708,WO002956,C010,SV4,A005,P4,20240501,20240506,20240507,120,128.74,False,8.74,training_fact_sla_export.csv,2026-06-23T00:00:00,3708
SLA003709,WO000101,C013,SV8,A006,P1,20240817,20240817,20240818,8,3.56,True,0.0,training_fact_sla_export.csv,2026-06-23T00:00:00,3709
SLA003710,WO001208,C005,SV8,A005,P3,20240426,20240429,20240501,72,115.7,False,43.7,training_fact_sla_export.csv,2026-06-23T00:00:00,3710
SLA003711,WO002235,C008,SV4,A002,P3,20240202,20240205,20240205,72,60.61,True,0.0,training_fact_sla_export.csv,2026-06-23T00:00:00,3711
SLA003712,WO002072,C010,SV6,A006,P4,20240115,20240120,20240120,120,99.01,True,0.0,training_fact_sla_export.csv,2026-06-23T00:00:00,3712
SLA003713,WO004539,C013,SV6,A006,P2,20240825,20240826,20240827,24,25.71,False,1.71,training_fact_sla_export.csv,2026-06-23T00:00:00,3713
SLA003714,WO003123,C017,SV5,A001,P4,20240623,20240628,20240630,120,144.46,False,24.46,training_fact_sla_export.csv,2026-06-23T00:00:00,3714
SLA003715,WO004964,C007,SV7,A001,P2,20240130,20240131,20240201,24,25.22,False,1.22,training_fact_sla_export.csv,2026-06-23T00:00:00,3715
SLA003716,WO003974,C014,SV4,A006,P3,20241009,20241012,20241011,72,27.47,True,0.0,training_fact_sla_export.csv,2026-06-23T00:00:00,3716
SLA003717,WO004538,C005,SV1,A001,P3,20241118,20241121,20241123,72,107.24,False,35.24,training_fact_sla_export.csv,2026-06-23T00:00:00,3717
SLA003718,WO003181,C008,SV8,A005,P2,20240712,20240713,20240714,24,40.55,False,16.55,training_fact_sla_export.csv,2026-06-23T00:00:00,3718
SLA003719,WO001042,C002,SV2,A003,P2,20241110,20241111,20241111,24,6.88,True,0.0,training_fact_sla_export.csv,2026-06-23T00:00:00,3719
SLA003720,WO003384,C006,SV6,A005,P2,20240114,20240115,20240115,24,19.44,True,0.0,training_fact_sla_export.csv,2026-06-23T00:00:00,3720
SLA003721,WO000454,C016,SV6,A001,P4,20240327,20240401,20240328,120,21.71,True,0.0,training_fact_sla_export.csv,2026-06-23T00:00:00,3721
SLA003722,WO002443,C011,SV5,A004,P4,20240613,20240618,20240622,120,197.14,False,77.14,training_fact_sla_export.csv,2026-06-23T00:00:00,3722
SLA003723,WO001715,C019,SV5,A003,P3,20240506,20240509,20240509,72,50.19,True,0.0,training_fact_sla_export.csv,2026-06-23T00:00:00,3723
SLA003724,WO002055,C005,SV5,A003,P4,20240609,20240614,20240611,120,44.04,True,0.0,training_fact_sla_export.csv,2026-06-23T00:00:00,3724
SLA003725,WO001943,C009,SV6,A001,P1,20240412,20240412,20240413,8,7.76,True,0.0,training_fact_sla_export.csv,2026-06-23T00:00:00,3725
SLA003726,WO001908,C004,SV5,A005,P4,20241201,20241206,20241205,120,79.05,True,0.0,training_fact_sla_export.csv,2026-06-23T00:00:00,3726
SLA003727,WO000541,C006,SV8,A003,P3,20240914,20240917,20240916,72,24.44,True,0.0,training_fact_sla_export.csv,2026-06-23T00:00:00,3727
SLA003728,WO000555,C001,SV2,A005,P3,20240215,20240218,20240216,72,22.87,True,0.0,training_fact_sla_export.csv,2026-06-23T00:00:00,3728
SLA003729,WO001059,C005,SV2,A001,P3,20240710,20240713,20240713,72,55.97,True,0.0,training_fact_sla_export.csv,2026-06-23T00:00:00,3729
SLA003730,WO003221,C001,SV5,A004,P3,20240306,20240309,20240309,72,70.8,True,0.0,training_fact_sla_export.csv,2026-06-23T00:00:00,3730
SLA003731,WO000264,C014,SV7,A005,P3,20240510,20240513,20240516,72,125.01,False,53.01,training_fact_sla_export.csv,2026-06-23T00:00:00,3731
SLA003732,WO004826,C020,SV3,A006,P3,20240524,20240527,20240525,72,13.68,True,0.0,training_fact_sla_export.csv,2026-06-23T00:00:00,3732
SLA003733,WO002890,C001,SV1,A005,P1,20240123,20240123,20240124,8,19.43,False,11.43,training_fact_sla_export.csv,2026-06-23T00:00:00,3733
SLA003734,WO004594,C008,SV4,A002,P1,20240501,20240501,20240502,8,6.25,True,0.0,training_fact_sla_export.csv,2026-06-23T00:00:00,3734
SLA003735,WO004677,C018,SV7,A002,P4,20240624,20240629,20240628,120,82.14,True,0.0,training_fact_sla_export.csv,2026-06-23T00:00:00,3735
SLA003736,WO002248,C001,SV8,A004,P2,20240222,20240223,20240223,24,13.71,True,0.0,training_fact_sla_export.csv,2026-06-23T00:00:00,3736
SLA003737,WO004479,C015,SV6,A006,P2,20240518,20240519,20240519,24,16.61,True,0.0,training_fact_sla_export.csv,2026-06-23T00:00:00,3737
SLA003738,WO000762,C012,SV6,A004,P1,20240127,20240127,20240128,8,5.68,True,0.0,training_fact_sla_export.csv,2026-06-23T00:00:00,3738
SLA003739,WO004123,C017,SV3,A003,P1,20241130,20241130,20241201,8,4.81,True,0.0,training_fact_sla_export.csv,2026-06-23T00:00:00,3739
SLA003740,WO002651,C010,SV7,A005,P2,20240208,20240209,20240209,24,8.42,True,0.0,training_fact_sla_export.csv,2026-06-23T00:00:00,3740
SLA003741,WO000592,C002,SV1,A003,P3,20240226,20240229,20240301,72,85.55,False,13.55,training_fact_sla_export.csv,2026-06-23T00:00:00,3741
SLA003742,WO004305,C012,SV4,A003,P3,20240821,20240824,20240824,72,48.63,True,0.0,training_fact_sla_export.csv,2026-06-23T00:00:00,3742
SLA003743,WO002620,C020,SV7,A001,P3,20240719,20240722,20240724,72,98.16,False,26.16,training_fact_sla_export.csv,2026-06-23T00:00:00,3743
SLA003744,WO002022,C011,SV7,A002,P2,20240825,20240826,20240826,24,21.04,True,0.0,training_fact_sla_export.csv,2026-06-23T00:00:00,3744
SLA003745,WO001238,C002,SV3,A002,P2,20240423,20240424,20240424,24,22.71,True,0.0,training_fact_sla_export.csv,2026-06-23T00:00:00,3745
SLA003746,WO002173,C003,SV7,A001,P4,20240124,20240129,20240127,120,69.53,True,0.0,training_fact_sla_export.csv,2026-06-23T00:00:00,3746
SLA003747,WO001100,C010,SV2,A004,P3,20241210,20241213,20241215,72,106.64,False,34.64,training_fact_sla_export.csv,2026-06-23T00:00:00,3747
SLA003748,WO001352,C015,SV1,A002,P1,20241006,20241006,20241007,8,9.8,False,1.8,training_fact_sla_export.csv,2026-06-23T00:00:00,3748
SLA003749,WO001333,C005,SV8,A004,P3,20240210,20240213,20240212,72,41.28,True,0.0,training_fact_sla_export.csv,2026-06-23T00:00:00,3749
SLA003750,WO002057,C008,SV1,A001,P2,20241029,20241030,20241030,24,10.58,True,0.0,training_fact_sla_export.csv,2026-06-23T00:00:00,3750
SLA003751,WO002082,C020,SV6,A004,P3,20240721,20240724,20240724,72,69.19,True,0.0,training_fact_sla_export.csv,2026-06-23T00:00:00,3751
SLA003752,WO000877,C020,SV5,A003,P3,20240607,20240610,20240609,72,44.14,True,0.0,training_fact_sla_export.csv,2026-06-23T00:00:00,3752
SLA003753,WO001902,C018,SV5,A003,P3,20240506,20240509,20240510,72,76.76,False,4.76,training_fact_sla_export.csv,2026-06-23T00:00:00,3753
SLA003754,WO000954,C012,SV2,A005,P3,20241117,20241120,20241119,72,39.36,True,0.0,training_fact_sla_export.csv,2026-06-23T00:00:00,3754
SLA003755,WO003603,C018,SV4,A004,P2,20241106,20241107,20241107,24,22.38,True,0.0,training_fact_sla_export.csv,2026-06-23T00:00:00,3755
SLA003756,WO002950,C010,SV6,A003,P1,20240622,20240622,20240623,8,5.79,True,0.0,training_fact_sla_export.csv,2026-06-23T00:00:00,3756
SLA003757,WO003518,C020,SV2,A006,P3,20240908,20240911,20240911,72,71.33,True,0.0,training_fact_sla_export.csv,2026-06-23T00:00:00,3757
SLA003758,WO000703,C008,SV2,A003,P1,20240124,20240124,20240125,8,2.8,True,0.0,training_fact_sla_export.csv,2026-06-23T00:00:00,3758
SLA003759,WO003717,C019,SV1,A006,P3,20240410,20240413,20240413,72,70.77,True,0.0,training_fact_sla_export.csv,2026-06-23T00:00:00,3759
SLA003760,WO001155,C011,SV5,A005,P2,20240519,20240520,20240521,24,34.35,False,10.35,training_fact_sla_export.csv,2026-06-23T00:00:00,3760
SLA003761,WO001532,C019,SV5,A005,P3,20241223,20241226,20241225,72,42.37,True,0.0,training_fact_sla_export.csv,2026-06-23T00:00:00,3761
SLA003762,WO004909,C010,SV2,A006,P2,20240215,20240216,20240216,24,10.23,True,0.0,training_fact_sla_export.csv,2026-06-23T00:00:00,3762
SLA003763,WO004532,C018,SV3,A003,P3,20240913,20240916,20240918,72,102.81,False,30.81,training_fact_sla_export.csv,2026-06-23T00:00:00,3763
SLA003764,WO001475,C011,SV1,A002,P2,20241026,20241027,20241028,24,26.21,False,2.21,training_fact_sla_export.csv,2026-06-23T00:00:00,3764
SLA003765,WO000071,C017,SV3,A006,P3,20241106,20241109,20241109,72,67.21,True,0.0,training_fact_sla_export.csv,2026-06-23T00:00:00,3765
SLA003766,WO001671,C020,SV7,A001,P3,20240317,20240320,20240320,72,60.83,True,0.0,training_fact_sla_export.csv,2026-06-23T00:00:00,3766
SLA003767,WO002835,C002,SV3,A006,P2,20241111,20241112,20241112,24,5.5,True,0.0,training_fact_sla_export.csv,2026-06-23T00:00:00,3767
SLA003768,WO004560,C009,SV8,A004,P2,20240504,20240505,20240507,24,54.3,False,30.3,training_fact_sla_export.csv,2026-06-23T00:00:00,3768
SLA003769,WO001387,C001,SV8,A005,P2,20240914,20240915,20240915,24,9.76,True,0.0,training_fact_sla_export.csv,2026-06-23T00:00:00,3769
SLA003770,WO001962,C006,SV7,A003,P4,20240419,20240424,20240422,120,51.6,True,0.0,training_fact_sla_export.csv,2026-06-23T00:00:00,3770
SLA003771,WO000079,C001,SV1,A002,P3,20240806,20240809,20240808,72,43.5,True,0.0,training_fact_sla_export.csv,2026-06-23T00:00:00,3771
SLA003772,WO004010,C009,SV1,A005,P2,20240721,20240722,20240722,24,20.12,True,0.0,training_fact_sla_export.csv,2026-06-23T00:00:00,3772
SLA003773,WO003822,C007,SV1,A005,P3,20240113,20240116,20240114,72,22.53,True,0.0,training_fact_sla_export.csv,2026-06-23T00:00:00,3773
SLA003774,WO001786,C002,SV4,A003,P3,20240808,20240811,20240811,72,48.28,True,0.0,training_fact_sla_export.csv,2026-06-23T00:00:00,3774
SLA003775,WO002212,C008,SV1,A004,P2,20240205,20240206,20240206,24,12.35,True,0.0,training_fact_sla_export.csv,2026-06-23T00:00:00,3775
SLA003776,WO003945,C010,SV8,A003,P2,20240407,20240408,20240408,24,9.25,True,0.0,training_fact_sla_export.csv,2026-06-23T00:00:00,3776
SLA003777,WO003486,C001,SV6,A006,P4,20241224,20241229,20241227,120,48.3,True,0.0,training_fact_sla_export.csv,2026-06-23T00:00:00,3777
SLA003778,WO002417,C019,SV7,A004,P4,20240907,20240912,20240911,120,83.46,True,0.0,training_fact_sla_export.csv,2026-06-23T00:00:00,3778
SLA003779,WO000653,C007,SV1,A001,P4,20240102,20240107,20240108,120,135.01,False,15.01,training_fact_sla_export.csv,2026-06-23T00:00:00,3779
SLA003780,WO004089,C005,SV8,A004,P2,20240615,20240616,20240616,24,18.33,True,0.0,training_fact_sla_export.csv,2026-06-23T00:00:00,3780
SLA003781,WO003835,C002,SV7,A005,P4,20240911,20240916,20240917,120,140.46,False,20.46,training_fact_sla_export.csv,2026-06-23T00:00:00,3781
SLA003782,WO001746,C002,SV3,A004,P2,20240308,20240309,20240309,24,15.4,True,0.0,training_fact_sla_export.csv,2026-06-23T00:00:00,3782
SLA003783,WO002619,C014,SV5,A001,P4,20240818,20240823,20240824,120,126.77,False,6.77,training_fact_sla_export.csv,2026-06-23T00:00:00,3783
SLA003784,WO001606,C001,SV7,A003,P2,20240514,20240515,20240515,24,15.9,True,0.0,training_fact_sla_export.csv,2026-06-23T00:00:00,3784
SLA003785,WO001292,C002,SV4,A003,P4,20240527,20240601,20240529,120,44.03,True,0.0,training_fact_sla_export.csv,2026-06-23T00:00:00,3785
SLA003786,WO000917,C013,SV5,A003,P3,20240622,20240625,20240623,72,20.21,True,0.0,training_fact_sla_export.csv,2026-06-23T00:00:00,3786
SLA003787,WO000523,C007,SV1,A006,P3,20240820,20240823,20240822,72,33.97,True,0.0,training_fact_sla_export.csv,2026-06-23T00:00:00,3787
SLA003788,WO003758,C016,SV4,A003,P3,20240114,20240117,20240118,72,90.83,False,18.83,training_fact_sla_export.csv,2026-06-23T00:00:00,3788
SLA003789,WO003715,C014,SV8,A001,P2,20241130,20241201,20241201,24,10.42,True,0.0,training_fact_sla_export.csv,2026-06-23T00:00:00,3789
SLA003790,WO000632,C014,SV4,A004,P3,20241116,20241119,20241117,72,23.23,True,0.0,training_fact_sla_export.csv,2026-06-23T00:00:00,3790
SLA003791,WO000289,C002,SV6,A004,P4,20240520,20240525,20240523,120,70.6,True,0.0,training_fact_sla_export.csv,2026-06-23T00:00:00,3791
SLA003792,WO004768,C013,SV4,A006,P3,20240711,20240714,20240713,72,45.32,True,0.0,training_fact_sla_export.csv,2026-06-23T00:00:00,3792
SLA003793,WO003392,C019,SV2,A002,P2,20241120,20241121,20241121,24,10.13,True,0.0,training_fact_sla_export.csv,2026-06-23T00:00:00,3793
SLA003794,WO004288,C017,SV7,A005,P2,20240118,20240119,20240120,24,30.0,False,6.0,training_fact_sla_export.csv,2026-06-23T00:00:00,3794
SLA003795,WO002095,C019,SV8,A003,P1,20240210,20240210,20240211,8,7.01,True,0.0,training_fact_sla_export.csv,2026-06-23T00:00:00,3795
SLA003796,WO000630,C018,SV4,A004,P1,20240129,20240129,20240130,8,5.69,True,0.0,training_fact_sla_export.csv,2026-06-23T00:00:00,3796
SLA003797,WO001263,C019,SV8,A003,P2,20240426,20240427,20240427,24,16.88,True,0.0,training_fact_sla_export.csv,2026-06-23T00:00:00,3797
SLA003798,WO004728,C007,SV8,A004,P2,20240410,20240411,20240411,24,12.51,True,0.0,training_fact_sla_export.csv,2026-06-23T00:00:00,3798
SLA003799,WO000252,C006,SV7,A005,P4,20240714,20240719,20240722,120,174.78,False,54.78,training_fact_sla_export.csv,2026-06-23T00:00:00,3799
SLA003800,WO003286,C012,SV6,A005,P3,20240827,20240830,20240831,72,74.88,False,2.88,training_fact_sla_export.csv,2026-06-23T00:00:00,3800
SLA003801,WO003067,C004,SV6,A006,P1,20240222,20240222,20240223,8,5.21,True,0.0,training_fact_sla_export.csv,2026-06-23T00:00:00,3801
SLA003802,WO004456,C014,SV8,A005,P2,20240910,20240911,20240911,24,17.78,True,0.0,training_fact_sla_export.csv,2026-06-23T00:00:00,3802
SLA003803,WO003241,C020,SV1,A004,P3,20240816,20240819,20240822,72,138.88,False,66.88,training_fact_sla_export.csv,2026-06-23T00:00:00,3803
SLA003804,WO000819,C007,SV3,A005,P3,20240107,20240110,20240110,72,65.19,True,0.0,training_fact_sla_export.csv,2026-06-23T00:00:00,3804
SLA003805,WO004468,C007,SV3,A005,P4,20240407,20240412,20240410,120,58.97,True,0.0,training_fact_sla_export.csv,2026-06-23T00:00:00,3805
SLA003806,WO002458,C013,SV4,A003,P2,20240801,20240802,20240802,24,10.45,True,0.0,training_fact_sla_export.csv,2026-06-23T00:00:00,3806
SLA003807,WO003651,C013,SV8,A001,P4,20241013,20241018,20241017,120,91.54,True,0.0,training_fact_sla_export.csv,2026-06-23T00:00:00,3807
SLA003808,WO002585,C014,SV7,A003,P2,20240915,20240916,20240917,24,43.74,False,19.74,training_fact_sla_export.csv,2026-06-23T00:00:00,3808
SLA003809,WO004478,C009,SV1,A001,P2,20240409,20240410,20240410,24,17.82,True,0.0,training_fact_sla_export.csv,2026-06-23T00:00:00,3809
SLA003810,WO002361,C001,SV8,A004,P1,20240116,20240116,20240117,8,8.91,False,0.91,training_fact_sla_export.csv,2026-06-23T00:00:00,3810
SLA003811,WO000284,C005,SV1,A003,P3,20240525,20240528,20240528,72,50.67,True,0.0,training_fact_sla_export.csv,2026-06-23T00:00:00,3811
SLA003812,WO002028,C002,SV7,A006,P3,20240921,20240924,20240924,72,55.93,True,0.0,training_fact_sla_export.csv,2026-06-23T00:00:00,3812
SLA003813,WO000856,C004,SV8,A003,P3,20240107,20240110,20240109,72,26.43,True,0.0,training_fact_sla_export.csv,2026-06-23T00:00:00,3813
SLA003814,WO004284,C015,SV8,A004,P1,20240115,20240115,20240116,8,4.49,True,0.0,training_fact_sla_export.csv,2026-06-23T00:00:00,3814
SLA003815,WO002546,C003,SV6,A002,P3,20240406,20240409,20240408,72,42.8,True,0.0,training_fact_sla_export.csv,2026-06-23T00:00:00,3815
SLA003816,WO001673,C002,SV6,A003,P1,20241229,20241229,20241230,8,14.37,False,6.37,training_fact_sla_export.csv,2026-06-23T00:00:00,3816
SLA003817,WO002821,C005,SV2,A001,P2,20240427,20240428,20240428,24,10.64,True,0.0,training_fact_sla_export.csv,2026-06-23T00:00:00,3817
SLA003818,WO002474,C011,SV2,A004,P3,20240713,20240716,20240719,72,136.27,False,64.27,training_fact_sla_export.csv,2026-06-23T00:00:00,3818
SLA003819,WO002789,C001,SV5,A004,P2,20240606,20240607,20240608,24,42.0,False,18.0,training_fact_sla_export.csv,2026-06-23T00:00:00,3819
SLA003820,WO003322,C001,SV5,A002,P1,20241102,20241102,20241103,8,7.15,True,0.0,training_fact_sla_export.csv,2026-06-23T00:00:00,3820
SLA003821,WO003830,C018,SV4,A005,P2,20241001,20241002,20241003,24,29.44,False,5.44,training_fact_sla_export.csv,2026-06-23T00:00:00,3821
SLA003822,WO002466,C017,SV1,A003,P3,20241130,20241203,20241203,72,70.43,True,0.0,training_fact_sla_export.csv,2026-06-23T00:00:00,3822
SLA003823,WO002909,C005,SV4,A003,P3,20240502,20240505,20240505,72,51.23,True,0.0,training_fact_sla_export.csv,2026-06-23T00:00:00,3823
SLA003824,WO004178,C012,SV3,A001,P2,20240628,20240629,20240629,24,18.24,True,0.0,training_fact_sla_export.csv,2026-06-23T00:00:00,3824
SLA003825,WO004105,C016,SV8,A006,P3,20240205,20240208,20240207,72,41.65,True,0.0,training_fact_sla_export.csv,2026-06-23T00:00:00,3825
SLA003826,WO001254,C005,SV3,A004,P2,20240103,20240104,20240104,24,4.42,True,0.0,training_fact_sla_export.csv,2026-06-23T00:00:00,3826
SLA003827,WO001354,C011,SV1,A002,P3,20240329,20240401,20240330,72,16.26,True,0.0,training_fact_sla_export.csv,2026-06-23T00:00:00,3827
SLA003828,WO002905,C018,SV2,A004,P3,20240401,20240404,20240404,72,62.75,True,0.0,training_fact_sla_export.csv,2026-06-23T00:00:00,3828
SLA003829,WO001073,C002,SV1,A005,P2,20240917,20240918,20240918,24,12.87,True,0.0,training_fact_sla_export.csv,2026-06-23T00:00:00,3829
SLA003830,WO003578,C003,SV1,A003,P2,20240511,20240512,20240512,24,17.48,True,0.0,training_fact_sla_export.csv,2026-06-23T00:00:00,3830
SLA003831,WO002513,C017,SV7,A001,P4,20240819,20240824,20240825,120,133.65,False,13.65,training_fact_sla_export.csv,2026-06-23T00:00:00,3831
SLA003832,WO004855,C019,SV7,A004,P3,20241015,20241018,20241019,72,87.35,False,15.35,training_fact_sla_export.csv,2026-06-23T00:00:00,3832
SLA003833,WO003372,C014,SV8,A003,P2,20240702,20240703,20240703,24,14.6,True,0.0,training_fact_sla_export.csv,2026-06-23T00:00:00,3833
SLA003834,WO004915,C020,SV6,A003,P2,20241225,20241226,20241227,24,35.23,False,11.23,training_fact_sla_export.csv,2026-06-23T00:00:00,3834
SLA003835,WO000155,C015,SV4,A005,P1,20240410,20240410,20240411,8,7.28,True,0.0,training_fact_sla_export.csv,2026-06-23T00:00:00,3835
SLA003836,WO001204,C014,SV5,A006,P2,20240104,20240105,20240105,24,10.68,True,0.0,training_fact_sla_export.csv,2026-06-23T00:00:00,3836
SLA003837,WO004764,C001,SV2,A004,P4,20240206,20240211,20240210,120,82.87,True,0.0,training_fact_sla_export.csv,2026-06-23T00:00:00,3837
SLA003838,WO004921,C017,SV5,A005,P3,20241008,20241011,20241010,72,45.76,True,0.0,training_fact_sla_export.csv,2026-06-23T00:00:00,3838
SLA003839,WO001692,C007,SV2,A003,P2,20240127,20240128,20240129,24,26.52,False,2.52,training_fact_sla_export.csv,2026-06-23T00:00:00,3839
SLA003840,WO002246,C017,SV8,A004,P2,20241118,20241119,20241119,24,7.13,True,0.0,training_fact_sla_export.csv,2026-06-23T00:00:00,3840
SLA003841,WO000149,C001,SV8,A006,P1,20240423,20240423,20240424,8,7.37,True,0.0,training_fact_sla_export.csv,2026-06-23T00:00:00,3841
SLA003842,WO004039,C010,SV5,A003,P2,20240607,20240608,20240608,24,18.9,True,0.0,training_fact_sla_export.csv,2026-06-23T00:00:00,3842
SLA003843,WO002827,C013,SV8,A006,P3,20240901,20240904,20240904,72,60.15,True,0.0,training_fact_sla_export.csv,2026-06-23T00:00:00,3843
SLA003844,WO000145,C003,SV2,A003,P1,20241021,20241021,20241022,8,12.9,False,4.9,training_fact_sla_export.csv,2026-06-23T00:00:00,3844
SLA003845,WO001624,C008,SV2,A002,P1,20240118,20240118,20240119,8,8.72,False,0.72,training_fact_sla_export.csv,2026-06-23T00:00:00,3845
SLA003846,WO001027,C002,SV4,A003,P3,20240729,20240801,20240731,72,46.94,True,0.0,training_fact_sla_export.csv,2026-06-23T00:00:00,3846
SLA003847,WO000690,C010,SV4,A005,P2,20240302,20240303,20240303,24,19.62,True,0.0,training_fact_sla_export.csv,2026-06-23T00:00:00,3847
SLA003848,WO004984,C003,SV3,A006,P3,20240503,20240506,20240505,72,47.79,True,0.0,training_fact_sla_export.csv,2026-06-23T00:00:00,3848
SLA003849,WO000203,C005,SV7,A003,P3,20241112,20241115,20241114,72,40.21,True,0.0,training_fact_sla_export.csv,2026-06-23T00:00:00,3849
SLA003850,WO001529,C011,SV3,A004,P3,20241012,20241015,20241015,72,61.55,True,0.0,training_fact_sla_export.csv,2026-06-23T00:00:00,3850
SLA003851,WO002707,C010,SV5,A005,P2,20240323,20240324,20240325,24,40.51,False,16.51,training_fact_sla_export.csv,2026-06-23T00:00:00,3851
SLA003852,WO001350,C001,SV6,A006,P3,20241119,20241122,20241122,72,59.97,True,0.0,training_fact_sla_export.csv,2026-06-23T00:00:00,3852
SLA003853,WO000048,C017,SV4,A004,P3,20240226,20240229,20240229,72,55.82,True,0.0,training_fact_sla_export.csv,2026-06-23T00:00:00,3853
SLA003854,WO000243,C010,SV2,A005,P3,20240813,20240816,20240817,72,77.62,False,5.62,training_fact_sla_export.csv,2026-06-23T00:00:00,3854
SLA003855,WO001348,C006,SV1,A004,P4,20240310,20240315,20240317,120,152.82,False,32.82,training_fact_sla_export.csv,2026-06-23T00:00:00,3855
SLA003856,WO000390,C006,SV1,A006,P3,20240109,20240112,20240111,72,30.55,True,0.0,training_fact_sla_export.csv,2026-06-23T00:00:00,3856
SLA003857,WO000733,C003,SV8,A002,P2,20240228,20240229,20240229,24,9.16,True,0.0,training_fact_sla_export.csv,2026-06-23T00:00:00,3857
SLA003858,WO003613,C018,SV7,A003,P3,20240830,20240902,20240902,72,54.75,True,0.0,training_fact_sla_export.csv,2026-06-23T00:00:00,3858
SLA003859,WO003213,C016,SV8,A005,P3,20240418,20240421,20240421,72,53.73,True,0.0,training_fact_sla_export.csv,2026-06-23T00:00:00,3859
SLA003860,WO001506,C002,SV5,A004,P1,20240808,20240808,20240809,8,5.97,True,0.0,training_fact_sla_export.csv,2026-06-23T00:00:00,3860
SLA003861,WO003145,C018,SV6,A001,P2,20240108,20240109,20240111,24,64.29,False,40.29,training_fact_sla_export.csv,2026-06-23T00:00:00,3861
SLA003862,WO001744,C014,SV4,A006,P3,20240817,20240820,20240821,72,92.24,False,20.24,training_fact_sla_export.csv,2026-06-23T00:00:00,3862
SLA003863,WO004906,C014,SV8,A001,P2,20240820,20240821,20240822,24,25.42,False,1.42,training_fact_sla_export.csv,2026-06-23T00:00:00,3863
SLA003864,WO001959,C002,SV1,A005,P3,20240916,20240919,20240918,72,39.01,True,0.0,training_fact_sla_export.csv,2026-06-23T00:00:00,3864
SLA003865,WO000078,C006,SV1,A002,P3,20240108,20240111,20240111,72,61.98,True,0.0,training_fact_sla_export.csv,2026-06-23T00:00:00,3865
SLA003866,WO004292,C011,SV1,A005,P1,20240729,20240729,20240730,8,5.71,True,0.0,training_fact_sla_export.csv,2026-06-23T00:00:00,3866
SLA003867,WO004190,C014,SV7,A002,P2,20240705,20240706,20240707,24,41.61,False,17.61,training_fact_sla_export.csv,2026-06-23T00:00:00,3867
SLA003868,WO002782,C007,SV8,A003,P3,20240201,20240204,20240204,72,51.86,True,0.0,training_fact_sla_export.csv,2026-06-23T00:00:00,3868
SLA003869,WO000209,C017,SV8,A002,P2,20241231,20250101,20241231,24,15.2,True,0.0,training_fact_sla_export.csv,2026-06-23T00:00:00,3869
SLA003870,WO000821,C011,SV8,A002,P1,20241213,20241213,20241214,8,4.71,True,0.0,training_fact_sla_export.csv,2026-06-23T00:00:00,3870
SLA003871,WO004585,C017,SV4,A006,P3,20240218,20240221,20240220,72,43.99,True,0.0,training_fact_sla_export.csv,2026-06-23T00:00:00,3871
SLA003872,WO001651,C002,SV3,A005,P2,20240424,20240425,20240425,24,8.55,True,0.0,training_fact_sla_export.csv,2026-06-23T00:00:00,3872
SLA003873,WO001173,C006,SV1,A002,P3,20240731,20240803,20240804,72,85.55,False,13.55,training_fact_sla_export.csv,2026-06-23T00:00:00,3873
SLA003874,WO001554,C011,SV1,A003,P4,20240815,20240820,20240827,120,264.59,False,144.59,training_fact_sla_export.csv,2026-06-23T00:00:00,3874
SLA003875,WO000162,C016,SV8,A005,P3,20240210,20240213,20240212,72,34.55,True,0.0,training_fact_sla_export.csv,2026-06-23T00:00:00,3875
SLA003876,WO004486,C011,SV5,A003,P4,20241112,20241117,20241115,120,53.21,True,0.0,training_fact_sla_export.csv,2026-06-23T00:00:00,3876
SLA003877,WO001251,C006,SV4,A003,P2,20240401,20240402,20240402,24,17.13,True,0.0,training_fact_sla_export.csv,2026-06-23T00:00:00,3877
SLA003878,WO000255,C017,SV4,A001,P2,20241113,20241114,20241115,24,32.04,False,8.04,training_fact_sla_export.csv,2026-06-23T00:00:00,3878
SLA003879,WO004430,C001,SV1,A005,P3,20241220,20241223,20241222,72,43.57,True,0.0,training_fact_sla_export.csv,2026-06-23T00:00:00,3879
SLA003880,WO001669,C002,SV5,A001,P2,20240930,20241001,20241001,24,10.42,True,0.0,training_fact_sla_export.csv,2026-06-23T00:00:00,3880
SLA003881,WO004058,C008,SV7,A002,P3,20240426,20240429,20240428,72,27.47,True,0.0,training_fact_sla_export.csv,2026-06-23T00:00:00,3881
SLA003882,WO000744,C003,SV8,A003,P1,20240930,20240930,20241001,8,3.78,True,0.0,training_fact_sla_export.csv,2026-06-23T00:00:00,3882
SLA003883,WO000880,C007,SV7,A005,P4,20240618,20240623,20240622,120,89.65,True,0.0,training_fact_sla_export.csv,2026-06-23T00:00:00,3883
SLA003884,WO004232,C020,SV2,A001,P3,20240507,20240510,20240509,72,39.02,True,0.0,training_fact_sla_export.csv,2026-06-23T00:00:00,3884
SLA003885,WO003856,C009,SV1,A003,P3,20241205,20241208,20241206,72,23.29,True,0.0,training_fact_sla_export.csv,2026-06-23T00:00:00,3885
SLA003886,WO004902,C010,SV8,A006,P1,20240702,20240702,20240703,8,5.42,True,0.0,training_fact_sla_export.csv,2026-06-23T00:00:00,3886
SLA003887,WO000053,C008,SV8,A004,P2,20240715,20240716,20240716,24,8.55,True,0.0,training_fact_sla_export.csv,2026-06-23T00:00:00,3887
SLA003888,WO003452,C015,SV5,A003,P4,20240923,20240928,20240926,120,60.78,True,0.0,training_fact_sla_export.csv,2026-06-23T00:00:00,3888
SLA003889,WO002115,C008,SV3,A001,P3,20241231,20250103,20241231,72,75.33,False,3.33,training_fact_sla_export.csv,2026-06-23T00:00:00,3889
SLA003890,WO003719,C006,SV5,A006,P3,20240118,20240121,20240120,72,29.17,True,0.0,training_fact_sla_export.csv,2026-06-23T00:00:00,3890
SLA003891,WO004781,C001,SV4,A006,P3,20240624,20240627,20240626,72,31.28,True,0.0,training_fact_sla_export.csv,2026-06-23T00:00:00,3891
SLA003892,WO001084,C013,SV2,A005,P2,20240728,20240729,20240729,24,18.31,True,0.0,training_fact_sla_export.csv,2026-06-23T00:00:00,3892
SLA003893,WO001133,C016,SV8,A004,P2,20240712,20240713,20240713,24,20.95,True,0.0,training_fact_sla_export.csv,2026-06-23T00:00:00,3893
SLA003894,WO000215,C009,SV6,A001,P1,20241203,20241203,20241204,8,4.74,True,0.0,training_fact_sla_export.csv,2026-06-23T00:00:00,3894
SLA003895,WO004099,C007,SV1,A003,P4,20240627,20240702,20240701,120,91.23,True,0.0,training_fact_sla_export.csv,2026-06-23T00:00:00,3895
SLA003896,WO000111,C017,SV6,A004,P3,20240904,20240907,20240908,72,80.29,False,8.29,training_fact_sla_export.csv,2026-06-23T00:00:00,3896
SLA003897,WO000015,C019,SV1,A001,P3,20241117,20241120,20241120,72,64.65,True,0.0,training_fact_sla_export.csv,2026-06-23T00:00:00,3897
SLA003898,WO000379,C009,SV5,A002,P3,20240622,20240625,20240624,72,24.79,True,0.0,training_fact_sla_export.csv,2026-06-23T00:00:00,3898
SLA003899,WO004065,C005,SV6,A006,P4,20240617,20240622,20240621,120,81.87,True,0.0,training_fact_sla_export.csv,2026-06-23T00:00:00,3899
SLA003900,WO002752,C014,SV5,A003,P3,20240519,20240522,20240520,72,20.14,True,0.0,training_fact_sla_export.csv,2026-06-23T00:00:00,3900
SLA003901,WO004280,C013,SV4,A005,P1,20241117,20241117,20241118,8,3.53,True,0.0,training_fact_sla_export.csv,2026-06-23T00:00:00,3901
SLA003902,WO001928,C007,SV1,A003,P4,20241203,20241208,20241207,120,89.16,True,0.0,training_fact_sla_export.csv,2026-06-23T00:00:00,3902
SLA003903,WO004569,C017,SV5,A005,P3,20241209,20241212,20241211,72,35.38,True,0.0,training_fact_sla_export.csv,2026-06-23T00:00:00,3903
SLA003904,WO000060,C005,SV7,A006,P3,20240827,20240830,20240829,72,43.07,True,0.0,training_fact_sla_export.csv,2026-06-23T00:00:00,3904
SLA003905,WO003993,C001,SV5,A006,P3,20240726,20240729,20240727,72,22.26,True,0.0,training_fact_sla_export.csv,2026-06-23T00:00:00,3905
SLA003906,WO001859,C005,SV5,A003,P3,20240524,20240527,20240528,72,83.66,False,11.66,training_fact_sla_export.csv,2026-06-23T00:00:00,3906
SLA003907,WO002655,C015,SV4,A005,P2,20240201,20240202,20240202,24,19.73,True,0.0,training_fact_sla_export.csv,2026-06-23T00:00:00,3907
SLA003908,WO001685,C012,SV8,A002,P3,20241225,20241228,20241229,72,75.21,False,3.21,training_fact_sla_export.csv,2026-06-23T00:00:00,3908
SLA003909,WO001812,C014,SV6,A001,P3,20240628,20240701,20240630,72,33.44,True,0.0,training_fact_sla_export.csv,2026-06-23T00:00:00,3909
SLA003910,WO002221,C010,SV6,A001,P1,20241130,20241130,20241201,8,7.88,True,0.0,training_fact_sla_export.csv,2026-06-23T00:00:00,3910
SLA003911,WO004697,C003,SV7,A004,P4,20241119,20241124,20241122,120,50.55,True,0.0,training_fact_sla_export.csv,2026-06-23T00:00:00,3911
SLA003912,WO001748,C015,SV1,A004,P3,20240209,20240212,20240216,72,150.34,False,78.34,training_fact_sla_export.csv,2026-06-23T00:00:00,3912
SLA003913,WO001137,C014,SV8,A003,P3,20240830,20240902,20240902,72,49.9,True,0.0,training_fact_sla_export.csv,2026-06-23T00:00:00,3913
SLA003914,WO000234,C017,SV7,A003,P2,20240617,20240618,20240619,24,24.61,False,0.61,training_fact_sla_export.csv,2026-06-23T00:00:00,3914
SLA003915,WO002152,C003,SV1,A006,P4,20240226,20240302,20240303,120,125.61,False,5.61,training_fact_sla_export.csv,2026-06-23T00:00:00,3915
SLA003916,WO003059,C001,SV4,A003,P3,20240715,20240718,20240718,72,58.78,True,0.0,training_fact_sla_export.csv,2026-06-23T00:00:00,3916
SLA003917,WO000279,C007,SV6,A004,P3,20241015,20241018,20241021,72,121.32,False,49.32,training_fact_sla_export.csv,2026-06-23T00:00:00,3917
SLA003918,WO004387,C016,SV6,A003,P3,20240913,20240916,20240914,72,17.29,True,0.0,training_fact_sla_export.csv,2026-06-23T00:00:00,3918
SLA003919,WO001410,C003,SV5,A001,P3,20240411,20240414,20240415,72,73.32,False,1.32,training_fact_sla_export.csv,2026-06-23T00:00:00,3919
SLA003920,WO004210,C018,SV4,A001,P2,20241215,20241216,20241216,24,17.58,True,0.0,training_fact_sla_export.csv,2026-06-23T00:00:00,3920
SLA003921,WO001253,C019,SV7,A003,P3,20240615,20240618,20240618,72,56.03,True,0.0,training_fact_sla_export.csv,2026-06-23T00:00:00,3921
SLA003922,WO000259,C015,SV5,A003,P4,20240929,20241004,20241002,120,51.32,True,0.0,training_fact_sla_export.csv,2026-06-23T00:00:00,3922
SLA003923,WO002031,C020,SV5,A004,P2,20240802,20240803,20240803,24,15.03,True,0.0,training_fact_sla_export.csv,2026-06-23T00:00:00,3923
SLA003924,WO004422,C014,SV1,A003,P2,20240607,20240608,20240608,24,17.31,True,0.0,training_fact_sla_export.csv,2026-06-23T00:00:00,3924
SLA003925,WO003542,C002,SV5,A005,P2,20240430,20240501,20240502,24,34.04,False,10.04,training_fact_sla_export.csv,2026-06-23T00:00:00,3925
SLA003926,WO001857,C019,SV2,A006,P3,20240717,20240720,20240721,72,76.91,False,4.91,training_fact_sla_export.csv,2026-06-23T00:00:00,3926
SLA003927,WO001643,C016,SV5,A005,P3,20240215,20240218,20240221,72,141.55,False,69.55,training_fact_sla_export.csv,2026-06-23T00:00:00,3927
SLA003928,WO002023,C018,SV4,A003,P1,20240709,20240709,20240710,8,6.34,True,0.0,training_fact_sla_export.csv,2026-06-23T00:00:00,3928
SLA003929,WO001507,C003,SV1,A004,P3,20241024,20241027,20241101,72,183.53,False,111.53,training_fact_sla_export.csv,2026-06-23T00:00:00,3929
SLA003930,WO001239,C008,SV3,A005,P3,20241019,20241022,20241021,72,35.92,True,0.0,training_fact_sla_export.csv,2026-06-23T00:00:00,3930
SLA003931,WO001259,C004,SV2,A004,P3,20240628,20240701,20240703,72,98.97,False,26.97,training_fact_sla_export.csv,2026-06-23T00:00:00,3931
SLA003932,WO003076,C013,SV6,A002,P3,20240110,20240113,20240113,72,56.06,True,0.0,training_fact_sla_export.csv,2026-06-23T00:00:00,3932
SLA003933,WO004104,C013,SV6,A003,P4,20240227,20240303,20240303,120,113.7,True,0.0,training_fact_sla_export.csv,2026-06-23T00:00:00,3933
SLA003934,WO001951,C011,SV6,A005,P4,20240327,20240401,20240331,120,84.97,True,0.0,training_fact_sla_export.csv,2026-06-23T00:00:00,3934
SLA003935,WO002715,C004,SV3,A004,P1,20240430,20240430,20240501,8,5.06,True,0.0,training_fact_sla_export.csv,2026-06-23T00:00:00,3935
SLA003936,WO004080,C003,SV7,A004,P3,20240711,20240714,20240716,72,97.37,False,25.37,training_fact_sla_export.csv,2026-06-23T00:00:00,3936
SLA003937,WO001448,C020,SV8,A005,P2,20240601,20240602,20240602,24,10.19,True,0.0,training_fact_sla_export.csv,2026-06-23T00:00:00,3937
SLA003938,WO002155,C005,SV7,A002,P3,20240517,20240520,20240520,72,62.74,True,0.0,training_fact_sla_export.csv,2026-06-23T00:00:00,3938
SLA003939,WO004045,C020,SV3,A005,P3,20240709,20240712,20240711,72,33.18,True,0.0,training_fact_sla_export.csv,2026-06-23T00:00:00,3939
SLA003940,WO003593,C011,SV6,A003,P3,20240225,20240228,20240301,72,106.75,False,34.75,training_fact_sla_export.csv,2026-06-23T00:00:00,3940
SLA003941,WO003610,C001,SV8,A004,P4,20240506,20240511,20240511,120,111.2,True,0.0,training_fact_sla_export.csv,2026-06-23T00:00:00,3941
SLA003942,WO004928,C010,SV7,A006,P3,20241111,20241114,20241117,72,122.09,False,50.09,training_fact_sla_export.csv,2026-06-23T00:00:00,3942
SLA003943,WO002196,C018,SV6,A004,P4,20240210,20240215,20240214,120,76.58,True,0.0,training_fact_sla_export.csv,2026-06-23T00:00:00,3943
SLA003944,WO000686,C012,SV2,A003,P1,20240201,20240201,20240202,8,4.74,True,0.0,training_fact_sla_export.csv,2026-06-23T00:00:00,3944
SLA003945,WO001140,C019,SV6,A003,P1,20240401,20240401,20240402,8,3.62,True,0.0,training_fact_sla_export.csv,2026-06-23T00:00:00,3945
SLA003946,WO003947,C016,SV7,A001,P2,20240724,20240725,20240726,24,24.53,False,0.53,training_fact_sla_export.csv,2026-06-23T00:00:00,3946
SLA003947,WO003799,C018,SV7,A003,P4,20240613,20240618,20240618,120,119.65,True,0.0,training_fact_sla_export.csv,2026-06-23T00:00:00,3947
SLA003948,WO003679,C017,SV7,A001,P2,20240629,20240630,20240630,24,15.96,True,0.0,training_fact_sla_export.csv,2026-06-23T00:00:00,3948
SLA003949,WO003837,C014,SV3,A003,P3,20241004,20241007,20241007,72,51.23,True,0.0,training_fact_sla_export.csv,2026-06-23T00:00:00,3949
SLA003950,WO003829,C006,SV2,A005,P1,20240311,20240311,20240312,8,3.36,True,0.0,training_fact_sla_export.csv,2026-06-23T00:00:00,3950
SLA003951,WO000732,C013,SV1,A001,P4,20240530,20240604,20240601,120,30.01,True,0.0,training_fact_sla_export.csv,2026-06-23T00:00:00,3951
SLA003952,WO002615,C006,SV7,A001,P2,20240801,20240802,20240803,24,31.42,False,7.42,training_fact_sla_export.csv,2026-06-23T00:00:00,3952
SLA003953,WO003278,C013,SV8,A006,P4,20240727,20240801,20240731,120,78.92,True,0.0,training_fact_sla_export.csv,2026-06-23T00:00:00,3953
SLA003954,WO004031,C013,SV3,A005,P3,20241027,20241030,20241030,72,59.95,True,0.0,training_fact_sla_export.csv,2026-06-23T00:00:00,3954
SLA003955,WO001711,C016,SV6,A006,P4,20240126,20240131,20240130,120,80.07,True,0.0,training_fact_sla_export.csv,2026-06-23T00:00:00,3955
SLA003956,WO003157,C008,SV2,A003,P2,20241019,20241020,20241021,24,24.4,False,0.4,training_fact_sla_export.csv,2026-06-23T00:00:00,3956
SLA003957,WO001044,C006,SV6,A005,P4,20241105,20241110,20241109,120,90.77,True,0.0,training_fact_sla_export.csv,2026-06-23T00:00:00,3957
SLA003958,WO001151,C020,SV8,A001,P1,20240712,20240712,20240713,8,5.8,True,0.0,training_fact_sla_export.csv,2026-06-23T00:00:00,3958
SLA003959,WO003072,C007,SV1,A003,P2,20240123,20240124,20240124,24,22.39,True,0.0,training_fact_sla_export.csv,2026-06-23T00:00:00,3959
SLA003960,WO000498,C013,SV2,A004,P3,20240904,20240907,20240906,72,39.19,True,0.0,training_fact_sla_export.csv,2026-06-23T00:00:00,3960
SLA003961,WO002241,C018,SV1,A004,P3,20240112,20240115,20240114,72,32.72,True,0.0,training_fact_sla_export.csv,2026-06-23T00:00:00,3961
SLA003962,WO000665,C006,SV3,A006,P2,20240602,20240603,20240603,24,12.36,True,0.0,training_fact_sla_export.csv,2026-06-23T00:00:00,3962
SLA003963,WO000081,C008,SV5,A002,P2,20241010,20241011,20241012,24,35.52,False,11.52,training_fact_sla_export.csv,2026-06-23T00:00:00,3963
SLA003964,WO002539,C003,SV6,A006,P3,20240225,20240228,20240228,72,56.04,True,0.0,training_fact_sla_export.csv,2026-06-23T00:00:00,3964
SLA003965,WO001230,C004,SV2,A001,P4,20241024,20241029,20241028,120,88.88,True,0.0,training_fact_sla_export.csv,2026-06-23T00:00:00,3965
SLA003966,WO002409,C015,SV2,A006,P4,20240926,20241001,20240930,120,76.71,True,0.0,training_fact_sla_export.csv,2026-06-23T00:00:00,3966
SLA003967,WO002659,C003,SV3,A005,P1,20240717,20240717,20240718,8,3.06,True,0.0,training_fact_sla_export.csv,2026-06-23T00:00:00,3967
SLA003968,WO002612,C007,SV2,A005,P4,20241031,20241105,20241107,120,166.48,False,46.48,training_fact_sla_export.csv,2026-06-23T00:00:00,3968
SLA003969,WO001565,C003,SV8,A002,P4,20240129,20240203,20240202,120,73.92,True,0.0,training_fact_sla_export.csv,2026-06-23T00:00:00,3969
SLA003970,WO004678,C004,SV2,A002,P1,20241224,20241224,20241225,8,3.6,True,0.0,training_fact_sla_export.csv,2026-06-23T00:00:00,3970
SLA003971,WO003492,C017,SV7,A005,P3,20240807,20240810,20240809,72,41.84,True,0.0,training_fact_sla_export.csv,2026-06-23T00:00:00,3971
SLA003972,WO004440,C006,SV7,A003,P4,20240306,20240311,20240311,120,107.25,True,0.0,training_fact_sla_export.csv,2026-06-23T00:00:00,3972
SLA003973,WO004813,C010,SV4,A002,P2,20240115,20240116,20240116,24,15.29,True,0.0,training_fact_sla_export.csv,2026-06-23T00:00:00,3973
SLA003974,WO001697,C014,SV6,A003,P2,20240221,20240222,20240222,24,20.69,True,0.0,training_fact_sla_export.csv,2026-06-23T00:00:00,3974
SLA003975,WO002970,C019,SV5,A005,P3,20240206,20240209,20240208,72,28.92,True,0.0,training_fact_sla_export.csv,2026-06-23T00:00:00,3975
SLA003976,WO003256,C014,SV7,A006,P2,20240908,20240909,20240909,24,16.33,True,0.0,training_fact_sla_export.csv,2026-06-23T00:00:00,3976
SLA003977,WO002763,C009,SV7,A003,P2,20240704,20240705,20240705,24,21.06,True,0.0,training_fact_sla_export.csv,2026-06-23T00:00:00,3977
SLA003978,WO003696,C003,SV1,A005,P4,20241001,20241006,20241006,120,110.28,True,0.0,training_fact_sla_export.csv,2026-06-23T00:00:00,3978
SLA003979,WO003893,C009,SV4,A001,P4,20241109,20241114,20241113,120,82.27,True,0.0,training_fact_sla_export.csv,2026-06-23T00:00:00,3979
SLA003980,WO004135,C014,SV3,A005,P3,20240804,20240807,20240808,72,94.58,False,22.58,training_fact_sla_export.csv,2026-06-23T00:00:00,3980
SLA003981,WO000274,C001,SV6,A002,P2,20240107,20240108,20240108,24,12.37,True,0.0,training_fact_sla_export.csv,2026-06-23T00:00:00,3981
SLA003982,WO001363,C013,SV6,A003,P3,20240225,20240228,20240226,72,17.36,True,0.0,training_fact_sla_export.csv,2026-06-23T00:00:00,3982
SLA003983,WO003724,C001,SV8,A005,P4,20240211,20240216,20240213,120,40.11,True,0.0,training_fact_sla_export.csv,2026-06-23T00:00:00,3983
SLA003984,WO002800,C017,SV7,A005,P4,20241207,20241212,20241212,120,96.17,True,0.0,training_fact_sla_export.csv,2026-06-23T00:00:00,3984
SLA003985,WO000820,C020,SV2,A002,P4,20240612,20240617,20240617,120,100.96,True,0.0,training_fact_sla_export.csv,2026-06-23T00:00:00,3985
SLA003986,WO001926,C002,SV3,A006,P3,20240808,20240811,20240814,72,141.65,False,69.65,training_fact_sla_export.csv,2026-06-23T00:00:00,3986
SLA003987,WO003275,C019,SV8,A004,P2,20240127,20240128,20240129,24,33.72,False,9.72,training_fact_sla_export.csv,2026-06-23T00:00:00,3987
SLA003988,WO002813,C006,SV5,A001,P3,20241025,20241028,20241030,72,102.74,False,30.74,training_fact_sla_export.csv,2026-06-23T00:00:00,3988
SLA003989,WO001555,C002,SV7,A002,P2,20240115,20240116,20240117,24,33.81,False,9.81,training_fact_sla_export.csv,2026-06-23T00:00:00,3989
SLA003990,WO001186,C017,SV6,A005,P3,20241110,20241113,20241113,72,62.47,True,0.0,training_fact_sla_export.csv,2026-06-23T00:00:00,3990
SLA003991,WO004107,C007,SV4,A003,P3,20240426,20240429,20240430,72,78.22,False,6.22,training_fact_sla_export.csv,2026-06-23T00:00:00,3991
SLA003992,WO003946,C009,SV1,A006,P4,20240605,20240610,20240607,120,44.82,True,0.0,training_fact_sla_export.csv,2026-06-23T00:00:00,3992
SLA003993,WO002957,C020,SV8,A001,P3,20240812,20240815,20240819,72,147.13,False,75.13,training_fact_sla_export.csv,2026-06-23T00:00:00,3993
SLA003994,WO004760,C019,SV8,A002,P3,20240104,20240107,20240106,72,41.78,True,0.0,training_fact_sla_export.csv,2026-06-23T00:00:00,3994
SLA003995,WO004961,C011,SV5,A004,P3,20240403,20240406,20240405,72,34.94,True,0.0,training_fact_sla_export.csv,2026-06-23T00:00:00,3995
SLA003996,WO004818,C014,SV3,A005,P3,20240619,20240622,20240623,72,83.21,False,11.21,training_fact_sla_export.csv,2026-06-23T00:00:00,3996
SLA003997,WO001217,C006,SV2,A003,P2,20240302,20240303,20240304,24,24.98,False,0.98,training_fact_sla_export.csv,2026-06-23T00:00:00,3997
SLA003998,WO002537,C002,SV2,A004,P3,20241222,20241225,20241225,72,60.49,True,0.0,training_fact_sla_export.csv,2026-06-23T00:00:00,3998
SLA003999,WO002452,C015,SV4,A003,P4,20240812,20240817,20240815,120,65.79,True,0.0,training_fact_sla_export.csv,2026-06-23T00:00:00,3999
SLA004000,WO000714,C010,SV4,A001,P1,20240612,20240612,20240613,8,4.59,True,0.0,training_fact_sla_export.csv,2026-06-23T00:00:00,4000
