DateKey,AreaID,LocationID,Día,Noche,Tarde
20240101,A004,L008,27331.63,23603.68,3977.2
20240101,A005,L008,9882.880000000001,1951.43,5180.84
20240101,A006,L015,0.0,0.0,1738.43
20240101,A008,L012,0.0,0.0,4173.09
20240101,A009,L004,0.0,4649.71,4400.48
20240101,A010,L002,8632.07,4231.44,7592.08
20240101,A012,L017,0.0,1597.2,0.0
20240101,A013,L013,2205.22,0.0,0.0
20240101,A017,L009,12729.3,8087.04,15154.25
20240102,A004,L008,18777.03,35857.12,21026.54
20240102,A005,L008,14730.69,5366.29,0.0
20240102,A006,L015,2994.05,0.0,0.0
20240102,A008,L012,0.0,8749.42,0.0
20240102,A010,L002,3693.53,4453.34,0.0
20240102,A012,L017,0.0,5037.23,1576.19
20240102,A017,L009,19596.57,3390.33,13690.32
20240103,A004,L008,5747.46,26804.98,26576.29
20240103,A005,L008,14387.029999999999,0.0,9666.619999999999
20240103,A009,L004,3060.14,0.0,5378.81
20240103,A010,L002,5658.17,0.0,2077.69
20240103,A012,L017,3951.6,0.0,0.0
20240103,A013,L013,12598.64,0.0,10951.65
20240103,A017,L009,3840.54,0.0,6948.99
20240104,A004,L008,6809.23,32287.7,23936.74
20240104,A005,L008,8205.17,13179.3,2001.85
20240104,A006,L015,0.0,0.0,5782.22
20240104,A008,L012,5015.53,4836.42,4872.34
20240104,A009,L004,0.0,6617.81,5295.82
20240104,A010,L002,7657.03,9779.82,0.0
20240104,A012,L017,0.0,0.0,7572.98
20240104,A013,L013,0.0,1484.15,0.0
20240104,A017,L009,2229.45,3687.04,15793.7
20240105,A004,L008,9394.51,18588.2,15208.25
20240105,A005,L008,2528.64,6317.13,9846.01
20240105,A006,L015,6784.74,0.0,0.0
20240105,A008,L012,4957.06,5301.28,11501.880000000001
20240105,A010,L002,0.0,1092.94,6887.3099999999995
20240105,A017,L009,5646.17,11841.9,0.0
20240106,A004,L008,29152.56,35915.27,20431.31
20240106,A005,L008,16443.47,0.0,0.0
20240106,A006,L015,947.19,6955.46,2376.61
20240106,A008,L012,1097.16,0.0,2952.66
20240106,A009,L004,0.0,0.0,10658.48
20240106,A010,L002,28758.25,0.0,11616.560000000001
20240106,A012,L017,9117.17,9387.19,4740.61
20240106,A013,L013,6532.03,0.0,0.0
20240106,A017,L009,13689.599999999999,5888.53,9065.97
20240107,A004,L008,7899.960000000001,1023.01,24338.63
20240107,A005,L008,5753.14,10229.42,0.0
20240107,A006,L015,0.0,0.0,3078.8199999999997
20240107,A008,L012,0.0,7986.77,8458.49
20240107,A009,L004,0.0,0.0,9024.61
20240107,A010,L002,0.0,0.0,3046.09
20240107,A013,L013,2798.14,0.0,0.0
20240107,A017,L009,2431.66,9038.43,5035.0
20240108,A004,L008,6234.34,18789.84,23972.96
20240108,A005,L008,14472.89,5208.68,13147.12
20240108,A006,L015,0.0,0.0,5716.19
20240108,A008,L012,5557.08,4308.41,0.0
20240108,A010,L002,0.0,6385.47,0.0
20240108,A012,L017,6385.14,0.0,0.0
20240108,A013,L013,6291.22,1614.06,0.0
20240108,A017,L009,5378.92,5650.1,19742.88
20240109,A004,L008,29488.440000000002,0.0,38352.29
20240109,A005,L008,4565.25,8167.72,3992.42
20240109,A006,L015,6582.69,3433.91,0.0
20240109,A009,L004,4498.47,0.0,0.0
20240109,A010,L002,0.0,0.0,7948.63
20240109,A012,L017,0.0,1269.63,0.0
20240109,A017,L009,5219.59,11120.76,8702.2
20240110,A004,L008,25599.1,6954.52,9838.71
20240110,A005,L008,20792.71,2906.46,5591.0
20240110,A006,L015,0.0,2357.9,0.0
20240110,A008,L012,0.0,13112.080000000002,0.0
20240110,A010,L002,7026.7,0.0,4569.23
20240110,A012,L017,7682.67,0.0,0.0
20240110,A013,L013,0.0,0.0,8062.41
20240110,A017,L009,13652.94,15996.439999999999,12085.05
20240111,A004,L008,31098.28,9172.05,13089.2
20240111,A005,L008,2763.08,507.25,7556.39
20240111,A006,L015,0.0,0.0,4404.4
20240111,A008,L012,0.0,0.0,350.13
20240111,A009,L004,1869.34,0.0,0.0
20240111,A010,L002,0.0,3153.0099999999998,4618.81
20240111,A012,L017,9636.73,0.0,0.0
20240111,A017,L009,24239.54,17088.63,2670.9
20240112,A004,L008,23189.690000000002,5934.73,6629.83
20240112,A005,L008,5840.95,6958.98,1209.35
20240112,A006,L015,0.0,2145.1,0.0
20240112,A009,L004,2831.87,2393.74,0.0
20240112,A013,L013,1636.09,2192.93,4935.76
20240112,A017,L009,22179.66,17156.420000000002,6241.6
20240113,A004,L008,14695.3,2284.28,17267.86
20240113,A005,L008,0.0,1003.22,7796.83
20240113,A006,L015,0.0,11537.42,0.0
20240113,A008,L012,2740.14,0.0,0.0
20240113,A009,L004,881.31,6584.360000000001,0.0
20240113,A010,L002,5979.41,0.0,3138.51
20240113,A013,L013,0.0,5523.09,6442.2
20240113,A017,L009,8788.76,13582.220000000001,8769.72
20240114,A004,L008,12162.11,16231.829999999998,12372.91
20240114,A005,L008,5218.59,0.0,9967.6
20240114,A006,L015,0.0,4094.4799999999996,0.0
20240114,A008,L012,10709.32,0.0,0.0
20240114,A009,L004,1557.42,0.0,1678.05
20240114,A010,L002,0.0,1671.07,0.0
20240114,A012,L017,4785.97,0.0,489.86
20240114,A013,L013,3150.68,0.0,0.0
20240114,A017,L009,25257.68,5618.47,3116.87
20240115,A004,L008,41226.26,10636.23,15655.880000000001
20240115,A005,L008,5221.04,5276.21,0.0
20240115,A006,L015,0.0,4828.45,0.0
20240115,A008,L012,2801.36,0.0,0.0
20240115,A010,L002,7906.150000000001,6923.16,1520.04
20240115,A017,L009,10451.630000000001,0.0,15646.880000000001
20240116,A004,L008,10015.369999999999,4425.38,10802.95
20240116,A005,L008,11334.630000000001,8757.18,7209.960000000001
20240116,A006,L015,0.0,616.69,0.0
20240116,A008,L012,720.86,2076.62,0.0
20240116,A009,L004,0.0,6074.84,0.0
20240116,A010,L002,3321.03,11334.82,4057.36
20240116,A013,L013,0.0,0.0,5671.28
20240116,A017,L009,3435.43,23829.35,21030.84
20240117,A004,L008,2620.68,4610.51,0.0
20240117,A005,L008,14666.43,862.27,0.0
20240117,A006,L015,0.0,3328.54,0.0
20240117,A009,L004,8402.33,0.0,0.0
20240117,A010,L002,3653.73,5694.570000000001,0.0
20240117,A013,L013,10950.37,0.0,4690.1
20240117,A017,L009,3321.18,3822.01,11623.38
20240118,A004,L008,7282.650000000001,5150.370000000001,3792.38
20240118,A005,L008,7699.05,0.0,0.0
20240118,A008,L012,1980.97,0.0,0.0
20240118,A009,L004,0.0,5462.64,0.0
20240118,A010,L002,3890.88,3780.85,7715.63
20240118,A012,L017,11302.77,0.0,0.0
20240118,A013,L013,0.0,0.0,10540.16
20240118,A017,L009,3524.96,2396.19,0.0
20240119,A004,L008,19865.94,9624.91,7741.2
20240119,A005,L008,5921.62,11851.89,10839.52
20240119,A008,L012,5747.12,0.0,3491.18
20240119,A010,L002,0.0,0.0,3742.92
20240119,A012,L017,0.0,0.0,4512.33
20240119,A017,L009,4661.26,5415.51,20282.92
20240120,A004,L008,47445.4,25960.809999999998,20492.41
20240120,A005,L008,14247.77,3874.45,7143.1900000000005
20240120,A006,L015,0.0,2498.5,2369.35
20240120,A008,L012,0.0,2125.49,11246.75
20240120,A009,L004,0.0,1038.98,4825.07
20240120,A010,L002,4297.38,0.0,0.0
20240120,A012,L017,0.0,6721.89,0.0
20240120,A013,L013,0.0,0.0,4171.58
20240120,A017,L009,1731.86,12354.390000000001,13624.6
20240121,A004,L008,14927.57,3927.1099999999997,7485.46
20240121,A006,L015,0.0,0.0,4807.31
20240121,A008,L012,0.0,11082.26,20327.059999999998
20240121,A009,L004,0.0,5420.91,0.0
20240121,A010,L002,0.0,0.0,12087.75
20240121,A012,L017,0.0,5592.28,0.0
20240121,A017,L009,0.0,1857.88,3828.5
20240122,A004,L008,15816.849999999999,10880.93,21738.22
20240122,A005,L008,9377.27,3248.33,0.0
20240122,A010,L002,14110.380000000001,5698.92,0.0
20240122,A012,L017,0.0,0.0,1633.56
20240122,A017,L009,6692.15,5320.639999999999,0.0
20240123,A004,L008,29626.41,4082.6,2341.66
20240123,A006,L015,0.0,6628.23,0.0
20240123,A009,L004,7025.64,0.0,0.0
20240123,A010,L002,2703.08,8131.91,0.0
20240123,A012,L017,0.0,0.0,2284.51
20240123,A013,L013,4530.33,0.0,0.0
20240123,A017,L009,4862.55,2758.5,990.28
20240124,A004,L008,14590.060000000001,19662.33,29150.25
20240124,A005,L008,0.0,0.0,16788.13
20240124,A006,L015,0.0,0.0,667.16
20240124,A008,L012,9226.58,0.0,2343.96
20240124,A009,L004,1883.74,11564.85,0.0
20240124,A010,L002,3026.71,14278.939999999999,7212.59
20240124,A012,L017,0.0,0.0,5265.78
20240124,A013,L013,0.0,5244.2,0.0
20240124,A017,L009,13405.68,5727.29,8106.99
20240125,A004,L008,6768.88,13324.24,20145.879999999997
20240125,A005,L008,8119.43,7682.88,10298.03
20240125,A006,L015,8493.91,0.0,0.0
20240125,A008,L012,0.0,5661.52,3093.02
20240125,A009,L004,7323.32,0.0,0.0
20240125,A010,L002,0.0,1356.93,9173.35
20240125,A012,L017,0.0,6372.59,0.0
20240125,A013,L013,0.0,18779.92,0.0
20240125,A017,L009,3649.1,22117.149999999998,0.0
20240126,A004,L008,13130.169999999998,14579.65,6611.9
20240126,A005,L008,3179.4,3905.97,3654.45
20240126,A006,L015,0.0,4573.280000000001,0.0
20240126,A008,L012,11089.19,0.0,0.0
20240126,A012,L017,0.0,0.0,6030.17
20240126,A013,L013,1259.08,0.0,0.0
20240126,A017,L009,15327.490000000002,11522.0,26900.9
20240127,A004,L008,37534.07,9057.2,17602.809999999998
20240127,A005,L008,0.0,0.0,4249.42
20240127,A006,L015,3200.8999999999996,8327.44,0.0
20240127,A009,L004,0.0,0.0,4564.37
20240127,A010,L002,12120.55,9130.99,0.0
20240127,A013,L013,0.0,4434.67,0.0
20240127,A017,L009,7427.74,18476.75,7455.4
20240128,A004,L008,1233.77,26402.260000000002,35194.2
20240128,A005,L008,13073.990000000002,2963.31,4042.07
20240128,A006,L015,9790.93,0.0,0.0
20240128,A008,L012,0.0,2193.8,0.0
20240128,A010,L002,2191.4300000000003,15907.460000000001,8950.46
20240128,A012,L017,0.0,0.0,1334.03
20240128,A013,L013,0.0,0.0,1579.15
20240128,A017,L009,19065.44,9109.189999999999,3921.9
20240129,A004,L008,13720.03,1830.02,1574.01
20240129,A005,L008,0.0,0.0,16788.67
20240129,A006,L015,0.0,1927.6,0.0
20240129,A008,L012,0.0,0.0,1873.69
20240129,A009,L004,1549.91,0.0,0.0
20240129,A010,L002,21157.86,0.0,3217.95
20240129,A012,L017,0.0,9716.01,0.0
20240129,A017,L009,25830.54,6896.55,14748.210000000001
20240130,A004,L008,33948.14,6547.49,14633.779999999999
20240130,A005,L008,2752.6,15332.869999999999,2157.46
20240130,A006,L015,0.0,1132.84,0.0
20240130,A008,L012,5387.97,0.0,2481.1
20240130,A009,L004,0.0,0.0,1300.44
20240130,A010,L002,4179.53,0.0,1789.84
20240130,A012,L017,10868.6,0.0,0.0
20240130,A017,L009,19819.55,14811.53,14607.88
20240131,A004,L008,8583.59,0.0,21605.260000000002
20240131,A005,L008,3340.32,7357.9,0.0
20240131,A008,L012,0.0,5248.83,7758.389999999999
20240131,A009,L004,0.0,2387.75,0.0
20240131,A010,L002,0.0,10219.35,1222.8
20240131,A013,L013,3436.64,0.0,0.0
20240131,A017,L009,2420.83,21608.16,29666.33
20240201,A004,L008,29790.31,20291.68,19083.43
20240201,A005,L008,11891.4,4519.73,2616.32
20240201,A006,L015,10168.02,1984.31,2734.32
20240201,A008,L012,0.0,9085.89,0.0
20240201,A009,L004,0.0,0.0,6160.09
20240201,A010,L002,2630.68,4050.32,5827.5
20240201,A013,L013,0.0,1774.37,5247.98
20240201,A017,L009,5865.24,6182.78,8174.07
20240202,A004,L008,20400.21,20984.09,17138.92
20240202,A005,L008,0.0,5335.13,11097.24
20240202,A008,L012,0.0,1270.43,929.92
20240202,A009,L004,5228.040000000001,0.0,0.0
20240202,A010,L002,5675.75,0.0,2149.5
20240202,A013,L013,0.0,5016.77,0.0
20240202,A017,L009,7598.72,0.0,8610.130000000001
20240203,A004,L008,22280.46,17118.82,34611.58
20240203,A006,L015,0.0,0.0,12922.43
20240203,A009,L004,0.0,1524.47,0.0
20240203,A010,L002,1107.11,0.0,4038.73
20240203,A013,L013,11782.86,3490.26,0.0
20240203,A017,L009,24601.55,10545.61,29206.780000000002
20240204,A004,L008,14587.46,21219.0,11831.62
20240204,A005,L008,2461.97,8758.76,14327.029999999999
20240204,A006,L015,12658.58,0.0,0.0
20240204,A008,L012,0.0,0.0,4816.89
20240204,A009,L004,8040.48,4046.91,0.0
20240204,A010,L002,0.0,5913.93,3351.19
20240204,A012,L017,0.0,5414.91,3753.75
20240204,A013,L013,1299.34,0.0,0.0
20240204,A017,L009,3944.02,0.0,10041.87
20240205,A004,L008,862.43,24194.4,14578.01
20240205,A005,L008,4332.13,0.0,11740.44
20240205,A006,L015,0.0,0.0,4566.93
20240205,A008,L012,4690.58,0.0,0.0
20240205,A009,L004,1391.46,7471.41,0.0
20240205,A010,L002,2986.09,0.0,0.0
20240205,A012,L017,0.0,0.0,7643.32
20240205,A013,L013,5403.93,0.0,0.0
20240205,A017,L009,15048.119999999999,29853.0,13495.63
20240206,A004,L008,13761.09,12926.720000000001,18572.38
20240206,A005,L008,16121.95,0.0,11203.69
20240206,A006,L015,2308.48,0.0,4076.15
20240206,A008,L012,0.0,0.0,1562.42
20240206,A009,L004,11278.539999999999,0.0,0.0
20240206,A010,L002,0.0,4195.15,2488.69
20240206,A012,L017,0.0,8181.0,0.0
20240206,A017,L009,18279.57,6471.94,7012.98
20240207,A004,L008,23113.989999999998,28331.49,22414.18
20240207,A005,L008,6160.53,10494.4,3180.39
20240207,A008,L012,0.0,1642.86,0.0
20240207,A010,L002,3439.19,0.0,0.0
20240207,A012,L017,3906.33,0.0,0.0
20240207,A017,L009,14800.2,0.0,13954.89
20240208,A004,L008,11184.57,8162.05,11974.9
20240208,A005,L008,1807.7,2841.71,9450.22
20240208,A006,L015,0.0,4444.37,0.0
20240208,A008,L012,5858.99,0.0,7023.35
20240208,A010,L002,6916.56,2946.14,15902.470000000001
20240208,A013,L013,0.0,12382.36,1327.84
20240208,A017,L009,12113.98,10264.67,23651.47
20240209,A004,L008,10670.02,7434.41,8897.21
20240209,A005,L008,3495.4300000000003,10215.17,4705.3099999999995
20240209,A006,L015,8792.779999999999,6046.01,0.0
20240209,A008,L012,0.0,2607.25,6294.7
20240209,A009,L004,0.0,7223.62,0.0
20240209,A010,L002,7635.96,0.0,4088.79
20240209,A013,L013,0.0,4342.64,0.0
20240209,A017,L009,934.71,7778.18,1776.72
20240210,A004,L008,12664.220000000001,17182.32,28856.03
20240210,A005,L008,11646.06,17880.239999999998,2801.97
20240210,A008,L012,5326.52,4496.96,9483.01
20240210,A009,L004,7337.31,0.0,2797.3599999999997
20240210,A010,L002,5507.45,0.0,13811.66
20240210,A012,L017,0.0,1048.34,0.0
20240210,A013,L013,0.0,0.0,11633.75
20240210,A017,L009,0.0,0.0,8731.300000000001
20240211,A004,L008,23997.71,10797.43,27342.33
20240211,A005,L008,7330.96,0.0,4436.29
20240211,A006,L015,7787.74,0.0,10389.25
20240211,A008,L012,6230.92,0.0,0.0
20240211,A009,L004,0.0,3511.78,0.0
20240211,A010,L002,0.0,0.0,3047.32
20240211,A013,L013,9026.54,4851.96,0.0
20240211,A017,L009,9057.880000000001,2057.14,22757.92
20240212,A004,L008,12357.380000000001,14044.16,10464.23
20240212,A005,L008,13124.89,13419.95,7772.34
20240212,A006,L015,0.0,0.0,9502.05
20240212,A008,L012,4485.71,0.0,4378.04
20240212,A009,L004,6003.74,0.0,0.0
20240212,A010,L002,0.0,5225.709999999999,17810.78
20240212,A012,L017,4810.64,2306.5,0.0
20240212,A013,L013,0.0,3665.97,0.0
20240212,A017,L009,11237.0,1509.42,8976.15
20240213,A004,L008,15540.16,21709.83,14109.75
20240213,A005,L008,0.0,0.0,10188.03
20240213,A008,L012,6266.36,0.0,0.0
20240213,A009,L004,0.0,11750.71,0.0
20240213,A010,L002,2195.97,0.0,1652.86
20240213,A017,L009,6775.45,9721.64,9614.76
20240214,A004,L008,0.0,0.0,19198.22
20240214,A005,L008,0.0,16555.31,2431.6
20240214,A006,L015,0.0,2570.11,0.0
20240214,A008,L012,0.0,3675.51,0.0
20240214,A009,L004,6706.76,0.0,10886.630000000001
20240214,A010,L002,0.0,7213.78,6603.08
20240214,A012,L017,0.0,0.0,2658.48
20240214,A013,L013,1968.3,0.0,0.0
20240214,A017,L009,6680.46,4620.21,5039.03
20240215,A004,L008,10006.7,25131.66,14740.38
20240215,A005,L008,0.0,15570.439999999999,0.0
20240215,A006,L015,0.0,910.74,1974.7
20240215,A009,L004,1299.61,1323.43,0.0
20240215,A010,L002,1039.4,5378.37,0.0
20240215,A012,L017,0.0,0.0,5552.06
20240215,A017,L009,19668.96,24293.89,9506.58
20240216,A004,L008,12895.18,17902.32,12929.939999999999
20240216,A005,L008,2899.33,1676.91,15484.869999999999
20240216,A008,L012,3593.25,3476.34,8717.26
20240216,A009,L004,1929.11,0.0,0.0
20240216,A010,L002,0.0,5779.77,0.0
20240216,A012,L017,4758.75,9500.310000000001,0.0
20240216,A013,L013,0.0,0.0,2337.8
20240216,A017,L009,5020.75,9673.01,8120.389999999999
20240217,A004,L008,38121.62,11583.68,9994.72
20240217,A005,L008,8507.6,15045.33,19211.35
20240217,A006,L015,13344.66,0.0,0.0
20240217,A008,L012,0.0,6335.24,3693.37
20240217,A009,L004,0.0,1418.18,10328.03
20240217,A010,L002,6037.17,2013.74,4594.2
20240217,A012,L017,0.0,0.0,9912.73
20240217,A017,L009,7941.72,7180.83,6103.77
20240218,A004,L008,17232.42,30806.83,8929.2
20240218,A005,L008,4155.37,16197.42,17279.68
20240218,A008,L012,0.0,2308.59,433.89
20240218,A010,L002,1273.81,2915.02,0.0
20240218,A013,L013,1052.73,0.0,0.0
20240218,A017,L009,11418.51,8163.13,23049.64
20240219,A004,L008,19087.260000000002,27006.230000000003,18438.63
20240219,A005,L008,1255.41,0.0,0.0
20240219,A008,L012,2128.09,9488.66,0.0
20240219,A010,L002,0.0,9345.66,0.0
20240219,A012,L017,0.0,0.0,4937.88
20240219,A013,L013,0.0,11679.99,7521.83
20240219,A017,L009,15023.23,2234.13,20058.88
20240220,A004,L008,11438.42,16625.760000000002,16537.52
20240220,A005,L008,0.0,0.0,5439.92
20240220,A008,L012,0.0,0.0,2437.58
20240220,A010,L002,0.0,1183.93,0.0
20240220,A013,L013,5987.43,3015.09,0.0
20240220,A017,L009,2595.6,12800.98,0.0
20240221,A004,L008,3008.54,9858.49,20292.95
20240221,A005,L008,7359.91,1972.28,18218.87
20240221,A006,L015,9975.73,1237.39,0.0
20240221,A008,L012,1886.29,0.0,0.0
20240221,A010,L002,2235.32,1399.45,0.0
20240221,A013,L013,16459.0,0.0,0.0
20240221,A017,L009,2038.05,6666.13,32401.95
20240222,A004,L008,2258.53,14965.560000000001,11789.64
20240222,A005,L008,0.0,21138.75,9358.19
20240222,A006,L015,0.0,565.21,0.0
20240222,A008,L012,3192.96,0.0,0.0
20240222,A010,L002,7028.929999999999,2060.91,8239.99
20240222,A013,L013,0.0,0.0,2334.34
20240222,A017,L009,13245.75,17848.08,11283.09
20240223,A004,L008,12290.0,32518.53,10694.58
20240223,A005,L008,9557.47,8645.11,0.0
20240223,A006,L015,6595.639999999999,0.0,0.0
20240223,A008,L012,0.0,0.0,2368.79
20240223,A009,L004,0.0,0.0,2372.68
20240223,A010,L002,7415.61,6001.46,4056.29
20240223,A013,L013,0.0,11106.52,0.0
20240223,A017,L009,4846.3,8130.860000000001,30725.17
20240224,A004,L008,927.53,18081.88,24375.04
20240224,A005,L008,2358.97,6664.19,2625.81
20240224,A006,L015,0.0,0.0,3748.79
20240224,A008,L012,6806.13,5389.95,911.74
20240224,A010,L002,10948.34,12884.22,3041.0
20240224,A012,L017,8315.02,0.0,0.0
20240224,A013,L013,3170.11,2833.49,0.0
20240224,A017,L009,2794.89,15310.96,14449.27
20240225,A004,L008,28529.31,10789.36,6105.16
20240225,A006,L015,0.0,5653.24,0.0
20240225,A008,L012,0.0,0.0,9080.94
20240225,A010,L002,0.0,11363.89,5594.6900000000005
20240225,A012,L017,0.0,2108.05,0.0
20240225,A017,L009,25499.14,13758.34,776.75
20240226,A004,L008,18694.17,15800.349999999999,20865.42
20240226,A005,L008,0.0,5250.89,8589.84
20240226,A006,L015,6626.65,2828.63,0.0
20240226,A008,L012,0.0,0.0,1773.48
20240226,A013,L013,2891.98,0.0,0.0
20240226,A017,L009,5183.45,3164.07,10910.85
20240227,A004,L008,9696.380000000001,29419.62,27839.309999999998
20240227,A005,L008,15865.53,6873.34,0.0
20240227,A006,L015,0.0,2873.55,0.0
20240227,A008,L012,0.0,2631.6,4187.13
20240227,A009,L004,8354.45,10069.88,0.0
20240227,A010,L002,12798.720000000001,8503.07,5163.1
20240227,A012,L017,7379.08,0.0,4705.03
20240227,A013,L013,0.0,0.0,4985.21
20240227,A017,L009,18587.57,26636.38,2738.26
20240228,A004,L008,28975.48,2595.69,10139.39
20240228,A005,L008,3490.9399999999996,1956.76,1927.22
20240228,A010,L002,13773.2,11648.85,0.0
20240228,A012,L017,0.0,2679.02,0.0
20240228,A013,L013,2588.52,10507.41,1183.77
20240228,A017,L009,18631.85,7397.31,9900.51
20240229,A004,L008,4747.37,11195.99,9261.58
20240229,A005,L008,5194.24,0.0,2029.78
20240229,A006,L015,0.0,2316.72,0.0
20240229,A008,L012,4472.139999999999,1099.31,0.0
20240229,A009,L004,3690.07,1834.04,0.0
20240229,A010,L002,7668.139999999999,0.0,2840.71
20240229,A012,L017,3700.42,0.0,0.0
20240229,A013,L013,0.0,0.0,3516.43
20240229,A017,L009,14532.35,12474.050000000001,6360.2300000000005
20240301,A004,L008,16966.5,12465.56,30128.89
20240301,A005,L008,5904.44,7316.82,7282.21
20240301,A008,L012,1970.69,0.0,6134.200000000001
20240301,A009,L004,5184.78,0.0,0.0
20240301,A010,L002,3441.66,0.0,11857.77
20240301,A012,L017,8492.02,0.0,7096.36
20240301,A013,L013,5664.48,0.0,0.0
20240301,A017,L009,5843.26,37973.270000000004,14121.98
20240302,A004,L008,30490.67,26787.73,5100.110000000001
20240302,A005,L008,2918.87,0.0,6180.98
20240302,A006,L015,3138.04,0.0,18286.36
20240302,A008,L012,12146.35,8675.34,10407.470000000001
20240302,A009,L004,2144.63,0.0,0.0
20240302,A010,L002,6094.5,2173.71,0.0
20240302,A012,L017,0.0,0.0,5355.33
20240302,A013,L013,2302.03,4025.06,0.0
20240302,A017,L009,21923.63,8731.69,11797.75
20240303,A004,L008,19243.98,14381.84,17249.95
20240303,A005,L008,7091.15,0.0,0.0
20240303,A006,L015,3401.2,0.0,4486.39
20240303,A008,L012,0.0,6741.92,0.0
20240303,A010,L002,3805.32,7377.75,6153.86
20240303,A013,L013,0.0,3006.07,0.0
20240303,A017,L009,15395.16,5703.51,14100.5
20240304,A004,L008,21952.07,17431.86,32047.01
20240304,A005,L008,14812.14,5574.6,5069.53
20240304,A006,L015,0.0,0.0,1389.14
20240304,A008,L012,12410.29,4109.23,0.0
20240304,A009,L004,0.0,3881.5,5437.62
20240304,A010,L002,21130.54,7800.17,0.0
20240304,A012,L017,0.0,9645.380000000001,0.0
20240304,A013,L013,0.0,5740.5,0.0
20240304,A017,L009,13668.65,6175.3099999999995,5588.93
20240305,A004,L008,6942.83,17774.2,8866.52
20240305,A005,L008,22976.29,9513.369999999999,0.0
20240305,A006,L015,18139.170000000002,0.0,4693.07
20240305,A008,L012,3380.25,924.99,5687.53
20240305,A010,L002,0.0,0.0,4181.84
20240305,A013,L013,2125.92,0.0,0.0
20240305,A017,L009,1755.27,4577.34,4526.68
20240306,A004,L008,16056.890000000001,9078.46,11819.09
20240306,A005,L008,4169.89,3423.79,6836.33
20240306,A006,L015,2899.4900000000002,0.0,804.45
20240306,A008,L012,0.0,5341.41,13544.48
20240306,A009,L004,0.0,0.0,5035.17
20240306,A010,L002,5544.07,0.0,5835.82
20240306,A012,L017,0.0,5643.85,0.0
20240306,A017,L009,2849.18,21743.760000000002,7553.3099999999995
20240307,A004,L008,12361.73,3765.71,4232.0599999999995
20240307,A005,L008,11172.19,0.0,0.0
20240307,A006,L015,0.0,0.0,7607.41
20240307,A008,L012,0.0,0.0,5133.18
20240307,A010,L002,8955.9,0.0,2170.5
20240307,A012,L017,0.0,2740.34,0.0
20240307,A017,L009,2413.48,14083.56,3625.29
20240308,A004,L008,10908.95,14332.93,1948.14
20240308,A005,L008,3139.71,2503.37,14459.599999999999
20240308,A008,L012,0.0,10549.54,0.0
20240308,A010,L002,4677.67,0.0,12801.05
20240308,A012,L017,2805.0,0.0,0.0
20240308,A017,L009,1835.85,11995.77,18611.02
20240309,A004,L008,12843.23,15322.79,16510.63
20240309,A005,L008,8408.439999999999,7794.36,9613.71
20240309,A006,L015,4517.35,0.0,0.0
20240309,A008,L012,8567.85,0.0,7557.950000000001
20240309,A009,L004,0.0,1352.59,0.0
20240309,A010,L002,4404.73,0.0,6110.93
20240309,A012,L017,0.0,668.36,0.0
20240309,A017,L009,14619.9,0.0,3581.5200000000004
20240310,A004,L008,25427.309999999998,14846.94,5950.139999999999
20240310,A005,L008,0.0,15547.87,11511.61
20240310,A009,L004,0.0,7117.76,0.0
20240310,A010,L002,6100.68,0.0,19754.010000000002
20240310,A017,L009,0.0,7180.26,3721.94
20240311,A004,L008,12080.91,6292.400000000001,30445.76
20240311,A005,L008,13302.66,0.0,8694.07
20240311,A008,L012,8090.24,0.0,4689.74
20240311,A009,L004,0.0,4297.37,0.0
20240311,A010,L002,0.0,0.0,8097.22
20240311,A012,L017,0.0,2665.68,0.0
20240311,A013,L013,4907.11,0.0,5828.25
20240311,A017,L009,1957.47,0.0,45673.71
20240312,A004,L008,11754.95,36481.020000000004,16842.17
20240312,A005,L008,9383.15,1081.07,0.0
20240312,A006,L015,0.0,2382.68,0.0
20240312,A008,L012,0.0,0.0,9013.61
20240312,A009,L004,0.0,0.0,2841.32
20240312,A010,L002,0.0,0.0,4871.78
20240312,A012,L017,0.0,6416.6,0.0
20240312,A013,L013,1683.03,4325.94,1151.56
20240312,A017,L009,0.0,5798.97,9227.05
20240313,A004,L008,13161.76,5511.82,17733.08
20240313,A005,L008,22648.809999999998,5334.55,10181.34
20240313,A006,L015,4995.5599999999995,6272.93,0.0
20240313,A008,L012,1710.35,4536.8,0.0
20240313,A009,L004,1361.86,4461.71,8808.59
20240313,A010,L002,3889.14,3669.55,8208.45
20240313,A012,L017,0.0,1993.22,3847.55
20240313,A013,L013,2391.62,0.0,0.0
20240313,A017,L009,20923.9,10751.23,0.0
20240314,A004,L008,15322.689999999999,34139.61,21171.53
20240314,A005,L008,9465.76,0.0,6309.02
20240314,A006,L015,5882.92,6717.66,0.0
20240314,A008,L012,0.0,4145.62,1844.52
20240314,A010,L002,5736.35,11348.11,0.0
20240314,A012,L017,9607.47,1541.73,0.0
20240314,A013,L013,0.0,885.4,0.0
20240314,A017,L009,2262.88,14030.05,28855.58
20240315,A004,L008,23473.96,26491.72,12034.619999999999
20240315,A005,L008,1879.59,0.0,4647.9
20240315,A006,L015,8997.93,0.0,0.0
20240315,A008,L012,0.0,3278.81,0.0
20240315,A009,L004,0.0,9926.48,0.0
20240315,A010,L002,2261.56,1997.99,0.0
20240315,A013,L013,5964.96,0.0,0.0
20240315,A017,L009,0.0,5776.86,0.0
20240316,A004,L008,0.0,15758.74,8069.360000000001
20240316,A005,L008,845.46,4266.01,5046.86
20240316,A006,L015,3426.4,0.0,0.0
20240316,A008,L012,6961.96,0.0,1462.12
20240316,A009,L004,0.0,1615.16,0.0
20240316,A010,L002,0.0,4923.28,8767.95
20240316,A012,L017,0.0,0.0,4506.74
20240316,A013,L013,2173.56,0.0,1983.56
20240316,A017,L009,21073.67,19343.11,2489.96
20240317,A004,L008,15970.86,9397.27,18325.45
20240317,A005,L008,2583.08,3880.76,23263.92
20240317,A008,L012,13931.58,0.0,0.0
20240317,A009,L004,5118.54,0.0,0.0
20240317,A010,L002,1662.32,1792.95,15443.52
20240317,A013,L013,2593.68,0.0,6649.48
20240317,A017,L009,7179.11,3806.85,7957.16
20240318,A004,L008,14026.970000000001,22794.78,20212.09
20240318,A005,L008,4434.0,4959.6,3812.17
20240318,A006,L015,7058.360000000001,3826.87,0.0
20240318,A008,L012,0.0,0.0,3284.66
20240318,A009,L004,21612.629999999997,7770.39,0.0
20240318,A010,L002,0.0,6710.58,9738.41
20240318,A012,L017,0.0,0.0,2492.09
20240318,A013,L013,0.0,1507.74,0.0
20240318,A017,L009,13497.99,22366.66,10508.61
20240319,A004,L008,4888.42,28116.56,19364.71
20240319,A005,L008,2125.2,7202.83,0.0
20240319,A008,L012,1742.85,0.0,1074.7
20240319,A009,L004,0.0,0.0,5813.96
20240319,A010,L002,4180.61,8751.77,15995.36
20240319,A012,L017,0.0,0.0,2941.99
20240319,A013,L013,0.0,0.0,11163.88
20240319,A017,L009,3464.57,3819.0299999999997,10253.01
20240320,A004,L008,6683.35,12263.119999999999,9551.76
20240320,A005,L008,8394.560000000001,1864.31,0.0
20240320,A006,L015,2874.06,0.0,0.0
20240320,A008,L012,8327.17,0.0,5446.75
20240320,A009,L004,0.0,0.0,9175.630000000001
20240320,A010,L002,3883.32,2938.41,0.0
20240320,A012,L017,0.0,0.0,7631.77
20240320,A013,L013,0.0,0.0,4058.77
20240320,A017,L009,9370.59,13726.710000000001,6652.94
20240321,A004,L008,14193.43,24578.440000000002,9586.79
20240321,A005,L008,0.0,7508.59,0.0
20240321,A010,L002,6958.62,5531.9,0.0
20240321,A012,L017,0.0,1932.57,3089.5
20240321,A013,L013,7648.42,9688.95,0.0
20240321,A017,L009,8215.68,11275.07,15061.329999999998
20240322,A004,L008,20420.75,35729.38,16384.85
20240322,A005,L008,0.0,8115.68,5981.76
20240322,A006,L015,4554.98,0.0,6504.51
20240322,A008,L012,1667.73,4299.08,0.0
20240322,A009,L004,4550.81,11454.279999999999,0.0
20240322,A010,L002,1955.54,9107.18,1692.61
20240322,A013,L013,0.0,0.0,5330.92
20240322,A017,L009,18302.71,22430.48,5760.79
20240323,A004,L008,2663.8,18331.91,25504.589999999997
20240323,A005,L008,18583.1,4338.72,11458.740000000002
20240323,A006,L015,0.0,2591.63,0.0
20240323,A008,L012,0.0,5614.54,9621.23
20240323,A009,L004,0.0,0.0,2457.89
20240323,A010,L002,2777.39,1688.58,13961.39
20240323,A012,L017,0.0,5071.86,0.0
20240323,A013,L013,1811.9,0.0,5433.63
20240323,A017,L009,7418.87,3027.04,10324.199999999999
20240324,A004,L008,21668.12,5328.12,25028.809999999998
20240324,A005,L008,2829.19,2713.22,13512.84
20240324,A006,L015,3819.96,0.0,1181.59
20240324,A008,L012,9000.03,0.0,3480.33
20240324,A009,L004,0.0,3416.54,0.0
20240324,A010,L002,5510.31,0.0,0.0
20240324,A013,L013,0.0,11020.98,0.0
20240324,A017,L009,1896.58,6496.41,11426.1
20240325,A004,L008,0.0,23760.14,16946.0
20240325,A005,L008,0.0,10055.21,0.0
20240325,A006,L015,0.0,6871.16,0.0
20240325,A008,L012,0.0,7246.65,8047.28
20240325,A009,L004,0.0,3801.64,9405.24
20240325,A010,L002,6783.28,6151.360000000001,2612.24
20240325,A012,L017,4420.54,0.0,0.0
20240325,A013,L013,0.0,10088.1,2597.58
20240325,A017,L009,1657.55,15598.01,20244.1
20240326,A004,L008,20652.21,23232.43,5697.17
20240326,A005,L008,12348.759999999998,7728.4400000000005,4053.1
20240326,A006,L015,3533.34,0.0,0.0
20240326,A008,L012,4891.74,0.0,1426.91
20240326,A009,L004,9560.689999999999,1570.16,0.0
20240326,A010,L002,8299.86,0.0,0.0
20240326,A012,L017,0.0,2524.8500000000004,0.0
20240326,A013,L013,0.0,0.0,9161.13
20240326,A017,L009,10458.34,0.0,0.0
20240327,A004,L008,15241.580000000002,20502.73,12193.74
20240327,A005,L008,3936.17,5128.12,17106.84
20240327,A006,L015,0.0,5225.13,0.0
20240327,A010,L002,1589.64,10531.24,15926.57
20240327,A013,L013,0.0,5321.07,0.0
20240327,A017,L009,0.0,3234.8,2564.42
20240328,A004,L008,15355.140000000001,10256.529999999999,3890.47
20240328,A005,L008,5038.76,0.0,2876.18
20240328,A008,L012,9806.32,5798.23,4098.51
20240328,A010,L002,21719.84,5741.87,13376.420000000002
20240328,A012,L017,3598.74,0.0,0.0
20240328,A017,L009,8679.09,41420.64,8624.99
20240329,A004,L008,13606.740000000002,22905.579999999998,25198.33
20240329,A005,L008,0.0,8705.24,0.0
20240329,A006,L015,6723.44,5984.73,8498.82
20240329,A008,L012,8087.79,4213.27,6489.41
20240329,A009,L004,0.0,9046.77,9007.76
20240329,A010,L002,0.0,2886.26,0.0
20240329,A013,L013,6191.35,0.0,4506.06
20240329,A017,L009,10307.69,10833.119999999999,13111.9
20240330,A004,L008,28910.92,27265.34,20176.87
20240330,A005,L008,14237.36,8229.25,7779.48
20240330,A008,L012,0.0,0.0,10438.939999999999
20240330,A009,L004,5307.77,0.0,0.0
20240330,A010,L002,0.0,2558.32,0.0
20240330,A012,L017,5425.75,7807.06,0.0
20240330,A013,L013,0.0,10268.14,0.0
20240330,A017,L009,15137.740000000002,2880.42,578.95
20240331,A004,L008,13573.279999999999,21391.579999999998,8475.48
20240331,A005,L008,8625.789999999999,7775.52,1302.81
20240331,A008,L012,3999.2,4656.92,0.0
20240331,A010,L002,9340.93,11271.65,2765.65
20240331,A017,L009,6265.610000000001,22535.55,25421.84
20240401,A004,L008,10407.16,21153.54,21054.72
20240401,A005,L008,11764.03,8365.13,6853.73
20240401,A008,L012,0.0,2887.51,0.0
20240401,A009,L004,0.0,9208.9,0.0
20240401,A010,L002,7434.75,8305.28,0.0
20240401,A012,L017,7987.22,1333.22,0.0
20240401,A013,L013,2301.15,4002.56,0.0
20240401,A017,L009,9730.380000000001,28157.28,17196.67
20240402,A004,L008,17018.260000000002,17523.84,26248.9
20240402,A005,L008,0.0,1049.7,8897.96
20240402,A006,L015,1721.07,1512.89,4886.85
20240402,A008,L012,1657.11,0.0,0.0
20240402,A009,L004,7940.23,0.0,0.0
20240402,A010,L002,0.0,9538.46,0.0
20240402,A012,L017,0.0,0.0,4811.16
20240402,A013,L013,0.0,0.0,1728.89
20240402,A017,L009,9386.36,0.0,5305.38
20240403,A004,L008,20483.33,8150.710000000001,20005.4
20240403,A005,L008,6416.52,12697.939999999999,17544.15
20240403,A006,L015,0.0,0.0,6043.73
20240403,A009,L004,0.0,0.0,7414.41
20240403,A010,L002,12508.59,7914.99,3661.03
20240403,A012,L017,0.0,0.0,2125.26
20240403,A013,L013,7068.86,0.0,1658.4
20240403,A017,L009,21492.59,0.0,0.0
20240404,A004,L008,8614.69,19511.37,16484.32
20240404,A005,L008,30109.629999999997,0.0,650.34
20240404,A008,L012,0.0,11730.53,0.0
20240404,A009,L004,0.0,8199.47,0.0
20240404,A012,L017,0.0,2856.29,6566.61
20240404,A017,L009,19581.59,15869.760000000002,10286.42
20240405,A004,L008,13275.39,45804.49,5019.79
20240405,A005,L008,0.0,10958.0,7776.97
20240405,A008,L012,7117.67,7694.82,10239.71
20240405,A009,L004,0.0,0.0,482.18
20240405,A010,L002,0.0,6655.33,0.0
20240405,A012,L017,0.0,806.32,0.0
20240405,A017,L009,10157.27,0.0,26606.3
20240406,A004,L008,0.0,25958.34,3572.32
20240406,A005,L008,8596.21,5449.07,7727.97
20240406,A008,L012,3479.84,2360.44,16859.32
20240406,A009,L004,3477.4,0.0,0.0
20240406,A010,L002,0.0,19937.46,0.0
20240406,A013,L013,3905.97,0.0,5244.08
20240406,A017,L009,14318.72,24756.79,5727.0
20240407,A004,L008,16684.29,3334.46,11480.16
20240407,A005,L008,0.0,0.0,10300.0
20240407,A008,L012,0.0,20383.010000000002,0.0
20240407,A009,L004,9939.31,7835.4,1715.98
20240407,A010,L002,4201.15,0.0,8375.23
20240407,A012,L017,0.0,2258.57,0.0
20240407,A013,L013,7586.91,0.0,6398.26
20240407,A017,L009,15025.77,1492.4699999999998,6672.26
20240408,A004,L008,16074.68,17436.3,3345.79
20240408,A005,L008,4392.719999999999,9611.2,0.0
20240408,A008,L012,4885.57,9881.960000000001,0.0
20240408,A010,L002,7324.39,7315.26,0.0
20240408,A012,L017,1312.37,0.0,0.0
20240408,A017,L009,5280.4,19350.37,15938.09
20240409,A004,L008,14977.880000000001,24442.11,2525.31
20240409,A005,L008,1331.96,2788.52,15753.23
20240409,A006,L015,0.0,5433.37,4895.15
20240409,A008,L012,0.0,0.0,9498.06
20240409,A009,L004,0.0,0.0,6865.62
20240409,A010,L002,0.0,0.0,24706.39
20240409,A017,L009,1822.65,7251.77,2022.39
20240410,A004,L008,9309.07,10592.61,14443.75
20240410,A005,L008,0.0,11176.439999999999,7965.950000000001
20240410,A006,L015,0.0,0.0,2047.01
20240410,A008,L012,0.0,11834.48,0.0
20240410,A009,L004,8137.870000000001,0.0,0.0
20240410,A010,L002,0.0,0.0,7900.82
20240410,A017,L009,16665.11,21785.77,2486.01
20240411,A004,L008,35489.619999999995,10882.630000000001,24491.309999999998
20240411,A005,L008,0.0,17318.88,2844.99
20240411,A006,L015,0.0,0.0,5531.91
20240411,A010,L002,10672.31,0.0,9587.5
20240411,A012,L017,0.0,0.0,12935.19
20240411,A013,L013,4834.86,1383.01,1772.4
20240411,A017,L009,11252.84,4328.21,5822.9
20240412,A004,L008,4541.55,9996.41,15684.169999999998
20240412,A005,L008,7396.82,8477.94,0.0
20240412,A006,L015,0.0,0.0,7701.64
20240412,A008,L012,13488.27,0.0,4721.55
20240412,A010,L002,0.0,4968.1,28874.64
20240412,A013,L013,6540.76,0.0,5916.42
20240412,A017,L009,6699.26,13091.38,10791.42
20240413,A004,L008,27543.8,15048.539999999999,0.0
20240413,A005,L008,8961.62,0.0,2939.25
20240413,A008,L012,2594.69,0.0,0.0
20240413,A009,L004,7379.389999999999,0.0,0.0
20240413,A010,L002,23683.99,0.0,3392.35
20240413,A012,L017,0.0,0.0,8550.12
20240413,A013,L013,0.0,1331.52,14046.68
20240413,A017,L009,17388.82,17723.27,12796.38
20240414,A004,L008,8521.62,30539.81,8737.02
20240414,A005,L008,4545.15,12323.21,0.0
20240414,A006,L015,7071.11,0.0,0.0
20240414,A008,L012,0.0,0.0,2631.81
20240414,A009,L004,3551.47,0.0,0.0
20240414,A010,L002,0.0,9823.81,0.0
20240414,A012,L017,0.0,1408.9,0.0
20240414,A013,L013,0.0,10240.71,0.0
20240414,A017,L009,11470.44,11519.79,3927.2
20240415,A004,L008,21270.28,18756.65,17968.62
20240415,A005,L008,7590.64,2548.17,0.0
20240415,A006,L015,3427.41,0.0,0.0
20240415,A008,L012,0.0,7602.32,0.0
20240415,A010,L002,1864.61,0.0,7396.799999999999
20240415,A012,L017,719.94,0.0,9449.72
20240415,A013,L013,0.0,5918.21,3552.47
20240415,A017,L009,718.91,18088.79,6098.11
20240416,A004,L008,25482.89,26198.1,45488.11
20240416,A005,L008,5582.6,0.0,4651.77
20240416,A006,L015,7159.31,0.0,0.0
20240416,A008,L012,10954.51,1996.6,1383.25
20240416,A010,L002,3971.7799999999997,7518.360000000001,0.0
20240416,A012,L017,0.0,7762.6900000000005,7601.7
20240416,A017,L009,4432.51,14725.900000000001,2146.69
20240417,A004,L008,18577.52,10861.24,23471.239999999998
20240417,A005,L008,8735.61,6152.57,4843.3
20240417,A006,L015,0.0,6580.48,0.0
20240417,A009,L004,0.0,7502.86,0.0
20240417,A010,L002,3506.5,0.0,5918.73
20240417,A012,L017,0.0,1329.14,5383.63
20240417,A013,L013,7471.2,0.0,0.0
20240417,A017,L009,11211.65,6231.259999999999,1256.98
20240418,A004,L008,12356.949999999999,14672.369999999999,18551.14
20240418,A005,L008,1327.3,0.0,1873.7
20240418,A008,L012,0.0,2865.45,0.0
20240418,A009,L004,1196.81,0.0,0.0
20240418,A010,L002,10472.58,8902.92,0.0
20240418,A013,L013,0.0,0.0,2256.51
20240418,A017,L009,9776.32,2471.98,0.0
20240419,A004,L008,6855.8,13761.05,17130.57
20240419,A005,L008,9385.6,1985.48,12001.400000000001
20240419,A006,L015,0.0,0.0,4453.92
20240419,A008,L012,0.0,1400.98,0.0
20240419,A010,L002,17020.29,0.0,0.0
20240419,A012,L017,7822.97,0.0,0.0
20240419,A013,L013,2890.11,838.0,0.0
20240419,A017,L009,0.0,9752.22,9755.08
20240420,A004,L008,22324.28,28804.73,9739.83
20240420,A005,L008,2280.46,8023.8,4524.42
20240420,A009,L004,2508.15,0.0,1605.13
20240420,A010,L002,0.0,0.0,1999.72
20240420,A013,L013,0.0,11563.89,4450.29
20240420,A017,L009,15910.6,1353.1,34523.2
20240421,A004,L008,13779.09,15777.27,10816.29
20240421,A005,L008,0.0,7744.59,10481.029999999999
20240421,A008,L012,0.0,3052.85,1554.46
20240421,A010,L002,10763.02,2386.16,8767.76
20240421,A013,L013,0.0,0.0,3641.91
20240421,A017,L009,0.0,24431.95,673.13
20240422,A004,L008,14030.49,22710.2,14558.119999999999
20240422,A005,L008,11085.71,3636.08,7038.5599999999995
20240422,A006,L015,0.0,4936.34,3012.92
20240422,A008,L012,2202.5299999999997,0.0,4859.19
20240422,A010,L002,0.0,0.0,13546.27
20240422,A013,L013,0.0,4910.97,5189.63
20240422,A017,L009,14623.900000000001,6988.06,24303.12
20240423,A004,L008,27917.33,19320.07,44671.85
20240423,A005,L008,1547.47,3914.8100000000004,10685.39
20240423,A006,L015,0.0,0.0,950.11
20240423,A008,L012,0.0,2745.08,2576.55
20240423,A010,L002,16190.529999999999,0.0,5184.12
20240423,A013,L013,3115.0,0.0,0.0
20240423,A017,L009,18940.13,0.0,17916.57
20240424,A004,L008,8701.77,23209.309999999998,25492.21
20240424,A005,L008,1901.44,9006.14,5114.490000000001
20240424,A006,L015,1466.83,6215.12,0.0
20240424,A008,L012,0.0,3813.87,516.08
20240424,A009,L004,4952.7,0.0,0.0
20240424,A010,L002,9899.89,0.0,6107.04
20240424,A012,L017,0.0,793.74,0.0
20240424,A013,L013,6275.19,0.0,0.0
20240424,A017,L009,14203.5,9080.06,7356.07
20240425,A004,L008,10908.73,39525.99,22560.54
20240425,A005,L008,1350.14,2540.49,18404.93
20240425,A006,L015,9068.66,0.0,11658.43
20240425,A008,L012,3474.22,0.0,3895.65
20240425,A009,L004,0.0,0.0,4069.98
20240425,A010,L002,11001.77,12445.43,3076.78
20240425,A012,L017,2039.43,0.0,0.0
20240425,A017,L009,13147.8,11302.07,17259.75
20240426,A004,L008,19277.11,0.0,13832.94
20240426,A005,L008,4162.46,10470.1,0.0
20240426,A008,L012,11282.800000000001,0.0,2059.68
20240426,A009,L004,0.0,8394.8,0.0
20240426,A010,L002,3447.87,3354.79,4068.2299999999996
20240426,A012,L017,13964.619999999999,0.0,0.0
20240426,A013,L013,0.0,0.0,9362.26
20240426,A017,L009,26671.23,1818.18,8320.74
20240427,A004,L008,8312.66,11063.32,17060.15
20240427,A005,L008,0.0,0.0,3656.2
20240427,A008,L012,2631.57,0.0,1600.32
20240427,A009,L004,3376.59,0.0,0.0
20240427,A010,L002,0.0,3175.7,6130.21
20240427,A013,L013,0.0,5602.73,5106.45
20240427,A017,L009,8012.57,14651.510000000002,6908.629999999999
20240428,A004,L008,19231.84,9443.09,5719.7
20240428,A005,L008,7736.610000000001,572.65,13330.23
20240428,A006,L015,0.0,0.0,20721.89
20240428,A008,L012,0.0,0.0,5817.36
20240428,A009,L004,646.43,0.0,0.0
20240428,A017,L009,952.08,3568.25,0.0
20240429,A004,L008,29494.260000000002,4479.68,16599.190000000002
20240429,A005,L008,6166.12,11967.5,0.0
20240429,A006,L015,0.0,0.0,6395.86
20240429,A008,L012,0.0,1223.39,0.0
20240429,A009,L004,5709.3,0.0,5218.53
20240429,A010,L002,1839.67,3202.58,1214.94
20240429,A012,L017,1410.47,7131.91,0.0
20240429,A017,L009,8380.939999999999,16413.67,11028.48
20240430,A004,L008,25350.48,7277.57,7113.66
20240430,A005,L008,6502.21,5815.26,13270.23
20240430,A006,L015,0.0,6832.61,0.0
20240430,A008,L012,0.0,0.0,6795.450000000001
20240430,A009,L004,0.0,0.0,3032.41
20240430,A010,L002,0.0,7936.25,1826.84
20240430,A012,L017,0.0,7781.6,0.0
20240430,A013,L013,993.55,9548.98,0.0
20240430,A017,L009,19922.79,10534.13,869.34
20240501,A004,L008,17263.19,4990.21,34918.46
20240501,A005,L008,4302.09,0.0,3385.89
20240501,A006,L015,3557.76,0.0,5288.1
20240501,A009,L004,0.0,0.0,8018.469999999999
20240501,A010,L002,4232.94,3555.55,17418.09
20240501,A012,L017,8179.9,6796.01,0.0
20240501,A017,L009,19088.92,6571.41,8812.15
20240502,A004,L008,21781.21,33749.39,8407.3
20240502,A005,L008,0.0,3802.88,0.0
20240502,A006,L015,0.0,1305.71,0.0
20240502,A008,L012,6530.23,2574.49,716.36
20240502,A010,L002,0.0,3856.65,9331.56
20240502,A012,L017,0.0,6916.62,0.0
20240502,A017,L009,9804.13,5121.82,27094.85
20240503,A004,L008,6808.61,11773.220000000001,13028.65
20240503,A005,L008,21404.79,14625.76,10047.210000000001
20240503,A006,L015,3362.68,0.0,2478.08
20240503,A009,L004,2702.94,0.0,0.0
20240503,A010,L002,0.0,7553.58,7165.41
20240503,A013,L013,5537.69,6610.52,10230.74
20240503,A017,L009,6040.44,3817.34,5434.22
20240504,A004,L008,17658.03,2758.17,13262.83
20240504,A005,L008,0.0,14378.43,18135.42
20240504,A008,L012,0.0,1468.04,16242.619999999999
20240504,A009,L004,0.0,1685.25,9245.15
20240504,A010,L002,3963.85,14868.62,12504.130000000001
20240504,A013,L013,0.0,0.0,8518.18
20240504,A017,L009,11980.82,12811.24,7737.13
20240505,A004,L008,14112.470000000001,20842.35,5864.32
20240505,A005,L008,0.0,0.0,4225.93
20240505,A008,L012,7692.85,0.0,10123.55
20240505,A010,L002,1936.41,9793.38,16940.730000000003
20240505,A012,L017,2507.36,0.0,11993.86
20240505,A017,L009,0.0,1351.0,10334.56
20240506,A004,L008,20041.73,15465.08,32352.55
20240506,A005,L008,5554.32,0.0,0.0
20240506,A009,L004,0.0,0.0,7673.57
20240506,A010,L002,11240.28,4260.12,1160.59
20240506,A012,L017,0.0,5085.02,0.0
20240506,A013,L013,1968.93,3466.66,0.0
20240506,A017,L009,5054.92,4844.08,0.0
20240507,A004,L008,20543.629999999997,13823.869999999999,6213.79
20240507,A005,L008,14776.52,0.0,4545.71
20240507,A006,L015,0.0,0.0,5264.11
20240507,A008,L012,0.0,0.0,20932.61
20240507,A009,L004,0.0,3080.69,0.0
20240507,A010,L002,3186.59,0.0,3053.12
20240507,A013,L013,0.0,1048.51,0.0
20240507,A017,L009,2652.16,902.92,10839.34
20240508,A004,L008,1090.17,16785.989999999998,44885.65
20240508,A005,L008,13581.56,7606.28,8641.78
20240508,A006,L015,0.0,9665.93,0.0
20240508,A008,L012,8832.36,0.0,7790.610000000001
20240508,A009,L004,0.0,987.51,10001.26
20240508,A010,L002,2707.2,0.0,8329.08
20240508,A012,L017,0.0,4881.04,0.0
20240508,A017,L009,14340.400000000001,6363.5599999999995,14586.99
20240509,A004,L008,11407.619999999999,22374.46,12363.19
20240509,A005,L008,20800.41,0.0,2441.02
20240509,A008,L012,0.0,3868.12,13161.740000000002
20240509,A009,L004,4088.38,4446.46,0.0
20240509,A010,L002,0.0,0.0,2785.38
20240509,A012,L017,0.0,8910.36,5536.65
20240509,A017,L009,19808.57,21214.59,0.0
20240510,A004,L008,8732.01,24896.15,5054.469999999999
20240510,A005,L008,0.0,3480.07,6381.02
20240510,A006,L015,0.0,7214.27,0.0
20240510,A008,L012,8758.33,12464.9,0.0
20240510,A009,L004,0.0,7976.21,0.0
20240510,A010,L002,0.0,19005.870000000003,0.0
20240510,A013,L013,0.0,0.0,6971.58
20240510,A017,L009,19560.11,5460.03,11284.26
20240511,A004,L008,19969.75,14309.619999999999,8192.36
20240511,A005,L008,9285.6,0.0,17704.36
20240511,A006,L015,13919.02,0.0,0.0
20240511,A010,L002,7061.88,10449.26,0.0
20240511,A017,L009,8093.62,16928.629999999997,3981.51
20240512,A004,L008,19534.7,11234.11,9730.59
20240512,A005,L008,2791.43,3414.7,2101.34
20240512,A006,L015,0.0,4977.87,7773.41
20240512,A008,L012,4370.26,9870.89,9460.57
20240512,A009,L004,0.0,1265.49,2588.49
20240512,A010,L002,0.0,9085.92,3716.3999999999996
20240512,A013,L013,0.0,0.0,1867.75
20240512,A017,L009,2817.32,22466.6,7467.25
20240513,A004,L008,11512.36,4314.1,20278.93
20240513,A005,L008,10698.24,1133.97,0.0
20240513,A008,L012,0.0,2151.88,3304.98
20240513,A009,L004,7155.43,0.0,0.0
20240513,A010,L002,11872.42,993.66,0.0
20240513,A012,L017,0.0,563.24,3933.37
20240513,A013,L013,5460.19,0.0,0.0
20240513,A017,L009,12833.77,17079.96,9291.51
20240514,A004,L008,22315.47,27472.52,23876.24
20240514,A005,L008,0.0,13962.66,0.0
20240514,A006,L015,9301.310000000001,0.0,0.0
20240514,A009,L004,0.0,4400.51,0.0
20240514,A010,L002,5514.76,5196.26,11581.78
20240514,A013,L013,0.0,0.0,1913.72
20240514,A017,L009,2537.8,0.0,7368.07
20240515,A004,L008,12040.5,3413.68,17390.38
20240515,A005,L008,0.0,21069.82,1514.66
20240515,A006,L015,0.0,0.0,6319.4
20240515,A008,L012,3553.92,13418.54,0.0
20240515,A009,L004,0.0,3384.6099999999997,0.0
20240515,A010,L002,13583.44,0.0,10400.57
20240515,A012,L017,4078.11,0.0,4557.95
20240515,A013,L013,0.0,1499.81,0.0
20240515,A017,L009,0.0,11611.64,10930.46
20240516,A004,L008,3500.21,7113.08,22463.309999999998
20240516,A005,L008,4669.12,710.93,3350.56
20240516,A006,L015,0.0,1984.33,0.0
20240516,A010,L002,512.91,0.0,0.0
20240516,A012,L017,0.0,0.0,1212.16
20240516,A013,L013,0.0,0.0,5297.4
20240516,A017,L009,5718.469999999999,4873.94,1518.59
20240517,A004,L008,31549.559999999998,16758.34,25210.949999999997
20240517,A005,L008,4278.37,11109.02,0.0
20240517,A008,L012,6477.23,0.0,6884.74
20240517,A010,L002,3489.45,9636.439999999999,0.0
20240517,A012,L017,0.0,0.0,2849.6
20240517,A013,L013,0.0,20080.449999999997,0.0
20240517,A017,L009,12338.68,27177.62,10512.33
20240518,A004,L008,10081.16,16137.42,18811.43
20240518,A005,L008,2060.0,3372.05,2024.19
20240518,A008,L012,6096.12,0.0,0.0
20240518,A009,L004,1422.49,0.0,2317.2
20240518,A010,L002,28509.33,13478.87,3117.31
20240518,A012,L017,0.0,0.0,8797.86
20240518,A017,L009,2704.46,5894.51,9858.57
20240519,A004,L008,23281.06,19632.22,3982.13
20240519,A005,L008,1768.52,2770.21,2906.44
20240519,A008,L012,7562.629999999999,0.0,0.0
20240519,A009,L004,0.0,0.0,12161.36
20240519,A010,L002,0.0,0.0,3589.44
20240519,A013,L013,10235.43,0.0,3804.4
20240519,A017,L009,954.97,8688.61,9970.94
20240520,A004,L008,14513.32,24923.96,8317.65
20240520,A005,L008,2182.09,6070.13,0.0
20240520,A008,L012,0.0,19958.32,2220.94
20240520,A009,L004,1552.12,2625.86,0.0
20240520,A010,L002,0.0,1666.74,3120.52
20240520,A013,L013,6252.71,0.0,0.0
20240520,A017,L009,32235.89,12198.71,4436.68
20240521,A004,L008,1385.11,20072.64,19561.01
20240521,A005,L008,2098.41,5167.48,9943.0
20240521,A006,L015,4929.73,0.0,0.0
20240521,A008,L012,6959.259999999999,0.0,15095.53
20240521,A009,L004,6848.07,3466.88,1764.97
20240521,A012,L017,1856.5,0.0,0.0
20240521,A013,L013,0.0,0.0,11470.74
20240521,A017,L009,2978.77,13253.39,10311.0
20240522,A004,L008,20966.74,11690.06,15862.960000000001
20240522,A005,L008,12338.39,3187.27,7512.200000000001
20240522,A008,L012,6225.86,0.0,0.0
20240522,A010,L002,0.0,7120.2,0.0
20240522,A012,L017,1759.37,0.0,0.0
20240522,A013,L013,0.0,0.0,7427.87
20240522,A017,L009,13095.71,28993.7,6981.03
20240523,A004,L008,12868.96,11938.56,26058.36
20240523,A005,L008,6951.8,14882.45,0.0
20240523,A006,L015,0.0,4906.2,0.0
20240523,A008,L012,6805.56,7630.06,9662.119999999999
20240523,A010,L002,0.0,8715.92,1381.34
20240523,A012,L017,0.0,1680.83,0.0
20240523,A017,L009,15224.779999999999,13872.73,10943.88
20240524,A004,L008,30219.670000000002,36210.32,13263.49
20240524,A005,L008,2766.58,9797.07,2277.81
20240524,A008,L012,0.0,5336.83,0.0
20240524,A009,L004,0.0,2513.89,6317.46
20240524,A010,L002,18529.77,10395.880000000001,0.0
20240524,A017,L009,1595.9,12539.429999999998,4558.16
20240525,A004,L008,11275.16,0.0,13502.36
20240525,A005,L008,4989.98,2906.47,0.0
20240525,A006,L015,2027.05,0.0,0.0
20240525,A008,L012,7513.61,2834.7,0.0
20240525,A009,L004,2791.87,0.0,0.0
20240525,A010,L002,0.0,8972.13,4161.72
20240525,A012,L017,0.0,1435.03,0.0
20240525,A017,L009,34274.82,2062.02,9396.49
20240526,A004,L008,18402.57,10738.84,23152.38
20240526,A005,L008,4426.03,0.0,8507.26
20240526,A006,L015,7917.81,0.0,3698.53
20240526,A008,L012,0.0,0.0,1742.97
20240526,A009,L004,2242.27,0.0,0.0
20240526,A010,L002,1334.07,10963.18,0.0
20240526,A012,L017,0.0,0.0,17929.550000000003
20240526,A013,L013,0.0,5134.41,0.0
20240526,A017,L009,7996.22,9414.97,15871.4
20240527,A004,L008,15248.04,22272.27,19777.05
20240527,A005,L008,4679.08,854.33,7592.300000000001
20240527,A008,L012,7334.12,0.0,0.0
20240527,A010,L002,2946.48,0.0,9126.029999999999
20240527,A012,L017,0.0,1246.52,0.0
20240527,A013,L013,5786.99,2495.12,0.0
20240527,A017,L009,13185.25,10544.49,7042.98
20240528,A004,L008,17667.46,866.2,4220.19
20240528,A005,L008,0.0,11172.86,0.0
20240528,A006,L015,0.0,0.0,7330.8
20240528,A008,L012,0.0,2901.11,0.0
20240528,A009,L004,0.0,0.0,5860.03
20240528,A010,L002,0.0,1507.45,9388.21
20240528,A013,L013,5584.84,8712.16,0.0
20240528,A017,L009,5040.23,18497.26,16672.08
20240529,A004,L008,32756.49,27549.7,26164.71
20240529,A005,L008,2456.55,1016.42,0.0
20240529,A006,L015,3216.91,8798.85,0.0
20240529,A008,L012,5484.75,0.0,3110.39
20240529,A010,L002,8250.21,11303.0,7606.4
20240529,A012,L017,3319.51,9609.52,12083.51
20240529,A017,L009,33114.47,4326.87,16504.98
20240530,A004,L008,9987.17,3606.68,36493.45
20240530,A005,L008,0.0,21546.16,2359.02
20240530,A006,L015,3543.14,0.0,3296.67
20240530,A008,L012,2716.17,0.0,0.0
20240530,A009,L004,0.0,0.0,5991.120000000001
20240530,A012,L017,0.0,1574.09,8794.98
20240530,A013,L013,0.0,3136.19,0.0
20240530,A017,L009,14214.9,6248.620000000001,1975.97
20240531,A004,L008,15171.35,7046.19,28440.12
20240531,A005,L008,7169.96,8611.06,12049.91
20240531,A006,L015,0.0,7756.96,6183.54
20240531,A008,L012,0.0,2143.3,0.0
20240531,A009,L004,3277.45,3939.81,1552.08
20240531,A012,L017,0.0,2788.5,3148.11
20240531,A013,L013,0.0,0.0,2980.42
20240531,A017,L009,38491.9,1699.98,6298.03
20240601,A004,L008,16013.6,8032.5599999999995,8267.46
20240601,A005,L008,0.0,6968.28,5040.95
20240601,A006,L015,1653.02,0.0,14144.07
20240601,A008,L012,2786.97,0.0,0.0
20240601,A009,L004,0.0,0.0,7180.87
20240601,A010,L002,0.0,8737.34,5396.22
20240601,A012,L017,0.0,6386.28,0.0
20240601,A013,L013,0.0,6222.38,0.0
20240601,A017,L009,630.19,5241.68,10060.15
20240602,A004,L008,7065.5,34272.58,20704.6
20240602,A005,L008,0.0,0.0,5730.2
20240602,A009,L004,0.0,0.0,3907.21
20240602,A010,L002,6638.3,2388.4,7591.03
20240602,A013,L013,6697.73,6473.59,0.0
20240602,A017,L009,13274.03,11398.23,7470.950000000001
20240603,A004,L008,25581.47,6494.78,24075.87
20240603,A005,L008,1181.08,0.0,10539.12
20240603,A006,L015,3491.44,0.0,0.0
20240603,A008,L012,2820.6,4197.01,0.0
20240603,A009,L004,0.0,2043.48,0.0
20240603,A010,L002,0.0,0.0,2149.85
20240603,A012,L017,2283.92,6087.99,3932.75
20240603,A017,L009,29669.93,0.0,11743.55
20240604,A004,L008,10074.91,18501.54,5672.65
20240604,A005,L008,10344.33,3921.23,0.0
20240604,A006,L015,1597.61,0.0,0.0
20240604,A008,L012,0.0,1516.25,0.0
20240604,A010,L002,0.0,8330.05,6047.8
20240604,A012,L017,0.0,0.0,12812.26
20240604,A013,L013,5437.88,0.0,0.0
20240604,A017,L009,7948.57,24473.28,9867.64
20240605,A004,L008,0.0,3815.24,28789.18
20240605,A005,L008,0.0,0.0,7272.23
20240605,A008,L012,0.0,0.0,7227.3099999999995
20240605,A009,L004,0.0,8143.13,0.0
20240605,A010,L002,7236.0,0.0,4299.83
20240605,A012,L017,3383.77,0.0,0.0
20240605,A013,L013,4382.71,807.51,2832.58
20240605,A017,L009,0.0,23154.559999999998,0.0
20240606,A004,L008,34717.64,24900.04,40111.83
20240606,A005,L008,8799.29,0.0,0.0
20240606,A006,L015,0.0,0.0,861.26
20240606,A008,L012,2106.49,787.21,1698.13
20240606,A010,L002,13733.510000000002,0.0,0.0
20240606,A012,L017,0.0,5170.53,483.87
20240606,A017,L009,4022.59,9134.18,6711.77
20240607,A004,L008,32627.85,9014.51,5597.389999999999
20240607,A005,L008,462.85,0.0,5241.07
20240607,A006,L015,0.0,7671.13,6723.96
20240607,A008,L012,0.0,3927.56,9168.82
20240607,A009,L004,0.0,4731.21,0.0
20240607,A010,L002,4328.32,2253.29,3501.88
20240607,A017,L009,4727.01,16067.35,17292.85
20240608,A004,L008,19616.39,1548.74,727.92
20240608,A005,L008,0.0,2860.64,12997.92
20240608,A008,L012,0.0,4182.17,8307.09
20240608,A009,L004,2037.08,0.0,0.0
20240608,A010,L002,6529.42,13693.61,8700.17
20240608,A012,L017,6546.49,0.0,0.0
20240608,A013,L013,1402.14,0.0,2638.52
20240608,A017,L009,30187.15,5273.71,5463.7
20240609,A004,L008,23448.82,6025.25,5229.14
20240609,A005,L008,1935.01,5457.77,7740.4
20240609,A006,L015,9167.73,8797.27,1916.05
20240609,A008,L012,4380.29,0.0,0.0
20240609,A009,L004,0.0,0.0,3338.03
20240609,A010,L002,17145.18,1936.45,9466.44
20240609,A012,L017,0.0,3379.17,0.0
20240609,A013,L013,0.0,0.0,6812.22
20240609,A017,L009,14680.43,12390.47,7682.360000000001
20240610,A004,L008,35091.89,11682.52,31230.91
20240610,A005,L008,0.0,0.0,7840.93
20240610,A006,L015,3947.14,0.0,0.0
20240610,A008,L012,0.0,12234.72,0.0
20240610,A009,L004,0.0,9611.05,1028.94
20240610,A010,L002,2831.27,5176.88,0.0
20240610,A012,L017,0.0,1291.6,0.0
20240610,A013,L013,6311.32,630.7,3415.03
20240610,A017,L009,10734.06,1628.46,16725.15
20240611,A004,L008,11669.919999999998,16258.95,34406.05
20240611,A005,L008,15362.3,6972.54,0.0
20240611,A006,L015,0.0,3592.27,1300.69
20240611,A008,L012,2361.08,2455.84,8699.35
20240611,A010,L002,1395.35,10403.080000000002,0.0
20240611,A012,L017,0.0,0.0,1379.97
20240611,A013,L013,0.0,0.0,2483.79
20240611,A017,L009,12959.5,10218.23,7472.2699999999995
20240612,A004,L008,22384.68,13474.7,6778.84
20240612,A005,L008,15726.63,7255.15,8487.7
20240612,A006,L015,0.0,11121.23,0.0
20240612,A008,L012,1058.61,740.76,2271.31
20240612,A009,L004,0.0,1384.11,0.0
20240612,A010,L002,2606.03,0.0,0.0
20240612,A012,L017,0.0,8489.16,2518.74
20240612,A013,L013,2061.8,2488.27,0.0
20240612,A017,L009,4235.67,2698.14,9876.76
20240613,A004,L008,16156.48,2251.19,10829.9
20240613,A005,L008,2114.78,13186.79,5477.76
20240613,A008,L012,0.0,1084.35,3681.0
20240613,A009,L004,0.0,0.0,2504.57
20240613,A010,L002,0.0,6278.54,9137.28
20240613,A013,L013,707.49,0.0,9399.57
20240613,A017,L009,0.0,0.0,7585.83
20240614,A004,L008,16620.59,3685.92,22614.25
20240614,A005,L008,9600.54,2952.25,10135.55
20240614,A006,L015,0.0,1902.06,0.0
20240614,A008,L012,0.0,8500.68,0.0
20240614,A010,L002,0.0,6076.67,1049.64
20240614,A013,L013,0.0,2370.36,0.0
20240614,A017,L009,6501.19,4252.3,11326.26
20240615,A004,L008,22137.1,20942.829999999998,21182.96
20240615,A005,L008,1459.73,18782.43,14592.53
20240615,A006,L015,3419.71,0.0,0.0
20240615,A008,L012,11616.06,0.0,0.0
20240615,A009,L004,1628.99,1210.35,0.0
20240615,A010,L002,0.0,7735.37,3461.13
20240615,A012,L017,0.0,0.0,2329.68
20240615,A013,L013,5276.45,0.0,0.0
20240615,A017,L009,5780.219999999999,0.0,18066.89
20240616,A004,L008,10291.09,12938.880000000001,21530.27
20240616,A005,L008,1593.29,4014.4,5454.49
20240616,A008,L012,9680.92,8970.69,9962.23
20240616,A009,L004,9376.82,0.0,6200.05
20240616,A010,L002,1343.89,7353.42,0.0
20240616,A012,L017,0.0,5970.23,0.0
20240616,A017,L009,20191.440000000002,14296.57,20191.7
20240617,A004,L008,7727.59,16169.75,11300.22
20240617,A005,L008,0.0,0.0,4518.33
20240617,A008,L012,8093.97,2518.29,1499.89
20240617,A010,L002,4606.1,0.0,0.0
20240617,A012,L017,6692.16,3574.91,4598.59
20240617,A013,L013,1808.97,0.0,3325.89
20240617,A017,L009,23413.72,11461.550000000001,3115.84
20240618,A004,L008,16011.529999999999,7350.6,13419.37
20240618,A006,L015,0.0,13898.54,0.0
20240618,A008,L012,0.0,0.0,3473.47
20240618,A009,L004,6566.79,0.0,0.0
20240618,A013,L013,1015.62,0.0,790.55
20240618,A017,L009,18918.11,7625.19,20471.809999999998
20240619,A004,L008,19385.28,17032.809999999998,0.0
20240619,A005,L008,0.0,4961.47,0.0
20240619,A006,L015,2848.12,1630.6,1705.28
20240619,A008,L012,3627.14,9418.15,0.0
20240619,A009,L004,0.0,0.0,18012.61
20240619,A010,L002,0.0,2579.16,18046.98
20240619,A012,L017,0.0,2448.68,0.0
20240619,A013,L013,3109.39,0.0,0.0
20240619,A017,L009,8307.45,6104.540000000001,15391.439999999999
20240620,A004,L008,5716.450000000001,20163.739999999998,14950.84
20240620,A005,L008,0.0,12891.14,8565.77
20240620,A006,L015,6000.09,0.0,0.0
20240620,A009,L004,0.0,2254.98,0.0
20240620,A010,L002,1336.58,0.0,0.0
20240620,A012,L017,6616.360000000001,0.0,0.0
20240620,A013,L013,2095.35,0.0,0.0
20240620,A017,L009,6252.24,4528.85,26889.63
20240621,A004,L008,39062.13,8093.639999999999,21076.23
20240621,A005,L008,3877.76,4768.69,0.0
20240621,A008,L012,0.0,7671.02,2874.61
20240621,A009,L004,0.0,2519.88,0.0
20240621,A010,L002,4199.83,9906.08,5691.56
20240621,A012,L017,2929.68,9482.59,3634.17
20240621,A013,L013,0.0,4069.19,1689.97
20240621,A017,L009,14461.92,6539.32,7232.3099999999995
20240622,A004,L008,4294.46,8247.880000000001,34779.409999999996
20240622,A005,L008,4505.860000000001,0.0,22361.03
20240622,A006,L015,0.0,0.0,835.64
20240622,A010,L002,0.0,1898.49,0.0
20240622,A012,L017,8777.82,8987.59,0.0
20240622,A013,L013,0.0,4322.96,0.0
20240622,A017,L009,15860.86,1262.72,13864.31
20240623,A004,L008,15851.29,14170.59,23261.879999999997
20240623,A005,L008,0.0,0.0,9853.0
20240623,A006,L015,0.0,0.0,4333.83
20240623,A008,L012,11250.9,14498.91,6040.59
20240623,A009,L004,1735.83,0.0,3918.62
20240623,A010,L002,6229.54,0.0,29830.66
20240623,A013,L013,9978.7,3566.89,5291.28
20240623,A017,L009,1791.59,9776.81,7138.98
20240624,A004,L008,9304.91,12739.5,11436.69
20240624,A005,L008,10807.72,15987.1,14039.3
20240624,A006,L015,0.0,0.0,3542.38
20240624,A008,L012,0.0,0.0,11000.91
20240624,A009,L004,1921.63,0.0,3460.08
20240624,A010,L002,899.96,5140.32,1776.73
20240624,A012,L017,7148.68,9673.3,0.0
20240624,A013,L013,0.0,0.0,2406.02
20240624,A017,L009,6164.36,40416.91,15132.970000000001
20240625,A004,L008,30800.93,14757.18,24219.809999999998
20240625,A005,L008,3711.62,0.0,0.0
20240625,A006,L015,0.0,0.0,6034.3
20240625,A009,L004,0.0,867.51,0.0
20240625,A010,L002,0.0,10267.29,0.0
20240625,A013,L013,0.0,3892.24,890.34
20240625,A017,L009,20242.25,5440.17,8512.58
20240626,A004,L008,7647.57,6859.75,36188.75
20240626,A005,L008,7337.29,14768.279999999999,1396.86
20240626,A006,L015,0.0,11880.3,0.0
20240626,A008,L012,0.0,0.0,3918.27
20240626,A009,L004,0.0,2308.28,0.0
20240626,A010,L002,6052.35,7973.88,12496.34
20240626,A012,L017,0.0,9527.26,0.0
20240626,A013,L013,0.0,10494.7,4066.02
20240626,A017,L009,10420.03,4516.91,6778.17
20240627,A004,L008,24435.92,27576.410000000003,16324.93
20240627,A005,L008,11854.44,12892.81,8960.37
20240627,A008,L012,5920.2,0.0,0.0
20240627,A010,L002,9784.75,4198.87,0.0
20240627,A012,L017,10720.33,0.0,0.0
20240627,A017,L009,1931.8,4506.95,12453.949999999999
20240628,A004,L008,6623.41,7131.6,8960.77
20240628,A005,L008,23636.43,0.0,6143.39
20240628,A008,L012,14799.63,4233.85,4895.15
20240628,A009,L004,0.0,0.0,4830.81
20240628,A010,L002,12907.47,11912.79,10186.94
20240628,A012,L017,3157.61,0.0,0.0
20240628,A013,L013,3936.61,0.0,0.0
20240628,A017,L009,6400.41,2324.0699999999997,22617.920000000002
20240629,A004,L008,13829.53,16992.88,18308.11
20240629,A005,L008,11398.22,5456.87,0.0
20240629,A010,L002,6782.8,3119.62,5750.57
20240629,A012,L017,0.0,6857.79,0.0
20240629,A013,L013,0.0,0.0,3283.99
20240629,A017,L009,6578.63,12704.03,15464.35
20240630,A004,L008,22817.15,6384.62,15454.72
20240630,A005,L008,0.0,8148.82,0.0
20240630,A009,L004,6621.700000000001,0.0,2825.75
20240630,A010,L002,13106.869999999999,4150.75,11426.49
20240630,A017,L009,19729.4,4442.46,6510.879999999999
20240701,A004,L008,7673.71,11587.31,18511.23
20240701,A005,L008,9426.81,3257.4300000000003,1953.5900000000001
20240701,A008,L012,0.0,22550.11,5553.37
20240701,A010,L002,0.0,2796.97,7718.969999999999
20240701,A012,L017,0.0,7579.99,2316.99
20240701,A017,L009,21681.030000000002,19173.329999999998,10207.869999999999
20240702,A004,L008,5206.59,0.0,12869.57
20240702,A005,L008,6028.43,11273.2,14466.64
20240702,A008,L012,8107.52,0.0,0.0
20240702,A010,L002,8369.58,0.0,6538.26
20240702,A012,L017,1037.7,0.0,0.0
20240702,A017,L009,12389.46,2039.44,24621.11
20240703,A004,L008,6142.679999999999,1697.03,13932.369999999999
20240703,A005,L008,8356.75,0.0,6594.75
20240703,A006,L015,0.0,3357.84,1392.52
20240703,A008,L012,0.0,4316.27,4187.44
20240703,A009,L004,8462.18,0.0,0.0
20240703,A010,L002,6617.66,2686.14,6865.15
20240703,A012,L017,6034.04,0.0,0.0
20240703,A013,L013,0.0,10057.54,0.0
20240703,A017,L009,0.0,9644.130000000001,8139.84
20240704,A004,L008,680.1,7965.71,20289.33
20240704,A005,L008,7563.3,13902.119999999999,744.67
20240704,A008,L012,0.0,7470.22,0.0
20240704,A010,L002,6051.360000000001,0.0,0.0
20240704,A013,L013,2436.24,10855.03,0.0
20240704,A017,L009,12987.029999999999,14805.0,1558.37
20240705,A004,L008,32015.420000000002,14543.16,13418.61
20240705,A005,L008,1063.14,1802.77,15150.54
20240705,A006,L015,0.0,4286.82,0.0
20240705,A010,L002,5396.96,7899.38,5546.44
20240705,A012,L017,0.0,0.0,1950.76
20240705,A013,L013,0.0,6533.62,0.0
20240705,A017,L009,23285.75,8451.06,2997.94
20240706,A004,L008,29828.1,13357.15,4525.08
20240706,A005,L008,6039.66,10975.02,2395.53
20240706,A008,L012,6397.88,0.0,14533.78
20240706,A009,L004,1968.24,2166.01,8403.77
20240706,A010,L002,2668.03,0.0,8745.6
20240706,A012,L017,0.0,1847.72,0.0
20240706,A017,L009,1669.91,1754.67,25729.89
20240707,A004,L008,26034.91,14459.970000000001,3991.98
20240707,A005,L008,3300.88,0.0,4726.35
20240707,A008,L012,0.0,1419.67,1891.24
20240707,A009,L004,0.0,4758.97,0.0
20240707,A010,L002,3564.53,11859.13,10203.57
20240707,A012,L017,0.0,15334.760000000002,0.0
20240707,A017,L009,8256.1,13321.189999999999,11376.61
20240708,A004,L008,22135.57,26613.23,7871.120000000001
20240708,A005,L008,3664.43,3167.9,10816.279999999999
20240708,A006,L015,0.0,1951.2,0.0
20240708,A008,L012,0.0,0.0,8039.99
20240708,A010,L002,0.0,2198.94,10180.61
20240708,A013,L013,3532.28,0.0,2646.42
20240708,A017,L009,17599.04,7518.59,12787.19
20240709,A004,L008,3439.38,10783.119999999999,47805.46
20240709,A005,L008,0.0,5374.61,0.0
20240709,A008,L012,0.0,1807.83,0.0
20240709,A010,L002,5294.22,6342.27,2326.72
20240709,A013,L013,3823.7,2324.62,5512.12
20240709,A017,L009,22520.21,13198.75,21719.02
20240710,A004,L008,1054.64,11439.6,5789.23
20240710,A005,L008,0.0,17349.41,10878.6
20240710,A008,L012,6250.67,5169.07,0.0
20240710,A010,L002,13474.76,0.0,4495.54
20240710,A012,L017,5507.16,0.0,3452.74
20240710,A013,L013,0.0,4508.77,8415.95
20240710,A017,L009,0.0,6823.34,7194.24
20240711,A004,L008,17954.22,4962.87,22378.47
20240711,A005,L008,0.0,2356.39,7038.82
20240711,A006,L015,1962.65,0.0,0.0
20240711,A008,L012,0.0,0.0,1445.99
20240711,A009,L004,0.0,6597.7,0.0
20240711,A010,L002,0.0,26883.47,14314.94
20240711,A012,L017,0.0,0.0,3629.95
20240711,A013,L013,0.0,2042.59,0.0
20240711,A017,L009,18230.96,14392.33,0.0
20240712,A004,L008,8473.74,11773.039999999999,22237.36
20240712,A005,L008,2866.42,3810.32,6974.34
20240712,A008,L012,0.0,9480.39,0.0
20240712,A009,L004,6268.52,1481.75,16322.83
20240712,A010,L002,8222.52,1678.48,2279.08
20240712,A013,L013,0.0,5240.9,4707.57
20240712,A017,L009,17064.670000000002,0.0,16943.04
20240713,A004,L008,18428.84,4114.76,12776.93
20240713,A005,L008,6021.26,5165.46,4637.04
20240713,A006,L015,4757.31,9775.060000000001,10396.65
20240713,A008,L012,5726.8,0.0,3110.0
20240713,A009,L004,0.0,0.0,2387.62
20240713,A010,L002,17886.8,0.0,3166.33
20240713,A012,L017,4634.71,0.0,0.0
20240713,A013,L013,0.0,9536.59,7259.46
20240713,A017,L009,0.0,8813.21,10209.21
20240714,A004,L008,11130.03,12069.400000000001,6844.59
20240714,A005,L008,7821.98,0.0,8447.95
20240714,A008,L012,0.0,1494.4,0.0
20240714,A010,L002,5026.73,2252.89,7012.01
20240714,A012,L017,0.0,0.0,5435.56
20240714,A013,L013,0.0,0.0,7372.21
20240714,A017,L009,3527.09,2231.62,14490.68
20240715,A004,L008,13419.99,13035.130000000001,13109.98
20240715,A005,L008,8863.63,4134.03,14911.810000000001
20240715,A006,L015,0.0,0.0,8373.95
20240715,A008,L012,7428.08,0.0,8984.44
20240715,A009,L004,2296.22,0.0,0.0
20240715,A010,L002,0.0,7909.82,0.0
20240715,A012,L017,0.0,0.0,1990.13
20240715,A013,L013,0.0,2144.24,0.0
20240715,A017,L009,12384.64,5247.97,6051.5
20240716,A004,L008,32551.73,21001.71,2188.73
20240716,A005,L008,0.0,7925.04,1978.88
20240716,A006,L015,0.0,2095.19,0.0
20240716,A008,L012,0.0,1792.36,4887.69
20240716,A010,L002,0.0,0.0,13388.23
20240716,A017,L009,5557.0599999999995,8954.79,8018.79
20240717,A004,L008,33560.89,20800.39,0.0
20240717,A005,L008,2659.5,864.89,4734.700000000001
20240717,A006,L015,0.0,1462.33,0.0
20240717,A008,L012,866.87,2207.27,0.0
20240717,A009,L004,3817.19,3252.97,0.0
20240717,A010,L002,0.0,4211.16,14671.52
20240717,A012,L017,0.0,5684.45,0.0
20240717,A013,L013,1033.8,0.0,0.0
20240717,A017,L009,12840.16,8269.45,3664.71
20240718,A004,L008,15637.240000000002,8049.25,12387.23
20240718,A005,L008,12942.18,6602.76,15586.11
20240718,A006,L015,20622.77,0.0,2097.62
20240718,A008,L012,0.0,0.0,4847.65
20240718,A009,L004,8785.21,0.0,0.0
20240718,A010,L002,7721.429999999999,4001.14,910.66
20240718,A012,L017,4898.97,0.0,0.0
20240718,A013,L013,0.0,0.0,11679.630000000001
20240718,A017,L009,4144.18,2360.2,4798.99
20240719,A004,L008,7605.08,15819.99,8395.26
20240719,A005,L008,8693.380000000001,6189.63,3485.47
20240719,A008,L012,0.0,0.0,19390.72
20240719,A009,L004,6181.54,0.0,6615.389999999999
20240719,A010,L002,15373.33,5988.0599999999995,0.0
20240719,A012,L017,6121.05,2024.24,873.56
20240719,A017,L009,28735.35,11657.75,10165.86
20240720,A004,L008,16698.41,2982.69,10586.3
20240720,A005,L008,12435.01,8089.36,0.0
20240720,A006,L015,0.0,4557.35,6198.82
20240720,A008,L012,2337.18,0.0,0.0
20240720,A010,L002,0.0,4431.25,6794.52
20240720,A012,L017,0.0,7168.59,2961.15
20240720,A013,L013,0.0,0.0,5253.29
20240720,A017,L009,17083.170000000002,3299.47,7973.040000000001
20240721,A004,L008,16170.61,1832.49,27179.57
20240721,A005,L008,3985.79,8302.7,6374.33
20240721,A006,L015,0.0,1596.06,5324.72
20240721,A008,L012,0.0,6779.65,2073.57
20240721,A009,L004,0.0,0.0,2505.36
20240721,A010,L002,1110.38,9702.54,2384.73
20240721,A012,L017,1716.57,1628.16,0.0
20240721,A013,L013,6667.96,0.0,0.0
20240721,A017,L009,0.0,15954.6,20745.06
20240722,A004,L008,5278.04,31598.49,36612.29
20240722,A005,L008,10191.19,5724.05,13446.49
20240722,A006,L015,0.0,8836.95,4562.74
20240722,A008,L012,6004.710000000001,1173.44,24681.79
20240722,A009,L004,3168.6,3607.75,4086.69
20240722,A010,L002,2215.17,11535.67,18267.02
20240722,A012,L017,0.0,2075.49,1820.79
20240722,A013,L013,0.0,4363.41,0.0
20240722,A017,L009,11113.27,12631.07,9331.27
20240723,A004,L008,17785.510000000002,12095.66,10074.21
20240723,A005,L008,1073.99,9750.3,5187.86
20240723,A008,L012,5162.11,3844.44,0.0
20240723,A010,L002,5246.66,2715.67,2941.7
20240723,A012,L017,0.0,12521.35,740.06
20240723,A013,L013,0.0,2778.39,0.0
20240723,A017,L009,894.71,28171.420000000002,4953.13
20240724,A004,L008,7583.12,19998.809999999998,26902.34
20240724,A005,L008,0.0,17725.52,2331.49
20240724,A006,L015,0.0,0.0,10020.36
20240724,A008,L012,1943.8,1874.84,6973.33
20240724,A009,L004,0.0,6488.93,0.0
20240724,A010,L002,0.0,9119.57,0.0
20240724,A012,L017,8893.73,0.0,1925.45
20240724,A013,L013,3115.12,2056.0,0.0
20240724,A017,L009,5174.51,13233.359999999999,14475.07
20240725,A004,L008,1212.32,32929.79,20944.1
20240725,A005,L008,0.0,0.0,1539.52
20240725,A006,L015,0.0,1586.79,8486.66
20240725,A008,L012,0.0,0.0,18407.25
20240725,A009,L004,0.0,1540.87,0.0
20240725,A010,L002,3298.79,18210.980000000003,8404.95
20240725,A013,L013,0.0,9086.2,7241.98
20240725,A017,L009,11802.64,7204.5599999999995,6942.27
20240726,A004,L008,9827.19,5536.19,15432.16
20240726,A005,L008,11467.48,11939.4,5321.5599999999995
20240726,A006,L015,0.0,715.07,0.0
20240726,A008,L012,5562.94,3743.17,0.0
20240726,A009,L004,8179.81,0.0,653.81
20240726,A010,L002,7863.23,4563.3,0.0
20240726,A012,L017,6592.96,0.0,0.0
20240726,A013,L013,0.0,2016.59,663.42
20240726,A017,L009,4391.3,0.0,21204.54
20240727,A004,L008,14621.83,18771.95,23128.34
20240727,A005,L008,15551.63,2638.59,0.0
20240727,A008,L012,3160.26,9255.58,0.0
20240727,A009,L004,0.0,0.0,2198.93
20240727,A010,L002,11296.56,3364.61,9652.68
20240727,A012,L017,0.0,4022.66,0.0
20240727,A013,L013,2276.71,0.0,4991.04
20240727,A017,L009,12993.95,4989.7,9268.45
20240728,A004,L008,14205.39,18319.120000000003,14881.73
20240728,A005,L008,940.33,2947.75,11216.78
20240728,A006,L015,0.0,7921.94,0.0
20240728,A008,L012,0.0,0.0,9329.79
20240728,A010,L002,0.0,2724.64,3224.86
20240728,A017,L009,18170.71,0.0,19417.050000000003
20240729,A004,L008,0.0,9323.99,14407.62
20240729,A005,L008,18590.95,9392.11,6912.01
20240729,A006,L015,6913.86,0.0,0.0
20240729,A008,L012,0.0,2826.24,0.0
20240729,A009,L004,9584.03,7356.15,0.0
20240729,A010,L002,6432.610000000001,15315.79,0.0
20240729,A013,L013,0.0,10779.08,0.0
20240729,A017,L009,1029.33,3191.8199999999997,10697.9
20240730,A004,L008,0.0,12727.8,11795.48
20240730,A005,L008,7484.76,9708.17,13764.68
20240730,A008,L012,2082.86,3128.46,6441.839999999999
20240730,A010,L002,0.0,9491.119999999999,0.0
20240730,A012,L017,1311.53,0.0,0.0
20240730,A013,L013,0.0,1699.98,0.0
20240730,A017,L009,19806.26,13275.79,7056.8
20240731,A004,L008,1304.34,0.0,7872.8
20240731,A005,L008,14536.91,0.0,5031.95
20240731,A006,L015,0.0,3717.81,0.0
20240731,A008,L012,0.0,7749.36,1247.82
20240731,A010,L002,7521.24,0.0,4710.47
20240731,A012,L017,0.0,9161.54,0.0
20240731,A013,L013,0.0,0.0,1944.4
20240731,A017,L009,0.0,3222.76,5911.79
20240801,A004,L008,40718.05,31687.03,13893.06
20240801,A005,L008,11073.75,9050.55,0.0
20240801,A006,L015,3260.58,0.0,674.3
20240801,A008,L012,0.0,31721.940000000002,2267.33
20240801,A010,L002,8547.9,10559.0,0.0
20240801,A012,L017,0.0,1779.88,15501.32
20240801,A017,L009,2599.7200000000003,7717.97,9423.75
20240802,A004,L008,22040.02,6051.07,31719.15
20240802,A005,L008,12555.89,10187.779999999999,3525.0299999999997
20240802,A006,L015,0.0,0.0,4757.33
20240802,A008,L012,16008.44,0.0,13359.43
20240802,A009,L004,0.0,7868.08,0.0
20240802,A010,L002,0.0,2556.95,2970.97
20240802,A012,L017,2122.28,0.0,0.0
20240802,A013,L013,0.0,2258.01,0.0
20240802,A017,L009,16047.25,0.0,7765.25
20240803,A004,L008,17563.91,1858.15,7388.26
20240803,A005,L008,7148.03,15372.01,1510.79
20240803,A006,L015,2094.41,0.0,0.0
20240803,A008,L012,0.0,0.0,13073.25
20240803,A009,L004,0.0,0.0,3994.21
20240803,A010,L002,11117.17,2293.79,6018.82
20240803,A012,L017,2255.81,0.0,0.0
20240803,A017,L009,20761.72,4209.56,7787.549999999999
20240804,A004,L008,19360.739999999998,6520.65,38754.81
20240804,A005,L008,7021.58,14357.27,6127.59
20240804,A006,L015,5203.91,0.0,0.0
20240804,A008,L012,26317.11,18917.99,0.0
20240804,A010,L002,5869.91,4363.54,0.0
20240804,A013,L013,0.0,7605.75,0.0
20240804,A017,L009,10232.509999999998,19858.55,31116.34
20240805,A004,L008,21799.17,23012.010000000002,27817.010000000002
20240805,A005,L008,7271.89,0.0,8078.9400000000005
20240805,A006,L015,3753.46,0.0,0.0
20240805,A009,L004,9581.19,8555.64,0.0
20240805,A010,L002,5179.66,0.0,6014.71
20240805,A012,L017,0.0,7425.81,0.0
20240805,A013,L013,8966.92,0.0,0.0
20240805,A017,L009,2609.29,8389.77,9477.07
20240806,A004,L008,8780.99,15832.79,14185.98
20240806,A005,L008,8732.12,6324.06,1357.23
20240806,A006,L015,0.0,2226.2,0.0
20240806,A008,L012,6772.68,0.0,3221.24
20240806,A009,L004,2683.23,0.0,0.0
20240806,A010,L002,8958.32,12934.74,5644.68
20240806,A013,L013,8205.43,0.0,0.0
20240806,A017,L009,7952.35,7269.26,12293.6
20240807,A004,L008,9375.87,25267.07,2130.19
20240807,A005,L008,14256.439999999999,926.07,4256.1
20240807,A006,L015,2412.96,0.0,0.0
20240807,A008,L012,0.0,10924.48,0.0
20240807,A009,L004,0.0,455.38,0.0
20240807,A010,L002,8085.709999999999,1549.96,0.0
20240807,A012,L017,0.0,0.0,3977.25
20240807,A013,L013,1520.9,0.0,0.0
20240807,A017,L009,13253.800000000001,5079.84,8569.11
20240808,A004,L008,21340.25,26343.010000000002,19669.13
20240808,A005,L008,7852.610000000001,0.0,1727.72
20240808,A006,L015,2646.15,0.0,0.0
20240808,A009,L004,2947.51,0.0,5050.62
20240808,A010,L002,1991.83,0.0,5950.139999999999
20240808,A013,L013,0.0,4204.7,1006.97
20240808,A017,L009,2857.82,2133.59,4933.84
20240809,A004,L008,8734.1,37727.14,8010.280000000001
20240809,A005,L008,4845.14,23519.260000000002,3924.0
20240809,A006,L015,0.0,7690.96,0.0
20240809,A008,L012,0.0,0.0,11085.93
20240809,A009,L004,3318.95,0.0,5492.07
20240809,A010,L002,2820.98,0.0,8584.53
20240809,A013,L013,0.0,0.0,7837.76
20240809,A017,L009,2815.04,6478.610000000001,7514.6900000000005
20240810,A004,L008,5590.8,18959.97,21256.48
20240810,A005,L008,0.0,17778.53,3653.23
20240810,A006,L015,0.0,8640.17,0.0
20240810,A008,L012,9708.29,6231.01,0.0
20240810,A010,L002,5620.49,0.0,9285.29
20240810,A012,L017,15873.96,0.0,1586.44
20240810,A017,L009,11651.720000000001,0.0,2124.43
20240811,A004,L008,18299.08,14948.560000000001,8767.15
20240811,A005,L008,0.0,0.0,9748.29
20240811,A006,L015,1926.85,0.0,0.0
20240811,A008,L012,0.0,2126.89,10396.689999999999
20240811,A010,L002,0.0,1330.48,11148.68
20240811,A013,L013,667.28,0.0,13509.83
20240811,A017,L009,4044.8,20357.99,10533.65
20240812,A004,L008,16001.52,30998.57,5624.3
20240812,A005,L008,12089.720000000001,0.0,1720.88
20240812,A006,L015,2710.99,3625.82,7390.8
20240812,A008,L012,12852.94,14071.62,8559.92
20240812,A009,L004,9704.29,0.0,0.0
20240812,A010,L002,11747.07,3686.34,9355.79
20240812,A012,L017,1991.18,3051.25,0.0
20240812,A013,L013,0.0,5962.74,0.0
20240812,A017,L009,11780.7,5600.49,11242.39
20240813,A004,L008,6165.65,32369.440000000002,14798.71
20240813,A005,L008,4601.719999999999,9615.14,5963.24
20240813,A008,L012,10887.48,35672.36,4215.73
20240813,A009,L004,4842.75,0.0,0.0
20240813,A010,L002,1503.22,2915.18,7341.75
20240813,A012,L017,0.0,0.0,9075.92
20240813,A013,L013,0.0,0.0,6396.6
20240813,A017,L009,3542.01,6118.51,37691.65
20240814,A004,L008,10378.67,32146.75,14833.11
20240814,A005,L008,2839.56,8451.07,5942.66
20240814,A006,L015,0.0,8232.57,0.0
20240814,A008,L012,0.0,0.0,4820.59
20240814,A009,L004,0.0,0.0,10919.72
20240814,A010,L002,1616.65,11176.79,0.0
20240814,A012,L017,0.0,0.0,6534.32
20240814,A017,L009,15819.800000000001,17378.85,13990.68
20240815,A004,L008,7209.64,13391.31,24675.54
20240815,A005,L008,11801.380000000001,0.0,0.0
20240815,A008,L012,23391.36,4420.51,0.0
20240815,A009,L004,1055.18,5998.66,0.0
20240815,A010,L002,21153.949999999997,5919.65,5230.95
20240815,A012,L017,0.0,2946.9,5692.84
20240815,A013,L013,0.0,4647.4,0.0
20240815,A017,L009,25148.33,17348.67,14658.68
20240816,A004,L008,19467.129999999997,15965.41,0.0
20240816,A005,L008,4881.59,13232.099999999999,18251.14
20240816,A008,L012,5990.04,0.0,3826.09
20240816,A009,L004,4087.66,0.0,1375.65
20240816,A010,L002,8281.74,0.0,0.0
20240816,A012,L017,9665.24,0.0,0.0
20240816,A013,L013,0.0,1793.85,1361.98
20240816,A017,L009,1762.02,16576.629999999997,9356.67
20240817,A004,L008,14290.39,11288.83,13427.34
20240817,A005,L008,15227.52,10102.44,0.0
20240817,A006,L015,0.0,13485.67,8361.79
20240817,A008,L012,13073.95,0.0,13002.21
20240817,A009,L004,1995.89,0.0,0.0
20240817,A010,L002,0.0,0.0,1508.29
20240817,A012,L017,0.0,0.0,2371.24
20240817,A017,L009,3584.98,18190.309999999998,8813.39
20240818,A004,L008,16998.66,9829.13,14084.95
20240818,A005,L008,4643.6900000000005,10915.19,1666.71
20240818,A006,L015,0.0,4159.92,0.0
20240818,A010,L002,13434.349999999999,1886.66,1447.91
20240818,A012,L017,0.0,1844.27,0.0
20240818,A017,L009,18689.379999999997,10512.349999999999,6802.66
20240819,A004,L008,7739.8,2190.35,13557.36
20240819,A005,L008,0.0,8989.43,2710.76
20240819,A006,L015,0.0,0.0,7244.86
20240819,A008,L012,7436.540000000001,5501.42,0.0
20240819,A010,L002,5898.75,1243.61,0.0
20240819,A012,L017,0.0,0.0,3682.54
20240819,A013,L013,0.0,0.0,3554.26
20240819,A017,L009,10408.2,16417.16,5435.870000000001
20240820,A004,L008,14147.91,3001.66,9304.43
20240820,A005,L008,15526.26,2376.45,1684.3
20240820,A009,L004,0.0,0.0,959.5
20240820,A010,L002,6388.75,9924.21,857.23
20240820,A013,L013,0.0,0.0,1207.85
20240820,A017,L009,21410.13,9006.52,29019.49
20240821,A004,L008,23790.61,8087.900000000001,18319.53
20240821,A005,L008,0.0,5284.3,18749.35
20240821,A008,L012,0.0,4851.88,5352.87
20240821,A009,L004,2214.45,0.0,14466.17
20240821,A010,L002,3527.41,0.0,4499.46
20240821,A012,L017,0.0,3482.13,3498.94
20240821,A017,L009,22260.03,4860.25,0.0
20240822,A004,L008,15308.099999999999,31606.44,8513.23
20240822,A005,L008,2097.84,3802.72,0.0
20240822,A006,L015,2063.66,4847.93,9979.4
20240822,A008,L012,3955.99,16084.69,0.0
20240822,A009,L004,2252.46,0.0,0.0
20240822,A010,L002,14551.01,11726.09,13761.349999999999
20240822,A012,L017,0.0,3225.12,0.0
20240822,A013,L013,8942.68,0.0,0.0
20240822,A017,L009,1765.18,15974.23,8384.56
20240823,A004,L008,6070.6,30667.9,9652.51
20240823,A005,L008,9785.16,12956.34,0.0
20240823,A006,L015,0.0,5506.74,0.0
20240823,A008,L012,0.0,3283.49,0.0
20240823,A009,L004,0.0,0.0,2989.26
20240823,A010,L002,6976.719999999999,0.0,0.0
20240823,A012,L017,0.0,0.0,11338.48
20240823,A017,L009,4612.22,0.0,1275.91
20240824,A004,L008,16825.4,988.96,9001.54
20240824,A005,L008,2967.34,6860.030000000001,10585.74
20240824,A006,L015,4311.83,0.0,5295.46
20240824,A008,L012,13745.16,12408.87,1587.6
20240824,A009,L004,0.0,5277.88,7006.32
20240824,A010,L002,7618.54,1163.64,13816.43
20240824,A017,L009,1223.4,12278.21,30408.109999999997
20240825,A004,L008,22502.43,10159.65,16641.79
20240825,A005,L008,2171.0,6927.01,8014.49
20240825,A006,L015,0.0,0.0,5823.41
20240825,A008,L012,0.0,8006.27,6156.01
20240825,A010,L002,7122.55,3369.92,0.0
20240825,A017,L009,10402.65,7794.9800000000005,8108.58
20240826,A004,L008,4992.77,30644.19,35166.13
20240826,A005,L008,0.0,0.0,4838.22
20240826,A008,L012,0.0,6527.72,0.0
20240826,A009,L004,0.0,0.0,4149.19
20240826,A010,L002,0.0,8366.58,6082.49
20240826,A012,L017,0.0,0.0,9938.109999999999
20240826,A013,L013,989.44,0.0,0.0
20240826,A017,L009,16170.09,16038.039999999999,2431.39
20240827,A004,L008,8211.68,17765.67,16910.84
20240827,A005,L008,0.0,2019.29,10275.470000000001
20240827,A006,L015,0.0,4679.89,0.0
20240827,A008,L012,0.0,27587.329999999998,0.0
20240827,A009,L004,0.0,0.0,1314.52
20240827,A010,L002,5624.59,3522.49,9114.18
20240827,A017,L009,11283.09,0.0,2589.44
20240828,A004,L008,16177.519999999999,13606.720000000001,7176.1900000000005
20240828,A005,L008,3463.57,1505.49,3603.38
20240828,A006,L015,0.0,6231.91,7921.19
20240828,A008,L012,6331.78,6430.85,2309.12
20240828,A010,L002,1885.37,5401.53,0.0
20240828,A012,L017,1388.55,2817.46,2603.2
20240828,A017,L009,19250.58,0.0,0.0
20240829,A004,L008,19949.33,19436.88,5158.33
20240829,A005,L008,20246.47,4622.549999999999,2017.95
20240829,A006,L015,0.0,2519.92,5715.76
20240829,A008,L012,16710.11,0.0,0.0
20240829,A009,L004,2134.58,0.0,0.0
20240829,A010,L002,0.0,3155.4300000000003,0.0
20240829,A017,L009,2235.71,12974.16,3118.5
20240830,A004,L008,14772.710000000001,9673.619999999999,20047.12
20240830,A005,L008,4243.68,7546.01,9286.26
20240830,A006,L015,0.0,9685.669999999998,0.0
20240830,A008,L012,11414.12,0.0,0.0
20240830,A009,L004,7375.07,0.0,0.0
20240830,A010,L002,1382.29,5447.84,2055.28
20240830,A012,L017,0.0,729.49,3181.21
20240830,A017,L009,15544.43,0.0,3001.9700000000003
20240831,A004,L008,5723.780000000001,13073.07,9345.33
20240831,A005,L008,4714.3,6269.07,1921.04
20240831,A006,L015,10314.97,1898.65,0.0
20240831,A008,L012,0.0,3721.09,0.0
20240831,A010,L002,12985.6,0.0,3678.92
20240831,A013,L013,0.0,0.0,2066.9900000000002
20240831,A017,L009,15695.14,7067.97,3946.23
20240901,A004,L008,4762.39,19742.0,11727.630000000001
20240901,A005,L008,0.0,0.0,4670.84
20240901,A008,L012,0.0,11415.43,7356.81
20240901,A009,L004,6564.94,0.0,0.0
20240901,A010,L002,12457.92,1172.19,0.0
20240901,A012,L017,398.02,0.0,0.0
20240901,A013,L013,0.0,0.0,2157.72
20240901,A017,L009,2138.06,2572.7,1015.2
20240902,A004,L008,11033.09,37012.37,27361.07
20240902,A005,L008,18707.82,6927.06,0.0
20240902,A006,L015,0.0,0.0,3738.54
20240902,A008,L012,7982.27,5744.95,0.0
20240902,A009,L004,0.0,0.0,1046.09
20240902,A010,L002,1074.91,1758.69,18439.16
20240902,A012,L017,0.0,2271.81,0.0
20240902,A017,L009,3018.69,1304.67,20428.62
20240903,A004,L008,12259.72,30367.61,19754.48
20240903,A005,L008,16359.26,0.0,1605.17
20240903,A008,L012,1813.78,7899.73,6357.5199999999995
20240903,A010,L002,11128.779999999999,683.75,0.0
20240903,A013,L013,3687.5699999999997,0.0,0.0
20240903,A017,L009,10648.09,5037.99,14520.41
20240904,A004,L008,22193.21,14352.65,7798.67
20240904,A005,L008,10292.33,0.0,3094.38
20240904,A008,L012,8754.75,2571.5,0.0
20240904,A009,L004,1606.63,635.34,0.0
20240904,A010,L002,0.0,6136.76,0.0
20240904,A017,L009,8312.17,13061.560000000001,19624.239999999998
20240905,A004,L008,2580.55,20315.57,29203.65
20240905,A005,L008,0.0,4863.57,8201.45
20240905,A009,L004,0.0,0.0,4528.38
20240905,A010,L002,19349.43,3190.12,0.0
20240905,A012,L017,18156.260000000002,0.0,0.0
20240905,A013,L013,0.0,3280.9,0.0
20240905,A017,L009,5661.95,0.0,9570.199999999999
20240906,A004,L008,24037.3,9649.97,9142.69
20240906,A005,L008,12713.79,3295.53,12403.06
20240906,A006,L015,0.0,1328.61,2182.84
20240906,A008,L012,11829.6,0.0,8902.69
20240906,A009,L004,0.0,0.0,5126.32
20240906,A010,L002,8285.92,3265.27,6464.38
20240906,A013,L013,0.0,0.0,10025.55
20240906,A017,L009,21914.2,20777.05,0.0
20240907,A004,L008,10758.650000000001,11456.039999999999,26354.99
20240907,A005,L008,1316.81,2883.87,10090.45
20240907,A006,L015,0.0,0.0,8641.58
20240907,A008,L012,1002.95,10114.86,7425.33
20240907,A009,L004,0.0,0.0,1516.45
20240907,A010,L002,14764.48,8121.94,0.0
20240907,A012,L017,11760.56,0.0,0.0
20240907,A013,L013,0.0,6690.48,0.0
20240907,A017,L009,7619.539999999999,2153.12,12379.35
20240908,A004,L008,16324.81,13557.78,9530.960000000001
20240908,A005,L008,0.0,4928.26,9138.92
20240908,A006,L015,0.0,4154.71,0.0
20240908,A008,L012,6651.2,0.0,0.0
20240908,A009,L004,1575.49,0.0,0.0
20240908,A010,L002,5477.69,0.0,0.0
20240908,A013,L013,0.0,0.0,1129.94
20240908,A017,L009,0.0,12865.33,7536.71
20240909,A004,L008,13929.59,1205.8,13139.81
20240909,A005,L008,4889.799999999999,16229.36,8629.619999999999
20240909,A006,L015,0.0,0.0,4841.58
20240909,A008,L012,0.0,0.0,2326.93
20240909,A009,L004,9727.85,7654.44,7238.7
20240909,A010,L002,10579.32,1781.01,3230.18
20240909,A012,L017,1204.52,0.0,0.0
20240909,A013,L013,4129.18,0.0,0.0
20240909,A017,L009,14657.52,1689.86,13887.95
20240910,A004,L008,27360.47,19271.12,6642.070000000001
20240910,A005,L008,12364.61,7198.35,7503.54
20240910,A008,L012,0.0,5295.53,2102.08
20240910,A009,L004,5817.77,0.0,0.0
20240910,A010,L002,10452.099999999999,0.0,0.0
20240910,A012,L017,2491.92,0.0,2360.65
20240910,A017,L009,6329.24,11494.27,0.0
20240911,A004,L008,22392.78,11198.279999999999,7708.88
20240911,A005,L008,7187.12,0.0,9024.05
20240911,A006,L015,0.0,10825.77,11196.15
20240911,A008,L012,2755.0,0.0,3464.04
20240911,A009,L004,0.0,0.0,6609.35
20240911,A010,L002,0.0,0.0,4097.8
20240911,A017,L009,2067.71,9960.39,10159.75
20240912,A004,L008,0.0,8730.14,5838.72
20240912,A005,L008,0.0,11342.880000000001,8756.06
20240912,A006,L015,0.0,6471.5,0.0
20240912,A008,L012,0.0,13422.35,884.82
20240912,A009,L004,7922.78,3550.06,2744.3
20240912,A010,L002,0.0,12041.44,4998.55
20240912,A012,L017,1599.18,2482.57,0.0
20240912,A013,L013,4201.55,0.0,9841.65
20240912,A017,L009,30585.05,0.0,0.0
20240913,A004,L008,6744.04,16152.880000000001,14514.63
20240913,A005,L008,9588.18,10206.55,2245.37
20240913,A006,L015,1598.18,0.0,0.0
20240913,A010,L002,11435.85,7954.03,5020.84
20240913,A012,L017,14392.009999999998,6981.33,4455.38
20240913,A013,L013,0.0,0.0,6316.4
20240913,A017,L009,1789.6,6777.65,4901.92
20240914,A004,L008,1935.62,13363.23,5875.51
20240914,A005,L008,4061.72,7336.99,10880.68
20240914,A006,L015,0.0,6662.7,0.0
20240914,A008,L012,2009.82,2724.13,0.0
20240914,A009,L004,0.0,778.45,5329.08
20240914,A010,L002,9617.83,0.0,0.0
20240914,A013,L013,0.0,5231.43,0.0
20240914,A017,L009,11269.61,18366.44,17644.58
20240915,A004,L008,10442.5,21476.15,22695.559999999998
20240915,A005,L008,0.0,694.44,1129.7
20240915,A006,L015,2848.47,7572.62,0.0
20240915,A008,L012,0.0,0.0,3535.08
20240915,A010,L002,10495.67,4412.98,16479.129999999997
20240915,A012,L017,8340.78,0.0,0.0
20240915,A013,L013,5864.05,0.0,0.0
20240915,A017,L009,6370.41,16844.85,1909.38
20240916,A004,L008,8149.52,21212.940000000002,27010.67
20240916,A005,L008,4366.76,22739.350000000002,6475.74
20240916,A006,L015,2888.38,1288.41,0.0
20240916,A008,L012,0.0,3939.12,12167.32
20240916,A010,L002,16660.94,9259.21,0.0
20240916,A013,L013,0.0,6336.21,0.0
20240916,A017,L009,7146.950000000001,17544.03,17201.25
20240917,A004,L008,12775.23,13974.560000000001,10485.14
20240917,A005,L008,2018.81,4329.57,6412.2
20240917,A008,L012,7537.88,2503.7,5161.96
20240917,A009,L004,0.0,0.0,5906.59
20240917,A010,L002,18396.84,2161.18,12766.880000000001
20240917,A012,L017,1707.39,0.0,6183.37
20240917,A017,L009,11440.17,9391.65,18116.95
20240918,A004,L008,2692.08,8254.66,23794.98
20240918,A005,L008,14946.619999999999,15657.06,3809.55
20240918,A006,L015,4257.4,0.0,0.0
20240918,A010,L002,0.0,5943.81,3050.69
20240918,A013,L013,6527.08,0.0,0.0
20240918,A017,L009,16057.38,19334.350000000002,10885.84
20240919,A004,L008,10000.19,7836.2699999999995,9803.720000000001
20240919,A005,L008,0.0,12696.66,0.0
20240919,A009,L004,7374.46,0.0,1813.64
20240919,A010,L002,9678.59,6191.6,0.0
20240919,A013,L013,0.0,573.76,0.0
20240919,A017,L009,28409.47,0.0,7961.34
20240920,A004,L008,6631.82,13857.45,0.0
20240920,A005,L008,8171.0599999999995,19477.24,6742.61
20240920,A006,L015,0.0,0.0,1408.44
20240920,A009,L004,0.0,10901.02,0.0
20240920,A010,L002,4779.47,2270.67,12773.61
20240920,A012,L017,5287.56,0.0,0.0
20240920,A013,L013,0.0,4020.55,0.0
20240920,A017,L009,8125.469999999999,1913.89,5010.82
20240921,A004,L008,12677.16,3151.2200000000003,7634.610000000001
20240921,A005,L008,7468.99,7961.790000000001,5255.54
20240921,A006,L015,12358.35,0.0,0.0
20240921,A008,L012,16355.580000000002,0.0,0.0
20240921,A010,L002,15076.07,6730.07,0.0
20240921,A013,L013,0.0,8810.1,0.0
20240921,A017,L009,10805.08,8458.9,9230.89
20240922,A004,L008,22490.25,18440.55,20266.7
20240922,A005,L008,15986.73,9990.94,0.0
20240922,A008,L012,0.0,1628.47,0.0
20240922,A009,L004,5643.13,0.0,0.0
20240922,A010,L002,15087.6,2230.43,0.0
20240922,A017,L009,17826.24,0.0,17310.2
20240923,A004,L008,4867.95,10277.5,22536.15
20240923,A005,L008,2268.23,858.7,0.0
20240923,A006,L015,522.58,0.0,0.0
20240923,A008,L012,0.0,5539.08,0.0
20240923,A010,L002,854.35,3681.55,3494.21
20240923,A012,L017,0.0,0.0,7217.4
20240923,A017,L009,8954.41,3870.43,0.0
20240924,A004,L008,7884.42,27822.8,17687.69
20240924,A005,L008,6001.9400000000005,0.0,3190.32
20240924,A008,L012,0.0,0.0,2482.24
20240924,A010,L002,0.0,0.0,11943.599999999999
20240924,A012,L017,0.0,17054.4,0.0
20240924,A017,L009,9637.85,8740.56,10969.630000000001
20240925,A004,L008,19549.37,18955.35,25208.440000000002
20240925,A005,L008,6748.41,0.0,16155.84
20240925,A006,L015,546.81,0.0,0.0
20240925,A008,L012,10178.599999999999,5962.09,0.0
20240925,A009,L004,3686.92,3656.71,0.0
20240925,A010,L002,5410.43,5257.35,0.0
20240925,A012,L017,0.0,2334.87,0.0
20240925,A013,L013,7766.93,0.0,0.0
20240925,A017,L009,6044.75,9714.63,7265.2699999999995
20240926,A004,L008,28601.85,28416.15,0.0
20240926,A005,L008,8097.01,2368.11,10831.55
20240926,A006,L015,1774.06,0.0,0.0
20240926,A008,L012,0.0,0.0,4207.71
20240926,A009,L004,10722.24,0.0,0.0
20240926,A010,L002,6052.46,0.0,0.0
20240926,A013,L013,0.0,12107.82,3496.2
20240926,A017,L009,11407.689999999999,20051.620000000003,19305.18
20240927,A004,L008,4321.429999999999,4791.9400000000005,5238.27
20240927,A005,L008,15428.170000000002,10120.22,0.0
20240927,A006,L015,3413.06,2769.24,0.0
20240927,A008,L012,7207.130000000001,1373.11,0.0
20240927,A010,L002,2673.94,0.0,7560.8
20240927,A012,L017,0.0,0.0,10668.68
20240927,A017,L009,7222.709999999999,7487.2,4627.31
20240928,A004,L008,6540.02,15904.9,8474.52
20240928,A005,L008,8372.3,0.0,5185.4
20240928,A006,L015,0.0,0.0,6102.92
20240928,A008,L012,0.0,10570.130000000001,10443.56
20240928,A010,L002,4204.71,3558.29,12293.47
20240928,A012,L017,7960.08,0.0,0.0
20240928,A013,L013,6184.02,0.0,0.0
20240928,A017,L009,27000.71,19749.88,15632.95
20240929,A004,L008,13099.550000000001,13277.48,15219.29
20240929,A005,L008,7638.89,11357.47,7645.34
20240929,A006,L015,0.0,5947.64,7748.02
20240929,A008,L012,8565.38,0.0,0.0
20240929,A010,L002,5707.58,2264.39,3264.62
20240929,A012,L017,0.0,9725.52,0.0
20240929,A017,L009,11927.48,13908.920000000002,14000.259999999998
20240930,A004,L008,19940.73,4082.31,12285.25
20240930,A005,L008,2194.68,8233.4,15237.78
20240930,A008,L012,4538.18,0.0,4576.35
20240930,A009,L004,0.0,0.0,2045.4
20240930,A010,L002,5578.99,3055.02,3180.91
20240930,A012,L017,2726.21,0.0,3616.0
20240930,A013,L013,0.0,8344.88,1679.56
20240930,A017,L009,12224.84,7326.68,12286.23
20241001,A004,L008,696.64,17594.62,33887.14
20241001,A005,L008,7566.52,9372.41,0.0
20241001,A006,L015,0.0,8513.11,0.0
20241001,A008,L012,0.0,7066.37,0.0
20241001,A010,L002,11560.47,0.0,0.0
20241001,A012,L017,0.0,1948.73,0.0
20241001,A017,L009,2394.94,487.29,2826.42
20241002,A004,L008,12573.08,7547.07,20933.22
20241002,A005,L008,4121.52,1884.52,14168.5
20241002,A006,L015,0.0,4507.54,0.0
20241002,A008,L012,0.0,3409.72,0.0
20241002,A009,L004,18860.63,0.0,0.0
20241002,A010,L002,11502.6,0.0,4407.05
20241002,A012,L017,2608.27,0.0,0.0
20241002,A017,L009,6733.46,14212.649999999998,28798.239999999998
20241003,A004,L008,5168.42,12600.07,5640.67
20241003,A005,L008,4313.03,4600.23,3039.36
20241003,A006,L015,1050.3,0.0,0.0
20241003,A008,L012,0.0,0.0,1502.79
20241003,A009,L004,9104.4,2537.93,0.0
20241003,A010,L002,18417.21,0.0,9654.75
20241003,A012,L017,0.0,7201.639999999999,0.0
20241003,A017,L009,23116.14,2154.65,4623.71
20241004,A004,L008,23704.77,19654.05,2433.85
20241004,A005,L008,5450.08,2902.3,1206.04
20241004,A006,L015,1170.61,0.0,3790.28
20241004,A008,L012,911.87,0.0,3863.27
20241004,A009,L004,10983.54,0.0,0.0
20241004,A010,L002,20562.64,0.0,8652.77
20241004,A012,L017,0.0,3504.6,0.0
20241004,A013,L013,0.0,9624.75,0.0
20241004,A017,L009,4553.76,16239.099999999999,3304.01
20241005,A004,L008,10779.1,22672.190000000002,21781.9
20241005,A005,L008,6999.16,9048.95,3414.58
20241005,A008,L012,0.0,0.0,10328.11
20241005,A009,L004,5511.36,0.0,0.0
20241005,A010,L002,5216.59,0.0,9971.36
20241005,A012,L017,0.0,0.0,5979.87
20241005,A013,L013,0.0,8155.3,0.0
20241005,A017,L009,17082.75,6551.54,11122.64
20241006,A004,L008,14463.119999999999,10083.38,4906.05
20241006,A005,L008,15287.130000000001,3471.09,26655.09
20241006,A008,L012,0.0,4260.32,5000.19
20241006,A009,L004,6925.45,0.0,3124.81
20241006,A010,L002,16279.0,6289.5,14239.25
20241006,A012,L017,7001.049999999999,0.0,0.0
20241006,A013,L013,0.0,0.0,3378.19
20241006,A017,L009,31814.22,24094.38,4969.860000000001
20241007,A004,L008,1976.21,13147.349999999999,21114.78
20241007,A005,L008,2616.23,2938.6,5582.84
20241007,A008,L012,0.0,4141.37,3726.32
20241007,A009,L004,0.0,5524.05,2976.64
20241007,A010,L002,32142.16,18973.18,0.0
20241007,A012,L017,0.0,1084.02,1736.06
20241007,A017,L009,4891.97,17763.65,12072.36
20241008,A004,L008,0.0,11526.89,23564.27
20241008,A005,L008,5382.91,16586.96,1315.07
20241008,A006,L015,5767.35,0.0,0.0
20241008,A008,L012,0.0,0.0,4045.21
20241008,A009,L004,0.0,0.0,7392.35
20241008,A010,L002,3891.94,16249.11,2167.07
20241008,A013,L013,5099.3,0.0,5156.83
20241008,A017,L009,16169.789999999999,23828.5,12527.189999999999
20241009,A004,L008,16840.52,22791.64,8078.48
20241009,A005,L008,2549.48,0.0,0.0
20241009,A006,L015,6865.98,9573.12,1223.44
20241009,A008,L012,0.0,1525.3,2943.79
20241009,A009,L004,0.0,0.0,7238.52
20241009,A010,L002,11175.080000000002,1697.37,6747.29
20241009,A012,L017,12339.36,7702.95,0.0
20241009,A013,L013,7987.53,0.0,0.0
20241009,A017,L009,18825.4,8509.25,6552.82
20241010,A004,L008,8117.09,24265.08,8717.289999999999
20241010,A005,L008,12838.77,11158.67,5082.49
20241010,A006,L015,6210.18,2445.26,0.0
20241010,A008,L012,4562.57,8241.03,6508.09
20241010,A009,L004,0.0,2651.68,0.0
20241010,A010,L002,2566.2,0.0,0.0
20241010,A012,L017,0.0,0.0,1860.22
20241010,A017,L009,9789.82,11746.45,8895.65
20241011,A004,L008,29655.08,8649.6,4941.79
20241011,A005,L008,0.0,3456.9,2546.89
20241011,A008,L012,10278.46,2658.84,0.0
20241011,A009,L004,747.12,0.0,0.0
20241011,A010,L002,4109.71,4234.53,0.0
20241011,A012,L017,4680.57,0.0,0.0
20241011,A013,L013,2119.02,1337.38,6255.280000000001
20241011,A017,L009,10519.119999999999,6850.59,14445.140000000001
20241012,A004,L008,25674.45,3448.71,4333.1
20241012,A005,L008,6047.32,2081.54,7159.24
20241012,A008,L012,0.0,1412.38,1085.92
20241012,A009,L004,0.0,0.0,9119.98
20241012,A010,L002,6001.07,16853.2,1890.68
20241012,A012,L017,6106.08,0.0,0.0
20241012,A013,L013,4471.07,5851.5,0.0
20241012,A017,L009,8965.06,8557.539999999999,6264.15
20241013,A004,L008,25698.49,31821.84,9464.0
20241013,A005,L008,3007.11,4897.24,0.0
20241013,A006,L015,0.0,3897.56,6762.83
20241013,A008,L012,1766.06,6538.91,10140.039999999999
20241013,A009,L004,4427.79,2510.47,0.0
20241013,A010,L002,0.0,0.0,19744.27
20241013,A013,L013,0.0,2390.97,0.0
20241013,A017,L009,12033.970000000001,0.0,1728.32
20241014,A004,L008,23887.76,24732.62,33113.76
20241014,A005,L008,7032.89,0.0,14842.51
20241014,A006,L015,12096.01,3303.49,7807.09
20241014,A008,L012,8755.05,0.0,2874.88
20241014,A010,L002,8127.66,0.0,12623.19
20241014,A017,L009,7975.8099999999995,7540.08,5774.35
20241015,A004,L008,22093.3,4334.01,16234.9
20241015,A005,L008,4385.35,1392.53,8875.11
20241015,A006,L015,0.0,0.0,4479.1
20241015,A008,L012,1264.43,11154.51,0.0
20241015,A009,L004,0.0,0.0,4273.8
20241015,A010,L002,4469.27,0.0,0.0
20241015,A013,L013,0.0,0.0,4159.96
20241015,A017,L009,7718.030000000001,13170.92,6277.73
20241016,A004,L008,14008.66,17584.62,39209.49
20241016,A005,L008,4190.83,1088.84,954.57
20241016,A006,L015,0.0,0.0,7728.37
20241016,A008,L012,5154.96,6169.12,2326.66
20241016,A009,L004,0.0,4811.73,0.0
20241016,A010,L002,20449.61,1874.89,13150.59
20241016,A012,L017,0.0,2401.67,3289.26
20241016,A013,L013,0.0,9864.03,0.0
20241016,A017,L009,23276.760000000002,2586.0,9256.5
20241017,A004,L008,4301.19,13727.84,9149.01
20241017,A005,L008,3741.01,7243.39,797.88
20241017,A006,L015,5751.56,0.0,0.0
20241017,A008,L012,0.0,2959.91,2254.83
20241017,A009,L004,0.0,0.0,6078.15
20241017,A010,L002,3645.85,5574.11,2042.15
20241017,A012,L017,0.0,7301.16,6426.76
20241017,A013,L013,5378.16,0.0,9813.02
20241017,A017,L009,15230.32,10447.72,16555.059999999998
20241018,A004,L008,18007.379999999997,16661.42,9429.94
20241018,A005,L008,4508.66,6608.57,6061.04
20241018,A008,L012,3171.99,2141.46,4090.39
20241018,A010,L002,4413.02,13482.25,0.0
20241018,A012,L017,0.0,8130.75,0.0
20241018,A013,L013,0.0,5925.57,3999.31
20241018,A017,L009,24238.71,1585.9,21211.03
20241019,A004,L008,23052.38,0.0,19170.309999999998
20241019,A005,L008,2212.74,23200.85,0.0
20241019,A006,L015,0.0,3636.31,0.0
20241019,A008,L012,15512.949999999999,2924.24,0.0
20241019,A009,L004,0.0,2714.65,4670.05
20241019,A012,L017,6823.67,0.0,0.0
20241019,A017,L009,2637.39,10143.44,1331.4
20241020,A004,L008,20658.96,17841.72,14879.2
20241020,A005,L008,12235.91,5843.95,4959.41
20241020,A006,L015,0.0,0.0,6356.55
20241020,A008,L012,6074.47,0.0,0.0
20241020,A009,L004,5717.36,4731.58,0.0
20241020,A017,L009,11960.82,2346.51,3494.63
20241021,A004,L008,18059.71,32262.050000000003,19912.559999999998
20241021,A005,L008,10247.12,11015.68,6911.26
20241021,A006,L015,0.0,0.0,6751.93
20241021,A008,L012,5083.62,9250.69,12597.23
20241021,A009,L004,0.0,3824.5,0.0
20241021,A010,L002,6790.84,14897.17,4366.49
20241021,A012,L017,0.0,4385.95,0.0
20241021,A017,L009,14704.79,22613.28,3325.8199999999997
20241022,A004,L008,41644.61,13606.039999999999,17244.97
20241022,A005,L008,1346.61,14094.609999999999,3491.45
20241022,A008,L012,748.89,5328.68,0.0
20241022,A010,L002,2643.18,7408.540000000001,7297.49
20241022,A013,L013,11143.75,0.0,2408.73
20241022,A017,L009,22949.62,4101.2,10222.85
20241023,A004,L008,22768.52,18635.2,24978.18
20241023,A005,L008,0.0,11564.01,1372.77
20241023,A006,L015,0.0,5026.52,0.0
20241023,A008,L012,695.52,6480.01,1105.83
20241023,A009,L004,0.0,1931.11,0.0
20241023,A010,L002,0.0,16357.29,4345.0
20241023,A012,L017,10163.48,4345.23,0.0
20241023,A017,L009,2268.7,4607.96,19538.78
20241024,A004,L008,11111.04,7589.95,12329.43
20241024,A005,L008,2986.24,6096.24,14676.42
20241024,A006,L015,0.0,1546.4,0.0
20241024,A008,L012,5414.71,4936.16,3531.18
20241024,A010,L002,9698.78,11760.23,0.0
20241024,A012,L017,0.0,0.0,7654.56
20241024,A017,L009,17227.309999999998,2829.86,10654.09
20241025,A004,L008,14361.73,26809.85,20822.85
20241025,A005,L008,1843.97,10774.27,3525.68
20241025,A006,L015,6063.08,0.0,0.0
20241025,A008,L012,0.0,0.0,6853.09
20241025,A009,L004,0.0,7758.79,9568.29
20241025,A010,L002,1038.23,0.0,0.0
20241025,A012,L017,7132.04,0.0,0.0
20241025,A017,L009,6833.48,8322.01,15315.85
20241026,A004,L008,14447.56,38826.47,6370.91
20241026,A005,L008,7333.15,5483.35,2288.04
20241026,A006,L015,0.0,0.0,5910.92
20241026,A008,L012,0.0,3998.72,0.0
20241026,A009,L004,0.0,7598.18,0.0
20241026,A010,L002,12786.24,7130.72,3395.89
20241026,A012,L017,0.0,4178.45,0.0
20241026,A013,L013,7455.69,0.0,0.0
20241026,A017,L009,14367.7,12428.32,5025.3099999999995
20241027,A004,L008,18061.260000000002,12480.92,0.0
20241027,A005,L008,11760.57,5173.09,6804.25
20241027,A008,L012,5047.96,9764.99,9605.93
20241027,A009,L004,0.0,866.25,0.0
20241027,A010,L002,2569.12,1976.38,0.0
20241027,A012,L017,15077.38,0.0,4622.5
20241027,A013,L013,0.0,3982.67,4625.18
20241027,A017,L009,7870.969999999999,15418.67,14034.6
20241028,A004,L008,0.0,5152.91,9461.36
20241028,A005,L008,11411.11,19990.62,8132.3
20241028,A008,L012,1203.91,0.0,0.0
20241028,A010,L002,11649.04,2853.75,0.0
20241028,A012,L017,0.0,0.0,8242.83
20241028,A017,L009,2542.02,1926.59,9503.55
20241029,A004,L008,7772.68,6601.889999999999,12554.7
20241029,A005,L008,4215.05,9993.27,5573.35
20241029,A006,L015,0.0,3590.66,0.0
20241029,A008,L012,0.0,10236.07,0.0
20241029,A009,L004,1672.13,6231.92,0.0
20241029,A010,L002,0.0,0.0,2380.73
20241029,A013,L013,2675.19,0.0,1376.6
20241029,A017,L009,0.0,9196.41,16481.52
20241030,A004,L008,5297.25,15070.77,8585.01
20241030,A005,L008,3907.87,2578.83,2375.76
20241030,A008,L012,0.0,2476.21,0.0
20241030,A009,L004,4280.48,0.0,0.0
20241030,A010,L002,2738.74,5671.45,14859.439999999999
20241030,A013,L013,0.0,0.0,3504.88
20241030,A017,L009,3648.97,4442.76,14688.83
20241031,A004,L008,19889.93,4255.99,20993.39
20241031,A005,L008,1229.43,0.0,7143.44
20241031,A006,L015,0.0,0.0,5318.28
20241031,A008,L012,6467.2,15236.52,8073.52
20241031,A010,L002,9442.32,0.0,3305.59
20241031,A013,L013,2833.94,6112.72,5549.4
20241031,A017,L009,1647.76,20058.72,4714.68
20241101,A004,L008,6905.280000000001,14035.84,11354.619999999999
20241101,A005,L008,6706.01,10881.83,9255.24
20241101,A006,L015,0.0,0.0,5885.7
20241101,A008,L012,0.0,5601.18,2419.32
20241101,A009,L004,1682.42,7004.14,935.66
20241101,A010,L002,8045.530000000001,3917.9,0.0
20241101,A013,L013,0.0,0.0,6468.1
20241101,A017,L009,6294.639999999999,21010.100000000002,13885.08
20241102,A004,L008,30563.02,3934.46,18693.940000000002
20241102,A005,L008,0.0,711.33,5287.15
20241102,A006,L015,0.0,5397.88,0.0
20241102,A008,L012,7342.14,0.0,0.0
20241102,A009,L004,4312.46,9955.73,0.0
20241102,A010,L002,1519.55,0.0,0.0
20241102,A013,L013,4241.55,1907.8,0.0
20241102,A017,L009,0.0,13066.05,0.0
20241103,A004,L008,11070.68,14070.71,9438.52
20241103,A005,L008,4522.43,5998.84,11779.3
20241103,A006,L015,5920.71,8669.55,4521.46
20241103,A008,L012,12633.74,0.0,1616.26
20241103,A010,L002,2048.52,0.0,4913.52
20241103,A012,L017,0.0,0.0,3672.55
20241103,A017,L009,2144.14,1257.38,27081.760000000002
20241104,A004,L008,8137.24,7884.98,6806.17
20241104,A005,L008,6982.02,0.0,1566.7
20241104,A008,L012,0.0,10773.82,2421.33
20241104,A009,L004,0.0,6842.23,0.0
20241104,A010,L002,1885.71,1258.82,0.0
20241104,A013,L013,0.0,0.0,7707.31
20241104,A017,L009,0.0,14808.07,9212.75
20241105,A004,L008,22717.61,27652.15,4728.95
20241105,A005,L008,0.0,13251.72,0.0
20241105,A006,L015,3338.27,7284.39,3514.1
20241105,A008,L012,1781.1,0.0,14278.93
20241105,A010,L002,4047.26,12104.55,1471.18
20241105,A013,L013,0.0,0.0,6108.09
20241105,A017,L009,13945.89,9866.33,8959.49
20241106,A004,L008,20528.32,3170.76,5177.2
20241106,A005,L008,1766.2,7801.6,6521.31
20241106,A006,L015,0.0,0.0,2106.84
20241106,A008,L012,12236.04,0.0,3918.46
20241106,A009,L004,0.0,0.0,1378.87
20241106,A010,L002,5659.01,2068.39,10176.89
20241106,A012,L017,5500.6,3165.21,7716.0
20241106,A017,L009,13253.54,26922.81,0.0
20241107,A004,L008,13366.93,11439.51,19595.54
20241107,A005,L008,0.0,2075.2,5421.44
20241107,A009,L004,0.0,1470.2,3123.75
20241107,A010,L002,0.0,11376.06,0.0
20241107,A012,L017,0.0,6771.81,0.0
20241107,A013,L013,2737.32,0.0,0.0
20241107,A017,L009,9364.32,7956.4,7564.0199999999995
20241108,A004,L008,10184.46,6122.27,11177.29
20241108,A005,L008,1564.76,2878.14,14392.720000000001
20241108,A006,L015,2131.15,18615.46,0.0
20241108,A008,L012,0.0,15688.470000000001,5085.04
20241108,A009,L004,3841.67,0.0,4668.77
20241108,A010,L002,9667.94,19661.14,8245.55
20241108,A012,L017,0.0,3717.33,0.0
20241108,A013,L013,0.0,3078.45,0.0
20241108,A017,L009,12783.38,7644.5599999999995,14836.68
20241109,A004,L008,17682.94,11410.310000000001,9626.1
20241109,A005,L008,3790.73,4279.3,16793.58
20241109,A006,L015,1684.49,0.0,6913.35
20241109,A008,L012,10429.34,4292.87,0.0
20241109,A010,L002,14510.46,0.0,11797.29
20241109,A012,L017,0.0,8882.46,0.0
20241109,A013,L013,7260.29,0.0,2917.7
20241109,A017,L009,7197.71,4571.25,21282.6
20241110,A004,L008,16366.53,0.0,13317.080000000002
20241110,A005,L008,6786.0599999999995,3335.8199999999997,6389.02
20241110,A006,L015,0.0,9378.57,8288.42
20241110,A008,L012,0.0,0.0,3694.88
20241110,A009,L004,0.0,0.0,9714.94
20241110,A010,L002,9277.81,6011.9,2573.07
20241110,A013,L013,0.0,0.0,1158.1
20241110,A017,L009,537.28,0.0,4790.3099999999995
20241111,A004,L008,42062.53,14472.83,9730.65
20241111,A005,L008,11634.0,10355.68,16446.22
20241111,A008,L012,10723.900000000001,1923.09,9229.02
20241111,A009,L004,0.0,3284.25,3244.43
20241111,A010,L002,1447.67,2736.22,0.0
20241111,A012,L017,2984.81,3702.9,4946.78
20241111,A013,L013,1881.76,0.0,0.0
20241111,A017,L009,13279.29,3221.68,14861.2
20241112,A004,L008,6874.04,26545.87,15733.54
20241112,A005,L008,4110.41,11552.630000000001,1836.77
20241112,A008,L012,0.0,0.0,3337.43
20241112,A009,L004,0.0,447.1,0.0
20241112,A010,L002,2886.85,0.0,1875.37
20241112,A017,L009,8849.85,11138.44,23834.38
20241113,A004,L008,22578.57,19903.85,16248.03
20241113,A005,L008,7925.27,3408.0299999999997,17149.89
20241113,A006,L015,0.0,11151.09,0.0
20241113,A008,L012,0.0,5595.55,0.0
20241113,A010,L002,5772.61,512.17,5389.58
20241113,A013,L013,0.0,0.0,3819.84
20241113,A017,L009,6298.89,16593.03,21150.449999999997
20241114,A004,L008,16766.53,13743.71,6902.82
20241114,A005,L008,0.0,8436.77,0.0
20241114,A006,L015,0.0,1549.17,0.0
20241114,A010,L002,0.0,0.0,1399.38
20241114,A013,L013,8004.51,0.0,0.0
20241114,A017,L009,0.0,6630.049999999999,8991.17
20241115,A004,L008,7920.82,11099.02,40293.409999999996
20241115,A005,L008,2982.35,8079.71,0.0
20241115,A006,L015,0.0,0.0,3001.66
20241115,A008,L012,0.0,0.0,8824.6
20241115,A009,L004,0.0,1726.64,0.0
20241115,A010,L002,0.0,3518.07,6248.91
20241115,A012,L017,0.0,2140.73,7981.16
20241115,A013,L013,0.0,2588.84,0.0
20241115,A017,L009,10483.43,26306.09,2826.06
20241116,A004,L008,5784.82,9054.23,2310.2200000000003
20241116,A005,L008,9420.44,4569.84,20390.55
20241116,A006,L015,0.0,7583.2,0.0
20241116,A008,L012,4558.23,14938.580000000002,0.0
20241116,A009,L004,0.0,0.0,7694.52
20241116,A010,L002,8002.1,0.0,0.0
20241116,A012,L017,0.0,4610.33,0.0
20241116,A017,L009,16785.89,13734.939999999999,23420.09
20241117,A004,L008,8647.24,7234.72,9835.789999999999
20241117,A005,L008,13359.09,12573.279999999999,0.0
20241117,A006,L015,5803.96,0.0,9800.26
20241117,A008,L012,0.0,10870.31,0.0
20241117,A010,L002,0.0,3573.09,0.0
20241117,A012,L017,3954.18,4315.81,0.0
20241117,A013,L013,1846.59,2706.17,0.0
20241117,A017,L009,6991.969999999999,8715.57,0.0
20241118,A004,L008,16055.81,9130.56,21092.21
20241118,A005,L008,2637.53,6127.12,1738.91
20241118,A006,L015,0.0,0.0,1634.44
20241118,A008,L012,0.0,4129.26,1007.13
20241118,A009,L004,0.0,0.0,3729.7
20241118,A010,L002,0.0,1263.6,9872.79
20241118,A012,L017,7935.7,0.0,0.0
20241118,A017,L009,2042.21,5411.41,16495.579999999998
20241119,A004,L008,14237.23,7664.34,16395.13
20241119,A005,L008,411.79,14018.2,5479.58
20241119,A006,L015,0.0,0.0,9108.09
20241119,A008,L012,3177.87,5772.75,4600.06
20241119,A009,L004,0.0,6182.14,0.0
20241119,A010,L002,2054.14,8124.719999999999,7732.04
20241119,A012,L017,0.0,0.0,4488.12
20241119,A013,L013,0.0,0.0,10682.91
20241119,A017,L009,0.0,14244.01,6021.66
20241120,A004,L008,15372.75,12652.71,28887.63
20241120,A005,L008,1448.81,3642.61,7147.65
20241120,A006,L015,7515.48,771.5,6197.69
20241120,A008,L012,0.0,0.0,3549.29
20241120,A010,L002,8636.23,7328.43,0.0
20241120,A017,L009,988.51,7258.030000000001,0.0
20241121,A004,L008,2584.55,7918.5,7492.96
20241121,A005,L008,3007.13,0.0,13098.7
20241121,A006,L015,0.0,2816.62,0.0
20241121,A008,L012,0.0,0.0,2422.18
20241121,A010,L002,11520.210000000001,0.0,0.0
20241121,A012,L017,6841.03,5510.39,0.0
20241121,A017,L009,21339.71,20076.68,19286.09
20241122,A004,L008,26315.6,28768.05,28465.149999999998
20241122,A005,L008,6931.57,0.0,7435.86
20241122,A006,L015,0.0,0.0,7099.81
20241122,A008,L012,0.0,0.0,3592.75
20241122,A009,L004,0.0,5163.7,7711.91
20241122,A010,L002,3337.34,9510.380000000001,15053.93
20241122,A013,L013,0.0,2701.92,0.0
20241122,A017,L009,20768.29,3753.7,5865.27
20241123,A004,L008,31285.32,25851.38,13240.93
20241123,A005,L008,7549.6900000000005,4724.15,4984.59
20241123,A008,L012,1509.38,0.0,20196.52
20241123,A009,L004,1100.74,0.0,3942.4
20241123,A010,L002,5650.26,10807.82,0.0
20241123,A012,L017,0.0,0.0,9089.53
20241123,A017,L009,0.0,4256.27,21938.64
20241124,A004,L008,4583.96,25211.23,12771.56
20241124,A005,L008,4244.28,9500.609999999999,0.0
20241124,A008,L012,3325.33,6954.34,4221.26
20241124,A010,L002,7194.49,1474.75,5411.5599999999995
20241124,A013,L013,0.0,6137.89,2355.6
20241124,A017,L009,10915.23,7735.09,10078.68
20241125,A004,L008,12610.44,9438.86,13016.55
20241125,A005,L008,3709.77,9530.38,1727.93
20241125,A006,L015,4554.49,0.0,0.0
20241125,A008,L012,14526.71,0.0,6716.450000000001
20241125,A010,L002,0.0,7107.73,0.0
20241125,A012,L017,0.0,0.0,4092.96
20241125,A013,L013,7816.43,0.0,0.0
20241125,A017,L009,10271.05,15475.44,1182.27
20241126,A004,L008,11272.77,9686.66,11370.3
20241126,A006,L015,0.0,0.0,5720.39
20241126,A008,L012,5468.45,0.0,3172.61
20241126,A009,L004,7540.48,6536.69,6572.25
20241126,A010,L002,0.0,2052.42,0.0
20241126,A013,L013,8067.17,3672.91,0.0
20241126,A017,L009,4490.12,7894.23,0.0
20241127,A004,L008,28145.28,12690.68,7354.969999999999
20241127,A005,L008,3239.74,1914.91,20791.2
20241127,A006,L015,0.0,0.0,2093.02
20241127,A010,L002,12536.14,3321.49,0.0
20241127,A012,L017,0.0,0.0,6967.29
20241127,A017,L009,18799.94,0.0,11542.509999999998
20241128,A004,L008,5558.57,6994.02,4245.15
20241128,A005,L008,4946.16,5879.45,0.0
20241128,A006,L015,0.0,5628.5599999999995,3529.03
20241128,A008,L012,4645.360000000001,3843.98,0.0
20241128,A009,L004,2238.77,0.0,6672.52
20241128,A010,L002,5860.6,3292.19,2297.8
20241128,A012,L017,0.0,6942.66,2960.41
20241128,A017,L009,19685.93,16722.12,9849.14
20241129,A004,L008,12894.64,13627.72,623.05
20241129,A005,L008,0.0,16355.02,13459.19
20241129,A006,L015,3917.33,0.0,0.0
20241129,A008,L012,10644.949999999999,4238.37,0.0
20241129,A009,L004,1827.63,5931.98,0.0
20241129,A012,L017,3635.99,0.0,0.0
20241129,A017,L009,3980.29,13095.3,2661.69
20241130,A004,L008,14914.380000000001,12732.19,21159.99
20241130,A005,L008,0.0,15891.11,8924.3
20241130,A006,L015,4595.38,11610.47,0.0
20241130,A008,L012,0.0,0.0,8126.82
20241130,A009,L004,0.0,11440.27,6168.22
20241130,A012,L017,0.0,2875.69,0.0
20241130,A013,L013,0.0,6007.98,0.0
20241130,A017,L009,25663.6,15135.52,6191.85
20241201,A004,L008,6252.04,16245.15,27092.07
20241201,A005,L008,10936.13,4272.24,647.08
20241201,A008,L012,0.0,0.0,7276.57
20241201,A010,L002,6074.79,0.0,0.0
20241201,A012,L017,0.0,2485.06,0.0
20241201,A013,L013,0.0,0.0,3087.83
20241201,A017,L009,14823.2,7420.76,14881.78
20241202,A004,L008,7511.42,12186.49,16505.58
20241202,A005,L008,13486.48,10013.01,3995.49
20241202,A009,L004,1487.14,1696.98,0.0
20241202,A010,L002,2787.01,0.0,1536.26
20241202,A012,L017,0.0,3965.81,0.0
20241202,A013,L013,0.0,4819.52,3351.37
20241202,A017,L009,5239.610000000001,8957.34,22897.31
20241203,A004,L008,20281.68,10299.93,8755.67
20241203,A005,L008,20049.4,7635.98,0.0
20241203,A008,L012,0.0,10993.75,4569.9800000000005
20241203,A009,L004,5617.13,2079.46,3625.02
20241203,A010,L002,9250.62,7691.61,0.0
20241203,A012,L017,0.0,7009.4,0.0
20241203,A013,L013,9149.27,0.0,2804.8
20241203,A017,L009,5426.219999999999,14423.83,17175.55
20241204,A004,L008,14054.96,15731.48,5517.48
20241204,A005,L008,1898.66,0.0,5769.66
20241204,A006,L015,2357.22,0.0,0.0
20241204,A008,L012,0.0,0.0,1792.76
20241204,A009,L004,1863.61,6695.24,3649.81
20241204,A010,L002,9397.03,13712.269999999999,5536.33
20241204,A012,L017,5864.360000000001,10444.18,0.0
20241204,A017,L009,3858.24,1201.17,0.0
20241205,A004,L008,0.0,10837.46,6274.33
20241205,A005,L008,13324.54,0.0,21744.129999999997
20241205,A006,L015,0.0,981.62,0.0
20241205,A008,L012,0.0,3970.68,0.0
20241205,A009,L004,3622.54,0.0,0.0
20241205,A010,L002,3949.72,0.0,0.0
20241205,A012,L017,3178.92,0.0,0.0
20241205,A013,L013,10796.47,0.0,0.0
20241205,A017,L009,10845.53,8150.75,4406.51
20241206,A004,L008,18861.75,16224.18,32954.21
20241206,A006,L015,4568.74,1374.39,0.0
20241206,A008,L012,7081.75,10824.54,0.0
20241206,A010,L002,10846.33,2285.0,1140.78
20241206,A012,L017,5067.9400000000005,0.0,0.0
20241206,A013,L013,0.0,5781.86,5685.02
20241206,A017,L009,23541.530000000002,0.0,16847.47
20241207,A004,L008,14185.29,39383.19,20965.94
20241207,A005,L008,3466.52,11451.78,6543.46
20241207,A006,L015,9011.59,2067.28,0.0
20241207,A008,L012,0.0,5783.13,0.0
20241207,A009,L004,0.0,1064.4,0.0
20241207,A010,L002,4560.24,2698.92,6014.99
20241207,A012,L017,0.0,0.0,5555.969999999999
20241207,A013,L013,1951.25,0.0,0.0
20241207,A017,L009,24041.85,9689.41,19050.03
20241208,A004,L008,5082.9400000000005,7246.13,4144.69
20241208,A005,L008,0.0,1008.72,4121.11
20241208,A006,L015,0.0,0.0,4892.09
20241208,A010,L002,7524.3,713.2,2860.16
20241208,A012,L017,1901.69,1379.46,0.0
20241208,A017,L009,8745.61,4219.38,22155.239999999998
20241209,A004,L008,27658.03,25178.9,25810.23
20241209,A005,L008,4545.55,0.0,5186.37
20241209,A008,L012,0.0,3221.1,3180.4700000000003
20241209,A010,L002,0.0,11542.34,0.0
20241209,A012,L017,2040.82,0.0,6172.6
20241209,A013,L013,0.0,0.0,3543.53
20241209,A017,L009,6480.65,0.0,5401.65
20241210,A004,L008,43458.58,22405.68,18568.04
20241210,A005,L008,0.0,2091.97,0.0
20241210,A006,L015,6962.73,0.0,0.0
20241210,A008,L012,2443.53,0.0,4047.5
20241210,A009,L004,0.0,4034.54,5689.87
20241210,A010,L002,0.0,3495.82,9192.13
20241210,A012,L017,3575.2,0.0,0.0
20241210,A013,L013,0.0,5557.62,8215.92
20241210,A017,L009,3191.9,18757.23,22338.61
20241211,A004,L008,18445.72,2433.77,9322.41
20241211,A005,L008,5040.01,3552.68,0.0
20241211,A008,L012,11327.050000000001,6999.39,6326.91
20241211,A010,L002,7904.59,6504.66,0.0
20241211,A012,L017,0.0,3943.5,0.0
20241211,A017,L009,15306.02,30655.15,1985.71
20241212,A004,L008,2644.6,16440.47,12681.140000000001
20241212,A005,L008,18146.06,16844.239999999998,2644.57
20241212,A006,L015,0.0,0.0,7944.8
20241212,A010,L002,5513.02,14728.939999999999,8139.84
20241212,A012,L017,7443.76,7803.46,0.0
20241212,A013,L013,9239.83,0.0,2492.79
20241212,A017,L009,3686.15,19918.14,6582.7
20241213,A004,L008,14329.5,20463.99,12121.369999999999
20241213,A005,L008,0.0,4072.1400000000003,5615.85
20241213,A006,L015,9879.119999999999,0.0,3836.98
20241213,A008,L012,4548.57,0.0,0.0
20241213,A009,L004,0.0,0.0,7176.35
20241213,A010,L002,4011.63,1818.08,5458.09
20241213,A017,L009,0.0,14414.630000000001,2028.98
20241214,A004,L008,21468.92,21345.82,14977.77
20241214,A005,L008,3668.31,686.24,11849.95
20241214,A006,L015,0.0,0.0,1877.9099999999999
20241214,A008,L012,16523.55,0.0,4139.62
20241214,A009,L004,3925.32,0.0,2352.64
20241214,A010,L002,4556.360000000001,0.0,0.0
20241214,A013,L013,1263.65,3980.9,6893.09
20241214,A017,L009,3709.06,850.05,39214.93
20241215,A004,L008,19964.07,19959.77,18374.46
20241215,A005,L008,15081.039999999999,1796.02,11012.52
20241215,A006,L015,7678.25,8578.05,0.0
20241215,A008,L012,0.0,0.0,1221.34
20241215,A010,L002,13588.119999999999,9870.17,6278.610000000001
20241215,A012,L017,0.0,0.0,4153.76
20241215,A013,L013,2438.5,0.0,0.0
20241215,A017,L009,27575.85,15152.29,19742.35
20241216,A004,L008,10344.039999999999,5861.1900000000005,22908.0
20241216,A005,L008,10208.91,4853.19,2180.94
20241216,A006,L015,0.0,4497.45,0.0
20241216,A008,L012,0.0,0.0,5777.52
20241216,A010,L002,0.0,3483.63,3615.52
20241216,A012,L017,0.0,0.0,1403.95
20241216,A013,L013,0.0,9999.69,0.0
20241216,A017,L009,11491.49,2309.86,5243.18
20241217,A004,L008,19468.45,17333.31,8212.33
20241217,A005,L008,0.0,13665.74,0.0
20241217,A006,L015,8107.81,0.0,0.0
20241217,A008,L012,3349.96,0.0,0.0
20241217,A009,L004,6232.28,0.0,0.0
20241217,A010,L002,829.29,0.0,6778.13
20241217,A012,L017,0.0,4394.57,11570.189999999999
20241217,A013,L013,9271.79,0.0,0.0
20241217,A017,L009,12515.07,9106.75,23884.9
20241218,A004,L008,18744.39,6446.91,6544.209999999999
20241218,A005,L008,13192.16,0.0,3655.82
20241218,A008,L012,10024.82,0.0,0.0
20241218,A009,L004,0.0,9586.34,1212.69
20241218,A010,L002,0.0,4265.86,8513.36
20241218,A012,L017,3115.67,0.0,1108.53
20241218,A017,L009,24426.22,28962.3,27803.48
20241219,A004,L008,14735.67,13431.23,1683.92
20241219,A005,L008,15877.04,715.85,7390.0
20241219,A006,L015,2312.52,0.0,0.0
20241219,A008,L012,2987.91,0.0,1885.96
20241219,A009,L004,0.0,0.0,8629.66
20241219,A010,L002,3707.42,0.0,8524.19
20241219,A013,L013,0.0,0.0,8208.62
20241219,A017,L009,16947.22,3599.24,24007.54
20241220,A004,L008,20650.43,5579.72,4196.67
20241220,A005,L008,16511.41,24659.61,0.0
20241220,A006,L015,2719.91,8929.11,0.0
20241220,A008,L012,3635.94,11817.5,1027.25
20241220,A009,L004,11864.55,1708.57,0.0
20241220,A010,L002,13733.66,11952.78,0.0
20241220,A012,L017,0.0,2737.96,0.0
20241220,A013,L013,8668.61,9103.67,8396.77
20241220,A017,L009,17094.13,19726.6,8697.83
20241221,A004,L008,8926.37,9650.87,1593.01
20241221,A005,L008,0.0,0.0,2401.1
20241221,A006,L015,0.0,0.0,4746.06
20241221,A008,L012,0.0,11539.81,0.0
20241221,A009,L004,1730.41,0.0,0.0
20241221,A010,L002,11195.73,0.0,12075.7
20241221,A012,L017,1450.27,0.0,5433.6900000000005
20241221,A013,L013,2668.49,7764.23,0.0
20241221,A017,L009,6195.1900000000005,20517.12,12650.06
20241222,A004,L008,14150.02,6539.110000000001,10924.279999999999
20241222,A005,L008,5732.0,0.0,3630.73
20241222,A006,L015,10866.37,2411.88,2572.03
20241222,A008,L012,3951.28,0.0,8981.93
20241222,A010,L002,3857.88,9750.57,1640.9
20241222,A012,L017,9348.85,3474.63,0.0
20241222,A013,L013,5648.83,0.0,0.0
20241222,A017,L009,8875.289999999999,18946.57,12799.51
20241223,A004,L008,11633.36,10905.95,7204.5599999999995
20241223,A005,L008,10546.279999999999,5942.21,0.0
20241223,A006,L015,8927.45,0.0,2897.18
20241223,A008,L012,4137.43,7235.539999999999,1583.68
20241223,A010,L002,0.0,0.0,3432.45
20241223,A012,L017,0.0,0.0,8818.55
20241223,A017,L009,21694.940000000002,9868.54,6820.99
20241224,A004,L008,2249.12,23760.82,28036.04
20241224,A005,L008,3701.3199999999997,0.0,1520.71
20241224,A008,L012,2104.32,0.0,0.0
20241224,A017,L009,3362.76,14034.58,20562.94
20241225,A004,L008,20732.059999999998,14810.0,19196.829999999998
20241225,A005,L008,1881.51,11535.86,1451.4
20241225,A006,L015,0.0,13358.34,0.0
20241225,A008,L012,0.0,4475.3,2934.58
20241225,A009,L004,6902.66,0.0,0.0
20241225,A010,L002,0.0,4822.97,1897.76
20241225,A012,L017,0.0,2969.52,0.0
20241225,A017,L009,24072.79,7411.34,4837.14
20241226,A004,L008,12765.18,8338.52,8399.689999999999
20241226,A005,L008,16179.199999999999,4050.12,7957.24
20241226,A006,L015,6509.66,6474.44,7996.53
20241226,A008,L012,0.0,2597.16,13534.970000000001
20241226,A009,L004,4105.34,0.0,0.0
20241226,A010,L002,3504.06,3977.04,0.0
20241226,A013,L013,5693.55,10597.2,0.0
20241226,A017,L009,0.0,4664.83,8836.89
20241227,A004,L008,3241.27,6282.29,34792.520000000004
20241227,A005,L008,0.0,5343.95,10470.96
20241227,A006,L015,0.0,0.0,13723.74
20241227,A008,L012,0.0,0.0,938.21
20241227,A010,L002,859.34,11143.58,4443.59
20241227,A012,L017,1444.56,0.0,4548.03
20241227,A013,L013,0.0,0.0,1604.56
20241227,A017,L009,15383.46,2466.26,6997.79
20241228,A004,L008,4361.82,25802.17,9614.650000000001
20241228,A005,L008,14116.960000000001,7237.87,4947.54
20241228,A006,L015,3768.19,5462.81,0.0
20241228,A008,L012,0.0,0.0,15161.47
20241228,A009,L004,2552.6,0.0,0.0
20241228,A010,L002,9594.54,2194.97,2974.64
20241228,A012,L017,0.0,0.0,11527.41
20241228,A013,L013,0.0,2366.93,0.0
20241228,A017,L009,17302.23,3010.51,16987.58
20241229,A004,L008,10092.36,20443.68,0.0
20241229,A005,L008,0.0,1684.32,17146.64
20241229,A006,L015,2804.25,0.0,2129.73
20241229,A008,L012,7987.91,17475.99,0.0
20241229,A010,L002,0.0,12386.170000000002,13065.74
20241229,A012,L017,2072.68,0.0,4915.43
20241229,A013,L013,0.0,0.0,14950.92
20241229,A017,L009,12089.57,1250.72,0.0
20241230,A004,L008,8482.82,4669.11,14458.18
20241230,A005,L008,6460.99,17708.760000000002,12945.039999999999
20241230,A006,L015,0.0,0.0,13294.25
20241230,A010,L002,16536.690000000002,18344.13,15646.529999999999
20241230,A012,L017,0.0,6403.18,0.0
20241230,A013,L013,1468.14,0.0,4667.74
20241230,A017,L009,4288.37,1227.42,8401.04
20241231,A004,L008,27429.82,11030.259999999998,24497.420000000002
20241231,A005,L008,3790.24,8365.650000000001,10424.7
20241231,A006,L015,0.0,0.0,3991.39
20241231,A008,L012,0.0,4895.780000000001,5819.4400000000005
20241231,A009,L004,6185.86,3747.96,0.0
20241231,A010,L002,0.0,745.51,2375.1
20241231,A012,L017,0.0,2544.67,0.0
20241231,A013,L013,0.0,6796.17,0.0
20241231,A017,L009,6518.99,28132.36,5986.320000000001
