MaintenanceID,DateKey,EquipmentID,AreaID,WorkTypeID,PriorityID,FailureMode,SystemCategory,DowntimeHours,RepairHours,MaintenanceCost,PlannedFlag,_SourceFile,_ExportedAt,_LegacyRowNumber,EquipmentName_Source
MT000001,20240208,EQ0026,A004,WT2,P4,Falla de pala,Control,4.39,2.72,6028.83,False,training_fact_mantenimiento_export.csv,2026-06-23T00:00:00,1,Pala eléctrica Sintético 0026
MT000002,20241014,EQ0058,A005,WT2,P2,Desgaste de neumáticos,Seguridad,13.26,11.22,15173.82,False,training_fact_mantenimiento_export.csv,2026-06-23T00:00:00,2,Alimentador Sintético 0058
MT000003,20240630,EQ0001,A017,WT2,P1,Pérdida de comunicación PLC,Control,4.63,1.97,10102.88,False,training_fact_mantenimiento_export.csv,2026-06-23T00:00:00,3,PLC Sintético 0001
MT000004,20240412,EQ0046,A004,WT2,P3,Falla de pala,Mecánico,7.66,5.56,14078.16,False,training_fact_mantenimiento_export.csv,2026-06-23T00:00:00,4,Perforadora Sintético 0046
MT000005,20240415,EQ0054,A005,WT1,P2,Falla eléctrica,Chancado,9.66,5.94,21350.83,True,training_fact_mantenimiento_export.csv,2026-06-23T00:00:00,5,Chancador primario Sintético 0054
MT000006,20240305,EQ0054,A005,WT2,P4,Falla eléctrica,Chancado,19.56,17.19,22422.42,False,training_fact_mantenimiento_export.csv,2026-06-23T00:00:00,6,Chancador primario Sintético 0054
MT000007,20241109,EQ0021,A005,WT2,P2,Falla de pala,Energía,6.16,4.51,4721.87,False,training_fact_mantenimiento_export.csv,2026-06-23T00:00:00,7,Alimentador Sintético 0021
MT000008,20240817,EQ0018,A009,WT2,P3,Falla eléctrica,Mecánico,8.17,4.37,16906.64,False,training_fact_mantenimiento_export.csv,2026-06-23T00:00:00,8,Celda de flotación Sintético 0018
MT000009,20240906,EQ0016,A017,WT1,P1,Pérdida de comunicación PLC,Control,0.34,0.28,438.68,True,training_fact_mantenimiento_export.csv,2026-06-23T00:00:00,9,Switch industrial Sintético 0016
MT000010,20241117,EQ0052,A010,WT2,P2,Corte de correa,Seguridad,3.09,1.87,4840.84,False,training_fact_mantenimiento_export.csv,2026-06-23T00:00:00,10,Sistema de relaves Sintético 0052
MT000011,20240306,EQ0046,A004,WT2,P3,Alta vibración,Mecánico,8.78,7.22,16296.86,False,training_fact_mantenimiento_export.csv,2026-06-23T00:00:00,11,Perforadora Sintético 0046
MT000012,20240614,EQ0047,A004,WT2,P1,Desalineamiento de correa,Energía,6.6,2.94,10976.93,False,training_fact_mantenimiento_export.csv,2026-06-23T00:00:00,12,Bulldozer Sintético 0047
MT000013,20240710,EQ0050,A004,WT2,P3,Falla de motor,Energía,4.39,2.59,8851.24,False,training_fact_mantenimiento_export.csv,2026-06-23T00:00:00,13,Motoniveladora Sintético 0050
MT000014,20240604,EQ0009,A004,WT2,P4,Falla de motor,Hidráulico,3.11,2.19,3578.52,False,training_fact_mantenimiento_export.csv,2026-06-23T00:00:00,14,Camión CAEX Sintético 0009
MT000015,20240428,EQ0055,A010,WT2,P2,Falla de instrumentación,Eléctrico,4.87,2.2,3019.88,False,training_fact_mantenimiento_export.csv,2026-06-23T00:00:00,15,Espesador Sintético 0055
MT000016,20240630,EQ0020,A013,WT2,P3,Obstrucción de chute,Energía,20.97,13.99,23223.0,False,training_fact_mantenimiento_export.csv,2026-06-23T00:00:00,16,Medidor de energía Sintético 0020
MT000017,20241025,EQ0047,A004,WT1,P3,Desalineamiento de correa,Energía,3.12,2.75,4602.21,True,training_fact_mantenimiento_export.csv,2026-06-23T00:00:00,17,Bulldozer Sintético 0047
MT000018,20240227,EQ0043,A012,WT2,P3,Falla de bomba de pulpa,Bombas,3.79,1.58,7281.77,False,training_fact_mantenimiento_export.csv,2026-06-23T00:00:00,18,Bomba de pulpa Sintético 0043
MT000019,20241115,EQ0022,A004,WT1,P1,Falla de transmisión,Eléctrico,1.01,0.64,2011.01,True,training_fact_mantenimiento_export.csv,2026-06-23T00:00:00,19,Sistema dispatch Sintético 0022
MT000020,20240423,EQ0020,A013,WT1,P3,Falla de transmisión,Seguridad,1.62,1.35,2523.89,True,training_fact_mantenimiento_export.csv,2026-06-23T00:00:00,20,Medidor de energía Sintético 0020
MT000021,20240131,EQ0039,A008,WT1,P3,Trip de variador,Molienda,1.4,0.63,2742.86,True,training_fact_mantenimiento_export.csv,2026-06-23T00:00:00,21,Molino SAG Sintético 0039
MT000022,20240615,EQ0016,A017,WT1,P3,Deriva de sensor,Control,0.79,0.32,1234.52,True,training_fact_mantenimiento_export.csv,2026-06-23T00:00:00,22,Switch industrial Sintético 0016
MT000023,20240809,EQ0037,A017,WT1,P3,Pérdida de comunicación PLC,Control,1.85,1.21,1708.28,True,training_fact_mantenimiento_export.csv,2026-06-23T00:00:00,23,Servidor SCADA Sintético 0037
MT000024,20241230,EQ0060,A017,WT2,P3,Pérdida de comunicación PLC,Control,6.38,5.87,12180.96,False,training_fact_mantenimiento_export.csv,2026-06-23T00:00:00,24,RTU Sintético 0060
MT000025,20241009,EQ0019,A004,WT2,P3,Falla eléctrica,Instrumentación,1.74,1.32,2811.38,False,training_fact_mantenimiento_export.csv,2026-06-23T00:00:00,25,Camión aljibe Sintético 0019
MT000026,20240522,EQ0030,A006,WT2,P1,Obstrucción de chute,Correas,19.16,16.67,29820.79,False,training_fact_mantenimiento_export.csv,2026-06-23T00:00:00,26,Correa transportadora Sintético 0030
MT000027,20240114,EQ0017,A004,WT1,P2,Fuga hidráulica,Hidráulico,1.72,1.57,3486.89,True,training_fact_mantenimiento_export.csv,2026-06-23T00:00:00,27,Pala eléctrica Sintético 0017
MT000028,20240119,EQ0021,A005,WT2,P3,Corte de correa,Seguridad,7.36,4.95,3861.94,False,training_fact_mantenimiento_export.csv,2026-06-23T00:00:00,28,Alimentador Sintético 0021
MT000029,20241006,EQ0003,A004,WT1,P1,Falla de instrumentación,Instrumentación,3.66,1.54,3304.06,True,training_fact_mantenimiento_export.csv,2026-06-23T00:00:00,29,Cargador frontal Sintético 0003
MT000030,20240403,EQ0022,A004,WT1,P2,Desgaste de neumáticos,Instrumentación,2.63,1.15,4702.22,True,training_fact_mantenimiento_export.csv,2026-06-23T00:00:00,30,Sistema dispatch Sintético 0022
MT000031,20240725,EQ0034,A010,WT2,P1,Fuga hidráulica,Eléctrico,2.49,1.97,2187.16,False,training_fact_mantenimiento_export.csv,2026-06-23T00:00:00,31,Filtro Sintético 0034
MT000032,20241206,EQ0038,A004,WT1,P2,Bloqueo de chancador,Seguridad,1.97,1.49,1628.47,True,training_fact_mantenimiento_export.csv,2026-06-23T00:00:00,32,Camión aljibe Sintético 0038
MT000033,20240419,EQ0025,A004,WT1,P3,Falla de motor,Energía,0.58,0.3,1338.1,True,training_fact_mantenimiento_export.csv,2026-06-23T00:00:00,33,Bulldozer Sintético 0025
MT000034,20241103,EQ0039,A008,WT1,P3,Desgaste de revestimientos,Molienda,5.59,4.54,12673.67,True,training_fact_mantenimiento_export.csv,2026-06-23T00:00:00,34,Molino SAG Sintético 0039
MT000035,20240427,EQ0002,A004,WT2,P3,Falla de transmisión,Mecánico,3.3,1.71,6533.77,False,training_fact_mantenimiento_export.csv,2026-06-23T00:00:00,35,Camión CAEX Sintético 0002
MT000036,20240815,EQ0052,A010,WT2,P1,Baja presión,Mecánico,3.83,2.68,2494.29,False,training_fact_mantenimiento_export.csv,2026-06-23T00:00:00,36,Sistema de relaves Sintético 0052
MT000037,20240121,EQ0014,A010,WT1,P3,Sobrecalentamiento,Energía,1.64,0.97,3239.29,True,training_fact_mantenimiento_export.csv,2026-06-23T00:00:00,37,Espesador Sintético 0014
MT000038,20240714,EQ0040,A008,WT1,P3,Desgaste de revestimientos,Molienda,4.31,3.37,8533.69,True,training_fact_mantenimiento_export.csv,2026-06-23T00:00:00,38,Molino de bolas Sintético 0040
MT000039,20240916,EQ0008,A017,WT1,P1,Deriva de sensor,Control,0.92,0.71,1063.64,True,training_fact_mantenimiento_export.csv,2026-06-23T00:00:00,39,Servidor SCADA Sintético 0008
MT000040,20240822,EQ0057,A017,WT1,P3,Pérdida de comunicación PLC,Control,1.21,1.02,2320.91,True,training_fact_mantenimiento_export.csv,2026-06-23T00:00:00,40,Sistema de control distribuido Sintético 0057
MT000041,20241130,EQ0025,A004,WT2,P3,Desalineamiento de correa,Seguridad,6.52,3.52,4066.51,False,training_fact_mantenimiento_export.csv,2026-06-23T00:00:00,41,Bulldozer Sintético 0025
MT000042,20241218,EQ0035,A004,WT1,P3,Falla de pala,Control,5.05,3.07,6752.38,True,training_fact_mantenimiento_export.csv,2026-06-23T00:00:00,42,Perforadora Sintético 0035
MT000043,20240724,EQ0025,A004,WT1,P3,Pérdida de comunicación PLC,Instrumentación,2.73,1.39,1490.62,True,training_fact_mantenimiento_export.csv,2026-06-23T00:00:00,43,Bulldozer Sintético 0025
MT000044,20240609,EQ0030,A006,WT2,P1,Obstrucción de chute,Correas,11.83,8.05,25670.53,False,training_fact_mantenimiento_export.csv,2026-06-23T00:00:00,44,Correa transportadora Sintético 0030
MT000045,20240114,EQ0049,A005,WT1,P2,Alta vibración,Chancado,3.86,1.57,4367.28,True,training_fact_mantenimiento_export.csv,2026-06-23T00:00:00,45,Chancador secundario Sintético 0049
MT000046,20241019,EQ0048,A004,WT2,P3,Falla de pala,Control,5.66,5.03,4414.12,False,training_fact_mantenimiento_export.csv,2026-06-23T00:00:00,46,Pala eléctrica Sintético 0048
MT000047,20240308,EQ0009,A004,WT1,P3,Desgaste de neumáticos,Mecánico,4.31,2.47,4580.41,True,training_fact_mantenimiento_export.csv,2026-06-23T00:00:00,47,Camión CAEX Sintético 0009
MT000048,20241117,EQ0013,A017,WT1,P3,Falla de instrumentación,Control,2.86,1.62,1884.12,True,training_fact_mantenimiento_export.csv,2026-06-23T00:00:00,48,Servidor Historiador Sintético 0013
MT000049,20240914,EQ0021,A005,WT1,P2,Falla de pala,Eléctrico,10.57,6.5,6996.7,True,training_fact_mantenimiento_export.csv,2026-06-23T00:00:00,49,Alimentador Sintético 0021
MT000050,20240317,EQ0039,A008,WT2,P4,Trip de variador,Molienda,3.92,2.22,5388.16,False,training_fact_mantenimiento_export.csv,2026-06-23T00:00:00,50,Molino SAG Sintético 0039
MT000051,20240419,EQ0036,A004,WT1,P2,Fuga hidráulica,Mecánico,6.59,4.98,5179.5,True,training_fact_mantenimiento_export.csv,2026-06-23T00:00:00,51,Sistema dispatch Sintético 0036
MT000052,20240521,EQ0025,A004,WT1,P2,Falla de bomba de pulpa,Instrumentación,1.37,1.26,2663.55,True,training_fact_mantenimiento_export.csv,2026-06-23T00:00:00,52,Bulldozer Sintético 0025
MT000053,20240619,EQ0017,A004,WT1,P2,Alta vibración,Mecánico,2.4,1.61,3462.25,True,training_fact_mantenimiento_export.csv,2026-06-23T00:00:00,53,Pala eléctrica Sintético 0017
MT000054,20240920,EQ0009,A004,WT2,P3,Falla de transmisión,Mecánico,2.72,2.29,8483.69,False,training_fact_mantenimiento_export.csv,2026-06-23T00:00:00,54,Camión CAEX Sintético 0009
MT000055,20240408,EQ0004,A017,WT1,P3,Falla de instrumentación,Instrumentación,2.03,1.15,4174.09,True,training_fact_mantenimiento_export.csv,2026-06-23T00:00:00,55,Sensor de vibración Sintético 0004
MT000056,20240326,EQ0020,A013,WT2,P4,Sobrecalentamiento,Seguridad,3.26,2.01,6155.73,False,training_fact_mantenimiento_export.csv,2026-06-23T00:00:00,56,Medidor de energía Sintético 0020
MT000057,20240528,EQ0050,A004,WT1,P2,Desgaste de neumáticos,Energía,1.35,1.21,1060.91,True,training_fact_mantenimiento_export.csv,2026-06-23T00:00:00,57,Motoniveladora Sintético 0050
MT000058,20240426,EQ0038,A004,WT1,P3,Baja presión,Energía,0.92,0.38,1242.16,True,training_fact_mantenimiento_export.csv,2026-06-23T00:00:00,58,Camión aljibe Sintético 0038
MT000059,20240421,EQ0025,A004,WT1,P2,Falla de pala,Eléctrico,2.34,1.56,5235.33,True,training_fact_mantenimiento_export.csv,2026-06-23T00:00:00,59,Bulldozer Sintético 0025
MT000060,20240508,EQ0057,A017,WT2,P2,Pérdida de comunicación PLC,Control,7.73,6.6,14993.19,False,training_fact_mantenimiento_export.csv,2026-06-23T00:00:00,60,Sistema de control distribuido Sintético 0057
MT000061,20241020,EQ0060,A017,WT1,P4,Pérdida de comunicación PLC,Control,12.17,8.84,18393.18,True,training_fact_mantenimiento_export.csv,2026-06-23T00:00:00,61,RTU Sintético 0060
MT000062,20241222,EQ0034,A010,WT1,P2,Falla de sello mecánico,Eléctrico,3.38,1.48,5127.23,True,training_fact_mantenimiento_export.csv,2026-06-23T00:00:00,62,Filtro Sintético 0034
MT000063,20240205,EQ0031,A017,WT2,P2,Alta vibración,Instrumentación,6.67,2.76,7491.29,False,training_fact_mantenimiento_export.csv,2026-06-23T00:00:00,63,Sensor de vibración Sintético 0031
MT000064,20240911,EQ0025,A004,WT1,P3,Falla de sello mecánico,Mecánico,1.61,1.42,3384.27,True,training_fact_mantenimiento_export.csv,2026-06-23T00:00:00,64,Bulldozer Sintético 0025
MT000065,20240517,EQ0049,A005,WT2,P3,Falla eléctrica,Chancado,8.14,4.98,17954.85,False,training_fact_mantenimiento_export.csv,2026-06-23T00:00:00,65,Chancador secundario Sintético 0049
MT000066,20240709,EQ0054,A005,WT1,P1,Falla eléctrica,Chancado,1.21,0.78,2159.77,True,training_fact_mantenimiento_export.csv,2026-06-23T00:00:00,66,Chancador primario Sintético 0054
MT000067,20240529,EQ0047,A004,WT1,P3,Falla eléctrica,Seguridad,2.3,1.11,5528.51,True,training_fact_mantenimiento_export.csv,2026-06-23T00:00:00,67,Bulldozer Sintético 0047
MT000068,20240612,EQ0012,A013,WT1,P4,Trip de variador,Seguridad,0.55,0.36,1087.61,True,training_fact_mantenimiento_export.csv,2026-06-23T00:00:00,68,Medidor de energía Sintético 0012
MT000069,20240614,EQ0039,A008,WT2,P3,Alta vibración,Molienda,5.08,3.13,10436.78,False,training_fact_mantenimiento_export.csv,2026-06-23T00:00:00,69,Molino SAG Sintético 0039
MT000070,20240907,EQ0005,A017,WT1,P4,Pérdida de comunicación PLC,Control,11.72,9.67,16783.6,True,training_fact_mantenimiento_export.csv,2026-06-23T00:00:00,70,PLC Sintético 0005
MT000071,20241011,EQ0012,A013,WT1,P1,Falla de bomba de pulpa,Energía,2.68,1.16,3668.83,True,training_fact_mantenimiento_export.csv,2026-06-23T00:00:00,71,Medidor de energía Sintético 0012
MT000072,20241122,EQ0020,A013,WT2,P3,Alta vibración,Seguridad,17.62,13.1,20513.03,False,training_fact_mantenimiento_export.csv,2026-06-23T00:00:00,72,Medidor de energía Sintético 0020
MT000073,20241107,EQ0003,A004,WT1,P4,Falla de motor,Instrumentación,11.26,10.52,15809.38,True,training_fact_mantenimiento_export.csv,2026-06-23T00:00:00,73,Cargador frontal Sintético 0003
MT000074,20240325,EQ0006,A005,WT1,P2,Alta vibración,Chancado,1.29,0.7,2078.52,True,training_fact_mantenimiento_export.csv,2026-06-23T00:00:00,74,Chancador secundario Sintético 0006
MT000075,20241125,EQ0016,A017,WT2,P3,Falla de instrumentación,Control,7.72,6.12,11619.28,False,training_fact_mantenimiento_export.csv,2026-06-23T00:00:00,75,Switch industrial Sintético 0016
MT000076,20240928,EQ0026,A004,WT2,P3,Fuga hidráulica,Hidráulico,2.23,0.97,1890.0,False,training_fact_mantenimiento_export.csv,2026-06-23T00:00:00,76,Pala eléctrica Sintético 0026
MT000077,20240518,EQ0009,A004,WT1,P2,Falla de transmisión,Hidráulico,1.17,0.76,2209.93,True,training_fact_mantenimiento_export.csv,2026-06-23T00:00:00,77,Camión CAEX Sintético 0009
MT000078,20240330,EQ0015,A004,WT1,P4,Falla eléctrica,Energía,1.84,1.08,2618.0,True,training_fact_mantenimiento_export.csv,2026-06-23T00:00:00,78,Cargador frontal Sintético 0015
MT000079,20240826,EQ0025,A004,WT2,P2,Falla de bomba de pulpa,Seguridad,6.86,5.42,10321.34,False,training_fact_mantenimiento_export.csv,2026-06-23T00:00:00,79,Bulldozer Sintético 0025
MT000080,20241011,EQ0012,A013,WT2,P1,Desalineamiento de correa,Eléctrico,3.1,2.87,1730.31,False,training_fact_mantenimiento_export.csv,2026-06-23T00:00:00,80,Medidor de energía Sintético 0012
MT000081,20240629,EQ0058,A005,WT2,P2,Pérdida de comunicación PLC,Energía,10.56,8.61,19767.89,False,training_fact_mantenimiento_export.csv,2026-06-23T00:00:00,81,Alimentador Sintético 0058
MT000082,20240927,EQ0012,A013,WT1,P3,Baja presión,Eléctrico,8.48,4.14,19826.08,True,training_fact_mantenimiento_export.csv,2026-06-23T00:00:00,82,Medidor de energía Sintético 0012
MT000083,20240924,EQ0019,A004,WT1,P3,Sobrecalentamiento,Mecánico,3.75,3.18,3067.17,True,training_fact_mantenimiento_export.csv,2026-06-23T00:00:00,83,Camión aljibe Sintético 0019
MT000084,20240910,EQ0015,A004,WT2,P3,Obstrucción de chute,Seguridad,20.64,8.2,44187.7,False,training_fact_mantenimiento_export.csv,2026-06-23T00:00:00,84,Cargador frontal Sintético 0015
MT000085,20240428,EQ0023,A010,WT2,P1,Falla eléctrica,Mecánico,4.15,3.19,3522.29,False,training_fact_mantenimiento_export.csv,2026-06-23T00:00:00,85,Filtro Sintético 0023
MT000086,20240407,EQ0033,A010,WT2,P3,Pérdida de comunicación PLC,Energía,3.94,1.6,2179.37,False,training_fact_mantenimiento_export.csv,2026-06-23T00:00:00,86,Sistema de relaves Sintético 0033
MT000087,20240531,EQ0021,A005,WT2,P3,Deriva de sensor,Instrumentación,4.57,3.93,8700.9,False,training_fact_mantenimiento_export.csv,2026-06-23T00:00:00,87,Alimentador Sintético 0021
MT000088,20241229,EQ0001,A017,WT2,P1,Pérdida de comunicación PLC,Control,9.19,8.16,19564.16,False,training_fact_mantenimiento_export.csv,2026-06-23T00:00:00,88,PLC Sintético 0001
MT000089,20240120,EQ0037,A017,WT2,P2,Deriva de sensor,Control,2.81,2.11,5891.82,False,training_fact_mantenimiento_export.csv,2026-06-23T00:00:00,89,Servidor SCADA Sintético 0037
MT000090,20240502,EQ0038,A004,WT1,P2,Bloqueo de chancador,Instrumentación,8.17,4.23,5081.05,True,training_fact_mantenimiento_export.csv,2026-06-23T00:00:00,90,Camión aljibe Sintético 0038
MT000091,20241123,EQ0057,A017,WT2,P3,Deriva de sensor,Control,2.0,0.99,924.1,False,training_fact_mantenimiento_export.csv,2026-06-23T00:00:00,91,Sistema de control distribuido Sintético 0057
MT000092,20241118,EQ0043,A012,WT1,P2,Falla de sello mecánico,Bombas,1.36,0.69,2960.68,True,training_fact_mantenimiento_export.csv,2026-06-23T00:00:00,92,Bomba de pulpa Sintético 0043
MT000093,20240312,EQ0057,A017,WT1,P3,Pérdida de comunicación PLC,Control,1.87,1.04,1784.74,True,training_fact_mantenimiento_export.csv,2026-06-23T00:00:00,93,Sistema de control distribuido Sintético 0057
MT000094,20240306,EQ0043,A012,WT1,P4,Baja presión,Bombas,1.04,0.69,906.92,True,training_fact_mantenimiento_export.csv,2026-06-23T00:00:00,94,Bomba de pulpa Sintético 0043
MT000095,20240220,EQ0048,A004,WT2,P2,Falla de pala,Mecánico,3.99,1.64,8369.51,False,training_fact_mantenimiento_export.csv,2026-06-23T00:00:00,95,Pala eléctrica Sintético 0048
MT000096,20240517,EQ0031,A017,WT2,P4,Desgaste de revestimientos,Seguridad,11.6,9.54,11847.67,False,training_fact_mantenimiento_export.csv,2026-06-23T00:00:00,96,Sensor de vibración Sintético 0031
MT000097,20240201,EQ0042,A004,WT2,P2,Alta vibración,Hidráulico,6.12,4.07,8631.98,False,training_fact_mantenimiento_export.csv,2026-06-23T00:00:00,97,Pala hidráulica Sintético 0042
MT000098,20240109,EQ0028,A005,WT1,P2,Fuga hidráulica,Mecánico,6.97,4.87,15716.58,True,training_fact_mantenimiento_export.csv,2026-06-23T00:00:00,98,Harnero Sintético 0028
MT000099,20240814,EQ0020,A013,WT1,P1,Falla de transmisión,Energía,6.02,4.51,10850.57,True,training_fact_mantenimiento_export.csv,2026-06-23T00:00:00,99,Medidor de energía Sintético 0020
MT000100,20240206,EQ0037,A017,WT2,P3,Deriva de sensor,Control,4.07,1.92,5292.91,False,training_fact_mantenimiento_export.csv,2026-06-23T00:00:00,100,Servidor SCADA Sintético 0037
MT000101,20240629,EQ0029,A004,WT1,P3,Falla de pala,Control,3.65,2.64,5224.18,True,training_fact_mantenimiento_export.csv,2026-06-23T00:00:00,101,Pala hidráulica Sintético 0029
MT000102,20240612,EQ0018,A009,WT2,P1,Desalineamiento de correa,Eléctrico,4.92,3.0,5370.38,False,training_fact_mantenimiento_export.csv,2026-06-23T00:00:00,102,Celda de flotación Sintético 0018
MT000103,20240731,EQ0058,A005,WT2,P4,Deriva de sensor,Instrumentación,5.23,3.38,11085.78,False,training_fact_mantenimiento_export.csv,2026-06-23T00:00:00,103,Alimentador Sintético 0058
MT000104,20241028,EQ0007,A004,WT2,P2,Falla de transmisión,Mecánico,4.69,3.39,10408.39,False,training_fact_mantenimiento_export.csv,2026-06-23T00:00:00,104,Camión CAEX Sintético 0007
MT000105,20240430,EQ0008,A017,WT2,P3,Deriva de sensor,Control,16.9,8.76,34593.53,False,training_fact_mantenimiento_export.csv,2026-06-23T00:00:00,105,Servidor SCADA Sintético 0008
MT000106,20240901,EQ0031,A017,WT1,P4,Trip de variador,Mecánico,4.7,2.02,11258.08,True,training_fact_mantenimiento_export.csv,2026-06-23T00:00:00,106,Sensor de vibración Sintético 0031
MT000107,20240930,EQ0002,A004,WT1,P3,Falla de transmisión,Hidráulico,5.82,3.59,11561.61,True,training_fact_mantenimiento_export.csv,2026-06-23T00:00:00,107,Camión CAEX Sintético 0002
MT000108,20240729,EQ0053,A004,WT1,P4,Baja presión,Energía,1.86,0.87,915.96,True,training_fact_mantenimiento_export.csv,2026-06-23T00:00:00,108,Motoniveladora Sintético 0053
MT000109,20240529,EQ0020,A013,WT1,P3,Falla de transmisión,Seguridad,0.94,0.4,2045.95,True,training_fact_mantenimiento_export.csv,2026-06-23T00:00:00,109,Medidor de energía Sintético 0020
MT000110,20240105,EQ0030,A006,WT1,P2,Corte de correa,Correas,5.04,4.0,4637.53,True,training_fact_mantenimiento_export.csv,2026-06-23T00:00:00,110,Correa transportadora Sintético 0030
MT000111,20240330,EQ0035,A004,WT2,P2,Falla de pala,Control,17.48,12.75,16614.1,False,training_fact_mantenimiento_export.csv,2026-06-23T00:00:00,111,Perforadora Sintético 0035
MT000112,20241031,EQ0017,A004,WT2,P3,Alta vibración,Hidráulico,4.93,2.32,5470.53,False,training_fact_mantenimiento_export.csv,2026-06-23T00:00:00,112,Pala eléctrica Sintético 0017
MT000113,20240607,EQ0007,A004,WT1,P4,Falla de transmisión,Hidráulico,6.23,4.11,21107.5,True,training_fact_mantenimiento_export.csv,2026-06-23T00:00:00,113,Camión CAEX Sintético 0007
MT000114,20240429,EQ0013,A017,WT1,P4,Deriva de sensor,Control,6.28,5.66,10725.08,True,training_fact_mantenimiento_export.csv,2026-06-23T00:00:00,114,Servidor Historiador Sintético 0013
MT000115,20241201,EQ0006,A005,WT1,P1,Falla eléctrica,Chancado,9.54,8.58,18048.32,True,training_fact_mantenimiento_export.csv,2026-06-23T00:00:00,115,Chancador secundario Sintético 0006
MT000116,20240720,EQ0004,A017,WT2,P3,Falla eléctrica,Eléctrico,8.32,5.26,5959.31,False,training_fact_mantenimiento_export.csv,2026-06-23T00:00:00,116,Sensor de vibración Sintético 0004
MT000117,20241219,EQ0043,A012,WT2,P4,Falla de sello mecánico,Bombas,6.95,6.27,8229.39,False,training_fact_mantenimiento_export.csv,2026-06-23T00:00:00,117,Bomba de pulpa Sintético 0043
MT000118,20241027,EQ0056,A005,WT2,P2,Desgaste de neumáticos,Eléctrico,14.76,12.75,13598.1,False,training_fact_mantenimiento_export.csv,2026-06-23T00:00:00,118,Harnero Sintético 0056
MT000119,20240313,EQ0025,A004,WT2,P3,Falla eléctrica,Instrumentación,14.54,6.53,7058.27,False,training_fact_mantenimiento_export.csv,2026-06-23T00:00:00,119,Bulldozer Sintético 0025
MT000120,20240120,EQ0020,A013,WT2,P3,Sobrecalentamiento,Energía,9.69,5.22,16745.73,False,training_fact_mantenimiento_export.csv,2026-06-23T00:00:00,120,Medidor de energía Sintético 0020
MT000121,20240107,EQ0023,A010,WT1,P2,Desalineamiento de correa,Eléctrico,3.91,2.07,1838.58,True,training_fact_mantenimiento_export.csv,2026-06-23T00:00:00,121,Filtro Sintético 0023
MT000122,20240425,EQ0054,A005,WT1,P2,Alta vibración,Chancado,2.43,0.98,5223.87,True,training_fact_mantenimiento_export.csv,2026-06-23T00:00:00,122,Chancador primario Sintético 0054
MT000123,20241109,EQ0018,A009,WT1,P2,Fuga hidráulica,Energía,3.78,2.62,6556.75,True,training_fact_mantenimiento_export.csv,2026-06-23T00:00:00,123,Celda de flotación Sintético 0018
MT000124,20241215,EQ0057,A017,WT1,P3,Pérdida de comunicación PLC,Control,3.37,2.45,5015.03,True,training_fact_mantenimiento_export.csv,2026-06-23T00:00:00,124,Sistema de control distribuido Sintético 0057
MT000125,20241215,EQ0018,A009,WT1,P4,Deriva de sensor,Energía,9.52,3.9,12565.85,True,training_fact_mantenimiento_export.csv,2026-06-23T00:00:00,125,Celda de flotación Sintético 0018
MT000126,20240205,EQ0027,A017,WT1,P1,Pérdida de comunicación PLC,Control,4.58,3.3,5959.1,True,training_fact_mantenimiento_export.csv,2026-06-23T00:00:00,126,Sistema de control distribuido Sintético 0027
MT000127,20240905,EQ0017,A004,WT1,P2,Alta vibración,Mecánico,3.53,1.77,3747.97,True,training_fact_mantenimiento_export.csv,2026-06-23T00:00:00,127,Pala eléctrica Sintético 0017
MT000128,20240513,EQ0026,A004,WT2,P1,Fuga hidráulica,Hidráulico,4.15,2.2,7289.9,False,training_fact_mantenimiento_export.csv,2026-06-23T00:00:00,128,Pala eléctrica Sintético 0026
MT000129,20240131,EQ0041,A005,WT2,P3,Bloqueo de chancador,Chancado,2.75,1.09,4491.26,False,training_fact_mantenimiento_export.csv,2026-06-23T00:00:00,129,Chancador primario Sintético 0041
MT000130,20241125,EQ0019,A004,WT2,P3,Fuga hidráulica,Instrumentación,3.17,1.22,3364.2,False,training_fact_mantenimiento_export.csv,2026-06-23T00:00:00,130,Camión aljibe Sintético 0019
MT000131,20240613,EQ0003,A004,WT1,P3,Falla de transmisión,Energía,9.52,7.2,21939.97,True,training_fact_mantenimiento_export.csv,2026-06-23T00:00:00,131,Cargador frontal Sintético 0003
MT000132,20240214,EQ0039,A008,WT2,P3,Alta vibración,Molienda,5.33,2.68,6360.45,False,training_fact_mantenimiento_export.csv,2026-06-23T00:00:00,132,Molino SAG Sintético 0039
MT000133,20240611,EQ0043,A012,WT2,P3,Baja presión,Bombas,8.77,8.13,16341.03,False,training_fact_mantenimiento_export.csv,2026-06-23T00:00:00,133,Bomba de pulpa Sintético 0043
MT000134,20240907,EQ0013,A017,WT1,P3,Pérdida de comunicación PLC,Control,1.58,1.41,2087.94,True,training_fact_mantenimiento_export.csv,2026-06-23T00:00:00,134,Servidor Historiador Sintético 0013
MT000135,20240706,EQ0042,A004,WT1,P3,Alta vibración,Control,0.69,0.28,460.34,True,training_fact_mantenimiento_export.csv,2026-06-23T00:00:00,135,Pala hidráulica Sintético 0042
MT000136,20240909,EQ0021,A005,WT1,P3,Falla de sello mecánico,Seguridad,3.36,2.87,7474.38,True,training_fact_mantenimiento_export.csv,2026-06-23T00:00:00,136,Alimentador Sintético 0021
MT000137,20240529,EQ0042,A004,WT2,P1,Falla de pala,Mecánico,13.52,10.35,27074.76,False,training_fact_mantenimiento_export.csv,2026-06-23T00:00:00,137,Pala hidráulica Sintético 0042
MT000138,20240330,EQ0018,A009,WT1,P2,Obstrucción de chute,Seguridad,1.08,0.66,858.67,True,training_fact_mantenimiento_export.csv,2026-06-23T00:00:00,138,Celda de flotación Sintético 0018
MT000139,20240816,EQ0005,A017,WT2,P3,Pérdida de comunicación PLC,Control,1.61,0.83,2091.18,False,training_fact_mantenimiento_export.csv,2026-06-23T00:00:00,139,PLC Sintético 0005
MT000140,20240223,EQ0023,A010,WT2,P3,Trip de variador,Eléctrico,1.79,1.26,3778.28,False,training_fact_mantenimiento_export.csv,2026-06-23T00:00:00,140,Filtro Sintético 0023
MT000141,20240607,EQ0006,A005,WT2,P2,Bloqueo de chancador,Chancado,4.61,4.14,8687.46,False,training_fact_mantenimiento_export.csv,2026-06-23T00:00:00,141,Chancador secundario Sintético 0006
MT000142,20241005,EQ0005,A017,WT2,P2,Pérdida de comunicación PLC,Control,6.55,2.92,11321.77,False,training_fact_mantenimiento_export.csv,2026-06-23T00:00:00,142,PLC Sintético 0005
MT000143,20240218,EQ0014,A010,WT1,P2,Sobrecalentamiento,Eléctrico,1.47,1.33,2998.29,True,training_fact_mantenimiento_export.csv,2026-06-23T00:00:00,143,Espesador Sintético 0014
MT000144,20240324,EQ0032,A008,WT1,P4,Desgaste de revestimientos,Molienda,3.59,2.76,3835.1,True,training_fact_mantenimiento_export.csv,2026-06-23T00:00:00,144,Molino SAG Sintético 0032
MT000145,20240411,EQ0010,A017,WT1,P2,Falla de instrumentación,Control,2.5,1.05,5246.7,True,training_fact_mantenimiento_export.csv,2026-06-23T00:00:00,145,Switch industrial Sintético 0010
MT000146,20241011,EQ0006,A005,WT2,P1,Falla eléctrica,Chancado,4.52,2.99,10032.52,False,training_fact_mantenimiento_export.csv,2026-06-23T00:00:00,146,Chancador secundario Sintético 0006
MT000147,20240114,EQ0023,A010,WT1,P4,Falla de pala,Eléctrico,10.52,4.35,5928.27,True,training_fact_mantenimiento_export.csv,2026-06-23T00:00:00,147,Filtro Sintético 0023
MT000148,20241128,EQ0048,A004,WT1,P2,Alta vibración,Mecánico,1.97,1.52,4402.54,True,training_fact_mantenimiento_export.csv,2026-06-23T00:00:00,148,Pala eléctrica Sintético 0048
MT000149,20240712,EQ0019,A004,WT2,P4,Falla de instrumentación,Energía,4.42,1.86,10316.16,False,training_fact_mantenimiento_export.csv,2026-06-23T00:00:00,149,Camión aljibe Sintético 0019
MT000150,20240118,EQ0026,A004,WT2,P1,Alta vibración,Control,5.97,3.6,7184.43,False,training_fact_mantenimiento_export.csv,2026-06-23T00:00:00,150,Pala eléctrica Sintético 0026
MT000151,20241210,EQ0053,A004,WT1,P4,Trip de variador,Energía,2.56,1.13,5603.09,True,training_fact_mantenimiento_export.csv,2026-06-23T00:00:00,151,Motoniveladora Sintético 0053
MT000152,20240412,EQ0045,A017,WT2,P4,Deriva de sensor,Control,6.23,5.78,3465.04,False,training_fact_mantenimiento_export.csv,2026-06-23T00:00:00,152,RTU Sintético 0045
MT000153,20240101,EQ0026,A004,WT2,P2,Alta vibración,Hidráulico,6.98,3.77,12650.1,False,training_fact_mantenimiento_export.csv,2026-06-23T00:00:00,153,Pala eléctrica Sintético 0026
MT000154,20240923,EQ0008,A017,WT2,P1,Pérdida de comunicación PLC,Control,15.67,10.39,21352.97,False,training_fact_mantenimiento_export.csv,2026-06-23T00:00:00,154,Servidor SCADA Sintético 0008
MT000155,20240731,EQ0040,A008,WT1,P2,Alta vibración,Molienda,4.55,2.34,6371.77,True,training_fact_mantenimiento_export.csv,2026-06-23T00:00:00,155,Molino de bolas Sintético 0040
MT000156,20240726,EQ0035,A004,WT2,P2,Falla de pala,Mecánico,5.38,3.77,12003.06,False,training_fact_mantenimiento_export.csv,2026-06-23T00:00:00,156,Perforadora Sintético 0035
MT000157,20240419,EQ0017,A004,WT2,P3,Fuga hidráulica,Control,15.15,6.7,25237.34,False,training_fact_mantenimiento_export.csv,2026-06-23T00:00:00,157,Pala eléctrica Sintético 0017
MT000158,20240707,EQ0012,A013,WT1,P1,Falla de transmisión,Mecánico,1.43,1.11,3141.29,True,training_fact_mantenimiento_export.csv,2026-06-23T00:00:00,158,Medidor de energía Sintético 0012
MT000159,20240808,EQ0017,A004,WT2,P1,Alta vibración,Mecánico,3.78,1.81,3037.65,False,training_fact_mantenimiento_export.csv,2026-06-23T00:00:00,159,Pala eléctrica Sintético 0017
MT000160,20240620,EQ0035,A004,WT1,P3,Alta vibración,Mecánico,7.02,6.48,12955.43,True,training_fact_mantenimiento_export.csv,2026-06-23T00:00:00,160,Perforadora Sintético 0035
MT000161,20240427,EQ0024,A017,WT1,P3,Deriva de sensor,Control,9.62,6.84,8730.93,True,training_fact_mantenimiento_export.csv,2026-06-23T00:00:00,161,Servidor Historiador Sintético 0024
MT000162,20241216,EQ0026,A004,WT1,P1,Fuga hidráulica,Mecánico,1.87,1.68,1432.62,True,training_fact_mantenimiento_export.csv,2026-06-23T00:00:00,162,Pala eléctrica Sintético 0026
MT000163,20240622,EQ0047,A004,WT2,P2,Falla de instrumentación,Mecánico,7.47,3.2,16023.56,False,training_fact_mantenimiento_export.csv,2026-06-23T00:00:00,163,Bulldozer Sintético 0047
MT000164,20241011,EQ0039,A008,WT1,P3,Trip de variador,Molienda,1.02,0.57,1633.86,True,training_fact_mantenimiento_export.csv,2026-06-23T00:00:00,164,Molino SAG Sintético 0039
MT000165,20240506,EQ0050,A004,WT1,P2,Baja presión,Mecánico,0.67,0.47,488.2,True,training_fact_mantenimiento_export.csv,2026-06-23T00:00:00,165,Motoniveladora Sintético 0050
MT000166,20240721,EQ0006,A005,WT2,P3,Alta vibración,Chancado,10.42,7.46,15688.4,False,training_fact_mantenimiento_export.csv,2026-06-23T00:00:00,166,Chancador secundario Sintético 0006
MT000167,20240627,EQ0043,A012,WT2,P3,Falla de bomba de pulpa,Bombas,3.8,3.19,6516.76,False,training_fact_mantenimiento_export.csv,2026-06-23T00:00:00,167,Bomba de pulpa Sintético 0043
MT000168,20240429,EQ0055,A010,WT2,P3,Falla de transmisión,Instrumentación,1.72,0.67,3786.31,False,training_fact_mantenimiento_export.csv,2026-06-23T00:00:00,168,Espesador Sintético 0055
MT000169,20241216,EQ0022,A004,WT2,P3,Desalineamiento de correa,Eléctrico,10.93,8.56,8979.41,False,training_fact_mantenimiento_export.csv,2026-06-23T00:00:00,169,Sistema dispatch Sintético 0022
MT000170,20240109,EQ0029,A004,WT1,P1,Alta vibración,Control,4.72,3.28,3849.88,True,training_fact_mantenimiento_export.csv,2026-06-23T00:00:00,170,Pala hidráulica Sintético 0029
MT000171,20240611,EQ0018,A009,WT1,P1,Falla de pala,Seguridad,5.89,5.45,10915.66,True,training_fact_mantenimiento_export.csv,2026-06-23T00:00:00,171,Celda de flotación Sintético 0018
MT000172,20240905,EQ0041,A005,WT2,P1,Falla eléctrica,Chancado,2.87,2.41,3537.85,False,training_fact_mantenimiento_export.csv,2026-06-23T00:00:00,172,Chancador primario Sintético 0041
MT000173,20240313,EQ0033,A010,WT2,P4,Bloqueo de chancador,Energía,6.53,3.61,12034.9,False,training_fact_mantenimiento_export.csv,2026-06-23T00:00:00,173,Sistema de relaves Sintético 0033
MT000174,20240226,EQ0016,A017,WT2,P2,Deriva de sensor,Control,3.66,1.43,3067.49,False,training_fact_mantenimiento_export.csv,2026-06-23T00:00:00,174,Switch industrial Sintético 0016
MT000175,20240525,EQ0004,A017,WT1,P2,Corte de correa,Mecánico,1.19,0.83,2010.2,True,training_fact_mantenimiento_export.csv,2026-06-23T00:00:00,175,Sensor de vibración Sintético 0004
MT000176,20240227,EQ0044,A012,WT2,P2,Falla de bomba de pulpa,Bombas,11.43,7.72,9667.08,False,training_fact_mantenimiento_export.csv,2026-06-23T00:00:00,176,Bomba de pulpa Sintético 0044
MT000177,20240306,EQ0033,A010,WT1,P3,Desgaste de neumáticos,Mecánico,2.99,2.62,3785.89,True,training_fact_mantenimiento_export.csv,2026-06-23T00:00:00,177,Sistema de relaves Sintético 0033
MT000178,20240208,EQ0057,A017,WT1,P2,Deriva de sensor,Control,2.53,1.1,5606.02,True,training_fact_mantenimiento_export.csv,2026-06-23T00:00:00,178,Sistema de control distribuido Sintético 0057
MT000179,20241223,EQ0015,A004,WT1,P3,Obstrucción de chute,Instrumentación,5.24,3.75,4638.25,True,training_fact_mantenimiento_export.csv,2026-06-23T00:00:00,179,Cargador frontal Sintético 0015
MT000180,20241118,EQ0058,A005,WT2,P1,Obstrucción de chute,Energía,8.84,8.38,7751.25,False,training_fact_mantenimiento_export.csv,2026-06-23T00:00:00,180,Alimentador Sintético 0058
MT000181,20240815,EQ0029,A004,WT1,P3,Alta vibración,Mecánico,1.19,0.47,2167.47,True,training_fact_mantenimiento_export.csv,2026-06-23T00:00:00,181,Pala hidráulica Sintético 0029
MT000182,20240730,EQ0048,A004,WT1,P4,Falla de pala,Control,0.55,0.23,504.38,True,training_fact_mantenimiento_export.csv,2026-06-23T00:00:00,182,Pala eléctrica Sintético 0048
MT000183,20240512,EQ0023,A010,WT2,P2,Deriva de sensor,Eléctrico,7.07,2.7,10866.64,False,training_fact_mantenimiento_export.csv,2026-06-23T00:00:00,183,Filtro Sintético 0023
MT000184,20241020,EQ0025,A004,WT1,P1,Bloqueo de chancador,Mecánico,0.99,0.41,1561.69,True,training_fact_mantenimiento_export.csv,2026-06-23T00:00:00,184,Bulldozer Sintético 0025
MT000185,20240427,EQ0039,A008,WT2,P2,Alta vibración,Molienda,5.19,2.64,11089.2,False,training_fact_mantenimiento_export.csv,2026-06-23T00:00:00,185,Molino SAG Sintético 0039
MT000186,20240106,EQ0012,A013,WT1,P2,Trip de variador,Eléctrico,2.39,1.8,1321.72,True,training_fact_mantenimiento_export.csv,2026-06-23T00:00:00,186,Medidor de energía Sintético 0012
MT000187,20240313,EQ0051,A006,WT2,P4,Corte de correa,Correas,19.07,12.72,43195.12,False,training_fact_mantenimiento_export.csv,2026-06-23T00:00:00,187,Correa transportadora Sintético 0051
MT000188,20240623,EQ0016,A017,WT2,P4,Deriva de sensor,Control,2.36,1.01,4173.69,False,training_fact_mantenimiento_export.csv,2026-06-23T00:00:00,188,Switch industrial Sintético 0016
MT000189,20240824,EQ0035,A004,WT1,P2,Falla de pala,Hidráulico,3.71,2.16,7878.18,True,training_fact_mantenimiento_export.csv,2026-06-23T00:00:00,189,Perforadora Sintético 0035
MT000190,20240816,EQ0046,A004,WT2,P3,Fuga hidráulica,Mecánico,7.71,4.71,10208.26,False,training_fact_mantenimiento_export.csv,2026-06-23T00:00:00,190,Perforadora Sintético 0046
MT000191,20240523,EQ0023,A010,WT2,P3,Deriva de sensor,Seguridad,7.67,5.69,5577.42,False,training_fact_mantenimiento_export.csv,2026-06-23T00:00:00,191,Filtro Sintético 0023
MT000192,20241201,EQ0017,A004,WT1,P3,Fuga hidráulica,Hidráulico,3.62,1.92,7727.54,True,training_fact_mantenimiento_export.csv,2026-06-23T00:00:00,192,Pala eléctrica Sintético 0017
MT000193,20240420,EQ0040,A008,WT1,P1,Desgaste de revestimientos,Molienda,2.49,0.95,3118.45,True,training_fact_mantenimiento_export.csv,2026-06-23T00:00:00,193,Molino de bolas Sintético 0040
MT000194,20240807,EQ0017,A004,WT1,P4,Falla de pala,Hidráulico,4.11,1.71,6232.67,True,training_fact_mantenimiento_export.csv,2026-06-23T00:00:00,194,Pala eléctrica Sintético 0017
MT000195,20240214,EQ0029,A004,WT1,P2,Fuga hidráulica,Control,0.26,0.11,320.45,True,training_fact_mantenimiento_export.csv,2026-06-23T00:00:00,195,Pala hidráulica Sintético 0029
MT000196,20240218,EQ0017,A004,WT2,P3,Alta vibración,Control,9.48,8.06,5676.58,False,training_fact_mantenimiento_export.csv,2026-06-23T00:00:00,196,Pala eléctrica Sintético 0017
MT000197,20241128,EQ0036,A004,WT1,P2,Falla de motor,Instrumentación,5.94,2.32,5222.2,True,training_fact_mantenimiento_export.csv,2026-06-23T00:00:00,197,Sistema dispatch Sintético 0036
MT000198,20240917,EQ0020,A013,WT2,P4,Trip de variador,Mecánico,29.09,15.73,67215.22,False,training_fact_mantenimiento_export.csv,2026-06-23T00:00:00,198,Medidor de energía Sintético 0020
MT000199,20240901,EQ0041,A005,WT2,P2,Falla eléctrica,Chancado,32.13,18.6,51797.47,False,training_fact_mantenimiento_export.csv,2026-06-23T00:00:00,199,Chancador primario Sintético 0041
MT000200,20240510,EQ0033,A010,WT1,P2,Fuga hidráulica,Seguridad,1.22,1.03,1767.15,True,training_fact_mantenimiento_export.csv,2026-06-23T00:00:00,200,Sistema de relaves Sintético 0033
MT000201,20240930,EQ0005,A017,WT1,P1,Pérdida de comunicación PLC,Control,2.34,1.93,1231.48,True,training_fact_mantenimiento_export.csv,2026-06-23T00:00:00,201,PLC Sintético 0005
MT000202,20240329,EQ0042,A004,WT1,P2,Alta vibración,Mecánico,2.27,1.79,4907.18,True,training_fact_mantenimiento_export.csv,2026-06-23T00:00:00,202,Pala hidráulica Sintético 0042
MT000203,20240818,EQ0042,A004,WT1,P2,Alta vibración,Mecánico,8.78,6.57,20802.04,True,training_fact_mantenimiento_export.csv,2026-06-23T00:00:00,203,Pala hidráulica Sintético 0042
MT000204,20241106,EQ0024,A017,WT2,P3,Pérdida de comunicación PLC,Control,21.03,15.08,12077.68,False,training_fact_mantenimiento_export.csv,2026-06-23T00:00:00,204,Servidor Historiador Sintético 0024
MT000205,20241021,EQ0033,A010,WT2,P1,Deriva de sensor,Energía,12.99,12.0,24503.97,False,training_fact_mantenimiento_export.csv,2026-06-23T00:00:00,205,Sistema de relaves Sintético 0033
MT000206,20240723,EQ0024,A017,WT1,P2,Deriva de sensor,Control,2.63,1.01,6105.66,True,training_fact_mantenimiento_export.csv,2026-06-23T00:00:00,206,Servidor Historiador Sintético 0024
MT000207,20240501,EQ0034,A010,WT2,P3,Falla de pala,Seguridad,6.09,4.04,13781.04,False,training_fact_mantenimiento_export.csv,2026-06-23T00:00:00,207,Filtro Sintético 0034
MT000208,20240629,EQ0050,A004,WT1,P3,Corte de correa,Eléctrico,6.31,4.78,10895.14,True,training_fact_mantenimiento_export.csv,2026-06-23T00:00:00,208,Motoniveladora Sintético 0050
MT000209,20241229,EQ0004,A017,WT2,P3,Desgaste de neumáticos,Mecánico,3.71,2.74,5591.75,False,training_fact_mantenimiento_export.csv,2026-06-23T00:00:00,209,Sensor de vibración Sintético 0004
MT000210,20241103,EQ0012,A013,WT2,P3,Falla de bomba de pulpa,Seguridad,12.47,11.69,7292.06,False,training_fact_mantenimiento_export.csv,2026-06-23T00:00:00,210,Medidor de energía Sintético 0012
MT000211,20240121,EQ0037,A017,WT1,P3,Falla de instrumentación,Control,0.89,0.72,1340.86,True,training_fact_mantenimiento_export.csv,2026-06-23T00:00:00,211,Servidor SCADA Sintético 0037
MT000212,20241210,EQ0037,A017,WT2,P2,Deriva de sensor,Control,3.38,2.43,7252.48,False,training_fact_mantenimiento_export.csv,2026-06-23T00:00:00,212,Servidor SCADA Sintético 0037
MT000213,20241211,EQ0043,A012,WT2,P2,Baja presión,Bombas,18.59,9.95,13878.23,False,training_fact_mantenimiento_export.csv,2026-06-23T00:00:00,213,Bomba de pulpa Sintético 0043
MT000214,20240821,EQ0034,A010,WT1,P4,Desalineamiento de correa,Seguridad,4.27,3.8,3194.39,True,training_fact_mantenimiento_export.csv,2026-06-23T00:00:00,214,Filtro Sintético 0034
MT000215,20240718,EQ0039,A008,WT2,P3,Trip de variador,Molienda,5.92,3.34,12044.34,False,training_fact_mantenimiento_export.csv,2026-06-23T00:00:00,215,Molino SAG Sintético 0039
MT000216,20241105,EQ0028,A005,WT1,P4,Deriva de sensor,Mecánico,3.53,2.77,8247.6,True,training_fact_mantenimiento_export.csv,2026-06-23T00:00:00,216,Harnero Sintético 0028
MT000217,20240430,EQ0003,A004,WT1,P4,Fuga hidráulica,Eléctrico,0.85,0.49,523.61,True,training_fact_mantenimiento_export.csv,2026-06-23T00:00:00,217,Cargador frontal Sintético 0003
MT000218,20240603,EQ0055,A010,WT2,P1,Falla de instrumentación,Instrumentación,6.65,4.79,4970.89,False,training_fact_mantenimiento_export.csv,2026-06-23T00:00:00,218,Espesador Sintético 0055
MT000219,20240420,EQ0022,A004,WT1,P3,Baja presión,Eléctrico,8.72,5.45,10724.28,True,training_fact_mantenimiento_export.csv,2026-06-23T00:00:00,219,Sistema dispatch Sintético 0022
MT000220,20241126,EQ0001,A017,WT2,P3,Deriva de sensor,Control,6.19,4.0,14110.19,False,training_fact_mantenimiento_export.csv,2026-06-23T00:00:00,220,PLC Sintético 0001
MT000221,20240803,EQ0038,A004,WT1,P3,Sobrecalentamiento,Instrumentación,1.03,0.63,645.22,True,training_fact_mantenimiento_export.csv,2026-06-23T00:00:00,221,Camión aljibe Sintético 0038
MT000222,20240920,EQ0049,A005,WT2,P1,Bloqueo de chancador,Chancado,1.67,1.39,875.47,False,training_fact_mantenimiento_export.csv,2026-06-23T00:00:00,222,Chancador secundario Sintético 0049
MT000223,20240120,EQ0019,A004,WT1,P3,Fuga hidráulica,Energía,1.44,1.03,3246.97,True,training_fact_mantenimiento_export.csv,2026-06-23T00:00:00,223,Camión aljibe Sintético 0019
MT000224,20241129,EQ0025,A004,WT1,P2,Desgaste de neumáticos,Seguridad,3.72,2.48,4789.37,True,training_fact_mantenimiento_export.csv,2026-06-23T00:00:00,224,Bulldozer Sintético 0025
MT000225,20240812,EQ0058,A005,WT1,P3,Falla de instrumentación,Seguridad,2.2,1.45,3452.11,True,training_fact_mantenimiento_export.csv,2026-06-23T00:00:00,225,Alimentador Sintético 0058
MT000226,20241112,EQ0050,A004,WT1,P3,Pérdida de comunicación PLC,Instrumentación,2.29,1.48,2605.96,True,training_fact_mantenimiento_export.csv,2026-06-23T00:00:00,226,Motoniveladora Sintético 0050
MT000227,20240129,EQ0046,A004,WT2,P2,Fuga hidráulica,Control,13.68,11.52,23036.82,False,training_fact_mantenimiento_export.csv,2026-06-23T00:00:00,227,Perforadora Sintético 0046
MT000228,20240510,EQ0028,A005,WT2,P2,Pérdida de comunicación PLC,Eléctrico,6.74,4.47,10013.73,False,training_fact_mantenimiento_export.csv,2026-06-23T00:00:00,228,Harnero Sintético 0028
MT000229,20240805,EQ0008,A017,WT2,P1,Pérdida de comunicación PLC,Control,15.6,10.31,7564.35,False,training_fact_mantenimiento_export.csv,2026-06-23T00:00:00,229,Servidor SCADA Sintético 0008
MT000230,20241119,EQ0011,A008,WT2,P3,Trip de variador,Molienda,3.27,1.49,2603.55,False,training_fact_mantenimiento_export.csv,2026-06-23T00:00:00,230,Molino de bolas Sintético 0011
MT000231,20241201,EQ0051,A006,WT1,P1,Obstrucción de chute,Correas,4.77,2.48,2649.91,True,training_fact_mantenimiento_export.csv,2026-06-23T00:00:00,231,Correa transportadora Sintético 0051
MT000232,20240718,EQ0034,A010,WT1,P2,Desgaste de revestimientos,Mecánico,2.85,2.39,1866.77,True,training_fact_mantenimiento_export.csv,2026-06-23T00:00:00,232,Filtro Sintético 0034
MT000233,20240622,EQ0026,A004,WT1,P3,Falla de pala,Hidráulico,1.71,1.45,1304.33,True,training_fact_mantenimiento_export.csv,2026-06-23T00:00:00,233,Pala eléctrica Sintético 0026
MT000234,20241018,EQ0059,A009,WT2,P1,Fuga hidráulica,Seguridad,6.93,4.02,15382.84,False,training_fact_mantenimiento_export.csv,2026-06-23T00:00:00,234,Celda de flotación Sintético 0059
MT000235,20240923,EQ0011,A008,WT2,P2,Trip de variador,Molienda,18.22,8.97,15614.98,False,training_fact_mantenimiento_export.csv,2026-06-23T00:00:00,235,Molino de bolas Sintético 0011
MT000236,20240916,EQ0007,A004,WT1,P3,Falla de transmisión,Mecánico,2.86,2.38,9890.4,True,training_fact_mantenimiento_export.csv,2026-06-23T00:00:00,236,Camión CAEX Sintético 0007
MT000237,20240106,EQ0020,A013,WT2,P3,Pérdida de comunicación PLC,Instrumentación,12.29,11.08,27160.5,False,training_fact_mantenimiento_export.csv,2026-06-23T00:00:00,237,Medidor de energía Sintético 0020
MT000238,20241204,EQ0054,A005,WT1,P3,Falla eléctrica,Chancado,4.48,3.49,5736.06,True,training_fact_mantenimiento_export.csv,2026-06-23T00:00:00,238,Chancador primario Sintético 0054
MT000239,20240113,EQ0053,A004,WT2,P3,Desgaste de neumáticos,Instrumentación,1.28,0.76,761.28,False,training_fact_mantenimiento_export.csv,2026-06-23T00:00:00,239,Motoniveladora Sintético 0053
MT000240,20240914,EQ0038,A004,WT1,P3,Corte de correa,Instrumentación,1.68,1.11,3905.95,True,training_fact_mantenimiento_export.csv,2026-06-23T00:00:00,240,Camión aljibe Sintético 0038
MT000241,20240830,EQ0009,A004,WT2,P3,Desgaste de neumáticos,Hidráulico,3.25,2.86,8987.07,False,training_fact_mantenimiento_export.csv,2026-06-23T00:00:00,241,Camión CAEX Sintético 0009
MT000242,20240920,EQ0050,A004,WT1,P3,Desalineamiento de correa,Instrumentación,0.38,0.18,409.0,True,training_fact_mantenimiento_export.csv,2026-06-23T00:00:00,242,Motoniveladora Sintético 0050
MT000243,20241206,EQ0052,A010,WT1,P2,Falla de pala,Mecánico,3.84,1.56,3759.31,True,training_fact_mantenimiento_export.csv,2026-06-23T00:00:00,243,Sistema de relaves Sintético 0052
MT000244,20241230,EQ0050,A004,WT1,P1,Deriva de sensor,Instrumentación,2.0,1.79,4353.9,True,training_fact_mantenimiento_export.csv,2026-06-23T00:00:00,244,Motoniveladora Sintético 0050
MT000245,20240216,EQ0048,A004,WT1,P3,Fuga hidráulica,Mecánico,0.46,0.32,908.67,True,training_fact_mantenimiento_export.csv,2026-06-23T00:00:00,245,Pala eléctrica Sintético 0048
MT000246,20241114,EQ0008,A017,WT1,P2,Pérdida de comunicación PLC,Control,0.74,0.55,637.17,True,training_fact_mantenimiento_export.csv,2026-06-23T00:00:00,246,Servidor SCADA Sintético 0008
MT000247,20240727,EQ0057,A017,WT1,P3,Deriva de sensor,Control,4.69,2.15,4031.01,True,training_fact_mantenimiento_export.csv,2026-06-23T00:00:00,247,Sistema de control distribuido Sintético 0057
MT000248,20240812,EQ0024,A017,WT1,P2,Deriva de sensor,Control,1.33,1.05,2668.76,True,training_fact_mantenimiento_export.csv,2026-06-23T00:00:00,248,Servidor Historiador Sintético 0024
MT000249,20241227,EQ0049,A005,WT1,P3,Falla eléctrica,Chancado,2.92,2.05,6245.08,True,training_fact_mantenimiento_export.csv,2026-06-23T00:00:00,249,Chancador secundario Sintético 0049
MT000250,20241001,EQ0035,A004,WT1,P4,Falla de pala,Control,2.98,1.71,4402.22,True,training_fact_mantenimiento_export.csv,2026-06-23T00:00:00,250,Perforadora Sintético 0035
MT000251,20241205,EQ0022,A004,WT2,P1,Falla eléctrica,Mecánico,19.3,14.7,14462.29,False,training_fact_mantenimiento_export.csv,2026-06-23T00:00:00,251,Sistema dispatch Sintético 0022
MT000252,20240403,EQ0050,A004,WT1,P2,Sobrecalentamiento,Energía,8.7,7.86,8074.81,True,training_fact_mantenimiento_export.csv,2026-06-23T00:00:00,252,Motoniveladora Sintético 0050
MT000253,20241103,EQ0019,A004,WT2,P2,Trip de variador,Eléctrico,7.88,7.13,13570.39,False,training_fact_mantenimiento_export.csv,2026-06-23T00:00:00,253,Camión aljibe Sintético 0019
MT000254,20240719,EQ0019,A004,WT2,P4,Falla eléctrica,Eléctrico,8.26,3.3,6499.69,False,training_fact_mantenimiento_export.csv,2026-06-23T00:00:00,254,Camión aljibe Sintético 0019
MT000255,20240316,EQ0012,A013,WT1,P1,Desgaste de revestimientos,Mecánico,2.34,1.01,1202.74,True,training_fact_mantenimiento_export.csv,2026-06-23T00:00:00,255,Medidor de energía Sintético 0012
MT000256,20241225,EQ0058,A005,WT2,P3,Falla de instrumentación,Energía,16.84,11.64,17425.3,False,training_fact_mantenimiento_export.csv,2026-06-23T00:00:00,256,Alimentador Sintético 0058
MT000257,20240427,EQ0009,A004,WT1,P1,Desgaste de neumáticos,Hidráulico,0.55,0.4,1356.33,True,training_fact_mantenimiento_export.csv,2026-06-23T00:00:00,257,Camión CAEX Sintético 0009
MT000258,20240303,EQ0003,A004,WT1,P4,Falla de sello mecánico,Eléctrico,2.23,2.04,3141.61,True,training_fact_mantenimiento_export.csv,2026-06-23T00:00:00,258,Cargador frontal Sintético 0003
MT000259,20240804,EQ0004,A017,WT2,P1,Sobrecalentamiento,Energía,7.2,5.27,16675.55,False,training_fact_mantenimiento_export.csv,2026-06-23T00:00:00,259,Sensor de vibración Sintético 0004
MT000260,20241124,EQ0035,A004,WT1,P1,Falla de pala,Hidráulico,3.89,3.24,2768.0,True,training_fact_mantenimiento_export.csv,2026-06-23T00:00:00,260,Perforadora Sintético 0035
MT000261,20240626,EQ0007,A004,WT1,P4,Desgaste de neumáticos,Neumáticos,2.22,1.74,7271.76,True,training_fact_mantenimiento_export.csv,2026-06-23T00:00:00,261,Camión CAEX Sintético 0007
MT000262,20240929,EQ0039,A008,WT2,P4,Trip de variador,Molienda,18.91,11.86,25940.94,False,training_fact_mantenimiento_export.csv,2026-06-23T00:00:00,262,Molino SAG Sintético 0039
MT000263,20241215,EQ0020,A013,WT2,P2,Obstrucción de chute,Energía,10.16,5.8,23248.8,False,training_fact_mantenimiento_export.csv,2026-06-23T00:00:00,263,Medidor de energía Sintético 0020
MT000264,20240415,EQ0035,A004,WT1,P3,Fuga hidráulica,Control,3.75,2.79,3000.64,True,training_fact_mantenimiento_export.csv,2026-06-23T00:00:00,264,Perforadora Sintético 0035
MT000265,20240113,EQ0058,A005,WT2,P2,Desgaste de revestimientos,Eléctrico,7.0,5.23,6701.03,False,training_fact_mantenimiento_export.csv,2026-06-23T00:00:00,265,Alimentador Sintético 0058
MT000266,20241212,EQ0004,A017,WT1,P4,Bloqueo de chancador,Energía,1.64,0.96,1895.95,True,training_fact_mantenimiento_export.csv,2026-06-23T00:00:00,266,Sensor de vibración Sintético 0004
MT000267,20240906,EQ0032,A008,WT1,P3,Alta vibración,Molienda,7.21,4.0,4996.31,True,training_fact_mantenimiento_export.csv,2026-06-23T00:00:00,267,Molino SAG Sintético 0032
MT000268,20240604,EQ0028,A005,WT2,P4,Falla de bomba de pulpa,Instrumentación,3.32,1.47,2731.26,False,training_fact_mantenimiento_export.csv,2026-06-23T00:00:00,268,Harnero Sintético 0028
MT000269,20241031,EQ0001,A017,WT2,P4,Falla de instrumentación,Control,6.84,2.97,8546.62,False,training_fact_mantenimiento_export.csv,2026-06-23T00:00:00,269,PLC Sintético 0001
MT000270,20240621,EQ0012,A013,WT2,P3,Pérdida de comunicación PLC,Eléctrico,1.58,0.68,2436.37,False,training_fact_mantenimiento_export.csv,2026-06-23T00:00:00,270,Medidor de energía Sintético 0012
MT000271,20241129,EQ0036,A004,WT1,P2,Falla de pala,Energía,2.94,2.29,4604.29,True,training_fact_mantenimiento_export.csv,2026-06-23T00:00:00,271,Sistema dispatch Sintético 0036
MT000272,20240625,EQ0033,A010,WT2,P4,Pérdida de comunicación PLC,Energía,9.86,6.74,4569.8,False,training_fact_mantenimiento_export.csv,2026-06-23T00:00:00,272,Sistema de relaves Sintético 0033
MT000273,20240411,EQ0041,A005,WT2,P2,Falla eléctrica,Chancado,17.79,15.63,35753.57,False,training_fact_mantenimiento_export.csv,2026-06-23T00:00:00,273,Chancador primario Sintético 0041
MT000274,20240312,EQ0022,A004,WT1,P4,Obstrucción de chute,Eléctrico,10.19,4.53,10606.2,True,training_fact_mantenimiento_export.csv,2026-06-23T00:00:00,274,Sistema dispatch Sintético 0022
MT000275,20240331,EQ0004,A017,WT2,P2,Falla eléctrica,Seguridad,3.79,3.6,7149.91,False,training_fact_mantenimiento_export.csv,2026-06-23T00:00:00,275,Sensor de vibración Sintético 0004
MT000276,20240821,EQ0050,A004,WT1,P3,Trip de variador,Mecánico,5.12,3.26,5010.16,True,training_fact_mantenimiento_export.csv,2026-06-23T00:00:00,276,Motoniveladora Sintético 0050
MT000277,20240225,EQ0013,A017,WT2,P3,Falla de instrumentación,Control,6.52,5.4,6543.4,False,training_fact_mantenimiento_export.csv,2026-06-23T00:00:00,277,Servidor Historiador Sintético 0013
MT000278,20240709,EQ0004,A017,WT2,P2,Falla eléctrica,Mecánico,15.08,7.71,24310.32,False,training_fact_mantenimiento_export.csv,2026-06-23T00:00:00,278,Sensor de vibración Sintético 0004
MT000279,20240208,EQ0013,A017,WT1,P2,Deriva de sensor,Control,2.49,1.4,1202.49,True,training_fact_mantenimiento_export.csv,2026-06-23T00:00:00,279,Servidor Historiador Sintético 0013
MT000280,20241225,EQ0026,A004,WT1,P3,Alta vibración,Mecánico,1.71,0.77,1162.53,True,training_fact_mantenimiento_export.csv,2026-06-23T00:00:00,280,Pala eléctrica Sintético 0026
MT000281,20240213,EQ0016,A017,WT2,P2,Falla de instrumentación,Control,20.09,11.67,46966.9,False,training_fact_mantenimiento_export.csv,2026-06-23T00:00:00,281,Switch industrial Sintético 0016
MT000282,20241010,EQ0052,A010,WT2,P3,Trip de variador,Instrumentación,14.16,8.39,19049.1,False,training_fact_mantenimiento_export.csv,2026-06-23T00:00:00,282,Sistema de relaves Sintético 0052
MT000283,20240523,EQ0035,A004,WT1,P3,Alta vibración,Control,2.55,1.44,5247.25,True,training_fact_mantenimiento_export.csv,2026-06-23T00:00:00,283,Perforadora Sintético 0035
MT000284,20240609,EQ0040,A008,WT2,P2,Desgaste de revestimientos,Molienda,4.16,3.73,8531.49,False,training_fact_mantenimiento_export.csv,2026-06-23T00:00:00,284,Molino de bolas Sintético 0040
MT000285,20240203,EQ0004,A017,WT1,P2,Falla de pala,Instrumentación,1.54,1.33,712.07,True,training_fact_mantenimiento_export.csv,2026-06-23T00:00:00,285,Sensor de vibración Sintético 0004
MT000286,20241121,EQ0011,A008,WT1,P2,Trip de variador,Molienda,4.69,2.06,6330.16,True,training_fact_mantenimiento_export.csv,2026-06-23T00:00:00,286,Molino de bolas Sintético 0011
MT000287,20241219,EQ0034,A010,WT1,P2,Deriva de sensor,Eléctrico,6.68,4.03,11114.67,True,training_fact_mantenimiento_export.csv,2026-06-23T00:00:00,287,Filtro Sintético 0034
MT000288,20241204,EQ0049,A005,WT1,P1,Falla eléctrica,Chancado,6.35,3.56,12697.81,True,training_fact_mantenimiento_export.csv,2026-06-23T00:00:00,288,Chancador secundario Sintético 0049
MT000289,20241208,EQ0055,A010,WT1,P1,Bloqueo de chancador,Instrumentación,3.71,3.38,8666.62,True,training_fact_mantenimiento_export.csv,2026-06-23T00:00:00,289,Espesador Sintético 0055
MT000290,20240728,EQ0021,A005,WT2,P3,Corte de correa,Mecánico,4.72,3.41,3435.09,False,training_fact_mantenimiento_export.csv,2026-06-23T00:00:00,290,Alimentador Sintético 0021
MT000291,20241226,EQ0054,A005,WT1,P2,Falla eléctrica,Chancado,1.27,1.12,2307.29,True,training_fact_mantenimiento_export.csv,2026-06-23T00:00:00,291,Chancador primario Sintético 0054
MT000292,20241217,EQ0032,A008,WT1,P4,Alta vibración,Molienda,1.2,0.74,1572.38,True,training_fact_mantenimiento_export.csv,2026-06-23T00:00:00,292,Molino SAG Sintético 0032
MT000293,20240930,EQ0043,A012,WT2,P1,Falla de sello mecánico,Bombas,10.3,7.54,12545.03,False,training_fact_mantenimiento_export.csv,2026-06-23T00:00:00,293,Bomba de pulpa Sintético 0043
MT000294,20240709,EQ0036,A004,WT1,P3,Falla de bomba de pulpa,Eléctrico,1.87,0.86,845.31,True,training_fact_mantenimiento_export.csv,2026-06-23T00:00:00,294,Sistema dispatch Sintético 0036
MT000295,20240315,EQ0059,A009,WT2,P2,Sobrecalentamiento,Eléctrico,3.62,1.62,8618.87,False,training_fact_mantenimiento_export.csv,2026-06-23T00:00:00,295,Celda de flotación Sintético 0059
MT000296,20240321,EQ0008,A017,WT2,P3,Falla de instrumentación,Control,6.44,4.7,10661.08,False,training_fact_mantenimiento_export.csv,2026-06-23T00:00:00,296,Servidor SCADA Sintético 0008
MT000297,20240620,EQ0034,A010,WT1,P3,Alta vibración,Instrumentación,7.18,5.04,12047.71,True,training_fact_mantenimiento_export.csv,2026-06-23T00:00:00,297,Filtro Sintético 0034
MT000298,20240711,EQ0040,A008,WT1,P2,Desgaste de revestimientos,Molienda,0.78,0.69,1774.67,True,training_fact_mantenimiento_export.csv,2026-06-23T00:00:00,298,Molino de bolas Sintético 0040
MT000299,20240815,EQ0032,A008,WT1,P2,Desgaste de revestimientos,Molienda,2.3,1.78,2089.67,True,training_fact_mantenimiento_export.csv,2026-06-23T00:00:00,299,Molino SAG Sintético 0032
MT000300,20240627,EQ0042,A004,WT2,P4,Falla de pala,Control,8.77,4.4,15993.81,False,training_fact_mantenimiento_export.csv,2026-06-23T00:00:00,300,Pala hidráulica Sintético 0042
MT000301,20241009,EQ0001,A017,WT2,P2,Falla de instrumentación,Control,1.18,0.8,1588.22,False,training_fact_mantenimiento_export.csv,2026-06-23T00:00:00,301,PLC Sintético 0001
MT000302,20240706,EQ0039,A008,WT2,P1,Desgaste de revestimientos,Molienda,12.2,4.93,17091.4,False,training_fact_mantenimiento_export.csv,2026-06-23T00:00:00,302,Molino SAG Sintético 0039
MT000303,20240922,EQ0037,A017,WT1,P3,Falla de instrumentación,Control,5.01,3.77,9912.74,True,training_fact_mantenimiento_export.csv,2026-06-23T00:00:00,303,Servidor SCADA Sintético 0037
MT000304,20240305,EQ0041,A005,WT2,P2,Falla eléctrica,Chancado,9.66,4.35,9414.56,False,training_fact_mantenimiento_export.csv,2026-06-23T00:00:00,304,Chancador primario Sintético 0041
MT000305,20240910,EQ0037,A017,WT1,P3,Deriva de sensor,Control,1.55,0.96,3529.22,True,training_fact_mantenimiento_export.csv,2026-06-23T00:00:00,305,Servidor SCADA Sintético 0037
MT000306,20240315,EQ0015,A004,WT1,P2,Pérdida de comunicación PLC,Seguridad,12.87,5.17,18034.07,True,training_fact_mantenimiento_export.csv,2026-06-23T00:00:00,306,Cargador frontal Sintético 0015
MT000307,20240708,EQ0052,A010,WT1,P2,Fuga hidráulica,Mecánico,3.07,2.33,4471.32,True,training_fact_mantenimiento_export.csv,2026-06-23T00:00:00,307,Sistema de relaves Sintético 0052
MT000308,20240524,EQ0014,A010,WT1,P1,Desgaste de neumáticos,Energía,0.57,0.44,691.5,True,training_fact_mantenimiento_export.csv,2026-06-23T00:00:00,308,Espesador Sintético 0014
MT000309,20240318,EQ0047,A004,WT1,P2,Desgaste de neumáticos,Mecánico,1.7,0.79,1019.58,True,training_fact_mantenimiento_export.csv,2026-06-23T00:00:00,309,Bulldozer Sintético 0047
MT000310,20241003,EQ0015,A004,WT2,P2,Bloqueo de chancador,Mecánico,6.64,3.19,10165.88,False,training_fact_mantenimiento_export.csv,2026-06-23T00:00:00,310,Cargador frontal Sintético 0015
MT000311,20241105,EQ0042,A004,WT1,P3,Alta vibración,Hidráulico,0.5,0.28,869.91,True,training_fact_mantenimiento_export.csv,2026-06-23T00:00:00,311,Pala hidráulica Sintético 0042
MT000312,20240325,EQ0016,A017,WT1,P3,Pérdida de comunicación PLC,Control,1.3,1.23,710.93,True,training_fact_mantenimiento_export.csv,2026-06-23T00:00:00,312,Switch industrial Sintético 0016
MT000313,20240911,EQ0051,A006,WT1,P4,Obstrucción de chute,Correas,1.82,1.61,1871.44,True,training_fact_mantenimiento_export.csv,2026-06-23T00:00:00,313,Correa transportadora Sintético 0051
MT000314,20240130,EQ0022,A004,WT1,P1,Falla de instrumentación,Seguridad,2.49,1.6,5148.06,True,training_fact_mantenimiento_export.csv,2026-06-23T00:00:00,314,Sistema dispatch Sintético 0022
MT000315,20240613,EQ0025,A004,WT2,P3,Desgaste de revestimientos,Eléctrico,2.61,2.19,3700.11,False,training_fact_mantenimiento_export.csv,2026-06-23T00:00:00,315,Bulldozer Sintético 0025
MT000316,20240407,EQ0016,A017,WT1,P2,Deriva de sensor,Control,2.56,0.98,4156.9,True,training_fact_mantenimiento_export.csv,2026-06-23T00:00:00,316,Switch industrial Sintético 0016
MT000317,20240131,EQ0020,A013,WT2,P2,Falla eléctrica,Mecánico,11.12,4.97,12965.13,False,training_fact_mantenimiento_export.csv,2026-06-23T00:00:00,317,Medidor de energía Sintético 0020
MT000318,20240525,EQ0059,A009,WT1,P2,Sobrecalentamiento,Seguridad,10.72,8.52,6016.97,True,training_fact_mantenimiento_export.csv,2026-06-23T00:00:00,318,Celda de flotación Sintético 0059
MT000319,20241003,EQ0056,A005,WT2,P2,Deriva de sensor,Mecánico,4.68,4.17,7216.1,False,training_fact_mantenimiento_export.csv,2026-06-23T00:00:00,319,Harnero Sintético 0056
MT000320,20240121,EQ0006,A005,WT2,P3,Falla eléctrica,Chancado,9.64,4.29,9128.44,False,training_fact_mantenimiento_export.csv,2026-06-23T00:00:00,320,Chancador secundario Sintético 0006
MT000321,20240725,EQ0038,A004,WT2,P3,Falla de sello mecánico,Seguridad,5.23,4.32,9592.71,False,training_fact_mantenimiento_export.csv,2026-06-23T00:00:00,321,Camión aljibe Sintético 0038
MT000322,20240530,EQ0051,A006,WT1,P3,Obstrucción de chute,Correas,4.92,2.04,6015.25,True,training_fact_mantenimiento_export.csv,2026-06-23T00:00:00,322,Correa transportadora Sintético 0051
MT000323,20240325,EQ0036,A004,WT2,P2,Falla eléctrica,Mecánico,2.35,1.36,3385.99,False,training_fact_mantenimiento_export.csv,2026-06-23T00:00:00,323,Sistema dispatch Sintético 0036
MT000324,20240802,EQ0022,A004,WT1,P2,Bloqueo de chancador,Seguridad,5.25,4.29,8104.29,True,training_fact_mantenimiento_export.csv,2026-06-23T00:00:00,324,Sistema dispatch Sintético 0022
MT000325,20240825,EQ0048,A004,WT1,P3,Falla de pala,Hidráulico,6.18,4.04,11494.44,True,training_fact_mantenimiento_export.csv,2026-06-23T00:00:00,325,Pala eléctrica Sintético 0048
MT000326,20241028,EQ0037,A017,WT2,P3,Pérdida de comunicación PLC,Control,9.59,7.72,19502.44,False,training_fact_mantenimiento_export.csv,2026-06-23T00:00:00,326,Servidor SCADA Sintético 0037
MT000327,20240602,EQ0012,A013,WT1,P3,Trip de variador,Mecánico,1.27,0.69,821.22,True,training_fact_mantenimiento_export.csv,2026-06-23T00:00:00,327,Medidor de energía Sintético 0012
MT000328,20240626,EQ0020,A013,WT2,P4,Bloqueo de chancador,Eléctrico,17.28,13.15,10918.6,False,training_fact_mantenimiento_export.csv,2026-06-23T00:00:00,328,Medidor de energía Sintético 0020
MT000329,20240524,EQ0005,A017,WT1,P2,Deriva de sensor,Control,2.55,2.11,1943.41,True,training_fact_mantenimiento_export.csv,2026-06-23T00:00:00,329,PLC Sintético 0005
MT000330,20240924,EQ0055,A010,WT1,P4,Falla de sello mecánico,Eléctrico,0.5,0.24,858.53,True,training_fact_mantenimiento_export.csv,2026-06-23T00:00:00,330,Espesador Sintético 0055
MT000331,20240402,EQ0012,A013,WT1,P3,Falla de pala,Energía,7.47,3.63,7014.4,True,training_fact_mantenimiento_export.csv,2026-06-23T00:00:00,331,Medidor de energía Sintético 0012
MT000332,20240905,EQ0004,A017,WT2,P2,Pérdida de comunicación PLC,Seguridad,5.56,2.26,10887.72,False,training_fact_mantenimiento_export.csv,2026-06-23T00:00:00,332,Sensor de vibración Sintético 0004
MT000333,20241109,EQ0056,A005,WT2,P2,Deriva de sensor,Mecánico,6.6,3.95,7915.6,False,training_fact_mantenimiento_export.csv,2026-06-23T00:00:00,333,Harnero Sintético 0056
MT000334,20240716,EQ0016,A017,WT1,P3,Falla de instrumentación,Control,1.41,0.55,1793.83,True,training_fact_mantenimiento_export.csv,2026-06-23T00:00:00,334,Switch industrial Sintético 0016
MT000335,20240409,EQ0039,A008,WT2,P3,Desgaste de revestimientos,Molienda,1.82,1.24,2808.79,False,training_fact_mantenimiento_export.csv,2026-06-23T00:00:00,335,Molino SAG Sintético 0039
MT000336,20240723,EQ0058,A005,WT1,P4,Obstrucción de chute,Energía,7.83,4.21,12929.92,True,training_fact_mantenimiento_export.csv,2026-06-23T00:00:00,336,Alimentador Sintético 0058
MT000337,20240606,EQ0008,A017,WT1,P2,Deriva de sensor,Control,1.61,1.52,781.07,True,training_fact_mantenimiento_export.csv,2026-06-23T00:00:00,337,Servidor SCADA Sintético 0008
MT000338,20240416,EQ0022,A004,WT1,P3,Pérdida de comunicación PLC,Mecánico,4.87,4.27,6128.28,True,training_fact_mantenimiento_export.csv,2026-06-23T00:00:00,338,Sistema dispatch Sintético 0022
MT000339,20241127,EQ0013,A017,WT1,P3,Deriva de sensor,Control,0.43,0.3,874.05,True,training_fact_mantenimiento_export.csv,2026-06-23T00:00:00,339,Servidor Historiador Sintético 0013
MT000340,20240223,EQ0016,A017,WT1,P3,Deriva de sensor,Control,0.8,0.72,1317.28,True,training_fact_mantenimiento_export.csv,2026-06-23T00:00:00,340,Switch industrial Sintético 0016
MT000341,20240517,EQ0054,A005,WT2,P4,Alta vibración,Chancado,18.89,17.54,18625.62,False,training_fact_mantenimiento_export.csv,2026-06-23T00:00:00,341,Chancador primario Sintético 0054
MT000342,20240712,EQ0018,A009,WT1,P3,Alta vibración,Instrumentación,2.32,1.67,5238.99,True,training_fact_mantenimiento_export.csv,2026-06-23T00:00:00,342,Celda de flotación Sintético 0018
MT000343,20240912,EQ0014,A010,WT1,P2,Desalineamiento de correa,Instrumentación,3.72,2.18,8711.14,True,training_fact_mantenimiento_export.csv,2026-06-23T00:00:00,343,Espesador Sintético 0014
MT000344,20240408,EQ0007,A004,WT1,P3,Falla de motor,Neumáticos,2.99,2.64,5890.78,True,training_fact_mantenimiento_export.csv,2026-06-23T00:00:00,344,Camión CAEX Sintético 0007
MT000345,20241027,EQ0046,A004,WT1,P3,Fuga hidráulica,Mecánico,1.17,0.62,1317.1,True,training_fact_mantenimiento_export.csv,2026-06-23T00:00:00,345,Perforadora Sintético 0046
MT000346,20240515,EQ0021,A005,WT2,P4,Falla de pala,Instrumentación,13.48,7.64,29002.41,False,training_fact_mantenimiento_export.csv,2026-06-23T00:00:00,346,Alimentador Sintético 0021
MT000347,20241227,EQ0005,A017,WT1,P3,Deriva de sensor,Control,1.14,0.86,1139.94,True,training_fact_mantenimiento_export.csv,2026-06-23T00:00:00,347,PLC Sintético 0005
MT000348,20241001,EQ0020,A013,WT2,P1,Trip de variador,Seguridad,18.5,7.38,34572.81,False,training_fact_mantenimiento_export.csv,2026-06-23T00:00:00,348,Medidor de energía Sintético 0020
MT000349,20240402,EQ0053,A004,WT1,P3,Alta vibración,Energía,4.27,1.91,7641.59,True,training_fact_mantenimiento_export.csv,2026-06-23T00:00:00,349,Motoniveladora Sintético 0053
MT000350,20240902,EQ0017,A004,WT1,P2,Fuga hidráulica,Hidráulico,6.28,4.37,10591.97,True,training_fact_mantenimiento_export.csv,2026-06-23T00:00:00,350,Pala eléctrica Sintético 0017
MT000351,20240116,EQ0049,A005,WT1,P3,Bloqueo de chancador,Chancado,1.7,0.78,1298.37,True,training_fact_mantenimiento_export.csv,2026-06-23T00:00:00,351,Chancador secundario Sintético 0049
MT000352,20240224,EQ0005,A017,WT1,P3,Pérdida de comunicación PLC,Control,1.86,1.62,1478.14,True,training_fact_mantenimiento_export.csv,2026-06-23T00:00:00,352,PLC Sintético 0005
MT000353,20240105,EQ0021,A005,WT2,P4,Desgaste de revestimientos,Instrumentación,19.72,17.31,23770.97,False,training_fact_mantenimiento_export.csv,2026-06-23T00:00:00,353,Alimentador Sintético 0021
MT000354,20240217,EQ0036,A004,WT1,P3,Falla de sello mecánico,Eléctrico,1.4,0.94,2114.22,True,training_fact_mantenimiento_export.csv,2026-06-23T00:00:00,354,Sistema dispatch Sintético 0036
MT000355,20241014,EQ0001,A017,WT2,P2,Falla de instrumentación,Control,9.55,4.13,11083.75,False,training_fact_mantenimiento_export.csv,2026-06-23T00:00:00,355,PLC Sintético 0001
MT000356,20241109,EQ0042,A004,WT1,P2,Falla de pala,Hidráulico,2.14,1.16,4018.41,True,training_fact_mantenimiento_export.csv,2026-06-23T00:00:00,356,Pala hidráulica Sintético 0042
MT000357,20240902,EQ0060,A017,WT1,P4,Pérdida de comunicación PLC,Control,7.69,5.48,7620.76,True,training_fact_mantenimiento_export.csv,2026-06-23T00:00:00,357,RTU Sintético 0060
MT000358,20240522,EQ0043,A012,WT2,P2,Falla de bomba de pulpa,Bombas,0.85,0.35,1379.85,False,training_fact_mantenimiento_export.csv,2026-06-23T00:00:00,358,Bomba de pulpa Sintético 0043
MT000359,20240626,EQ0049,A005,WT1,P1,Falla eléctrica,Chancado,14.07,8.19,13060.59,True,training_fact_mantenimiento_export.csv,2026-06-23T00:00:00,359,Chancador secundario Sintético 0049
MT000360,20240307,EQ0010,A017,WT1,P4,Pérdida de comunicación PLC,Control,2.12,1.02,2773.85,True,training_fact_mantenimiento_export.csv,2026-06-23T00:00:00,360,Switch industrial Sintético 0010
MT000361,20240607,EQ0030,A006,WT1,P2,Desalineamiento de correa,Correas,1.87,1.33,2391.95,True,training_fact_mantenimiento_export.csv,2026-06-23T00:00:00,361,Correa transportadora Sintético 0030
MT000362,20240812,EQ0039,A008,WT2,P1,Trip de variador,Molienda,4.1,3.6,5923.34,False,training_fact_mantenimiento_export.csv,2026-06-23T00:00:00,362,Molino SAG Sintético 0039
MT000363,20241014,EQ0027,A017,WT1,P3,Falla de instrumentación,Control,2.61,2.33,5001.86,True,training_fact_mantenimiento_export.csv,2026-06-23T00:00:00,363,Sistema de control distribuido Sintético 0027
MT000364,20241220,EQ0054,A005,WT2,P2,Falla eléctrica,Chancado,15.45,6.73,17225.68,False,training_fact_mantenimiento_export.csv,2026-06-23T00:00:00,364,Chancador primario Sintético 0054
MT000365,20240601,EQ0047,A004,WT2,P2,Falla de motor,Mecánico,28.2,12.24,48140.5,False,training_fact_mantenimiento_export.csv,2026-06-23T00:00:00,365,Bulldozer Sintético 0047
MT000366,20240809,EQ0059,A009,WT2,P3,Corte de correa,Seguridad,4.97,3.95,10931.74,False,training_fact_mantenimiento_export.csv,2026-06-23T00:00:00,366,Celda de flotación Sintético 0059
MT000367,20240207,EQ0044,A012,WT1,P4,Falla de sello mecánico,Bombas,2.19,0.84,2324.36,True,training_fact_mantenimiento_export.csv,2026-06-23T00:00:00,367,Bomba de pulpa Sintético 0044
MT000368,20240808,EQ0054,A005,WT2,P1,Falla eléctrica,Chancado,7.67,5.09,11140.55,False,training_fact_mantenimiento_export.csv,2026-06-23T00:00:00,368,Chancador primario Sintético 0054
MT000369,20240213,EQ0047,A004,WT1,P2,Falla eléctrica,Mecánico,1.42,1.07,1473.53,True,training_fact_mantenimiento_export.csv,2026-06-23T00:00:00,369,Bulldozer Sintético 0047
MT000370,20241121,EQ0009,A004,WT2,P3,Falla de transmisión,Neumáticos,15.8,9.5,47386.04,False,training_fact_mantenimiento_export.csv,2026-06-23T00:00:00,370,Camión CAEX Sintético 0009
MT000371,20240220,EQ0053,A004,WT1,P1,Alta vibración,Mecánico,2.68,1.67,2721.02,True,training_fact_mantenimiento_export.csv,2026-06-23T00:00:00,371,Motoniveladora Sintético 0053
MT000372,20240313,EQ0058,A005,WT1,P4,Pérdida de comunicación PLC,Seguridad,2.62,1.65,6220.36,True,training_fact_mantenimiento_export.csv,2026-06-23T00:00:00,372,Alimentador Sintético 0058
MT000373,20240330,EQ0039,A008,WT2,P2,Trip de variador,Molienda,14.03,7.7,8134.05,False,training_fact_mantenimiento_export.csv,2026-06-23T00:00:00,373,Molino SAG Sintético 0039
MT000374,20240724,EQ0020,A013,WT2,P3,Trip de variador,Mecánico,2.4,1.49,5273.68,False,training_fact_mantenimiento_export.csv,2026-06-23T00:00:00,374,Medidor de energía Sintético 0020
MT000375,20240913,EQ0026,A004,WT2,P2,Fuga hidráulica,Control,4.34,3.64,8738.07,False,training_fact_mantenimiento_export.csv,2026-06-23T00:00:00,375,Pala eléctrica Sintético 0026
MT000376,20240329,EQ0002,A004,WT1,P2,Falla de motor,Neumáticos,6.35,5.44,6915.99,True,training_fact_mantenimiento_export.csv,2026-06-23T00:00:00,376,Camión CAEX Sintético 0002
MT000377,20241013,EQ0001,A017,WT1,P3,Pérdida de comunicación PLC,Control,5.07,3.65,8866.77,True,training_fact_mantenimiento_export.csv,2026-06-23T00:00:00,377,PLC Sintético 0001
MT000378,20240907,EQ0022,A004,WT1,P4,Falla eléctrica,Mecánico,3.51,1.94,1831.18,True,training_fact_mantenimiento_export.csv,2026-06-23T00:00:00,378,Sistema dispatch Sintético 0022
MT000379,20240824,EQ0020,A013,WT1,P2,Alta vibración,Energía,7.49,4.58,4169.95,True,training_fact_mantenimiento_export.csv,2026-06-23T00:00:00,379,Medidor de energía Sintético 0020
MT000380,20240726,EQ0019,A004,WT2,P4,Trip de variador,Instrumentación,16.23,12.68,25268.66,False,training_fact_mantenimiento_export.csv,2026-06-23T00:00:00,380,Camión aljibe Sintético 0019
MT000381,20241206,EQ0014,A010,WT1,P2,Sobrecalentamiento,Instrumentación,0.79,0.51,1257.66,True,training_fact_mantenimiento_export.csv,2026-06-23T00:00:00,381,Espesador Sintético 0014
MT000382,20241109,EQ0041,A005,WT1,P1,Bloqueo de chancador,Chancado,11.1,4.99,11705.67,True,training_fact_mantenimiento_export.csv,2026-06-23T00:00:00,382,Chancador primario Sintético 0041
MT000383,20241015,EQ0023,A010,WT2,P4,Falla de sello mecánico,Seguridad,5.8,4.4,12462.67,False,training_fact_mantenimiento_export.csv,2026-06-23T00:00:00,383,Filtro Sintético 0023
MT000384,20240731,EQ0060,A017,WT1,P3,Deriva de sensor,Control,1.43,0.62,2331.65,True,training_fact_mantenimiento_export.csv,2026-06-23T00:00:00,384,RTU Sintético 0060
MT000385,20240723,EQ0054,A005,WT1,P1,Falla eléctrica,Chancado,1.3,1.23,2219.63,True,training_fact_mantenimiento_export.csv,2026-06-23T00:00:00,385,Chancador primario Sintético 0054
MT000386,20240807,EQ0044,A012,WT1,P1,Falla de sello mecánico,Bombas,5.18,2.92,8468.48,True,training_fact_mantenimiento_export.csv,2026-06-23T00:00:00,386,Bomba de pulpa Sintético 0044
MT000387,20241230,EQ0050,A004,WT2,P3,Pérdida de comunicación PLC,Instrumentación,7.0,3.29,8662.66,False,training_fact_mantenimiento_export.csv,2026-06-23T00:00:00,387,Motoniveladora Sintético 0050
MT000388,20240626,EQ0041,A005,WT2,P2,Bloqueo de chancador,Chancado,8.87,6.38,5184.48,False,training_fact_mantenimiento_export.csv,2026-06-23T00:00:00,388,Chancador primario Sintético 0041
MT000389,20240904,EQ0013,A017,WT1,P2,Deriva de sensor,Control,5.23,4.24,8106.05,True,training_fact_mantenimiento_export.csv,2026-06-23T00:00:00,389,Servidor Historiador Sintético 0013
MT000390,20240121,EQ0011,A008,WT2,P4,Desgaste de revestimientos,Molienda,20.62,16.28,42439.63,False,training_fact_mantenimiento_export.csv,2026-06-23T00:00:00,390,Molino de bolas Sintético 0011
MT000391,20241006,EQ0031,A017,WT2,P3,Falla eléctrica,Mecánico,25.21,13.42,55881.68,False,training_fact_mantenimiento_export.csv,2026-06-23T00:00:00,391,Sensor de vibración Sintético 0031
MT000392,20240621,EQ0044,A012,WT2,P4,Falla de sello mecánico,Bombas,6.99,4.81,4997.32,False,training_fact_mantenimiento_export.csv,2026-06-23T00:00:00,392,Bomba de pulpa Sintético 0044
MT000393,20241228,EQ0033,A010,WT2,P1,Desgaste de revestimientos,Mecánico,2.4,1.86,4503.27,False,training_fact_mantenimiento_export.csv,2026-06-23T00:00:00,393,Sistema de relaves Sintético 0033
MT000394,20240116,EQ0017,A004,WT2,P2,Falla de pala,Control,5.98,5.05,5141.26,False,training_fact_mantenimiento_export.csv,2026-06-23T00:00:00,394,Pala eléctrica Sintético 0017
MT000395,20241226,EQ0005,A017,WT2,P2,Pérdida de comunicación PLC,Control,13.42,8.8,11461.11,False,training_fact_mantenimiento_export.csv,2026-06-23T00:00:00,395,PLC Sintético 0005
MT000396,20240812,EQ0017,A004,WT1,P2,Falla de pala,Mecánico,7.24,2.78,4172.68,True,training_fact_mantenimiento_export.csv,2026-06-23T00:00:00,396,Pala eléctrica Sintético 0017
MT000397,20240316,EQ0054,A005,WT2,P3,Bloqueo de chancador,Chancado,29.48,18.3,69172.2,False,training_fact_mantenimiento_export.csv,2026-06-23T00:00:00,397,Chancador primario Sintético 0054
MT000398,20240327,EQ0026,A004,WT2,P4,Fuga hidráulica,Hidráulico,10.9,7.96,20803.6,False,training_fact_mantenimiento_export.csv,2026-06-23T00:00:00,398,Pala eléctrica Sintético 0026
MT000399,20240307,EQ0055,A010,WT1,P1,Falla de motor,Instrumentación,0.96,0.44,1060.68,True,training_fact_mantenimiento_export.csv,2026-06-23T00:00:00,399,Espesador Sintético 0055
MT000400,20240105,EQ0054,A005,WT2,P2,Alta vibración,Chancado,16.5,14.98,34947.1,False,training_fact_mantenimiento_export.csv,2026-06-23T00:00:00,400,Chancador primario Sintético 0054
MT000401,20240119,EQ0009,A004,WT2,P2,Desgaste de neumáticos,Hidráulico,7.32,3.53,7774.53,False,training_fact_mantenimiento_export.csv,2026-06-23T00:00:00,401,Camión CAEX Sintético 0009
MT000402,20241005,EQ0014,A010,WT1,P2,Falla de sello mecánico,Mecánico,1.65,0.77,1839.36,True,training_fact_mantenimiento_export.csv,2026-06-23T00:00:00,402,Espesador Sintético 0014
MT000403,20240315,EQ0033,A010,WT1,P2,Falla de pala,Instrumentación,2.83,1.08,1544.46,True,training_fact_mantenimiento_export.csv,2026-06-23T00:00:00,403,Sistema de relaves Sintético 0033
MT000404,20240430,EQ0054,A005,WT1,P3,Bloqueo de chancador,Chancado,7.04,3.68,9167.17,True,training_fact_mantenimiento_export.csv,2026-06-23T00:00:00,404,Chancador primario Sintético 0054
MT000405,20240604,EQ0016,A017,WT2,P4,Pérdida de comunicación PLC,Control,6.43,5.51,6083.72,False,training_fact_mantenimiento_export.csv,2026-06-23T00:00:00,405,Switch industrial Sintético 0016
MT000406,20240826,EQ0030,A006,WT1,P1,Obstrucción de chute,Correas,0.49,0.39,1168.32,True,training_fact_mantenimiento_export.csv,2026-06-23T00:00:00,406,Correa transportadora Sintético 0030
MT000407,20241018,EQ0025,A004,WT2,P4,Falla de pala,Energía,5.7,2.65,4673.58,False,training_fact_mantenimiento_export.csv,2026-06-23T00:00:00,407,Bulldozer Sintético 0025
MT000408,20240908,EQ0005,A017,WT1,P3,Deriva de sensor,Control,7.23,6.6,5667.52,True,training_fact_mantenimiento_export.csv,2026-06-23T00:00:00,408,PLC Sintético 0005
MT000409,20241106,EQ0033,A010,WT2,P2,Falla de motor,Mecánico,3.42,2.55,1857.28,False,training_fact_mantenimiento_export.csv,2026-06-23T00:00:00,409,Sistema de relaves Sintético 0033
MT000410,20240701,EQ0041,A005,WT1,P3,Bloqueo de chancador,Chancado,4.04,2.7,5785.78,True,training_fact_mantenimiento_export.csv,2026-06-23T00:00:00,410,Chancador primario Sintético 0041
MT000411,20240625,EQ0039,A008,WT1,P2,Alta vibración,Molienda,0.35,0.16,213.22,True,training_fact_mantenimiento_export.csv,2026-06-23T00:00:00,411,Molino SAG Sintético 0039
MT000412,20240101,EQ0041,A005,WT1,P2,Bloqueo de chancador,Chancado,4.75,4.21,9208.79,True,training_fact_mantenimiento_export.csv,2026-06-23T00:00:00,412,Chancador primario Sintético 0041
MT000413,20240813,EQ0049,A005,WT1,P1,Bloqueo de chancador,Chancado,3.0,2.16,3790.39,True,training_fact_mantenimiento_export.csv,2026-06-23T00:00:00,413,Chancador secundario Sintético 0049
MT000414,20241019,EQ0058,A005,WT2,P3,Alta vibración,Instrumentación,29.58,13.56,70627.7,False,training_fact_mantenimiento_export.csv,2026-06-23T00:00:00,414,Alimentador Sintético 0058
MT000415,20240823,EQ0058,A005,WT1,P1,Sobrecalentamiento,Eléctrico,5.0,3.28,2935.8,True,training_fact_mantenimiento_export.csv,2026-06-23T00:00:00,415,Alimentador Sintético 0058
MT000416,20240516,EQ0020,A013,WT2,P3,Falla de bomba de pulpa,Eléctrico,1.03,0.41,1353.01,False,training_fact_mantenimiento_export.csv,2026-06-23T00:00:00,416,Medidor de energía Sintético 0020
MT000417,20240828,EQ0009,A004,WT1,P3,Desgaste de neumáticos,Mecánico,0.73,0.31,2476.19,True,training_fact_mantenimiento_export.csv,2026-06-23T00:00:00,417,Camión CAEX Sintético 0009
MT000418,20240402,EQ0006,A005,WT2,P3,Bloqueo de chancador,Chancado,19.91,9.68,25662.83,False,training_fact_mantenimiento_export.csv,2026-06-23T00:00:00,418,Chancador secundario Sintético 0006
MT000419,20240120,EQ0047,A004,WT2,P3,Falla de instrumentación,Energía,13.57,8.45,15295.99,False,training_fact_mantenimiento_export.csv,2026-06-23T00:00:00,419,Bulldozer Sintético 0047
MT000420,20240928,EQ0027,A017,WT1,P3,Pérdida de comunicación PLC,Control,3.54,2.99,2530.99,True,training_fact_mantenimiento_export.csv,2026-06-23T00:00:00,420,Sistema de control distribuido Sintético 0027
MT000421,20240706,EQ0030,A006,WT1,P4,Obstrucción de chute,Correas,0.19,0.14,302.28,True,training_fact_mantenimiento_export.csv,2026-06-23T00:00:00,421,Correa transportadora Sintético 0030
MT000422,20241015,EQ0017,A004,WT2,P3,Falla de pala,Hidráulico,9.23,7.11,9796.45,False,training_fact_mantenimiento_export.csv,2026-06-23T00:00:00,422,Pala eléctrica Sintético 0017
MT000423,20240820,EQ0016,A017,WT1,P2,Falla de instrumentación,Control,3.27,1.38,5119.37,True,training_fact_mantenimiento_export.csv,2026-06-23T00:00:00,423,Switch industrial Sintético 0016
MT000424,20241024,EQ0033,A010,WT2,P3,Deriva de sensor,Energía,4.45,2.19,9988.36,False,training_fact_mantenimiento_export.csv,2026-06-23T00:00:00,424,Sistema de relaves Sintético 0033
MT000425,20241002,EQ0016,A017,WT2,P2,Falla de instrumentación,Control,22.5,14.24,35356.82,False,training_fact_mantenimiento_export.csv,2026-06-23T00:00:00,425,Switch industrial Sintético 0016
MT000426,20241008,EQ0035,A004,WT2,P4,Alta vibración,Hidráulico,14.15,12.95,8095.92,False,training_fact_mantenimiento_export.csv,2026-06-23T00:00:00,426,Perforadora Sintético 0035
MT000427,20241116,EQ0046,A004,WT1,P2,Falla de pala,Hidráulico,0.19,0.14,267.09,True,training_fact_mantenimiento_export.csv,2026-06-23T00:00:00,427,Perforadora Sintético 0046
MT000428,20240308,EQ0021,A005,WT2,P2,Obstrucción de chute,Mecánico,8.46,4.23,15462.06,False,training_fact_mantenimiento_export.csv,2026-06-23T00:00:00,428,Alimentador Sintético 0021
MT000429,20240705,EQ0035,A004,WT2,P1,Alta vibración,Control,4.42,1.69,7151.46,False,training_fact_mantenimiento_export.csv,2026-06-23T00:00:00,429,Perforadora Sintético 0035
MT000430,20241011,EQ0058,A005,WT2,P2,Baja presión,Eléctrico,11.24,4.69,8033.04,False,training_fact_mantenimiento_export.csv,2026-06-23T00:00:00,430,Alimentador Sintético 0058
MT000431,20240618,EQ0047,A004,WT1,P3,Desgaste de neumáticos,Mecánico,0.29,0.14,367.93,True,training_fact_mantenimiento_export.csv,2026-06-23T00:00:00,431,Bulldozer Sintético 0047
MT000432,20240330,EQ0011,A008,WT1,P1,Trip de variador,Molienda,2.56,1.89,3807.64,True,training_fact_mantenimiento_export.csv,2026-06-23T00:00:00,432,Molino de bolas Sintético 0011
MT000433,20241225,EQ0020,A013,WT2,P4,Falla de motor,Eléctrico,4.35,2.01,5227.49,False,training_fact_mantenimiento_export.csv,2026-06-23T00:00:00,433,Medidor de energía Sintético 0020
MT000434,20240422,EQ0014,A010,WT1,P3,Bloqueo de chancador,Mecánico,4.99,2.01,11231.21,True,training_fact_mantenimiento_export.csv,2026-06-23T00:00:00,434,Espesador Sintético 0014
MT000435,20240628,EQ0032,A008,WT1,P3,Alta vibración,Molienda,4.45,3.15,10541.99,True,training_fact_mantenimiento_export.csv,2026-06-23T00:00:00,435,Molino SAG Sintético 0032
MT000436,20240404,EQ0024,A017,WT2,P1,Falla de instrumentación,Control,13.36,6.43,25836.78,False,training_fact_mantenimiento_export.csv,2026-06-23T00:00:00,436,Servidor Historiador Sintético 0024
MT000437,20240204,EQ0017,A004,WT1,P2,Fuga hidráulica,Mecánico,2.6,1.32,5836.22,True,training_fact_mantenimiento_export.csv,2026-06-23T00:00:00,437,Pala eléctrica Sintético 0017
MT000438,20240321,EQ0033,A010,WT2,P2,Falla de sello mecánico,Energía,14.04,13.06,31989.17,False,training_fact_mantenimiento_export.csv,2026-06-23T00:00:00,438,Sistema de relaves Sintético 0033
MT000439,20240528,EQ0034,A010,WT2,P3,Falla de pala,Eléctrico,5.79,4.89,6543.42,False,training_fact_mantenimiento_export.csv,2026-06-23T00:00:00,439,Filtro Sintético 0034
MT000440,20240730,EQ0033,A010,WT2,P2,Obstrucción de chute,Mecánico,2.83,2.43,3161.06,False,training_fact_mantenimiento_export.csv,2026-06-23T00:00:00,440,Sistema de relaves Sintético 0033
MT000441,20241209,EQ0025,A004,WT1,P2,Falla de pala,Eléctrico,0.65,0.26,345.65,True,training_fact_mantenimiento_export.csv,2026-06-23T00:00:00,441,Bulldozer Sintético 0025
MT000442,20240813,EQ0043,A012,WT1,P3,Falla de bomba de pulpa,Bombas,1.21,1.13,1053.05,True,training_fact_mantenimiento_export.csv,2026-06-23T00:00:00,442,Bomba de pulpa Sintético 0043
MT000443,20240515,EQ0015,A004,WT1,P3,Alta vibración,Seguridad,4.12,2.7,3096.46,True,training_fact_mantenimiento_export.csv,2026-06-23T00:00:00,443,Cargador frontal Sintético 0015
MT000444,20240930,EQ0006,A005,WT1,P2,Falla eléctrica,Chancado,2.57,1.11,1999.77,True,training_fact_mantenimiento_export.csv,2026-06-23T00:00:00,444,Chancador secundario Sintético 0006
MT000445,20241003,EQ0004,A017,WT1,P4,Falla de transmisión,Mecánico,1.95,1.09,1483.05,True,training_fact_mantenimiento_export.csv,2026-06-23T00:00:00,445,Sensor de vibración Sintético 0004
MT000446,20240313,EQ0057,A017,WT1,P1,Deriva de sensor,Control,1.04,0.45,1146.54,True,training_fact_mantenimiento_export.csv,2026-06-23T00:00:00,446,Sistema de control distribuido Sintético 0057
MT000447,20241020,EQ0017,A004,WT2,P3,Fuga hidráulica,Control,0.92,0.52,1576.28,False,training_fact_mantenimiento_export.csv,2026-06-23T00:00:00,447,Pala eléctrica Sintético 0017
MT000448,20240622,EQ0004,A017,WT1,P4,Falla de motor,Energía,6.03,2.73,12876.52,True,training_fact_mantenimiento_export.csv,2026-06-23T00:00:00,448,Sensor de vibración Sintético 0004
MT000449,20241025,EQ0008,A017,WT2,P3,Falla de instrumentación,Control,13.56,7.09,10918.49,False,training_fact_mantenimiento_export.csv,2026-06-23T00:00:00,449,Servidor SCADA Sintético 0008
MT000450,20240806,EQ0039,A008,WT2,P3,Trip de variador,Molienda,0.67,0.28,1148.04,False,training_fact_mantenimiento_export.csv,2026-06-23T00:00:00,450,Molino SAG Sintético 0039
MT000451,20240120,EQ0019,A004,WT2,P1,Falla de transmisión,Mecánico,15.35,8.07,22332.66,False,training_fact_mantenimiento_export.csv,2026-06-23T00:00:00,451,Camión aljibe Sintético 0019
MT000452,20240514,EQ0032,A008,WT1,P1,Trip de variador,Molienda,4.11,2.36,7037.62,True,training_fact_mantenimiento_export.csv,2026-06-23T00:00:00,452,Molino SAG Sintético 0032
MT000453,20240125,EQ0046,A004,WT1,P3,Falla de pala,Control,2.66,2.4,1234.27,True,training_fact_mantenimiento_export.csv,2026-06-23T00:00:00,453,Perforadora Sintético 0046
MT000454,20240322,EQ0015,A004,WT2,P2,Falla de pala,Instrumentación,9.06,4.42,18961.73,False,training_fact_mantenimiento_export.csv,2026-06-23T00:00:00,454,Cargador frontal Sintético 0015
MT000455,20240130,EQ0012,A013,WT1,P2,Falla de bomba de pulpa,Instrumentación,5.3,4.51,6420.35,True,training_fact_mantenimiento_export.csv,2026-06-23T00:00:00,455,Medidor de energía Sintético 0012
MT000456,20240129,EQ0023,A010,WT1,P2,Falla eléctrica,Instrumentación,3.93,3.32,7766.81,True,training_fact_mantenimiento_export.csv,2026-06-23T00:00:00,456,Filtro Sintético 0023
MT000457,20240523,EQ0026,A004,WT1,P2,Falla de pala,Hidráulico,1.53,1.07,1708.0,True,training_fact_mantenimiento_export.csv,2026-06-23T00:00:00,457,Pala eléctrica Sintético 0026
MT000458,20240411,EQ0030,A006,WT1,P3,Desalineamiento de correa,Correas,0.64,0.4,1486.11,True,training_fact_mantenimiento_export.csv,2026-06-23T00:00:00,458,Correa transportadora Sintético 0030
MT000459,20240820,EQ0053,A004,WT2,P2,Trip de variador,Seguridad,7.53,4.58,13276.9,False,training_fact_mantenimiento_export.csv,2026-06-23T00:00:00,459,Motoniveladora Sintético 0053
MT000460,20240709,EQ0004,A017,WT2,P1,Trip de variador,Mecánico,10.23,9.19,23114.82,False,training_fact_mantenimiento_export.csv,2026-06-23T00:00:00,460,Sensor de vibración Sintético 0004
MT000461,20241124,EQ0050,A004,WT2,P4,Sobrecalentamiento,Instrumentación,4.56,4.21,5738.7,False,training_fact_mantenimiento_export.csv,2026-06-23T00:00:00,461,Motoniveladora Sintético 0050
MT000462,20240302,EQ0022,A004,WT1,P2,Desalineamiento de correa,Eléctrico,2.48,1.93,2548.21,True,training_fact_mantenimiento_export.csv,2026-06-23T00:00:00,462,Sistema dispatch Sintético 0022
MT000463,20240407,EQ0053,A004,WT1,P2,Desgaste de revestimientos,Instrumentación,2.68,2.33,3571.95,True,training_fact_mantenimiento_export.csv,2026-06-23T00:00:00,463,Motoniveladora Sintético 0053
MT000464,20241116,EQ0025,A004,WT2,P3,Obstrucción de chute,Energía,3.24,2.68,2366.82,False,training_fact_mantenimiento_export.csv,2026-06-23T00:00:00,464,Bulldozer Sintético 0025
MT000465,20241205,EQ0008,A017,WT1,P4,Pérdida de comunicación PLC,Control,2.34,1.84,2063.11,True,training_fact_mantenimiento_export.csv,2026-06-23T00:00:00,465,Servidor SCADA Sintético 0008
MT000466,20240915,EQ0030,A006,WT1,P2,Corte de correa,Correas,6.62,3.42,7850.73,True,training_fact_mantenimiento_export.csv,2026-06-23T00:00:00,466,Correa transportadora Sintético 0030
MT000467,20241225,EQ0048,A004,WT1,P4,Fuga hidráulica,Control,3.56,2.19,3950.83,True,training_fact_mantenimiento_export.csv,2026-06-23T00:00:00,467,Pala eléctrica Sintético 0048
MT000468,20240207,EQ0029,A004,WT2,P3,Fuga hidráulica,Control,2.95,1.54,1570.57,False,training_fact_mantenimiento_export.csv,2026-06-23T00:00:00,468,Pala hidráulica Sintético 0029
MT000469,20241219,EQ0003,A004,WT1,P2,Desgaste de neumáticos,Seguridad,5.05,4.09,4388.35,True,training_fact_mantenimiento_export.csv,2026-06-23T00:00:00,469,Cargador frontal Sintético 0003
MT000470,20240315,EQ0059,A009,WT1,P3,Falla eléctrica,Instrumentación,6.62,3.65,10949.11,True,training_fact_mantenimiento_export.csv,2026-06-23T00:00:00,470,Celda de flotación Sintético 0059
MT000471,20241203,EQ0045,A017,WT1,P3,Pérdida de comunicación PLC,Control,0.74,0.58,1637.66,True,training_fact_mantenimiento_export.csv,2026-06-23T00:00:00,471,RTU Sintético 0045
MT000472,20240119,EQ0053,A004,WT1,P4,Pérdida de comunicación PLC,Mecánico,1.44,0.82,1209.44,True,training_fact_mantenimiento_export.csv,2026-06-23T00:00:00,472,Motoniveladora Sintético 0053
MT000473,20241129,EQ0056,A005,WT2,P4,Falla de bomba de pulpa,Seguridad,3.66,1.52,3157.49,False,training_fact_mantenimiento_export.csv,2026-06-23T00:00:00,473,Harnero Sintético 0056
MT000474,20241109,EQ0043,A012,WT1,P3,Baja presión,Bombas,2.52,2.24,4799.58,True,training_fact_mantenimiento_export.csv,2026-06-23T00:00:00,474,Bomba de pulpa Sintético 0043
MT000475,20240531,EQ0030,A006,WT2,P3,Desalineamiento de correa,Correas,14.91,9.19,25263.94,False,training_fact_mantenimiento_export.csv,2026-06-23T00:00:00,475,Correa transportadora Sintético 0030
MT000476,20240325,EQ0059,A009,WT2,P2,Falla de transmisión,Eléctrico,4.64,2.37,10114.24,False,training_fact_mantenimiento_export.csv,2026-06-23T00:00:00,476,Celda de flotación Sintético 0059
MT000477,20240204,EQ0001,A017,WT1,P3,Deriva de sensor,Control,4.74,3.25,3480.55,True,training_fact_mantenimiento_export.csv,2026-06-23T00:00:00,477,PLC Sintético 0001
MT000478,20241220,EQ0020,A013,WT2,P3,Corte de correa,Energía,6.88,3.14,15205.29,False,training_fact_mantenimiento_export.csv,2026-06-23T00:00:00,478,Medidor de energía Sintético 0020
MT000479,20241206,EQ0023,A010,WT2,P4,Deriva de sensor,Energía,5.55,2.14,5508.43,False,training_fact_mantenimiento_export.csv,2026-06-23T00:00:00,479,Filtro Sintético 0023
MT000480,20241223,EQ0019,A004,WT1,P2,Obstrucción de chute,Seguridad,2.05,0.81,2025.68,True,training_fact_mantenimiento_export.csv,2026-06-23T00:00:00,480,Camión aljibe Sintético 0019
MT000481,20241027,EQ0010,A017,WT2,P3,Deriva de sensor,Control,10.18,9.62,12930.96,False,training_fact_mantenimiento_export.csv,2026-06-23T00:00:00,481,Switch industrial Sintético 0010
MT000482,20240330,EQ0028,A005,WT1,P4,Desgaste de neumáticos,Instrumentación,1.89,1.57,4387.2,True,training_fact_mantenimiento_export.csv,2026-06-23T00:00:00,482,Harnero Sintético 0028
MT000483,20241010,EQ0014,A010,WT1,P3,Deriva de sensor,Instrumentación,1.56,1.34,1014.79,True,training_fact_mantenimiento_export.csv,2026-06-23T00:00:00,483,Espesador Sintético 0014
MT000484,20241204,EQ0041,A005,WT2,P2,Falla eléctrica,Chancado,10.34,6.83,17180.28,False,training_fact_mantenimiento_export.csv,2026-06-23T00:00:00,484,Chancador primario Sintético 0041
MT000485,20241011,EQ0049,A005,WT2,P1,Alta vibración,Chancado,8.49,5.79,17884.08,False,training_fact_mantenimiento_export.csv,2026-06-23T00:00:00,485,Chancador secundario Sintético 0049
MT000486,20240509,EQ0043,A012,WT2,P4,Baja presión,Bombas,2.62,1.27,6020.84,False,training_fact_mantenimiento_export.csv,2026-06-23T00:00:00,486,Bomba de pulpa Sintético 0043
MT000487,20240723,,A017,WT2,P3,Deriva de sensor,Control,5.34,3.55,10421.28,False,training_fact_mantenimiento_export.csv,2026-06-23T00:00:00,487,Servidor SCADA Sintético 0037
MT000488,20240501,EQ0040,A008,WT1,P3,Desgaste de revestimientos,Molienda,1.47,1.04,841.91,True,training_fact_mantenimiento_export.csv,2026-06-23T00:00:00,488,Molino de bolas Sintético 0040
MT000489,20240902,EQ0021,A005,WT2,P1,Falla de instrumentación,Instrumentación,12.52,10.63,25697.6,False,training_fact_mantenimiento_export.csv,2026-06-23T00:00:00,489,Alimentador Sintético 0021
MT000490,20241128,EQ0012,A013,WT1,P3,Deriva de sensor,Energía,1.73,1.5,3402.61,True,training_fact_mantenimiento_export.csv,2026-06-23T00:00:00,490,Medidor de energía Sintético 0012
MT000491,20240119,EQ0019,A004,WT1,P4,Baja presión,Seguridad,1.31,1.11,2999.25,True,training_fact_mantenimiento_export.csv,2026-06-23T00:00:00,491,Camión aljibe Sintético 0019
MT000492,20240805,EQ0014,A010,WT1,P3,Falla de sello mecánico,Mecánico,1.75,1.62,1405.13,True,training_fact_mantenimiento_export.csv,2026-06-23T00:00:00,492,Espesador Sintético 0014
MT000493,20240426,EQ0034,A010,WT2,P2,Falla de sello mecánico,Energía,1.16,1.04,1663.4,False,training_fact_mantenimiento_export.csv,2026-06-23T00:00:00,493,Filtro Sintético 0034
MT000494,20240907,EQ0019,A004,WT2,P2,Pérdida de comunicación PLC,Energía,2.5,1.34,3050.5,False,training_fact_mantenimiento_export.csv,2026-06-23T00:00:00,494,Camión aljibe Sintético 0019
MT000495,20240612,EQ0029,A004,WT1,P1,Falla de pala,Control,4.86,2.39,8755.9,True,training_fact_mantenimiento_export.csv,2026-06-23T00:00:00,495,Pala hidráulica Sintético 0029
MT000496,20240531,EQ0027,A017,WT1,P1,Falla de instrumentación,Control,0.94,0.56,717.54,True,training_fact_mantenimiento_export.csv,2026-06-23T00:00:00,496,Sistema de control distribuido Sintético 0027
MT000497,20240331,EQ0039,A008,WT2,P2,Trip de variador,Molienda,5.88,2.51,3133.61,False,training_fact_mantenimiento_export.csv,2026-06-23T00:00:00,497,Molino SAG Sintético 0039
MT000498,20240710,EQ0022,A004,WT2,P3,Bloqueo de chancador,Eléctrico,6.41,5.47,6838.52,False,training_fact_mantenimiento_export.csv,2026-06-23T00:00:00,498,Sistema dispatch Sintético 0022
MT000499,20240703,EQ0040,A008,WT1,P4,Trip de variador,Molienda,5.31,3.43,9869.67,True,training_fact_mantenimiento_export.csv,2026-06-23T00:00:00,499,Molino de bolas Sintético 0040
MT000500,20241010,EQ0041,A005,WT1,P4,Falla eléctrica,Chancado,2.86,1.28,4848.05,True,training_fact_mantenimiento_export.csv,2026-06-23T00:00:00,500,Chancador primario Sintético 0041
MT000501,20240414,EQ0032,A008,WT1,P1,Alta vibración,Molienda,3.37,2.15,3472.32,True,training_fact_mantenimiento_export.csv,2026-06-23T00:00:00,501,Molino SAG Sintético 0032
MT000502,20240303,EQ0041,A005,WT2,P2,Alta vibración,Chancado,17.32,12.03,27872.23,False,training_fact_mantenimiento_export.csv,2026-06-23T00:00:00,502,Chancador primario Sintético 0041
MT000503,20240313,EQ0016,A017,WT1,P1,Falla de instrumentación,Control,3.95,2.32,5872.32,True,training_fact_mantenimiento_export.csv,2026-06-23T00:00:00,503,Switch industrial Sintético 0016
MT000504,20241227,EQ0020,A013,WT2,P2,Desgaste de revestimientos,Mecánico,11.14,6.24,11802.38,False,training_fact_mantenimiento_export.csv,2026-06-23T00:00:00,504,Medidor de energía Sintético 0020
MT000505,20240727,EQ0043,A012,WT2,P3,Falla de bomba de pulpa,Bombas,10.83,6.85,5293.87,False,training_fact_mantenimiento_export.csv,2026-06-23T00:00:00,505,Bomba de pulpa Sintético 0043
MT000506,20241019,EQ0045,A017,WT2,P2,Falla de instrumentación,Control,16.2,8.47,23231.39,False,training_fact_mantenimiento_export.csv,2026-06-23T00:00:00,506,RTU Sintético 0045
MT000507,20240719,EQ0031,A017,WT2,P3,Falla de transmisión,Energía,3.92,2.33,1835.76,False,training_fact_mantenimiento_export.csv,2026-06-23T00:00:00,507,Sensor de vibración Sintético 0031
MT000508,20240408,EQ0023,A010,WT2,P1,Desalineamiento de correa,Seguridad,16.88,13.21,30898.42,False,training_fact_mantenimiento_export.csv,2026-06-23T00:00:00,508,Filtro Sintético 0023
MT000509,20240618,EQ0003,A004,WT1,P3,Deriva de sensor,Seguridad,1.29,1.15,1119.54,True,training_fact_mantenimiento_export.csv,2026-06-23T00:00:00,509,Cargador frontal Sintético 0003
MT000510,20240913,EQ0003,A004,WT2,P4,Falla eléctrica,Instrumentación,1.85,0.76,1977.65,False,training_fact_mantenimiento_export.csv,2026-06-23T00:00:00,510,Cargador frontal Sintético 0003
MT000511,20241020,EQ0046,A004,WT2,P2,Alta vibración,Mecánico,10.62,9.91,7113.46,False,training_fact_mantenimiento_export.csv,2026-06-23T00:00:00,511,Perforadora Sintético 0046
MT000512,20240105,EQ0040,A008,WT1,P4,Trip de variador,Molienda,1.55,0.96,2384.07,True,training_fact_mantenimiento_export.csv,2026-06-23T00:00:00,512,Molino de bolas Sintético 0040
MT000513,20240922,EQ0026,A004,WT1,P3,Fuga hidráulica,Hidráulico,2.44,2.11,1648.63,True,training_fact_mantenimiento_export.csv,2026-06-23T00:00:00,513,Pala eléctrica Sintético 0026
MT000514,20241001,EQ0048,A004,WT2,P2,Alta vibración,Control,7.8,5.9,10193.98,False,training_fact_mantenimiento_export.csv,2026-06-23T00:00:00,514,Pala eléctrica Sintético 0048
MT000515,20241011,EQ0034,A010,WT1,P2,Falla eléctrica,Mecánico,1.76,1.49,3074.01,True,training_fact_mantenimiento_export.csv,2026-06-23T00:00:00,515,Filtro Sintético 0034
MT000516,20241018,EQ0041,A005,WT1,P1,Bloqueo de chancador,Chancado,4.26,2.0,9974.59,True,training_fact_mantenimiento_export.csv,2026-06-23T00:00:00,516,Chancador primario Sintético 0041
MT000517,20240623,EQ0027,A017,WT1,P3,Pérdida de comunicación PLC,Control,3.02,1.36,4373.54,True,training_fact_mantenimiento_export.csv,2026-06-23T00:00:00,517,Sistema de control distribuido Sintético 0027
MT000518,20240221,EQ0012,A013,WT1,P3,Baja presión,Eléctrico,0.92,0.37,818.75,True,training_fact_mantenimiento_export.csv,2026-06-23T00:00:00,518,Medidor de energía Sintético 0012
MT000519,20240927,EQ0046,A004,WT1,P2,Falla de pala,Control,1.0,0.51,1792.52,True,training_fact_mantenimiento_export.csv,2026-06-23T00:00:00,519,Perforadora Sintético 0046
MT000520,20240421,EQ0026,A004,WT1,P3,Alta vibración,Mecánico,7.99,5.97,8368.04,True,training_fact_mantenimiento_export.csv,2026-06-23T00:00:00,520,Pala eléctrica Sintético 0026
MT000521,20240203,EQ0046,A004,WT2,P4,Fuga hidráulica,Hidráulico,9.9,6.6,9828.76,False,training_fact_mantenimiento_export.csv,2026-06-23T00:00:00,521,Perforadora Sintético 0046
MT000522,20240825,EQ0048,A004,WT2,P4,Fuga hidráulica,Hidráulico,10.38,7.88,17508.05,False,training_fact_mantenimiento_export.csv,2026-06-23T00:00:00,522,Pala eléctrica Sintético 0048
MT000523,20240118,EQ0025,A004,WT2,P3,Falla de sello mecánico,Energía,4.82,4.51,2719.44,False,training_fact_mantenimiento_export.csv,2026-06-23T00:00:00,523,Bulldozer Sintético 0025
MT000524,20240915,EQ0005,A017,WT1,P1,Pérdida de comunicación PLC,Control,0.6,0.28,724.91,True,training_fact_mantenimiento_export.csv,2026-06-23T00:00:00,524,PLC Sintético 0005
MT000525,20240507,EQ0059,A009,WT2,P2,Desalineamiento de correa,Energía,7.0,3.55,8171.47,False,training_fact_mantenimiento_export.csv,2026-06-23T00:00:00,525,Celda de flotación Sintético 0059
MT000526,20240126,EQ0057,A017,WT1,P3,Pérdida de comunicación PLC,Control,3.11,1.58,2326.86,True,training_fact_mantenimiento_export.csv,2026-06-23T00:00:00,526,Sistema de control distribuido Sintético 0057
MT000527,20241123,EQ0055,A010,WT1,P2,Falla eléctrica,Instrumentación,4.7,3.73,7668.06,True,training_fact_mantenimiento_export.csv,2026-06-23T00:00:00,527,Espesador Sintético 0055
MT000528,20240605,,A004,WT2,P4,Desalineamiento de correa,Instrumentación,7.31,2.91,14293.34,False,training_fact_mantenimiento_export.csv,2026-06-23T00:00:00,528,Cargador frontal Sintético 0003
MT000529,20240129,EQ0025,A004,WT2,P3,Bloqueo de chancador,Seguridad,12.81,7.33,13441.09,False,training_fact_mantenimiento_export.csv,2026-06-23T00:00:00,529,Bulldozer Sintético 0025
MT000530,20240624,EQ0012,A013,WT1,P2,Alta vibración,Seguridad,0.92,0.64,1085.09,True,training_fact_mantenimiento_export.csv,2026-06-23T00:00:00,530,Medidor de energía Sintético 0012
MT000531,20240417,EQ0040,A008,WT2,P4,Trip de variador,Molienda,2.48,0.96,2949.44,False,training_fact_mantenimiento_export.csv,2026-06-23T00:00:00,531,Molino de bolas Sintético 0040
MT000532,20240906,EQ0037,A017,WT2,P3,Falla de instrumentación,Control,7.15,6.52,11344.28,False,training_fact_mantenimiento_export.csv,2026-06-23T00:00:00,532,Servidor SCADA Sintético 0037
MT000533,20241013,EQ0048,A004,WT1,P3,Fuga hidráulica,Mecánico,4.13,3.84,8042.05,True,training_fact_mantenimiento_export.csv,2026-06-23T00:00:00,533,Pala eléctrica Sintético 0048
MT000534,20240508,EQ0029,A004,WT1,P3,Falla de pala,Control,1.96,1.66,1434.9,True,training_fact_mantenimiento_export.csv,2026-06-23T00:00:00,534,Pala hidráulica Sintético 0029
MT000535,20240605,EQ0038,A004,WT2,P4,Desgaste de revestimientos,Energía,2.11,1.37,1011.73,False,training_fact_mantenimiento_export.csv,2026-06-23T00:00:00,535,Camión aljibe Sintético 0038
MT000536,20240511,EQ0037,A017,WT1,P4,Pérdida de comunicación PLC,Control,3.37,2.41,6402.01,True,training_fact_mantenimiento_export.csv,2026-06-23T00:00:00,536,Servidor SCADA Sintético 0037
MT000537,20240226,EQ0052,A010,WT2,P4,Bloqueo de chancador,Eléctrico,9.87,3.89,11045.1,False,training_fact_mantenimiento_export.csv,2026-06-23T00:00:00,537,Sistema de relaves Sintético 0052
MT000538,20240320,EQ0028,A005,WT1,P4,Falla eléctrica,Mecánico,8.46,7.09,12441.7,True,training_fact_mantenimiento_export.csv,2026-06-23T00:00:00,538,Harnero Sintético 0028
MT000539,20240728,EQ0004,A017,WT1,P3,Sobrecalentamiento,Mecánico,0.87,0.34,1521.04,True,training_fact_mantenimiento_export.csv,2026-06-23T00:00:00,539,Sensor de vibración Sintético 0004
MT000540,20241128,EQ0051,A006,WT2,P4,Corte de correa,Correas,16.49,12.17,39339.85,False,training_fact_mantenimiento_export.csv,2026-06-23T00:00:00,540,Correa transportadora Sintético 0051
MT000541,20241018,EQ0014,A010,WT1,P2,Desalineamiento de correa,Mecánico,1.69,0.73,3284.98,True,training_fact_mantenimiento_export.csv,2026-06-23T00:00:00,541,Espesador Sintético 0014
MT000542,20240204,EQ0058,A005,WT2,P1,Falla de instrumentación,Energía,17.25,14.34,18738.24,False,training_fact_mantenimiento_export.csv,2026-06-23T00:00:00,542,Alimentador Sintético 0058
MT000543,20240925,EQ0058,A005,WT2,P2,Falla de sello mecánico,Energía,34.48,23.51,27908.83,False,training_fact_mantenimiento_export.csv,2026-06-23T00:00:00,543,Alimentador Sintético 0058
MT000544,20240628,EQ0047,A004,WT2,P1,Desalineamiento de correa,Mecánico,6.42,3.01,9622.51,False,training_fact_mantenimiento_export.csv,2026-06-23T00:00:00,544,Bulldozer Sintético 0047
MT000545,20240416,EQ0021,A005,WT2,P2,Falla de transmisión,Seguridad,5.76,2.41,8205.55,False,training_fact_mantenimiento_export.csv,2026-06-23T00:00:00,545,Alimentador Sintético 0021
MT000546,20240222,EQ0036,A004,WT1,P3,Corte de correa,Seguridad,2.58,1.34,1784.93,True,training_fact_mantenimiento_export.csv,2026-06-23T00:00:00,546,Sistema dispatch Sintético 0036
MT000547,20240416,EQ0057,A017,WT2,P2,Pérdida de comunicación PLC,Control,9.28,8.65,12463.02,False,training_fact_mantenimiento_export.csv,2026-06-23T00:00:00,547,Sistema de control distribuido Sintético 0057
MT000548,20240112,EQ0023,A010,WT2,P1,Desgaste de revestimientos,Seguridad,1.47,0.66,3418.51,False,training_fact_mantenimiento_export.csv,2026-06-23T00:00:00,548,Filtro Sintético 0023
MT000549,20240615,,A004,WT2,P2,Pérdida de comunicación PLC,Instrumentación,6.22,3.98,9355.14,False,training_fact_mantenimiento_export.csv,2026-06-23T00:00:00,549,Cargador frontal Sintético 0015
MT000550,20240911,EQ0038,A004,WT2,P3,Falla de sello mecánico,Seguridad,4.11,2.2,9785.32,False,training_fact_mantenimiento_export.csv,2026-06-23T00:00:00,550,Camión aljibe Sintético 0038
MT000551,20240523,EQ0056,A005,WT2,P2,Desgaste de revestimientos,Eléctrico,3.23,2.45,2698.43,False,training_fact_mantenimiento_export.csv,2026-06-23T00:00:00,551,Harnero Sintético 0056
MT000552,20240301,EQ0048,A004,WT1,P2,Alta vibración,Hidráulico,3.07,2.51,4819.32,True,training_fact_mantenimiento_export.csv,2026-06-23T00:00:00,552,Pala eléctrica Sintético 0048
MT000553,20240520,EQ0023,A010,WT1,P3,Fuga hidráulica,Seguridad,5.91,5.41,3804.12,True,training_fact_mantenimiento_export.csv,2026-06-23T00:00:00,553,Filtro Sintético 0023
MT000554,20240801,EQ0048,A004,WT1,P2,Alta vibración,Mecánico,1.58,1.02,2995.02,True,training_fact_mantenimiento_export.csv,2026-06-23T00:00:00,554,Pala eléctrica Sintético 0048
MT000555,20240813,EQ0053,A004,WT1,P3,Falla de transmisión,Energía,3.77,2.42,3842.01,True,training_fact_mantenimiento_export.csv,2026-06-23T00:00:00,555,Motoniveladora Sintético 0053
MT000556,20240816,EQ0001,A017,WT2,P2,Deriva de sensor,Control,9.44,5.09,21897.29,False,training_fact_mantenimiento_export.csv,2026-06-23T00:00:00,556,PLC Sintético 0001
MT000557,20240308,EQ0044,A012,WT1,P1,Falla de bomba de pulpa,Bombas,3.22,2.6,1608.53,True,training_fact_mantenimiento_export.csv,2026-06-23T00:00:00,557,Bomba de pulpa Sintético 0044
MT000558,20241223,EQ0042,A004,WT1,P2,Fuga hidráulica,Hidráulico,0.32,0.3,489.5,True,training_fact_mantenimiento_export.csv,2026-06-23T00:00:00,558,Pala hidráulica Sintético 0042
MT000559,20240825,EQ0032,A008,WT1,P4,Desgaste de revestimientos,Molienda,2.02,1.18,3687.56,True,training_fact_mantenimiento_export.csv,2026-06-23T00:00:00,559,Molino SAG Sintético 0032
MT000560,20240606,EQ0013,A017,WT2,P3,Pérdida de comunicación PLC,Control,2.53,1.98,3269.73,False,training_fact_mantenimiento_export.csv,2026-06-23T00:00:00,560,Servidor Historiador Sintético 0013
MT000561,20241029,EQ0050,A004,WT2,P3,Falla de motor,Eléctrico,12.93,10.6,30156.87,False,training_fact_mantenimiento_export.csv,2026-06-23T00:00:00,561,Motoniveladora Sintético 0050
MT000562,20240128,EQ0032,A008,WT2,P1,Desgaste de revestimientos,Molienda,3.74,3.16,3867.5,False,training_fact_mantenimiento_export.csv,2026-06-23T00:00:00,562,Molino SAG Sintético 0032
MT000563,20240426,EQ0055,A010,WT2,P2,Trip de variador,Energía,10.51,7.62,5213.03,False,training_fact_mantenimiento_export.csv,2026-06-23T00:00:00,563,Espesador Sintético 0055
MT000564,20240617,EQ0045,A017,WT1,P3,Deriva de sensor,Control,2.12,1.29,3779.28,True,training_fact_mantenimiento_export.csv,2026-06-23T00:00:00,564,RTU Sintético 0045
MT000565,20241223,EQ0018,A009,WT1,P3,Baja presión,Seguridad,2.46,1.76,3573.56,True,training_fact_mantenimiento_export.csv,2026-06-23T00:00:00,565,Celda de flotación Sintético 0018
MT000566,20240218,EQ0058,A005,WT2,P2,Pérdida de comunicación PLC,Eléctrico,12.74,5.57,20845.02,False,training_fact_mantenimiento_export.csv,2026-06-23T00:00:00,566,Alimentador Sintético 0058
MT000567,20240925,EQ0023,A010,WT2,P4,Desgaste de neumáticos,Eléctrico,2.25,2.1,3431.26,False,training_fact_mantenimiento_export.csv,2026-06-23T00:00:00,567,Filtro Sintético 0023
MT000568,20240708,EQ0003,A004,WT1,P4,Pérdida de comunicación PLC,Seguridad,2.53,1.19,4689.2,True,training_fact_mantenimiento_export.csv,2026-06-23T00:00:00,568,Cargador frontal Sintético 0003
MT000569,20240604,EQ0004,A017,WT2,P1,Fuga hidráulica,Eléctrico,3.75,1.89,5148.1,False,training_fact_mantenimiento_export.csv,2026-06-23T00:00:00,569,Sensor de vibración Sintético 0004
MT000570,20240624,EQ0020,A013,WT2,P2,Desgaste de revestimientos,Instrumentación,12.28,8.85,7158.44,False,training_fact_mantenimiento_export.csv,2026-06-23T00:00:00,570,Medidor de energía Sintético 0020
MT000571,20240702,EQ0014,A010,WT2,P4,Falla de sello mecánico,Eléctrico,16.86,11.59,9487.99,False,training_fact_mantenimiento_export.csv,2026-06-23T00:00:00,571,Espesador Sintético 0014
MT000572,20240615,EQ0004,A017,WT2,P3,Falla de motor,Mecánico,11.78,4.92,5994.97,False,training_fact_mantenimiento_export.csv,2026-06-23T00:00:00,572,Sensor de vibración Sintético 0004
MT000573,20240805,EQ0051,A006,WT1,P2,Desalineamiento de correa,Correas,10.32,7.22,24054.2,True,training_fact_mantenimiento_export.csv,2026-06-23T00:00:00,573,Correa transportadora Sintético 0051
MT000574,20241016,EQ0047,A004,WT1,P4,Falla de transmisión,Energía,0.77,0.58,1775.98,True,training_fact_mantenimiento_export.csv,2026-06-23T00:00:00,574,Bulldozer Sintético 0047
MT000575,20240716,EQ0003,A004,WT1,P3,Falla de transmisión,Eléctrico,2.27,1.48,2744.05,True,training_fact_mantenimiento_export.csv,2026-06-23T00:00:00,575,Cargador frontal Sintético 0003
MT000576,20240516,EQ0011,A008,WT1,P3,Trip de variador,Molienda,2.93,2.08,5156.49,True,training_fact_mantenimiento_export.csv,2026-06-23T00:00:00,576,Molino de bolas Sintético 0011
MT000577,20240422,EQ0051,A006,WT1,P3,Obstrucción de chute,Correas,1.79,0.8,989.7,True,training_fact_mantenimiento_export.csv,2026-06-23T00:00:00,577,Correa transportadora Sintético 0051
MT000578,20241005,EQ0008,A017,WT2,P2,Falla de instrumentación,Control,10.26,9.15,18763.17,False,training_fact_mantenimiento_export.csv,2026-06-23T00:00:00,578,Servidor SCADA Sintético 0008
MT000579,20240128,EQ0005,A017,WT1,P2,Pérdida de comunicación PLC,Control,5.16,4.88,6908.24,True,training_fact_mantenimiento_export.csv,2026-06-23T00:00:00,579,PLC Sintético 0005
MT000580,20241013,EQ0006,A005,WT2,P2,Bloqueo de chancador,Chancado,12.98,9.48,18467.37,False,training_fact_mantenimiento_export.csv,2026-06-23T00:00:00,580,Chancador secundario Sintético 0006
MT000581,20240306,EQ0048,A004,WT2,P2,Fuga hidráulica,Hidráulico,4.0,2.78,2593.94,False,training_fact_mantenimiento_export.csv,2026-06-23T00:00:00,581,Pala eléctrica Sintético 0048
MT000582,20240513,EQ0043,A012,WT1,P1,Falla de bomba de pulpa,Bombas,1.33,1.04,1609.69,True,training_fact_mantenimiento_export.csv,2026-06-23T00:00:00,582,Bomba de pulpa Sintético 0043
MT000583,20241127,EQ0032,A008,WT1,P2,Alta vibración,Molienda,5.45,4.82,4395.62,True,training_fact_mantenimiento_export.csv,2026-06-23T00:00:00,583,Molino SAG Sintético 0032
MT000584,20240425,EQ0006,A005,WT2,P1,Falla eléctrica,Chancado,5.97,2.9,2762.89,False,training_fact_mantenimiento_export.csv,2026-06-23T00:00:00,584,Chancador secundario Sintético 0006
MT000585,20240418,EQ0035,A004,WT2,P3,Falla de pala,Control,15.87,10.53,19925.88,False,training_fact_mantenimiento_export.csv,2026-06-23T00:00:00,585,Perforadora Sintético 0035
MT000586,20240108,EQ0027,A017,WT1,P4,Deriva de sensor,Control,1.12,0.68,730.43,True,training_fact_mantenimiento_export.csv,2026-06-23T00:00:00,586,Sistema de control distribuido Sintético 0027
MT000587,20241231,EQ0016,A017,WT1,P3,Pérdida de comunicación PLC,Control,5.96,2.81,4832.27,True,training_fact_mantenimiento_export.csv,2026-06-23T00:00:00,587,Switch industrial Sintético 0016
MT000588,20241011,EQ0010,A017,WT1,P2,Pérdida de comunicación PLC,Control,1.63,1.0,1709.63,True,training_fact_mantenimiento_export.csv,2026-06-23T00:00:00,588,Switch industrial Sintético 0010
MT000589,20240421,EQ0003,A004,WT2,P2,Desgaste de revestimientos,Instrumentación,3.9,3.43,5196.97,False,training_fact_mantenimiento_export.csv,2026-06-23T00:00:00,589,Cargador frontal Sintético 0003
MT000590,20240926,EQ0038,A004,WT2,P3,Deriva de sensor,Energía,1.21,0.54,1116.63,False,training_fact_mantenimiento_export.csv,2026-06-23T00:00:00,590,Camión aljibe Sintético 0038
MT000591,20241109,EQ0041,A005,WT1,P4,Falla eléctrica,Chancado,1.4,0.67,3222.96,True,training_fact_mantenimiento_export.csv,2026-06-23T00:00:00,591,Chancador primario Sintético 0041
MT000592,20240225,EQ0009,A004,WT2,P4,Desgaste de neumáticos,Mecánico,9.24,6.89,30055.75,False,training_fact_mantenimiento_export.csv,2026-06-23T00:00:00,592,Camión CAEX Sintético 0009
MT000593,20240115,EQ0017,A004,WT1,P3,Alta vibración,Hidráulico,4.44,2.23,4152.61,True,training_fact_mantenimiento_export.csv,2026-06-23T00:00:00,593,Pala eléctrica Sintético 0017
MT000594,20240227,,A010,WT1,P2,Obstrucción de chute,Eléctrico,19.36,9.27,25650.22,True,training_fact_mantenimiento_export.csv,2026-06-23T00:00:00,594,Espesador Sintético 0014
MT000595,20240617,EQ0059,A009,WT2,P2,Corte de correa,Mecánico,9.8,8.88,16015.26,False,training_fact_mantenimiento_export.csv,2026-06-23T00:00:00,595,Celda de flotación Sintético 0059
MT000596,20241007,EQ0052,A010,WT1,P2,Falla de sello mecánico,Eléctrico,5.02,3.17,4084.68,True,training_fact_mantenimiento_export.csv,2026-06-23T00:00:00,596,Sistema de relaves Sintético 0052
MT000597,20240621,EQ0006,A005,WT2,P1,Alta vibración,Chancado,5.49,2.76,9193.99,False,training_fact_mantenimiento_export.csv,2026-06-23T00:00:00,597,Chancador secundario Sintético 0006
MT000598,20240216,EQ0002,A004,WT1,P2,Falla de transmisión,Hidráulico,1.66,1.11,3052.0,True,training_fact_mantenimiento_export.csv,2026-06-23T00:00:00,598,Camión CAEX Sintético 0002
MT000599,20240320,EQ0056,A005,WT2,P1,Pérdida de comunicación PLC,Mecánico,9.31,3.89,4753.45,False,training_fact_mantenimiento_export.csv,2026-06-23T00:00:00,599,Harnero Sintético 0056
MT000600,20241018,EQ0003,A004,WT2,P3,Falla eléctrica,Mecánico,6.03,3.09,5739.23,False,training_fact_mantenimiento_export.csv,2026-06-23T00:00:00,600,Cargador frontal Sintético 0003
MT000601,20241019,EQ0014,A010,WT1,P1,Obstrucción de chute,Energía,3.39,2.39,2739.58,True,training_fact_mantenimiento_export.csv,2026-06-23T00:00:00,601,Espesador Sintético 0014
MT000602,20240321,EQ0045,A017,WT1,P3,Falla de instrumentación,Control,0.67,0.32,1373.67,True,training_fact_mantenimiento_export.csv,2026-06-23T00:00:00,602,RTU Sintético 0045
MT000603,20240317,EQ0010,A017,WT1,P2,Pérdida de comunicación PLC,Control,0.51,0.46,725.62,True,training_fact_mantenimiento_export.csv,2026-06-23T00:00:00,603,Switch industrial Sintético 0010
MT000604,20240625,EQ0013,A017,WT1,P4,Deriva de sensor,Control,7.03,3.65,5627.9,True,training_fact_mantenimiento_export.csv,2026-06-23T00:00:00,604,Servidor Historiador Sintético 0013
MT000605,20240126,EQ0042,A004,WT1,P1,Alta vibración,Mecánico,6.27,3.41,9781.22,True,training_fact_mantenimiento_export.csv,2026-06-23T00:00:00,605,Pala hidráulica Sintético 0042
MT000606,20240310,EQ0014,A010,WT2,P1,Alta vibración,Energía,1.87,1.46,2429.58,False,training_fact_mantenimiento_export.csv,2026-06-23T00:00:00,606,Espesador Sintético 0014
MT000607,20240823,EQ0039,A008,WT2,P3,Trip de variador,Molienda,4.08,3.56,5234.28,False,training_fact_mantenimiento_export.csv,2026-06-23T00:00:00,607,Molino SAG Sintético 0039
MT000608,20240403,EQ0001,A017,WT2,P3,Pérdida de comunicación PLC,Control,10.32,4.41,8697.5,False,training_fact_mantenimiento_export.csv,2026-06-23T00:00:00,608,PLC Sintético 0001
MT000609,20241018,EQ0058,A005,WT1,P1,Falla de transmisión,Eléctrico,7.48,5.22,12692.23,True,training_fact_mantenimiento_export.csv,2026-06-23T00:00:00,609,Alimentador Sintético 0058
MT000610,20240730,EQ0031,A017,WT1,P4,Falla de transmisión,Energía,7.68,6.13,15743.95,True,training_fact_mantenimiento_export.csv,2026-06-23T00:00:00,610,Sensor de vibración Sintético 0031
MT000611,20240504,EQ0034,A010,WT2,P3,Alta vibración,Energía,5.57,4.86,7774.05,False,training_fact_mantenimiento_export.csv,2026-06-23T00:00:00,611,Filtro Sintético 0034
MT000612,20241107,EQ0024,A017,WT2,P3,Falla de instrumentación,Control,3.6,1.55,2665.11,False,training_fact_mantenimiento_export.csv,2026-06-23T00:00:00,612,Servidor Historiador Sintético 0024
MT000613,20240617,EQ0032,A008,WT1,P3,Trip de variador,Molienda,1.32,1.25,1265.45,True,training_fact_mantenimiento_export.csv,2026-06-23T00:00:00,613,Molino SAG Sintético 0032
MT000614,20240804,EQ0051,A006,WT1,P3,Obstrucción de chute,Correas,1.33,0.58,1413.33,True,training_fact_mantenimiento_export.csv,2026-06-23T00:00:00,614,Correa transportadora Sintético 0051
MT000615,20240707,EQ0059,A009,WT2,P1,Falla de motor,Energía,15.41,12.91,33470.78,False,training_fact_mantenimiento_export.csv,2026-06-23T00:00:00,615,Celda de flotación Sintético 0059
MT000616,20240318,EQ0007,A004,WT1,P4,Desgaste de neumáticos,Hidráulico,0.77,0.36,1855.69,True,training_fact_mantenimiento_export.csv,2026-06-23T00:00:00,616,Camión CAEX Sintético 0007
MT000617,20240427,EQ0029,A004,WT1,P3,Fuga hidráulica,Control,6.58,4.82,14852.48,True,training_fact_mantenimiento_export.csv,2026-06-23T00:00:00,617,Pala hidráulica Sintético 0029
MT000618,20240721,EQ0060,A017,WT2,P3,Pérdida de comunicación PLC,Control,5.14,2.95,5537.37,False,training_fact_mantenimiento_export.csv,2026-06-23T00:00:00,618,RTU Sintético 0060
MT000619,20240105,EQ0047,A004,WT1,P3,Trip de variador,Mecánico,3.99,2.29,8584.18,True,training_fact_mantenimiento_export.csv,2026-06-23T00:00:00,619,Bulldozer Sintético 0047
MT000620,20240305,EQ0004,A017,WT1,P3,Falla eléctrica,Eléctrico,3.64,2.15,7261.04,True,training_fact_mantenimiento_export.csv,2026-06-23T00:00:00,620,Sensor de vibración Sintético 0004
MT000621,20240112,EQ0055,A010,WT1,P1,Deriva de sensor,Seguridad,0.89,0.71,2056.86,True,training_fact_mantenimiento_export.csv,2026-06-23T00:00:00,621,Espesador Sintético 0055
MT000622,20240707,EQ0014,A010,WT2,P4,Desgaste de revestimientos,Eléctrico,3.26,1.96,3003.71,False,training_fact_mantenimiento_export.csv,2026-06-23T00:00:00,622,Espesador Sintético 0014
MT000623,20240503,EQ0010,A017,WT1,P4,Falla de instrumentación,Control,6.14,5.6,14098.22,True,training_fact_mantenimiento_export.csv,2026-06-23T00:00:00,623,Switch industrial Sintético 0010
MT000624,20240321,EQ0009,A004,WT2,P2,Desgaste de neumáticos,Hidráulico,6.09,3.01,15339.63,False,training_fact_mantenimiento_export.csv,2026-06-23T00:00:00,624,Camión CAEX Sintético 0009
MT000625,20241221,EQ0014,A010,WT1,P3,Fuga hidráulica,Energía,9.68,3.71,18226.73,True,training_fact_mantenimiento_export.csv,2026-06-23T00:00:00,625,Espesador Sintético 0014
MT000626,20241013,EQ0047,A004,WT2,P3,Pérdida de comunicación PLC,Seguridad,3.82,1.83,3103.24,False,training_fact_mantenimiento_export.csv,2026-06-23T00:00:00,626,Bulldozer Sintético 0047
MT000627,20240710,EQ0016,A017,WT1,P3,Deriva de sensor,Control,3.61,3.35,3149.32,True,training_fact_mantenimiento_export.csv,2026-06-23T00:00:00,627,Switch industrial Sintético 0016
MT000628,20241108,EQ0018,A009,WT1,P3,Trip de variador,Eléctrico,1.13,0.84,2698.71,True,training_fact_mantenimiento_export.csv,2026-06-23T00:00:00,628,Celda de flotación Sintético 0018
MT000629,20240104,EQ0034,A010,WT1,P3,Corte de correa,Instrumentación,4.88,3.56,9649.33,True,training_fact_mantenimiento_export.csv,2026-06-23T00:00:00,629,Filtro Sintético 0034
MT000630,20240816,EQ0002,A004,WT2,P3,Falla de transmisión,Mecánico,7.24,6.78,22911.17,False,training_fact_mantenimiento_export.csv,2026-06-23T00:00:00,630,Camión CAEX Sintético 0002
MT000631,20241225,EQ0021,A005,WT2,P2,Falla de pala,Eléctrico,2.56,1.63,2461.76,False,training_fact_mantenimiento_export.csv,2026-06-23T00:00:00,631,Alimentador Sintético 0021
MT000632,20240524,EQ0032,A008,WT1,P2,Desgaste de revestimientos,Molienda,3.84,2.14,5429.8,True,training_fact_mantenimiento_export.csv,2026-06-23T00:00:00,632,Molino SAG Sintético 0032
MT000633,20241219,EQ0040,A008,WT1,P4,Trip de variador,Molienda,5.09,1.96,7543.83,True,training_fact_mantenimiento_export.csv,2026-06-23T00:00:00,633,Molino de bolas Sintético 0040
MT000634,20241102,EQ0015,A004,WT2,P3,Desgaste de neumáticos,Seguridad,7.01,3.78,6798.33,False,training_fact_mantenimiento_export.csv,2026-06-23T00:00:00,634,Cargador frontal Sintético 0015
MT000635,20241004,EQ0012,A013,WT1,P3,Pérdida de comunicación PLC,Eléctrico,2.21,1.44,1616.74,True,training_fact_mantenimiento_export.csv,2026-06-23T00:00:00,635,Medidor de energía Sintético 0012
MT000636,20240512,EQ0038,A004,WT1,P2,Falla de sello mecánico,Eléctrico,2.54,0.97,2064.45,True,training_fact_mantenimiento_export.csv,2026-06-23T00:00:00,636,Camión aljibe Sintético 0038
MT000637,20240701,EQ0016,A017,WT1,P3,Falla de instrumentación,Control,4.69,4.08,5025.63,True,training_fact_mantenimiento_export.csv,2026-06-23T00:00:00,637,Switch industrial Sintético 0016
MT000638,20240508,EQ0027,A017,WT1,P1,Falla de instrumentación,Control,5.02,3.48,6395.66,True,training_fact_mantenimiento_export.csv,2026-06-23T00:00:00,638,Sistema de control distribuido Sintético 0027
MT000639,20240831,EQ0057,A017,WT1,P3,Deriva de sensor,Control,2.54,2.24,1236.93,True,training_fact_mantenimiento_export.csv,2026-06-23T00:00:00,639,Sistema de control distribuido Sintético 0057
MT000640,20240215,EQ0006,A005,WT2,P3,Bloqueo de chancador,Chancado,3.81,2.99,5255.26,False,training_fact_mantenimiento_export.csv,2026-06-23T00:00:00,640,Chancador secundario Sintético 0006
MT000641,20240924,EQ0054,A005,WT1,P4,Falla eléctrica,Chancado,8.08,5.95,11965.27,True,training_fact_mantenimiento_export.csv,2026-06-23T00:00:00,641,Chancador primario Sintético 0054
MT000642,20241113,EQ0055,A010,WT1,P3,Deriva de sensor,Eléctrico,3.97,3.12,5468.52,True,training_fact_mantenimiento_export.csv,2026-06-23T00:00:00,642,Espesador Sintético 0055
MT000643,20240823,EQ0059,A009,WT1,P2,Alta vibración,Energía,1.12,0.9,1803.06,True,training_fact_mantenimiento_export.csv,2026-06-23T00:00:00,643,Celda de flotación Sintético 0059
MT000644,20240220,EQ0014,A010,WT2,P3,Desalineamiento de correa,Instrumentación,6.55,3.99,4094.79,False,training_fact_mantenimiento_export.csv,2026-06-23T00:00:00,644,Espesador Sintético 0014
MT000645,20240108,EQ0027,A017,WT2,P4,Pérdida de comunicación PLC,Control,5.94,4.68,12875.02,False,training_fact_mantenimiento_export.csv,2026-06-23T00:00:00,645,Sistema de control distribuido Sintético 0027
MT000646,20241212,EQ0001,A017,WT1,P3,Deriva de sensor,Control,3.13,2.74,2836.52,True,training_fact_mantenimiento_export.csv,2026-06-23T00:00:00,646,PLC Sintético 0001
MT000647,20240503,EQ0025,A004,WT2,P2,Trip de variador,Mecánico,5.04,4.07,6567.41,False,training_fact_mantenimiento_export.csv,2026-06-23T00:00:00,647,Bulldozer Sintético 0025
MT000648,20240924,EQ0035,A004,WT2,P2,Alta vibración,Hidráulico,12.51,9.57,26527.25,False,training_fact_mantenimiento_export.csv,2026-06-23T00:00:00,648,Perforadora Sintético 0035
MT000649,20240820,EQ0048,A004,WT1,P4,Falla de pala,Hidráulico,3.74,3.2,6898.34,True,training_fact_mantenimiento_export.csv,2026-06-23T00:00:00,649,Pala eléctrica Sintético 0048
MT000650,20241103,EQ0050,A004,WT2,P3,Fuga hidráulica,Mecánico,5.18,2.59,9633.87,False,training_fact_mantenimiento_export.csv,2026-06-23T00:00:00,650,Motoniveladora Sintético 0050
MT000651,20240309,EQ0011,A008,WT2,P1,Desgaste de revestimientos,Molienda,12.99,7.33,26116.04,False,training_fact_mantenimiento_export.csv,2026-06-23T00:00:00,651,Molino de bolas Sintético 0011
MT000652,20240626,EQ0030,A006,WT1,P1,Obstrucción de chute,Correas,3.63,2.57,8487.15,True,training_fact_mantenimiento_export.csv,2026-06-23T00:00:00,652,Correa transportadora Sintético 0030
MT000653,20240629,EQ0002,A004,WT2,P3,Falla de transmisión,Hidráulico,12.1,6.0,9301.47,False,training_fact_mantenimiento_export.csv,2026-06-23T00:00:00,653,Camión CAEX Sintético 0002
MT000654,20240402,EQ0051,A006,WT1,P3,Obstrucción de chute,Correas,8.42,6.53,20160.56,True,training_fact_mantenimiento_export.csv,2026-06-23T00:00:00,654,Correa transportadora Sintético 0051
MT000655,20241209,EQ0047,A004,WT1,P2,Falla de bomba de pulpa,Eléctrico,2.13,1.73,4847.4,True,training_fact_mantenimiento_export.csv,2026-06-23T00:00:00,655,Bulldozer Sintético 0047
MT000656,20240628,EQ0005,A017,WT1,P1,Deriva de sensor,Control,0.4,0.16,287.9,True,training_fact_mantenimiento_export.csv,2026-06-23T00:00:00,656,PLC Sintético 0005
MT000657,20241028,EQ0055,A010,WT2,P3,Desgaste de neumáticos,Energía,7.34,5.55,7521.76,False,training_fact_mantenimiento_export.csv,2026-06-23T00:00:00,657,Espesador Sintético 0055
MT000658,20241020,EQ0018,A009,WT2,P1,Sobrecalentamiento,Energía,9.29,3.69,16119.63,False,training_fact_mantenimiento_export.csv,2026-06-23T00:00:00,658,Celda de flotación Sintético 0018
MT000659,20240507,EQ0051,A006,WT1,P3,Desalineamiento de correa,Correas,7.56,3.08,16378.89,True,training_fact_mantenimiento_export.csv,2026-06-23T00:00:00,659,Correa transportadora Sintético 0051
MT000660,20240621,EQ0039,A008,WT1,P4,Desgaste de revestimientos,Molienda,0.61,0.28,913.09,True,training_fact_mantenimiento_export.csv,2026-06-23T00:00:00,660,Molino SAG Sintético 0039
MT000661,20240517,EQ0040,A008,WT2,P2,Trip de variador,Molienda,11.2,5.72,16238.18,False,training_fact_mantenimiento_export.csv,2026-06-23T00:00:00,661,Molino de bolas Sintético 0040
MT000662,20240410,EQ0047,A004,WT2,P1,Falla de instrumentación,Energía,2.43,2.12,1663.66,False,training_fact_mantenimiento_export.csv,2026-06-23T00:00:00,662,Bulldozer Sintético 0047
MT000663,20240211,EQ0015,A004,WT2,P3,Desgaste de revestimientos,Energía,22.51,15.71,41902.98,False,training_fact_mantenimiento_export.csv,2026-06-23T00:00:00,663,Cargador frontal Sintético 0015
MT000664,20240723,EQ0005,A017,WT1,P1,Deriva de sensor,Control,2.97,1.22,4229.45,True,training_fact_mantenimiento_export.csv,2026-06-23T00:00:00,664,PLC Sintético 0005
MT000665,20240303,EQ0047,A004,WT2,P3,Deriva de sensor,Instrumentación,15.25,14.15,9962.67,False,training_fact_mantenimiento_export.csv,2026-06-23T00:00:00,665,Bulldozer Sintético 0047
MT000666,20240112,EQ0037,A017,WT2,P3,Falla de instrumentación,Control,19.02,12.29,42402.44,False,training_fact_mantenimiento_export.csv,2026-06-23T00:00:00,666,Servidor SCADA Sintético 0037
MT000667,20240409,EQ0037,A017,WT1,P2,Falla de instrumentación,Control,6.2,4.3,5658.45,True,training_fact_mantenimiento_export.csv,2026-06-23T00:00:00,667,Servidor SCADA Sintético 0037
MT000668,20240928,EQ0047,A004,WT2,P3,Falla de bomba de pulpa,Energía,17.35,13.58,25824.57,False,training_fact_mantenimiento_export.csv,2026-06-23T00:00:00,668,Bulldozer Sintético 0047
MT000669,20240413,EQ0045,A017,WT1,P2,Pérdida de comunicación PLC,Control,5.61,4.81,11639.78,True,training_fact_mantenimiento_export.csv,2026-06-23T00:00:00,669,RTU Sintético 0045
MT000670,20240831,EQ0008,A017,WT2,P2,Deriva de sensor,Control,10.55,7.56,18637.52,False,training_fact_mantenimiento_export.csv,2026-06-23T00:00:00,670,Servidor SCADA Sintético 0008
MT000671,20241216,EQ0010,A017,WT1,P2,Falla de instrumentación,Control,3.91,2.88,3550.35,True,training_fact_mantenimiento_export.csv,2026-06-23T00:00:00,671,Switch industrial Sintético 0010
MT000672,20240323,EQ0009,A004,WT2,P3,Desgaste de neumáticos,Hidráulico,20.15,8.64,70105.7,False,training_fact_mantenimiento_export.csv,2026-06-23T00:00:00,672,Camión CAEX Sintético 0009
MT000673,20241220,EQ0022,A004,WT1,P3,Falla de instrumentación,Instrumentación,3.33,1.37,2103.1,True,training_fact_mantenimiento_export.csv,2026-06-23T00:00:00,673,Sistema dispatch Sintético 0022
MT000674,20240320,EQ0031,A017,WT2,P1,Fuga hidráulica,Instrumentación,17.52,9.25,35392.4,False,training_fact_mantenimiento_export.csv,2026-06-23T00:00:00,674,Sensor de vibración Sintético 0031
MT000675,20240910,EQ0042,A004,WT2,P4,Fuga hidráulica,Control,7.07,4.9,9586.03,False,training_fact_mantenimiento_export.csv,2026-06-23T00:00:00,675,Pala hidráulica Sintético 0042
MT000676,20241010,EQ0026,A004,WT2,P2,Fuga hidráulica,Control,8.43,7.51,4979.59,False,training_fact_mantenimiento_export.csv,2026-06-23T00:00:00,676,Pala eléctrica Sintético 0026
MT000677,20240218,EQ0003,A004,WT1,P4,Falla de sello mecánico,Energía,5.48,2.63,5060.19,True,training_fact_mantenimiento_export.csv,2026-06-23T00:00:00,677,Cargador frontal Sintético 0003
MT000678,20240417,EQ0026,A004,WT1,P2,Falla de pala,Hidráulico,6.33,5.79,3875.57,True,training_fact_mantenimiento_export.csv,2026-06-23T00:00:00,678,Pala eléctrica Sintético 0026
MT000679,20240615,EQ0032,A008,WT2,P3,Trip de variador,Molienda,5.73,3.04,4892.53,False,training_fact_mantenimiento_export.csv,2026-06-23T00:00:00,679,Molino SAG Sintético 0032
MT000680,20240725,EQ0053,A004,WT1,P2,Deriva de sensor,Instrumentación,4.76,4.04,10362.22,True,training_fact_mantenimiento_export.csv,2026-06-23T00:00:00,680,Motoniveladora Sintético 0053
MT000681,20240922,EQ0016,A017,WT2,P3,Deriva de sensor,Control,10.82,5.87,11039.08,False,training_fact_mantenimiento_export.csv,2026-06-23T00:00:00,681,Switch industrial Sintético 0016
MT000682,20240722,EQ0004,A017,WT1,P2,Deriva de sensor,Eléctrico,1.28,0.78,2106.32,True,training_fact_mantenimiento_export.csv,2026-06-23T00:00:00,682,Sensor de vibración Sintético 0004
MT000683,20240130,EQ0033,A010,WT2,P3,Falla eléctrica,Mecánico,10.87,8.48,9119.36,False,training_fact_mantenimiento_export.csv,2026-06-23T00:00:00,683,Sistema de relaves Sintético 0033
MT000684,20240810,EQ0045,A017,WT1,P2,Falla de instrumentación,Control,7.39,6.52,6853.16,True,training_fact_mantenimiento_export.csv,2026-06-23T00:00:00,684,RTU Sintético 0045
MT000685,20240204,EQ0030,A006,WT1,P3,Corte de correa,Correas,1.81,0.94,2060.81,True,training_fact_mantenimiento_export.csv,2026-06-23T00:00:00,685,Correa transportadora Sintético 0030
MT000686,20240114,EQ0050,A004,WT1,P3,Falla de sello mecánico,Eléctrico,1.85,1.52,4253.88,True,training_fact_mantenimiento_export.csv,2026-06-23T00:00:00,686,Motoniveladora Sintético 0050
MT000687,20240824,EQ0017,A004,WT1,P3,Fuga hidráulica,Mecánico,2.99,2.83,2576.97,True,training_fact_mantenimiento_export.csv,2026-06-23T00:00:00,687,Pala eléctrica Sintético 0017
MT000688,20240617,EQ0024,A017,WT1,P4,Deriva de sensor,Control,0.94,0.57,1622.87,True,training_fact_mantenimiento_export.csv,2026-06-23T00:00:00,688,Servidor Historiador Sintético 0024
MT000689,20240512,EQ0059,A009,WT2,P2,Fuga hidráulica,Instrumentación,10.62,4.63,12493.92,False,training_fact_mantenimiento_export.csv,2026-06-23T00:00:00,689,Celda de flotación Sintético 0059
MT000690,20241010,EQ0042,A004,WT1,P2,Falla de pala,Control,1.43,1.01,1042.92,True,training_fact_mantenimiento_export.csv,2026-06-23T00:00:00,690,Pala hidráulica Sintético 0042
MT000691,20240510,EQ0052,A010,WT2,P1,Desgaste de neumáticos,Eléctrico,2.26,1.16,3455.89,False,training_fact_mantenimiento_export.csv,2026-06-23T00:00:00,691,Sistema de relaves Sintético 0052
MT000692,20241001,EQ0036,A004,WT1,P2,Fuga hidráulica,Mecánico,5.01,2.17,5897.92,True,training_fact_mantenimiento_export.csv,2026-06-23T00:00:00,692,Sistema dispatch Sintético 0036
MT000693,20240426,EQ0016,A017,WT1,P3,Deriva de sensor,Control,2.99,2.17,6433.43,True,training_fact_mantenimiento_export.csv,2026-06-23T00:00:00,693,Switch industrial Sintético 0016
MT000694,20240607,EQ0016,A017,WT2,P3,Falla de instrumentación,Control,3.2,1.86,7226.46,False,training_fact_mantenimiento_export.csv,2026-06-23T00:00:00,694,Switch industrial Sintético 0016
MT000695,20240417,EQ0014,A010,WT2,P3,Pérdida de comunicación PLC,Instrumentación,4.59,2.54,7171.16,False,training_fact_mantenimiento_export.csv,2026-06-23T00:00:00,695,Espesador Sintético 0014
MT000696,20240211,EQ0031,A017,WT2,P2,Pérdida de comunicación PLC,Eléctrico,15.04,13.52,15380.0,False,training_fact_mantenimiento_export.csv,2026-06-23T00:00:00,696,Sensor de vibración Sintético 0031
MT000697,20240327,EQ0022,A004,WT1,P2,Falla de sello mecánico,Energía,3.34,1.48,4974.52,True,training_fact_mantenimiento_export.csv,2026-06-23T00:00:00,697,Sistema dispatch Sintético 0022
MT000698,20240713,EQ0004,A017,WT1,P3,Trip de variador,Eléctrico,3.7,2.35,8059.95,True,training_fact_mantenimiento_export.csv,2026-06-23T00:00:00,698,Sensor de vibración Sintético 0004
MT000699,20240608,EQ0022,A004,WT1,P3,Desalineamiento de correa,Instrumentación,1.03,0.81,1823.88,True,training_fact_mantenimiento_export.csv,2026-06-23T00:00:00,699,Sistema dispatch Sintético 0022
MT000700,20240810,EQ0049,A005,WT1,P3,Falla eléctrica,Chancado,3.89,2.86,2409.15,True,training_fact_mantenimiento_export.csv,2026-06-23T00:00:00,700,Chancador secundario Sintético 0049
MT000701,20241217,EQ0035,A004,WT2,P1,Falla de pala,Mecánico,11.07,8.25,6372.16,False,training_fact_mantenimiento_export.csv,2026-06-23T00:00:00,701,Perforadora Sintético 0035
MT000702,20241026,EQ0004,A017,WT2,P2,Fuga hidráulica,Mecánico,2.62,2.2,1971.01,False,training_fact_mantenimiento_export.csv,2026-06-23T00:00:00,702,Sensor de vibración Sintético 0004
MT000703,20241222,EQ0024,A017,WT1,P1,Deriva de sensor,Control,1.19,0.68,1850.61,True,training_fact_mantenimiento_export.csv,2026-06-23T00:00:00,703,Servidor Historiador Sintético 0024
MT000704,20241008,EQ0018,A009,WT2,P3,Sobrecalentamiento,Instrumentación,3.51,2.24,2725.09,False,training_fact_mantenimiento_export.csv,2026-06-23T00:00:00,704,Celda de flotación Sintético 0018
MT000705,20240401,EQ0004,A017,WT1,P2,Falla de motor,Seguridad,5.1,2.89,4823.3,True,training_fact_mantenimiento_export.csv,2026-06-23T00:00:00,705,Sensor de vibración Sintético 0004
MT000706,20240516,EQ0025,A004,WT1,P2,Desgaste de neumáticos,Energía,1.28,0.67,1890.89,True,training_fact_mantenimiento_export.csv,2026-06-23T00:00:00,706,Bulldozer Sintético 0025
MT000707,20240521,EQ0024,A017,WT1,P2,Falla de instrumentación,Control,2.9,1.71,4507.07,True,training_fact_mantenimiento_export.csv,2026-06-23T00:00:00,707,Servidor Historiador Sintético 0024
MT000708,20240816,EQ0030,A006,WT2,P1,Obstrucción de chute,Correas,2.9,1.66,5973.95,False,training_fact_mantenimiento_export.csv,2026-06-23T00:00:00,708,Correa transportadora Sintético 0030
MT000709,20240207,EQ0045,A017,WT2,P4,Falla de instrumentación,Control,2.81,1.74,3653.75,False,training_fact_mantenimiento_export.csv,2026-06-23T00:00:00,709,RTU Sintético 0045
MT000710,20240711,EQ0032,A008,WT1,P1,Desgaste de revestimientos,Molienda,4.53,3.93,8904.43,True,training_fact_mantenimiento_export.csv,2026-06-23T00:00:00,710,Molino SAG Sintético 0032
MT000711,20241128,EQ0015,A004,WT2,P2,Falla de instrumentación,Energía,13.23,7.66,8004.3,False,training_fact_mantenimiento_export.csv,2026-06-23T00:00:00,711,Cargador frontal Sintético 0015
MT000712,20240321,EQ0037,A017,WT1,P3,Falla de instrumentación,Control,2.25,1.42,3388.58,True,training_fact_mantenimiento_export.csv,2026-06-23T00:00:00,712,Servidor SCADA Sintético 0037
MT000713,20240709,EQ0012,A013,WT2,P3,Trip de variador,Seguridad,1.92,1.2,2472.6,False,training_fact_mantenimiento_export.csv,2026-06-23T00:00:00,713,Medidor de energía Sintético 0012
MT000714,20240406,EQ0056,A005,WT2,P4,Obstrucción de chute,Mecánico,9.91,5.36,22320.69,False,training_fact_mantenimiento_export.csv,2026-06-23T00:00:00,714,Harnero Sintético 0056
MT000715,20240827,EQ0037,A017,WT2,P2,Falla de instrumentación,Control,8.01,5.24,14847.31,False,training_fact_mantenimiento_export.csv,2026-06-23T00:00:00,715,Servidor SCADA Sintético 0037
MT000716,20240917,EQ0029,A004,WT1,P1,Alta vibración,Hidráulico,1.28,1.11,2294.13,True,training_fact_mantenimiento_export.csv,2026-06-23T00:00:00,716,Pala hidráulica Sintético 0029
MT000717,20240806,EQ0016,A017,WT1,P3,Deriva de sensor,Control,2.43,1.3,5380.42,True,training_fact_mantenimiento_export.csv,2026-06-23T00:00:00,717,Switch industrial Sintético 0016
MT000718,20240921,EQ0040,A008,WT2,P3,Alta vibración,Molienda,2.52,1.66,2349.28,False,training_fact_mantenimiento_export.csv,2026-06-23T00:00:00,718,Molino de bolas Sintético 0040
MT000719,20240406,EQ0008,A017,WT2,P2,Pérdida de comunicación PLC,Control,2.01,1.32,3881.76,False,training_fact_mantenimiento_export.csv,2026-06-23T00:00:00,719,Servidor SCADA Sintético 0008
MT000720,20240919,EQ0006,A005,WT2,P3,Alta vibración,Chancado,8.06,6.24,17238.82,False,training_fact_mantenimiento_export.csv,2026-06-23T00:00:00,720,Chancador secundario Sintético 0006
MT000721,20240127,EQ0037,A017,WT2,P4,Pérdida de comunicación PLC,Control,3.66,2.43,8726.7,False,training_fact_mantenimiento_export.csv,2026-06-23T00:00:00,721,Servidor SCADA Sintético 0037
MT000722,20240503,EQ0051,A006,WT1,P2,Obstrucción de chute,Correas,9.08,4.62,11688.77,True,training_fact_mantenimiento_export.csv,2026-06-23T00:00:00,722,Correa transportadora Sintético 0051
MT000723,20240608,EQ0053,A004,WT1,P3,Obstrucción de chute,Eléctrico,5.17,3.05,9039.44,True,training_fact_mantenimiento_export.csv,2026-06-23T00:00:00,723,Motoniveladora Sintético 0053
MT000724,20240705,EQ0021,A005,WT2,P3,Alta vibración,Eléctrico,10.12,4.85,8274.22,False,training_fact_mantenimiento_export.csv,2026-06-23T00:00:00,724,Alimentador Sintético 0021
MT000725,20240727,EQ0037,A017,WT1,P3,Pérdida de comunicación PLC,Control,1.31,0.56,2020.72,True,training_fact_mantenimiento_export.csv,2026-06-23T00:00:00,725,Servidor SCADA Sintético 0037
MT000726,20240313,EQ0036,A004,WT2,P3,Alta vibración,Instrumentación,13.53,6.4,17839.54,False,training_fact_mantenimiento_export.csv,2026-06-23T00:00:00,726,Sistema dispatch Sintético 0036
MT000727,20240716,EQ0020,A013,WT1,P4,Falla eléctrica,Eléctrico,3.5,1.53,2515.93,True,training_fact_mantenimiento_export.csv,2026-06-23T00:00:00,727,Medidor de energía Sintético 0020
MT000728,20240909,EQ0059,A009,WT1,P2,Bloqueo de chancador,Seguridad,3.56,1.54,7982.55,True,training_fact_mantenimiento_export.csv,2026-06-23T00:00:00,728,Celda de flotación Sintético 0059
MT000729,20240514,EQ0010,A017,WT1,P4,Deriva de sensor,Control,2.2,1.02,4869.14,True,training_fact_mantenimiento_export.csv,2026-06-23T00:00:00,729,Switch industrial Sintético 0010
MT000730,20240510,EQ0046,A004,WT2,P3,Alta vibración,Hidráulico,12.22,7.25,28339.97,False,training_fact_mantenimiento_export.csv,2026-06-23T00:00:00,730,Perforadora Sintético 0046
MT000731,20240510,EQ0053,A004,WT1,P4,Alta vibración,Eléctrico,2.11,0.97,1686.84,True,training_fact_mantenimiento_export.csv,2026-06-23T00:00:00,731,Motoniveladora Sintético 0053
MT000732,20240428,EQ0025,A004,WT2,P3,Pérdida de comunicación PLC,Instrumentación,1.39,0.91,674.51,False,training_fact_mantenimiento_export.csv,2026-06-23T00:00:00,732,Bulldozer Sintético 0025
MT000733,20240830,EQ0035,A004,WT1,P3,Fuga hidráulica,Hidráulico,0.95,0.5,1795.9,True,training_fact_mantenimiento_export.csv,2026-06-23T00:00:00,733,Perforadora Sintético 0035
MT000734,20240507,EQ0028,A005,WT2,P1,Falla de instrumentación,Seguridad,30.94,26.53,30258.23,False,training_fact_mantenimiento_export.csv,2026-06-23T00:00:00,734,Harnero Sintético 0028
MT000735,20240307,,A017,WT1,P3,Desalineamiento de correa,Seguridad,1.6,0.71,2676.68,True,training_fact_mantenimiento_export.csv,2026-06-23T00:00:00,735,Sensor de vibración Sintético 0004
MT000736,20240118,EQ0009,A004,WT2,P2,Falla de transmisión,Mecánico,16.8,13.23,36311.57,False,training_fact_mantenimiento_export.csv,2026-06-23T00:00:00,736,Camión CAEX Sintético 0009
MT000737,20240703,EQ0018,A009,WT1,P2,Falla de bomba de pulpa,Eléctrico,1.65,0.7,2607.85,True,training_fact_mantenimiento_export.csv,2026-06-23T00:00:00,737,Celda de flotación Sintético 0018
MT000738,20240610,EQ0038,A004,WT2,P2,Alta vibración,Energía,7.04,6.57,9983.31,False,training_fact_mantenimiento_export.csv,2026-06-23T00:00:00,738,Camión aljibe Sintético 0038
MT000739,20241124,EQ0048,A004,WT2,P4,Alta vibración,Control,14.19,11.15,6670.84,False,training_fact_mantenimiento_export.csv,2026-06-23T00:00:00,739,Pala eléctrica Sintético 0048
MT000740,20240713,EQ0034,A010,WT2,P4,Obstrucción de chute,Seguridad,8.93,7.79,8674.86,False,training_fact_mantenimiento_export.csv,2026-06-23T00:00:00,740,Filtro Sintético 0034
MT000741,20240616,EQ0041,A005,WT2,P3,Alta vibración,Chancado,9.49,4.1,21328.75,False,training_fact_mantenimiento_export.csv,2026-06-23T00:00:00,741,Chancador primario Sintético 0041
MT000742,20240126,EQ0036,A004,WT2,P1,Desalineamiento de correa,Instrumentación,6.38,4.64,8132.68,False,training_fact_mantenimiento_export.csv,2026-06-23T00:00:00,742,Sistema dispatch Sintético 0036
MT000743,20241007,EQ0041,A005,WT2,P2,Falla eléctrica,Chancado,15.83,6.08,16908.38,False,training_fact_mantenimiento_export.csv,2026-06-23T00:00:00,743,Chancador primario Sintético 0041
MT000744,20240515,EQ0017,A004,WT2,P1,Falla de pala,Hidráulico,5.37,3.18,2666.88,False,training_fact_mantenimiento_export.csv,2026-06-23T00:00:00,744,Pala eléctrica Sintético 0017
MT000745,20240312,EQ0011,A008,WT1,P4,Trip de variador,Molienda,8.92,8.38,10468.38,True,training_fact_mantenimiento_export.csv,2026-06-23T00:00:00,745,Molino de bolas Sintético 0011
MT000746,20241226,EQ0043,A012,WT2,P1,Baja presión,Bombas,1.73,1.02,1531.06,False,training_fact_mantenimiento_export.csv,2026-06-23T00:00:00,746,Bomba de pulpa Sintético 0043
MT000747,20240112,EQ0035,A004,WT1,P3,Fuga hidráulica,Hidráulico,1.71,1.21,2511.97,True,training_fact_mantenimiento_export.csv,2026-06-23T00:00:00,747,Perforadora Sintético 0035
MT000748,20240616,EQ0018,A009,WT1,P3,Pérdida de comunicación PLC,Seguridad,1.54,1.04,2771.69,True,training_fact_mantenimiento_export.csv,2026-06-23T00:00:00,748,Celda de flotación Sintético 0018
MT000749,20240429,EQ0009,A004,WT2,P2,Falla de transmisión,Hidráulico,5.84,3.26,4819.2,False,training_fact_mantenimiento_export.csv,2026-06-23T00:00:00,749,Camión CAEX Sintético 0009
MT000750,20240526,EQ0027,A017,WT2,P3,Deriva de sensor,Control,7.94,3.28,14594.76,False,training_fact_mantenimiento_export.csv,2026-06-23T00:00:00,750,Sistema de control distribuido Sintético 0027
MT000751,20240724,EQ0033,A010,WT1,P2,Fuga hidráulica,Instrumentación,10.63,9.31,5250.19,True,training_fact_mantenimiento_export.csv,2026-06-23T00:00:00,751,Sistema de relaves Sintético 0033
MT000752,20240802,EQ0009,A004,WT1,P2,Falla de motor,Neumáticos,2.0,1.52,5172.07,True,training_fact_mantenimiento_export.csv,2026-06-23T00:00:00,752,Camión CAEX Sintético 0009
MT000753,20240814,EQ0058,A005,WT2,P1,Desgaste de revestimientos,Mecánico,15.16,14.21,11395.42,False,training_fact_mantenimiento_export.csv,2026-06-23T00:00:00,753,Alimentador Sintético 0058
MT000754,20240513,EQ0043,A012,WT2,P3,Baja presión,Bombas,2.82,2.07,3183.19,False,training_fact_mantenimiento_export.csv,2026-06-23T00:00:00,754,Bomba de pulpa Sintético 0043
MT000755,20240131,EQ0043,A012,WT1,P4,Falla de bomba de pulpa,Bombas,1.0,0.44,692.95,True,training_fact_mantenimiento_export.csv,2026-06-23T00:00:00,755,Bomba de pulpa Sintético 0043
MT000756,20240214,EQ0011,A008,WT1,P2,Alta vibración,Molienda,4.6,2.91,7046.32,True,training_fact_mantenimiento_export.csv,2026-06-23T00:00:00,756,Molino de bolas Sintético 0011
MT000757,20241107,EQ0046,A004,WT1,P3,Alta vibración,Hidráulico,3.36,1.78,6703.48,True,training_fact_mantenimiento_export.csv,2026-06-23T00:00:00,757,Perforadora Sintético 0046
MT000758,20241019,EQ0036,A004,WT2,P2,Corte de correa,Energía,3.3,3.01,5086.07,False,training_fact_mantenimiento_export.csv,2026-06-23T00:00:00,758,Sistema dispatch Sintético 0036
MT000759,20241206,EQ0041,A005,WT2,P2,Alta vibración,Chancado,10.43,5.22,23061.95,False,training_fact_mantenimiento_export.csv,2026-06-23T00:00:00,759,Chancador primario Sintético 0041
MT000760,20241018,EQ0050,A004,WT1,P2,Baja presión,Mecánico,1.59,1.01,816.97,True,training_fact_mantenimiento_export.csv,2026-06-23T00:00:00,760,Motoniveladora Sintético 0050
MT000761,20240512,EQ0032,A008,WT1,P2,Alta vibración,Molienda,5.12,4.7,5867.3,True,training_fact_mantenimiento_export.csv,2026-06-23T00:00:00,761,Molino SAG Sintético 0032
MT000762,20240924,EQ0036,A004,WT1,P3,Falla eléctrica,Seguridad,2.77,1.19,3293.58,True,training_fact_mantenimiento_export.csv,2026-06-23T00:00:00,762,Sistema dispatch Sintético 0036
MT000763,20240707,EQ0007,A004,WT1,P4,Falla de motor,Neumáticos,0.62,0.5,957.79,True,training_fact_mantenimiento_export.csv,2026-06-23T00:00:00,763,Camión CAEX Sintético 0007
MT000764,20240409,EQ0037,A017,WT1,P2,Pérdida de comunicación PLC,Control,6.68,4.98,8486.17,True,training_fact_mantenimiento_export.csv,2026-06-23T00:00:00,764,Servidor SCADA Sintético 0037
MT000765,20240608,EQ0054,A005,WT1,P3,Bloqueo de chancador,Chancado,8.94,5.6,13990.42,True,training_fact_mantenimiento_export.csv,2026-06-23T00:00:00,765,Chancador primario Sintético 0054
MT000766,20240725,EQ0053,A004,WT2,P2,Falla de transmisión,Seguridad,9.31,4.07,7708.7,False,training_fact_mantenimiento_export.csv,2026-06-23T00:00:00,766,Motoniveladora Sintético 0053
MT000767,20240717,EQ0011,A008,WT2,P3,Desgaste de revestimientos,Molienda,3.33,2.85,2800.32,False,training_fact_mantenimiento_export.csv,2026-06-23T00:00:00,767,Molino de bolas Sintético 0011
MT000768,20240621,EQ0060,A017,WT2,P3,Falla de instrumentación,Control,0.83,0.33,605.3,False,training_fact_mantenimiento_export.csv,2026-06-23T00:00:00,768,RTU Sintético 0060
MT000769,20240312,EQ0025,A004,WT2,P3,Sobrecalentamiento,Seguridad,9.0,7.45,9273.18,False,training_fact_mantenimiento_export.csv,2026-06-23T00:00:00,769,Bulldozer Sintético 0025
MT000770,20240905,EQ0012,A013,WT1,P3,Bloqueo de chancador,Seguridad,5.08,3.68,8670.21,True,training_fact_mantenimiento_export.csv,2026-06-23T00:00:00,770,Medidor de energía Sintético 0012
MT000771,20240521,EQ0034,A010,WT2,P2,Falla de bomba de pulpa,Instrumentación,2.49,1.22,3613.21,False,training_fact_mantenimiento_export.csv,2026-06-23T00:00:00,771,Filtro Sintético 0034
MT000772,20240919,EQ0029,A004,WT1,P3,Alta vibración,Control,4.04,2.83,4078.79,True,training_fact_mantenimiento_export.csv,2026-06-23T00:00:00,772,Pala hidráulica Sintético 0029
MT000773,20240214,EQ0026,A004,WT2,P4,Alta vibración,Control,3.74,2.9,8689.83,False,training_fact_mantenimiento_export.csv,2026-06-23T00:00:00,773,Pala eléctrica Sintético 0026
MT000774,20240524,EQ0022,A004,WT1,P3,Baja presión,Eléctrico,4.35,2.62,7335.87,True,training_fact_mantenimiento_export.csv,2026-06-23T00:00:00,774,Sistema dispatch Sintético 0022
MT000775,20241203,EQ0046,A004,WT2,P3,Fuga hidráulica,Mecánico,2.54,2.13,2482.3,False,training_fact_mantenimiento_export.csv,2026-06-23T00:00:00,775,Perforadora Sintético 0046
MT000776,20241011,EQ0005,A017,WT1,P3,Pérdida de comunicación PLC,Control,4.68,4.33,2526.64,True,training_fact_mantenimiento_export.csv,2026-06-23T00:00:00,776,PLC Sintético 0005
MT000777,20240725,EQ0028,A005,WT2,P2,Obstrucción de chute,Energía,10.04,8.07,9127.66,False,training_fact_mantenimiento_export.csv,2026-06-23T00:00:00,777,Harnero Sintético 0028
MT000778,20240816,EQ0023,A010,WT1,P3,Falla de bomba de pulpa,Energía,0.86,0.33,1209.12,True,training_fact_mantenimiento_export.csv,2026-06-23T00:00:00,778,Filtro Sintético 0023
MT000779,20240129,EQ0042,A004,WT1,P3,Fuga hidráulica,Control,1.28,0.74,1093.65,True,training_fact_mantenimiento_export.csv,2026-06-23T00:00:00,779,Pala hidráulica Sintético 0042
MT000780,20240926,EQ0042,A004,WT2,P2,Fuga hidráulica,Control,11.37,10.23,12283.58,False,training_fact_mantenimiento_export.csv,2026-06-23T00:00:00,780,Pala hidráulica Sintético 0042
MT000781,20240204,EQ0057,A017,WT2,P1,Falla de instrumentación,Control,4.86,2.78,11557.88,False,training_fact_mantenimiento_export.csv,2026-06-23T00:00:00,781,Sistema de control distribuido Sintético 0057
MT000782,20240917,EQ0052,A010,WT1,P2,Bloqueo de chancador,Instrumentación,0.73,0.36,1663.23,True,training_fact_mantenimiento_export.csv,2026-06-23T00:00:00,782,Sistema de relaves Sintético 0052
MT000783,20240403,EQ0055,A010,WT1,P2,Falla de instrumentación,Instrumentación,2.77,1.28,3993.79,True,training_fact_mantenimiento_export.csv,2026-06-23T00:00:00,783,Espesador Sintético 0055
MT000784,20241009,EQ0050,A004,WT1,P4,Fuga hidráulica,Energía,2.07,1.74,4322.28,True,training_fact_mantenimiento_export.csv,2026-06-23T00:00:00,784,Motoniveladora Sintético 0050
MT000785,20240825,EQ0040,A008,WT1,P4,Trip de variador,Molienda,3.3,1.71,3291.55,True,training_fact_mantenimiento_export.csv,2026-06-23T00:00:00,785,Molino de bolas Sintético 0040
MT000786,20240727,EQ0002,A004,WT2,P3,Falla de transmisión,Neumáticos,14.93,9.57,41234.01,False,training_fact_mantenimiento_export.csv,2026-06-23T00:00:00,786,Camión CAEX Sintético 0002
MT000787,20240308,EQ0052,A010,WT1,P1,Corte de correa,Eléctrico,1.83,1.22,4014.25,True,training_fact_mantenimiento_export.csv,2026-06-23T00:00:00,787,Sistema de relaves Sintético 0052
MT000788,20240812,EQ0024,A017,WT1,P1,Deriva de sensor,Control,1.19,1.11,2475.11,True,training_fact_mantenimiento_export.csv,2026-06-23T00:00:00,788,Servidor Historiador Sintético 0024
MT000789,20240811,EQ0022,A004,WT1,P1,Falla eléctrica,Energía,1.15,0.86,1928.43,True,training_fact_mantenimiento_export.csv,2026-06-23T00:00:00,789,Sistema dispatch Sintético 0022
MT000790,20240209,EQ0057,A017,WT2,P2,Deriva de sensor,Control,15.46,14.33,31908.98,False,training_fact_mantenimiento_export.csv,2026-06-23T00:00:00,790,Sistema de control distribuido Sintético 0057
MT000791,20240626,EQ0031,A017,WT2,P3,Alta vibración,Mecánico,1.26,0.63,582.9,False,training_fact_mantenimiento_export.csv,2026-06-23T00:00:00,791,Sensor de vibración Sintético 0031
MT000792,20240713,EQ0034,A010,WT2,P4,Bloqueo de chancador,Seguridad,7.85,6.83,9431.93,False,training_fact_mantenimiento_export.csv,2026-06-23T00:00:00,792,Filtro Sintético 0034
MT000793,20240330,EQ0020,A013,WT1,P2,Desgaste de revestimientos,Eléctrico,2.44,1.21,4751.54,True,training_fact_mantenimiento_export.csv,2026-06-23T00:00:00,793,Medidor de energía Sintético 0020
MT000794,20241128,EQ0059,A009,WT2,P1,Desalineamiento de correa,Energía,9.7,5.21,12056.11,False,training_fact_mantenimiento_export.csv,2026-06-23T00:00:00,794,Celda de flotación Sintético 0059
MT000795,20240723,EQ0023,A010,WT2,P2,Pérdida de comunicación PLC,Instrumentación,7.69,7.21,6263.67,False,training_fact_mantenimiento_export.csv,2026-06-23T00:00:00,795,Filtro Sintético 0023
MT000796,20240414,EQ0021,A005,WT2,P3,Falla de pala,Mecánico,9.81,6.5,19227.05,False,training_fact_mantenimiento_export.csv,2026-06-23T00:00:00,796,Alimentador Sintético 0021
MT000797,20241017,EQ0046,A004,WT1,P1,Falla de pala,Mecánico,5.4,3.16,8854.2,True,training_fact_mantenimiento_export.csv,2026-06-23T00:00:00,797,Perforadora Sintético 0046
MT000798,20240525,EQ0024,A017,WT1,P3,Falla de instrumentación,Control,3.58,2.69,5268.44,True,training_fact_mantenimiento_export.csv,2026-06-23T00:00:00,798,Servidor Historiador Sintético 0024
MT000799,20240208,EQ0057,A017,WT1,P3,Pérdida de comunicación PLC,Control,2.78,2.29,3092.57,True,training_fact_mantenimiento_export.csv,2026-06-23T00:00:00,799,Sistema de control distribuido Sintético 0057
MT000800,20240806,EQ0028,A005,WT1,P3,Alta vibración,Eléctrico,6.32,4.03,4042.12,True,training_fact_mantenimiento_export.csv,2026-06-23T00:00:00,800,Harnero Sintético 0028
MT000801,20240816,EQ0041,A005,WT1,P4,Alta vibración,Chancado,3.75,3.21,8005.2,True,training_fact_mantenimiento_export.csv,2026-06-23T00:00:00,801,Chancador primario Sintético 0041
MT000802,20240418,EQ0052,A010,WT2,P3,Desgaste de revestimientos,Instrumentación,6.81,5.08,5731.07,False,training_fact_mantenimiento_export.csv,2026-06-23T00:00:00,802,Sistema de relaves Sintético 0052
MT000803,20240207,EQ0059,A009,WT1,P3,Baja presión,Mecánico,0.76,0.66,1275.88,True,training_fact_mantenimiento_export.csv,2026-06-23T00:00:00,803,Celda de flotación Sintético 0059
MT000804,20240317,EQ0018,A009,WT2,P3,Desalineamiento de correa,Mecánico,17.48,16.09,17874.75,False,training_fact_mantenimiento_export.csv,2026-06-23T00:00:00,804,Celda de flotación Sintético 0018
MT000805,20240730,EQ0022,A004,WT2,P2,Deriva de sensor,Eléctrico,9.41,7.02,8457.3,False,training_fact_mantenimiento_export.csv,2026-06-23T00:00:00,805,Sistema dispatch Sintético 0022
MT000806,20241127,EQ0027,A017,WT1,P2,Falla de instrumentación,Control,3.98,3.13,5263.12,True,training_fact_mantenimiento_export.csv,2026-06-23T00:00:00,806,Sistema de control distribuido Sintético 0027
MT000807,20240404,EQ0029,A004,WT2,P4,Fuga hidráulica,Mecánico,7.55,3.22,14183.71,False,training_fact_mantenimiento_export.csv,2026-06-23T00:00:00,807,Pala hidráulica Sintético 0029
MT000808,20240123,EQ0048,A004,WT1,P2,Fuga hidráulica,Hidráulico,8.29,6.91,7461.68,True,training_fact_mantenimiento_export.csv,2026-06-23T00:00:00,808,Pala eléctrica Sintético 0048
MT000809,20240831,EQ0059,A009,WT1,P3,Falla de instrumentación,Instrumentación,4.93,4.61,3107.27,True,training_fact_mantenimiento_export.csv,2026-06-23T00:00:00,809,Celda de flotación Sintético 0059
MT000810,20240329,EQ0020,A013,WT2,P2,Desgaste de neumáticos,Eléctrico,0.94,0.61,1314.03,False,training_fact_mantenimiento_export.csv,2026-06-23T00:00:00,810,Medidor de energía Sintético 0020
MT000811,20240901,EQ0001,A017,WT2,P1,Deriva de sensor,Control,7.46,4.56,11323.64,False,training_fact_mantenimiento_export.csv,2026-06-23T00:00:00,811,PLC Sintético 0001
MT000812,20240820,EQ0025,A004,WT1,P2,Desgaste de revestimientos,Energía,4.44,3.46,7680.6,True,training_fact_mantenimiento_export.csv,2026-06-23T00:00:00,812,Bulldozer Sintético 0025
MT000813,20240607,EQ0006,A005,WT1,P3,Bloqueo de chancador,Chancado,12.33,6.18,16394.82,True,training_fact_mantenimiento_export.csv,2026-06-23T00:00:00,813,Chancador secundario Sintético 0006
MT000814,20241103,EQ0053,A004,WT1,P4,Sobrecalentamiento,Mecánico,1.73,0.77,2084.69,True,training_fact_mantenimiento_export.csv,2026-06-23T00:00:00,814,Motoniveladora Sintético 0053
MT000815,20240621,EQ0047,A004,WT2,P2,Desgaste de neumáticos,Seguridad,4.8,4.36,3590.26,False,training_fact_mantenimiento_export.csv,2026-06-23T00:00:00,815,Bulldozer Sintético 0047
MT000816,20240219,EQ0022,A004,WT1,P2,Fuga hidráulica,Mecánico,3.34,1.4,3462.46,True,training_fact_mantenimiento_export.csv,2026-06-23T00:00:00,816,Sistema dispatch Sintético 0022
MT000817,20240421,EQ0027,A017,WT2,P4,Pérdida de comunicación PLC,Control,6.41,4.98,5991.75,False,training_fact_mantenimiento_export.csv,2026-06-23T00:00:00,817,Sistema de control distribuido Sintético 0027
MT000818,20240423,EQ0033,A010,WT2,P3,Pérdida de comunicación PLC,Seguridad,3.62,2.0,2566.74,False,training_fact_mantenimiento_export.csv,2026-06-23T00:00:00,818,Sistema de relaves Sintético 0033
MT000819,20240404,EQ0045,A017,WT2,P2,Falla de instrumentación,Control,2.59,1.0,5989.79,False,training_fact_mantenimiento_export.csv,2026-06-23T00:00:00,819,RTU Sintético 0045
MT000820,20241025,EQ0005,A017,WT1,P4,Deriva de sensor,Control,4.57,2.36,3693.67,True,training_fact_mantenimiento_export.csv,2026-06-23T00:00:00,820,PLC Sintético 0005
MT000821,20240809,EQ0023,A010,WT1,P1,Corte de correa,Seguridad,1.82,1.55,2849.21,True,training_fact_mantenimiento_export.csv,2026-06-23T00:00:00,821,Filtro Sintético 0023
MT000822,20240301,EQ0058,A005,WT2,P3,Desgaste de revestimientos,Eléctrico,14.96,5.86,18490.86,False,training_fact_mantenimiento_export.csv,2026-06-23T00:00:00,822,Alimentador Sintético 0058
MT000823,20240503,EQ0025,A004,WT2,P4,Baja presión,Mecánico,5.5,2.76,8359.56,False,training_fact_mantenimiento_export.csv,2026-06-23T00:00:00,823,Bulldozer Sintético 0025
MT000824,20240123,EQ0040,A008,WT1,P1,Desgaste de revestimientos,Molienda,2.01,1.61,3201.39,True,training_fact_mantenimiento_export.csv,2026-06-23T00:00:00,824,Molino de bolas Sintético 0040
MT000825,20240119,EQ0016,A017,WT2,P3,Deriva de sensor,Control,10.62,9.99,15557.31,False,training_fact_mantenimiento_export.csv,2026-06-23T00:00:00,825,Switch industrial Sintético 0016
MT000826,20240116,EQ0058,A005,WT2,P2,Obstrucción de chute,Eléctrico,3.83,2.91,4187.47,False,training_fact_mantenimiento_export.csv,2026-06-23T00:00:00,826,Alimentador Sintético 0058
MT000827,20240116,EQ0038,A004,WT2,P2,Falla eléctrica,Mecánico,4.05,2.77,4511.39,False,training_fact_mantenimiento_export.csv,2026-06-23T00:00:00,827,Camión aljibe Sintético 0038
MT000828,20241124,EQ0049,A005,WT2,P2,Bloqueo de chancador,Chancado,10.91,6.57,8537.62,False,training_fact_mantenimiento_export.csv,2026-06-23T00:00:00,828,Chancador secundario Sintético 0049
MT000829,20240406,EQ0060,A017,WT2,P4,Falla de instrumentación,Control,7.51,5.99,9428.17,False,training_fact_mantenimiento_export.csv,2026-06-23T00:00:00,829,RTU Sintético 0060
MT000830,20241026,EQ0046,A004,WT1,P1,Alta vibración,Hidráulico,4.48,2.25,5175.68,True,training_fact_mantenimiento_export.csv,2026-06-23T00:00:00,830,Perforadora Sintético 0046
MT000831,20240902,EQ0012,A013,WT1,P1,Baja presión,Mecánico,3.87,1.65,9238.11,True,training_fact_mantenimiento_export.csv,2026-06-23T00:00:00,831,Medidor de energía Sintético 0012
MT000832,20240620,EQ0009,A004,WT1,P1,Falla de transmisión,Mecánico,4.18,3.26,3832.11,True,training_fact_mantenimiento_export.csv,2026-06-23T00:00:00,832,Camión CAEX Sintético 0009
MT000833,20241130,EQ0018,A009,WT2,P1,Alta vibración,Energía,7.47,6.7,11773.86,False,training_fact_mantenimiento_export.csv,2026-06-23T00:00:00,833,Celda de flotación Sintético 0018
MT000834,20241127,EQ0030,A006,WT2,P3,Obstrucción de chute,Correas,5.86,5.14,13953.29,False,training_fact_mantenimiento_export.csv,2026-06-23T00:00:00,834,Correa transportadora Sintético 0030
MT000835,20240823,EQ0020,A013,WT1,P2,Falla eléctrica,Mecánico,3.21,1.91,7250.99,True,training_fact_mantenimiento_export.csv,2026-06-23T00:00:00,835,Medidor de energía Sintético 0020
MT000836,20240204,EQ0001,A017,WT1,P4,Pérdida de comunicación PLC,Control,3.12,2.85,5619.21,True,training_fact_mantenimiento_export.csv,2026-06-23T00:00:00,836,PLC Sintético 0001
MT000837,20240212,EQ0008,A017,WT1,P3,Deriva de sensor,Control,2.07,0.88,2539.14,True,training_fact_mantenimiento_export.csv,2026-06-23T00:00:00,837,Servidor SCADA Sintético 0008
MT000838,20240114,EQ0034,A010,WT1,P3,Falla de motor,Energía,5.88,2.45,10986.78,True,training_fact_mantenimiento_export.csv,2026-06-23T00:00:00,838,Filtro Sintético 0034
MT000839,20240619,EQ0002,A004,WT2,P2,Desgaste de neumáticos,Mecánico,8.42,5.81,27780.43,False,training_fact_mantenimiento_export.csv,2026-06-23T00:00:00,839,Camión CAEX Sintético 0002
MT000840,20240627,EQ0058,A005,WT2,P4,Desalineamiento de correa,Seguridad,2.37,1.84,3576.79,False,training_fact_mantenimiento_export.csv,2026-06-23T00:00:00,840,Alimentador Sintético 0058
MT000841,20240625,EQ0016,A017,WT1,P2,Deriva de sensor,Control,0.28,0.15,317.06,True,training_fact_mantenimiento_export.csv,2026-06-23T00:00:00,841,Switch industrial Sintético 0016
MT000842,20241010,EQ0024,A017,WT1,P4,Falla de instrumentación,Control,7.55,5.4,3593.34,True,training_fact_mantenimiento_export.csv,2026-06-23T00:00:00,842,Servidor Historiador Sintético 0024
MT000843,20240127,EQ0018,A009,WT1,P2,Fuga hidráulica,Eléctrico,11.39,4.7,16372.99,True,training_fact_mantenimiento_export.csv,2026-06-23T00:00:00,843,Celda de flotación Sintético 0018
MT000844,20240127,EQ0021,A005,WT2,P3,Falla de transmisión,Energía,3.41,3.04,2150.32,False,training_fact_mantenimiento_export.csv,2026-06-23T00:00:00,844,Alimentador Sintético 0021
MT000845,20241013,EQ0039,A008,WT2,P3,Trip de variador,Molienda,4.16,2.91,4455.01,False,training_fact_mantenimiento_export.csv,2026-06-23T00:00:00,845,Molino SAG Sintético 0039
MT000846,20240507,EQ0018,A009,WT1,P3,Bloqueo de chancador,Eléctrico,1.2,1.1,1988.78,True,training_fact_mantenimiento_export.csv,2026-06-23T00:00:00,846,Celda de flotación Sintético 0018
MT000847,20241017,EQ0031,A017,WT1,P2,Falla de sello mecánico,Instrumentación,4.53,3.22,4489.72,True,training_fact_mantenimiento_export.csv,2026-06-23T00:00:00,847,Sensor de vibración Sintético 0031
MT000848,20240221,EQ0035,A004,WT1,P2,Falla de pala,Hidráulico,0.41,0.35,362.26,True,training_fact_mantenimiento_export.csv,2026-06-23T00:00:00,848,Perforadora Sintético 0035
MT000849,20241018,EQ0050,A004,WT2,P2,Baja presión,Eléctrico,5.4,4.98,8628.72,False,training_fact_mantenimiento_export.csv,2026-06-23T00:00:00,849,Motoniveladora Sintético 0050
MT000850,20240919,EQ0055,A010,WT2,P4,Corte de correa,Eléctrico,3.49,2.26,2068.21,False,training_fact_mantenimiento_export.csv,2026-06-23T00:00:00,850,Espesador Sintético 0055
MT000851,20240205,EQ0014,A010,WT2,P2,Falla de instrumentación,Seguridad,10.52,5.98,23782.07,False,training_fact_mantenimiento_export.csv,2026-06-23T00:00:00,851,Espesador Sintético 0014
MT000852,20240407,EQ0036,A004,WT2,P3,Obstrucción de chute,Instrumentación,1.96,1.11,4639.12,False,training_fact_mantenimiento_export.csv,2026-06-23T00:00:00,852,Sistema dispatch Sintético 0036
MT000853,20240521,EQ0006,A005,WT1,P1,Bloqueo de chancador,Chancado,7.32,4.32,17408.68,True,training_fact_mantenimiento_export.csv,2026-06-23T00:00:00,853,Chancador secundario Sintético 0006
MT000854,20240718,EQ0046,A004,WT2,P2,Fuga hidráulica,Mecánico,0.76,0.4,349.86,False,training_fact_mantenimiento_export.csv,2026-06-23T00:00:00,854,Perforadora Sintético 0046
MT000855,20240712,EQ0025,A004,WT2,P1,Pérdida de comunicación PLC,Energía,2.95,2.7,1341.01,False,training_fact_mantenimiento_export.csv,2026-06-23T00:00:00,855,Bulldozer Sintético 0025
MT000856,20240103,EQ0023,A010,WT2,P4,Obstrucción de chute,Seguridad,1.76,1.2,1148.25,False,training_fact_mantenimiento_export.csv,2026-06-23T00:00:00,856,Filtro Sintético 0023
MT000857,20240802,EQ0051,A006,WT2,P3,Desalineamiento de correa,Correas,14.27,10.35,31934.83,False,training_fact_mantenimiento_export.csv,2026-06-23T00:00:00,857,Correa transportadora Sintético 0051
MT000858,20240605,EQ0023,A010,WT1,P3,Bloqueo de chancador,Instrumentación,1.99,0.83,4262.39,True,training_fact_mantenimiento_export.csv,2026-06-23T00:00:00,858,Filtro Sintético 0023
MT000859,20240606,EQ0018,A009,WT2,P3,Falla de sello mecánico,Instrumentación,9.09,8.03,4406.79,False,training_fact_mantenimiento_export.csv,2026-06-23T00:00:00,859,Celda de flotación Sintético 0018
MT000860,20240130,EQ0015,A004,WT1,P1,Trip de variador,Energía,1.38,0.59,811.13,True,training_fact_mantenimiento_export.csv,2026-06-23T00:00:00,860,Cargador frontal Sintético 0015
MT000861,20240209,EQ0041,A005,WT2,P2,Alta vibración,Chancado,4.7,3.17,4896.98,False,training_fact_mantenimiento_export.csv,2026-06-23T00:00:00,861,Chancador primario Sintético 0041
MT000862,20241125,EQ0006,A005,WT1,P4,Bloqueo de chancador,Chancado,2.26,1.97,2244.19,True,training_fact_mantenimiento_export.csv,2026-06-23T00:00:00,862,Chancador secundario Sintético 0006
MT000863,20240220,EQ0055,A010,WT1,P3,Falla de pala,Mecánico,4.99,2.19,2258.28,True,training_fact_mantenimiento_export.csv,2026-06-23T00:00:00,863,Espesador Sintético 0055
MT000864,20240825,EQ0051,A006,WT1,P3,Corte de correa,Correas,3.3,2.82,2009.57,True,training_fact_mantenimiento_export.csv,2026-06-23T00:00:00,864,Correa transportadora Sintético 0051
MT000865,20240901,EQ0007,A004,WT1,P3,Falla de motor,Mecánico,5.05,3.98,12988.56,True,training_fact_mantenimiento_export.csv,2026-06-23T00:00:00,865,Camión CAEX Sintético 0007
MT000866,20240720,EQ0044,A012,WT1,P2,Falla de sello mecánico,Bombas,5.01,3.45,8028.48,True,training_fact_mantenimiento_export.csv,2026-06-23T00:00:00,866,Bomba de pulpa Sintético 0044
MT000867,20240312,EQ0001,A017,WT1,P2,Pérdida de comunicación PLC,Control,7.97,4.55,9088.36,True,training_fact_mantenimiento_export.csv,2026-06-23T00:00:00,867,PLC Sintético 0001
MT000868,20240430,EQ0008,A017,WT2,P1,Deriva de sensor,Control,2.35,1.86,2177.31,False,training_fact_mantenimiento_export.csv,2026-06-23T00:00:00,868,Servidor SCADA Sintético 0008
MT000869,20240728,EQ0038,A004,WT2,P3,Falla de bomba de pulpa,Energía,13.52,12.39,18599.29,False,training_fact_mantenimiento_export.csv,2026-06-23T00:00:00,869,Camión aljibe Sintético 0038
MT000870,20240110,EQ0033,A010,WT2,P2,Falla de motor,Seguridad,10.29,4.87,17445.63,False,training_fact_mantenimiento_export.csv,2026-06-23T00:00:00,870,Sistema de relaves Sintético 0033
MT000871,20241115,EQ0050,A004,WT1,P2,Deriva de sensor,Energía,2.03,0.78,2114.79,True,training_fact_mantenimiento_export.csv,2026-06-23T00:00:00,871,Motoniveladora Sintético 0050
MT000872,20240521,EQ0038,A004,WT2,P1,Fuga hidráulica,Seguridad,8.23,3.15,5835.48,False,training_fact_mantenimiento_export.csv,2026-06-23T00:00:00,872,Camión aljibe Sintético 0038
MT000873,20240417,EQ0004,A017,WT1,P4,Falla eléctrica,Instrumentación,1.66,1.56,3713.06,True,training_fact_mantenimiento_export.csv,2026-06-23T00:00:00,873,Sensor de vibración Sintético 0004
MT000874,20240315,EQ0052,A010,WT2,P2,Falla de motor,Energía,2.3,1.6,1552.43,False,training_fact_mantenimiento_export.csv,2026-06-23T00:00:00,874,Sistema de relaves Sintético 0052
MT000875,20241218,EQ0020,A013,WT2,P2,Falla de instrumentación,Seguridad,16.22,10.85,33817.84,False,training_fact_mantenimiento_export.csv,2026-06-23T00:00:00,875,Medidor de energía Sintético 0020
MT000876,20240701,EQ0009,A004,WT1,P2,Falla de motor,Mecánico,0.91,0.45,2049.47,True,training_fact_mantenimiento_export.csv,2026-06-23T00:00:00,876,Camión CAEX Sintético 0009
MT000877,20240528,EQ0024,A017,WT1,P2,Falla de instrumentación,Control,1.17,0.65,1591.79,True,training_fact_mantenimiento_export.csv,2026-06-23T00:00:00,877,Servidor Historiador Sintético 0024
MT000878,20240208,EQ0007,A004,WT1,P4,Desgaste de neumáticos,Mecánico,2.9,2.11,3993.42,True,training_fact_mantenimiento_export.csv,2026-06-23T00:00:00,878,Camión CAEX Sintético 0007
MT000879,20241227,EQ0016,A017,WT2,P2,Deriva de sensor,Control,9.63,4.48,17486.16,False,training_fact_mantenimiento_export.csv,2026-06-23T00:00:00,879,Switch industrial Sintético 0016
MT000880,20240723,EQ0016,A017,WT1,P2,Deriva de sensor,Control,5.2,3.46,7320.95,True,training_fact_mantenimiento_export.csv,2026-06-23T00:00:00,880,Switch industrial Sintético 0016
MT000881,20240325,EQ0055,A010,WT2,P3,Sobrecalentamiento,Mecánico,0.69,0.27,448.59,False,training_fact_mantenimiento_export.csv,2026-06-23T00:00:00,881,Espesador Sintético 0055
MT000882,20241029,EQ0015,A004,WT2,P2,Desalineamiento de correa,Instrumentación,5.53,4.44,11340.13,False,training_fact_mantenimiento_export.csv,2026-06-23T00:00:00,882,Cargador frontal Sintético 0015
MT000883,20240716,EQ0034,A010,WT2,P3,Deriva de sensor,Instrumentación,5.42,2.68,9671.05,False,training_fact_mantenimiento_export.csv,2026-06-23T00:00:00,883,Filtro Sintético 0034
MT000884,20240531,EQ0009,A004,WT2,P3,Desgaste de neumáticos,Neumáticos,8.93,8.37,25256.72,False,training_fact_mantenimiento_export.csv,2026-06-23T00:00:00,884,Camión CAEX Sintético 0009
MT000885,20241016,EQ0008,A017,WT2,P2,Pérdida de comunicación PLC,Control,1.08,1.0,965.6,False,training_fact_mantenimiento_export.csv,2026-06-23T00:00:00,885,Servidor SCADA Sintético 0008
MT000886,20240119,EQ0053,A004,WT1,P2,Falla de transmisión,Seguridad,5.16,2.23,5555.77,True,training_fact_mantenimiento_export.csv,2026-06-23T00:00:00,886,Motoniveladora Sintético 0053
MT000887,20240712,EQ0024,A017,WT1,P2,Pérdida de comunicación PLC,Control,1.09,0.71,1187.77,True,training_fact_mantenimiento_export.csv,2026-06-23T00:00:00,887,Servidor Historiador Sintético 0024
MT000888,20240731,EQ0060,A017,WT1,P1,Falla de instrumentación,Control,3.05,1.66,2328.18,True,training_fact_mantenimiento_export.csv,2026-06-23T00:00:00,888,RTU Sintético 0060
MT000889,20241102,EQ0014,A010,WT1,P3,Baja presión,Instrumentación,3.9,2.71,8467.17,True,training_fact_mantenimiento_export.csv,2026-06-23T00:00:00,889,Espesador Sintético 0014
MT000890,20241208,EQ0040,A008,WT1,P2,Desgaste de revestimientos,Molienda,1.08,0.76,1252.0,True,training_fact_mantenimiento_export.csv,2026-06-23T00:00:00,890,Molino de bolas Sintético 0040
MT000891,20240619,,A004,WT1,P1,Desgaste de neumáticos,Neumáticos,3.54,2.87,5381.81,True,training_fact_mantenimiento_export.csv,2026-06-23T00:00:00,891,Camión CAEX Sintético 0002
MT000892,20241209,EQ0046,A004,WT1,P4,Falla de pala,Mecánico,4.31,3.21,5934.96,True,training_fact_mantenimiento_export.csv,2026-06-23T00:00:00,892,Perforadora Sintético 0046
MT000893,20240620,EQ0052,A010,WT2,P2,Deriva de sensor,Seguridad,3.3,1.57,7634.13,False,training_fact_mantenimiento_export.csv,2026-06-23T00:00:00,893,Sistema de relaves Sintético 0052
MT000894,20240518,EQ0032,A008,WT2,P1,Trip de variador,Molienda,4.29,2.92,4991.52,False,training_fact_mantenimiento_export.csv,2026-06-23T00:00:00,894,Molino SAG Sintético 0032
MT000895,20240714,EQ0043,A012,WT2,P2,Falla de sello mecánico,Bombas,3.64,3.33,8249.91,False,training_fact_mantenimiento_export.csv,2026-06-23T00:00:00,895,Bomba de pulpa Sintético 0043
MT000896,20240606,EQ0038,A004,WT1,P3,Desgaste de revestimientos,Eléctrico,3.71,1.48,8404.96,True,training_fact_mantenimiento_export.csv,2026-06-23T00:00:00,896,Camión aljibe Sintético 0038
MT000897,20240707,EQ0031,A017,WT1,P2,Falla de bomba de pulpa,Mecánico,3.72,1.5,3996.03,True,training_fact_mantenimiento_export.csv,2026-06-23T00:00:00,897,Sensor de vibración Sintético 0031
MT000898,20240415,EQ0052,A010,WT1,P1,Trip de variador,Mecánico,6.32,3.29,10154.62,True,training_fact_mantenimiento_export.csv,2026-06-23T00:00:00,898,Sistema de relaves Sintético 0052
MT000899,20241213,EQ0047,A004,WT2,P4,Falla de pala,Seguridad,8.73,7.12,14862.48,False,training_fact_mantenimiento_export.csv,2026-06-23T00:00:00,899,Bulldozer Sintético 0047
MT000900,20241128,EQ0054,A005,WT2,P3,Falla eléctrica,Chancado,15.43,14.65,15545.76,False,training_fact_mantenimiento_export.csv,2026-06-23T00:00:00,900,Chancador primario Sintético 0054
MT000901,20240930,EQ0015,A004,WT2,P2,Corte de correa,Seguridad,7.55,3.65,18011.23,False,training_fact_mantenimiento_export.csv,2026-06-23T00:00:00,901,Cargador frontal Sintético 0015
MT000902,20240317,EQ0020,A013,WT1,P3,Desgaste de revestimientos,Mecánico,0.66,0.36,1072.19,True,training_fact_mantenimiento_export.csv,2026-06-23T00:00:00,902,Medidor de energía Sintético 0020
MT000903,20241107,EQ0006,A005,WT2,P2,Falla eléctrica,Chancado,20.14,17.55,37124.78,False,training_fact_mantenimiento_export.csv,2026-06-23T00:00:00,903,Chancador secundario Sintético 0006
MT000904,20240722,EQ0048,A004,WT2,P3,Falla de pala,Mecánico,3.94,2.96,7087.14,False,training_fact_mantenimiento_export.csv,2026-06-23T00:00:00,904,Pala eléctrica Sintético 0048
MT000905,20240824,EQ0024,A017,WT2,P1,Pérdida de comunicación PLC,Control,11.61,6.47,10288.02,False,training_fact_mantenimiento_export.csv,2026-06-23T00:00:00,905,Servidor Historiador Sintético 0024
MT000906,20240628,EQ0001,A017,WT2,P2,Pérdida de comunicación PLC,Control,4.21,3.28,6772.99,False,training_fact_mantenimiento_export.csv,2026-06-23T00:00:00,906,PLC Sintético 0001
MT000907,20240902,EQ0059,A009,WT1,P1,Sobrecalentamiento,Instrumentación,3.76,1.81,8019.21,True,training_fact_mantenimiento_export.csv,2026-06-23T00:00:00,907,Celda de flotación Sintético 0059
MT000908,20240202,EQ0008,A017,WT2,P2,Falla de instrumentación,Control,17.7,13.9,34268.27,False,training_fact_mantenimiento_export.csv,2026-06-23T00:00:00,908,Servidor SCADA Sintético 0008
MT000909,20241124,EQ0057,A017,WT2,P4,Falla de instrumentación,Control,10.69,4.73,14358.53,False,training_fact_mantenimiento_export.csv,2026-06-23T00:00:00,909,Sistema de control distribuido Sintético 0057
MT000910,20240703,EQ0018,A009,WT2,P2,Falla de pala,Mecánico,8.38,5.92,12644.06,False,training_fact_mantenimiento_export.csv,2026-06-23T00:00:00,910,Celda de flotación Sintético 0018
MT000911,20240715,EQ0038,A004,WT2,P1,Falla de pala,Seguridad,4.38,2.88,7444.49,False,training_fact_mantenimiento_export.csv,2026-06-23T00:00:00,911,Camión aljibe Sintético 0038
MT000912,20240725,EQ0030,A006,WT2,P4,Corte de correa,Correas,5.57,3.5,6541.0,False,training_fact_mantenimiento_export.csv,2026-06-23T00:00:00,912,Correa transportadora Sintético 0030
MT000913,20241215,EQ0030,A006,WT2,P2,Desalineamiento de correa,Correas,1.82,1.26,2001.01,False,training_fact_mantenimiento_export.csv,2026-06-23T00:00:00,913,Correa transportadora Sintético 0030
MT000914,20240410,EQ0014,A010,WT1,P2,Trip de variador,Instrumentación,0.56,0.53,741.58,True,training_fact_mantenimiento_export.csv,2026-06-23T00:00:00,914,Espesador Sintético 0014
MT000915,20240511,EQ0027,A017,WT2,P2,Pérdida de comunicación PLC,Control,8.41,5.76,20155.39,False,training_fact_mantenimiento_export.csv,2026-06-23T00:00:00,915,Sistema de control distribuido Sintético 0027
MT000916,20240304,EQ0053,A004,WT2,P1,Falla de pala,Instrumentación,8.97,4.19,16270.5,False,training_fact_mantenimiento_export.csv,2026-06-23T00:00:00,916,Motoniveladora Sintético 0053
MT000917,20240726,EQ0020,A013,WT2,P2,Falla de instrumentación,Seguridad,11.21,5.48,7955.89,False,training_fact_mantenimiento_export.csv,2026-06-23T00:00:00,917,Medidor de energía Sintético 0020
MT000918,20240612,EQ0033,A010,WT2,P2,Falla de bomba de pulpa,Mecánico,9.66,5.0,6698.25,False,training_fact_mantenimiento_export.csv,2026-06-23T00:00:00,918,Sistema de relaves Sintético 0033
MT000919,20240409,EQ0055,A010,WT1,P4,Trip de variador,Mecánico,0.99,0.79,708.2,True,training_fact_mantenimiento_export.csv,2026-06-23T00:00:00,919,Espesador Sintético 0055
MT000920,20241219,EQ0025,A004,WT2,P3,Baja presión,Instrumentación,8.06,3.91,17487.48,False,training_fact_mantenimiento_export.csv,2026-06-23T00:00:00,920,Bulldozer Sintético 0025
MT000921,20240521,EQ0060,A017,WT2,P3,Pérdida de comunicación PLC,Control,24.41,12.16,17896.78,False,training_fact_mantenimiento_export.csv,2026-06-23T00:00:00,921,RTU Sintético 0060
MT000922,20241216,EQ0048,A004,WT1,P4,Fuga hidráulica,Mecánico,6.35,5.96,8446.19,True,training_fact_mantenimiento_export.csv,2026-06-23T00:00:00,922,Pala eléctrica Sintético 0048
MT000923,20241024,EQ0037,A017,WT2,P1,Deriva de sensor,Control,9.45,7.67,16103.18,False,training_fact_mantenimiento_export.csv,2026-06-23T00:00:00,923,Servidor SCADA Sintético 0037
MT000924,20240522,EQ0043,A012,WT2,P3,Falla de sello mecánico,Bombas,8.93,5.33,18135.58,False,training_fact_mantenimiento_export.csv,2026-06-23T00:00:00,924,Bomba de pulpa Sintético 0043
MT000925,20240717,EQ0046,A004,WT1,P3,Fuga hidráulica,Mecánico,2.33,1.66,2517.4,True,training_fact_mantenimiento_export.csv,2026-06-23T00:00:00,925,Perforadora Sintético 0046
MT000926,20241018,EQ0046,A004,WT1,P2,Fuga hidráulica,Control,1.78,1.15,1606.3,True,training_fact_mantenimiento_export.csv,2026-06-23T00:00:00,926,Perforadora Sintético 0046
MT000927,20240322,EQ0016,A017,WT1,P2,Pérdida de comunicación PLC,Control,5.23,3.82,3404.55,True,training_fact_mantenimiento_export.csv,2026-06-23T00:00:00,927,Switch industrial Sintético 0016
MT000928,20241011,EQ0020,A013,WT2,P2,Baja presión,Mecánico,5.13,4.74,3111.99,False,training_fact_mantenimiento_export.csv,2026-06-23T00:00:00,928,Medidor de energía Sintético 0020
MT000929,20241109,EQ0056,A005,WT1,P1,Falla de bomba de pulpa,Mecánico,5.99,4.96,4468.55,True,training_fact_mantenimiento_export.csv,2026-06-23T00:00:00,929,Harnero Sintético 0056
MT000930,20241210,EQ0019,A004,WT2,P2,Corte de correa,Instrumentación,3.82,2.59,6825.38,False,training_fact_mantenimiento_export.csv,2026-06-23T00:00:00,930,Camión aljibe Sintético 0019
MT000931,20240920,EQ0044,A012,WT1,P3,Falla de sello mecánico,Bombas,6.28,2.91,3673.77,True,training_fact_mantenimiento_export.csv,2026-06-23T00:00:00,931,Bomba de pulpa Sintético 0044
MT000932,20240829,EQ0019,A004,WT1,P3,Desalineamiento de correa,Seguridad,3.69,1.53,6328.83,True,training_fact_mantenimiento_export.csv,2026-06-23T00:00:00,932,Camión aljibe Sintético 0019
MT000933,20241105,EQ0022,A004,WT1,P3,Bloqueo de chancador,Seguridad,3.34,2.2,7104.57,True,training_fact_mantenimiento_export.csv,2026-06-23T00:00:00,933,Sistema dispatch Sintético 0022
MT000934,20240418,EQ0048,A004,WT2,P4,Falla de pala,Control,5.43,2.27,7927.81,False,training_fact_mantenimiento_export.csv,2026-06-23T00:00:00,934,Pala eléctrica Sintético 0048
MT000935,20240714,EQ0039,A008,WT2,P4,Desgaste de revestimientos,Molienda,8.21,7.71,18769.56,False,training_fact_mantenimiento_export.csv,2026-06-23T00:00:00,935,Molino SAG Sintético 0039
MT000936,20241225,EQ0023,A010,WT2,P2,Desalineamiento de correa,Energía,0.22,0.14,293.37,False,training_fact_mantenimiento_export.csv,2026-06-23T00:00:00,936,Filtro Sintético 0023
MT000937,20240214,EQ0038,A004,WT2,P3,Desalineamiento de correa,Eléctrico,11.09,5.24,15158.27,False,training_fact_mantenimiento_export.csv,2026-06-23T00:00:00,937,Camión aljibe Sintético 0038
MT000938,20240505,EQ0008,A017,WT1,P3,Falla de instrumentación,Control,3.83,1.96,2906.53,True,training_fact_mantenimiento_export.csv,2026-06-23T00:00:00,938,Servidor SCADA Sintético 0008
MT000939,20240913,EQ0019,A004,WT2,P1,Falla de bomba de pulpa,Instrumentación,6.95,3.54,11720.47,False,training_fact_mantenimiento_export.csv,2026-06-23T00:00:00,939,Camión aljibe Sintético 0019
MT000940,20240218,EQ0031,A017,WT1,P3,Alta vibración,Instrumentación,0.83,0.56,1607.95,True,training_fact_mantenimiento_export.csv,2026-06-23T00:00:00,940,Sensor de vibración Sintético 0031
MT000941,20241023,EQ0051,A006,WT1,P3,Obstrucción de chute,Correas,5.68,3.58,4786.81,True,training_fact_mantenimiento_export.csv,2026-06-23T00:00:00,941,Correa transportadora Sintético 0051
MT000942,20240625,EQ0013,A017,WT1,P2,Pérdida de comunicación PLC,Control,2.06,1.52,3397.93,True,training_fact_mantenimiento_export.csv,2026-06-23T00:00:00,942,Servidor Historiador Sintético 0013
MT000943,20240912,EQ0025,A004,WT1,P2,Baja presión,Eléctrico,3.57,2.17,4491.38,True,training_fact_mantenimiento_export.csv,2026-06-23T00:00:00,943,Bulldozer Sintético 0025
MT000944,20241218,EQ0035,A004,WT2,P3,Falla de pala,Control,1.53,1.17,3609.14,False,training_fact_mantenimiento_export.csv,2026-06-23T00:00:00,944,Perforadora Sintético 0035
MT000945,20241210,EQ0016,A017,WT2,P1,Pérdida de comunicación PLC,Control,1.47,0.87,874.47,False,training_fact_mantenimiento_export.csv,2026-06-23T00:00:00,945,Switch industrial Sintético 0016
MT000946,20240824,EQ0032,A008,WT1,P1,Trip de variador,Molienda,8.88,4.93,10782.47,True,training_fact_mantenimiento_export.csv,2026-06-23T00:00:00,946,Molino SAG Sintético 0032
MT000947,20240414,EQ0042,A004,WT1,P1,Falla de pala,Mecánico,3.5,1.41,4388.0,True,training_fact_mantenimiento_export.csv,2026-06-23T00:00:00,947,Pala hidráulica Sintético 0042
MT000948,20240812,EQ0017,A004,WT2,P2,Alta vibración,Mecánico,16.94,14.11,23066.11,False,training_fact_mantenimiento_export.csv,2026-06-23T00:00:00,948,Pala eléctrica Sintético 0017
MT000949,20240917,EQ0014,A010,WT2,P2,Alta vibración,Eléctrico,0.53,0.35,552.3,False,training_fact_mantenimiento_export.csv,2026-06-23T00:00:00,949,Espesador Sintético 0014
MT000950,20240501,EQ0056,A005,WT2,P4,Desgaste de revestimientos,Eléctrico,11.43,5.64,11454.38,False,training_fact_mantenimiento_export.csv,2026-06-23T00:00:00,950,Harnero Sintético 0056
MT000951,20240917,EQ0043,A012,WT2,P4,Baja presión,Bombas,13.12,8.41,14929.52,False,training_fact_mantenimiento_export.csv,2026-06-23T00:00:00,951,Bomba de pulpa Sintético 0043
MT000952,20240925,EQ0027,A017,WT1,P2,Deriva de sensor,Control,3.15,1.79,2405.29,True,training_fact_mantenimiento_export.csv,2026-06-23T00:00:00,952,Sistema de control distribuido Sintético 0027
MT000953,20240704,EQ0020,A013,WT2,P4,Falla de transmisión,Seguridad,7.27,3.66,5117.65,False,training_fact_mantenimiento_export.csv,2026-06-23T00:00:00,953,Medidor de energía Sintético 0020
MT000954,20240307,EQ0032,A008,WT1,P1,Desgaste de revestimientos,Molienda,2.9,2.2,6351.0,True,training_fact_mantenimiento_export.csv,2026-06-23T00:00:00,954,Molino SAG Sintético 0032
MT000955,20240901,EQ0051,A006,WT2,P2,Obstrucción de chute,Correas,2.19,1.41,3137.19,False,training_fact_mantenimiento_export.csv,2026-06-23T00:00:00,955,Correa transportadora Sintético 0051
MT000956,20240205,EQ0043,A012,WT2,P3,Baja presión,Bombas,15.67,9.8,30936.39,False,training_fact_mantenimiento_export.csv,2026-06-23T00:00:00,956,Bomba de pulpa Sintético 0043
MT000957,20240406,EQ0032,A008,WT1,P2,Trip de variador,Molienda,4.65,3.01,5203.56,True,training_fact_mantenimiento_export.csv,2026-06-23T00:00:00,957,Molino SAG Sintético 0032
MT000958,20241115,EQ0039,A008,WT1,P3,Trip de variador,Molienda,1.26,0.95,2861.05,True,training_fact_mantenimiento_export.csv,2026-06-23T00:00:00,958,Molino SAG Sintético 0039
MT000959,20240107,EQ0009,A004,WT1,P1,Falla de transmisión,Hidráulico,2.0,1.67,5894.2,True,training_fact_mantenimiento_export.csv,2026-06-23T00:00:00,959,Camión CAEX Sintético 0009
MT000960,20240708,EQ0003,A004,WT2,P3,Falla de transmisión,Eléctrico,3.42,2.2,7964.04,False,training_fact_mantenimiento_export.csv,2026-06-23T00:00:00,960,Cargador frontal Sintético 0003
MT000961,20240522,EQ0043,A012,WT1,P2,Falla de bomba de pulpa,Bombas,7.25,5.0,14151.21,True,training_fact_mantenimiento_export.csv,2026-06-23T00:00:00,961,Bomba de pulpa Sintético 0043
MT000962,20241120,EQ0030,A006,WT2,P2,Desalineamiento de correa,Correas,38.26,28.61,70662.75,False,training_fact_mantenimiento_export.csv,2026-06-23T00:00:00,962,Correa transportadora Sintético 0030
MT000963,20240323,EQ0055,A010,WT2,P4,Desgaste de revestimientos,Mecánico,2.33,1.12,3747.56,False,training_fact_mantenimiento_export.csv,2026-06-23T00:00:00,963,Espesador Sintético 0055
MT000964,20240113,EQ0055,A010,WT1,P4,Falla de transmisión,Mecánico,0.49,0.4,972.62,True,training_fact_mantenimiento_export.csv,2026-06-23T00:00:00,964,Espesador Sintético 0055
MT000965,20240623,EQ0059,A009,WT1,P2,Deriva de sensor,Eléctrico,1.91,0.76,2032.68,True,training_fact_mantenimiento_export.csv,2026-06-23T00:00:00,965,Celda de flotación Sintético 0059
MT000966,20240914,EQ0054,A005,WT2,P2,Falla eléctrica,Chancado,7.12,3.67,4151.54,False,training_fact_mantenimiento_export.csv,2026-06-23T00:00:00,966,Chancador primario Sintético 0054
MT000967,20240108,EQ0037,A017,WT1,P3,Pérdida de comunicación PLC,Control,0.5,0.47,575.2,True,training_fact_mantenimiento_export.csv,2026-06-23T00:00:00,967,Servidor SCADA Sintético 0037
MT000968,20240216,EQ0008,A017,WT1,P3,Falla de instrumentación,Control,2.38,1.75,4662.38,True,training_fact_mantenimiento_export.csv,2026-06-23T00:00:00,968,Servidor SCADA Sintético 0008
MT000969,20240507,EQ0039,A008,WT2,P1,Desgaste de revestimientos,Molienda,8.12,5.04,5334.16,False,training_fact_mantenimiento_export.csv,2026-06-23T00:00:00,969,Molino SAG Sintético 0039
MT000970,20240224,EQ0018,A009,WT2,P2,Falla de sello mecánico,Seguridad,0.46,0.37,1009.17,False,training_fact_mantenimiento_export.csv,2026-06-23T00:00:00,970,Celda de flotación Sintético 0018
MT000971,20240608,EQ0052,A010,WT1,P2,Corte de correa,Mecánico,5.09,3.07,7626.24,True,training_fact_mantenimiento_export.csv,2026-06-23T00:00:00,971,Sistema de relaves Sintético 0052
MT000972,20240317,EQ0017,A004,WT1,P2,Fuga hidráulica,Hidráulico,0.83,0.49,1667.29,True,training_fact_mantenimiento_export.csv,2026-06-23T00:00:00,972,Pala eléctrica Sintético 0017
MT000973,20241109,EQ0054,A005,WT1,P1,Falla eléctrica,Chancado,0.47,0.38,673.6,True,training_fact_mantenimiento_export.csv,2026-06-23T00:00:00,973,Chancador primario Sintético 0054
MT000974,20240115,EQ0055,A010,WT1,P3,Bloqueo de chancador,Instrumentación,6.35,4.1,13273.73,True,training_fact_mantenimiento_export.csv,2026-06-23T00:00:00,974,Espesador Sintético 0055
MT000975,20240111,EQ0029,A004,WT1,P3,Alta vibración,Mecánico,2.54,1.65,6079.33,True,training_fact_mantenimiento_export.csv,2026-06-23T00:00:00,975,Pala hidráulica Sintético 0029
MT000976,20241227,,A009,WT2,P3,Desgaste de revestimientos,Mecánico,12.43,5.51,25183.67,False,training_fact_mantenimiento_export.csv,2026-06-23T00:00:00,976,Celda de flotación Sintético 0059
MT000977,20241203,EQ0024,A017,WT2,P3,Falla de instrumentación,Control,11.47,9.75,24782.21,False,training_fact_mantenimiento_export.csv,2026-06-23T00:00:00,977,Servidor Historiador Sintético 0024
MT000978,20240826,EQ0027,A017,WT1,P1,Falla de instrumentación,Control,0.87,0.5,1791.54,True,training_fact_mantenimiento_export.csv,2026-06-23T00:00:00,978,Sistema de control distribuido Sintético 0027
MT000979,20240127,EQ0056,A005,WT2,P2,Trip de variador,Mecánico,4.0,2.81,5310.85,False,training_fact_mantenimiento_export.csv,2026-06-23T00:00:00,979,Harnero Sintético 0056
MT000980,20241126,EQ0042,A004,WT2,P3,Fuga hidráulica,Control,2.74,1.68,3123.37,False,training_fact_mantenimiento_export.csv,2026-06-23T00:00:00,980,Pala hidráulica Sintético 0042
MT000981,20240304,EQ0012,A013,WT1,P2,Pérdida de comunicación PLC,Energía,4.19,3.04,6500.28,True,training_fact_mantenimiento_export.csv,2026-06-23T00:00:00,981,Medidor de energía Sintético 0012
MT000982,20240223,EQ0011,A008,WT1,P3,Desgaste de revestimientos,Molienda,1.0,0.68,851.31,True,training_fact_mantenimiento_export.csv,2026-06-23T00:00:00,982,Molino de bolas Sintético 0011
MT000983,20240115,EQ0032,A008,WT1,P1,Alta vibración,Molienda,1.3,1.2,1700.47,True,training_fact_mantenimiento_export.csv,2026-06-23T00:00:00,983,Molino SAG Sintético 0032
MT000984,20241018,EQ0040,A008,WT2,P2,Trip de variador,Molienda,0.21,0.19,146.71,False,training_fact_mantenimiento_export.csv,2026-06-23T00:00:00,984,Molino de bolas Sintético 0040
MT000985,20240709,EQ0034,A010,WT2,P2,Deriva de sensor,Seguridad,0.83,0.4,857.52,False,training_fact_mantenimiento_export.csv,2026-06-23T00:00:00,985,Filtro Sintético 0034
MT000986,20240203,EQ0003,A004,WT1,P3,Baja presión,Mecánico,3.28,2.92,5985.05,True,training_fact_mantenimiento_export.csv,2026-06-23T00:00:00,986,Cargador frontal Sintético 0003
MT000987,20240712,EQ0010,A017,WT1,P1,Falla de instrumentación,Control,1.27,0.8,755.16,True,training_fact_mantenimiento_export.csv,2026-06-23T00:00:00,987,Switch industrial Sintético 0010
MT000988,20240219,EQ0005,A017,WT1,P2,Pérdida de comunicación PLC,Control,3.05,1.97,6841.18,True,training_fact_mantenimiento_export.csv,2026-06-23T00:00:00,988,PLC Sintético 0005
MT000989,20240921,EQ0048,A004,WT1,P4,Fuga hidráulica,Control,3.92,3.14,2144.5,True,training_fact_mantenimiento_export.csv,2026-06-23T00:00:00,989,Pala eléctrica Sintético 0048
MT000990,20241116,EQ0024,A017,WT2,P3,Falla de instrumentación,Control,3.65,2.44,3444.71,False,training_fact_mantenimiento_export.csv,2026-06-23T00:00:00,990,Servidor Historiador Sintético 0024
MT000991,20241206,EQ0023,A010,WT2,P2,Falla de instrumentación,Seguridad,4.13,3.26,9571.79,False,training_fact_mantenimiento_export.csv,2026-06-23T00:00:00,991,Filtro Sintético 0023
MT000992,20240306,EQ0052,A010,WT1,P3,Desgaste de revestimientos,Instrumentación,4.77,2.95,10258.77,True,training_fact_mantenimiento_export.csv,2026-06-23T00:00:00,992,Sistema de relaves Sintético 0052
MT000993,20240625,EQ0059,A009,WT1,P1,Falla de transmisión,Eléctrico,0.27,0.22,174.6,True,training_fact_mantenimiento_export.csv,2026-06-23T00:00:00,993,Celda de flotación Sintético 0059
MT000994,20241021,EQ0001,A017,WT2,P3,Falla de instrumentación,Control,8.04,5.3,17284.66,False,training_fact_mantenimiento_export.csv,2026-06-23T00:00:00,994,PLC Sintético 0001
MT000995,20241125,EQ0054,A005,WT2,P2,Falla eléctrica,Chancado,10.33,4.58,21714.78,False,training_fact_mantenimiento_export.csv,2026-06-23T00:00:00,995,Chancador primario Sintético 0054
MT000996,20241130,EQ0020,A013,WT2,P2,Falla de bomba de pulpa,Eléctrico,8.33,6.01,11554.69,False,training_fact_mantenimiento_export.csv,2026-06-23T00:00:00,996,Medidor de energía Sintético 0020
MT000997,20240218,EQ0047,A004,WT2,P2,Corte de correa,Instrumentación,0.81,0.62,1729.26,False,training_fact_mantenimiento_export.csv,2026-06-23T00:00:00,997,Bulldozer Sintético 0047
MT000998,20240114,EQ0039,A008,WT1,P2,Trip de variador,Molienda,6.78,3.53,9464.15,True,training_fact_mantenimiento_export.csv,2026-06-23T00:00:00,998,Molino SAG Sintético 0039
MT000999,20240521,EQ0009,A004,WT1,P3,Desgaste de neumáticos,Neumáticos,3.98,3.02,4240.91,True,training_fact_mantenimiento_export.csv,2026-06-23T00:00:00,999,Camión CAEX Sintético 0009
MT001000,20241208,EQ0019,A004,WT2,P1,Falla de transmisión,Energía,12.61,11.94,11205.23,False,training_fact_mantenimiento_export.csv,2026-06-23T00:00:00,1000,Camión aljibe Sintético 0019
MT001001,20240123,EQ0024,A017,WT2,P2,Pérdida de comunicación PLC,Control,14.24,9.33,15638.4,False,training_fact_mantenimiento_export.csv,2026-06-23T00:00:00,1001,Servidor Historiador Sintético 0024
MT001002,20240720,EQ0001,A017,WT1,P3,Falla de instrumentación,Control,8.52,4.75,9488.68,True,training_fact_mantenimiento_export.csv,2026-06-23T00:00:00,1002,PLC Sintético 0001
MT001003,20240420,EQ0023,A010,WT2,P1,Sobrecalentamiento,Mecánico,6.81,3.25,12894.21,False,training_fact_mantenimiento_export.csv,2026-06-23T00:00:00,1003,Filtro Sintético 0023
MT001004,20240813,EQ0032,A008,WT2,P3,Desgaste de revestimientos,Molienda,9.14,4.5,7944.64,False,training_fact_mantenimiento_export.csv,2026-06-23T00:00:00,1004,Molino SAG Sintético 0032
MT001005,20240902,EQ0037,A017,WT2,P2,Falla de instrumentación,Control,0.7,0.36,1330.93,False,training_fact_mantenimiento_export.csv,2026-06-23T00:00:00,1005,Servidor SCADA Sintético 0037
MT001006,20241102,EQ0008,A017,WT1,P3,Pérdida de comunicación PLC,Control,1.88,1.1,2870.81,True,training_fact_mantenimiento_export.csv,2026-06-23T00:00:00,1006,Servidor SCADA Sintético 0008
MT001007,20241012,EQ0043,A012,WT1,P4,Falla de sello mecánico,Bombas,2.32,0.92,3740.59,True,training_fact_mantenimiento_export.csv,2026-06-23T00:00:00,1007,Bomba de pulpa Sintético 0043
MT001008,20240902,EQ0019,A004,WT1,P1,Falla de pala,Instrumentación,4.5,2.94,8271.7,True,training_fact_mantenimiento_export.csv,2026-06-23T00:00:00,1008,Camión aljibe Sintético 0019
MT001009,20240612,EQ0031,A017,WT2,P2,Falla eléctrica,Instrumentación,1.12,1.0,2236.1,False,training_fact_mantenimiento_export.csv,2026-06-23T00:00:00,1009,Sensor de vibración Sintético 0031
MT001010,20241218,EQ0054,A005,WT1,P3,Falla eléctrica,Chancado,9.35,6.04,11221.82,True,training_fact_mantenimiento_export.csv,2026-06-23T00:00:00,1010,Chancador primario Sintético 0054
MT001011,20240409,EQ0030,A006,WT1,P4,Obstrucción de chute,Correas,3.28,2.2,5839.97,True,training_fact_mantenimiento_export.csv,2026-06-23T00:00:00,1011,Correa transportadora Sintético 0030
MT001012,20241202,EQ0036,A004,WT1,P4,Falla eléctrica,Instrumentación,11.65,8.22,6263.2,True,training_fact_mantenimiento_export.csv,2026-06-23T00:00:00,1012,Sistema dispatch Sintético 0036
MT001013,20240201,EQ0055,A010,WT1,P4,Falla de sello mecánico,Eléctrico,1.72,1.61,3363.33,True,training_fact_mantenimiento_export.csv,2026-06-23T00:00:00,1013,Espesador Sintético 0055
MT001014,20240401,EQ0044,A012,WT1,P4,Falla de sello mecánico,Bombas,1.46,0.8,2828.11,True,training_fact_mantenimiento_export.csv,2026-06-23T00:00:00,1014,Bomba de pulpa Sintético 0044
MT001015,20240128,EQ0023,A010,WT2,P1,Falla de sello mecánico,Seguridad,1.58,1.46,3698.95,False,training_fact_mantenimiento_export.csv,2026-06-23T00:00:00,1015,Filtro Sintético 0023
MT001016,20240927,EQ0010,A017,WT2,P3,Pérdida de comunicación PLC,Control,11.67,9.51,9348.29,False,training_fact_mantenimiento_export.csv,2026-06-23T00:00:00,1016,Switch industrial Sintético 0010
MT001017,20240830,EQ0026,A004,WT2,P2,Alta vibración,Hidráulico,6.4,4.05,4524.66,False,training_fact_mantenimiento_export.csv,2026-06-23T00:00:00,1017,Pala eléctrica Sintético 0026
MT001018,20240521,EQ0045,A017,WT1,P3,Pérdida de comunicación PLC,Control,2.85,2.45,6400.91,True,training_fact_mantenimiento_export.csv,2026-06-23T00:00:00,1018,RTU Sintético 0045
MT001019,20240528,EQ0025,A004,WT1,P3,Falla de instrumentación,Eléctrico,2.09,1.93,2300.03,True,training_fact_mantenimiento_export.csv,2026-06-23T00:00:00,1019,Bulldozer Sintético 0025
MT001020,20240212,EQ0011,A008,WT1,P3,Alta vibración,Molienda,5.15,4.71,8404.74,True,training_fact_mantenimiento_export.csv,2026-06-23T00:00:00,1020,Molino de bolas Sintético 0011
MT001021,20240826,EQ0003,A004,WT2,P1,Falla de pala,Eléctrico,7.78,4.96,17989.96,False,training_fact_mantenimiento_export.csv,2026-06-23T00:00:00,1021,Cargador frontal Sintético 0003
MT001022,20240421,EQ0053,A004,WT1,P3,Deriva de sensor,Eléctrico,1.03,0.93,1826.39,True,training_fact_mantenimiento_export.csv,2026-06-23T00:00:00,1022,Motoniveladora Sintético 0053
MT001023,20240819,EQ0014,A010,WT1,P1,Falla de motor,Instrumentación,1.91,1.49,1843.53,True,training_fact_mantenimiento_export.csv,2026-06-23T00:00:00,1023,Espesador Sintético 0014
MT001024,20240119,EQ0042,A004,WT1,P4,Alta vibración,Control,8.58,3.64,5959.28,True,training_fact_mantenimiento_export.csv,2026-06-23T00:00:00,1024,Pala hidráulica Sintético 0042
MT001025,20240115,EQ0051,A006,WT1,P3,Corte de correa,Correas,5.14,2.06,5753.3,True,training_fact_mantenimiento_export.csv,2026-06-23T00:00:00,1025,Correa transportadora Sintético 0051
MT001026,20240710,EQ0041,A005,WT2,P2,Falla eléctrica,Chancado,8.97,5.45,15702.89,False,training_fact_mantenimiento_export.csv,2026-06-23T00:00:00,1026,Chancador primario Sintético 0041
MT001027,20240419,EQ0003,A004,WT1,P2,Alta vibración,Instrumentación,7.04,5.26,16213.06,True,training_fact_mantenimiento_export.csv,2026-06-23T00:00:00,1027,Cargador frontal Sintético 0003
MT001028,20240102,,A010,WT2,P4,Desgaste de revestimientos,Seguridad,11.83,10.53,6796.0,False,training_fact_mantenimiento_export.csv,2026-06-23T00:00:00,1028,Espesador Sintético 0014
MT001029,20241101,EQ0006,A005,WT2,P3,Falla eléctrica,Chancado,12.05,4.84,15606.53,False,training_fact_mantenimiento_export.csv,2026-06-23T00:00:00,1029,Chancador secundario Sintético 0006
MT001030,20240304,,A004,WT2,P3,Falla de pala,Hidráulico,6.98,3.73,14075.59,False,training_fact_mantenimiento_export.csv,2026-06-23T00:00:00,1030,Pala eléctrica Sintético 0026
MT001031,20240913,EQ0052,A010,WT1,P3,Deriva de sensor,Mecánico,4.73,3.82,10198.06,True,training_fact_mantenimiento_export.csv,2026-06-23T00:00:00,1031,Sistema de relaves Sintético 0052
MT001032,20241230,EQ0003,A004,WT1,P4,Alta vibración,Instrumentación,1.06,0.62,2241.87,True,training_fact_mantenimiento_export.csv,2026-06-23T00:00:00,1032,Cargador frontal Sintético 0003
MT001033,20240520,EQ0026,A004,WT1,P2,Falla de pala,Control,4.26,3.08,8366.8,True,training_fact_mantenimiento_export.csv,2026-06-23T00:00:00,1033,Pala eléctrica Sintético 0026
MT001034,20241210,EQ0021,A005,WT1,P4,Falla de transmisión,Instrumentación,4.83,2.93,3911.2,True,training_fact_mantenimiento_export.csv,2026-06-23T00:00:00,1034,Alimentador Sintético 0021
MT001035,20240226,EQ0035,A004,WT2,P2,Alta vibración,Control,14.35,7.15,16274.18,False,training_fact_mantenimiento_export.csv,2026-06-23T00:00:00,1035,Perforadora Sintético 0035
MT001036,20240808,EQ0002,A004,WT1,P3,Falla de transmisión,Hidráulico,2.09,0.87,4833.36,True,training_fact_mantenimiento_export.csv,2026-06-23T00:00:00,1036,Camión CAEX Sintético 0002
MT001037,20241124,EQ0038,A004,WT1,P3,Falla de bomba de pulpa,Seguridad,2.77,1.9,1975.9,True,training_fact_mantenimiento_export.csv,2026-06-23T00:00:00,1037,Camión aljibe Sintético 0038
MT001038,20241226,EQ0001,A017,WT2,P4,Deriva de sensor,Control,5.53,2.68,6708.69,False,training_fact_mantenimiento_export.csv,2026-06-23T00:00:00,1038,PLC Sintético 0001
MT001039,20240415,EQ0025,A004,WT2,P4,Falla de sello mecánico,Instrumentación,2.78,1.17,2397.82,False,training_fact_mantenimiento_export.csv,2026-06-23T00:00:00,1039,Bulldozer Sintético 0025
MT001040,20240618,EQ0011,A008,WT2,P4,Desgaste de revestimientos,Molienda,3.68,2.05,3785.58,False,training_fact_mantenimiento_export.csv,2026-06-23T00:00:00,1040,Molino de bolas Sintético 0011
MT001041,20240817,EQ0021,A005,WT1,P3,Fuga hidráulica,Energía,3.21,2.91,6410.73,True,training_fact_mantenimiento_export.csv,2026-06-23T00:00:00,1041,Alimentador Sintético 0021
MT001042,20240625,EQ0041,A005,WT1,P3,Falla eléctrica,Chancado,1.46,1.02,2600.72,True,training_fact_mantenimiento_export.csv,2026-06-23T00:00:00,1042,Chancador primario Sintético 0041
MT001043,20240701,EQ0052,A010,WT1,P2,Falla de motor,Instrumentación,2.25,1.16,1037.8,True,training_fact_mantenimiento_export.csv,2026-06-23T00:00:00,1043,Sistema de relaves Sintético 0052
MT001044,20240611,EQ0015,A004,WT1,P2,Desalineamiento de correa,Seguridad,2.34,1.71,5313.86,True,training_fact_mantenimiento_export.csv,2026-06-23T00:00:00,1044,Cargador frontal Sintético 0015
MT001045,20240218,EQ0023,A010,WT2,P3,Alta vibración,Mecánico,1.51,1.24,2234.43,False,training_fact_mantenimiento_export.csv,2026-06-23T00:00:00,1045,Filtro Sintético 0023
MT001046,20240114,EQ0055,A010,WT2,P1,Bloqueo de chancador,Seguridad,2.42,2.1,4184.1,False,training_fact_mantenimiento_export.csv,2026-06-23T00:00:00,1046,Espesador Sintético 0055
MT001047,20241201,EQ0059,A009,WT2,P2,Trip de variador,Mecánico,24.55,23.19,40733.33,False,training_fact_mantenimiento_export.csv,2026-06-23T00:00:00,1047,Celda de flotación Sintético 0059
MT001048,20240505,EQ0034,A010,WT1,P2,Bloqueo de chancador,Mecánico,3.84,2.81,2260.67,True,training_fact_mantenimiento_export.csv,2026-06-23T00:00:00,1048,Filtro Sintético 0034
MT001049,20240723,EQ0031,A017,WT2,P4,Desgaste de neumáticos,Instrumentación,7.75,4.86,16926.76,False,training_fact_mantenimiento_export.csv,2026-06-23T00:00:00,1049,Sensor de vibración Sintético 0031
MT001050,20240711,EQ0027,A017,WT1,P1,Deriva de sensor,Control,3.69,2.83,6590.33,True,training_fact_mantenimiento_export.csv,2026-06-23T00:00:00,1050,Sistema de control distribuido Sintético 0027
MT001051,20240207,EQ0057,A017,WT1,P2,Pérdida de comunicación PLC,Control,1.91,0.84,1814.54,True,training_fact_mantenimiento_export.csv,2026-06-23T00:00:00,1051,Sistema de control distribuido Sintético 0057
MT001052,20240707,EQ0026,A004,WT1,P4,Falla de pala,Mecánico,4.98,3.99,3072.04,True,training_fact_mantenimiento_export.csv,2026-06-23T00:00:00,1052,Pala eléctrica Sintético 0026
MT001053,20241019,EQ0024,A017,WT1,P3,Deriva de sensor,Control,6.22,3.35,14852.66,True,training_fact_mantenimiento_export.csv,2026-06-23T00:00:00,1053,Servidor Historiador Sintético 0024
MT001054,20240704,EQ0027,A017,WT1,P2,Falla de instrumentación,Control,3.06,2.33,6967.32,True,training_fact_mantenimiento_export.csv,2026-06-23T00:00:00,1054,Sistema de control distribuido Sintético 0027
MT001055,20240921,EQ0052,A010,WT1,P1,Sobrecalentamiento,Seguridad,4.14,2.68,7706.29,True,training_fact_mantenimiento_export.csv,2026-06-23T00:00:00,1055,Sistema de relaves Sintético 0052
MT001056,20240510,EQ0013,A017,WT1,P3,Deriva de sensor,Control,1.21,0.63,1807.96,True,training_fact_mantenimiento_export.csv,2026-06-23T00:00:00,1056,Servidor Historiador Sintético 0013
MT001057,20241031,EQ0001,A017,WT1,P3,Deriva de sensor,Control,5.85,4.79,9389.36,True,training_fact_mantenimiento_export.csv,2026-06-23T00:00:00,1057,PLC Sintético 0001
MT001058,20240919,,A004,WT1,P1,Fuga hidráulica,Hidráulico,3.83,3.37,5407.35,True,training_fact_mantenimiento_export.csv,2026-06-23T00:00:00,1058,Pala eléctrica Sintético 0026
MT001059,20240723,EQ0030,A006,WT2,P3,Desalineamiento de correa,Correas,16.19,11.42,34469.46,False,training_fact_mantenimiento_export.csv,2026-06-23T00:00:00,1059,Correa transportadora Sintético 0030
MT001060,20241213,EQ0001,A017,WT1,P4,Deriva de sensor,Control,2.59,2.22,4895.11,True,training_fact_mantenimiento_export.csv,2026-06-23T00:00:00,1060,PLC Sintético 0001
MT001061,20240202,EQ0034,A010,WT1,P3,Desgaste de neumáticos,Seguridad,3.14,2.69,1836.2,True,training_fact_mantenimiento_export.csv,2026-06-23T00:00:00,1061,Filtro Sintético 0034
MT001062,20241019,EQ0025,A004,WT2,P2,Falla eléctrica,Eléctrico,8.73,4.53,9506.9,False,training_fact_mantenimiento_export.csv,2026-06-23T00:00:00,1062,Bulldozer Sintético 0025
MT001063,20240714,EQ0039,A008,WT2,P3,Alta vibración,Molienda,12.32,8.97,22961.05,False,training_fact_mantenimiento_export.csv,2026-06-23T00:00:00,1063,Molino SAG Sintético 0039
MT001064,20240428,EQ0023,A010,WT2,P1,Corte de correa,Mecánico,2.37,2.24,5627.34,False,training_fact_mantenimiento_export.csv,2026-06-23T00:00:00,1064,Filtro Sintético 0023
MT001065,20241017,EQ0002,A004,WT1,P2,Desgaste de neumáticos,Mecánico,5.7,2.54,15936.61,True,training_fact_mantenimiento_export.csv,2026-06-23T00:00:00,1065,Camión CAEX Sintético 0002
MT001066,20240414,EQ0003,A004,WT1,P3,Falla de instrumentación,Mecánico,7.54,5.65,10695.7,True,training_fact_mantenimiento_export.csv,2026-06-23T00:00:00,1066,Cargador frontal Sintético 0003
MT001067,20240904,EQ0035,A004,WT2,P4,Alta vibración,Hidráulico,5.83,3.44,11369.5,False,training_fact_mantenimiento_export.csv,2026-06-23T00:00:00,1067,Perforadora Sintético 0035
MT001068,20241119,EQ0037,A017,WT1,P2,Deriva de sensor,Control,2.8,1.68,5221.25,True,training_fact_mantenimiento_export.csv,2026-06-23T00:00:00,1068,Servidor SCADA Sintético 0037
MT001069,20240729,EQ0015,A004,WT1,P3,Obstrucción de chute,Mecánico,6.41,2.66,11787.37,True,training_fact_mantenimiento_export.csv,2026-06-23T00:00:00,1069,Cargador frontal Sintético 0015
MT001070,20240320,EQ0048,A004,WT2,P3,Fuga hidráulica,Mecánico,24.51,13.24,56268.73,False,training_fact_mantenimiento_export.csv,2026-06-23T00:00:00,1070,Pala eléctrica Sintético 0048
MT001071,20240914,EQ0027,A017,WT2,P3,Falla de instrumentación,Control,2.78,2.41,4588.46,False,training_fact_mantenimiento_export.csv,2026-06-23T00:00:00,1071,Sistema de control distribuido Sintético 0027
MT001072,20240212,EQ0012,A013,WT2,P2,Baja presión,Eléctrico,7.36,3.05,10737.54,False,training_fact_mantenimiento_export.csv,2026-06-23T00:00:00,1072,Medidor de energía Sintético 0012
MT001073,20240309,EQ0026,A004,WT2,P1,Fuga hidráulica,Mecánico,1.71,0.95,3243.35,False,training_fact_mantenimiento_export.csv,2026-06-23T00:00:00,1073,Pala eléctrica Sintético 0026
MT001074,20240407,EQ0028,A005,WT2,P3,Bloqueo de chancador,Eléctrico,3.91,3.69,8520.96,False,training_fact_mantenimiento_export.csv,2026-06-23T00:00:00,1074,Harnero Sintético 0028
MT001075,20240423,EQ0007,A004,WT1,P4,Desgaste de neumáticos,Neumáticos,4.58,2.12,11084.61,True,training_fact_mantenimiento_export.csv,2026-06-23T00:00:00,1075,Camión CAEX Sintético 0007
MT001076,20240715,EQ0055,A010,WT1,P4,Baja presión,Mecánico,2.93,2.39,1430.15,True,training_fact_mantenimiento_export.csv,2026-06-23T00:00:00,1076,Espesador Sintético 0055
MT001077,20240813,EQ0023,A010,WT2,P3,Falla eléctrica,Eléctrico,10.14,9.6,5998.51,False,training_fact_mantenimiento_export.csv,2026-06-23T00:00:00,1077,Filtro Sintético 0023
MT001078,20240103,EQ0054,A005,WT1,P4,Alta vibración,Chancado,5.07,4.5,10513.92,True,training_fact_mantenimiento_export.csv,2026-06-23T00:00:00,1078,Chancador primario Sintético 0054
MT001079,20241115,EQ0018,A009,WT2,P2,Baja presión,Eléctrico,6.66,5.78,9552.17,False,training_fact_mantenimiento_export.csv,2026-06-23T00:00:00,1079,Celda de flotación Sintético 0018
MT001080,20240312,EQ0016,A017,WT2,P1,Falla de instrumentación,Control,13.7,12.99,32579.23,False,training_fact_mantenimiento_export.csv,2026-06-23T00:00:00,1080,Switch industrial Sintético 0016
MT001081,20241207,EQ0011,A008,WT2,P2,Alta vibración,Molienda,15.89,8.51,13887.95,False,training_fact_mantenimiento_export.csv,2026-06-23T00:00:00,1081,Molino de bolas Sintético 0011
MT001082,20240403,EQ0014,A010,WT1,P3,Pérdida de comunicación PLC,Energía,2.59,2.41,4745.07,True,training_fact_mantenimiento_export.csv,2026-06-23T00:00:00,1082,Espesador Sintético 0014
MT001083,20241231,EQ0041,A005,WT2,P3,Alta vibración,Chancado,4.22,2.9,5338.85,False,training_fact_mantenimiento_export.csv,2026-06-23T00:00:00,1083,Chancador primario Sintético 0041
MT001084,20240723,EQ0014,A010,WT2,P4,Falla de motor,Instrumentación,9.02,3.97,4407.23,False,training_fact_mantenimiento_export.csv,2026-06-23T00:00:00,1084,Espesador Sintético 0014
MT001085,20241105,EQ0005,A017,WT2,P1,Deriva de sensor,Control,2.57,2.24,2993.41,False,training_fact_mantenimiento_export.csv,2026-06-23T00:00:00,1085,PLC Sintético 0005
MT001086,20240923,EQ0036,A004,WT1,P2,Desgaste de revestimientos,Instrumentación,0.58,0.26,480.86,True,training_fact_mantenimiento_export.csv,2026-06-23T00:00:00,1086,Sistema dispatch Sintético 0036
MT001087,20240702,EQ0043,A012,WT2,P1,Baja presión,Bombas,3.33,1.6,5021.26,False,training_fact_mantenimiento_export.csv,2026-06-23T00:00:00,1087,Bomba de pulpa Sintético 0043
MT001088,20241225,EQ0051,A006,WT2,P2,Corte de correa,Correas,4.6,1.75,9855.15,False,training_fact_mantenimiento_export.csv,2026-06-23T00:00:00,1088,Correa transportadora Sintético 0051
MT001089,20240610,EQ0031,A017,WT1,P2,Pérdida de comunicación PLC,Energía,4.6,2.74,10966.3,True,training_fact_mantenimiento_export.csv,2026-06-23T00:00:00,1089,Sensor de vibración Sintético 0031
MT001090,20240314,EQ0015,A004,WT2,P2,Sobrecalentamiento,Mecánico,18.67,11.53,28444.58,False,training_fact_mantenimiento_export.csv,2026-06-23T00:00:00,1090,Cargador frontal Sintético 0015
MT001091,20240702,EQ0055,A010,WT1,P1,Falla de instrumentación,Instrumentación,6.8,3.59,15378.52,True,training_fact_mantenimiento_export.csv,2026-06-23T00:00:00,1091,Espesador Sintético 0055
MT001092,20240912,EQ0039,A008,WT1,P3,Trip de variador,Molienda,2.05,1.74,4417.18,True,training_fact_mantenimiento_export.csv,2026-06-23T00:00:00,1092,Molino SAG Sintético 0039
MT001093,20240924,EQ0059,A009,WT1,P2,Falla de sello mecánico,Eléctrico,3.12,2.75,2600.03,True,training_fact_mantenimiento_export.csv,2026-06-23T00:00:00,1093,Celda de flotación Sintético 0059
MT001094,20240324,EQ0043,A012,WT1,P1,Falla de bomba de pulpa,Bombas,2.36,1.29,1186.29,True,training_fact_mantenimiento_export.csv,2026-06-23T00:00:00,1094,Bomba de pulpa Sintético 0043
MT001095,20241001,EQ0023,A010,WT1,P2,Alta vibración,Mecánico,5.93,4.01,12617.05,True,training_fact_mantenimiento_export.csv,2026-06-23T00:00:00,1095,Filtro Sintético 0023
MT001096,20240806,EQ0009,A004,WT2,P4,Falla de motor,Mecánico,8.83,8.1,20085.02,False,training_fact_mantenimiento_export.csv,2026-06-23T00:00:00,1096,Camión CAEX Sintético 0009
MT001097,20240323,EQ0039,A008,WT1,P4,Desgaste de revestimientos,Molienda,4.94,2.39,9705.39,True,training_fact_mantenimiento_export.csv,2026-06-23T00:00:00,1097,Molino SAG Sintético 0039
MT001098,20240403,EQ0006,A005,WT2,P2,Falla eléctrica,Chancado,4.78,2.41,8160.91,False,training_fact_mantenimiento_export.csv,2026-06-23T00:00:00,1098,Chancador secundario Sintético 0006
MT001099,20241015,EQ0050,A004,WT2,P2,Falla de bomba de pulpa,Energía,28.23,16.78,25195.41,False,training_fact_mantenimiento_export.csv,2026-06-23T00:00:00,1099,Motoniveladora Sintético 0050
MT001100,20240618,EQ0006,A005,WT2,P3,Alta vibración,Chancado,2.53,1.31,3368.87,False,training_fact_mantenimiento_export.csv,2026-06-23T00:00:00,1100,Chancador secundario Sintético 0006
MT001101,20240711,EQ0017,A004,WT1,P4,Falla de pala,Control,1.13,0.45,1277.68,True,training_fact_mantenimiento_export.csv,2026-06-23T00:00:00,1101,Pala eléctrica Sintético 0017
MT001102,20240623,EQ0028,A005,WT2,P3,Falla de instrumentación,Eléctrico,16.79,14.98,30298.7,False,training_fact_mantenimiento_export.csv,2026-06-23T00:00:00,1102,Harnero Sintético 0028
MT001103,20240806,EQ0057,A017,WT2,P3,Falla de instrumentación,Control,1.71,0.7,957.63,False,training_fact_mantenimiento_export.csv,2026-06-23T00:00:00,1103,Sistema de control distribuido Sintético 0057
MT001104,20241216,EQ0016,A017,WT2,P3,Falla de instrumentación,Control,18.72,11.01,24739.17,False,training_fact_mantenimiento_export.csv,2026-06-23T00:00:00,1104,Switch industrial Sintético 0016
MT001105,20240830,EQ0022,A004,WT1,P3,Fuga hidráulica,Energía,6.65,2.89,6163.29,True,training_fact_mantenimiento_export.csv,2026-06-23T00:00:00,1105,Sistema dispatch Sintético 0022
MT001106,20240404,EQ0022,A004,WT1,P4,Alta vibración,Instrumentación,4.49,2.6,8220.41,True,training_fact_mantenimiento_export.csv,2026-06-23T00:00:00,1106,Sistema dispatch Sintético 0022
MT001107,20240706,EQ0008,A017,WT1,P3,Deriva de sensor,Control,1.56,0.69,2119.0,True,training_fact_mantenimiento_export.csv,2026-06-23T00:00:00,1107,Servidor SCADA Sintético 0008
MT001108,20241028,EQ0059,A009,WT1,P1,Deriva de sensor,Seguridad,4.95,2.19,8987.51,True,training_fact_mantenimiento_export.csv,2026-06-23T00:00:00,1108,Celda de flotación Sintético 0059
MT001109,20241208,EQ0029,A004,WT2,P4,Fuga hidráulica,Hidráulico,5.95,4.44,11894.08,False,training_fact_mantenimiento_export.csv,2026-06-23T00:00:00,1109,Pala hidráulica Sintético 0029
MT001110,20240924,EQ0020,A013,WT1,P2,Falla de pala,Instrumentación,1.32,0.83,2564.44,True,training_fact_mantenimiento_export.csv,2026-06-23T00:00:00,1110,Medidor de energía Sintético 0020
MT001111,20240621,EQ0045,A017,WT2,P1,Deriva de sensor,Control,6.05,3.24,13619.72,False,training_fact_mantenimiento_export.csv,2026-06-23T00:00:00,1111,RTU Sintético 0045
MT001112,20240719,EQ0020,A013,WT2,P3,Bloqueo de chancador,Eléctrico,5.9,5.45,3788.46,False,training_fact_mantenimiento_export.csv,2026-06-23T00:00:00,1112,Medidor de energía Sintético 0020
MT001113,20241007,EQ0060,A017,WT2,P4,Falla de instrumentación,Control,6.44,6.01,3934.59,False,training_fact_mantenimiento_export.csv,2026-06-23T00:00:00,1113,RTU Sintético 0060
MT001114,20240916,EQ0045,A017,WT1,P3,Falla de instrumentación,Control,4.31,3.15,3898.55,True,training_fact_mantenimiento_export.csv,2026-06-23T00:00:00,1114,RTU Sintético 0045
MT001115,20240718,EQ0007,A004,WT1,P1,Desgaste de neumáticos,Hidráulico,1.97,0.98,3822.23,True,training_fact_mantenimiento_export.csv,2026-06-23T00:00:00,1115,Camión CAEX Sintético 0007
MT001116,20240510,EQ0057,A017,WT1,P3,Pérdida de comunicación PLC,Control,2.27,2.06,3225.96,True,training_fact_mantenimiento_export.csv,2026-06-23T00:00:00,1116,Sistema de control distribuido Sintético 0057
MT001117,20240906,EQ0014,A010,WT1,P3,Desalineamiento de correa,Eléctrico,2.73,1.61,6005.06,True,training_fact_mantenimiento_export.csv,2026-06-23T00:00:00,1117,Espesador Sintético 0014
MT001118,20240818,EQ0039,A008,WT1,P2,Desgaste de revestimientos,Molienda,6.26,4.11,14875.99,True,training_fact_mantenimiento_export.csv,2026-06-23T00:00:00,1118,Molino SAG Sintético 0039
MT001119,20240829,EQ0003,A004,WT1,P2,Falla de motor,Seguridad,8.86,7.09,9838.03,True,training_fact_mantenimiento_export.csv,2026-06-23T00:00:00,1119,Cargador frontal Sintético 0003
MT001120,20240223,EQ0047,A004,WT2,P4,Desgaste de revestimientos,Seguridad,3.04,2.44,7006.84,False,training_fact_mantenimiento_export.csv,2026-06-23T00:00:00,1120,Bulldozer Sintético 0047
MT001121,20241223,EQ0052,A010,WT2,P1,Falla de transmisión,Seguridad,5.53,3.55,5230.35,False,training_fact_mantenimiento_export.csv,2026-06-23T00:00:00,1121,Sistema de relaves Sintético 0052
MT001122,20241015,EQ0014,A010,WT2,P1,Falla de bomba de pulpa,Mecánico,8.36,5.74,6762.23,False,training_fact_mantenimiento_export.csv,2026-06-23T00:00:00,1122,Espesador Sintético 0014
MT001123,20241010,EQ0015,A004,WT1,P3,Desgaste de neumáticos,Instrumentación,0.76,0.71,1372.31,True,training_fact_mantenimiento_export.csv,2026-06-23T00:00:00,1123,Cargador frontal Sintético 0015
MT001124,20240502,EQ0012,A013,WT1,P2,Trip de variador,Seguridad,2.44,1.62,2898.05,True,training_fact_mantenimiento_export.csv,2026-06-23T00:00:00,1124,Medidor de energía Sintético 0012
MT001125,20240109,EQ0008,A017,WT1,P4,Deriva de sensor,Control,4.69,3.67,9416.84,True,training_fact_mantenimiento_export.csv,2026-06-23T00:00:00,1125,Servidor SCADA Sintético 0008
MT001126,20241226,EQ0060,A017,WT1,P3,Deriva de sensor,Control,3.29,1.65,7296.56,True,training_fact_mantenimiento_export.csv,2026-06-23T00:00:00,1126,RTU Sintético 0060
MT001127,20240708,EQ0034,A010,WT2,P2,Falla de sello mecánico,Mecánico,2.73,2.0,4266.63,False,training_fact_mantenimiento_export.csv,2026-06-23T00:00:00,1127,Filtro Sintético 0034
MT001128,20240608,EQ0058,A005,WT2,P2,Sobrecalentamiento,Seguridad,62.35,30.02,134041.91,False,training_fact_mantenimiento_export.csv,2026-06-23T00:00:00,1128,Alimentador Sintético 0058
MT001129,20240303,EQ0006,A005,WT1,P3,Bloqueo de chancador,Chancado,7.22,4.25,7691.85,True,training_fact_mantenimiento_export.csv,2026-06-23T00:00:00,1129,Chancador secundario Sintético 0006
MT001130,20241206,EQ0021,A005,WT2,P3,Falla de motor,Seguridad,15.45,9.82,8935.16,False,training_fact_mantenimiento_export.csv,2026-06-23T00:00:00,1130,Alimentador Sintético 0021
MT001131,20240708,EQ0046,A004,WT1,P3,Falla de pala,Mecánico,1.83,1.4,2780.14,True,training_fact_mantenimiento_export.csv,2026-06-23T00:00:00,1131,Perforadora Sintético 0046
MT001132,20240405,EQ0049,A005,WT2,P3,Alta vibración,Chancado,24.54,10.47,57203.23,False,training_fact_mantenimiento_export.csv,2026-06-23T00:00:00,1132,Chancador secundario Sintético 0049
MT001133,20240418,EQ0038,A004,WT1,P4,Trip de variador,Seguridad,3.31,1.45,5482.45,True,training_fact_mantenimiento_export.csv,2026-06-23T00:00:00,1133,Camión aljibe Sintético 0038
MT001134,20240416,EQ0017,A004,WT1,P1,Alta vibración,Mecánico,1.04,0.43,1952.47,True,training_fact_mantenimiento_export.csv,2026-06-23T00:00:00,1134,Pala eléctrica Sintético 0017
MT001135,20240806,EQ0012,A013,WT1,P2,Desgaste de neumáticos,Eléctrico,3.31,1.98,7381.35,True,training_fact_mantenimiento_export.csv,2026-06-23T00:00:00,1135,Medidor de energía Sintético 0012
MT001136,20241020,EQ0004,A017,WT1,P2,Falla de pala,Energía,4.18,2.07,8224.41,True,training_fact_mantenimiento_export.csv,2026-06-23T00:00:00,1136,Sensor de vibración Sintético 0004
MT001137,20240622,EQ0054,A005,WT2,P2,Falla eléctrica,Chancado,1.2,0.98,1942.38,False,training_fact_mantenimiento_export.csv,2026-06-23T00:00:00,1137,Chancador primario Sintético 0054
MT001138,20241118,EQ0042,A004,WT2,P1,Fuga hidráulica,Hidráulico,2.12,1.8,4314.19,False,training_fact_mantenimiento_export.csv,2026-06-23T00:00:00,1138,Pala hidráulica Sintético 0042
MT001139,20240912,EQ0039,A008,WT1,P3,Trip de variador,Molienda,3.81,1.98,4201.84,True,training_fact_mantenimiento_export.csv,2026-06-23T00:00:00,1139,Molino SAG Sintético 0039
MT001140,20240627,EQ0033,A010,WT1,P2,Desgaste de revestimientos,Seguridad,1.98,1.45,3142.57,True,training_fact_mantenimiento_export.csv,2026-06-23T00:00:00,1140,Sistema de relaves Sintético 0033
MT001141,20241119,EQ0034,A010,WT1,P2,Sobrecalentamiento,Eléctrico,6.76,4.46,14716.12,True,training_fact_mantenimiento_export.csv,2026-06-23T00:00:00,1141,Filtro Sintético 0034
MT001142,20240124,EQ0004,A017,WT2,P4,Falla de bomba de pulpa,Mecánico,8.51,4.21,10785.34,False,training_fact_mantenimiento_export.csv,2026-06-23T00:00:00,1142,Sensor de vibración Sintético 0004
MT001143,20240305,EQ0015,A004,WT2,P3,Desgaste de revestimientos,Eléctrico,7.42,5.51,15246.48,False,training_fact_mantenimiento_export.csv,2026-06-23T00:00:00,1143,Cargador frontal Sintético 0015
MT001144,20240507,EQ0026,A004,WT1,P2,Falla de pala,Mecánico,2.71,2.17,5071.65,True,training_fact_mantenimiento_export.csv,2026-06-23T00:00:00,1144,Pala eléctrica Sintético 0026
MT001145,20240201,EQ0025,A004,WT2,P3,Corte de correa,Energía,14.41,12.35,15790.78,False,training_fact_mantenimiento_export.csv,2026-06-23T00:00:00,1145,Bulldozer Sintético 0025
MT001146,20241021,EQ0036,A004,WT1,P2,Desgaste de neumáticos,Eléctrico,4.27,2.36,7326.3,True,training_fact_mantenimiento_export.csv,2026-06-23T00:00:00,1146,Sistema dispatch Sintético 0036
MT001147,20240804,EQ0023,A010,WT2,P2,Desgaste de revestimientos,Eléctrico,9.55,4.47,12513.65,False,training_fact_mantenimiento_export.csv,2026-06-23T00:00:00,1147,Filtro Sintético 0023
MT001148,20240624,EQ0024,A017,WT2,P3,Falla de instrumentación,Control,15.02,13.69,17017.11,False,training_fact_mantenimiento_export.csv,2026-06-23T00:00:00,1148,Servidor Historiador Sintético 0024
MT001149,20240606,EQ0012,A013,WT1,P4,Falla de transmisión,Instrumentación,7.1,6.46,12844.34,True,training_fact_mantenimiento_export.csv,2026-06-23T00:00:00,1149,Medidor de energía Sintético 0012
MT001150,20240919,EQ0003,A004,WT1,P3,Desgaste de revestimientos,Instrumentación,1.03,0.56,774.6,True,training_fact_mantenimiento_export.csv,2026-06-23T00:00:00,1150,Cargador frontal Sintético 0003
MT001151,20240924,EQ0049,A005,WT1,P4,Alta vibración,Chancado,20.27,8.35,35156.78,True,training_fact_mantenimiento_export.csv,2026-06-23T00:00:00,1151,Chancador secundario Sintético 0049
MT001152,20240518,EQ0057,A017,WT1,P4,Falla de instrumentación,Control,0.48,0.38,361.4,True,training_fact_mantenimiento_export.csv,2026-06-23T00:00:00,1152,Sistema de control distribuido Sintético 0057
MT001153,20240720,EQ0046,A004,WT1,P3,Falla de pala,Mecánico,3.33,1.96,4671.67,True,training_fact_mantenimiento_export.csv,2026-06-23T00:00:00,1153,Perforadora Sintético 0046
MT001154,20240113,EQ0056,A005,WT1,P3,Falla de bomba de pulpa,Eléctrico,1.57,1.27,3025.11,True,training_fact_mantenimiento_export.csv,2026-06-23T00:00:00,1154,Harnero Sintético 0056
MT001155,20241011,EQ0037,A017,WT1,P2,Pérdida de comunicación PLC,Control,4.8,2.02,8380.9,True,training_fact_mantenimiento_export.csv,2026-06-23T00:00:00,1155,Servidor SCADA Sintético 0037
MT001156,20240904,EQ0054,A005,WT2,P2,Falla eléctrica,Chancado,17.81,11.43,21222.65,False,training_fact_mantenimiento_export.csv,2026-06-23T00:00:00,1156,Chancador primario Sintético 0054
MT001157,20240410,EQ0026,A004,WT2,P3,Alta vibración,Mecánico,2.52,1.44,3352.42,False,training_fact_mantenimiento_export.csv,2026-06-23T00:00:00,1157,Pala eléctrica Sintético 0026
MT001158,20240418,EQ0042,A004,WT1,P2,Alta vibración,Hidráulico,6.01,4.48,5580.79,True,training_fact_mantenimiento_export.csv,2026-06-23T00:00:00,1158,Pala hidráulica Sintético 0042
MT001159,20240126,EQ0019,A004,WT2,P3,Baja presión,Eléctrico,0.26,0.2,321.43,False,training_fact_mantenimiento_export.csv,2026-06-23T00:00:00,1159,Camión aljibe Sintético 0019
MT001160,20240627,EQ0055,A010,WT2,P3,Bloqueo de chancador,Instrumentación,11.44,10.53,25328.99,False,training_fact_mantenimiento_export.csv,2026-06-23T00:00:00,1160,Espesador Sintético 0055
MT001161,20241111,EQ0045,A017,WT1,P3,Falla de instrumentación,Control,0.63,0.37,1328.89,True,training_fact_mantenimiento_export.csv,2026-06-23T00:00:00,1161,RTU Sintético 0045
MT001162,20241129,EQ0052,A010,WT1,P2,Fuga hidráulica,Energía,6.85,3.11,4387.07,True,training_fact_mantenimiento_export.csv,2026-06-23T00:00:00,1162,Sistema de relaves Sintético 0052
MT001163,20240822,EQ0002,A004,WT1,P3,Desgaste de neumáticos,Hidráulico,2.44,2.26,2849.52,True,training_fact_mantenimiento_export.csv,2026-06-23T00:00:00,1163,Camión CAEX Sintético 0002
MT001164,20240322,EQ0033,A010,WT1,P4,Sobrecalentamiento,Energía,1.63,1.15,849.43,True,training_fact_mantenimiento_export.csv,2026-06-23T00:00:00,1164,Sistema de relaves Sintético 0033
MT001165,20240302,EQ0036,A004,WT1,P4,Baja presión,Energía,7.42,6.76,9349.42,True,training_fact_mantenimiento_export.csv,2026-06-23T00:00:00,1165,Sistema dispatch Sintético 0036
MT001166,20240508,EQ0031,A017,WT1,P1,Corte de correa,Energía,4.88,4.17,10088.1,True,training_fact_mantenimiento_export.csv,2026-06-23T00:00:00,1166,Sensor de vibración Sintético 0031
MT001167,20240310,EQ0027,A017,WT1,P4,Deriva de sensor,Control,2.46,1.62,3883.1,True,training_fact_mantenimiento_export.csv,2026-06-23T00:00:00,1167,Sistema de control distribuido Sintético 0027
MT001168,20240227,EQ0038,A004,WT1,P4,Falla eléctrica,Eléctrico,3.24,1.39,2944.46,True,training_fact_mantenimiento_export.csv,2026-06-23T00:00:00,1168,Camión aljibe Sintético 0038
MT001169,20240228,EQ0014,A010,WT1,P2,Desgaste de neumáticos,Energía,7.79,4.29,9486.96,True,training_fact_mantenimiento_export.csv,2026-06-23T00:00:00,1169,Espesador Sintético 0014
MT001170,20240114,EQ0018,A009,WT1,P4,Falla de transmisión,Instrumentación,2.41,1.87,1521.61,True,training_fact_mantenimiento_export.csv,2026-06-23T00:00:00,1170,Celda de flotación Sintético 0018
MT001171,20240103,EQ0060,A017,WT2,P2,Pérdida de comunicación PLC,Control,2.5,2.0,2997.15,False,training_fact_mantenimiento_export.csv,2026-06-23T00:00:00,1171,RTU Sintético 0060
MT001172,20240530,EQ0008,A017,WT2,P3,Pérdida de comunicación PLC,Control,7.94,4.16,9376.68,False,training_fact_mantenimiento_export.csv,2026-06-23T00:00:00,1172,Servidor SCADA Sintético 0008
MT001173,20241124,EQ0054,A005,WT1,P1,Falla eléctrica,Chancado,3.03,2.26,2948.0,True,training_fact_mantenimiento_export.csv,2026-06-23T00:00:00,1173,Chancador primario Sintético 0054
MT001174,20240206,EQ0056,A005,WT2,P2,Obstrucción de chute,Seguridad,14.17,6.22,12187.55,False,training_fact_mantenimiento_export.csv,2026-06-23T00:00:00,1174,Harnero Sintético 0056
MT001175,20241024,EQ0031,A017,WT1,P2,Baja presión,Energía,4.03,2.02,3507.66,True,training_fact_mantenimiento_export.csv,2026-06-23T00:00:00,1175,Sensor de vibración Sintético 0031
MT001176,20240419,EQ0030,A006,WT2,P1,Obstrucción de chute,Correas,10.22,4.6,7466.16,False,training_fact_mantenimiento_export.csv,2026-06-23T00:00:00,1176,Correa transportadora Sintético 0030
MT001177,20240917,EQ0052,A010,WT2,P3,Deriva de sensor,Energía,3.65,1.81,2622.65,False,training_fact_mantenimiento_export.csv,2026-06-23T00:00:00,1177,Sistema de relaves Sintético 0052
MT001178,20241106,EQ0006,A005,WT2,P2,Falla eléctrica,Chancado,9.23,4.38,21783.35,False,training_fact_mantenimiento_export.csv,2026-06-23T00:00:00,1178,Chancador secundario Sintético 0006
MT001179,20240804,EQ0047,A004,WT2,P2,Bloqueo de chancador,Energía,8.71,6.88,15005.38,False,training_fact_mantenimiento_export.csv,2026-06-23T00:00:00,1179,Bulldozer Sintético 0047
MT001180,20240116,EQ0057,A017,WT1,P3,Pérdida de comunicación PLC,Control,1.78,1.61,3031.38,True,training_fact_mantenimiento_export.csv,2026-06-23T00:00:00,1180,Sistema de control distribuido Sintético 0057
MT001181,20240207,EQ0020,A013,WT1,P3,Corte de correa,Instrumentación,2.42,2.25,2946.5,True,training_fact_mantenimiento_export.csv,2026-06-23T00:00:00,1181,Medidor de energía Sintético 0020
MT001182,20240819,EQ0049,A005,WT2,P2,Alta vibración,Chancado,18.03,10.87,13995.49,False,training_fact_mantenimiento_export.csv,2026-06-23T00:00:00,1182,Chancador secundario Sintético 0049
MT001183,20240724,EQ0030,A006,WT1,P2,Obstrucción de chute,Correas,2.85,2.48,3994.0,True,training_fact_mantenimiento_export.csv,2026-06-23T00:00:00,1183,Correa transportadora Sintético 0030
MT001184,20240522,EQ0039,A008,WT1,P2,Trip de variador,Molienda,2.17,0.94,2566.41,True,training_fact_mantenimiento_export.csv,2026-06-23T00:00:00,1184,Molino SAG Sintético 0039
MT001185,20240731,EQ0060,A017,WT2,P2,Falla de instrumentación,Control,3.92,2.76,3618.26,False,training_fact_mantenimiento_export.csv,2026-06-23T00:00:00,1185,RTU Sintético 0060
MT001186,20240523,EQ0060,A017,WT1,P4,Deriva de sensor,Control,2.26,1.64,4366.38,True,training_fact_mantenimiento_export.csv,2026-06-23T00:00:00,1186,RTU Sintético 0060
MT001187,20240130,EQ0025,A004,WT2,P3,Falla de instrumentación,Eléctrico,2.35,1.44,2128.12,False,training_fact_mantenimiento_export.csv,2026-06-23T00:00:00,1187,Bulldozer Sintético 0025
MT001188,20240702,EQ0050,A004,WT1,P2,Falla eléctrica,Mecánico,3.09,1.21,5716.42,True,training_fact_mantenimiento_export.csv,2026-06-23T00:00:00,1188,Motoniveladora Sintético 0050
MT001189,20240217,EQ0018,A009,WT1,P4,Falla de transmisión,Instrumentación,2.24,1.28,1563.39,True,training_fact_mantenimiento_export.csv,2026-06-23T00:00:00,1189,Celda de flotación Sintético 0018
MT001190,20240506,EQ0005,A017,WT2,P4,Pérdida de comunicación PLC,Control,9.23,3.53,13119.03,False,training_fact_mantenimiento_export.csv,2026-06-23T00:00:00,1190,PLC Sintético 0005
MT001191,20240630,EQ0043,A012,WT2,P4,Falla de sello mecánico,Bombas,7.09,5.96,12565.59,False,training_fact_mantenimiento_export.csv,2026-06-23T00:00:00,1191,Bomba de pulpa Sintético 0043
MT001192,20240130,EQ0044,A012,WT2,P3,Falla de bomba de pulpa,Bombas,5.52,5.24,9895.06,False,training_fact_mantenimiento_export.csv,2026-06-23T00:00:00,1192,Bomba de pulpa Sintético 0044
MT001193,20241111,EQ0027,A017,WT1,P3,Deriva de sensor,Control,5.46,2.72,12879.18,True,training_fact_mantenimiento_export.csv,2026-06-23T00:00:00,1193,Sistema de control distribuido Sintético 0027
MT001194,20241120,EQ0008,A017,WT1,P2,Falla de instrumentación,Control,8.05,6.6,10725.32,True,training_fact_mantenimiento_export.csv,2026-06-23T00:00:00,1194,Servidor SCADA Sintético 0008
MT001195,20240130,EQ0003,A004,WT1,P2,Deriva de sensor,Seguridad,2.24,1.99,2652.59,True,training_fact_mantenimiento_export.csv,2026-06-23T00:00:00,1195,Cargador frontal Sintético 0003
MT001196,20240311,EQ0047,A004,WT2,P3,Alta vibración,Seguridad,11.4,6.21,21683.56,False,training_fact_mantenimiento_export.csv,2026-06-23T00:00:00,1196,Bulldozer Sintético 0047
MT001197,20240421,EQ0008,A017,WT1,P3,Falla de instrumentación,Control,2.58,1.94,1486.87,True,training_fact_mantenimiento_export.csv,2026-06-23T00:00:00,1197,Servidor SCADA Sintético 0008
MT001198,20240907,EQ0017,A004,WT1,P2,Alta vibración,Control,1.61,0.84,2261.74,True,training_fact_mantenimiento_export.csv,2026-06-23T00:00:00,1198,Pala eléctrica Sintético 0017
MT001199,20240114,EQ0017,A004,WT1,P2,Fuga hidráulica,Control,3.93,1.64,8438.64,True,training_fact_mantenimiento_export.csv,2026-06-23T00:00:00,1199,Pala eléctrica Sintético 0017
MT001200,20241002,EQ0021,A005,WT2,P1,Falla de instrumentación,Eléctrico,12.73,9.02,12304.56,False,training_fact_mantenimiento_export.csv,2026-06-23T00:00:00,1200,Alimentador Sintético 0021
MT001201,20240808,EQ0010,A017,WT1,P3,Deriva de sensor,Control,4.35,2.37,6215.42,True,training_fact_mantenimiento_export.csv,2026-06-23T00:00:00,1201,Switch industrial Sintético 0010
MT001202,20240316,EQ0050,A004,WT1,P3,Bloqueo de chancador,Energía,3.17,2.77,2431.63,True,training_fact_mantenimiento_export.csv,2026-06-23T00:00:00,1202,Motoniveladora Sintético 0050
MT001203,20240625,EQ0030,A006,WT2,P3,Desalineamiento de correa,Correas,9.52,8.81,21816.72,False,training_fact_mantenimiento_export.csv,2026-06-23T00:00:00,1203,Correa transportadora Sintético 0030
MT001204,20240228,EQ0008,A017,WT1,P2,Pérdida de comunicación PLC,Control,2.74,1.32,5777.64,True,training_fact_mantenimiento_export.csv,2026-06-23T00:00:00,1204,Servidor SCADA Sintético 0008
MT001205,20240411,EQ0044,A012,WT1,P3,Baja presión,Bombas,5.16,2.4,10040.54,True,training_fact_mantenimiento_export.csv,2026-06-23T00:00:00,1205,Bomba de pulpa Sintético 0044
MT001206,20241130,EQ0057,A017,WT1,P1,Pérdida de comunicación PLC,Control,3.89,1.92,2861.69,True,training_fact_mantenimiento_export.csv,2026-06-23T00:00:00,1206,Sistema de control distribuido Sintético 0057
MT001207,20240107,EQ0011,A008,WT2,P1,Trip de variador,Molienda,8.46,5.46,12108.97,False,training_fact_mantenimiento_export.csv,2026-06-23T00:00:00,1207,Molino de bolas Sintético 0011
MT001208,20240110,EQ0008,A017,WT2,P2,Falla de instrumentación,Control,7.57,4.25,6562.62,False,training_fact_mantenimiento_export.csv,2026-06-23T00:00:00,1208,Servidor SCADA Sintético 0008
MT001209,20240626,EQ0059,A009,WT1,P1,Falla de motor,Eléctrico,1.98,1.47,4427.62,True,training_fact_mantenimiento_export.csv,2026-06-23T00:00:00,1209,Celda de flotación Sintético 0059
MT001210,20240608,EQ0002,A004,WT2,P1,Desgaste de neumáticos,Mecánico,7.31,4.72,23995.6,False,training_fact_mantenimiento_export.csv,2026-06-23T00:00:00,1210,Camión CAEX Sintético 0002
MT001211,20241019,EQ0035,A004,WT1,P2,Fuga hidráulica,Mecánico,5.41,2.12,10143.28,True,training_fact_mantenimiento_export.csv,2026-06-23T00:00:00,1211,Perforadora Sintético 0035
MT001212,20240126,EQ0002,A004,WT1,P4,Falla de transmisión,Hidráulico,2.0,1.62,5038.18,True,training_fact_mantenimiento_export.csv,2026-06-23T00:00:00,1212,Camión CAEX Sintético 0002
MT001213,20240719,EQ0006,A005,WT2,P1,Falla eléctrica,Chancado,5.86,3.41,5420.96,False,training_fact_mantenimiento_export.csv,2026-06-23T00:00:00,1213,Chancador secundario Sintético 0006
MT001214,20240604,EQ0049,A005,WT1,P3,Alta vibración,Chancado,1.46,1.11,865.8,True,training_fact_mantenimiento_export.csv,2026-06-23T00:00:00,1214,Chancador secundario Sintético 0049
MT001215,20240715,EQ0011,A008,WT1,P3,Alta vibración,Molienda,4.86,4.18,10141.58,True,training_fact_mantenimiento_export.csv,2026-06-23T00:00:00,1215,Molino de bolas Sintético 0011
MT001216,20240310,EQ0029,A004,WT2,P1,Fuga hidráulica,Control,22.67,10.02,20736.07,False,training_fact_mantenimiento_export.csv,2026-06-23T00:00:00,1216,Pala hidráulica Sintético 0029
MT001217,20241205,EQ0037,A017,WT1,P2,Pérdida de comunicación PLC,Control,9.02,6.49,8755.87,True,training_fact_mantenimiento_export.csv,2026-06-23T00:00:00,1217,Servidor SCADA Sintético 0037
MT001218,20241202,EQ0031,A017,WT1,P3,Falla de instrumentación,Mecánico,0.65,0.59,614.66,True,training_fact_mantenimiento_export.csv,2026-06-23T00:00:00,1218,Sensor de vibración Sintético 0031
MT001219,20240728,EQ0031,A017,WT2,P1,Obstrucción de chute,Eléctrico,4.3,1.97,4856.87,False,training_fact_mantenimiento_export.csv,2026-06-23T00:00:00,1219,Sensor de vibración Sintético 0031
MT001220,20240425,EQ0051,A006,WT1,P1,Desalineamiento de correa,Correas,4.89,3.55,5296.45,True,training_fact_mantenimiento_export.csv,2026-06-23T00:00:00,1220,Correa transportadora Sintético 0051
MT001221,20240415,EQ0033,A010,WT2,P1,Trip de variador,Seguridad,13.56,6.83,12873.77,False,training_fact_mantenimiento_export.csv,2026-06-23T00:00:00,1221,Sistema de relaves Sintético 0033
MT001222,20241018,EQ0031,A017,WT1,P3,Trip de variador,Eléctrico,0.65,0.4,453.75,True,training_fact_mantenimiento_export.csv,2026-06-23T00:00:00,1222,Sensor de vibración Sintético 0031
MT001223,20240306,EQ0049,A005,WT2,P1,Falla eléctrica,Chancado,3.92,3.13,7705.13,False,training_fact_mantenimiento_export.csv,2026-06-23T00:00:00,1223,Chancador secundario Sintético 0049
MT001224,20240516,EQ0058,A005,WT2,P3,Falla de sello mecánico,Mecánico,8.01,6.89,18335.04,False,training_fact_mantenimiento_export.csv,2026-06-23T00:00:00,1224,Alimentador Sintético 0058
MT001225,20240211,EQ0007,A004,WT2,P2,Desgaste de neumáticos,Hidráulico,3.9,3.54,4212.1,False,training_fact_mantenimiento_export.csv,2026-06-23T00:00:00,1225,Camión CAEX Sintético 0007
MT001226,20240713,EQ0001,A017,WT1,P3,Pérdida de comunicación PLC,Control,1.72,1.44,2707.84,True,training_fact_mantenimiento_export.csv,2026-06-23T00:00:00,1226,PLC Sintético 0001
MT001227,20240615,EQ0007,A004,WT1,P1,Falla de motor,Neumáticos,2.77,2.43,5256.48,True,training_fact_mantenimiento_export.csv,2026-06-23T00:00:00,1227,Camión CAEX Sintético 0007
MT001228,20240904,EQ0010,A017,WT1,P3,Pérdida de comunicación PLC,Control,3.97,1.72,5265.53,True,training_fact_mantenimiento_export.csv,2026-06-23T00:00:00,1228,Switch industrial Sintético 0010
MT001229,20241105,EQ0004,A017,WT1,P3,Falla de bomba de pulpa,Instrumentación,1.56,1.22,2998.29,True,training_fact_mantenimiento_export.csv,2026-06-23T00:00:00,1229,Sensor de vibración Sintético 0004
MT001230,20240902,EQ0048,A004,WT1,P3,Falla de pala,Hidráulico,3.2,2.48,6140.62,True,training_fact_mantenimiento_export.csv,2026-06-23T00:00:00,1230,Pala eléctrica Sintético 0048
MT001231,20240115,EQ0029,A004,WT2,P3,Alta vibración,Hidráulico,7.52,3.23,4305.59,False,training_fact_mantenimiento_export.csv,2026-06-23T00:00:00,1231,Pala hidráulica Sintético 0029
MT001232,20241107,EQ0055,A010,WT1,P2,Bloqueo de chancador,Instrumentación,2.54,1.45,5569.03,True,training_fact_mantenimiento_export.csv,2026-06-23T00:00:00,1232,Espesador Sintético 0055
MT001233,20240327,EQ0020,A013,WT2,P3,Falla de bomba de pulpa,Energía,2.65,1.54,1263.35,False,training_fact_mantenimiento_export.csv,2026-06-23T00:00:00,1233,Medidor de energía Sintético 0020
MT001234,20240426,EQ0043,A012,WT1,P3,Baja presión,Bombas,1.21,0.91,1580.0,True,training_fact_mantenimiento_export.csv,2026-06-23T00:00:00,1234,Bomba de pulpa Sintético 0043
MT001235,20240619,EQ0029,A004,WT1,P2,Falla de pala,Control,2.13,1.47,1348.08,True,training_fact_mantenimiento_export.csv,2026-06-23T00:00:00,1235,Pala hidráulica Sintético 0029
MT001236,20240627,EQ0018,A009,WT1,P4,Deriva de sensor,Instrumentación,2.45,2.24,4282.36,True,training_fact_mantenimiento_export.csv,2026-06-23T00:00:00,1236,Celda de flotación Sintético 0018
MT001237,20241111,EQ0048,A004,WT1,P3,Fuga hidráulica,Control,5.68,2.62,7162.94,True,training_fact_mantenimiento_export.csv,2026-06-23T00:00:00,1237,Pala eléctrica Sintético 0048
MT001238,20241101,EQ0051,A006,WT2,P4,Corte de correa,Correas,19.86,14.26,14354.29,False,training_fact_mantenimiento_export.csv,2026-06-23T00:00:00,1238,Correa transportadora Sintético 0051
MT001239,20240225,EQ0011,A008,WT1,P2,Desgaste de revestimientos,Molienda,3.9,1.78,4325.94,True,training_fact_mantenimiento_export.csv,2026-06-23T00:00:00,1239,Molino de bolas Sintético 0011
MT001240,20240427,EQ0014,A010,WT2,P2,Falla de sello mecánico,Eléctrico,0.1,0.09,98.16,False,training_fact_mantenimiento_export.csv,2026-06-23T00:00:00,1240,Espesador Sintético 0014
MT001241,20240705,EQ0045,A017,WT1,P2,Falla de instrumentación,Control,0.85,0.51,1465.0,True,training_fact_mantenimiento_export.csv,2026-06-23T00:00:00,1241,RTU Sintético 0045
MT001242,20240317,EQ0027,A017,WT2,P2,Falla de instrumentación,Control,11.97,6.46,21010.32,False,training_fact_mantenimiento_export.csv,2026-06-23T00:00:00,1242,Sistema de control distribuido Sintético 0027
MT001243,20240501,EQ0033,A010,WT1,P2,Deriva de sensor,Energía,1.4,0.76,2124.0,True,training_fact_mantenimiento_export.csv,2026-06-23T00:00:00,1243,Sistema de relaves Sintético 0033
MT001244,20240411,EQ0048,A004,WT1,P3,Fuga hidráulica,Hidráulico,4.06,1.82,7997.97,True,training_fact_mantenimiento_export.csv,2026-06-23T00:00:00,1244,Pala eléctrica Sintético 0048
MT001245,20240425,EQ0045,A017,WT1,P2,Deriva de sensor,Control,1.3,0.65,641.33,True,training_fact_mantenimiento_export.csv,2026-06-23T00:00:00,1245,RTU Sintético 0045
MT001246,20240430,EQ0025,A004,WT1,P2,Obstrucción de chute,Seguridad,3.62,2.17,6253.69,True,training_fact_mantenimiento_export.csv,2026-06-23T00:00:00,1246,Bulldozer Sintético 0025
MT001247,20240922,EQ0038,A004,WT2,P4,Falla de transmisión,Energía,9.61,3.84,16567.1,False,training_fact_mantenimiento_export.csv,2026-06-23T00:00:00,1247,Camión aljibe Sintético 0038
MT001248,20240227,EQ0050,A004,WT1,P4,Falla de motor,Instrumentación,2.46,1.65,3330.64,True,training_fact_mantenimiento_export.csv,2026-06-23T00:00:00,1248,Motoniveladora Sintético 0050
MT001249,20241107,EQ0009,A004,WT2,P3,Desgaste de neumáticos,Neumáticos,5.1,2.48,15426.62,False,training_fact_mantenimiento_export.csv,2026-06-23T00:00:00,1249,Camión CAEX Sintético 0009
MT001250,20240307,EQ0037,A017,WT1,P2,Falla de instrumentación,Control,2.33,1.62,1383.69,True,training_fact_mantenimiento_export.csv,2026-06-23T00:00:00,1250,Servidor SCADA Sintético 0037
MT001251,20241114,EQ0027,A017,WT2,P1,Pérdida de comunicación PLC,Control,10.58,4.84,20462.62,False,training_fact_mantenimiento_export.csv,2026-06-23T00:00:00,1251,Sistema de control distribuido Sintético 0027
MT001252,20240120,EQ0052,A010,WT1,P3,Obstrucción de chute,Seguridad,2.96,1.56,3142.65,True,training_fact_mantenimiento_export.csv,2026-06-23T00:00:00,1252,Sistema de relaves Sintético 0052
MT001253,20241209,EQ0018,A009,WT1,P3,Obstrucción de chute,Seguridad,0.87,0.73,446.94,True,training_fact_mantenimiento_export.csv,2026-06-23T00:00:00,1253,Celda de flotación Sintético 0018
MT001254,20240322,EQ0015,A004,WT1,P3,Baja presión,Mecánico,2.4,2.27,1191.01,True,training_fact_mantenimiento_export.csv,2026-06-23T00:00:00,1254,Cargador frontal Sintético 0015
MT001255,20240104,EQ0046,A004,WT2,P4,Falla de pala,Mecánico,11.08,6.41,10270.52,False,training_fact_mantenimiento_export.csv,2026-06-23T00:00:00,1255,Perforadora Sintético 0046
MT001256,20241127,EQ0039,A008,WT1,P2,Desgaste de revestimientos,Molienda,5.84,3.79,9305.85,True,training_fact_mantenimiento_export.csv,2026-06-23T00:00:00,1256,Molino SAG Sintético 0039
MT001257,20240212,EQ0012,A013,WT1,P4,Desgaste de neumáticos,Energía,5.47,3.45,9033.23,True,training_fact_mantenimiento_export.csv,2026-06-23T00:00:00,1257,Medidor de energía Sintético 0012
MT001258,20240811,EQ0040,A008,WT2,P3,Desgaste de revestimientos,Molienda,6.24,3.64,4194.23,False,training_fact_mantenimiento_export.csv,2026-06-23T00:00:00,1258,Molino de bolas Sintético 0040
MT001259,20240927,EQ0017,A004,WT2,P3,Falla de pala,Control,2.73,1.44,2770.93,False,training_fact_mantenimiento_export.csv,2026-06-23T00:00:00,1259,Pala eléctrica Sintético 0017
MT001260,20240501,EQ0025,A004,WT2,P3,Fuga hidráulica,Seguridad,6.24,4.66,4063.94,False,training_fact_mantenimiento_export.csv,2026-06-23T00:00:00,1260,Bulldozer Sintético 0025
MT001261,20241120,EQ0060,A017,WT2,P1,Falla de instrumentación,Control,18.43,9.47,38349.51,False,training_fact_mantenimiento_export.csv,2026-06-23T00:00:00,1261,RTU Sintético 0060
MT001262,20241020,EQ0026,A004,WT2,P4,Falla de pala,Hidráulico,2.81,1.79,5946.05,False,training_fact_mantenimiento_export.csv,2026-06-23T00:00:00,1262,Pala eléctrica Sintético 0026
MT001263,20240112,EQ0056,A005,WT2,P2,Alta vibración,Seguridad,2.27,1.38,1927.26,False,training_fact_mantenimiento_export.csv,2026-06-23T00:00:00,1263,Harnero Sintético 0056
MT001264,20240807,EQ0056,A005,WT1,P1,Baja presión,Instrumentación,2.23,1.79,4905.55,True,training_fact_mantenimiento_export.csv,2026-06-23T00:00:00,1264,Harnero Sintético 0056
MT001265,20240827,EQ0040,A008,WT2,P4,Trip de variador,Molienda,10.74,9.08,6555.09,False,training_fact_mantenimiento_export.csv,2026-06-23T00:00:00,1265,Molino de bolas Sintético 0040
MT001266,20240309,EQ0014,A010,WT1,P2,Alta vibración,Energía,1.85,0.73,2777.11,True,training_fact_mantenimiento_export.csv,2026-06-23T00:00:00,1266,Espesador Sintético 0014
MT001267,20241030,EQ0039,A008,WT2,P4,Alta vibración,Molienda,10.79,7.58,19947.14,False,training_fact_mantenimiento_export.csv,2026-06-23T00:00:00,1267,Molino SAG Sintético 0039
MT001268,20240815,EQ0006,A005,WT2,P4,Bloqueo de chancador,Chancado,32.73,14.57,40282.34,False,training_fact_mantenimiento_export.csv,2026-06-23T00:00:00,1268,Chancador secundario Sintético 0006
MT001269,20240728,EQ0042,A004,WT1,P3,Falla de pala,Control,3.49,1.51,2222.38,True,training_fact_mantenimiento_export.csv,2026-06-23T00:00:00,1269,Pala hidráulica Sintético 0042
MT001270,20241208,EQ0031,A017,WT1,P4,Falla de instrumentación,Mecánico,1.24,0.71,2412.21,True,training_fact_mantenimiento_export.csv,2026-06-23T00:00:00,1270,Sensor de vibración Sintético 0031
MT001271,20240907,EQ0060,A017,WT2,P3,Deriva de sensor,Control,11.54,4.85,22904.76,False,training_fact_mantenimiento_export.csv,2026-06-23T00:00:00,1271,RTU Sintético 0060
MT001272,20240129,EQ0053,A004,WT1,P3,Pérdida de comunicación PLC,Eléctrico,12.06,10.98,13131.47,True,training_fact_mantenimiento_export.csv,2026-06-23T00:00:00,1272,Motoniveladora Sintético 0053
MT001273,20241011,EQ0009,A004,WT1,P3,Falla de transmisión,Neumáticos,1.51,1.17,1078.72,True,training_fact_mantenimiento_export.csv,2026-06-23T00:00:00,1273,Camión CAEX Sintético 0009
MT001274,20241228,EQ0059,A009,WT2,P3,Falla de pala,Mecánico,2.75,2.05,6162.92,False,training_fact_mantenimiento_export.csv,2026-06-23T00:00:00,1274,Celda de flotación Sintético 0059
MT001275,20240717,EQ0038,A004,WT1,P2,Desgaste de revestimientos,Energía,4.41,2.1,2682.78,True,training_fact_mantenimiento_export.csv,2026-06-23T00:00:00,1275,Camión aljibe Sintético 0038
MT001276,20240604,EQ0054,A005,WT2,P3,Alta vibración,Chancado,10.9,9.42,10461.43,False,training_fact_mantenimiento_export.csv,2026-06-23T00:00:00,1276,Chancador primario Sintético 0054
MT001277,20240216,,A004,WT2,P1,Corte de correa,Mecánico,12.03,6.36,15634.41,False,training_fact_mantenimiento_export.csv,2026-06-23T00:00:00,1277,Motoniveladora Sintético 0053
MT001278,20240627,EQ0047,A004,WT2,P4,Desalineamiento de correa,Mecánico,30.85,16.36,40706.41,False,training_fact_mantenimiento_export.csv,2026-06-23T00:00:00,1278,Bulldozer Sintético 0047
MT001279,20240112,EQ0043,A012,WT2,P3,Falla de sello mecánico,Bombas,2.01,1.79,2957.48,False,training_fact_mantenimiento_export.csv,2026-06-23T00:00:00,1279,Bomba de pulpa Sintético 0043
MT001280,20240109,EQ0007,A004,WT2,P1,Falla de transmisión,Hidráulico,7.0,5.16,8743.23,False,training_fact_mantenimiento_export.csv,2026-06-23T00:00:00,1280,Camión CAEX Sintético 0007
MT001281,20240223,EQ0011,A008,WT2,P4,Trip de variador,Molienda,1.51,1.15,1819.54,False,training_fact_mantenimiento_export.csv,2026-06-23T00:00:00,1281,Molino de bolas Sintético 0011
MT001282,20240406,EQ0038,A004,WT1,P4,Desgaste de revestimientos,Eléctrico,1.48,1.38,3347.59,True,training_fact_mantenimiento_export.csv,2026-06-23T00:00:00,1282,Camión aljibe Sintético 0038
MT001283,20240816,EQ0060,A017,WT2,P3,Falla de instrumentación,Control,0.78,0.48,1706.75,False,training_fact_mantenimiento_export.csv,2026-06-23T00:00:00,1283,RTU Sintético 0060
MT001284,20240517,EQ0040,A008,WT1,P1,Trip de variador,Molienda,3.75,2.01,2350.82,True,training_fact_mantenimiento_export.csv,2026-06-23T00:00:00,1284,Molino de bolas Sintético 0040
MT001285,20241003,EQ0041,A005,WT1,P4,Falla eléctrica,Chancado,2.88,1.53,5678.64,True,training_fact_mantenimiento_export.csv,2026-06-23T00:00:00,1285,Chancador primario Sintético 0041
MT001286,20241220,EQ0030,A006,WT1,P4,Corte de correa,Correas,4.3,2.12,6556.38,True,training_fact_mantenimiento_export.csv,2026-06-23T00:00:00,1286,Correa transportadora Sintético 0030
MT001287,20241022,EQ0029,A004,WT1,P1,Fuga hidráulica,Hidráulico,3.23,2.77,1663.93,True,training_fact_mantenimiento_export.csv,2026-06-23T00:00:00,1287,Pala hidráulica Sintético 0029
MT001288,20240927,EQ0051,A006,WT1,P2,Desalineamiento de correa,Correas,3.67,2.0,7299.92,True,training_fact_mantenimiento_export.csv,2026-06-23T00:00:00,1288,Correa transportadora Sintético 0051
MT001289,20240728,EQ0036,A004,WT1,P4,Falla de pala,Eléctrico,0.96,0.43,721.32,True,training_fact_mantenimiento_export.csv,2026-06-23T00:00:00,1289,Sistema dispatch Sintético 0036
MT001290,20241209,EQ0059,A009,WT1,P4,Baja presión,Eléctrico,1.28,1.05,1183.18,True,training_fact_mantenimiento_export.csv,2026-06-23T00:00:00,1290,Celda de flotación Sintético 0059
MT001291,20240320,EQ0059,A009,WT1,P4,Corte de correa,Energía,2.08,1.93,1243.13,True,training_fact_mantenimiento_export.csv,2026-06-23T00:00:00,1291,Celda de flotación Sintético 0059
MT001292,20240925,EQ0059,A009,WT1,P3,Falla de instrumentación,Eléctrico,1.76,1.43,3411.52,True,training_fact_mantenimiento_export.csv,2026-06-23T00:00:00,1292,Celda de flotación Sintético 0059
MT001293,20241121,EQ0017,A004,WT1,P2,Alta vibración,Control,5.58,3.18,10193.94,True,training_fact_mantenimiento_export.csv,2026-06-23T00:00:00,1293,Pala eléctrica Sintético 0017
MT001294,20241106,EQ0002,A004,WT1,P3,Falla de transmisión,Neumáticos,1.3,0.62,3909.24,True,training_fact_mantenimiento_export.csv,2026-06-23T00:00:00,1294,Camión CAEX Sintético 0002
MT001295,20240417,EQ0051,A006,WT2,P2,Desalineamiento de correa,Correas,2.03,1.68,2924.23,False,training_fact_mantenimiento_export.csv,2026-06-23T00:00:00,1295,Correa transportadora Sintético 0051
MT001296,20240112,EQ0003,A004,WT1,P3,Deriva de sensor,Instrumentación,3.78,2.86,4877.89,True,training_fact_mantenimiento_export.csv,2026-06-23T00:00:00,1296,Cargador frontal Sintético 0003
MT001297,20241116,EQ0040,A008,WT1,P2,Alta vibración,Molienda,3.7,1.82,5638.57,True,training_fact_mantenimiento_export.csv,2026-06-23T00:00:00,1297,Molino de bolas Sintético 0040
MT001298,20241112,EQ0004,A017,WT1,P4,Sobrecalentamiento,Mecánico,1.97,1.81,913.48,True,training_fact_mantenimiento_export.csv,2026-06-23T00:00:00,1298,Sensor de vibración Sintético 0004
MT001299,20240819,EQ0058,A005,WT2,P3,Corte de correa,Energía,7.09,5.09,13950.12,False,training_fact_mantenimiento_export.csv,2026-06-23T00:00:00,1299,Alimentador Sintético 0058
MT001300,20241024,EQ0019,A004,WT2,P2,Falla de instrumentación,Mecánico,10.03,7.19,20710.44,False,training_fact_mantenimiento_export.csv,2026-06-23T00:00:00,1300,Camión aljibe Sintético 0019
MT001301,20240715,EQ0058,A005,WT2,P2,Falla eléctrica,Seguridad,4.06,2.46,2293.82,False,training_fact_mantenimiento_export.csv,2026-06-23T00:00:00,1301,Alimentador Sintético 0058
MT001302,20240805,EQ0045,A017,WT1,P3,Falla de instrumentación,Control,3.18,1.58,7078.02,True,training_fact_mantenimiento_export.csv,2026-06-23T00:00:00,1302,RTU Sintético 0045
MT001303,20240401,,A017,WT1,P4,Baja presión,Eléctrico,3.29,2.34,4116.21,True,training_fact_mantenimiento_export.csv,2026-06-23T00:00:00,1303,Sensor de vibración Sintético 0004
MT001304,20240913,EQ0035,A004,WT1,P4,Falla de pala,Hidráulico,3.75,2.33,3420.15,True,training_fact_mantenimiento_export.csv,2026-06-23T00:00:00,1304,Perforadora Sintético 0035
MT001305,20241022,EQ0002,A004,WT1,P4,Falla de transmisión,Neumáticos,4.89,2.32,3729.96,True,training_fact_mantenimiento_export.csv,2026-06-23T00:00:00,1305,Camión CAEX Sintético 0002
MT001306,20241009,EQ0030,A006,WT2,P1,Corte de correa,Correas,6.17,2.41,14588.23,False,training_fact_mantenimiento_export.csv,2026-06-23T00:00:00,1306,Correa transportadora Sintético 0030
MT001307,20240110,EQ0043,A012,WT2,P3,Falla de bomba de pulpa,Bombas,9.06,8.01,15809.6,False,training_fact_mantenimiento_export.csv,2026-06-23T00:00:00,1307,Bomba de pulpa Sintético 0043
MT001308,20240119,EQ0045,A017,WT1,P3,Pérdida de comunicación PLC,Control,3.03,2.76,5000.8,True,training_fact_mantenimiento_export.csv,2026-06-23T00:00:00,1308,RTU Sintético 0045
MT001309,20241104,EQ0033,A010,WT1,P2,Corte de correa,Mecánico,1.18,0.51,866.2,True,training_fact_mantenimiento_export.csv,2026-06-23T00:00:00,1309,Sistema de relaves Sintético 0033
MT001310,20240401,EQ0016,A017,WT2,P2,Falla de instrumentación,Control,14.16,7.75,28547.62,False,training_fact_mantenimiento_export.csv,2026-06-23T00:00:00,1310,Switch industrial Sintético 0016
MT001311,20240820,EQ0032,A008,WT1,P3,Desgaste de revestimientos,Molienda,2.53,2.01,4051.92,True,training_fact_mantenimiento_export.csv,2026-06-23T00:00:00,1311,Molino SAG Sintético 0032
MT001312,20241209,EQ0060,A017,WT1,P4,Falla de instrumentación,Control,2.46,1.84,2810.43,True,training_fact_mantenimiento_export.csv,2026-06-23T00:00:00,1312,RTU Sintético 0060
MT001313,20240708,EQ0033,A010,WT2,P2,Falla de transmisión,Mecánico,6.8,4.13,11359.82,False,training_fact_mantenimiento_export.csv,2026-06-23T00:00:00,1313,Sistema de relaves Sintético 0033
MT001314,20240419,EQ0015,A004,WT2,P3,Pérdida de comunicación PLC,Eléctrico,7.51,4.24,5418.39,False,training_fact_mantenimiento_export.csv,2026-06-23T00:00:00,1314,Cargador frontal Sintético 0015
MT001315,20241217,EQ0048,A004,WT1,P2,Falla de pala,Mecánico,5.47,5.16,6995.06,True,training_fact_mantenimiento_export.csv,2026-06-23T00:00:00,1315,Pala eléctrica Sintético 0048
MT001316,20240207,EQ0023,A010,WT2,P2,Desalineamiento de correa,Mecánico,8.1,3.59,6130.79,False,training_fact_mantenimiento_export.csv,2026-06-23T00:00:00,1316,Filtro Sintético 0023
MT001317,20240625,EQ0053,A004,WT1,P2,Falla de bomba de pulpa,Mecánico,4.82,4.09,3249.17,True,training_fact_mantenimiento_export.csv,2026-06-23T00:00:00,1317,Motoniveladora Sintético 0053
MT001318,20240907,EQ0052,A010,WT2,P3,Falla de pala,Energía,4.4,2.64,10503.65,False,training_fact_mantenimiento_export.csv,2026-06-23T00:00:00,1318,Sistema de relaves Sintético 0052
MT001319,20240110,EQ0002,A004,WT1,P1,Desgaste de neumáticos,Neumáticos,1.07,0.41,1556.96,True,training_fact_mantenimiento_export.csv,2026-06-23T00:00:00,1319,Camión CAEX Sintético 0002
MT001320,20240518,EQ0048,A004,WT1,P3,Alta vibración,Hidráulico,1.62,1.36,766.5,True,training_fact_mantenimiento_export.csv,2026-06-23T00:00:00,1320,Pala eléctrica Sintético 0048
MT001321,20240203,EQ0047,A004,WT2,P2,Desgaste de revestimientos,Mecánico,5.39,5.05,4726.45,False,training_fact_mantenimiento_export.csv,2026-06-23T00:00:00,1321,Bulldozer Sintético 0047
MT001322,20241029,EQ0010,A017,WT1,P2,Falla de instrumentación,Control,1.43,1.22,1660.18,True,training_fact_mantenimiento_export.csv,2026-06-23T00:00:00,1322,Switch industrial Sintético 0010
MT001323,20240607,EQ0008,A017,WT1,P3,Pérdida de comunicación PLC,Control,3.17,2.33,1505.98,True,training_fact_mantenimiento_export.csv,2026-06-23T00:00:00,1323,Servidor SCADA Sintético 0008
MT001324,20240730,EQ0004,A017,WT1,P2,Bloqueo de chancador,Seguridad,4.63,3.72,7748.24,True,training_fact_mantenimiento_export.csv,2026-06-23T00:00:00,1324,Sensor de vibración Sintético 0004
MT001325,20241212,EQ0021,A005,WT2,P1,Falla de bomba de pulpa,Seguridad,12.58,6.79,18470.68,False,training_fact_mantenimiento_export.csv,2026-06-23T00:00:00,1325,Alimentador Sintético 0021
MT001326,20241229,EQ0040,A008,WT1,P3,Trip de variador,Molienda,5.68,3.06,6332.7,True,training_fact_mantenimiento_export.csv,2026-06-23T00:00:00,1326,Molino de bolas Sintético 0040
MT001327,20240115,EQ0058,A005,WT2,P2,Bloqueo de chancador,Eléctrico,6.85,5.95,14940.07,False,training_fact_mantenimiento_export.csv,2026-06-23T00:00:00,1327,Alimentador Sintético 0058
MT001328,20240919,EQ0042,A004,WT2,P2,Fuga hidráulica,Mecánico,12.85,9.21,11869.64,False,training_fact_mantenimiento_export.csv,2026-06-23T00:00:00,1328,Pala hidráulica Sintético 0042
MT001329,20240110,EQ0037,A017,WT1,P3,Deriva de sensor,Control,4.24,2.69,2663.21,True,training_fact_mantenimiento_export.csv,2026-06-23T00:00:00,1329,Servidor SCADA Sintético 0037
MT001330,20240825,EQ0054,A005,WT1,P3,Falla eléctrica,Chancado,4.3,3.18,2803.28,True,training_fact_mantenimiento_export.csv,2026-06-23T00:00:00,1330,Chancador primario Sintético 0054
MT001331,20241226,,A017,WT2,P4,Desgaste de neumáticos,Energía,2.54,1.52,5065.64,False,training_fact_mantenimiento_export.csv,2026-06-23T00:00:00,1331,Sensor de vibración Sintético 0004
MT001332,20240629,EQ0002,A004,WT2,P1,Falla de transmisión,Mecánico,6.69,5.98,10820.88,False,training_fact_mantenimiento_export.csv,2026-06-23T00:00:00,1332,Camión CAEX Sintético 0002
MT001333,20240828,EQ0005,A017,WT1,P3,Deriva de sensor,Control,2.8,1.53,6176.85,True,training_fact_mantenimiento_export.csv,2026-06-23T00:00:00,1333,PLC Sintético 0005
MT001334,20240124,EQ0053,A004,WT1,P1,Desgaste de revestimientos,Energía,8.85,4.17,5377.62,True,training_fact_mantenimiento_export.csv,2026-06-23T00:00:00,1334,Motoniveladora Sintético 0053
MT001335,20240109,EQ0019,A004,WT2,P1,Desalineamiento de correa,Eléctrico,8.26,3.99,12418.08,False,training_fact_mantenimiento_export.csv,2026-06-23T00:00:00,1335,Camión aljibe Sintético 0019
MT001336,20240112,EQ0021,A005,WT2,P3,Falla eléctrica,Eléctrico,2.94,2.67,2993.62,False,training_fact_mantenimiento_export.csv,2026-06-23T00:00:00,1336,Alimentador Sintético 0021
MT001337,20240816,EQ0028,A005,WT2,P4,Falla de bomba de pulpa,Eléctrico,17.83,9.91,40757.34,False,training_fact_mantenimiento_export.csv,2026-06-23T00:00:00,1337,Harnero Sintético 0028
MT001338,20241001,EQ0022,A004,WT2,P2,Desgaste de neumáticos,Energía,7.9,7.4,10897.37,False,training_fact_mantenimiento_export.csv,2026-06-23T00:00:00,1338,Sistema dispatch Sintético 0022
MT001339,20240715,EQ0058,A005,WT2,P2,Falla de pala,Seguridad,15.5,6.25,15195.85,False,training_fact_mantenimiento_export.csv,2026-06-23T00:00:00,1339,Alimentador Sintético 0058
MT001340,20241005,EQ0039,A008,WT1,P3,Trip de variador,Molienda,4.04,1.65,2070.52,True,training_fact_mantenimiento_export.csv,2026-06-23T00:00:00,1340,Molino SAG Sintético 0039
MT001341,20240304,EQ0043,A012,WT1,P3,Falla de sello mecánico,Bombas,5.29,4.48,7424.02,True,training_fact_mantenimiento_export.csv,2026-06-23T00:00:00,1341,Bomba de pulpa Sintético 0043
MT001342,20240317,EQ0052,A010,WT2,P3,Desgaste de neumáticos,Eléctrico,13.33,8.14,10024.69,False,training_fact_mantenimiento_export.csv,2026-06-23T00:00:00,1342,Sistema de relaves Sintético 0052
MT001343,20240218,EQ0039,A008,WT1,P2,Alta vibración,Molienda,8.65,6.76,5155.03,True,training_fact_mantenimiento_export.csv,2026-06-23T00:00:00,1343,Molino SAG Sintético 0039
MT001344,20240720,EQ0025,A004,WT1,P3,Falla de sello mecánico,Eléctrico,5.32,3.82,3958.74,True,training_fact_mantenimiento_export.csv,2026-06-23T00:00:00,1344,Bulldozer Sintético 0025
MT001345,20240514,EQ0030,A006,WT2,P1,Corte de correa,Correas,7.13,5.5,10471.9,False,training_fact_mantenimiento_export.csv,2026-06-23T00:00:00,1345,Correa transportadora Sintético 0030
MT001346,20240429,EQ0001,A017,WT2,P3,Falla de instrumentación,Control,2.46,1.67,2293.72,False,training_fact_mantenimiento_export.csv,2026-06-23T00:00:00,1346,PLC Sintético 0001
MT001347,20240817,EQ0020,A013,WT2,P3,Sobrecalentamiento,Mecánico,2.85,2.23,3635.8,False,training_fact_mantenimiento_export.csv,2026-06-23T00:00:00,1347,Medidor de energía Sintético 0020
MT001348,20240925,EQ0039,A008,WT2,P3,Alta vibración,Molienda,3.65,2.57,5367.5,False,training_fact_mantenimiento_export.csv,2026-06-23T00:00:00,1348,Molino SAG Sintético 0039
MT001349,20240706,EQ0016,A017,WT1,P1,Deriva de sensor,Control,2.2,1.34,1200.84,True,training_fact_mantenimiento_export.csv,2026-06-23T00:00:00,1349,Switch industrial Sintético 0016
MT001350,20241026,EQ0034,A010,WT2,P1,Falla de sello mecánico,Mecánico,3.24,2.52,4971.05,False,training_fact_mantenimiento_export.csv,2026-06-23T00:00:00,1350,Filtro Sintético 0034
MT001351,20241022,EQ0029,A004,WT1,P1,Falla de pala,Mecánico,2.74,1.23,3632.54,True,training_fact_mantenimiento_export.csv,2026-06-23T00:00:00,1351,Pala hidráulica Sintético 0029
MT001352,20240610,EQ0059,A009,WT1,P2,Deriva de sensor,Energía,1.56,0.83,2393.26,True,training_fact_mantenimiento_export.csv,2026-06-23T00:00:00,1352,Celda de flotación Sintético 0059
MT001353,20240322,EQ0059,A009,WT1,P2,Trip de variador,Mecánico,3.3,1.61,5992.48,True,training_fact_mantenimiento_export.csv,2026-06-23T00:00:00,1353,Celda de flotación Sintético 0059
MT001354,20240909,EQ0032,A008,WT1,P2,Alta vibración,Molienda,3.33,2.86,6118.49,True,training_fact_mantenimiento_export.csv,2026-06-23T00:00:00,1354,Molino SAG Sintético 0032
MT001355,20240802,EQ0018,A009,WT1,P1,Obstrucción de chute,Seguridad,2.2,1.62,3979.93,True,training_fact_mantenimiento_export.csv,2026-06-23T00:00:00,1355,Celda de flotación Sintético 0018
MT001356,20240512,EQ0038,A004,WT2,P2,Deriva de sensor,Instrumentación,21.09,8.03,12594.46,False,training_fact_mantenimiento_export.csv,2026-06-23T00:00:00,1356,Camión aljibe Sintético 0038
MT001357,20241201,EQ0056,A005,WT2,P3,Alta vibración,Eléctrico,16.01,13.61,35443.61,False,training_fact_mantenimiento_export.csv,2026-06-23T00:00:00,1357,Harnero Sintético 0056
MT001358,20240710,EQ0053,A004,WT1,P1,Desgaste de revestimientos,Eléctrico,3.65,1.96,7407.05,True,training_fact_mantenimiento_export.csv,2026-06-23T00:00:00,1358,Motoniveladora Sintético 0053
MT001359,20240312,EQ0025,A004,WT2,P1,Sobrecalentamiento,Mecánico,15.69,6.06,33963.91,False,training_fact_mantenimiento_export.csv,2026-06-23T00:00:00,1359,Bulldozer Sintético 0025
MT001360,20240927,EQ0017,A004,WT1,P3,Fuga hidráulica,Control,2.69,1.14,2106.52,True,training_fact_mantenimiento_export.csv,2026-06-23T00:00:00,1360,Pala eléctrica Sintético 0017
MT001361,20240618,EQ0037,A017,WT1,P4,Deriva de sensor,Control,3.88,2.7,6178.15,True,training_fact_mantenimiento_export.csv,2026-06-23T00:00:00,1361,Servidor SCADA Sintético 0037
MT001362,20240214,EQ0001,A017,WT1,P2,Deriva de sensor,Control,6.17,2.99,14001.19,True,training_fact_mantenimiento_export.csv,2026-06-23T00:00:00,1362,PLC Sintético 0001
MT001363,20240828,EQ0025,A004,WT2,P2,Falla de sello mecánico,Eléctrico,26.42,19.51,59950.28,False,training_fact_mantenimiento_export.csv,2026-06-23T00:00:00,1363,Bulldozer Sintético 0025
MT001364,20240107,EQ0045,A017,WT1,P2,Deriva de sensor,Control,1.46,1.26,1712.03,True,training_fact_mantenimiento_export.csv,2026-06-23T00:00:00,1364,RTU Sintético 0045
MT001365,20240902,EQ0033,A010,WT1,P1,Deriva de sensor,Eléctrico,1.56,0.95,3286.7,True,training_fact_mantenimiento_export.csv,2026-06-23T00:00:00,1365,Sistema de relaves Sintético 0033
MT001366,20240824,EQ0041,A005,WT2,P2,Falla eléctrica,Chancado,24.26,21.27,32800.39,False,training_fact_mantenimiento_export.csv,2026-06-23T00:00:00,1366,Chancador primario Sintético 0041
MT001367,20240905,EQ0033,A010,WT1,P2,Desgaste de neumáticos,Mecánico,3.44,1.73,2100.34,True,training_fact_mantenimiento_export.csv,2026-06-23T00:00:00,1367,Sistema de relaves Sintético 0033
MT001368,20241015,EQ0053,A004,WT2,P3,Falla de motor,Eléctrico,6.52,4.86,15307.52,False,training_fact_mantenimiento_export.csv,2026-06-23T00:00:00,1368,Motoniveladora Sintético 0053
MT001369,20240113,EQ0039,A008,WT2,P3,Desgaste de revestimientos,Molienda,8.36,7.43,8798.61,False,training_fact_mantenimiento_export.csv,2026-06-23T00:00:00,1369,Molino SAG Sintético 0039
MT001370,20240817,EQ0014,A010,WT2,P2,Falla de instrumentación,Seguridad,17.53,12.16,17744.38,False,training_fact_mantenimiento_export.csv,2026-06-23T00:00:00,1370,Espesador Sintético 0014
MT001371,20240825,EQ0053,A004,WT1,P2,Fuga hidráulica,Seguridad,4.78,3.94,10530.51,True,training_fact_mantenimiento_export.csv,2026-06-23T00:00:00,1371,Motoniveladora Sintético 0053
MT001372,20240307,EQ0026,A004,WT1,P2,Alta vibración,Control,3.6,2.61,6840.16,True,training_fact_mantenimiento_export.csv,2026-06-23T00:00:00,1372,Pala eléctrica Sintético 0026
MT001373,20241216,EQ0005,A017,WT1,P1,Deriva de sensor,Control,1.51,0.71,1752.41,True,training_fact_mantenimiento_export.csv,2026-06-23T00:00:00,1373,PLC Sintético 0005
MT001374,20240703,EQ0003,A004,WT1,P2,Sobrecalentamiento,Energía,2.9,2.63,5828.78,True,training_fact_mantenimiento_export.csv,2026-06-23T00:00:00,1374,Cargador frontal Sintético 0003
MT001375,20240919,EQ0037,A017,WT1,P2,Deriva de sensor,Control,4.41,2.19,2159.22,True,training_fact_mantenimiento_export.csv,2026-06-23T00:00:00,1375,Servidor SCADA Sintético 0037
MT001376,20240528,EQ0043,A012,WT1,P3,Falla de sello mecánico,Bombas,3.3,2.73,5222.93,True,training_fact_mantenimiento_export.csv,2026-06-23T00:00:00,1376,Bomba de pulpa Sintético 0043
MT001377,20240812,EQ0014,A010,WT1,P2,Sobrecalentamiento,Eléctrico,9.15,3.96,8948.04,True,training_fact_mantenimiento_export.csv,2026-06-23T00:00:00,1377,Espesador Sintético 0014
MT001378,20241211,EQ0012,A013,WT1,P2,Falla de bomba de pulpa,Mecánico,3.9,2.57,5966.25,True,training_fact_mantenimiento_export.csv,2026-06-23T00:00:00,1378,Medidor de energía Sintético 0012
MT001379,20240103,EQ0022,A004,WT1,P1,Falla de instrumentación,Mecánico,2.75,1.96,3008.3,True,training_fact_mantenimiento_export.csv,2026-06-23T00:00:00,1379,Sistema dispatch Sintético 0022
MT001380,20240910,EQ0034,A010,WT1,P3,Falla de bomba de pulpa,Instrumentación,5.14,3.93,9530.56,True,training_fact_mantenimiento_export.csv,2026-06-23T00:00:00,1380,Filtro Sintético 0034
MT001381,20241012,EQ0001,A017,WT2,P4,Falla de instrumentación,Control,22.59,17.62,38150.02,False,training_fact_mantenimiento_export.csv,2026-06-23T00:00:00,1381,PLC Sintético 0001
MT001382,20240709,EQ0031,A017,WT1,P2,Baja presión,Mecánico,6.92,2.85,12819.98,True,training_fact_mantenimiento_export.csv,2026-06-23T00:00:00,1382,Sensor de vibración Sintético 0031
MT001383,20241101,EQ0006,A005,WT2,P3,Bloqueo de chancador,Chancado,3.0,1.69,5494.86,False,training_fact_mantenimiento_export.csv,2026-06-23T00:00:00,1383,Chancador secundario Sintético 0006
MT001384,20240525,EQ0025,A004,WT2,P2,Falla de motor,Eléctrico,9.57,7.28,18266.97,False,training_fact_mantenimiento_export.csv,2026-06-23T00:00:00,1384,Bulldozer Sintético 0025
MT001385,20241109,EQ0025,A004,WT1,P2,Fuga hidráulica,Mecánico,4.65,2.76,11018.96,True,training_fact_mantenimiento_export.csv,2026-06-23T00:00:00,1385,Bulldozer Sintético 0025
MT001386,20240504,EQ0003,A004,WT1,P2,Falla eléctrica,Energía,7.53,4.78,9889.87,True,training_fact_mantenimiento_export.csv,2026-06-23T00:00:00,1386,Cargador frontal Sintético 0003
MT001387,20240717,EQ0003,A004,WT1,P3,Pérdida de comunicación PLC,Energía,1.35,0.59,2593.14,True,training_fact_mantenimiento_export.csv,2026-06-23T00:00:00,1387,Cargador frontal Sintético 0003
MT001388,20240219,EQ0037,A017,WT1,P1,Deriva de sensor,Control,4.47,3.23,3940.23,True,training_fact_mantenimiento_export.csv,2026-06-23T00:00:00,1388,Servidor SCADA Sintético 0037
MT001389,20240131,EQ0022,A004,WT1,P2,Alta vibración,Energía,1.42,0.8,3301.56,True,training_fact_mantenimiento_export.csv,2026-06-23T00:00:00,1389,Sistema dispatch Sintético 0022
MT001390,20240914,EQ0031,A017,WT1,P4,Desgaste de neumáticos,Seguridad,0.56,0.25,1171.99,True,training_fact_mantenimiento_export.csv,2026-06-23T00:00:00,1390,Sensor de vibración Sintético 0031
MT001391,20240430,EQ0011,A008,WT1,P1,Trip de variador,Molienda,1.98,1.32,1263.34,True,training_fact_mantenimiento_export.csv,2026-06-23T00:00:00,1391,Molino de bolas Sintético 0011
MT001392,20240716,EQ0015,A004,WT2,P3,Sobrecalentamiento,Instrumentación,9.9,6.03,19917.72,False,training_fact_mantenimiento_export.csv,2026-06-23T00:00:00,1392,Cargador frontal Sintético 0015
MT001393,20240430,EQ0020,A013,WT1,P1,Obstrucción de chute,Seguridad,7.17,5.3,11398.38,True,training_fact_mantenimiento_export.csv,2026-06-23T00:00:00,1393,Medidor de energía Sintético 0020
MT001394,20240129,EQ0040,A008,WT2,P3,Trip de variador,Molienda,4.42,2.26,5450.49,False,training_fact_mantenimiento_export.csv,2026-06-23T00:00:00,1394,Molino de bolas Sintético 0040
MT001395,20240902,EQ0026,A004,WT1,P3,Alta vibración,Mecánico,1.9,0.89,1263.62,True,training_fact_mantenimiento_export.csv,2026-06-23T00:00:00,1395,Pala eléctrica Sintético 0026
MT001396,20240529,EQ0059,A009,WT1,P2,Sobrecalentamiento,Instrumentación,3.7,2.13,6172.09,True,training_fact_mantenimiento_export.csv,2026-06-23T00:00:00,1396,Celda de flotación Sintético 0059
MT001397,20241114,EQ0054,A005,WT1,P2,Bloqueo de chancador,Chancado,5.42,4.9,7973.53,True,training_fact_mantenimiento_export.csv,2026-06-23T00:00:00,1397,Chancador primario Sintético 0054
MT001398,20241007,EQ0056,A005,WT2,P2,Falla de pala,Energía,11.05,5.55,22984.96,False,training_fact_mantenimiento_export.csv,2026-06-23T00:00:00,1398,Harnero Sintético 0056
MT001399,20241208,EQ0008,A017,WT2,P4,Pérdida de comunicación PLC,Control,2.81,1.54,3437.21,False,training_fact_mantenimiento_export.csv,2026-06-23T00:00:00,1399,Servidor SCADA Sintético 0008
MT001400,20240223,EQ0054,A005,WT2,P1,Falla eléctrica,Chancado,5.65,4.67,8276.25,False,training_fact_mantenimiento_export.csv,2026-06-23T00:00:00,1400,Chancador primario Sintético 0054
MT001401,20240522,EQ0002,A004,WT1,P2,Falla de motor,Mecánico,8.09,6.58,15146.86,True,training_fact_mantenimiento_export.csv,2026-06-23T00:00:00,1401,Camión CAEX Sintético 0002
MT001402,20241011,EQ0046,A004,WT2,P1,Fuga hidráulica,Hidráulico,14.52,8.78,8788.21,False,training_fact_mantenimiento_export.csv,2026-06-23T00:00:00,1402,Perforadora Sintético 0046
MT001403,20240328,EQ0032,A008,WT1,P3,Trip de variador,Molienda,2.55,2.15,3440.69,True,training_fact_mantenimiento_export.csv,2026-06-23T00:00:00,1403,Molino SAG Sintético 0032
MT001404,20240616,EQ0049,A005,WT1,P3,Bloqueo de chancador,Chancado,6.15,4.95,14240.05,True,training_fact_mantenimiento_export.csv,2026-06-23T00:00:00,1404,Chancador secundario Sintético 0049
MT001405,20240125,EQ0028,A005,WT1,P3,Falla eléctrica,Eléctrico,6.75,3.66,3253.23,True,training_fact_mantenimiento_export.csv,2026-06-23T00:00:00,1405,Harnero Sintético 0028
MT001406,20240126,EQ0043,A012,WT1,P2,Baja presión,Bombas,3.18,2.34,5993.16,True,training_fact_mantenimiento_export.csv,2026-06-23T00:00:00,1406,Bomba de pulpa Sintético 0043
MT001407,20240402,EQ0020,A013,WT1,P2,Falla de motor,Seguridad,0.6,0.32,768.97,True,training_fact_mantenimiento_export.csv,2026-06-23T00:00:00,1407,Medidor de energía Sintético 0020
MT001408,20241210,EQ0025,A004,WT1,P4,Corte de correa,Mecánico,4.66,3.16,3716.23,True,training_fact_mantenimiento_export.csv,2026-06-23T00:00:00,1408,Bulldozer Sintético 0025
MT001409,20240120,EQ0056,A005,WT2,P3,Falla de transmisión,Energía,2.25,1.42,4003.68,False,training_fact_mantenimiento_export.csv,2026-06-23T00:00:00,1409,Harnero Sintético 0056
MT001410,20240309,EQ0012,A013,WT2,P4,Desgaste de neumáticos,Eléctrico,3.3,2.15,3860.71,False,training_fact_mantenimiento_export.csv,2026-06-23T00:00:00,1410,Medidor de energía Sintético 0012
MT001411,20240612,EQ0037,A017,WT2,P3,Pérdida de comunicación PLC,Control,14.29,13.2,34057.29,False,training_fact_mantenimiento_export.csv,2026-06-23T00:00:00,1411,Servidor SCADA Sintético 0037
MT001412,20240116,EQ0046,A004,WT2,P3,Fuga hidráulica,Hidráulico,4.8,3.99,7005.84,False,training_fact_mantenimiento_export.csv,2026-06-23T00:00:00,1412,Perforadora Sintético 0046
MT001413,20240219,EQ0013,A017,WT1,P4,Falla de instrumentación,Control,2.66,1.95,3346.05,True,training_fact_mantenimiento_export.csv,2026-06-23T00:00:00,1413,Servidor Historiador Sintético 0013
MT001414,20240713,EQ0037,A017,WT2,P3,Falla de instrumentación,Control,2.92,1.2,6803.35,False,training_fact_mantenimiento_export.csv,2026-06-23T00:00:00,1414,Servidor SCADA Sintético 0037
MT001415,20241116,EQ0033,A010,WT2,P3,Falla de motor,Energía,2.95,1.34,2967.55,False,training_fact_mantenimiento_export.csv,2026-06-23T00:00:00,1415,Sistema de relaves Sintético 0033
MT001416,20240224,EQ0049,A005,WT1,P1,Falla eléctrica,Chancado,7.02,5.22,16428.58,True,training_fact_mantenimiento_export.csv,2026-06-23T00:00:00,1416,Chancador secundario Sintético 0049
MT001417,20240404,EQ0040,A008,WT2,P2,Trip de variador,Molienda,8.45,7.63,16562.97,False,training_fact_mantenimiento_export.csv,2026-06-23T00:00:00,1417,Molino de bolas Sintético 0040
MT001418,20240118,EQ0058,A005,WT1,P2,Desalineamiento de correa,Instrumentación,5.17,2.11,7843.05,True,training_fact_mantenimiento_export.csv,2026-06-23T00:00:00,1418,Alimentador Sintético 0058
MT001419,20240225,EQ0033,A010,WT1,P2,Bloqueo de chancador,Mecánico,4.87,4.6,5716.16,True,training_fact_mantenimiento_export.csv,2026-06-23T00:00:00,1419,Sistema de relaves Sintético 0033
MT001420,20240903,EQ0024,A017,WT2,P2,Falla de instrumentación,Control,3.73,2.42,2175.5,False,training_fact_mantenimiento_export.csv,2026-06-23T00:00:00,1420,Servidor Historiador Sintético 0024
MT001421,20240201,EQ0035,A004,WT2,P2,Fuga hidráulica,Control,5.88,3.51,13458.44,False,training_fact_mantenimiento_export.csv,2026-06-23T00:00:00,1421,Perforadora Sintético 0035
MT001422,20240209,EQ0055,A010,WT1,P3,Falla de bomba de pulpa,Eléctrico,1.57,1.21,2654.62,True,training_fact_mantenimiento_export.csv,2026-06-23T00:00:00,1422,Espesador Sintético 0055
MT001423,20240222,EQ0001,A017,WT2,P3,Deriva de sensor,Control,4.75,4.48,6999.44,False,training_fact_mantenimiento_export.csv,2026-06-23T00:00:00,1423,PLC Sintético 0001
MT001424,20241219,EQ0005,A017,WT2,P1,Pérdida de comunicación PLC,Control,4.07,2.02,7021.99,False,training_fact_mantenimiento_export.csv,2026-06-23T00:00:00,1424,PLC Sintético 0005
MT001425,20241217,EQ0010,A017,WT1,P4,Pérdida de comunicación PLC,Control,4.32,4.01,9427.13,True,training_fact_mantenimiento_export.csv,2026-06-23T00:00:00,1425,Switch industrial Sintético 0010
MT001426,20241024,EQ0016,A017,WT1,P3,Falla de instrumentación,Control,7.22,3.25,7442.06,True,training_fact_mantenimiento_export.csv,2026-06-23T00:00:00,1426,Switch industrial Sintético 0016
MT001427,20240228,EQ0036,A004,WT1,P2,Deriva de sensor,Seguridad,1.52,1.28,2214.85,True,training_fact_mantenimiento_export.csv,2026-06-23T00:00:00,1427,Sistema dispatch Sintético 0036
MT001428,20241114,EQ0029,A004,WT2,P1,Alta vibración,Control,11.2,8.75,22901.27,False,training_fact_mantenimiento_export.csv,2026-06-23T00:00:00,1428,Pala hidráulica Sintético 0029
MT001429,20241109,EQ0035,A004,WT2,P4,Alta vibración,Control,15.85,10.43,34476.66,False,training_fact_mantenimiento_export.csv,2026-06-23T00:00:00,1429,Perforadora Sintético 0035
MT001430,20240901,EQ0057,A017,WT1,P2,Falla de instrumentación,Control,1.79,1.24,3291.63,True,training_fact_mantenimiento_export.csv,2026-06-23T00:00:00,1430,Sistema de control distribuido Sintético 0057
MT001431,20240910,EQ0001,A017,WT1,P2,Falla de instrumentación,Control,2.36,2.21,3767.33,True,training_fact_mantenimiento_export.csv,2026-06-23T00:00:00,1431,PLC Sintético 0001
MT001432,20240718,EQ0059,A009,WT1,P2,Desgaste de neumáticos,Energía,2.95,2.41,3571.55,True,training_fact_mantenimiento_export.csv,2026-06-23T00:00:00,1432,Celda de flotación Sintético 0059
MT001433,20240420,EQ0019,A004,WT2,P2,Falla de sello mecánico,Mecánico,15.6,14.73,14432.89,False,training_fact_mantenimiento_export.csv,2026-06-23T00:00:00,1433,Camión aljibe Sintético 0019
MT001434,20240907,EQ0031,A017,WT2,P3,Falla de pala,Seguridad,14.06,6.25,23975.46,False,training_fact_mantenimiento_export.csv,2026-06-23T00:00:00,1434,Sensor de vibración Sintético 0031
MT001435,20240417,EQ0010,A017,WT1,P3,Deriva de sensor,Control,0.07,0.04,126.49,True,training_fact_mantenimiento_export.csv,2026-06-23T00:00:00,1435,Switch industrial Sintético 0010
MT001436,20240802,EQ0035,A004,WT1,P2,Fuga hidráulica,Hidráulico,2.65,1.38,3682.15,True,training_fact_mantenimiento_export.csv,2026-06-23T00:00:00,1436,Perforadora Sintético 0035
MT001437,20240912,EQ0015,A004,WT2,P2,Baja presión,Energía,8.63,4.89,19815.42,False,training_fact_mantenimiento_export.csv,2026-06-23T00:00:00,1437,Cargador frontal Sintético 0015
MT001438,20241022,EQ0027,A017,WT1,P4,Falla de instrumentación,Control,4.13,3.84,3120.48,True,training_fact_mantenimiento_export.csv,2026-06-23T00:00:00,1438,Sistema de control distribuido Sintético 0027
MT001439,20241216,EQ0013,A017,WT1,P3,Deriva de sensor,Control,4.32,3.01,6310.94,True,training_fact_mantenimiento_export.csv,2026-06-23T00:00:00,1439,Servidor Historiador Sintético 0013
MT001440,20240308,EQ0054,A005,WT1,P3,Alta vibración,Chancado,5.72,4.89,10075.33,True,training_fact_mantenimiento_export.csv,2026-06-23T00:00:00,1440,Chancador primario Sintético 0054
MT001441,20240122,EQ0037,A017,WT1,P2,Falla de instrumentación,Control,6.79,2.62,15530.98,True,training_fact_mantenimiento_export.csv,2026-06-23T00:00:00,1441,Servidor SCADA Sintético 0037
MT001442,20240218,EQ0052,A010,WT1,P4,Falla de transmisión,Eléctrico,1.55,1.05,1487.32,True,training_fact_mantenimiento_export.csv,2026-06-23T00:00:00,1442,Sistema de relaves Sintético 0052
MT001443,20240421,EQ0056,A005,WT2,P3,Falla de pala,Mecánico,12.34,11.41,11433.49,False,training_fact_mantenimiento_export.csv,2026-06-23T00:00:00,1443,Harnero Sintético 0056
MT001444,20240905,EQ0016,A017,WT1,P2,Falla de instrumentación,Control,4.36,2.51,6083.38,True,training_fact_mantenimiento_export.csv,2026-06-23T00:00:00,1444,Switch industrial Sintético 0016
MT001445,20241017,EQ0029,A004,WT2,P4,Falla de pala,Control,4.89,3.24,8911.62,False,training_fact_mantenimiento_export.csv,2026-06-23T00:00:00,1445,Pala hidráulica Sintético 0029
MT001446,20240314,EQ0005,A017,WT1,P2,Pérdida de comunicación PLC,Control,2.79,1.54,2965.84,True,training_fact_mantenimiento_export.csv,2026-06-23T00:00:00,1446,PLC Sintético 0005
MT001447,20241214,EQ0059,A009,WT1,P1,Falla de instrumentación,Instrumentación,0.42,0.33,609.6,True,training_fact_mantenimiento_export.csv,2026-06-23T00:00:00,1447,Celda de flotación Sintético 0059
MT001448,20241224,EQ0005,A017,WT1,P2,Pérdida de comunicación PLC,Control,1.75,0.67,1222.9,True,training_fact_mantenimiento_export.csv,2026-06-23T00:00:00,1448,PLC Sintético 0005
MT001449,20240901,EQ0010,A017,WT1,P3,Falla de instrumentación,Control,0.9,0.64,2046.21,True,training_fact_mantenimiento_export.csv,2026-06-23T00:00:00,1449,Switch industrial Sintético 0010
MT001450,20240224,EQ0055,A010,WT2,P2,Falla de bomba de pulpa,Mecánico,7.34,3.26,6118.73,False,training_fact_mantenimiento_export.csv,2026-06-23T00:00:00,1450,Espesador Sintético 0055
MT001451,20240927,EQ0024,A017,WT1,P3,Falla de instrumentación,Control,2.36,1.5,2225.0,True,training_fact_mantenimiento_export.csv,2026-06-23T00:00:00,1451,Servidor Historiador Sintético 0024
MT001452,20240830,EQ0044,A012,WT2,P2,Baja presión,Bombas,6.29,4.2,8036.65,False,training_fact_mantenimiento_export.csv,2026-06-23T00:00:00,1452,Bomba de pulpa Sintético 0044
MT001453,20240427,EQ0039,A008,WT2,P4,Desgaste de revestimientos,Molienda,11.19,6.86,8059.02,False,training_fact_mantenimiento_export.csv,2026-06-23T00:00:00,1453,Molino SAG Sintético 0039
MT001454,20241018,EQ0011,A008,WT2,P1,Trip de variador,Molienda,4.25,1.74,9821.03,False,training_fact_mantenimiento_export.csv,2026-06-23T00:00:00,1454,Molino de bolas Sintético 0011
MT001455,20240106,EQ0040,A008,WT2,P2,Trip de variador,Molienda,12.77,8.91,22048.7,False,training_fact_mantenimiento_export.csv,2026-06-23T00:00:00,1455,Molino de bolas Sintético 0040
MT001456,20240413,EQ0043,A012,WT1,P3,Baja presión,Bombas,4.63,2.42,8047.36,True,training_fact_mantenimiento_export.csv,2026-06-23T00:00:00,1456,Bomba de pulpa Sintético 0043
MT001457,20240131,EQ0008,A017,WT1,P1,Deriva de sensor,Control,2.35,1.48,1980.43,True,training_fact_mantenimiento_export.csv,2026-06-23T00:00:00,1457,Servidor SCADA Sintético 0008
MT001458,20240902,EQ0025,A004,WT2,P2,Sobrecalentamiento,Mecánico,6.05,2.61,6738.66,False,training_fact_mantenimiento_export.csv,2026-06-23T00:00:00,1458,Bulldozer Sintético 0025
MT001459,20240924,EQ0007,A004,WT1,P4,Falla de transmisión,Neumáticos,5.84,2.76,6993.46,True,training_fact_mantenimiento_export.csv,2026-06-23T00:00:00,1459,Camión CAEX Sintético 0007
MT001460,20241216,EQ0036,A004,WT2,P1,Pérdida de comunicación PLC,Mecánico,5.28,3.86,3196.34,False,training_fact_mantenimiento_export.csv,2026-06-23T00:00:00,1460,Sistema dispatch Sintético 0036
MT001461,20240630,EQ0006,A005,WT1,P2,Falla eléctrica,Chancado,4.46,4.22,5738.55,True,training_fact_mantenimiento_export.csv,2026-06-23T00:00:00,1461,Chancador secundario Sintético 0006
MT001462,20241215,EQ0036,A004,WT1,P2,Falla de sello mecánico,Eléctrico,2.53,2.37,3398.22,True,training_fact_mantenimiento_export.csv,2026-06-23T00:00:00,1462,Sistema dispatch Sintético 0036
MT001463,20240417,EQ0045,A017,WT1,P3,Pérdida de comunicación PLC,Control,6.52,2.91,11523.9,True,training_fact_mantenimiento_export.csv,2026-06-23T00:00:00,1463,RTU Sintético 0045
MT001464,20240224,EQ0041,A005,WT1,P2,Alta vibración,Chancado,5.42,3.85,7114.09,True,training_fact_mantenimiento_export.csv,2026-06-23T00:00:00,1464,Chancador primario Sintético 0041
MT001465,20241229,EQ0005,A017,WT1,P3,Pérdida de comunicación PLC,Control,3.54,3.17,8418.03,True,training_fact_mantenimiento_export.csv,2026-06-23T00:00:00,1465,PLC Sintético 0005
MT001466,20240211,EQ0017,A004,WT1,P1,Falla de pala,Control,5.05,3.07,7070.41,True,training_fact_mantenimiento_export.csv,2026-06-23T00:00:00,1466,Pala eléctrica Sintético 0017
MT001467,20241031,EQ0054,A005,WT1,P1,Falla eléctrica,Chancado,1.85,1.55,2450.42,True,training_fact_mantenimiento_export.csv,2026-06-23T00:00:00,1467,Chancador primario Sintético 0054
MT001468,20240421,EQ0056,A005,WT2,P4,Falla de instrumentación,Mecánico,10.28,4.74,9962.5,False,training_fact_mantenimiento_export.csv,2026-06-23T00:00:00,1468,Harnero Sintético 0056
MT001469,20240418,EQ0007,A004,WT2,P2,Falla de transmisión,Mecánico,8.96,8.44,21416.78,False,training_fact_mantenimiento_export.csv,2026-06-23T00:00:00,1469,Camión CAEX Sintético 0007
MT001470,20240122,EQ0053,A004,WT1,P3,Alta vibración,Instrumentación,1.46,1.09,2968.81,True,training_fact_mantenimiento_export.csv,2026-06-23T00:00:00,1470,Motoniveladora Sintético 0053
MT001471,20240407,EQ0007,A004,WT1,P4,Falla de motor,Hidráulico,6.08,4.45,20586.01,True,training_fact_mantenimiento_export.csv,2026-06-23T00:00:00,1471,Camión CAEX Sintético 0007
MT001472,20240221,EQ0001,A017,WT1,P1,Falla de instrumentación,Control,3.84,2.73,2801.19,True,training_fact_mantenimiento_export.csv,2026-06-23T00:00:00,1472,PLC Sintético 0001
MT001473,20240708,EQ0008,A017,WT1,P3,Deriva de sensor,Control,2.92,2.61,1466.75,True,training_fact_mantenimiento_export.csv,2026-06-23T00:00:00,1473,Servidor SCADA Sintético 0008
MT001474,20240520,EQ0042,A004,WT2,P3,Alta vibración,Control,3.34,1.86,7877.91,False,training_fact_mantenimiento_export.csv,2026-06-23T00:00:00,1474,Pala hidráulica Sintético 0042
MT001475,20240419,EQ0060,A017,WT2,P2,Pérdida de comunicación PLC,Control,4.74,2.38,5980.5,False,training_fact_mantenimiento_export.csv,2026-06-23T00:00:00,1475,RTU Sintético 0060
MT001476,20240105,EQ0033,A010,WT2,P2,Trip de variador,Energía,3.77,2.58,6656.47,False,training_fact_mantenimiento_export.csv,2026-06-23T00:00:00,1476,Sistema de relaves Sintético 0033
MT001477,20241024,EQ0013,A017,WT1,P1,Pérdida de comunicación PLC,Control,3.74,3.52,8609.26,True,training_fact_mantenimiento_export.csv,2026-06-23T00:00:00,1477,Servidor Historiador Sintético 0013
MT001478,20240126,EQ0031,A017,WT1,P3,Falla de bomba de pulpa,Energía,7.49,7.04,3726.24,True,training_fact_mantenimiento_export.csv,2026-06-23T00:00:00,1478,Sensor de vibración Sintético 0031
MT001479,20240227,EQ0027,A017,WT1,P2,Pérdida de comunicación PLC,Control,2.79,1.2,2187.57,True,training_fact_mantenimiento_export.csv,2026-06-23T00:00:00,1479,Sistema de control distribuido Sintético 0027
MT001480,20241219,EQ0007,A004,WT1,P2,Falla de transmisión,Mecánico,6.71,2.73,19419.84,True,training_fact_mantenimiento_export.csv,2026-06-23T00:00:00,1480,Camión CAEX Sintético 0007
MT001481,20241021,EQ0022,A004,WT1,P2,Falla de pala,Energía,6.22,5.23,11071.01,True,training_fact_mantenimiento_export.csv,2026-06-23T00:00:00,1481,Sistema dispatch Sintético 0022
MT001482,20240920,EQ0033,A010,WT1,P3,Falla de sello mecánico,Seguridad,3.19,2.38,4214.62,True,training_fact_mantenimiento_export.csv,2026-06-23T00:00:00,1482,Sistema de relaves Sintético 0033
MT001483,20240208,EQ0046,A004,WT1,P4,Fuga hidráulica,Mecánico,2.15,1.59,4994.89,True,training_fact_mantenimiento_export.csv,2026-06-23T00:00:00,1483,Perforadora Sintético 0046
MT001484,20240424,EQ0045,A017,WT1,P3,Pérdida de comunicación PLC,Control,1.71,1.33,2967.4,True,training_fact_mantenimiento_export.csv,2026-06-23T00:00:00,1484,RTU Sintético 0045
MT001485,20240408,EQ0011,A008,WT2,P3,Trip de variador,Molienda,1.2,0.48,608.91,False,training_fact_mantenimiento_export.csv,2026-06-23T00:00:00,1485,Molino de bolas Sintético 0011
MT001486,20240214,EQ0001,A017,WT2,P1,Falla de instrumentación,Control,9.59,5.89,6217.81,False,training_fact_mantenimiento_export.csv,2026-06-23T00:00:00,1486,PLC Sintético 0001
MT001487,20240418,EQ0057,A017,WT2,P2,Falla de instrumentación,Control,11.46,7.49,24935.41,False,training_fact_mantenimiento_export.csv,2026-06-23T00:00:00,1487,Sistema de control distribuido Sintético 0057
MT001488,20240624,EQ0026,A004,WT2,P2,Falla de pala,Hidráulico,8.04,6.07,18636.47,False,training_fact_mantenimiento_export.csv,2026-06-23T00:00:00,1488,Pala eléctrica Sintético 0026
MT001489,20240403,EQ0022,A004,WT1,P3,Bloqueo de chancador,Instrumentación,2.67,1.9,2480.64,True,training_fact_mantenimiento_export.csv,2026-06-23T00:00:00,1489,Sistema dispatch Sintético 0022
MT001490,20240806,EQ0038,A004,WT2,P3,Fuga hidráulica,Energía,18.9,15.32,16767.83,False,training_fact_mantenimiento_export.csv,2026-06-23T00:00:00,1490,Camión aljibe Sintético 0038
MT001491,20240715,EQ0015,A004,WT2,P2,Alta vibración,Energía,10.58,7.29,5659.06,False,training_fact_mantenimiento_export.csv,2026-06-23T00:00:00,1491,Cargador frontal Sintético 0015
MT001492,20240410,EQ0009,A004,WT1,P3,Desgaste de neumáticos,Hidráulico,3.79,2.81,3711.18,True,training_fact_mantenimiento_export.csv,2026-06-23T00:00:00,1492,Camión CAEX Sintético 0009
MT001493,20241019,EQ0035,A004,WT2,P3,Alta vibración,Hidráulico,2.2,0.84,2033.39,False,training_fact_mantenimiento_export.csv,2026-06-23T00:00:00,1493,Perforadora Sintético 0035
MT001494,20240726,EQ0060,A017,WT1,P3,Pérdida de comunicación PLC,Control,3.08,2.29,6856.25,True,training_fact_mantenimiento_export.csv,2026-06-23T00:00:00,1494,RTU Sintético 0060
MT001495,20241229,EQ0025,A004,WT1,P4,Falla de instrumentación,Energía,2.78,1.86,1979.56,True,training_fact_mantenimiento_export.csv,2026-06-23T00:00:00,1495,Bulldozer Sintético 0025
MT001496,20240614,EQ0042,A004,WT1,P2,Fuga hidráulica,Mecánico,2.58,1.59,1544.72,True,training_fact_mantenimiento_export.csv,2026-06-23T00:00:00,1496,Pala hidráulica Sintético 0042
MT001497,20240920,EQ0027,A017,WT1,P3,Deriva de sensor,Control,4.29,3.33,10119.46,True,training_fact_mantenimiento_export.csv,2026-06-23T00:00:00,1497,Sistema de control distribuido Sintético 0027
MT001498,20240821,EQ0042,A004,WT1,P1,Fuga hidráulica,Control,3.04,1.16,2017.17,True,training_fact_mantenimiento_export.csv,2026-06-23T00:00:00,1498,Pala hidráulica Sintético 0042
MT001499,20240124,EQ0044,A012,WT1,P1,Falla de sello mecánico,Bombas,8.46,6.92,6624.0,True,training_fact_mantenimiento_export.csv,2026-06-23T00:00:00,1499,Bomba de pulpa Sintético 0044
MT001500,20240602,EQ0028,A005,WT1,P1,Falla eléctrica,Mecánico,3.93,3.48,5805.69,True,training_fact_mantenimiento_export.csv,2026-06-23T00:00:00,1500,Harnero Sintético 0028
MT001501,20240531,EQ0028,A005,WT2,P2,Pérdida de comunicación PLC,Mecánico,10.54,4.68,10316.35,False,training_fact_mantenimiento_export.csv,2026-06-23T00:00:00,1501,Harnero Sintético 0028
MT001502,20240702,EQ0006,A005,WT2,P1,Alta vibración,Chancado,23.25,13.54,29319.8,False,training_fact_mantenimiento_export.csv,2026-06-23T00:00:00,1502,Chancador secundario Sintético 0006
MT001503,20241020,EQ0048,A004,WT1,P4,Falla de pala,Control,0.99,0.86,1244.88,True,training_fact_mantenimiento_export.csv,2026-06-23T00:00:00,1503,Pala eléctrica Sintético 0048
MT001504,20240214,EQ0055,A010,WT1,P3,Desgaste de revestimientos,Energía,1.24,0.52,1952.35,True,training_fact_mantenimiento_export.csv,2026-06-23T00:00:00,1504,Espesador Sintético 0055
MT001505,20240921,EQ0001,A017,WT2,P3,Deriva de sensor,Control,2.88,1.47,1404.11,False,training_fact_mantenimiento_export.csv,2026-06-23T00:00:00,1505,PLC Sintético 0001
MT001506,20240319,EQ0004,A017,WT2,P3,Baja presión,Instrumentación,14.01,11.76,28460.91,False,training_fact_mantenimiento_export.csv,2026-06-23T00:00:00,1506,Sensor de vibración Sintético 0004
MT001507,20240622,EQ0040,A008,WT2,P4,Trip de variador,Molienda,7.72,4.51,8831.79,False,training_fact_mantenimiento_export.csv,2026-06-23T00:00:00,1507,Molino de bolas Sintético 0040
MT001508,20240620,EQ0047,A004,WT2,P1,Falla de instrumentación,Instrumentación,22.47,12.88,53757.44,False,training_fact_mantenimiento_export.csv,2026-06-23T00:00:00,1508,Bulldozer Sintético 0047
MT001509,20241124,EQ0033,A010,WT1,P1,Fuga hidráulica,Mecánico,4.08,2.48,8652.04,True,training_fact_mantenimiento_export.csv,2026-06-23T00:00:00,1509,Sistema de relaves Sintético 0033
MT001510,20240712,EQ0011,A008,WT1,P3,Trip de variador,Molienda,3.06,2.85,1483.88,True,training_fact_mantenimiento_export.csv,2026-06-23T00:00:00,1510,Molino de bolas Sintético 0011
MT001511,20240720,EQ0042,A004,WT2,P3,Alta vibración,Hidráulico,1.92,0.79,4003.46,False,training_fact_mantenimiento_export.csv,2026-06-23T00:00:00,1511,Pala hidráulica Sintético 0042
MT001512,20241010,EQ0044,A012,WT1,P1,Baja presión,Bombas,1.27,0.75,1067.94,True,training_fact_mantenimiento_export.csv,2026-06-23T00:00:00,1512,Bomba de pulpa Sintético 0044
MT001513,20240417,EQ0032,A008,WT2,P3,Desgaste de revestimientos,Molienda,4.98,2.92,2244.05,False,training_fact_mantenimiento_export.csv,2026-06-23T00:00:00,1513,Molino SAG Sintético 0032
MT001514,20240307,EQ0030,A006,WT2,P2,Obstrucción de chute,Correas,35.41,33.22,19046.63,False,training_fact_mantenimiento_export.csv,2026-06-23T00:00:00,1514,Correa transportadora Sintético 0030
MT001515,20240407,EQ0032,A008,WT1,P4,Alta vibración,Molienda,3.07,1.67,6528.16,True,training_fact_mantenimiento_export.csv,2026-06-23T00:00:00,1515,Molino SAG Sintético 0032
MT001516,20240912,EQ0028,A005,WT2,P3,Baja presión,Energía,21.9,20.11,24884.92,False,training_fact_mantenimiento_export.csv,2026-06-23T00:00:00,1516,Harnero Sintético 0028
MT001517,20240722,EQ0050,A004,WT1,P4,Desgaste de neumáticos,Energía,2.55,1.55,2782.96,True,training_fact_mantenimiento_export.csv,2026-06-23T00:00:00,1517,Motoniveladora Sintético 0050
MT001518,20240615,EQ0060,A017,WT2,P2,Deriva de sensor,Control,1.08,0.69,2175.63,False,training_fact_mantenimiento_export.csv,2026-06-23T00:00:00,1518,RTU Sintético 0060
MT001519,20240601,EQ0043,A012,WT2,P1,Falla de sello mecánico,Bombas,3.39,2.6,8087.09,False,training_fact_mantenimiento_export.csv,2026-06-23T00:00:00,1519,Bomba de pulpa Sintético 0043
MT001520,20240111,EQ0060,A017,WT1,P3,Falla de instrumentación,Control,2.91,1.9,6402.86,True,training_fact_mantenimiento_export.csv,2026-06-23T00:00:00,1520,RTU Sintético 0060
MT001521,20240307,EQ0053,A004,WT1,P3,Falla eléctrica,Mecánico,3.46,1.74,8049.69,True,training_fact_mantenimiento_export.csv,2026-06-23T00:00:00,1521,Motoniveladora Sintético 0053
MT001522,20240119,EQ0004,A017,WT1,P2,Desgaste de revestimientos,Energía,5.38,4.62,3349.42,True,training_fact_mantenimiento_export.csv,2026-06-23T00:00:00,1522,Sensor de vibración Sintético 0004
MT001523,20240405,EQ0026,A004,WT1,P2,Fuga hidráulica,Hidráulico,1.15,0.62,1429.89,True,training_fact_mantenimiento_export.csv,2026-06-23T00:00:00,1523,Pala eléctrica Sintético 0026
MT001524,20240709,EQ0054,A005,WT1,P1,Bloqueo de chancador,Chancado,3.82,3.32,3532.37,True,training_fact_mantenimiento_export.csv,2026-06-23T00:00:00,1524,Chancador primario Sintético 0054
MT001525,20241206,EQ0026,A004,WT1,P3,Alta vibración,Mecánico,2.73,2.54,4510.85,True,training_fact_mantenimiento_export.csv,2026-06-23T00:00:00,1525,Pala eléctrica Sintético 0026
MT001526,20240904,EQ0001,A017,WT1,P2,Pérdida de comunicación PLC,Control,0.97,0.67,2276.65,True,training_fact_mantenimiento_export.csv,2026-06-23T00:00:00,1526,PLC Sintético 0001
MT001527,20240813,EQ0005,A017,WT1,P1,Falla de instrumentación,Control,1.04,0.5,2433.73,True,training_fact_mantenimiento_export.csv,2026-06-23T00:00:00,1527,PLC Sintético 0005
MT001528,20241111,EQ0037,A017,WT2,P3,Falla de instrumentación,Control,3.04,1.44,5304.98,False,training_fact_mantenimiento_export.csv,2026-06-23T00:00:00,1528,Servidor SCADA Sintético 0037
MT001529,20240818,EQ0053,A004,WT1,P3,Falla de bomba de pulpa,Energía,2.56,2.22,5025.58,True,training_fact_mantenimiento_export.csv,2026-06-23T00:00:00,1529,Motoniveladora Sintético 0053
MT001530,20240326,EQ0050,A004,WT1,P3,Desgaste de revestimientos,Eléctrico,1.2,0.65,2574.46,True,training_fact_mantenimiento_export.csv,2026-06-23T00:00:00,1530,Motoniveladora Sintético 0050
MT001531,20240918,EQ0054,A005,WT2,P3,Alta vibración,Chancado,10.3,6.81,13489.73,False,training_fact_mantenimiento_export.csv,2026-06-23T00:00:00,1531,Chancador primario Sintético 0054
MT001532,20241026,EQ0020,A013,WT2,P2,Obstrucción de chute,Mecánico,13.08,10.81,19984.58,False,training_fact_mantenimiento_export.csv,2026-06-23T00:00:00,1532,Medidor de energía Sintético 0020
MT001533,20240418,EQ0057,A017,WT2,P3,Falla de instrumentación,Control,2.66,1.09,5736.25,False,training_fact_mantenimiento_export.csv,2026-06-23T00:00:00,1533,Sistema de control distribuido Sintético 0057
MT001534,20240305,EQ0043,A012,WT2,P4,Baja presión,Bombas,19.14,12.0,23243.7,False,training_fact_mantenimiento_export.csv,2026-06-23T00:00:00,1534,Bomba de pulpa Sintético 0043
MT001535,20240727,EQ0013,A017,WT1,P2,Falla de instrumentación,Control,2.61,1.99,3087.33,True,training_fact_mantenimiento_export.csv,2026-06-23T00:00:00,1535,Servidor Historiador Sintético 0013
MT001536,20240826,EQ0037,A017,WT2,P1,Deriva de sensor,Control,11.98,8.47,24850.86,False,training_fact_mantenimiento_export.csv,2026-06-23T00:00:00,1536,Servidor SCADA Sintético 0037
MT001537,20240920,EQ0001,A017,WT2,P2,Pérdida de comunicación PLC,Control,7.04,4.31,15151.68,False,training_fact_mantenimiento_export.csv,2026-06-23T00:00:00,1537,PLC Sintético 0001
MT001538,20240303,EQ0028,A005,WT2,P3,Sobrecalentamiento,Eléctrico,6.48,3.76,12518.4,False,training_fact_mantenimiento_export.csv,2026-06-23T00:00:00,1538,Harnero Sintético 0028
MT001539,20240408,EQ0015,A004,WT2,P3,Deriva de sensor,Energía,3.63,1.54,4943.99,False,training_fact_mantenimiento_export.csv,2026-06-23T00:00:00,1539,Cargador frontal Sintético 0015
MT001540,20240817,EQ0052,A010,WT1,P2,Bloqueo de chancador,Eléctrico,2.33,1.69,2915.12,True,training_fact_mantenimiento_export.csv,2026-06-23T00:00:00,1540,Sistema de relaves Sintético 0052
MT001541,20240630,EQ0009,A004,WT2,P3,Falla de transmisión,Neumáticos,4.82,1.99,4752.45,False,training_fact_mantenimiento_export.csv,2026-06-23T00:00:00,1541,Camión CAEX Sintético 0009
MT001542,20240409,EQ0042,A004,WT1,P3,Falla de pala,Control,2.96,2.0,3192.89,True,training_fact_mantenimiento_export.csv,2026-06-23T00:00:00,1542,Pala hidráulica Sintético 0042
MT001543,20240717,EQ0032,A008,WT1,P2,Desgaste de revestimientos,Molienda,0.99,0.45,894.54,True,training_fact_mantenimiento_export.csv,2026-06-23T00:00:00,1543,Molino SAG Sintético 0032
MT001544,20240518,EQ0048,A004,WT1,P3,Falla de pala,Mecánico,0.61,0.25,497.63,True,training_fact_mantenimiento_export.csv,2026-06-23T00:00:00,1544,Pala eléctrica Sintético 0048
MT001545,20240524,EQ0016,A017,WT2,P1,Pérdida de comunicación PLC,Control,3.36,2.21,6428.27,False,training_fact_mantenimiento_export.csv,2026-06-23T00:00:00,1545,Switch industrial Sintético 0016
MT001546,20240824,EQ0005,A017,WT1,P3,Pérdida de comunicación PLC,Control,2.89,1.6,5018.81,True,training_fact_mantenimiento_export.csv,2026-06-23T00:00:00,1546,PLC Sintético 0005
MT001547,20240417,EQ0040,A008,WT2,P3,Desgaste de revestimientos,Molienda,2.44,1.6,1421.51,False,training_fact_mantenimiento_export.csv,2026-06-23T00:00:00,1547,Molino de bolas Sintético 0040
MT001548,20240713,EQ0013,A017,WT1,P4,Pérdida de comunicación PLC,Control,6.51,3.08,5001.98,True,training_fact_mantenimiento_export.csv,2026-06-23T00:00:00,1548,Servidor Historiador Sintético 0013
MT001549,20240322,EQ0044,A012,WT1,P2,Falla de sello mecánico,Bombas,2.23,2.07,2563.43,True,training_fact_mantenimiento_export.csv,2026-06-23T00:00:00,1549,Bomba de pulpa Sintético 0044
MT001550,20240202,EQ0036,A004,WT1,P2,Fuga hidráulica,Energía,4.92,1.91,6426.21,True,training_fact_mantenimiento_export.csv,2026-06-23T00:00:00,1550,Sistema dispatch Sintético 0036
MT001551,20240917,EQ0027,A017,WT2,P2,Deriva de sensor,Control,3.65,1.67,7689.0,False,training_fact_mantenimiento_export.csv,2026-06-23T00:00:00,1551,Sistema de control distribuido Sintético 0027
MT001552,20240814,EQ0050,A004,WT1,P2,Falla de bomba de pulpa,Seguridad,0.84,0.66,439.24,True,training_fact_mantenimiento_export.csv,2026-06-23T00:00:00,1552,Motoniveladora Sintético 0050
MT001553,20240526,EQ0013,A017,WT2,P4,Falla de instrumentación,Control,0.12,0.11,109.87,False,training_fact_mantenimiento_export.csv,2026-06-23T00:00:00,1553,Servidor Historiador Sintético 0013
MT001554,20240724,EQ0047,A004,WT2,P3,Fuga hidráulica,Instrumentación,4.68,1.9,10185.58,False,training_fact_mantenimiento_export.csv,2026-06-23T00:00:00,1554,Bulldozer Sintético 0047
MT001555,20241007,EQ0040,A008,WT1,P3,Desgaste de revestimientos,Molienda,1.5,0.59,1758.57,True,training_fact_mantenimiento_export.csv,2026-06-23T00:00:00,1555,Molino de bolas Sintético 0040
MT001556,20240928,EQ0029,A004,WT1,P3,Falla de pala,Mecánico,1.51,1.06,1341.63,True,training_fact_mantenimiento_export.csv,2026-06-23T00:00:00,1556,Pala hidráulica Sintético 0029
MT001557,20241008,EQ0032,A008,WT1,P1,Trip de variador,Molienda,0.72,0.45,1137.91,True,training_fact_mantenimiento_export.csv,2026-06-23T00:00:00,1557,Molino SAG Sintético 0032
MT001558,20241107,EQ0050,A004,WT2,P2,Falla eléctrica,Mecánico,6.18,3.07,14351.66,False,training_fact_mantenimiento_export.csv,2026-06-23T00:00:00,1558,Motoniveladora Sintético 0050
MT001559,20240908,EQ0024,A017,WT2,P2,Pérdida de comunicación PLC,Control,6.33,2.88,14371.92,False,training_fact_mantenimiento_export.csv,2026-06-23T00:00:00,1559,Servidor Historiador Sintético 0024
MT001560,20240313,EQ0054,A005,WT2,P4,Bloqueo de chancador,Chancado,13.49,11.68,19891.63,False,training_fact_mantenimiento_export.csv,2026-06-23T00:00:00,1560,Chancador primario Sintético 0054
MT001561,20240613,EQ0060,A017,WT2,P2,Pérdida de comunicación PLC,Control,5.89,2.65,3843.53,False,training_fact_mantenimiento_export.csv,2026-06-23T00:00:00,1561,RTU Sintético 0060
MT001562,20240903,EQ0036,A004,WT2,P2,Falla de instrumentación,Instrumentación,10.07,7.82,7411.23,False,training_fact_mantenimiento_export.csv,2026-06-23T00:00:00,1562,Sistema dispatch Sintético 0036
MT001563,20240623,EQ0029,A004,WT1,P4,Fuga hidráulica,Hidráulico,10.47,8.91,11112.7,True,training_fact_mantenimiento_export.csv,2026-06-23T00:00:00,1563,Pala hidráulica Sintético 0029
MT001564,20240509,EQ0009,A004,WT2,P3,Falla de motor,Mecánico,9.28,3.64,28654.29,False,training_fact_mantenimiento_export.csv,2026-06-23T00:00:00,1564,Camión CAEX Sintético 0009
MT001565,20240627,EQ0024,A017,WT2,P3,Falla de instrumentación,Control,7.5,6.03,15058.61,False,training_fact_mantenimiento_export.csv,2026-06-23T00:00:00,1565,Servidor Historiador Sintético 0024
MT001566,20240327,EQ0037,A017,WT1,P1,Deriva de sensor,Control,3.25,2.5,7659.69,True,training_fact_mantenimiento_export.csv,2026-06-23T00:00:00,1566,Servidor SCADA Sintético 0037
MT001567,20240117,EQ0020,A013,WT1,P2,Corte de correa,Seguridad,1.85,1.27,2653.77,True,training_fact_mantenimiento_export.csv,2026-06-23T00:00:00,1567,Medidor de energía Sintético 0020
MT001568,20240917,EQ0019,A004,WT2,P2,Desgaste de revestimientos,Instrumentación,3.46,1.47,5474.65,False,training_fact_mantenimiento_export.csv,2026-06-23T00:00:00,1568,Camión aljibe Sintético 0019
MT001569,20241124,EQ0004,A017,WT1,P4,Falla de instrumentación,Eléctrico,2.2,1.98,2351.63,True,training_fact_mantenimiento_export.csv,2026-06-23T00:00:00,1569,Sensor de vibración Sintético 0004
MT001570,20240707,EQ0022,A004,WT1,P4,Fuga hidráulica,Energía,1.5,1.35,2168.23,True,training_fact_mantenimiento_export.csv,2026-06-23T00:00:00,1570,Sistema dispatch Sintético 0022
MT001571,20240724,EQ0020,A013,WT2,P3,Falla eléctrica,Seguridad,4.23,2.43,7867.7,False,training_fact_mantenimiento_export.csv,2026-06-23T00:00:00,1571,Medidor de energía Sintético 0020
MT001572,20241123,EQ0054,A005,WT1,P4,Falla eléctrica,Chancado,2.05,1.17,1082.54,True,training_fact_mantenimiento_export.csv,2026-06-23T00:00:00,1572,Chancador primario Sintético 0054
MT001573,20240813,EQ0005,A017,WT1,P2,Falla de instrumentación,Control,2.28,1.58,4964.96,True,training_fact_mantenimiento_export.csv,2026-06-23T00:00:00,1573,PLC Sintético 0005
MT001574,20240329,EQ0060,A017,WT1,P1,Deriva de sensor,Control,2.17,1.91,3573.07,True,training_fact_mantenimiento_export.csv,2026-06-23T00:00:00,1574,RTU Sintético 0060
MT001575,20240528,EQ0037,A017,WT1,P3,Deriva de sensor,Control,2.48,2.26,2629.52,True,training_fact_mantenimiento_export.csv,2026-06-23T00:00:00,1575,Servidor SCADA Sintético 0037
MT001576,20240304,EQ0043,A012,WT1,P4,Baja presión,Bombas,3.27,1.71,3527.94,True,training_fact_mantenimiento_export.csv,2026-06-23T00:00:00,1576,Bomba de pulpa Sintético 0043
MT001577,20240617,EQ0041,A005,WT1,P4,Alta vibración,Chancado,1.92,1.34,4568.78,True,training_fact_mantenimiento_export.csv,2026-06-23T00:00:00,1577,Chancador primario Sintético 0041
MT001578,20240703,EQ0019,A004,WT2,P2,Bloqueo de chancador,Instrumentación,4.08,2.4,4214.66,False,training_fact_mantenimiento_export.csv,2026-06-23T00:00:00,1578,Camión aljibe Sintético 0019
MT001579,20240424,EQ0045,A017,WT1,P4,Deriva de sensor,Control,0.9,0.46,1391.32,True,training_fact_mantenimiento_export.csv,2026-06-23T00:00:00,1579,RTU Sintético 0045
MT001580,20241015,EQ0017,A004,WT1,P2,Falla de pala,Hidráulico,4.14,1.58,4769.01,True,training_fact_mantenimiento_export.csv,2026-06-23T00:00:00,1580,Pala eléctrica Sintético 0017
MT001581,20241224,EQ0017,A004,WT2,P2,Falla de pala,Mecánico,21.31,11.66,32615.64,False,training_fact_mantenimiento_export.csv,2026-06-23T00:00:00,1581,Pala eléctrica Sintético 0017
MT001582,20240708,EQ0003,A004,WT1,P2,Falla de pala,Seguridad,3.21,1.82,4098.38,True,training_fact_mantenimiento_export.csv,2026-06-23T00:00:00,1582,Cargador frontal Sintético 0003
MT001583,20240511,EQ0057,A017,WT2,P2,Deriva de sensor,Control,9.67,7.28,13557.91,False,training_fact_mantenimiento_export.csv,2026-06-23T00:00:00,1583,Sistema de control distribuido Sintético 0057
MT001584,20240605,EQ0004,A017,WT1,P2,Falla eléctrica,Seguridad,1.26,0.94,764.0,True,training_fact_mantenimiento_export.csv,2026-06-23T00:00:00,1584,Sensor de vibración Sintético 0004
MT001585,20240120,EQ0025,A004,WT1,P3,Falla de transmisión,Instrumentación,7.19,6.75,4128.81,True,training_fact_mantenimiento_export.csv,2026-06-23T00:00:00,1585,Bulldozer Sintético 0025
MT001586,20240823,EQ0005,A017,WT2,P4,Deriva de sensor,Control,11.43,8.67,24170.34,False,training_fact_mantenimiento_export.csv,2026-06-23T00:00:00,1586,PLC Sintético 0005
MT001587,20240407,EQ0059,A009,WT1,P4,Deriva de sensor,Eléctrico,0.52,0.24,1093.85,True,training_fact_mantenimiento_export.csv,2026-06-23T00:00:00,1587,Celda de flotación Sintético 0059
MT001588,20240713,EQ0041,A005,WT1,P2,Bloqueo de chancador,Chancado,3.58,2.56,8442.48,True,training_fact_mantenimiento_export.csv,2026-06-23T00:00:00,1588,Chancador primario Sintético 0041
MT001589,20240922,EQ0035,A004,WT1,P1,Falla de pala,Control,2.88,1.36,4734.95,True,training_fact_mantenimiento_export.csv,2026-06-23T00:00:00,1589,Perforadora Sintético 0035
MT001590,20240821,EQ0012,A013,WT1,P2,Obstrucción de chute,Eléctrico,2.91,1.36,3022.09,True,training_fact_mantenimiento_export.csv,2026-06-23T00:00:00,1590,Medidor de energía Sintético 0012
MT001591,20240722,EQ0055,A010,WT2,P2,Desalineamiento de correa,Mecánico,2.73,2.48,5884.52,False,training_fact_mantenimiento_export.csv,2026-06-23T00:00:00,1591,Espesador Sintético 0055
MT001592,20241004,EQ0005,A017,WT2,P3,Falla de instrumentación,Control,3.25,1.57,7466.77,False,training_fact_mantenimiento_export.csv,2026-06-23T00:00:00,1592,PLC Sintético 0005
MT001593,20240211,EQ0026,A004,WT1,P2,Falla de pala,Mecánico,1.33,0.87,1363.36,True,training_fact_mantenimiento_export.csv,2026-06-23T00:00:00,1593,Pala eléctrica Sintético 0026
MT001594,20241225,EQ0060,A017,WT2,P1,Pérdida de comunicación PLC,Control,9.11,8.18,11495.95,False,training_fact_mantenimiento_export.csv,2026-06-23T00:00:00,1594,RTU Sintético 0060
MT001595,20240716,EQ0023,A010,WT2,P1,Falla de transmisión,Eléctrico,6.52,4.74,9369.91,False,training_fact_mantenimiento_export.csv,2026-06-23T00:00:00,1595,Filtro Sintético 0023
MT001596,20240330,EQ0043,A012,WT2,P3,Falla de sello mecánico,Bombas,7.02,4.51,9082.7,False,training_fact_mantenimiento_export.csv,2026-06-23T00:00:00,1596,Bomba de pulpa Sintético 0043
MT001597,20240114,EQ0003,A004,WT1,P3,Desgaste de neumáticos,Mecánico,1.62,0.93,2575.66,True,training_fact_mantenimiento_export.csv,2026-06-23T00:00:00,1597,Cargador frontal Sintético 0003
MT001598,20240808,EQ0037,A017,WT1,P3,Falla de instrumentación,Control,1.32,0.6,2929.68,True,training_fact_mantenimiento_export.csv,2026-06-23T00:00:00,1598,Servidor SCADA Sintético 0037
MT001599,20240715,EQ0040,A008,WT2,P1,Trip de variador,Molienda,1.11,0.96,2475.59,False,training_fact_mantenimiento_export.csv,2026-06-23T00:00:00,1599,Molino de bolas Sintético 0040
MT001600,20240808,EQ0033,A010,WT1,P2,Desgaste de revestimientos,Seguridad,0.89,0.75,582.39,True,training_fact_mantenimiento_export.csv,2026-06-23T00:00:00,1600,Sistema de relaves Sintético 0033
MT001601,20240109,EQ0035,A004,WT1,P4,Alta vibración,Control,0.83,0.75,1528.14,True,training_fact_mantenimiento_export.csv,2026-06-23T00:00:00,1601,Perforadora Sintético 0035
MT001602,20240324,EQ0058,A005,WT1,P4,Sobrecalentamiento,Energía,14.43,11.85,10102.23,True,training_fact_mantenimiento_export.csv,2026-06-23T00:00:00,1602,Alimentador Sintético 0058
MT001603,20240901,EQ0044,A012,WT1,P4,Falla de sello mecánico,Bombas,0.47,0.31,513.01,True,training_fact_mantenimiento_export.csv,2026-06-23T00:00:00,1603,Bomba de pulpa Sintético 0044
MT001604,20241218,EQ0037,A017,WT1,P4,Deriva de sensor,Control,3.29,1.61,4027.27,True,training_fact_mantenimiento_export.csv,2026-06-23T00:00:00,1604,Servidor SCADA Sintético 0037
MT001605,20240805,EQ0007,A004,WT1,P3,Desgaste de neumáticos,Neumáticos,4.22,3.72,13599.51,True,training_fact_mantenimiento_export.csv,2026-06-23T00:00:00,1605,Camión CAEX Sintético 0007
MT001606,20241015,EQ0003,A004,WT1,P4,Alta vibración,Mecánico,0.55,0.27,634.81,True,training_fact_mantenimiento_export.csv,2026-06-23T00:00:00,1606,Cargador frontal Sintético 0003
MT001607,20241203,EQ0001,A017,WT1,P4,Deriva de sensor,Control,4.09,2.65,6641.99,True,training_fact_mantenimiento_export.csv,2026-06-23T00:00:00,1607,PLC Sintético 0001
MT001608,20240322,EQ0036,A004,WT1,P3,Falla de transmisión,Seguridad,2.55,1.93,4300.82,True,training_fact_mantenimiento_export.csv,2026-06-23T00:00:00,1608,Sistema dispatch Sintético 0036
MT001609,20240526,EQ0034,A010,WT1,P1,Alta vibración,Instrumentación,1.77,1.53,2045.03,True,training_fact_mantenimiento_export.csv,2026-06-23T00:00:00,1609,Filtro Sintético 0034
MT001610,20241225,EQ0026,A004,WT1,P2,Fuga hidráulica,Control,8.52,7.33,15431.54,True,training_fact_mantenimiento_export.csv,2026-06-23T00:00:00,1610,Pala eléctrica Sintético 0026
MT001611,20240920,EQ0042,A004,WT2,P3,Fuga hidráulica,Mecánico,1.15,0.67,1695.15,False,training_fact_mantenimiento_export.csv,2026-06-23T00:00:00,1611,Pala hidráulica Sintético 0042
MT001612,20240323,EQ0060,A017,WT1,P3,Deriva de sensor,Control,3.18,1.43,3434.45,True,training_fact_mantenimiento_export.csv,2026-06-23T00:00:00,1612,RTU Sintético 0060
MT001613,20240314,EQ0017,A004,WT1,P2,Fuga hidráulica,Hidráulico,5.22,3.44,6988.96,True,training_fact_mantenimiento_export.csv,2026-06-23T00:00:00,1613,Pala eléctrica Sintético 0017
MT001614,20240402,EQ0030,A006,WT1,P1,Obstrucción de chute,Correas,3.65,3.21,3095.6,True,training_fact_mantenimiento_export.csv,2026-06-23T00:00:00,1614,Correa transportadora Sintético 0030
MT001615,20240519,EQ0003,A004,WT1,P2,Alta vibración,Mecánico,7.55,4.11,3894.72,True,training_fact_mantenimiento_export.csv,2026-06-23T00:00:00,1615,Cargador frontal Sintético 0003
MT001616,20240105,EQ0047,A004,WT1,P4,Sobrecalentamiento,Instrumentación,1.56,1.07,1810.79,True,training_fact_mantenimiento_export.csv,2026-06-23T00:00:00,1616,Bulldozer Sintético 0047
MT001617,20240202,EQ0002,A004,WT1,P1,Desgaste de neumáticos,Hidráulico,2.42,1.14,7868.95,True,training_fact_mantenimiento_export.csv,2026-06-23T00:00:00,1617,Camión CAEX Sintético 0002
MT001618,20240211,EQ0050,A004,WT2,P3,Bloqueo de chancador,Eléctrico,17.28,13.89,20581.13,False,training_fact_mantenimiento_export.csv,2026-06-23T00:00:00,1618,Motoniveladora Sintético 0050
MT001619,20241219,EQ0046,A004,WT2,P3,Fuga hidráulica,Hidráulico,34.9,25.34,75995.94,False,training_fact_mantenimiento_export.csv,2026-06-23T00:00:00,1619,Perforadora Sintético 0046
MT001620,20240129,EQ0004,A017,WT1,P1,Deriva de sensor,Mecánico,6.15,4.93,3740.44,True,training_fact_mantenimiento_export.csv,2026-06-23T00:00:00,1620,Sensor de vibración Sintético 0004
MT001621,20241102,EQ0060,A017,WT2,P2,Falla de instrumentación,Control,8.05,4.39,11017.31,False,training_fact_mantenimiento_export.csv,2026-06-23T00:00:00,1621,RTU Sintético 0060
MT001622,20241207,EQ0058,A005,WT2,P3,Falla de bomba de pulpa,Eléctrico,1.66,1.27,1701.16,False,training_fact_mantenimiento_export.csv,2026-06-23T00:00:00,1622,Alimentador Sintético 0058
MT001623,20240428,EQ0023,A010,WT1,P3,Falla eléctrica,Eléctrico,1.71,0.81,2156.2,True,training_fact_mantenimiento_export.csv,2026-06-23T00:00:00,1623,Filtro Sintético 0023
MT001624,20241109,EQ0032,A008,WT1,P4,Alta vibración,Molienda,1.39,0.86,2514.52,True,training_fact_mantenimiento_export.csv,2026-06-23T00:00:00,1624,Molino SAG Sintético 0032
MT001625,20240902,EQ0047,A004,WT2,P4,Desgaste de neumáticos,Eléctrico,14.79,12.71,15585.08,False,training_fact_mantenimiento_export.csv,2026-06-23T00:00:00,1625,Bulldozer Sintético 0047
MT001626,20240906,EQ0050,A004,WT1,P3,Pérdida de comunicación PLC,Instrumentación,3.84,2.58,2764.4,True,training_fact_mantenimiento_export.csv,2026-06-23T00:00:00,1626,Motoniveladora Sintético 0050
MT001627,20241205,EQ0002,A004,WT1,P3,Falla de motor,Hidráulico,2.35,2.1,1806.56,True,training_fact_mantenimiento_export.csv,2026-06-23T00:00:00,1627,Camión CAEX Sintético 0002
MT001628,20240521,EQ0039,A008,WT1,P1,Alta vibración,Molienda,3.51,2.96,3634.22,True,training_fact_mantenimiento_export.csv,2026-06-23T00:00:00,1628,Molino SAG Sintético 0039
MT001629,20240426,EQ0010,A017,WT1,P3,Deriva de sensor,Control,2.8,1.9,5172.09,True,training_fact_mantenimiento_export.csv,2026-06-23T00:00:00,1629,Switch industrial Sintético 0010
MT001630,20241002,EQ0028,A005,WT2,P3,Falla de pala,Eléctrico,10.32,5.92,14092.43,False,training_fact_mantenimiento_export.csv,2026-06-23T00:00:00,1630,Harnero Sintético 0028
MT001631,20240718,EQ0057,A017,WT1,P2,Pérdida de comunicación PLC,Control,5.06,4.08,12018.98,True,training_fact_mantenimiento_export.csv,2026-06-23T00:00:00,1631,Sistema de control distribuido Sintético 0057
MT001632,20240625,EQ0017,A004,WT2,P3,Falla de pala,Control,2.18,1.76,1950.19,False,training_fact_mantenimiento_export.csv,2026-06-23T00:00:00,1632,Pala eléctrica Sintético 0017
MT001633,20241102,EQ0031,A017,WT1,P2,Alta vibración,Eléctrico,2.63,1.78,5855.51,True,training_fact_mantenimiento_export.csv,2026-06-23T00:00:00,1633,Sensor de vibración Sintético 0031
MT001634,20241217,EQ0012,A013,WT1,P3,Falla eléctrica,Eléctrico,0.62,0.28,1273.69,True,training_fact_mantenimiento_export.csv,2026-06-23T00:00:00,1634,Medidor de energía Sintético 0012
MT001635,20240309,EQ0058,A005,WT2,P3,Baja presión,Mecánico,10.58,5.95,20747.9,False,training_fact_mantenimiento_export.csv,2026-06-23T00:00:00,1635,Alimentador Sintético 0058
MT001636,20240113,EQ0043,A012,WT1,P3,Falla de sello mecánico,Bombas,5.39,3.52,9735.11,True,training_fact_mantenimiento_export.csv,2026-06-23T00:00:00,1636,Bomba de pulpa Sintético 0043
MT001637,20241001,EQ0012,A013,WT1,P2,Falla de pala,Eléctrico,3.5,3.21,1716.76,True,training_fact_mantenimiento_export.csv,2026-06-23T00:00:00,1637,Medidor de energía Sintético 0012
MT001638,20240103,EQ0005,A017,WT1,P2,Pérdida de comunicación PLC,Control,1.78,1.46,3466.57,True,training_fact_mantenimiento_export.csv,2026-06-23T00:00:00,1638,PLC Sintético 0005
MT001639,20240923,EQ0046,A004,WT2,P3,Falla de pala,Hidráulico,6.13,5.05,5247.95,False,training_fact_mantenimiento_export.csv,2026-06-23T00:00:00,1639,Perforadora Sintético 0046
MT001640,20240519,EQ0015,A004,WT1,P2,Falla de sello mecánico,Eléctrico,0.94,0.46,968.24,True,training_fact_mantenimiento_export.csv,2026-06-23T00:00:00,1640,Cargador frontal Sintético 0015
MT001641,20240123,EQ0048,A004,WT2,P4,Falla de pala,Hidráulico,8.23,3.86,7242.52,False,training_fact_mantenimiento_export.csv,2026-06-23T00:00:00,1641,Pala eléctrica Sintético 0048
MT001642,20241103,EQ0032,A008,WT2,P4,Desgaste de revestimientos,Molienda,1.89,1.76,2427.59,False,training_fact_mantenimiento_export.csv,2026-06-23T00:00:00,1642,Molino SAG Sintético 0032
MT001643,20241127,,A005,WT2,P4,Falla eléctrica,Chancado,8.24,4.48,7153.89,False,training_fact_mantenimiento_export.csv,2026-06-23T00:00:00,1643,Chancador primario Sintético 0054
MT001644,20240906,EQ0014,A010,WT1,P2,Alta vibración,Energía,1.94,1.46,4099.3,True,training_fact_mantenimiento_export.csv,2026-06-23T00:00:00,1644,Espesador Sintético 0014
MT001645,20240913,EQ0018,A009,WT2,P4,Deriva de sensor,Seguridad,8.19,6.63,14543.51,False,training_fact_mantenimiento_export.csv,2026-06-23T00:00:00,1645,Celda de flotación Sintético 0018
MT001646,20240428,EQ0033,A010,WT1,P1,Fuga hidráulica,Eléctrico,2.61,1.77,4458.09,True,training_fact_mantenimiento_export.csv,2026-06-23T00:00:00,1646,Sistema de relaves Sintético 0033
MT001647,20240623,EQ0055,A010,WT1,P3,Pérdida de comunicación PLC,Mecánico,2.53,1.07,4790.25,True,training_fact_mantenimiento_export.csv,2026-06-23T00:00:00,1647,Espesador Sintético 0055
MT001648,20240206,EQ0022,A004,WT1,P4,Trip de variador,Energía,0.37,0.21,392.92,True,training_fact_mantenimiento_export.csv,2026-06-23T00:00:00,1648,Sistema dispatch Sintético 0022
MT001649,20240104,EQ0037,A017,WT2,P1,Falla de instrumentación,Control,6.67,6.08,10194.21,False,training_fact_mantenimiento_export.csv,2026-06-23T00:00:00,1649,Servidor SCADA Sintético 0037
MT001650,20240725,EQ0017,A004,WT1,P3,Alta vibración,Control,2.63,1.83,4475.77,True,training_fact_mantenimiento_export.csv,2026-06-23T00:00:00,1650,Pala eléctrica Sintético 0017
MT001651,20240426,EQ0041,A005,WT1,P3,Falla eléctrica,Chancado,3.22,2.97,4985.31,True,training_fact_mantenimiento_export.csv,2026-06-23T00:00:00,1651,Chancador primario Sintético 0041
MT001652,20240724,EQ0043,A012,WT1,P1,Baja presión,Bombas,2.98,1.41,4698.58,True,training_fact_mantenimiento_export.csv,2026-06-23T00:00:00,1652,Bomba de pulpa Sintético 0043
MT001653,20240726,EQ0006,A005,WT1,P2,Bloqueo de chancador,Chancado,1.64,0.69,933.79,True,training_fact_mantenimiento_export.csv,2026-06-23T00:00:00,1653,Chancador secundario Sintético 0006
MT001654,20240112,EQ0015,A004,WT2,P1,Baja presión,Instrumentación,6.99,5.28,9350.21,False,training_fact_mantenimiento_export.csv,2026-06-23T00:00:00,1654,Cargador frontal Sintético 0015
MT001655,20241222,EQ0031,A017,WT2,P3,Falla de motor,Instrumentación,6.98,3.76,11013.95,False,training_fact_mantenimiento_export.csv,2026-06-23T00:00:00,1655,Sensor de vibración Sintético 0031
MT001656,20241030,EQ0012,A013,WT2,P3,Corte de correa,Instrumentación,2.24,1.58,1481.81,False,training_fact_mantenimiento_export.csv,2026-06-23T00:00:00,1656,Medidor de energía Sintético 0012
MT001657,20240121,EQ0013,A017,WT2,P4,Pérdida de comunicación PLC,Control,7.44,4.38,5992.57,False,training_fact_mantenimiento_export.csv,2026-06-23T00:00:00,1657,Servidor Historiador Sintético 0013
MT001658,20241004,EQ0011,A008,WT2,P3,Desgaste de revestimientos,Molienda,12.08,6.3,18823.48,False,training_fact_mantenimiento_export.csv,2026-06-23T00:00:00,1658,Molino de bolas Sintético 0011
MT001659,20240229,EQ0041,A005,WT1,P3,Falla eléctrica,Chancado,4.16,1.79,3289.24,True,training_fact_mantenimiento_export.csv,2026-06-23T00:00:00,1659,Chancador primario Sintético 0041
MT001660,20240630,EQ0013,A017,WT2,P2,Deriva de sensor,Control,2.18,1.51,3150.87,False,training_fact_mantenimiento_export.csv,2026-06-23T00:00:00,1660,Servidor Historiador Sintético 0013
MT001661,20240620,EQ0060,A017,WT1,P1,Falla de instrumentación,Control,4.07,1.67,3580.33,True,training_fact_mantenimiento_export.csv,2026-06-23T00:00:00,1661,RTU Sintético 0060
MT001662,20240304,EQ0001,A017,WT2,P2,Falla de instrumentación,Control,2.13,1.68,1690.75,False,training_fact_mantenimiento_export.csv,2026-06-23T00:00:00,1662,PLC Sintético 0001
MT001663,20240629,EQ0019,A004,WT2,P1,Pérdida de comunicación PLC,Eléctrico,3.13,1.66,6245.13,False,training_fact_mantenimiento_export.csv,2026-06-23T00:00:00,1663,Camión aljibe Sintético 0019
MT001664,20240713,EQ0043,A012,WT2,P4,Baja presión,Bombas,2.27,1.05,4610.81,False,training_fact_mantenimiento_export.csv,2026-06-23T00:00:00,1664,Bomba de pulpa Sintético 0043
MT001665,20240501,EQ0028,A005,WT2,P2,Falla de sello mecánico,Mecánico,8.08,6.89,8829.86,False,training_fact_mantenimiento_export.csv,2026-06-23T00:00:00,1665,Harnero Sintético 0028
MT001666,20240818,EQ0034,A010,WT1,P3,Trip de variador,Seguridad,7.49,6.69,8088.25,True,training_fact_mantenimiento_export.csv,2026-06-23T00:00:00,1666,Filtro Sintético 0034
MT001667,20240315,EQ0004,A017,WT2,P4,Deriva de sensor,Instrumentación,4.47,2.02,5609.92,False,training_fact_mantenimiento_export.csv,2026-06-23T00:00:00,1667,Sensor de vibración Sintético 0004
MT001668,20241129,EQ0003,A004,WT2,P2,Falla eléctrica,Seguridad,3.71,3.42,3109.0,False,training_fact_mantenimiento_export.csv,2026-06-23T00:00:00,1668,Cargador frontal Sintético 0003
MT001669,20241110,EQ0011,A008,WT2,P2,Alta vibración,Molienda,24.83,16.08,37796.44,False,training_fact_mantenimiento_export.csv,2026-06-23T00:00:00,1669,Molino de bolas Sintético 0011
MT001670,20240327,EQ0029,A004,WT1,P2,Fuga hidráulica,Hidráulico,2.17,0.97,5080.68,True,training_fact_mantenimiento_export.csv,2026-06-23T00:00:00,1670,Pala hidráulica Sintético 0029
MT001671,20240609,EQ0031,A017,WT1,P3,Corte de correa,Seguridad,1.37,0.81,2656.77,True,training_fact_mantenimiento_export.csv,2026-06-23T00:00:00,1671,Sensor de vibración Sintético 0031
MT001672,20241013,EQ0051,A006,WT2,P2,Corte de correa,Correas,3.25,2.25,3229.11,False,training_fact_mantenimiento_export.csv,2026-06-23T00:00:00,1672,Correa transportadora Sintético 0051
MT001673,20240616,EQ0008,A017,WT2,P2,Deriva de sensor,Control,5.66,3.0,6421.12,False,training_fact_mantenimiento_export.csv,2026-06-23T00:00:00,1673,Servidor SCADA Sintético 0008
MT001674,20240703,EQ0029,A004,WT1,P3,Alta vibración,Control,2.19,1.81,1814.86,True,training_fact_mantenimiento_export.csv,2026-06-23T00:00:00,1674,Pala hidráulica Sintético 0029
MT001675,20241010,EQ0022,A004,WT1,P2,Sobrecalentamiento,Seguridad,6.22,2.78,11277.18,True,training_fact_mantenimiento_export.csv,2026-06-23T00:00:00,1675,Sistema dispatch Sintético 0022
MT001676,20240120,EQ0060,A017,WT2,P2,Falla de instrumentación,Control,5.3,4.69,5884.25,False,training_fact_mantenimiento_export.csv,2026-06-23T00:00:00,1676,RTU Sintético 0060
MT001677,20240709,EQ0057,A017,WT2,P2,Falla de instrumentación,Control,0.64,0.4,1379.72,False,training_fact_mantenimiento_export.csv,2026-06-23T00:00:00,1677,Sistema de control distribuido Sintético 0057
MT001678,20241020,EQ0007,A004,WT1,P2,Desgaste de neumáticos,Mecánico,1.56,1.46,4201.68,True,training_fact_mantenimiento_export.csv,2026-06-23T00:00:00,1678,Camión CAEX Sintético 0007
MT001679,20240718,EQ0040,A008,WT2,P3,Desgaste de revestimientos,Molienda,2.16,1.37,2488.44,False,training_fact_mantenimiento_export.csv,2026-06-23T00:00:00,1679,Molino de bolas Sintético 0040
MT001680,20240730,EQ0037,A017,WT1,P2,Falla de instrumentación,Control,1.77,0.69,2120.59,True,training_fact_mantenimiento_export.csv,2026-06-23T00:00:00,1680,Servidor SCADA Sintético 0037
MT001681,20240916,EQ0001,A017,WT1,P3,Falla de instrumentación,Control,2.05,1.23,1454.9,True,training_fact_mantenimiento_export.csv,2026-06-23T00:00:00,1681,PLC Sintético 0001
MT001682,20240118,EQ0032,A008,WT2,P2,Desgaste de revestimientos,Molienda,3.47,2.1,4735.95,False,training_fact_mantenimiento_export.csv,2026-06-23T00:00:00,1682,Molino SAG Sintético 0032
MT001683,20241026,EQ0042,A004,WT2,P3,Fuga hidráulica,Mecánico,3.28,1.92,7446.04,False,training_fact_mantenimiento_export.csv,2026-06-23T00:00:00,1683,Pala hidráulica Sintético 0042
MT001684,20240906,EQ0036,A004,WT1,P3,Falla de pala,Instrumentación,1.3,1.05,2197.93,True,training_fact_mantenimiento_export.csv,2026-06-23T00:00:00,1684,Sistema dispatch Sintético 0036
MT001685,20240713,EQ0040,A008,WT1,P2,Trip de variador,Molienda,2.68,1.91,3732.17,True,training_fact_mantenimiento_export.csv,2026-06-23T00:00:00,1685,Molino de bolas Sintético 0040
MT001686,20240723,EQ0032,A008,WT1,P2,Desgaste de revestimientos,Molienda,2.27,2.03,2822.25,True,training_fact_mantenimiento_export.csv,2026-06-23T00:00:00,1686,Molino SAG Sintético 0032
MT001687,20241107,EQ0056,A005,WT2,P3,Alta vibración,Eléctrico,7.1,5.23,11670.09,False,training_fact_mantenimiento_export.csv,2026-06-23T00:00:00,1687,Harnero Sintético 0056
MT001688,20240527,EQ0034,A010,WT2,P3,Fuga hidráulica,Seguridad,17.43,12.43,38668.03,False,training_fact_mantenimiento_export.csv,2026-06-23T00:00:00,1688,Filtro Sintético 0034
MT001689,20241120,EQ0044,A012,WT1,P4,Falla de bomba de pulpa,Bombas,3.09,1.65,3774.65,True,training_fact_mantenimiento_export.csv,2026-06-23T00:00:00,1689,Bomba de pulpa Sintético 0044
MT001690,20240203,EQ0055,A010,WT1,P3,Bloqueo de chancador,Instrumentación,3.54,2.68,5837.65,True,training_fact_mantenimiento_export.csv,2026-06-23T00:00:00,1690,Espesador Sintético 0055
MT001691,20240402,EQ0033,A010,WT1,P2,Deriva de sensor,Seguridad,2.77,2.16,6539.15,True,training_fact_mantenimiento_export.csv,2026-06-23T00:00:00,1691,Sistema de relaves Sintético 0033
MT001692,20241121,EQ0022,A004,WT1,P1,Bloqueo de chancador,Eléctrico,0.83,0.34,1344.6,True,training_fact_mantenimiento_export.csv,2026-06-23T00:00:00,1692,Sistema dispatch Sintético 0022
MT001693,20240925,EQ0041,A005,WT1,P2,Bloqueo de chancador,Chancado,0.49,0.2,879.17,True,training_fact_mantenimiento_export.csv,2026-06-23T00:00:00,1693,Chancador primario Sintético 0041
MT001694,20241206,EQ0040,A008,WT2,P2,Desgaste de revestimientos,Molienda,3.51,1.76,7605.05,False,training_fact_mantenimiento_export.csv,2026-06-23T00:00:00,1694,Molino de bolas Sintético 0040
MT001695,20240309,EQ0047,A004,WT2,P1,Falla de sello mecánico,Mecánico,5.48,3.91,7341.81,False,training_fact_mantenimiento_export.csv,2026-06-23T00:00:00,1695,Bulldozer Sintético 0047
MT001696,20241208,EQ0014,A010,WT1,P2,Baja presión,Eléctrico,2.8,2.08,1587.51,True,training_fact_mantenimiento_export.csv,2026-06-23T00:00:00,1696,Espesador Sintético 0014
MT001697,20240416,EQ0002,A004,WT1,P3,Falla de motor,Mecánico,1.22,0.71,2308.09,True,training_fact_mantenimiento_export.csv,2026-06-23T00:00:00,1697,Camión CAEX Sintético 0002
MT001698,20240819,EQ0022,A004,WT1,P3,Falla de transmisión,Eléctrico,4.99,2.59,3530.55,True,training_fact_mantenimiento_export.csv,2026-06-23T00:00:00,1698,Sistema dispatch Sintético 0022
MT001699,20240204,EQ0047,A004,WT2,P1,Falla de bomba de pulpa,Instrumentación,2.46,1.17,5370.73,False,training_fact_mantenimiento_export.csv,2026-06-23T00:00:00,1699,Bulldozer Sintético 0047
MT001700,20240124,EQ0033,A010,WT1,P1,Falla de transmisión,Eléctrico,2.28,1.26,4554.36,True,training_fact_mantenimiento_export.csv,2026-06-23T00:00:00,1700,Sistema de relaves Sintético 0033
MT001701,20240515,EQ0005,A017,WT2,P2,Falla de instrumentación,Control,7.48,4.78,14512.54,False,training_fact_mantenimiento_export.csv,2026-06-23T00:00:00,1701,PLC Sintético 0005
MT001702,20240821,EQ0043,A012,WT1,P1,Falla de bomba de pulpa,Bombas,2.96,2.14,3734.14,True,training_fact_mantenimiento_export.csv,2026-06-23T00:00:00,1702,Bomba de pulpa Sintético 0043
MT001703,20240410,EQ0036,A004,WT2,P2,Sobrecalentamiento,Energía,23.75,20.81,45554.2,False,training_fact_mantenimiento_export.csv,2026-06-23T00:00:00,1703,Sistema dispatch Sintético 0036
MT001704,20241101,EQ0055,A010,WT1,P2,Falla de transmisión,Energía,3.73,2.77,5886.65,True,training_fact_mantenimiento_export.csv,2026-06-23T00:00:00,1704,Espesador Sintético 0055
MT001705,20240316,EQ0024,A017,WT2,P2,Pérdida de comunicación PLC,Control,6.56,4.54,4309.6,False,training_fact_mantenimiento_export.csv,2026-06-23T00:00:00,1705,Servidor Historiador Sintético 0024
MT001706,20241229,EQ0043,A012,WT2,P3,Baja presión,Bombas,12.64,7.3,9506.2,False,training_fact_mantenimiento_export.csv,2026-06-23T00:00:00,1706,Bomba de pulpa Sintético 0043
MT001707,20241004,EQ0053,A004,WT1,P3,Falla de bomba de pulpa,Instrumentación,4.51,2.82,9289.0,True,training_fact_mantenimiento_export.csv,2026-06-23T00:00:00,1707,Motoniveladora Sintético 0053
MT001708,20240724,EQ0042,A004,WT2,P2,Falla de pala,Control,1.9,1.42,4114.82,False,training_fact_mantenimiento_export.csv,2026-06-23T00:00:00,1708,Pala hidráulica Sintético 0042
MT001709,20240509,EQ0055,A010,WT2,P3,Falla de motor,Eléctrico,5.17,3.84,8807.49,False,training_fact_mantenimiento_export.csv,2026-06-23T00:00:00,1709,Espesador Sintético 0055
MT001710,20240510,EQ0026,A004,WT2,P3,Alta vibración,Mecánico,9.92,4.96,9254.18,False,training_fact_mantenimiento_export.csv,2026-06-23T00:00:00,1710,Pala eléctrica Sintético 0026
MT001711,20240203,EQ0002,A004,WT2,P2,Falla de motor,Mecánico,8.11,6.82,26023.27,False,training_fact_mantenimiento_export.csv,2026-06-23T00:00:00,1711,Camión CAEX Sintético 0002
MT001712,20240613,EQ0015,A004,WT2,P2,Falla de bomba de pulpa,Energía,4.75,4.05,10242.04,False,training_fact_mantenimiento_export.csv,2026-06-23T00:00:00,1712,Cargador frontal Sintético 0015
MT001713,20240306,EQ0010,A017,WT1,P3,Falla de instrumentación,Control,5.92,5.56,10837.75,True,training_fact_mantenimiento_export.csv,2026-06-23T00:00:00,1713,Switch industrial Sintético 0010
MT001714,20240729,EQ0043,A012,WT2,P2,Falla de bomba de pulpa,Bombas,19.91,17.72,38601.74,False,training_fact_mantenimiento_export.csv,2026-06-23T00:00:00,1714,Bomba de pulpa Sintético 0043
MT001715,20240212,EQ0040,A008,WT1,P1,Trip de variador,Molienda,1.69,0.74,1121.53,True,training_fact_mantenimiento_export.csv,2026-06-23T00:00:00,1715,Molino de bolas Sintético 0040
MT001716,20241029,EQ0023,A010,WT2,P1,Sobrecalentamiento,Seguridad,24.37,15.3,46885.71,False,training_fact_mantenimiento_export.csv,2026-06-23T00:00:00,1716,Filtro Sintético 0023
MT001717,20240114,EQ0029,A004,WT2,P2,Falla de pala,Mecánico,10.8,4.46,23302.7,False,training_fact_mantenimiento_export.csv,2026-06-23T00:00:00,1717,Pala hidráulica Sintético 0029
MT001718,20241211,EQ0053,A004,WT2,P4,Trip de variador,Seguridad,7.11,5.82,12606.77,False,training_fact_mantenimiento_export.csv,2026-06-23T00:00:00,1718,Motoniveladora Sintético 0053
MT001719,20241228,EQ0021,A005,WT2,P2,Pérdida de comunicación PLC,Mecánico,16.97,14.89,38519.38,False,training_fact_mantenimiento_export.csv,2026-06-23T00:00:00,1719,Alimentador Sintético 0021
MT001720,20240323,EQ0052,A010,WT2,P2,Trip de variador,Energía,2.51,1.66,1575.6,False,training_fact_mantenimiento_export.csv,2026-06-23T00:00:00,1720,Sistema de relaves Sintético 0052
MT001721,20241026,EQ0011,A008,WT2,P3,Alta vibración,Molienda,10.85,5.27,8211.0,False,training_fact_mantenimiento_export.csv,2026-06-23T00:00:00,1721,Molino de bolas Sintético 0011
MT001722,20240401,EQ0005,A017,WT2,P1,Falla de instrumentación,Control,6.87,4.41,16336.29,False,training_fact_mantenimiento_export.csv,2026-06-23T00:00:00,1722,PLC Sintético 0005
MT001723,20240629,EQ0016,A017,WT2,P4,Pérdida de comunicación PLC,Control,12.89,5.86,27887.25,False,training_fact_mantenimiento_export.csv,2026-06-23T00:00:00,1723,Switch industrial Sintético 0016
MT001724,20241102,,A004,WT1,P4,Falla de motor,Energía,4.48,1.93,4283.75,True,training_fact_mantenimiento_export.csv,2026-06-23T00:00:00,1724,Cargador frontal Sintético 0003
MT001725,20240318,EQ0004,A017,WT1,P3,Baja presión,Instrumentación,6.89,3.1,15591.13,True,training_fact_mantenimiento_export.csv,2026-06-23T00:00:00,1725,Sensor de vibración Sintético 0004
MT001726,20240617,EQ0028,A005,WT1,P1,Baja presión,Mecánico,1.72,0.75,946.35,True,training_fact_mantenimiento_export.csv,2026-06-23T00:00:00,1726,Harnero Sintético 0028
MT001727,20240515,EQ0025,A004,WT1,P4,Obstrucción de chute,Eléctrico,4.2,3.73,5599.78,True,training_fact_mantenimiento_export.csv,2026-06-23T00:00:00,1727,Bulldozer Sintético 0025
MT001728,20240410,EQ0014,A010,WT2,P1,Corte de correa,Eléctrico,3.96,1.58,3280.55,False,training_fact_mantenimiento_export.csv,2026-06-23T00:00:00,1728,Espesador Sintético 0014
MT001729,20240605,EQ0010,A017,WT1,P1,Falla de instrumentación,Control,4.06,2.2,9145.34,True,training_fact_mantenimiento_export.csv,2026-06-23T00:00:00,1729,Switch industrial Sintético 0010
MT001730,20240214,EQ0015,A004,WT1,P3,Sobrecalentamiento,Instrumentación,3.34,1.66,7984.05,True,training_fact_mantenimiento_export.csv,2026-06-23T00:00:00,1730,Cargador frontal Sintético 0015
MT001731,20240709,EQ0045,A017,WT1,P3,Pérdida de comunicación PLC,Control,2.01,1.27,1338.6,True,training_fact_mantenimiento_export.csv,2026-06-23T00:00:00,1731,RTU Sintético 0045
MT001732,20240308,EQ0025,A004,WT1,P2,Falla de transmisión,Seguridad,1.8,0.95,3920.23,True,training_fact_mantenimiento_export.csv,2026-06-23T00:00:00,1732,Bulldozer Sintético 0025
MT001733,20240410,EQ0035,A004,WT2,P3,Fuga hidráulica,Mecánico,1.93,1.01,1118.23,False,training_fact_mantenimiento_export.csv,2026-06-23T00:00:00,1733,Perforadora Sintético 0035
MT001734,20240501,EQ0047,A004,WT2,P4,Falla de bomba de pulpa,Instrumentación,11.87,10.55,27058.56,False,training_fact_mantenimiento_export.csv,2026-06-23T00:00:00,1734,Bulldozer Sintético 0047
MT001735,20240624,EQ0047,A004,WT1,P3,Desgaste de revestimientos,Seguridad,3.64,2.76,8176.89,True,training_fact_mantenimiento_export.csv,2026-06-23T00:00:00,1735,Bulldozer Sintético 0047
MT001736,20240111,EQ0010,A017,WT1,P2,Falla de instrumentación,Control,2.47,1.35,4957.96,True,training_fact_mantenimiento_export.csv,2026-06-23T00:00:00,1736,Switch industrial Sintético 0010
MT001737,20240113,EQ0037,A017,WT2,P2,Falla de instrumentación,Control,8.01,4.51,4022.09,False,training_fact_mantenimiento_export.csv,2026-06-23T00:00:00,1737,Servidor SCADA Sintético 0037
MT001738,20241221,EQ0058,A005,WT2,P4,Falla de transmisión,Eléctrico,26.81,15.83,26063.16,False,training_fact_mantenimiento_export.csv,2026-06-23T00:00:00,1738,Alimentador Sintético 0058
MT001739,20241223,EQ0029,A004,WT1,P2,Alta vibración,Hidráulico,2.36,1.43,3527.14,True,training_fact_mantenimiento_export.csv,2026-06-23T00:00:00,1739,Pala hidráulica Sintético 0029
MT001740,20240719,EQ0037,A017,WT1,P4,Pérdida de comunicación PLC,Control,2.14,1.04,2831.98,True,training_fact_mantenimiento_export.csv,2026-06-23T00:00:00,1740,Servidor SCADA Sintético 0037
MT001741,20240202,EQ0053,A004,WT1,P1,Falla de motor,Seguridad,1.87,1.08,2452.43,True,training_fact_mantenimiento_export.csv,2026-06-23T00:00:00,1741,Motoniveladora Sintético 0053
MT001742,20241028,EQ0046,A004,WT2,P1,Fuga hidráulica,Hidráulico,9.76,8.58,17534.76,False,training_fact_mantenimiento_export.csv,2026-06-23T00:00:00,1742,Perforadora Sintético 0046
MT001743,20241102,EQ0022,A004,WT2,P2,Alta vibración,Seguridad,3.5,2.76,2570.24,False,training_fact_mantenimiento_export.csv,2026-06-23T00:00:00,1743,Sistema dispatch Sintético 0022
MT001744,20240610,EQ0010,A017,WT1,P2,Falla de instrumentación,Control,2.5,1.0,4205.59,True,training_fact_mantenimiento_export.csv,2026-06-23T00:00:00,1744,Switch industrial Sintético 0010
MT001745,20240209,EQ0041,A005,WT2,P4,Bloqueo de chancador,Chancado,5.73,4.83,4249.67,False,training_fact_mantenimiento_export.csv,2026-06-23T00:00:00,1745,Chancador primario Sintético 0041
MT001746,20241216,EQ0010,A017,WT1,P1,Falla de instrumentación,Control,3.74,2.29,3615.08,True,training_fact_mantenimiento_export.csv,2026-06-23T00:00:00,1746,Switch industrial Sintético 0010
MT001747,20241202,EQ0023,A010,WT1,P3,Alta vibración,Eléctrico,2.97,2.35,4756.77,True,training_fact_mantenimiento_export.csv,2026-06-23T00:00:00,1747,Filtro Sintético 0023
MT001748,20240604,EQ0019,A004,WT2,P3,Deriva de sensor,Instrumentación,10.09,6.1,18121.63,False,training_fact_mantenimiento_export.csv,2026-06-23T00:00:00,1748,Camión aljibe Sintético 0019
MT001749,20240526,EQ0009,A004,WT1,P2,Falla de transmisión,Mecánico,0.72,0.6,944.67,True,training_fact_mantenimiento_export.csv,2026-06-23T00:00:00,1749,Camión CAEX Sintético 0009
MT001750,20240525,EQ0054,A005,WT2,P3,Alta vibración,Chancado,6.05,4.59,6388.49,False,training_fact_mantenimiento_export.csv,2026-06-23T00:00:00,1750,Chancador primario Sintético 0054
MT001751,20240721,EQ0051,A006,WT2,P3,Corte de correa,Correas,9.29,7.09,17982.7,False,training_fact_mantenimiento_export.csv,2026-06-23T00:00:00,1751,Correa transportadora Sintético 0051
MT001752,20240923,EQ0051,A006,WT2,P2,Obstrucción de chute,Correas,14.27,12.59,22498.59,False,training_fact_mantenimiento_export.csv,2026-06-23T00:00:00,1752,Correa transportadora Sintético 0051
MT001753,20240704,EQ0020,A013,WT2,P3,Desalineamiento de correa,Energía,6.14,5.23,6488.72,False,training_fact_mantenimiento_export.csv,2026-06-23T00:00:00,1753,Medidor de energía Sintético 0020
MT001754,20240724,EQ0016,A017,WT2,P2,Pérdida de comunicación PLC,Control,6.29,4.15,9547.67,False,training_fact_mantenimiento_export.csv,2026-06-23T00:00:00,1754,Switch industrial Sintético 0016
MT001755,20240728,EQ0030,A006,WT2,P2,Corte de correa,Correas,17.94,13.58,12629.73,False,training_fact_mantenimiento_export.csv,2026-06-23T00:00:00,1755,Correa transportadora Sintético 0030
MT001756,20240422,EQ0025,A004,WT2,P3,Desgaste de neumáticos,Instrumentación,4.35,2.59,5527.07,False,training_fact_mantenimiento_export.csv,2026-06-23T00:00:00,1756,Bulldozer Sintético 0025
MT001757,20240814,EQ0023,A010,WT1,P2,Falla de sello mecánico,Mecánico,3.61,2.73,7169.52,True,training_fact_mantenimiento_export.csv,2026-06-23T00:00:00,1757,Filtro Sintético 0023
MT001758,20240101,EQ0030,A006,WT1,P1,Desalineamiento de correa,Correas,6.33,3.37,13705.74,True,training_fact_mantenimiento_export.csv,2026-06-23T00:00:00,1758,Correa transportadora Sintético 0030
MT001759,20240522,EQ0041,A005,WT2,P3,Bloqueo de chancador,Chancado,4.84,3.42,2248.87,False,training_fact_mantenimiento_export.csv,2026-06-23T00:00:00,1759,Chancador primario Sintético 0041
MT001760,20240215,EQ0020,A013,WT2,P3,Falla de transmisión,Eléctrico,5.29,4.47,9618.98,False,training_fact_mantenimiento_export.csv,2026-06-23T00:00:00,1760,Medidor de energía Sintético 0020
MT001761,20240426,EQ0046,A004,WT1,P3,Falla de pala,Mecánico,4.02,2.68,1892.93,True,training_fact_mantenimiento_export.csv,2026-06-23T00:00:00,1761,Perforadora Sintético 0046
MT001762,20240405,EQ0058,A005,WT2,P2,Alta vibración,Instrumentación,7.75,5.96,14734.48,False,training_fact_mantenimiento_export.csv,2026-06-23T00:00:00,1762,Alimentador Sintético 0058
MT001763,20240102,EQ0037,A017,WT1,P3,Pérdida de comunicación PLC,Control,3.55,1.93,7471.18,True,training_fact_mantenimiento_export.csv,2026-06-23T00:00:00,1763,Servidor SCADA Sintético 0037
MT001764,20240209,EQ0041,A005,WT1,P2,Bloqueo de chancador,Chancado,3.3,2.8,7423.97,True,training_fact_mantenimiento_export.csv,2026-06-23T00:00:00,1764,Chancador primario Sintético 0041
MT001765,20241110,EQ0035,A004,WT2,P3,Fuga hidráulica,Control,16.59,10.77,10496.73,False,training_fact_mantenimiento_export.csv,2026-06-23T00:00:00,1765,Perforadora Sintético 0035
MT001766,20240708,EQ0026,A004,WT1,P2,Alta vibración,Control,3.35,2.03,1587.15,True,training_fact_mantenimiento_export.csv,2026-06-23T00:00:00,1766,Pala eléctrica Sintético 0026
MT001767,20240917,EQ0002,A004,WT1,P3,Desgaste de neumáticos,Neumáticos,1.52,0.6,2569.38,True,training_fact_mantenimiento_export.csv,2026-06-23T00:00:00,1767,Camión CAEX Sintético 0002
MT001768,20240503,EQ0001,A017,WT2,P4,Pérdida de comunicación PLC,Control,7.06,3.08,6680.41,False,training_fact_mantenimiento_export.csv,2026-06-23T00:00:00,1768,PLC Sintético 0001
MT001769,20240125,EQ0027,A017,WT2,P3,Pérdida de comunicación PLC,Control,4.62,2.09,5790.65,False,training_fact_mantenimiento_export.csv,2026-06-23T00:00:00,1769,Sistema de control distribuido Sintético 0027
MT001770,20240913,EQ0004,A017,WT2,P3,Bloqueo de chancador,Seguridad,6.88,4.52,5324.17,False,training_fact_mantenimiento_export.csv,2026-06-23T00:00:00,1770,Sensor de vibración Sintético 0004
MT001771,20240606,EQ0016,A017,WT2,P1,Deriva de sensor,Control,12.65,5.36,24696.27,False,training_fact_mantenimiento_export.csv,2026-06-23T00:00:00,1771,Switch industrial Sintético 0016
MT001772,20240622,EQ0033,A010,WT2,P1,Falla de pala,Energía,4.83,3.55,8350.15,False,training_fact_mantenimiento_export.csv,2026-06-23T00:00:00,1772,Sistema de relaves Sintético 0033
MT001773,20240208,EQ0003,A004,WT1,P1,Desgaste de neumáticos,Instrumentación,2.29,1.08,2795.36,True,training_fact_mantenimiento_export.csv,2026-06-23T00:00:00,1773,Cargador frontal Sintético 0003
MT001774,20240318,EQ0046,A004,WT2,P2,Alta vibración,Control,1.27,0.94,2318.85,False,training_fact_mantenimiento_export.csv,2026-06-23T00:00:00,1774,Perforadora Sintético 0046
MT001775,20240801,EQ0032,A008,WT2,P2,Trip de variador,Molienda,7.26,4.88,8138.61,False,training_fact_mantenimiento_export.csv,2026-06-23T00:00:00,1775,Molino SAG Sintético 0032
MT001776,20240609,EQ0037,A017,WT1,P2,Falla de instrumentación,Control,2.16,1.17,3376.26,True,training_fact_mantenimiento_export.csv,2026-06-23T00:00:00,1776,Servidor SCADA Sintético 0037
MT001777,20240810,EQ0011,A008,WT1,P2,Desgaste de revestimientos,Molienda,4.46,2.88,5945.2,True,training_fact_mantenimiento_export.csv,2026-06-23T00:00:00,1777,Molino de bolas Sintético 0011
MT001778,20240923,EQ0049,A005,WT2,P4,Alta vibración,Chancado,4.04,2.6,4436.01,False,training_fact_mantenimiento_export.csv,2026-06-23T00:00:00,1778,Chancador secundario Sintético 0049
MT001779,20240702,EQ0036,A004,WT1,P2,Alta vibración,Eléctrico,4.03,1.83,2269.51,True,training_fact_mantenimiento_export.csv,2026-06-23T00:00:00,1779,Sistema dispatch Sintético 0036
MT001780,20240709,EQ0047,A004,WT1,P3,Desgaste de revestimientos,Energía,3.79,2.44,4038.53,True,training_fact_mantenimiento_export.csv,2026-06-23T00:00:00,1780,Bulldozer Sintético 0047
MT001781,20240624,EQ0006,A005,WT2,P4,Alta vibración,Chancado,10.41,7.76,14150.51,False,training_fact_mantenimiento_export.csv,2026-06-23T00:00:00,1781,Chancador secundario Sintético 0006
MT001782,20240604,EQ0049,A005,WT1,P1,Alta vibración,Chancado,10.15,7.87,10556.68,True,training_fact_mantenimiento_export.csv,2026-06-23T00:00:00,1782,Chancador secundario Sintético 0049
MT001783,20240827,EQ0032,A008,WT1,P2,Desgaste de revestimientos,Molienda,9.43,8.38,22107.89,True,training_fact_mantenimiento_export.csv,2026-06-23T00:00:00,1783,Molino SAG Sintético 0032
MT001784,20240511,EQ0037,A017,WT2,P3,Deriva de sensor,Control,13.03,10.32,10598.31,False,training_fact_mantenimiento_export.csv,2026-06-23T00:00:00,1784,Servidor SCADA Sintético 0037
MT001785,20240601,EQ0002,A004,WT1,P3,Falla de transmisión,Hidráulico,0.42,0.29,738.51,True,training_fact_mantenimiento_export.csv,2026-06-23T00:00:00,1785,Camión CAEX Sintético 0002
MT001786,20240910,EQ0052,A010,WT1,P4,Falla de transmisión,Eléctrico,1.56,0.86,2791.35,True,training_fact_mantenimiento_export.csv,2026-06-23T00:00:00,1786,Sistema de relaves Sintético 0052
MT001787,20241125,EQ0002,A004,WT1,P3,Falla de motor,Neumáticos,1.04,0.67,1476.4,True,training_fact_mantenimiento_export.csv,2026-06-23T00:00:00,1787,Camión CAEX Sintético 0002
MT001788,20240918,EQ0021,A005,WT1,P1,Falla de bomba de pulpa,Instrumentación,1.92,1.8,2760.11,True,training_fact_mantenimiento_export.csv,2026-06-23T00:00:00,1788,Alimentador Sintético 0021
MT001789,20240804,EQ0018,A009,WT1,P2,Pérdida de comunicación PLC,Eléctrico,5.8,5.33,10744.61,True,training_fact_mantenimiento_export.csv,2026-06-23T00:00:00,1789,Celda de flotación Sintético 0018
MT001790,20240818,EQ0010,A017,WT1,P3,Falla de instrumentación,Control,8.26,6.61,19187.77,True,training_fact_mantenimiento_export.csv,2026-06-23T00:00:00,1790,Switch industrial Sintético 0010
MT001791,20240213,EQ0053,A004,WT1,P1,Desalineamiento de correa,Mecánico,5.67,2.26,8534.52,True,training_fact_mantenimiento_export.csv,2026-06-23T00:00:00,1791,Motoniveladora Sintético 0053
MT001792,20240727,EQ0049,A005,WT2,P1,Alta vibración,Chancado,12.03,5.02,22530.56,False,training_fact_mantenimiento_export.csv,2026-06-23T00:00:00,1792,Chancador secundario Sintético 0049
MT001793,20240810,EQ0036,A004,WT1,P3,Desgaste de neumáticos,Seguridad,1.1,1.03,2229.9,True,training_fact_mantenimiento_export.csv,2026-06-23T00:00:00,1793,Sistema dispatch Sintético 0036
MT001794,20240511,EQ0018,A009,WT2,P3,Desgaste de revestimientos,Energía,6.03,5.08,6810.49,False,training_fact_mantenimiento_export.csv,2026-06-23T00:00:00,1794,Celda de flotación Sintético 0018
MT001795,20240919,EQ0050,A004,WT2,P2,Desgaste de neumáticos,Instrumentación,10.83,7.13,14555.68,False,training_fact_mantenimiento_export.csv,2026-06-23T00:00:00,1795,Motoniveladora Sintético 0050
MT001796,20240930,EQ0014,A010,WT2,P2,Desalineamiento de correa,Energía,21.69,13.19,46382.96,False,training_fact_mantenimiento_export.csv,2026-06-23T00:00:00,1796,Espesador Sintético 0014
MT001797,20241210,EQ0021,A005,WT1,P4,Baja presión,Eléctrico,9.08,4.4,15407.37,True,training_fact_mantenimiento_export.csv,2026-06-23T00:00:00,1797,Alimentador Sintético 0021
MT001798,20241117,EQ0034,A010,WT2,P3,Desgaste de revestimientos,Instrumentación,4.69,3.17,2272.74,False,training_fact_mantenimiento_export.csv,2026-06-23T00:00:00,1798,Filtro Sintético 0034
MT001799,20240616,EQ0036,A004,WT1,P3,Desgaste de neumáticos,Mecánico,2.2,1.65,4843.53,True,training_fact_mantenimiento_export.csv,2026-06-23T00:00:00,1799,Sistema dispatch Sintético 0036
MT001800,20240216,EQ0034,A010,WT2,P3,Deriva de sensor,Mecánico,5.72,2.59,7085.09,False,training_fact_mantenimiento_export.csv,2026-06-23T00:00:00,1800,Filtro Sintético 0034
