ProductivityID,DateKey,AreaID,ResponsibleID,LocationID,Shift,PlannedOutput,ActualOutput,LaborHours,ProductiveHours,NonProductiveHours,_SourceFile,_ExportedAt,_LegacyRowNumber
PD000001,20250116,A010,R005,L005,Día,2596,2506,11.17,9.69,1.47,project_fact_productividad_export.csv,2026-06-23T00:00:00,1
PD000002,20250527,A015,R024,L003,Noche,210,184,6.57,5.23,1.34,project_fact_productividad_export.csv,2026-06-23T00:00:00,2
PD000003,20250323,A014,R023,L006,Noche,102,114,7.75,5.35,2.4,project_fact_productividad_export.csv,2026-06-23T00:00:00,3
PD000004,20250102,A005,R015,L005,Día,3652,4274,9.84,8.75,1.09,project_fact_productividad_export.csv,2026-06-23T00:00:00,4
PD000005,20250217,A004,R011,L002,Tarde,3493,3618,6.11,4.28,1.83,project_fact_productividad_export.csv,2026-06-23T00:00:00,5
PD000006,20250614,A017,R025,L007,Tarde,156,169,8.27,6.32,1.95,project_fact_productividad_export.csv,2026-06-23T00:00:00,6
PD000007,20250105,A005,R004,L005,Tarde,993,800,11.95,8.17,3.78,project_fact_productividad_export.csv,2026-06-23T00:00:00,7
PD000008,20250506,A005,R020,L003,Tarde,1646,1615,7.14,5.9,1.24,project_fact_productividad_export.csv,2026-06-23T00:00:00,8
PD000009,20250508,A012,R018,L013,Día,139,129,8.68,6.16,2.52,project_fact_productividad_export.csv,2026-06-23T00:00:00,9
PD000010,20250215,A009,R018,L015,Tarde,715,538,9.11,6.57,2.54,project_fact_productividad_export.csv,2026-06-23T00:00:00,10
PD000011,20250530,A002,R022,L009,Día,209,197,11.33,8.58,2.75,project_fact_productividad_export.csv,2026-06-23T00:00:00,11
PD000012,20250407,A012,R019,L014,Día,171,159,7.83,6.09,1.74,project_fact_productividad_export.csv,2026-06-23T00:00:00,12
PD000013,20250128,A015,R015,L014,Tarde,100,92,8.75,7.94,0.81,project_fact_productividad_export.csv,2026-06-23T00:00:00,13
PD000014,20250529,A007,R007,L010,Noche,2889,1589,7.02,5.43,1.59,project_fact_productividad_export.csv,2026-06-23T00:00:00,14
PD000015,20250408,A003,R015,L015,Noche,4663,5125,7.09,5.7,1.38,project_fact_productividad_export.csv,2026-06-23T00:00:00,15
PD000016,20250223,A017,R003,L015,Tarde,244,214,6.68,5.56,1.12,project_fact_productividad_export.csv,2026-06-23T00:00:00,16
PD000017,20250408,A010,R011,L016,Día,3097,2647,6.53,4.91,1.62,project_fact_productividad_export.csv,2026-06-23T00:00:00,17
PD000018,20250603,A005,R009,L015,Noche,1514,1349,8.4,6.43,1.98,project_fact_productividad_export.csv,2026-06-23T00:00:00,18
PD000019,20250409,A015,R016,L016,Día,184,183,11.43,10.39,1.04,project_fact_productividad_export.csv,2026-06-23T00:00:00,19
PD000020,20250605,A008,R016,L014,Día,1127,1022,8.17,7.2,0.97,project_fact_productividad_export.csv,2026-06-23T00:00:00,20
PD000021,20250529,A015,R025,L004,Noche,158,186,11.7,8.79,2.91,project_fact_productividad_export.csv,2026-06-23T00:00:00,21
PD000022,20250126,A002,R016,L002,Tarde,162,160,10.8,9.07,1.73,project_fact_productividad_export.csv,2026-06-23T00:00:00,22
PD000023,20250507,A008,R023,L011,Día,1292,1429,11.93,10.6,1.33,project_fact_productividad_export.csv,2026-06-23T00:00:00,23
PD000024,20250515,A001,R005,L009,Día,5187,5648,10.64,7.94,2.7,project_fact_productividad_export.csv,2026-06-23T00:00:00,24
PD000025,20250314,A001,R027,L005,Tarde,6712,4816,6.46,5.11,1.36,project_fact_productividad_export.csv,2026-06-23T00:00:00,25
PD000026,20250130,A010,R028,L004,Tarde,2140,1639,6.83,5.32,1.51,project_fact_productividad_export.csv,2026-06-23T00:00:00,26
PD000027,20250311,A010,R003,L010,Noche,2197,1666,9.6,7.37,2.23,project_fact_productividad_export.csv,2026-06-23T00:00:00,27
PD000028,20250530,A017,R008,L014,Día,222,191,11.87,8.87,3.0,project_fact_productividad_export.csv,2026-06-23T00:00:00,28
PD000029,20250130,A012,R021,L017,Noche,70,60,9.29,6.96,2.33,project_fact_productividad_export.csv,2026-06-23T00:00:00,29
PD000030,20250208,A009,R022,L015,Tarde,1128,791,10.96,8.55,2.41,project_fact_productividad_export.csv,2026-06-23T00:00:00,30
PD000031,20250522,A008,R010,L005,Noche,724,586,9.81,8.61,1.2,project_fact_productividad_export.csv,2026-06-23T00:00:00,31
PD000032,20250306,A007,R002,L003,Tarde,2240,1732,10.86,8.71,2.16,project_fact_productividad_export.csv,2026-06-23T00:00:00,32
PD000033,20250609,A006,R020,L005,Noche,634,488,9.63,7.82,1.81,project_fact_productividad_export.csv,2026-06-23T00:00:00,33
PD000034,20250407,A013,R029,L009,Noche,131,142,9.73,7.08,2.64,project_fact_productividad_export.csv,2026-06-23T00:00:00,34
PD000035,20250330,A010,R019,L015,Tarde,712,593,11.77,9.58,2.19,project_fact_productividad_export.csv,2026-06-23T00:00:00,35
PD000036,20250211,A004,R010,L016,Día,6601,5391,11.04,8.66,2.37,project_fact_productividad_export.csv,2026-06-23T00:00:00,36
PD000037,20250614,A015,R002,L011,Noche,94,102,11.86,10.73,1.13,project_fact_productividad_export.csv,2026-06-23T00:00:00,37
PD000038,20250112,A011,R004,L016,Noche,248,254,10.93,8.93,2.0,project_fact_productividad_export.csv,2026-06-23T00:00:00,38
PD000039,20250110,A003,R027,L007,Noche,2587,2395,7.17,6.56,0.61,project_fact_productividad_export.csv,2026-06-23T00:00:00,39
PD000040,20250619,A011,R022,L007,Día,150,138,11.18,8.29,2.89,project_fact_productividad_export.csv,2026-06-23T00:00:00,40
PD000041,20250213,A004,R009,L015,Tarde,2747,2561,8.74,6.85,1.89,project_fact_productividad_export.csv,2026-06-23T00:00:00,41
PD000042,20250422,A006,R004,L009,Día,2652,2695,11.43,8.84,2.58,project_fact_productividad_export.csv,2026-06-23T00:00:00,42
PD000043,20250108,A008,R010,L017,Noche,3379,3033,10.07,7.51,2.57,project_fact_productividad_export.csv,2026-06-23T00:00:00,43
PD000044,20250409,A006,R001,L017,Noche,3577,3088,10.46,8.67,1.79,project_fact_productividad_export.csv,2026-06-23T00:00:00,44
PD000045,20250206,A016,R003,L012,Tarde,259,265,11.96,8.81,3.15,project_fact_productividad_export.csv,2026-06-23T00:00:00,45
PD000046,20250512,A008,R018,L013,Día,1966,2114,8.73,6.12,2.62,project_fact_productividad_export.csv,2026-06-23T00:00:00,46
PD000047,20250401,A001,R004,L001,Tarde,7604,7125,10.67,8.26,2.41,project_fact_productividad_export.csv,2026-06-23T00:00:00,47
PD000048,20250611,A005,R021,L010,Día,606,633,6.52,5.8,0.73,project_fact_productividad_export.csv,2026-06-23T00:00:00,48
PD000049,20250430,A010,R021,L007,Día,2536,2083,6.41,4.24,2.17,project_fact_productividad_export.csv,2026-06-23T00:00:00,49
PD000050,20250414,A017,R018,L017,Noche,179,127,9.61,7.7,1.91,project_fact_productividad_export.csv,2026-06-23T00:00:00,50
PD000051,20250529,A009,R007,L012,Tarde,1321,963,10.96,8.6,2.35,project_fact_productividad_export.csv,2026-06-23T00:00:00,51
PD000052,20250611,A007,R015,L015,Día,1891,1349,9.26,5.32,3.94,project_fact_productividad_export.csv,2026-06-23T00:00:00,52
PD000053,20250310,A002,R006,L011,Tarde,52,46,8.52,6.8,1.72,project_fact_productividad_export.csv,2026-06-23T00:00:00,53
PD000054,20250409,A005,R013,L006,Tarde,2717,2730,9.94,7.6,2.34,project_fact_productividad_export.csv,2026-06-23T00:00:00,54
PD000055,20250128,A011,R024,L003,Noche,54,54,11.62,8.31,3.31,project_fact_productividad_export.csv,2026-06-23T00:00:00,55
PD000056,20250104,A001,R012,L017,Tarde,3192,3158,8.88,8.08,0.8,project_fact_productividad_export.csv,2026-06-23T00:00:00,56
PD000057,20250419,A007,R004,L006,Noche,3388,2041,6.25,3.76,2.5,project_fact_productividad_export.csv,2026-06-23T00:00:00,57
PD000058,20250202,A006,R014,L010,Tarde,1426,1508,10.61,9.02,1.59,project_fact_productividad_export.csv,2026-06-23T00:00:00,58
PD000059,20250410,A010,R016,L009,Tarde,3445,3552,6.07,3.74,2.33,project_fact_productividad_export.csv,2026-06-23T00:00:00,59
PD000060,20250506,A010,R006,L014,Tarde,804,638,9.4,7.68,1.72,project_fact_productividad_export.csv,2026-06-23T00:00:00,60
PD000061,20250302,A013,R017,L011,Día,153,132,6.48,5.38,1.1,project_fact_productividad_export.csv,2026-06-23T00:00:00,61
PD000062,20250409,A017,R014,L006,Noche,222,214,10.21,7.37,2.85,project_fact_productividad_export.csv,2026-06-23T00:00:00,62
PD000063,20250330,A007,R001,L006,Noche,3788,2189,7.54,5.72,1.82,project_fact_productividad_export.csv,2026-06-23T00:00:00,63
PD000064,20250303,A010,R012,L007,Tarde,819,581,7.49,5.47,2.02,project_fact_productividad_export.csv,2026-06-23T00:00:00,64
PD000065,20250517,A007,R011,L002,Tarde,1484,1197,11.66,9.56,2.1,project_fact_productividad_export.csv,2026-06-23T00:00:00,65
PD000066,20250211,A017,R024,L003,Noche,156,146,9.57,7.93,1.64,project_fact_productividad_export.csv,2026-06-23T00:00:00,66
PD000067,20250429,A006,R001,L014,Día,1092,1112,8.17,6.57,1.6,project_fact_productividad_export.csv,2026-06-23T00:00:00,67
PD000068,20250123,A016,R019,L016,Noche,43,32,9.51,6.78,2.73,project_fact_productividad_export.csv,2026-06-23T00:00:00,68
PD000069,20250224,A014,R015,L013,Tarde,123,123,8.29,6.16,2.13,project_fact_productividad_export.csv,2026-06-23T00:00:00,69
PD000070,20250601,A017,R014,L012,Día,185,171,6.73,6.14,0.59,project_fact_productividad_export.csv,2026-06-23T00:00:00,70
PD000071,20250329,A011,R028,L003,Noche,26,28,6.88,4.71,2.16,project_fact_productividad_export.csv,2026-06-23T00:00:00,71
PD000072,20250503,A005,R018,L011,Día,2237,2305,6.97,4.89,2.08,project_fact_productividad_export.csv,2026-06-23T00:00:00,72
PD000073,20250312,A015,R017,L013,Día,34,28,7.9,5.67,2.23,project_fact_productividad_export.csv,2026-06-23T00:00:00,73
PD000074,20250619,A001,R028,L017,Noche,6107,5773,7.69,5.79,1.9,project_fact_productividad_export.csv,2026-06-23T00:00:00,74
PD000075,20250528,A001,R010,L005,Día,2857,2996,7.08,5.15,1.94,project_fact_productividad_export.csv,2026-06-23T00:00:00,75
PD000076,20250324,A003,R029,L011,Día,7230,6605,6.33,4.37,1.96,project_fact_productividad_export.csv,2026-06-23T00:00:00,76
PD000077,20250601,A003,R025,L016,Tarde,3973,3933,8.9,6.91,1.99,project_fact_productividad_export.csv,2026-06-23T00:00:00,77
PD000078,20250115,A007,R013,L004,Día,1346,1085,10.39,8.8,1.59,project_fact_productividad_export.csv,2026-06-23T00:00:00,78
PD000079,20250629,A016,R001,L014,Día,153,145,9.38,6.77,2.61,project_fact_productividad_export.csv,2026-06-23T00:00:00,79
PD000080,20250417,A013,R008,L005,Tarde,138,146,8.14,6.17,1.97,project_fact_productividad_export.csv,2026-06-23T00:00:00,80
PD000081,20250608,A010,R004,L009,Noche,2755,2066,7.25,5.45,1.8,project_fact_productividad_export.csv,2026-06-23T00:00:00,81
PD000082,20250104,A015,R023,L003,Día,39,37,7.4,6.08,1.32,project_fact_productividad_export.csv,2026-06-23T00:00:00,82
PD000083,20250627,A009,R020,L009,Tarde,2909,2447,8.39,6.6,1.79,project_fact_productividad_export.csv,2026-06-23T00:00:00,83
PD000084,20250510,A014,R029,L011,Día,30,29,6.56,5.75,0.81,project_fact_productividad_export.csv,2026-06-23T00:00:00,84
PD000085,20250617,A005,R030,L001,Día,3054,3318,10.87,8.82,2.05,project_fact_productividad_export.csv,2026-06-23T00:00:00,85
PD000086,20250422,A011,R004,L017,Noche,177,165,11.85,10.11,1.74,project_fact_productividad_export.csv,2026-06-23T00:00:00,86
PD000087,20250302,A010,R007,L001,Noche,1867,1611,6.65,4.76,1.89,project_fact_productividad_export.csv,2026-06-23T00:00:00,87
PD000088,20250329,A016,R014,L003,Noche,173,164,11.14,10.12,1.01,project_fact_productividad_export.csv,2026-06-23T00:00:00,88
PD000089,20250422,A002,R030,L015,Tarde,167,160,11.48,8.57,2.91,project_fact_productividad_export.csv,2026-06-23T00:00:00,89
PD000090,20250316,A017,R006,L003,Tarde,25,24,8.32,7.01,1.31,project_fact_productividad_export.csv,2026-06-23T00:00:00,90
PD000091,20250218,A004,R014,L004,Noche,5657,6134,9.34,6.87,2.47,project_fact_productividad_export.csv,2026-06-23T00:00:00,91
PD000092,20250510,A014,R023,L007,Día,181,212,7.15,5.8,1.36,project_fact_productividad_export.csv,2026-06-23T00:00:00,92
PD000093,20250318,A001,R019,L002,Día,2353,2548,10.57,8.45,2.11,project_fact_productividad_export.csv,2026-06-23T00:00:00,93
PD000094,20250627,A005,R030,L013,Día,2214,2097,7.03,5.41,1.61,project_fact_productividad_export.csv,2026-06-23T00:00:00,94
PD000095,20250601,A006,R004,L010,Noche,914,981,10.24,8.3,1.94,project_fact_productividad_export.csv,2026-06-23T00:00:00,95
PD000096,20250512,A008,R029,L006,Noche,2463,2453,11.37,8.97,2.39,project_fact_productividad_export.csv,2026-06-23T00:00:00,96
PD000097,20250226,A009,R005,L015,Tarde,4171,2678,7.99,5.56,2.43,project_fact_productividad_export.csv,2026-06-23T00:00:00,97
PD000098,20250322,A006,R028,L011,Noche,3430,3109,11.56,10.57,0.99,project_fact_productividad_export.csv,2026-06-23T00:00:00,98
PD000099,20250319,A012,R012,L013,Día,48,57,11.97,9.19,2.78,project_fact_productividad_export.csv,2026-06-23T00:00:00,99
PD000100,20250325,A012,R020,L012,Tarde,157,137,11.29,9.41,1.87,project_fact_productividad_export.csv,2026-06-23T00:00:00,100
PD000101,20250108,A012,R008,L016,Noche,158,141,10.74,9.38,1.36,project_fact_productividad_export.csv,2026-06-23T00:00:00,101
PD000102,20250323,A016,R023,L015,Tarde,20,15,7.56,6.56,1.01,project_fact_productividad_export.csv,2026-06-23T00:00:00,102
PD000103,20250317,A001,R012,L005,Día,3851,3912,9.18,7.87,1.31,project_fact_productividad_export.csv,2026-06-23T00:00:00,103
PD000104,20250424,A007,R011,L012,Día,4069,3259,10.84,8.03,2.81,project_fact_productividad_export.csv,2026-06-23T00:00:00,104
PD000105,20250209,A010,R030,L011,Tarde,3248,2366,8.12,6.5,1.63,project_fact_productividad_export.csv,2026-06-23T00:00:00,105
PD000106,20250323,A013,R018,L005,Tarde,39,39,11.08,7.89,3.19,project_fact_productividad_export.csv,2026-06-23T00:00:00,106
PD000107,20250514,A017,R029,L011,Noche,251,271,9.34,8.58,0.76,project_fact_productividad_export.csv,2026-06-23T00:00:00,107
PD000108,20250329,A007,R001,L011,Tarde,1828,1393,8.34,7.39,0.95,project_fact_productividad_export.csv,2026-06-23T00:00:00,108
PD000109,20250227,A007,R008,L005,Día,3777,2724,10.58,8.72,1.86,project_fact_productividad_export.csv,2026-06-23T00:00:00,109
PD000110,20250406,A012,R002,L016,Noche,52,49,11.61,9.62,2.0,project_fact_productividad_export.csv,2026-06-23T00:00:00,110
PD000111,20250605,A014,R028,L004,Día,93,73,6.49,5.7,0.78,project_fact_productividad_export.csv,2026-06-23T00:00:00,111
PD000112,20250118,A016,R006,L014,Día,176,179,9.75,7.86,1.88,project_fact_productividad_export.csv,2026-06-23T00:00:00,112
PD000113,20250304,A001,R019,L015,Tarde,7794,6400,11.71,9.72,1.99,project_fact_productividad_export.csv,2026-06-23T00:00:00,113
PD000114,20250101,A010,R014,L014,Noche,3351,1689,9.93,7.67,2.26,project_fact_productividad_export.csv,2026-06-23T00:00:00,114
PD000115,20250419,A009,R003,L013,Tarde,3391,2660,6.64,5.69,0.95,project_fact_productividad_export.csv,2026-06-23T00:00:00,115
PD000116,20250424,A013,R017,L003,Tarde,64,61,11.91,10.54,1.36,project_fact_productividad_export.csv,2026-06-23T00:00:00,116
PD000117,20250102,A004,R029,L017,Día,7896,8768,6.78,5.28,1.49,project_fact_productividad_export.csv,2026-06-23T00:00:00,117
PD000118,20250221,A017,R018,L002,Día,156,159,11.85,8.7,3.15,project_fact_productividad_export.csv,2026-06-23T00:00:00,118
PD000119,20250107,A009,R024,L016,Noche,4009,1960,8.21,5.75,2.47,project_fact_productividad_export.csv,2026-06-23T00:00:00,119
PD000120,20250331,A004,R026,L006,Noche,3991,3518,9.16,6.33,2.83,project_fact_productividad_export.csv,2026-06-23T00:00:00,120
PD000121,20250517,A001,R018,L001,Día,5162,5368,10.24,8.65,1.58,project_fact_productividad_export.csv,2026-06-23T00:00:00,121
PD000122,20250115,A007,R006,L010,Tarde,3341,3618,10.17,8.48,1.68,project_fact_productividad_export.csv,2026-06-23T00:00:00,122
PD000123,20250613,A006,R019,L013,Tarde,839,663,10.97,7.87,3.1,project_fact_productividad_export.csv,2026-06-23T00:00:00,123
PD000124,20250203,A004,R017,L014,Día,8177,8213,11.08,8.0,3.08,project_fact_productividad_export.csv,2026-06-23T00:00:00,124
PD000125,20250622,A015,R017,L016,Tarde,145,115,6.92,6.21,0.7,project_fact_productividad_export.csv,2026-06-23T00:00:00,125
PD000126,20250418,A008,R007,L014,Noche,2097,1974,8.51,7.39,1.13,project_fact_productividad_export.csv,2026-06-23T00:00:00,126
PD000127,20250115,A014,R029,L007,Día,24,26,8.25,6.22,2.03,project_fact_productividad_export.csv,2026-06-23T00:00:00,127
PD000128,20250528,A002,R028,L017,Día,242,233,8.44,6.25,2.18,project_fact_productividad_export.csv,2026-06-23T00:00:00,128
PD000129,20250524,A012,R003,L008,Día,55,64,11.89,10.23,1.66,project_fact_productividad_export.csv,2026-06-23T00:00:00,129
PD000130,20250116,A007,R013,L006,Día,3670,3107,8.02,5.45,2.58,project_fact_productividad_export.csv,2026-06-23T00:00:00,130
PD000131,20250508,A007,R019,L003,Noche,3380,2344,11.46,7.13,4.32,project_fact_productividad_export.csv,2026-06-23T00:00:00,131
PD000132,20250128,A007,R013,L012,Día,3144,2777,10.8,8.62,2.18,project_fact_productividad_export.csv,2026-06-23T00:00:00,132
PD000133,20250512,A006,R027,L012,Día,3962,4747,7.44,6.61,0.83,project_fact_productividad_export.csv,2026-06-23T00:00:00,133
PD000134,20250204,A017,R030,L016,Tarde,257,236,9.11,6.98,2.13,project_fact_productividad_export.csv,2026-06-23T00:00:00,134
PD000135,20250101,A015,R007,L016,Día,161,164,6.78,4.62,2.17,project_fact_productividad_export.csv,2026-06-23T00:00:00,135
PD000136,20250118,A015,R016,L011,Día,192,168,8.5,6.36,2.14,project_fact_productividad_export.csv,2026-06-23T00:00:00,136
PD000137,20250313,A010,R009,L003,Tarde,1702,1332,10.47,6.03,4.44,project_fact_productividad_export.csv,2026-06-23T00:00:00,137
PD000138,20250206,A017,R010,L017,Tarde,39,31,10.05,7.12,2.94,project_fact_productividad_export.csv,2026-06-23T00:00:00,138
PD000139,20250106,A006,R004,L014,Tarde,3378,3502,10.22,8.98,1.25,project_fact_productividad_export.csv,2026-06-23T00:00:00,139
PD000140,20250321,A017,R019,L005,Día,61,59,10.99,9.06,1.93,project_fact_productividad_export.csv,2026-06-23T00:00:00,140
PD000141,20250515,A011,R025,L005,Noche,240,237,11.73,8.72,3.01,project_fact_productividad_export.csv,2026-06-23T00:00:00,141
PD000142,20250325,A014,R020,L003,Noche,161,175,6.55,5.45,1.1,project_fact_productividad_export.csv,2026-06-23T00:00:00,142
PD000143,20250612,A014,R010,L011,Noche,193,205,7.45,5.37,2.08,project_fact_productividad_export.csv,2026-06-23T00:00:00,143
PD000144,20250222,A006,R028,L008,Día,1656,1531,6.72,5.86,0.86,project_fact_productividad_export.csv,2026-06-23T00:00:00,144
PD000145,20250222,A009,R022,L013,Día,2704,2763,8.14,5.28,2.86,project_fact_productividad_export.csv,2026-06-23T00:00:00,145
PD000146,20250604,A015,R011,L007,Noche,111,105,7.14,5.5,1.65,project_fact_productividad_export.csv,2026-06-23T00:00:00,146
PD000147,20250524,A014,R015,L017,Tarde,89,95,7.45,5.77,1.67,project_fact_productividad_export.csv,2026-06-23T00:00:00,147
PD000148,20250326,A001,R027,L004,Día,6532,5421,8.48,6.95,1.52,project_fact_productividad_export.csv,2026-06-23T00:00:00,148
PD000149,20250508,A012,R007,L004,Tarde,125,136,7.55,5.44,2.11,project_fact_productividad_export.csv,2026-06-23T00:00:00,149
PD000150,20250513,A002,R015,L006,Noche,200,207,9.95,7.3,2.65,project_fact_productividad_export.csv,2026-06-23T00:00:00,150
PD000151,20250411,A005,R023,L016,Día,3526,2925,9.79,7.0,2.79,project_fact_productividad_export.csv,2026-06-23T00:00:00,151
PD000152,20250210,A006,R002,L005,Día,2211,2039,8.23,7.07,1.16,project_fact_productividad_export.csv,2026-06-23T00:00:00,152
PD000153,20250529,A007,R007,L006,Noche,2683,1792,10.18,8.96,1.22,project_fact_productividad_export.csv,2026-06-23T00:00:00,153
PD000154,20250313,A001,R011,L007,Tarde,4266,4582,11.33,10.39,0.94,project_fact_productividad_export.csv,2026-06-23T00:00:00,154
PD000155,20250429,A012,R010,L011,Día,49,50,8.45,6.26,2.2,project_fact_productividad_export.csv,2026-06-23T00:00:00,155
PD000156,20250322,A017,R021,L014,Noche,218,233,10.9,9.4,1.5,project_fact_productividad_export.csv,2026-06-23T00:00:00,156
PD000157,20250107,A015,R021,L014,Día,97,97,6.29,4.44,1.85,project_fact_productividad_export.csv,2026-06-23T00:00:00,157
PD000158,20250118,A009,R005,L009,Día,3018,2481,10.8,7.21,3.59,project_fact_productividad_export.csv,2026-06-23T00:00:00,158
PD000159,20250127,A016,R003,L008,Día,112,112,7.14,5.46,1.69,project_fact_productividad_export.csv,2026-06-23T00:00:00,159
PD000160,20250524,A014,R010,L016,Tarde,220,202,8.93,7.28,1.65,project_fact_productividad_export.csv,2026-06-23T00:00:00,160
PD000161,20250505,A007,R008,L004,Noche,955,612,9.77,8.14,1.63,project_fact_productividad_export.csv,2026-06-23T00:00:00,161
PD000162,20250123,A010,R029,L013,Noche,3353,1960,11.43,9.57,1.86,project_fact_productividad_export.csv,2026-06-23T00:00:00,162
PD000163,20250524,A001,R008,L010,Noche,6955,7019,9.47,7.32,2.15,project_fact_productividad_export.csv,2026-06-23T00:00:00,163
PD000164,20250117,A008,R030,L010,Tarde,1643,1518,8.75,6.43,2.32,project_fact_productividad_export.csv,2026-06-23T00:00:00,164
PD000165,20250427,A012,R007,L014,Día,246,215,9.18,7.98,1.2,project_fact_productividad_export.csv,2026-06-23T00:00:00,165
PD000166,20250111,A006,R003,L016,Día,2079,1947,8.48,5.87,2.61,project_fact_productividad_export.csv,2026-06-23T00:00:00,166
PD000167,20250124,A016,R012,L011,Noche,118,140,6.69,4.9,1.79,project_fact_productividad_export.csv,2026-06-23T00:00:00,167
PD000168,20250209,A008,R026,L002,Noche,3905,3187,7.42,6.79,0.63,project_fact_productividad_export.csv,2026-06-23T00:00:00,168
PD000169,20250302,A005,R029,L006,Tarde,2584,3181,9.22,6.48,2.74,project_fact_productividad_export.csv,2026-06-23T00:00:00,169
PD000170,20250313,A005,R029,L002,Noche,1930,1790,7.24,6.25,0.99,project_fact_productividad_export.csv,2026-06-23T00:00:00,170
PD000171,20250529,A011,R004,L016,Tarde,55,53,10.22,8.51,1.71,project_fact_productividad_export.csv,2026-06-23T00:00:00,171
PD000172,20250606,A005,R013,L008,Noche,2573,2705,8.52,7.46,1.07,project_fact_productividad_export.csv,2026-06-23T00:00:00,172
PD000173,20250101,A006,R022,L016,Día,1711,1648,7.42,6.06,1.36,project_fact_productividad_export.csv,2026-06-23T00:00:00,173
PD000174,20250519,A006,R008,L004,Día,2828,2594,10.37,7.3,3.07,project_fact_productividad_export.csv,2026-06-23T00:00:00,174
PD000175,20250128,A015,R005,L016,Día,171,196,8.58,6.88,1.7,project_fact_productividad_export.csv,2026-06-23T00:00:00,175
PD000176,20250519,A006,R020,L012,Noche,3251,3507,11.4,8.87,2.53,project_fact_productividad_export.csv,2026-06-23T00:00:00,176
PD000177,20250522,A010,R015,L005,Día,3009,2880,7.22,5.63,1.58,project_fact_productividad_export.csv,2026-06-23T00:00:00,177
PD000178,20250326,A001,R005,L001,Día,5143,4680,6.33,5.24,1.08,project_fact_productividad_export.csv,2026-06-23T00:00:00,178
PD000179,20250423,A005,R016,L012,Tarde,1105,1159,9.9,8.23,1.67,project_fact_productividad_export.csv,2026-06-23T00:00:00,179
PD000180,20250528,A010,R028,L001,Noche,1206,725,8.39,6.74,1.65,project_fact_productividad_export.csv,2026-06-23T00:00:00,180
PD000181,20250105,A016,R022,L017,Noche,171,175,6.21,5.08,1.12,project_fact_productividad_export.csv,2026-06-23T00:00:00,181
PD000182,20250105,A005,R009,L016,Día,4056,4403,7.16,6.31,0.85,project_fact_productividad_export.csv,2026-06-23T00:00:00,182
PD000183,20250413,A008,R030,L017,Día,3886,3521,6.09,5.41,0.68,project_fact_productividad_export.csv,2026-06-23T00:00:00,183
PD000184,20250504,A004,R016,L010,Día,6671,7104,10.7,8.25,2.45,project_fact_productividad_export.csv,2026-06-23T00:00:00,184
PD000185,20250208,A017,R027,L011,Noche,39,37,11.58,9.72,1.86,project_fact_productividad_export.csv,2026-06-23T00:00:00,185
PD000186,20250608,A013,R012,L001,Tarde,234,202,10.4,9.39,1.02,project_fact_productividad_export.csv,2026-06-23T00:00:00,186
PD000187,20250625,A002,R030,L009,Noche,149,155,11.9,10.88,1.02,project_fact_productividad_export.csv,2026-06-23T00:00:00,187
PD000188,20250623,A007,R006,L004,Noche,2885,1854,10.44,6.03,4.41,project_fact_productividad_export.csv,2026-06-23T00:00:00,188
PD000189,20250527,A006,R017,L017,Día,3108,2617,9.85,8.18,1.67,project_fact_productividad_export.csv,2026-06-23T00:00:00,189
PD000190,20250525,A007,R030,L013,Noche,2899,1901,7.04,6.18,0.86,project_fact_productividad_export.csv,2026-06-23T00:00:00,190
PD000191,20250425,A002,R008,L013,Tarde,206,199,6.68,5.78,0.91,project_fact_productividad_export.csv,2026-06-23T00:00:00,191
PD000192,20250117,A001,R004,L009,Tarde,3984,4196,6.16,4.27,1.89,project_fact_productividad_export.csv,2026-06-23T00:00:00,192
PD000193,20250116,A015,R025,L009,Día,82,81,9.75,7.02,2.73,project_fact_productividad_export.csv,2026-06-23T00:00:00,193
PD000194,20250201,A006,R022,L016,Día,1127,1076,8.73,7.51,1.22,project_fact_productividad_export.csv,2026-06-23T00:00:00,194
PD000195,20250325,A003,R002,L003,Día,3799,4365,8.03,6.81,1.22,project_fact_productividad_export.csv,2026-06-23T00:00:00,195
PD000196,20250328,A015,R026,L002,Noche,56,52,7.3,6.7,0.6,project_fact_productividad_export.csv,2026-06-23T00:00:00,196
PD000197,20250611,A013,R009,L016,Noche,230,229,11.88,9.07,2.82,project_fact_productividad_export.csv,2026-06-23T00:00:00,197
PD000198,20250127,A008,R013,L001,Noche,2812,2643,6.45,5.69,0.76,project_fact_productividad_export.csv,2026-06-23T00:00:00,198
PD000199,20250118,A010,R008,L009,Noche,2766,1515,9.17,7.73,1.44,project_fact_productividad_export.csv,2026-06-23T00:00:00,199
PD000200,20250331,A011,R016,L017,Día,172,172,9.83,8.89,0.94,project_fact_productividad_export.csv,2026-06-23T00:00:00,200
PD000201,20250102,A015,R020,L001,Noche,58,60,8.17,5.65,2.52,project_fact_productividad_export.csv,2026-06-23T00:00:00,201
PD000202,20250430,A002,R024,L017,Día,152,169,9.27,6.98,2.29,project_fact_productividad_export.csv,2026-06-23T00:00:00,202
PD000203,20250202,A016,R027,L011,Día,227,266,8.11,6.14,1.97,project_fact_productividad_export.csv,2026-06-23T00:00:00,203
PD000204,20250125,A012,R001,L009,Tarde,125,110,10.33,7.99,2.34,project_fact_productividad_export.csv,2026-06-23T00:00:00,204
PD000205,20250216,A017,R017,L001,Día,39,35,10.28,7.58,2.71,project_fact_productividad_export.csv,2026-06-23T00:00:00,205
PD000206,20250625,A004,R027,L001,Tarde,3664,3233,8.71,6.36,2.35,project_fact_productividad_export.csv,2026-06-23T00:00:00,206
PD000207,20250122,A006,R024,L016,Día,1720,1636,9.77,8.83,0.94,project_fact_productividad_export.csv,2026-06-23T00:00:00,207
PD000208,20250514,A011,R030,L009,Tarde,179,169,8.48,5.85,2.63,project_fact_productividad_export.csv,2026-06-23T00:00:00,208
PD000209,20250421,A011,R003,L003,Noche,160,171,10.46,8.37,2.09,project_fact_productividad_export.csv,2026-06-23T00:00:00,209
PD000210,20250619,A015,R004,L012,Noche,208,188,11.34,10.22,1.12,project_fact_productividad_export.csv,2026-06-23T00:00:00,210
PD000211,20250425,A007,R020,L014,Noche,2399,1775,9.97,6.96,3.01,project_fact_productividad_export.csv,2026-06-23T00:00:00,211
PD000212,20250512,A012,R004,L011,Noche,185,160,8.22,6.24,1.98,project_fact_productividad_export.csv,2026-06-23T00:00:00,212
PD000213,20250617,A009,R021,L014,Día,627,401,8.5,5.97,2.53,project_fact_productividad_export.csv,2026-06-23T00:00:00,213
PD000214,20250208,A008,R003,L001,Día,1332,1129,10.21,7.98,2.24,project_fact_productividad_export.csv,2026-06-23T00:00:00,214
PD000215,20250210,A010,R024,L009,Día,684,690,7.33,5.84,1.49,project_fact_productividad_export.csv,2026-06-23T00:00:00,215
PD000216,20250417,A013,R001,L014,Tarde,170,184,6.79,6.03,0.76,project_fact_productividad_export.csv,2026-06-23T00:00:00,216
PD000217,20250508,A011,R009,L012,Noche,205,190,6.48,4.73,1.76,project_fact_productividad_export.csv,2026-06-23T00:00:00,217
PD000218,20250101,A005,R026,L004,Tarde,2151,1841,7.89,6.52,1.37,project_fact_productividad_export.csv,2026-06-23T00:00:00,218
PD000219,20250119,A008,R013,L008,Día,2602,2699,6.85,5.37,1.47,project_fact_productividad_export.csv,2026-06-23T00:00:00,219
PD000220,20250308,A014,R007,L016,Día,206,188,9.34,6.81,2.53,project_fact_productividad_export.csv,2026-06-23T00:00:00,220
PD000221,20250112,A011,R024,L008,Día,105,93,9.98,7.95,2.03,project_fact_productividad_export.csv,2026-06-23T00:00:00,221
PD000222,20250623,A009,R022,L004,Día,1100,907,10.54,9.0,1.54,project_fact_productividad_export.csv,2026-06-23T00:00:00,222
PD000223,20250407,A014,R005,L009,Tarde,59,53,8.98,7.37,1.61,project_fact_productividad_export.csv,2026-06-23T00:00:00,223
PD000224,20250416,A003,R005,L001,Tarde,8288,8827,9.57,8.56,1.01,project_fact_productividad_export.csv,2026-06-23T00:00:00,224
PD000225,20250614,A012,R028,L007,Noche,190,135,6.72,5.16,1.56,project_fact_productividad_export.csv,2026-06-23T00:00:00,225
PD000226,20250227,A015,R002,L002,Día,213,209,10.49,9.22,1.28,project_fact_productividad_export.csv,2026-06-23T00:00:00,226
PD000227,20250419,A015,R026,L017,Día,94,98,11.32,8.67,2.65,project_fact_productividad_export.csv,2026-06-23T00:00:00,227
PD000228,20250120,A005,R018,L016,Tarde,736,732,6.97,6.17,0.79,project_fact_productividad_export.csv,2026-06-23T00:00:00,228
PD000229,20250419,A013,R026,L002,Noche,93,90,8.94,6.55,2.39,project_fact_productividad_export.csv,2026-06-23T00:00:00,229
PD000230,20250326,A012,R016,L007,Tarde,253,247,6.41,5.72,0.68,project_fact_productividad_export.csv,2026-06-23T00:00:00,230
PD000231,20250221,A017,R008,L003,Tarde,68,70,11.66,8.2,3.46,project_fact_productividad_export.csv,2026-06-23T00:00:00,231
PD000232,20250228,A006,R027,L014,Tarde,1045,1051,9.59,6.62,2.97,project_fact_productividad_export.csv,2026-06-23T00:00:00,232
PD000233,20250622,A001,R012,L015,Noche,5807,5546,7.4,6.11,1.29,project_fact_productividad_export.csv,2026-06-23T00:00:00,233
PD000234,20250602,A012,R027,L004,Tarde,243,237,10.84,8.28,2.56,project_fact_productividad_export.csv,2026-06-23T00:00:00,234
PD000235,20250527,A006,R020,L011,Tarde,1422,1364,10.88,8.64,2.24,project_fact_productividad_export.csv,2026-06-23T00:00:00,235
PD000236,20250620,A012,R028,L003,Noche,134,123,9.34,7.88,1.46,project_fact_productividad_export.csv,2026-06-23T00:00:00,236
PD000237,20250107,A012,R009,L009,Día,235,213,8.62,5.95,2.67,project_fact_productividad_export.csv,2026-06-23T00:00:00,237
PD000238,20250502,A006,R014,L009,Tarde,1391,1335,7.76,6.18,1.57,project_fact_productividad_export.csv,2026-06-23T00:00:00,238
PD000239,20250305,A007,R008,L003,Noche,3883,2776,7.13,5.66,1.47,project_fact_productividad_export.csv,2026-06-23T00:00:00,239
PD000240,20250622,A003,R010,L010,Tarde,6138,5891,7.68,5.25,2.43,project_fact_productividad_export.csv,2026-06-23T00:00:00,240
PD000241,20250218,A013,R020,L005,Tarde,219,206,11.97,8.81,3.16,project_fact_productividad_export.csv,2026-06-23T00:00:00,241
PD000242,20250405,A012,R016,L002,Noche,25,29,8.36,6.47,1.89,project_fact_productividad_export.csv,2026-06-23T00:00:00,242
PD000243,20250515,A002,R025,L013,Tarde,111,98,7.69,5.96,1.73,project_fact_productividad_export.csv,2026-06-23T00:00:00,243
PD000244,20250319,A012,R025,L006,Noche,205,194,8.15,7.16,0.99,project_fact_productividad_export.csv,2026-06-23T00:00:00,244
PD000245,20250216,A014,R020,L014,Día,224,195,6.54,4.53,2.01,project_fact_productividad_export.csv,2026-06-23T00:00:00,245
PD000246,20250602,A003,R012,L015,Día,3531,3469,11.85,8.73,3.12,project_fact_productividad_export.csv,2026-06-23T00:00:00,246
PD000247,20250319,A003,R013,L009,Tarde,7702,8445,8.08,6.19,1.88,project_fact_productividad_export.csv,2026-06-23T00:00:00,247
PD000248,20250307,A002,R022,L015,Día,85,65,10.77,9.85,0.93,project_fact_productividad_export.csv,2026-06-23T00:00:00,248
PD000249,20250209,A016,R010,L004,Día,49,50,10.29,9.12,1.17,project_fact_productividad_export.csv,2026-06-23T00:00:00,249
PD000250,20250627,A016,R020,L005,Día,114,108,8.76,6.21,2.55,project_fact_productividad_export.csv,2026-06-23T00:00:00,250
PD000251,20250421,A011,R013,L013,Día,61,71,8.39,7.61,0.78,project_fact_productividad_export.csv,2026-06-23T00:00:00,251
PD000252,20250417,A016,R020,L010,Día,222,235,7.06,6.07,0.99,project_fact_productividad_export.csv,2026-06-23T00:00:00,252
PD000253,20250217,A009,R008,L006,Tarde,943,616,11.35,7.22,4.13,project_fact_productividad_export.csv,2026-06-23T00:00:00,253
PD000254,20250620,A017,R022,L008,Noche,78,75,7.4,6.04,1.36,project_fact_productividad_export.csv,2026-06-23T00:00:00,254
PD000255,20250324,A002,R018,L011,Noche,22,22,9.94,8.96,0.98,project_fact_productividad_export.csv,2026-06-23T00:00:00,255
PD000256,20250427,A016,R007,L006,Tarde,124,122,10.86,8.47,2.4,project_fact_productividad_export.csv,2026-06-23T00:00:00,256
PD000257,20250113,A005,R003,L004,Tarde,2973,2607,8.56,7.02,1.54,project_fact_productividad_export.csv,2026-06-23T00:00:00,257
PD000258,20250519,A005,R019,L003,Día,2615,1998,6.2,5.37,0.83,project_fact_productividad_export.csv,2026-06-23T00:00:00,258
PD000259,20250625,A007,R018,L017,Tarde,1410,1104,6.34,4.4,1.94,project_fact_productividad_export.csv,2026-06-23T00:00:00,259
PD000260,20250315,A010,R011,L013,Día,3450,2210,9.89,6.02,3.86,project_fact_productividad_export.csv,2026-06-23T00:00:00,260
PD000261,20250412,A005,R014,L002,Día,3203,2419,10.21,8.99,1.22,project_fact_productividad_export.csv,2026-06-23T00:00:00,261
PD000262,20250218,A008,R014,L007,Día,1264,1334,9.95,7.59,2.36,project_fact_productividad_export.csv,2026-06-23T00:00:00,262
PD000263,20250326,A003,R026,L015,Noche,3317,3497,7.05,6.2,0.85,project_fact_productividad_export.csv,2026-06-23T00:00:00,263
PD000264,20250429,A001,R003,L001,Día,8408,8563,10.38,7.89,2.49,project_fact_productividad_export.csv,2026-06-23T00:00:00,264
PD000265,20250416,A010,R011,L004,Noche,3739,2093,9.18,7.46,1.72,project_fact_productividad_export.csv,2026-06-23T00:00:00,265
PD000266,20250619,A011,R004,L008,Tarde,39,35,9.44,8.65,0.79,project_fact_productividad_export.csv,2026-06-23T00:00:00,266
PD000267,20250413,A007,R029,L012,Noche,3884,2180,11.99,8.71,3.27,project_fact_productividad_export.csv,2026-06-23T00:00:00,267
PD000268,20250628,A003,R014,L014,Día,3195,3214,10.78,8.02,2.76,project_fact_productividad_export.csv,2026-06-23T00:00:00,268
PD000269,20250618,A011,R015,L010,Tarde,32,28,10.21,9.38,0.83,project_fact_productividad_export.csv,2026-06-23T00:00:00,269
PD000270,20250328,A005,R026,L011,Tarde,1210,1133,8.36,7.0,1.36,project_fact_productividad_export.csv,2026-06-23T00:00:00,270
PD000271,20250521,A006,R024,L007,Noche,3225,2031,9.78,7.66,2.12,project_fact_productividad_export.csv,2026-06-23T00:00:00,271
PD000272,20250614,A017,R028,L013,Día,110,105,7.21,5.05,2.17,project_fact_productividad_export.csv,2026-06-23T00:00:00,272
PD000273,20250330,A008,R022,L006,Noche,3486,3725,9.66,7.78,1.87,project_fact_productividad_export.csv,2026-06-23T00:00:00,273
PD000274,20250416,A017,R023,L010,Noche,54,53,10.3,7.96,2.34,project_fact_productividad_export.csv,2026-06-23T00:00:00,274
PD000275,20250301,A012,R008,L017,Tarde,102,107,10.47,8.29,2.17,project_fact_productividad_export.csv,2026-06-23T00:00:00,275
PD000276,20250412,A005,R024,L003,Noche,1379,1334,10.95,8.69,2.26,project_fact_productividad_export.csv,2026-06-23T00:00:00,276
PD000277,20250410,A006,R023,L007,Noche,1614,1324,10.18,8.02,2.16,project_fact_productividad_export.csv,2026-06-23T00:00:00,277
PD000278,20250618,A001,R027,L016,Noche,5541,5597,11.59,9.79,1.8,project_fact_productividad_export.csv,2026-06-23T00:00:00,278
PD000279,20250608,A005,R016,L001,Tarde,2682,2394,10.81,8.99,1.82,project_fact_productividad_export.csv,2026-06-23T00:00:00,279
PD000280,20250202,A009,R026,L003,Noche,4100,2851,6.97,4.11,2.86,project_fact_productividad_export.csv,2026-06-23T00:00:00,280
PD000281,20250222,A012,R002,L009,Día,180,135,6.5,5.4,1.1,project_fact_productividad_export.csv,2026-06-23T00:00:00,281
PD000282,20250521,A005,R020,L011,Día,4091,2924,8.99,7.15,1.84,project_fact_productividad_export.csv,2026-06-23T00:00:00,282
PD000283,20250223,A005,R018,L008,Tarde,3656,2669,9.82,7.36,2.46,project_fact_productividad_export.csv,2026-06-23T00:00:00,283
PD000284,20250524,A003,R011,L002,Día,5379,4741,11.68,9.94,1.75,project_fact_productividad_export.csv,2026-06-23T00:00:00,284
PD000285,20250404,A006,R023,L015,Tarde,923,1016,9.13,8.12,1.01,project_fact_productividad_export.csv,2026-06-23T00:00:00,285
PD000286,20250629,A009,R022,L009,Día,4105,2510,8.35,5.96,2.39,project_fact_productividad_export.csv,2026-06-23T00:00:00,286
PD000287,20250107,A010,R020,L008,Día,3214,2300,10.47,7.9,2.57,project_fact_productividad_export.csv,2026-06-23T00:00:00,287
PD000288,20250315,A016,R028,L014,Tarde,31,27,11.11,8.41,2.7,project_fact_productividad_export.csv,2026-06-23T00:00:00,288
PD000289,20250626,A002,R004,L002,Noche,226,210,10.88,9.23,1.66,project_fact_productividad_export.csv,2026-06-23T00:00:00,289
PD000290,20250521,A009,R019,L007,Tarde,1423,1166,11.58,9.87,1.71,project_fact_productividad_export.csv,2026-06-23T00:00:00,290
PD000291,20250402,A014,R017,L003,Día,204,130,11.47,8.0,3.47,project_fact_productividad_export.csv,2026-06-23T00:00:00,291
PD000292,20250101,A001,R025,L009,Tarde,4294,3777,9.35,8.33,1.02,project_fact_productividad_export.csv,2026-06-23T00:00:00,292
PD000293,20250601,A003,R018,L011,Tarde,5526,5517,7.88,7.01,0.87,project_fact_productividad_export.csv,2026-06-23T00:00:00,293
PD000294,20250127,A005,R022,L007,Día,2900,3284,6.72,5.5,1.22,project_fact_productividad_export.csv,2026-06-23T00:00:00,294
PD000295,20250206,A017,R027,L017,Tarde,180,161,10.79,9.14,1.65,project_fact_productividad_export.csv,2026-06-23T00:00:00,295
PD000296,20250412,A007,R025,L006,Día,1875,1427,6.89,5.41,1.49,project_fact_productividad_export.csv,2026-06-23T00:00:00,296
PD000297,20250506,A013,R025,L011,Día,210,161,10.03,6.94,3.09,project_fact_productividad_export.csv,2026-06-23T00:00:00,297
PD000298,20250224,A011,R020,L003,Tarde,78,78,8.11,5.9,2.21,project_fact_productividad_export.csv,2026-06-23T00:00:00,298
PD000299,20250119,A015,R018,L011,Tarde,179,210,7.47,6.28,1.18,project_fact_productividad_export.csv,2026-06-23T00:00:00,299
PD000300,20250516,A015,R003,L015,Noche,156,135,6.19,5.32,0.87,project_fact_productividad_export.csv,2026-06-23T00:00:00,300
PD000301,20250205,A005,R018,L012,Noche,1557,1490,11.85,8.63,3.22,project_fact_productividad_export.csv,2026-06-23T00:00:00,301
PD000302,20250308,A001,R012,L001,Tarde,3657,3676,10.57,8.57,2.0,project_fact_productividad_export.csv,2026-06-23T00:00:00,302
PD000303,20250207,A014,R023,L009,Tarde,164,169,9.98,7.61,2.37,project_fact_productividad_export.csv,2026-06-23T00:00:00,303
PD000304,20250322,A006,R021,L006,Tarde,2427,2396,10.65,9.54,1.12,project_fact_productividad_export.csv,2026-06-23T00:00:00,304
PD000305,20250610,A012,R006,L012,Tarde,224,228,11.66,10.61,1.05,project_fact_productividad_export.csv,2026-06-23T00:00:00,305
PD000306,20250124,A006,R014,L006,Noche,2212,1766,10.74,8.32,2.42,project_fact_productividad_export.csv,2026-06-23T00:00:00,306
PD000307,20250423,A006,R014,L004,Tarde,4012,3392,6.65,5.19,1.46,project_fact_productividad_export.csv,2026-06-23T00:00:00,307
PD000308,20250528,A009,R029,L017,Día,3857,2941,10.64,8.95,1.68,project_fact_productividad_export.csv,2026-06-23T00:00:00,308
PD000309,20250113,A005,R014,L006,Noche,2662,2802,10.95,7.73,3.22,project_fact_productividad_export.csv,2026-06-23T00:00:00,309
PD000310,20250306,A014,R023,L014,Noche,26,30,8.78,6.91,1.87,project_fact_productividad_export.csv,2026-06-23T00:00:00,310
PD000311,20250328,A012,R021,L001,Día,118,96,9.76,8.9,0.86,project_fact_productividad_export.csv,2026-06-23T00:00:00,311
PD000312,20250629,A007,R014,L013,Tarde,912,820,11.86,9.24,2.62,project_fact_productividad_export.csv,2026-06-23T00:00:00,312
PD000313,20250102,A003,R017,L005,Tarde,3196,2948,6.23,4.91,1.32,project_fact_productividad_export.csv,2026-06-23T00:00:00,313
PD000314,20250407,A013,R008,L008,Tarde,208,196,6.78,5.62,1.17,project_fact_productividad_export.csv,2026-06-23T00:00:00,314
PD000315,20250330,A007,R005,L010,Noche,1095,719,9.58,5.8,3.77,project_fact_productividad_export.csv,2026-06-23T00:00:00,315
PD000316,20250529,A008,R005,L008,Noche,1395,1620,10.72,9.76,0.96,project_fact_productividad_export.csv,2026-06-23T00:00:00,316
PD000317,20250426,A009,R011,L007,Noche,1637,1346,11.23,8.27,2.96,project_fact_productividad_export.csv,2026-06-23T00:00:00,317
PD000318,20250107,A003,R010,L016,Noche,2330,2259,11.79,9.52,2.26,project_fact_productividad_export.csv,2026-06-23T00:00:00,318
PD000319,20250428,A010,R020,L010,Noche,3145,2081,7.2,5.04,2.16,project_fact_productividad_export.csv,2026-06-23T00:00:00,319
PD000320,20250416,A009,R001,L010,Noche,1251,764,7.73,6.19,1.54,project_fact_productividad_export.csv,2026-06-23T00:00:00,320
PD000321,20250301,A014,R011,L007,Día,205,194,7.89,7.04,0.84,project_fact_productividad_export.csv,2026-06-23T00:00:00,321
PD000322,20250316,A012,R018,L006,Día,183,169,10.95,9.38,1.57,project_fact_productividad_export.csv,2026-06-23T00:00:00,322
PD000323,20250405,A016,R003,L011,Tarde,178,134,11.79,8.28,3.51,project_fact_productividad_export.csv,2026-06-23T00:00:00,323
PD000324,20250614,A010,R017,L001,Noche,1742,1251,9.86,6.06,3.8,project_fact_productividad_export.csv,2026-06-23T00:00:00,324
PD000325,20250107,A017,R023,L001,Día,79,70,7.12,5.25,1.88,project_fact_productividad_export.csv,2026-06-23T00:00:00,325
PD000326,20250311,A002,R013,L010,Noche,61,58,7.5,6.28,1.22,project_fact_productividad_export.csv,2026-06-23T00:00:00,326
PD000327,20250403,A016,R005,L007,Tarde,20,16,11.53,10.0,1.53,project_fact_productividad_export.csv,2026-06-23T00:00:00,327
PD000328,20250124,A001,R020,L009,Noche,8111,8175,9.74,7.36,2.38,project_fact_productividad_export.csv,2026-06-23T00:00:00,328
PD000329,20250401,A005,R022,L003,Noche,1058,1194,8.49,6.71,1.79,project_fact_productividad_export.csv,2026-06-23T00:00:00,329
PD000330,20250221,A007,R030,L007,Día,2311,1752,7.63,5.22,2.42,project_fact_productividad_export.csv,2026-06-23T00:00:00,330
PD000331,20250518,A015,R023,L007,Día,27,25,8.97,7.84,1.13,project_fact_productividad_export.csv,2026-06-23T00:00:00,331
PD000332,20250426,A011,R007,L013,Noche,67,72,8.14,6.5,1.64,project_fact_productividad_export.csv,2026-06-23T00:00:00,332
PD000333,20250411,A010,R009,L011,Tarde,1464,1590,6.01,3.62,2.39,project_fact_productividad_export.csv,2026-06-23T00:00:00,333
PD000334,20250122,A014,R005,L017,Noche,70,60,10.19,7.24,2.95,project_fact_productividad_export.csv,2026-06-23T00:00:00,334
PD000335,20250612,A014,R001,L009,Noche,155,147,7.72,6.89,0.83,project_fact_productividad_export.csv,2026-06-23T00:00:00,335
PD000336,20250219,A002,R023,L006,Tarde,177,187,11.57,8.91,2.66,project_fact_productividad_export.csv,2026-06-23T00:00:00,336
PD000337,20250310,A005,R013,L011,Tarde,3813,3088,9.97,8.07,1.9,project_fact_productividad_export.csv,2026-06-23T00:00:00,337
PD000338,20250110,A013,R012,L008,Tarde,137,123,7.56,5.62,1.94,project_fact_productividad_export.csv,2026-06-23T00:00:00,338
PD000339,20250611,A003,R015,L017,Noche,8039,8028,10.81,8.65,2.16,project_fact_productividad_export.csv,2026-06-23T00:00:00,339
PD000340,20250612,A005,R023,L005,Día,2663,2537,11.33,8.24,3.08,project_fact_productividad_export.csv,2026-06-23T00:00:00,340
PD000341,20250119,A005,R017,L011,Noche,2796,2740,10.71,8.81,1.9,project_fact_productividad_export.csv,2026-06-23T00:00:00,341
PD000342,20250616,A004,R016,L002,Tarde,3310,3277,8.79,6.11,2.68,project_fact_productividad_export.csv,2026-06-23T00:00:00,342
PD000343,20250430,A016,R004,L001,Noche,247,254,10.53,8.94,1.6,project_fact_productividad_export.csv,2026-06-23T00:00:00,343
PD000344,20250110,A011,R019,L008,Tarde,210,225,7.97,7.04,0.93,project_fact_productividad_export.csv,2026-06-23T00:00:00,344
PD000345,20250114,A008,R028,L009,Tarde,642,668,10.21,8.64,1.57,project_fact_productividad_export.csv,2026-06-23T00:00:00,345
PD000346,20250226,A015,R014,L008,Noche,56,54,7.24,5.94,1.3,project_fact_productividad_export.csv,2026-06-23T00:00:00,346
PD000347,20250516,A012,R012,L010,Tarde,174,156,6.42,5.32,1.11,project_fact_productividad_export.csv,2026-06-23T00:00:00,347
PD000348,20250606,A013,R004,L007,Tarde,45,43,9.42,7.32,2.1,project_fact_productividad_export.csv,2026-06-23T00:00:00,348
PD000349,20250306,A014,R009,L008,Tarde,36,37,11.07,7.83,3.24,project_fact_productividad_export.csv,2026-06-23T00:00:00,349
PD000350,20250220,A009,R026,L008,Noche,1870,1239,11.97,8.68,3.29,project_fact_productividad_export.csv,2026-06-23T00:00:00,350
PD000351,20250330,A001,R008,L006,Día,5229,5821,7.33,5.51,1.82,project_fact_productividad_export.csv,2026-06-23T00:00:00,351
PD000352,20250215,A008,R022,L004,Día,3282,3364,10.22,8.58,1.65,project_fact_productividad_export.csv,2026-06-23T00:00:00,352
PD000353,20250117,A008,R001,L001,Día,2276,2333,7.28,6.23,1.04,project_fact_productividad_export.csv,2026-06-23T00:00:00,353
PD000354,20250123,A010,R026,L002,Noche,2258,1388,7.18,5.31,1.87,project_fact_productividad_export.csv,2026-06-23T00:00:00,354
PD000355,20250113,A013,R018,L008,Noche,187,176,8.87,6.9,1.97,project_fact_productividad_export.csv,2026-06-23T00:00:00,355
PD000356,20250630,A016,R011,L002,Noche,108,106,10.4,9.44,0.96,project_fact_productividad_export.csv,2026-06-23T00:00:00,356
PD000357,20250122,A001,R013,L002,Noche,7690,7055,8.99,7.98,1.0,project_fact_productividad_export.csv,2026-06-23T00:00:00,357
PD000358,20250418,A002,R025,L010,Tarde,224,225,10.78,9.55,1.24,project_fact_productividad_export.csv,2026-06-23T00:00:00,358
PD000359,20250209,A016,R002,L002,Tarde,108,103,9.36,7.42,1.94,project_fact_productividad_export.csv,2026-06-23T00:00:00,359
PD000360,20250331,A016,R029,L010,Tarde,240,243,10.13,8.6,1.53,project_fact_productividad_export.csv,2026-06-23T00:00:00,360
PD000361,20250206,A013,R004,L009,Noche,91,95,7.81,5.71,2.1,project_fact_productividad_export.csv,2026-06-23T00:00:00,361
PD000362,20250122,A010,R028,L003,Tarde,3624,2985,11.85,10.53,1.32,project_fact_productividad_export.csv,2026-06-23T00:00:00,362
PD000363,20250407,A010,R004,L007,Noche,3149,2235,9.93,5.84,4.09,project_fact_productividad_export.csv,2026-06-23T00:00:00,363
PD000364,20250226,A011,R014,L007,Día,100,113,9.98,8.46,1.53,project_fact_productividad_export.csv,2026-06-23T00:00:00,364
PD000365,20250115,A001,R022,L003,Día,3555,3964,8.94,7.28,1.65,project_fact_productividad_export.csv,2026-06-23T00:00:00,365
PD000366,20250121,A013,R011,L012,Día,28,32,7.93,7.1,0.83,project_fact_productividad_export.csv,2026-06-23T00:00:00,366
PD000367,20250426,A011,R017,L013,Noche,83,77,7.09,6.46,0.63,project_fact_productividad_export.csv,2026-06-23T00:00:00,367
PD000368,20250610,A016,R014,L002,Día,226,217,11.41,10.23,1.18,project_fact_productividad_export.csv,2026-06-23T00:00:00,368
PD000369,20250105,A004,R010,L005,Tarde,2390,1980,7.8,6.65,1.15,project_fact_productividad_export.csv,2026-06-23T00:00:00,369
PD000370,20250218,A002,R001,L004,Tarde,118,115,10.39,8.03,2.36,project_fact_productividad_export.csv,2026-06-23T00:00:00,370
PD000371,20250209,A016,R024,L012,Tarde,190,185,7.54,5.97,1.57,project_fact_productividad_export.csv,2026-06-23T00:00:00,371
PD000372,20250429,A002,R013,L011,Día,140,142,10.65,9.55,1.1,project_fact_productividad_export.csv,2026-06-23T00:00:00,372
PD000373,20250525,A008,R016,L004,Día,2181,2332,10.94,8.24,2.7,project_fact_productividad_export.csv,2026-06-23T00:00:00,373
PD000374,20250107,A005,R027,L009,Día,753,587,9.78,7.67,2.11,project_fact_productividad_export.csv,2026-06-23T00:00:00,374
PD000375,20250203,A011,R018,L003,Día,73,67,9.33,7.09,2.24,project_fact_productividad_export.csv,2026-06-23T00:00:00,375
PD000376,20250502,A002,R020,L001,Noche,75,71,7.25,5.96,1.29,project_fact_productividad_export.csv,2026-06-23T00:00:00,376
PD000377,20250120,A012,R014,L010,Noche,116,101,6.97,4.83,2.13,project_fact_productividad_export.csv,2026-06-23T00:00:00,377
PD000378,20250505,A007,R018,L005,Día,2922,2809,11.56,6.68,4.87,project_fact_productividad_export.csv,2026-06-23T00:00:00,378
PD000379,20250120,A015,R013,L004,Tarde,114,105,7.0,4.88,2.12,project_fact_productividad_export.csv,2026-06-23T00:00:00,379
PD000380,20250518,A012,R025,L006,Día,57,57,7.08,5.42,1.66,project_fact_productividad_export.csv,2026-06-23T00:00:00,380
PD000381,20250615,A001,R028,L008,Noche,3767,2964,8.43,7.08,1.35,project_fact_productividad_export.csv,2026-06-23T00:00:00,381
PD000382,20250109,A012,R002,L009,Noche,188,141,11.48,9.9,1.58,project_fact_productividad_export.csv,2026-06-23T00:00:00,382
PD000383,20250319,A006,R011,L008,Noche,2768,2959,10.62,8.51,2.11,project_fact_productividad_export.csv,2026-06-23T00:00:00,383
PD000384,20250518,A011,R018,L015,Tarde,95,74,7.0,5.0,2.0,project_fact_productividad_export.csv,2026-06-23T00:00:00,384
PD000385,20250107,A001,R009,L004,Tarde,8246,7773,9.37,6.45,2.92,project_fact_productividad_export.csv,2026-06-23T00:00:00,385
PD000386,20250418,A013,R025,L006,Noche,78,89,10.82,9.34,1.48,project_fact_productividad_export.csv,2026-06-23T00:00:00,386
PD000387,20250218,A003,R006,L001,Noche,4184,4777,6.37,5.32,1.05,project_fact_productividad_export.csv,2026-06-23T00:00:00,387
PD000388,20250330,A016,R029,L010,Noche,193,182,10.38,7.68,2.69,project_fact_productividad_export.csv,2026-06-23T00:00:00,388
PD000389,20250329,A008,R003,L007,Noche,3015,2417,11.1,7.63,3.47,project_fact_productividad_export.csv,2026-06-23T00:00:00,389
PD000390,20250313,A015,R025,L006,Noche,26,26,11.57,8.94,2.63,project_fact_productividad_export.csv,2026-06-23T00:00:00,390
PD000391,20250605,A007,R008,L016,Día,2029,1510,10.91,8.14,2.77,project_fact_productividad_export.csv,2026-06-23T00:00:00,391
PD000392,20250402,A004,R010,L005,Tarde,6871,6442,7.23,5.13,2.09,project_fact_productividad_export.csv,2026-06-23T00:00:00,392
PD000393,20250211,A006,R010,L006,Día,4056,4357,11.89,9.1,2.79,project_fact_productividad_export.csv,2026-06-23T00:00:00,393
PD000394,20250101,A008,R009,L012,Noche,1832,1614,7.31,6.51,0.8,project_fact_productividad_export.csv,2026-06-23T00:00:00,394
PD000395,20250131,A013,R005,L007,Noche,72,57,6.25,5.08,1.17,project_fact_productividad_export.csv,2026-06-23T00:00:00,395
PD000396,20250507,A004,R002,L008,Día,8366,8934,6.05,4.22,1.83,project_fact_productividad_export.csv,2026-06-23T00:00:00,396
PD000397,20250521,A010,R001,L010,Tarde,1938,1075,10.97,7.48,3.49,project_fact_productividad_export.csv,2026-06-23T00:00:00,397
PD000398,20250410,A012,R016,L012,Noche,60,46,8.94,7.54,1.4,project_fact_productividad_export.csv,2026-06-23T00:00:00,398
PD000399,20250218,A011,R027,L017,Noche,190,154,6.84,4.7,2.14,project_fact_productividad_export.csv,2026-06-23T00:00:00,399
PD000400,20250602,A010,R004,L006,Noche,729,428,9.19,6.92,2.27,project_fact_productividad_export.csv,2026-06-23T00:00:00,400
PD000401,20250217,A011,R025,L008,Noche,190,203,9.96,7.7,2.26,project_fact_productividad_export.csv,2026-06-23T00:00:00,401
PD000402,20250512,A017,R003,L016,Día,253,248,8.23,6.15,2.08,project_fact_productividad_export.csv,2026-06-23T00:00:00,402
PD000403,20250330,A011,R017,L010,Día,74,67,6.0,4.83,1.17,project_fact_productividad_export.csv,2026-06-23T00:00:00,403
PD000404,20250508,A014,R025,L015,Tarde,248,226,7.08,5.85,1.23,project_fact_productividad_export.csv,2026-06-23T00:00:00,404
PD000405,20250113,A001,R018,L010,Noche,8468,7785,11.44,9.33,2.11,project_fact_productividad_export.csv,2026-06-23T00:00:00,405
PD000406,20250406,A001,R024,L002,Noche,2225,2278,10.68,9.51,1.17,project_fact_productividad_export.csv,2026-06-23T00:00:00,406
PD000407,20250522,A017,R012,L015,Noche,117,109,9.89,7.1,2.79,project_fact_productividad_export.csv,2026-06-23T00:00:00,407
PD000408,20250126,A010,R003,L009,Noche,1126,709,10.5,7.21,3.3,project_fact_productividad_export.csv,2026-06-23T00:00:00,408
PD000409,20250626,A002,R017,L010,Noche,94,103,11.64,9.46,2.19,project_fact_productividad_export.csv,2026-06-23T00:00:00,409
PD000410,20250130,A007,R005,L003,Tarde,2316,1805,6.95,4.65,2.3,project_fact_productividad_export.csv,2026-06-23T00:00:00,410
PD000411,20250426,A014,R011,L008,Día,42,38,7.42,6.75,0.67,project_fact_productividad_export.csv,2026-06-23T00:00:00,411
PD000412,20250608,A006,R019,L008,Noche,2029,2400,9.08,7.21,1.86,project_fact_productividad_export.csv,2026-06-23T00:00:00,412
PD000413,20250519,A012,R001,L009,Día,258,193,9.69,8.32,1.37,project_fact_productividad_export.csv,2026-06-23T00:00:00,413
PD000414,20250309,A008,R009,L003,Noche,3980,3653,7.36,5.02,2.34,project_fact_productividad_export.csv,2026-06-23T00:00:00,414
PD000415,20250518,A011,R008,L009,Tarde,193,234,6.76,5.34,1.42,project_fact_productividad_export.csv,2026-06-23T00:00:00,415
PD000416,20250318,A012,R030,L004,Noche,160,161,8.96,7.27,1.69,project_fact_productividad_export.csv,2026-06-23T00:00:00,416
PD000417,20250201,A002,R004,L002,Tarde,97,102,6.02,4.3,1.71,project_fact_productividad_export.csv,2026-06-23T00:00:00,417
PD000418,20250402,A002,R010,L015,Tarde,208,206,7.0,6.13,0.88,project_fact_productividad_export.csv,2026-06-23T00:00:00,418
PD000419,20250128,A008,R009,L014,Noche,995,836,10.56,7.82,2.73,project_fact_productividad_export.csv,2026-06-23T00:00:00,419
PD000420,20250525,A010,R013,L006,Noche,3184,1857,6.34,3.83,2.51,project_fact_productividad_export.csv,2026-06-23T00:00:00,420
PD000421,20250419,A005,R001,L008,Día,3637,3239,8.61,7.88,0.73,project_fact_productividad_export.csv,2026-06-23T00:00:00,421
PD000422,20250127,A004,R007,L005,Día,2483,2201,10.61,7.59,3.02,project_fact_productividad_export.csv,2026-06-23T00:00:00,422
PD000423,20250616,A001,R009,L005,Noche,7342,6961,10.29,8.71,1.58,project_fact_productividad_export.csv,2026-06-23T00:00:00,423
PD000424,20250424,A015,R009,L012,Día,231,221,10.22,7.21,3.01,project_fact_productividad_export.csv,2026-06-23T00:00:00,424
PD000425,20250627,A011,R016,L009,Noche,188,214,11.22,9.01,2.21,project_fact_productividad_export.csv,2026-06-23T00:00:00,425
PD000426,20250421,A003,R010,L002,Día,5586,5102,9.16,8.36,0.8,project_fact_productividad_export.csv,2026-06-23T00:00:00,426
PD000427,20250511,A006,R011,L014,Día,2212,2524,9.42,7.49,1.92,project_fact_productividad_export.csv,2026-06-23T00:00:00,427
PD000428,20250131,A015,R004,L009,Tarde,114,94,11.67,8.96,2.71,project_fact_productividad_export.csv,2026-06-23T00:00:00,428
PD000429,20250126,A001,R026,L014,Noche,2290,1863,9.28,7.74,1.54,project_fact_productividad_export.csv,2026-06-23T00:00:00,429
PD000430,20250323,A009,R018,L010,Noche,1328,932,9.17,7.49,1.68,project_fact_productividad_export.csv,2026-06-23T00:00:00,430
PD000431,20250514,A013,R012,L009,Día,186,189,6.13,4.91,1.22,project_fact_productividad_export.csv,2026-06-23T00:00:00,431
PD000432,20250409,A009,R002,L001,Tarde,1854,1247,7.58,4.45,3.13,project_fact_productividad_export.csv,2026-06-23T00:00:00,432
PD000433,20250624,A013,R014,L002,Día,219,193,10.65,9.33,1.32,project_fact_productividad_export.csv,2026-06-23T00:00:00,433
PD000434,20250214,A002,R008,L012,Tarde,182,185,10.76,8.54,2.22,project_fact_productividad_export.csv,2026-06-23T00:00:00,434
PD000435,20250217,A006,R009,L010,Día,3222,2901,6.2,4.98,1.22,project_fact_productividad_export.csv,2026-06-23T00:00:00,435
PD000436,20250509,A011,R009,L006,Noche,232,243,9.62,7.52,2.1,project_fact_productividad_export.csv,2026-06-23T00:00:00,436
PD000437,20250318,A005,R018,L001,Día,3623,3036,6.95,5.5,1.44,project_fact_productividad_export.csv,2026-06-23T00:00:00,437
PD000438,20250505,A010,R010,L013,Tarde,3253,2719,9.02,6.09,2.93,project_fact_productividad_export.csv,2026-06-23T00:00:00,438
PD000439,20250616,A009,R013,L006,Noche,1469,979,9.35,7.0,2.35,project_fact_productividad_export.csv,2026-06-23T00:00:00,439
PD000440,20250129,A004,R024,L005,Noche,6106,4800,10.48,8.66,1.83,project_fact_productividad_export.csv,2026-06-23T00:00:00,440
PD000441,20250405,A005,R027,L006,Noche,1409,1473,6.01,5.33,0.68,project_fact_productividad_export.csv,2026-06-23T00:00:00,441
PD000442,20250511,A008,R007,L017,Noche,3197,3173,7.71,6.03,1.68,project_fact_productividad_export.csv,2026-06-23T00:00:00,442
PD000443,20250227,A016,R014,L009,Tarde,93,76,10.1,7.46,2.65,project_fact_productividad_export.csv,2026-06-23T00:00:00,443
PD000444,20250504,A003,R021,L007,Día,7205,7537,11.45,8.45,3.0,project_fact_productividad_export.csv,2026-06-23T00:00:00,444
PD000445,20250212,A011,R026,L013,Día,198,218,7.29,6.06,1.23,project_fact_productividad_export.csv,2026-06-23T00:00:00,445
PD000446,20250410,A011,R009,L009,Día,186,164,11.44,9.86,1.57,project_fact_productividad_export.csv,2026-06-23T00:00:00,446
PD000447,20250609,A012,R013,L017,Noche,37,47,11.99,9.96,2.02,project_fact_productividad_export.csv,2026-06-23T00:00:00,447
PD000448,20250215,A006,R014,L002,Día,1566,1471,11.84,9.19,2.65,project_fact_productividad_export.csv,2026-06-23T00:00:00,448
PD000449,20250501,A002,R005,L015,Tarde,71,79,11.77,9.05,2.72,project_fact_productividad_export.csv,2026-06-23T00:00:00,449
PD000450,20250607,A010,R014,L017,Tarde,697,441,11.44,7.8,3.64,project_fact_productividad_export.csv,2026-06-23T00:00:00,450
PD000451,20250422,A012,R019,L004,Tarde,176,173,9.66,7.71,1.96,project_fact_productividad_export.csv,2026-06-23T00:00:00,451
PD000452,20250625,A013,R029,L005,Noche,189,171,10.59,8.35,2.25,project_fact_productividad_export.csv,2026-06-23T00:00:00,452
PD000453,20250413,A005,R014,L002,Día,1300,1302,11.32,9.65,1.67,project_fact_productividad_export.csv,2026-06-23T00:00:00,453
PD000454,20250309,A002,R017,L007,Día,21,21,8.9,6.31,2.59,project_fact_productividad_export.csv,2026-06-23T00:00:00,454
PD000455,20250605,A008,R003,L017,Día,3510,3269,6.54,5.17,1.37,project_fact_productividad_export.csv,2026-06-23T00:00:00,455
PD000456,20250501,A011,R003,L004,Noche,152,158,9.62,7.28,2.34,project_fact_productividad_export.csv,2026-06-23T00:00:00,456
PD000457,20250601,A015,R009,L006,Día,138,122,10.1,8.84,1.25,project_fact_productividad_export.csv,2026-06-23T00:00:00,457
PD000458,20250115,A015,R007,L007,Tarde,202,184,6.87,5.1,1.77,project_fact_productividad_export.csv,2026-06-23T00:00:00,458
PD000459,20250514,A014,R007,L011,Noche,258,251,9.08,7.17,1.91,project_fact_productividad_export.csv,2026-06-23T00:00:00,459
PD000460,20250317,A010,R021,L016,Noche,3449,2255,10.01,6.05,3.96,project_fact_productividad_export.csv,2026-06-23T00:00:00,460
PD000461,20250405,A005,R004,L011,Día,854,946,7.98,6.7,1.28,project_fact_productividad_export.csv,2026-06-23T00:00:00,461
PD000462,20250122,A002,R003,L011,Día,40,37,7.81,6.8,1.01,project_fact_productividad_export.csv,2026-06-23T00:00:00,462
PD000463,20250627,A007,R014,L005,Día,3035,2928,8.93,6.9,2.03,project_fact_productividad_export.csv,2026-06-23T00:00:00,463
PD000464,20250520,A006,R001,L014,Día,2532,1632,11.56,8.27,3.29,project_fact_productividad_export.csv,2026-06-23T00:00:00,464
PD000465,20250312,A009,R016,L013,Tarde,1231,1171,11.66,8.12,3.54,project_fact_productividad_export.csv,2026-06-23T00:00:00,465
PD000466,20250527,A003,R018,L014,Día,7527,8570,6.68,5.12,1.56,project_fact_productividad_export.csv,2026-06-23T00:00:00,466
PD000467,20250509,A017,R014,L013,Noche,34,31,8.17,6.86,1.32,project_fact_productividad_export.csv,2026-06-23T00:00:00,467
PD000468,20250511,A008,R016,L012,Día,2963,2115,11.49,8.78,2.71,project_fact_productividad_export.csv,2026-06-23T00:00:00,468
PD000469,20250305,A001,R007,L013,Día,4888,5300,8.54,6.09,2.45,project_fact_productividad_export.csv,2026-06-23T00:00:00,469
PD000470,20250420,A005,R025,L017,Día,2275,2158,6.89,5.24,1.65,project_fact_productividad_export.csv,2026-06-23T00:00:00,470
PD000471,20250419,A009,R022,L012,Tarde,1883,1369,10.29,9.12,1.17,project_fact_productividad_export.csv,2026-06-23T00:00:00,471
PD000472,20250220,A013,R026,L012,Día,65,60,7.97,5.42,2.55,project_fact_productividad_export.csv,2026-06-23T00:00:00,472
PD000473,20250319,A012,R002,L014,Noche,112,127,11.67,8.51,3.15,project_fact_productividad_export.csv,2026-06-23T00:00:00,473
PD000474,20250112,A002,R011,L005,Tarde,106,82,9.8,7.15,2.65,project_fact_productividad_export.csv,2026-06-23T00:00:00,474
PD000475,20250323,A003,R014,L011,Día,5269,5727,10.53,8.22,2.31,project_fact_productividad_export.csv,2026-06-23T00:00:00,475
PD000476,20250106,A015,R018,L002,Tarde,196,180,9.65,8.73,0.92,project_fact_productividad_export.csv,2026-06-23T00:00:00,476
PD000477,20250417,A013,R019,L012,Día,84,95,7.07,5.76,1.31,project_fact_productividad_export.csv,2026-06-23T00:00:00,477
PD000478,20250612,A001,R029,L012,Noche,6594,6202,10.61,7.41,3.2,project_fact_productividad_export.csv,2026-06-23T00:00:00,478
PD000479,20250314,A002,R007,L011,Día,77,79,8.82,6.54,2.28,project_fact_productividad_export.csv,2026-06-23T00:00:00,479
PD000480,20250416,A012,R019,L017,Día,167,159,8.85,6.78,2.06,project_fact_productividad_export.csv,2026-06-23T00:00:00,480
PD000481,20250330,A002,R014,L012,Noche,139,151,11.18,7.71,3.47,project_fact_productividad_export.csv,2026-06-23T00:00:00,481
PD000482,20250214,A012,R024,L006,Noche,29,23,6.19,4.68,1.51,project_fact_productividad_export.csv,2026-06-23T00:00:00,482
PD000483,20250201,A012,R030,L005,Día,142,136,6.07,5.29,0.79,project_fact_productividad_export.csv,2026-06-23T00:00:00,483
PD000484,20250425,A012,R004,L004,Día,134,122,10.01,8.46,1.54,project_fact_productividad_export.csv,2026-06-23T00:00:00,484
PD000485,20250519,A012,R014,L003,Noche,45,44,7.02,6.05,0.97,project_fact_productividad_export.csv,2026-06-23T00:00:00,485
PD000486,20250104,A009,R012,L011,Día,1979,1568,6.65,5.35,1.31,project_fact_productividad_export.csv,2026-06-23T00:00:00,486
PD000487,20250521,A006,R012,L011,Noche,1324,1065,6.95,5.49,1.45,project_fact_productividad_export.csv,2026-06-23T00:00:00,487
PD000488,20250512,A008,R010,L016,Tarde,3263,3484,8.18,7.17,1.01,project_fact_productividad_export.csv,2026-06-23T00:00:00,488
PD000489,20250203,A013,R004,L008,Tarde,144,119,10.85,9.6,1.25,project_fact_productividad_export.csv,2026-06-23T00:00:00,489
PD000490,20250521,A016,R009,L015,Noche,21,18,7.16,6.43,0.73,project_fact_productividad_export.csv,2026-06-23T00:00:00,490
PD000491,20250329,A002,R003,L006,Día,142,131,10.71,9.21,1.51,project_fact_productividad_export.csv,2026-06-23T00:00:00,491
PD000492,20250423,A012,R024,L011,Noche,237,244,9.71,6.91,2.8,project_fact_productividad_export.csv,2026-06-23T00:00:00,492
PD000493,20250413,A006,R003,L005,Tarde,3612,3442,7.58,5.65,1.92,project_fact_productividad_export.csv,2026-06-23T00:00:00,493
PD000494,20250201,A002,R009,L006,Tarde,213,239,9.08,7.7,1.38,project_fact_productividad_export.csv,2026-06-23T00:00:00,494
PD000495,20250620,A002,R025,L008,Tarde,211,170,8.91,8.08,0.83,project_fact_productividad_export.csv,2026-06-23T00:00:00,495
PD000496,20250620,A010,R027,L017,Tarde,1056,803,11.29,9.36,1.94,project_fact_productividad_export.csv,2026-06-23T00:00:00,496
PD000497,20250505,A010,R012,L001,Día,631,585,8.01,5.16,2.85,project_fact_productividad_export.csv,2026-06-23T00:00:00,497
PD000498,20250601,A009,R017,L011,Tarde,1763,1173,11.61,10.1,1.51,project_fact_productividad_export.csv,2026-06-23T00:00:00,498
PD000499,20250130,A007,R010,L004,Tarde,2652,2036,11.78,9.8,1.98,project_fact_productividad_export.csv,2026-06-23T00:00:00,499
PD000500,20250306,A003,R015,L012,Día,6240,5590,9.96,7.05,2.9,project_fact_productividad_export.csv,2026-06-23T00:00:00,500
PD000501,20250522,A011,R026,L007,Noche,199,156,7.66,5.9,1.76,project_fact_productividad_export.csv,2026-06-23T00:00:00,501
PD000502,20250606,A013,R029,L014,Tarde,86,81,7.85,6.93,0.92,project_fact_productividad_export.csv,2026-06-23T00:00:00,502
PD000503,20250204,A001,R016,L007,Tarde,7134,5290,10.05,7.48,2.58,project_fact_productividad_export.csv,2026-06-23T00:00:00,503
PD000504,20250524,A001,R009,L004,Noche,5395,4339,11.99,9.14,2.85,project_fact_productividad_export.csv,2026-06-23T00:00:00,504
PD000505,20250113,A012,R030,L007,Tarde,216,206,9.36,7.53,1.83,project_fact_productividad_export.csv,2026-06-23T00:00:00,505
PD000506,20250215,A016,R006,L004,Día,153,151,8.48,6.04,2.44,project_fact_productividad_export.csv,2026-06-23T00:00:00,506
PD000507,20250617,A016,R024,L010,Día,192,197,9.6,8.77,0.84,project_fact_productividad_export.csv,2026-06-23T00:00:00,507
PD000508,20250204,A011,R003,L001,Noche,130,125,7.75,5.35,2.41,project_fact_productividad_export.csv,2026-06-23T00:00:00,508
PD000509,20250425,A013,R006,L010,Tarde,163,165,6.66,5.22,1.44,project_fact_productividad_export.csv,2026-06-23T00:00:00,509
PD000510,20250305,A017,R030,L005,Noche,255,240,6.34,5.12,1.22,project_fact_productividad_export.csv,2026-06-23T00:00:00,510
PD000511,20250402,A010,R011,L003,Día,2424,1518,11.24,7.15,4.1,project_fact_productividad_export.csv,2026-06-23T00:00:00,511
PD000512,20250207,A014,R021,L004,Tarde,33,33,6.35,4.43,1.93,project_fact_productividad_export.csv,2026-06-23T00:00:00,512
PD000513,20250118,A015,R014,L010,Noche,257,218,6.84,5.06,1.78,project_fact_productividad_export.csv,2026-06-23T00:00:00,513
PD000514,20250611,A007,R004,L012,Día,1990,1358,9.51,8.47,1.03,project_fact_productividad_export.csv,2026-06-23T00:00:00,514
PD000515,20250201,A008,R010,L005,Día,1899,1749,8.64,6.38,2.27,project_fact_productividad_export.csv,2026-06-23T00:00:00,515
PD000516,20250622,A002,R010,L009,Tarde,134,131,8.62,7.64,0.97,project_fact_productividad_export.csv,2026-06-23T00:00:00,516
PD000517,20250319,A015,R007,L008,Noche,177,156,8.34,6.13,2.21,project_fact_productividad_export.csv,2026-06-23T00:00:00,517
PD000518,20250214,A010,R029,L014,Noche,4026,3190,6.95,5.09,1.86,project_fact_productividad_export.csv,2026-06-23T00:00:00,518
PD000519,20250427,A010,R014,L006,Tarde,1901,2026,9.23,6.88,2.36,project_fact_productividad_export.csv,2026-06-23T00:00:00,519
PD000520,20250411,A013,R021,L008,Noche,93,90,7.01,5.1,1.91,project_fact_productividad_export.csv,2026-06-23T00:00:00,520
PD000521,20250620,A011,R021,L002,Día,31,31,11.24,10.33,0.91,project_fact_productividad_export.csv,2026-06-23T00:00:00,521
PD000522,20250524,A009,R018,L008,Tarde,2232,2049,6.94,4.06,2.88,project_fact_productividad_export.csv,2026-06-23T00:00:00,522
PD000523,20250517,A016,R007,L014,Día,143,129,6.74,5.18,1.56,project_fact_productividad_export.csv,2026-06-23T00:00:00,523
PD000524,20250403,A014,R006,L008,Tarde,163,147,6.68,5.63,1.06,project_fact_productividad_export.csv,2026-06-23T00:00:00,524
PD000525,20250424,A011,R019,L016,Tarde,30,31,7.76,6.09,1.67,project_fact_productividad_export.csv,2026-06-23T00:00:00,525
PD000526,20250311,A014,R017,L008,Tarde,179,162,9.05,6.55,2.51,project_fact_productividad_export.csv,2026-06-23T00:00:00,526
PD000527,20250211,A013,R017,L013,Día,231,203,9.27,7.32,1.96,project_fact_productividad_export.csv,2026-06-23T00:00:00,527
PD000528,20250417,A015,R009,L010,Noche,197,193,11.18,8.9,2.28,project_fact_productividad_export.csv,2026-06-23T00:00:00,528
PD000529,20250117,A017,R007,L013,Noche,221,209,7.57,5.5,2.08,project_fact_productividad_export.csv,2026-06-23T00:00:00,529
PD000530,20250316,A002,R026,L001,Día,121,122,8.22,6.5,1.72,project_fact_productividad_export.csv,2026-06-23T00:00:00,530
PD000531,20250521,A003,R017,L013,Día,3771,3998,8.34,7.31,1.03,project_fact_productividad_export.csv,2026-06-23T00:00:00,531
PD000532,20250421,A015,R008,L010,Tarde,226,195,10.59,9.65,0.94,project_fact_productividad_export.csv,2026-06-23T00:00:00,532
PD000533,20250504,A004,R028,L017,Noche,6928,5679,9.24,6.51,2.73,project_fact_productividad_export.csv,2026-06-23T00:00:00,533
PD000534,20250518,A002,R003,L015,Día,131,138,6.87,5.73,1.14,project_fact_productividad_export.csv,2026-06-23T00:00:00,534
PD000535,20250610,A014,R030,L012,Noche,76,67,10.29,8.93,1.36,project_fact_productividad_export.csv,2026-06-23T00:00:00,535
PD000536,20250202,A016,R002,L002,Tarde,116,97,8.13,6.57,1.56,project_fact_productividad_export.csv,2026-06-23T00:00:00,536
PD000537,20250311,A010,R029,L010,Noche,1156,692,8.98,5.23,3.75,project_fact_productividad_export.csv,2026-06-23T00:00:00,537
PD000538,20250323,A008,R008,L015,Día,3485,3930,9.9,8.28,1.62,project_fact_productividad_export.csv,2026-06-23T00:00:00,538
PD000539,20250109,A001,R021,L017,Día,7360,7641,7.1,6.35,0.75,project_fact_productividad_export.csv,2026-06-23T00:00:00,539
PD000540,20250122,A013,R016,L006,Noche,63,61,10.87,9.95,0.92,project_fact_productividad_export.csv,2026-06-23T00:00:00,540
PD000541,20250425,A006,R021,L007,Día,2815,3155,9.54,7.81,1.73,project_fact_productividad_export.csv,2026-06-23T00:00:00,541
PD000542,20250513,A005,R002,L016,Día,2131,2122,11.04,8.91,2.13,project_fact_productividad_export.csv,2026-06-23T00:00:00,542
PD000543,20250506,A016,R027,L012,Día,75,64,9.47,7.62,1.85,project_fact_productividad_export.csv,2026-06-23T00:00:00,543
PD000544,20250216,A006,R004,L006,Tarde,3958,4542,8.64,6.3,2.34,project_fact_productividad_export.csv,2026-06-23T00:00:00,544
PD000545,20250129,A016,R011,L016,Tarde,164,152,10.92,7.61,3.31,project_fact_productividad_export.csv,2026-06-23T00:00:00,545
PD000546,20250211,A015,R026,L008,Tarde,43,44,10.28,8.08,2.2,project_fact_productividad_export.csv,2026-06-23T00:00:00,546
PD000547,20250216,A001,R026,L016,Tarde,4860,4542,8.45,6.85,1.6,project_fact_productividad_export.csv,2026-06-23T00:00:00,547
PD000548,20250203,A011,R023,L003,Noche,96,90,10.06,7.4,2.66,project_fact_productividad_export.csv,2026-06-23T00:00:00,548
PD000549,20250628,A001,R015,L001,Día,7839,7061,8.83,6.6,2.23,project_fact_productividad_export.csv,2026-06-23T00:00:00,549
PD000550,20250113,A016,R025,L014,Tarde,162,153,8.48,7.1,1.37,project_fact_productividad_export.csv,2026-06-23T00:00:00,550
PD000551,20250214,A013,R024,L015,Día,230,222,6.76,6.07,0.7,project_fact_productividad_export.csv,2026-06-23T00:00:00,551
PD000552,20250619,A011,R007,L017,Tarde,211,184,8.1,7.15,0.95,project_fact_productividad_export.csv,2026-06-23T00:00:00,552
PD000553,20250109,A003,R030,L002,Noche,6044,5453,11.14,7.7,3.44,project_fact_productividad_export.csv,2026-06-23T00:00:00,553
PD000554,20250326,A004,R014,L001,Día,5591,5300,7.12,6.31,0.81,project_fact_productividad_export.csv,2026-06-23T00:00:00,554
PD000555,20250117,A009,R021,L015,Día,786,721,9.44,7.96,1.47,project_fact_productividad_export.csv,2026-06-23T00:00:00,555
PD000556,20250207,A001,R028,L004,Noche,2719,2695,11.85,9.84,2.01,project_fact_productividad_export.csv,2026-06-23T00:00:00,556
PD000557,20250102,A006,R023,L002,Día,909,812,9.96,8.26,1.69,project_fact_productividad_export.csv,2026-06-23T00:00:00,557
PD000558,20250112,A001,R001,L009,Tarde,8473,7733,8.36,7.29,1.06,project_fact_productividad_export.csv,2026-06-23T00:00:00,558
PD000559,20250527,A008,R002,L012,Noche,2965,2836,9.35,7.65,1.69,project_fact_productividad_export.csv,2026-06-23T00:00:00,559
PD000560,20250316,A011,R023,L010,Día,112,96,11.98,9.34,2.63,project_fact_productividad_export.csv,2026-06-23T00:00:00,560
PD000561,20250519,A010,R029,L013,Día,3843,3170,11.5,8.95,2.56,project_fact_productividad_export.csv,2026-06-23T00:00:00,561
PD000562,20250625,A012,R017,L009,Día,204,200,6.89,5.9,0.99,project_fact_productividad_export.csv,2026-06-23T00:00:00,562
PD000563,20250423,A011,R017,L011,Día,217,220,8.04,6.55,1.49,project_fact_productividad_export.csv,2026-06-23T00:00:00,563
PD000564,20250607,A015,R017,L005,Día,141,124,6.29,5.16,1.13,project_fact_productividad_export.csv,2026-06-23T00:00:00,564
PD000565,20250430,A009,R010,L013,Día,1543,1124,8.52,5.51,3.01,project_fact_productividad_export.csv,2026-06-23T00:00:00,565
PD000566,20250521,A002,R030,L013,Noche,143,154,6.5,5.86,0.64,project_fact_productividad_export.csv,2026-06-23T00:00:00,566
PD000567,20250107,A011,R027,L003,Tarde,150,166,10.85,8.37,2.48,project_fact_productividad_export.csv,2026-06-23T00:00:00,567
PD000568,20250215,A003,R027,L003,Día,5659,5013,7.92,5.52,2.4,project_fact_productividad_export.csv,2026-06-23T00:00:00,568
PD000569,20250519,A005,R014,L007,Noche,1767,1455,9.66,7.06,2.6,project_fact_productividad_export.csv,2026-06-23T00:00:00,569
PD000570,20250607,A015,R010,L001,Noche,45,42,7.28,6.63,0.65,project_fact_productividad_export.csv,2026-06-23T00:00:00,570
PD000571,20250221,A007,R008,L006,Noche,2177,1139,9.62,7.26,2.36,project_fact_productividad_export.csv,2026-06-23T00:00:00,571
PD000572,20250330,A010,R015,L004,Día,2623,1553,7.17,5.4,1.77,project_fact_productividad_export.csv,2026-06-23T00:00:00,572
PD000573,20250405,A011,R007,L013,Tarde,34,36,8.01,5.95,2.06,project_fact_productividad_export.csv,2026-06-23T00:00:00,573
PD000574,20250625,A005,R008,L015,Tarde,2682,2274,10.02,9.12,0.9,project_fact_productividad_export.csv,2026-06-23T00:00:00,574
PD000575,20250227,A009,R029,L011,Día,1774,1679,7.69,5.43,2.26,project_fact_productividad_export.csv,2026-06-23T00:00:00,575
PD000576,20250614,A014,R004,L006,Tarde,107,109,11.79,10.31,1.48,project_fact_productividad_export.csv,2026-06-23T00:00:00,576
PD000577,20250206,A001,R008,L006,Tarde,2968,2729,9.31,7.4,1.91,project_fact_productividad_export.csv,2026-06-23T00:00:00,577
PD000578,20250117,A009,R005,L012,Tarde,2482,1661,9.05,7.73,1.31,project_fact_productividad_export.csv,2026-06-23T00:00:00,578
PD000579,20250107,A012,R005,L007,Tarde,125,117,10.93,9.67,1.26,project_fact_productividad_export.csv,2026-06-23T00:00:00,579
PD000580,20250324,A008,R003,L001,Día,982,974,11.3,8.93,2.37,project_fact_productividad_export.csv,2026-06-23T00:00:00,580
PD000581,20250321,A008,R006,L002,Día,1497,1278,6.68,5.91,0.77,project_fact_productividad_export.csv,2026-06-23T00:00:00,581
PD000582,20250112,A009,R006,L007,Noche,3725,2098,10.98,6.88,4.1,project_fact_productividad_export.csv,2026-06-23T00:00:00,582
PD000583,20250210,A003,R008,L002,Tarde,6598,7172,6.74,5.36,1.38,project_fact_productividad_export.csv,2026-06-23T00:00:00,583
PD000584,20250321,A015,R020,L009,Día,173,145,8.48,6.68,1.81,project_fact_productividad_export.csv,2026-06-23T00:00:00,584
PD000585,20250626,A016,R004,L015,Tarde,228,187,11.21,9.21,2.0,project_fact_productividad_export.csv,2026-06-23T00:00:00,585
PD000586,20250212,A014,R005,L006,Tarde,194,214,10.2,7.14,3.06,project_fact_productividad_export.csv,2026-06-23T00:00:00,586
PD000587,20250117,A012,R015,L008,Noche,175,167,6.69,6.08,0.61,project_fact_productividad_export.csv,2026-06-23T00:00:00,587
PD000588,20250318,A005,R003,L015,Tarde,4175,4293,7.22,5.73,1.49,project_fact_productividad_export.csv,2026-06-23T00:00:00,588
PD000589,20250429,A009,R017,L004,Tarde,1405,1312,8.7,6.94,1.76,project_fact_productividad_export.csv,2026-06-23T00:00:00,589
PD000590,20250517,A007,R028,L005,Noche,1460,1088,6.51,5.46,1.05,project_fact_productividad_export.csv,2026-06-23T00:00:00,590
PD000591,20250427,A014,R029,L005,Tarde,226,159,8.14,5.69,2.46,project_fact_productividad_export.csv,2026-06-23T00:00:00,591
PD000592,20250118,A014,R005,L013,Día,172,192,9.82,7.07,2.75,project_fact_productividad_export.csv,2026-06-23T00:00:00,592
PD000593,20250331,A006,R009,L009,Tarde,2332,2331,8.65,7.0,1.65,project_fact_productividad_export.csv,2026-06-23T00:00:00,593
PD000594,20250414,A011,R018,L012,Tarde,96,69,8.32,7.27,1.06,project_fact_productividad_export.csv,2026-06-23T00:00:00,594
PD000595,20250325,A003,R016,L009,Día,4404,4586,9.12,6.32,2.8,project_fact_productividad_export.csv,2026-06-23T00:00:00,595
PD000596,20250614,A009,R009,L012,Día,1888,1104,10.42,6.05,4.37,project_fact_productividad_export.csv,2026-06-23T00:00:00,596
PD000597,20250122,A013,R010,L004,Día,176,212,6.06,5.47,0.59,project_fact_productividad_export.csv,2026-06-23T00:00:00,597
PD000598,20250407,A002,R015,L005,Día,64,71,6.33,5.77,0.56,project_fact_productividad_export.csv,2026-06-23T00:00:00,598
PD000599,20250323,A001,R011,L001,Noche,5575,6068,9.62,6.8,2.82,project_fact_productividad_export.csv,2026-06-23T00:00:00,599
PD000600,20250301,A017,R017,L016,Tarde,101,104,11.0,9.38,1.61,project_fact_productividad_export.csv,2026-06-23T00:00:00,600
PD000601,20250214,A003,R002,L014,Noche,3454,3269,8.56,7.35,1.21,project_fact_productividad_export.csv,2026-06-23T00:00:00,601
PD000602,20250617,A001,R014,L007,Día,6642,5737,7.38,5.86,1.52,project_fact_productividad_export.csv,2026-06-23T00:00:00,602
PD000603,20250405,A008,R012,L012,Tarde,1201,1161,7.42,5.78,1.64,project_fact_productividad_export.csv,2026-06-23T00:00:00,603
PD000604,20250409,A012,R019,L017,Noche,202,206,8.28,6.08,2.2,project_fact_productividad_export.csv,2026-06-23T00:00:00,604
PD000605,20250325,A009,R003,L004,Noche,1645,1156,8.62,6.39,2.23,project_fact_productividad_export.csv,2026-06-23T00:00:00,605
PD000606,20250328,A001,R016,L008,Tarde,6507,6346,6.93,6.06,0.88,project_fact_productividad_export.csv,2026-06-23T00:00:00,606
PD000607,20250420,A014,R006,L002,Tarde,235,243,8.0,6.11,1.89,project_fact_productividad_export.csv,2026-06-23T00:00:00,607
PD000608,20250621,A015,R029,L013,Tarde,71,72,7.9,6.45,1.45,project_fact_productividad_export.csv,2026-06-23T00:00:00,608
PD000609,20250609,A003,R028,L008,Noche,2886,2442,9.14,7.63,1.51,project_fact_productividad_export.csv,2026-06-23T00:00:00,609
PD000610,20250424,A016,R003,L008,Día,86,101,11.84,8.69,3.15,project_fact_productividad_export.csv,2026-06-23T00:00:00,610
PD000611,20250531,A010,R006,L011,Noche,4002,2502,8.8,5.25,3.55,project_fact_productividad_export.csv,2026-06-23T00:00:00,611
PD000612,20250523,A014,R025,L014,Tarde,49,40,10.1,8.45,1.65,project_fact_productividad_export.csv,2026-06-23T00:00:00,612
PD000613,20250326,A005,R007,L010,Tarde,3228,2543,6.36,5.49,0.87,project_fact_productividad_export.csv,2026-06-23T00:00:00,613
PD000614,20250211,A015,R030,L017,Tarde,119,100,7.79,5.38,2.41,project_fact_productividad_export.csv,2026-06-23T00:00:00,614
PD000615,20250407,A010,R030,L016,Noche,1940,810,7.45,5.29,2.16,project_fact_productividad_export.csv,2026-06-23T00:00:00,615
PD000616,20250309,A013,R003,L013,Día,125,121,6.96,6.17,0.79,project_fact_productividad_export.csv,2026-06-23T00:00:00,616
PD000617,20250313,A010,R011,L009,Tarde,3262,1916,11.34,8.24,3.1,project_fact_productividad_export.csv,2026-06-23T00:00:00,617
PD000618,20250624,A015,R027,L002,Tarde,207,238,8.79,6.23,2.56,project_fact_productividad_export.csv,2026-06-23T00:00:00,618
PD000619,20250304,A016,R022,L015,Día,206,188,7.08,4.84,2.24,project_fact_productividad_export.csv,2026-06-23T00:00:00,619
PD000620,20250521,A013,R014,L014,Día,259,276,10.99,8.69,2.3,project_fact_productividad_export.csv,2026-06-23T00:00:00,620
PD000621,20250408,A005,R025,L004,Tarde,2807,2725,6.52,5.05,1.46,project_fact_productividad_export.csv,2026-06-23T00:00:00,621
PD000622,20250101,A004,R023,L015,Tarde,3517,4142,8.7,7.2,1.5,project_fact_productividad_export.csv,2026-06-23T00:00:00,622
PD000623,20250220,A012,R007,L011,Noche,98,89,10.34,8.22,2.12,project_fact_productividad_export.csv,2026-06-23T00:00:00,623
PD000624,20250330,A017,R021,L008,Día,126,134,8.72,6.19,2.53,project_fact_productividad_export.csv,2026-06-23T00:00:00,624
PD000625,20250223,A010,R022,L016,Tarde,949,559,10.78,6.29,4.49,project_fact_productividad_export.csv,2026-06-23T00:00:00,625
PD000626,20250323,A002,R007,L007,Día,152,134,10.69,9.4,1.29,project_fact_productividad_export.csv,2026-06-23T00:00:00,626
PD000627,20250216,A003,R021,L002,Noche,6110,5824,10.58,8.11,2.46,project_fact_productividad_export.csv,2026-06-23T00:00:00,627
PD000628,20250414,A010,R002,L008,Día,3899,3237,11.37,9.09,2.28,project_fact_productividad_export.csv,2026-06-23T00:00:00,628
PD000629,20250603,A008,R023,L011,Tarde,742,757,11.01,9.26,1.75,project_fact_productividad_export.csv,2026-06-23T00:00:00,629
PD000630,20250610,A003,R010,L017,Tarde,4024,3596,8.84,6.37,2.48,project_fact_productividad_export.csv,2026-06-23T00:00:00,630
PD000631,20250213,A007,R014,L003,Tarde,1058,940,7.14,4.54,2.6,project_fact_productividad_export.csv,2026-06-23T00:00:00,631
PD000632,20250526,A005,R010,L011,Noche,1572,1416,9.92,7.42,2.5,project_fact_productividad_export.csv,2026-06-23T00:00:00,632
PD000633,20250223,A004,R023,L008,Tarde,4206,3893,8.63,7.3,1.33,project_fact_productividad_export.csv,2026-06-23T00:00:00,633
PD000634,20250131,A011,R011,L016,Tarde,37,27,8.28,5.87,2.42,project_fact_productividad_export.csv,2026-06-23T00:00:00,634
PD000635,20250208,A007,R020,L007,Tarde,910,603,9.33,7.53,1.79,project_fact_productividad_export.csv,2026-06-23T00:00:00,635
PD000636,20250615,A003,R010,L002,Tarde,5520,5546,11.9,8.14,3.76,project_fact_productividad_export.csv,2026-06-23T00:00:00,636
PD000637,20250324,A017,R029,L011,Noche,251,210,8.64,7.18,1.47,project_fact_productividad_export.csv,2026-06-23T00:00:00,637
PD000638,20250326,A001,R005,L016,Tarde,5938,5248,11.74,8.55,3.18,project_fact_productividad_export.csv,2026-06-23T00:00:00,638
PD000639,20250501,A003,R025,L009,Noche,2379,2281,8.95,6.29,2.67,project_fact_productividad_export.csv,2026-06-23T00:00:00,639
PD000640,20250320,A001,R016,L004,Noche,6550,5994,11.6,9.99,1.61,project_fact_productividad_export.csv,2026-06-23T00:00:00,640
PD000641,20250118,A004,R012,L015,Tarde,7653,7357,8.66,6.34,2.32,project_fact_productividad_export.csv,2026-06-23T00:00:00,641
PD000642,20250617,A002,R023,L011,Tarde,120,108,11.32,9.23,2.09,project_fact_productividad_export.csv,2026-06-23T00:00:00,642
PD000643,20250628,A013,R007,L012,Tarde,202,191,9.66,6.75,2.91,project_fact_productividad_export.csv,2026-06-23T00:00:00,643
PD000644,20250109,A001,R024,L004,Noche,4462,4825,10.6,7.29,3.31,project_fact_productividad_export.csv,2026-06-23T00:00:00,644
PD000645,20250504,A017,R026,L010,Día,43,49,10.1,8.47,1.62,project_fact_productividad_export.csv,2026-06-23T00:00:00,645
PD000646,20250509,A017,R011,L005,Tarde,241,172,7.0,4.94,2.06,project_fact_productividad_export.csv,2026-06-23T00:00:00,646
PD000647,20250526,A008,R003,L017,Noche,2232,2353,6.88,5.04,1.84,project_fact_productividad_export.csv,2026-06-23T00:00:00,647
PD000648,20250423,A012,R029,L010,Tarde,127,122,10.8,7.74,3.07,project_fact_productividad_export.csv,2026-06-23T00:00:00,648
PD000649,20250602,A010,R018,L016,Día,4084,2912,10.6,7.46,3.13,project_fact_productividad_export.csv,2026-06-23T00:00:00,649
PD000650,20250108,A002,R016,L005,Tarde,58,61,6.06,4.85,1.21,project_fact_productividad_export.csv,2026-06-23T00:00:00,650
PD000651,20250224,A004,R016,L004,Día,2965,2612,6.55,5.48,1.07,project_fact_productividad_export.csv,2026-06-23T00:00:00,651
PD000652,20250406,A007,R017,L011,Día,3873,2916,9.62,8.18,1.44,project_fact_productividad_export.csv,2026-06-23T00:00:00,652
PD000653,20250211,A007,R014,L002,Tarde,3444,2301,7.99,5.94,2.06,project_fact_productividad_export.csv,2026-06-23T00:00:00,653
PD000654,20250618,A011,R026,L004,Tarde,183,195,8.18,6.03,2.15,project_fact_productividad_export.csv,2026-06-23T00:00:00,654
PD000655,20250529,A011,R023,L011,Día,176,168,6.19,4.93,1.26,project_fact_productividad_export.csv,2026-06-23T00:00:00,655
PD000656,20250227,A004,R023,L013,Noche,5444,5402,8.23,6.06,2.17,project_fact_productividad_export.csv,2026-06-23T00:00:00,656
PD000657,20250130,A001,R012,L003,Día,8424,10254,9.82,7.66,2.16,project_fact_productividad_export.csv,2026-06-23T00:00:00,657
PD000658,20250524,A017,R016,L009,Tarde,131,99,11.03,9.56,1.47,project_fact_productividad_export.csv,2026-06-23T00:00:00,658
PD000659,20250207,A015,R015,L012,Noche,153,135,10.48,7.89,2.59,project_fact_productividad_export.csv,2026-06-23T00:00:00,659
PD000660,20250521,A013,R030,L001,Tarde,135,114,10.33,7.38,2.95,project_fact_productividad_export.csv,2026-06-23T00:00:00,660
PD000661,20250201,A008,R012,L005,Día,3749,3019,6.3,5.09,1.2,project_fact_productividad_export.csv,2026-06-23T00:00:00,661
PD000662,20250219,A002,R005,L014,Día,28,28,11.43,7.86,3.57,project_fact_productividad_export.csv,2026-06-23T00:00:00,662
PD000663,20250321,A003,R013,L012,Tarde,5342,6194,8.12,6.29,1.83,project_fact_productividad_export.csv,2026-06-23T00:00:00,663
PD000664,20250621,A004,R005,L011,Día,6101,6256,7.46,5.51,1.95,project_fact_productividad_export.csv,2026-06-23T00:00:00,664
PD000665,20250505,A003,R025,L015,Tarde,8039,8525,10.11,7.24,2.87,project_fact_productividad_export.csv,2026-06-23T00:00:00,665
PD000666,20250411,A003,R009,L016,Tarde,2594,2307,6.23,4.79,1.44,project_fact_productividad_export.csv,2026-06-23T00:00:00,666
PD000667,20250513,A008,R022,L017,Día,3583,2929,7.93,6.99,0.94,project_fact_productividad_export.csv,2026-06-23T00:00:00,667
PD000668,20250225,A012,R020,L012,Tarde,245,198,8.68,7.22,1.46,project_fact_productividad_export.csv,2026-06-23T00:00:00,668
PD000669,20250518,A009,R019,L014,Día,2210,1433,7.29,4.47,2.82,project_fact_productividad_export.csv,2026-06-23T00:00:00,669
PD000670,20250225,A004,R013,L004,Noche,6263,6866,9.83,6.86,2.97,project_fact_productividad_export.csv,2026-06-23T00:00:00,670
PD000671,20250623,A016,R027,L011,Noche,33,32,7.52,5.29,2.23,project_fact_productividad_export.csv,2026-06-23T00:00:00,671
PD000672,20250116,A001,R018,L001,Noche,7813,8762,7.96,6.63,1.33,project_fact_productividad_export.csv,2026-06-23T00:00:00,672
PD000673,20250628,A016,R018,L002,Tarde,86,79,9.38,7.24,2.14,project_fact_productividad_export.csv,2026-06-23T00:00:00,673
PD000674,20250529,A013,R030,L001,Día,141,153,7.22,6.05,1.17,project_fact_productividad_export.csv,2026-06-23T00:00:00,674
PD000675,20250607,A002,R001,L016,Día,105,92,6.63,4.77,1.86,project_fact_productividad_export.csv,2026-06-23T00:00:00,675
PD000676,20250329,A015,R008,L012,Noche,181,153,8.11,6.26,1.85,project_fact_productividad_export.csv,2026-06-23T00:00:00,676
PD000677,20250408,A003,R026,L001,Tarde,5036,4672,6.44,4.68,1.75,project_fact_productividad_export.csv,2026-06-23T00:00:00,677
PD000678,20250511,A012,R005,L008,Noche,257,213,10.37,8.11,2.26,project_fact_productividad_export.csv,2026-06-23T00:00:00,678
PD000679,20250214,A007,R022,L005,Día,1279,1118,9.68,5.56,4.12,project_fact_productividad_export.csv,2026-06-23T00:00:00,679
PD000680,20250528,A012,R026,L006,Noche,99,102,8.5,6.38,2.12,project_fact_productividad_export.csv,2026-06-23T00:00:00,680
PD000681,20250225,A001,R029,L001,Día,2454,2470,11.36,8.36,3.0,project_fact_productividad_export.csv,2026-06-23T00:00:00,681
PD000682,20250316,A002,R002,L010,Día,63,63,10.03,6.85,3.19,project_fact_productividad_export.csv,2026-06-23T00:00:00,682
PD000683,20250320,A009,R018,L011,Tarde,4100,3339,6.04,3.5,2.54,project_fact_productividad_export.csv,2026-06-23T00:00:00,683
PD000684,20250519,A003,R003,L016,Tarde,4894,4357,9.32,7.76,1.57,project_fact_productividad_export.csv,2026-06-23T00:00:00,684
PD000685,20250513,A006,R024,L009,Tarde,4195,3716,11.41,10.09,1.32,project_fact_productividad_export.csv,2026-06-23T00:00:00,685
PD000686,20250119,A015,R003,L010,Noche,93,82,6.97,6.16,0.8,project_fact_productividad_export.csv,2026-06-23T00:00:00,686
PD000687,20250227,A005,R029,L006,Noche,2948,2496,7.25,6.0,1.25,project_fact_productividad_export.csv,2026-06-23T00:00:00,687
PD000688,20250503,A012,R023,L014,Tarde,95,84,10.26,8.19,2.07,project_fact_productividad_export.csv,2026-06-23T00:00:00,688
PD000689,20250506,A012,R027,L015,Día,237,211,6.14,5.11,1.02,project_fact_productividad_export.csv,2026-06-23T00:00:00,689
PD000690,20250517,A017,R026,L017,Día,249,228,6.83,4.84,2.0,project_fact_productividad_export.csv,2026-06-23T00:00:00,690
PD000691,20250223,A005,R026,L011,Noche,779,517,9.38,7.95,1.43,project_fact_productividad_export.csv,2026-06-23T00:00:00,691
PD000692,20250108,A009,R030,L010,Día,2052,1578,10.57,6.49,4.08,project_fact_productividad_export.csv,2026-06-23T00:00:00,692
PD000693,20250107,A004,R017,L007,Noche,3642,3740,8.63,6.84,1.79,project_fact_productividad_export.csv,2026-06-23T00:00:00,693
PD000694,20250506,A006,R022,L004,Noche,3730,3255,11.6,9.18,2.42,project_fact_productividad_export.csv,2026-06-23T00:00:00,694
PD000695,20250519,A013,R018,L005,Tarde,69,77,6.81,5.63,1.17,project_fact_productividad_export.csv,2026-06-23T00:00:00,695
PD000696,20250625,A004,R028,L017,Tarde,7214,5458,10.75,8.52,2.24,project_fact_productividad_export.csv,2026-06-23T00:00:00,696
PD000697,20250501,A012,R019,L002,Tarde,177,155,9.19,7.43,1.76,project_fact_productividad_export.csv,2026-06-23T00:00:00,697
PD000698,20250109,A017,R020,L016,Tarde,104,105,8.43,6.01,2.42,project_fact_productividad_export.csv,2026-06-23T00:00:00,698
PD000699,20250110,A007,R021,L003,Noche,2089,1571,10.29,6.26,4.03,project_fact_productividad_export.csv,2026-06-23T00:00:00,699
PD000700,20250204,A007,R023,L015,Tarde,2392,1448,10.41,7.4,3.01,project_fact_productividad_export.csv,2026-06-23T00:00:00,700
PD000701,20250603,A009,R021,L010,Noche,2132,1491,6.41,3.65,2.75,project_fact_productividad_export.csv,2026-06-23T00:00:00,701
PD000702,20250302,A009,R007,L017,Noche,2288,1430,6.11,5.12,1.0,project_fact_productividad_export.csv,2026-06-23T00:00:00,702
PD000703,20250613,A008,R020,L002,Día,3951,2759,7.76,6.02,1.74,project_fact_productividad_export.csv,2026-06-23T00:00:00,703
PD000704,20250611,A008,R013,L004,Tarde,3703,3235,11.12,7.8,3.32,project_fact_productividad_export.csv,2026-06-23T00:00:00,704
PD000705,20250225,A012,R004,L001,Día,107,108,9.11,6.58,2.54,project_fact_productividad_export.csv,2026-06-23T00:00:00,705
PD000706,20250304,A001,R015,L012,Día,4297,4883,10.49,9.1,1.39,project_fact_productividad_export.csv,2026-06-23T00:00:00,706
PD000707,20250124,A016,R016,L001,Tarde,166,121,9.37,7.24,2.12,project_fact_productividad_export.csv,2026-06-23T00:00:00,707
PD000708,20250515,A002,R013,L011,Tarde,66,67,6.87,6.31,0.56,project_fact_productividad_export.csv,2026-06-23T00:00:00,708
PD000709,20250311,A002,R006,L009,Noche,160,160,11.27,8.7,2.56,project_fact_productividad_export.csv,2026-06-23T00:00:00,709
PD000710,20250604,A009,R015,L015,Noche,3139,1880,9.02,7.35,1.67,project_fact_productividad_export.csv,2026-06-23T00:00:00,710
PD000711,20250117,A016,R003,L005,Noche,31,26,10.46,8.6,1.86,project_fact_productividad_export.csv,2026-06-23T00:00:00,711
PD000712,20250605,A002,R016,L017,Tarde,140,91,9.42,7.15,2.27,project_fact_productividad_export.csv,2026-06-23T00:00:00,712
PD000713,20250612,A007,R010,L005,Tarde,3381,2655,9.67,6.45,3.22,project_fact_productividad_export.csv,2026-06-23T00:00:00,713
PD000714,20250607,A014,R013,L005,Día,28,33,6.36,5.75,0.61,project_fact_productividad_export.csv,2026-06-23T00:00:00,714
PD000715,20250306,A017,R005,L013,Día,174,187,6.21,5.58,0.62,project_fact_productividad_export.csv,2026-06-23T00:00:00,715
PD000716,20250524,A003,R014,L001,Día,7130,7548,6.86,6.22,0.64,project_fact_productividad_export.csv,2026-06-23T00:00:00,716
PD000717,20250526,A004,R001,L014,Día,4949,4508,10.35,7.97,2.38,project_fact_productividad_export.csv,2026-06-23T00:00:00,717
PD000718,20250419,A011,R006,L014,Día,42,34,10.21,7.35,2.86,project_fact_productividad_export.csv,2026-06-23T00:00:00,718
PD000719,20250215,A015,R008,L005,Noche,86,90,11.93,10.23,1.69,project_fact_productividad_export.csv,2026-06-23T00:00:00,719
PD000720,20250317,A016,R016,L012,Tarde,254,244,9.31,8.04,1.27,project_fact_productividad_export.csv,2026-06-23T00:00:00,720
PD000721,20250610,A005,R014,L006,Tarde,3429,2896,9.6,8.27,1.33,project_fact_productividad_export.csv,2026-06-23T00:00:00,721
PD000722,20250505,A003,R016,L003,Tarde,6221,5018,8.1,6.46,1.64,project_fact_productividad_export.csv,2026-06-23T00:00:00,722
PD000723,20250101,A008,R014,L010,Tarde,2627,1842,11.63,9.94,1.69,project_fact_productividad_export.csv,2026-06-23T00:00:00,723
PD000724,20250212,A001,R021,L015,Noche,2680,2564,7.14,6.01,1.13,project_fact_productividad_export.csv,2026-06-23T00:00:00,724
PD000725,20250507,A010,R008,L015,Tarde,4054,3123,6.96,5.08,1.88,project_fact_productividad_export.csv,2026-06-23T00:00:00,725
PD000726,20250528,A010,R010,L014,Noche,1880,1216,11.46,7.24,4.22,project_fact_productividad_export.csv,2026-06-23T00:00:00,726
PD000727,20250603,A012,R019,L005,Noche,175,154,8.33,6.36,1.97,project_fact_productividad_export.csv,2026-06-23T00:00:00,727
PD000728,20250225,A012,R011,L003,Día,180,166,11.77,8.77,3.0,project_fact_productividad_export.csv,2026-06-23T00:00:00,728
PD000729,20250415,A005,R019,L002,Día,912,931,10.29,7.8,2.49,project_fact_productividad_export.csv,2026-06-23T00:00:00,729
PD000730,20250511,A006,R020,L010,Noche,2011,1955,10.87,8.48,2.39,project_fact_productividad_export.csv,2026-06-23T00:00:00,730
PD000731,20250526,A014,R023,L003,Tarde,180,171,7.87,6.08,1.79,project_fact_productividad_export.csv,2026-06-23T00:00:00,731
PD000732,20250607,A006,R010,L007,Tarde,1537,1351,7.66,6.48,1.18,project_fact_productividad_export.csv,2026-06-23T00:00:00,732
PD000733,20250121,A001,R029,L011,Tarde,7718,5892,7.41,5.93,1.48,project_fact_productividad_export.csv,2026-06-23T00:00:00,733
PD000734,20250314,A015,R010,L014,Día,111,95,9.92,7.34,2.58,project_fact_productividad_export.csv,2026-06-23T00:00:00,734
PD000735,20250612,A006,R030,L004,Tarde,3347,3773,9.0,7.15,1.85,project_fact_productividad_export.csv,2026-06-23T00:00:00,735
PD000736,20250218,A006,R005,L007,Tarde,856,649,9.0,7.49,1.51,project_fact_productividad_export.csv,2026-06-23T00:00:00,736
PD000737,20250207,A016,R008,L012,Día,40,35,9.86,9.04,0.82,project_fact_productividad_export.csv,2026-06-23T00:00:00,737
PD000738,20250607,A010,R030,L008,Tarde,2107,1100,7.05,5.03,2.02,project_fact_productividad_export.csv,2026-06-23T00:00:00,738
PD000739,20250203,A004,R008,L016,Noche,4513,4476,11.53,8.03,3.51,project_fact_productividad_export.csv,2026-06-23T00:00:00,739
PD000740,20250324,A003,R030,L003,Día,2630,2529,9.36,7.6,1.76,project_fact_productividad_export.csv,2026-06-23T00:00:00,740
PD000741,20250223,A009,R012,L016,Tarde,2065,1668,11.09,7.13,3.96,project_fact_productividad_export.csv,2026-06-23T00:00:00,741
PD000742,20250316,A013,R011,L004,Día,108,99,6.56,4.49,2.06,project_fact_productividad_export.csv,2026-06-23T00:00:00,742
PD000743,20250119,A002,R022,L007,Día,99,101,7.62,6.13,1.49,project_fact_productividad_export.csv,2026-06-23T00:00:00,743
PD000744,20250518,A001,R026,L005,Día,2940,3031,11.93,8.6,3.33,project_fact_productividad_export.csv,2026-06-23T00:00:00,744
PD000745,20250427,A015,R020,L004,Tarde,64,52,11.26,7.85,3.41,project_fact_productividad_export.csv,2026-06-23T00:00:00,745
PD000746,20250330,A014,R020,L002,Noche,248,252,6.71,5.91,0.8,project_fact_productividad_export.csv,2026-06-23T00:00:00,746
PD000747,20250307,A011,R030,L017,Noche,243,227,11.53,8.23,3.3,project_fact_productividad_export.csv,2026-06-23T00:00:00,747
PD000748,20250326,A009,R003,L016,Día,2565,2017,9.79,8.14,1.66,project_fact_productividad_export.csv,2026-06-23T00:00:00,748
PD000749,20250123,A006,R012,L012,Tarde,2295,2334,11.45,9.63,1.82,project_fact_productividad_export.csv,2026-06-23T00:00:00,749
PD000750,20250306,A004,R026,L002,Noche,3544,2990,7.67,6.71,0.96,project_fact_productividad_export.csv,2026-06-23T00:00:00,750
PD000751,20250606,A012,R004,L003,Día,204,174,11.37,8.38,2.99,project_fact_productividad_export.csv,2026-06-23T00:00:00,751
PD000752,20250227,A011,R028,L009,Tarde,209,192,9.5,7.22,2.28,project_fact_productividad_export.csv,2026-06-23T00:00:00,752
PD000753,20250210,A007,R010,L003,Día,2843,2197,8.59,5.09,3.5,project_fact_productividad_export.csv,2026-06-23T00:00:00,753
PD000754,20250516,A016,R029,L007,Día,249,271,6.11,5.33,0.78,project_fact_productividad_export.csv,2026-06-23T00:00:00,754
PD000755,20250320,A014,R012,L010,Día,87,86,10.61,8.35,2.26,project_fact_productividad_export.csv,2026-06-23T00:00:00,755
PD000756,20250216,A010,R004,L001,Noche,3702,2499,6.58,4.57,2.0,project_fact_productividad_export.csv,2026-06-23T00:00:00,756
PD000757,20250123,A010,R025,L007,Noche,986,773,11.64,9.77,1.87,project_fact_productividad_export.csv,2026-06-23T00:00:00,757
PD000758,20250514,A013,R004,L007,Día,200,189,9.14,8.39,0.75,project_fact_productividad_export.csv,2026-06-23T00:00:00,758
PD000759,20250203,A015,R021,L010,Noche,158,178,7.1,5.4,1.7,project_fact_productividad_export.csv,2026-06-23T00:00:00,759
PD000760,20250504,A012,R021,L002,Día,40,40,10.38,8.48,1.9,project_fact_productividad_export.csv,2026-06-23T00:00:00,760
PD000761,20250331,A003,R007,L004,Noche,6230,6096,6.85,5.63,1.22,project_fact_productividad_export.csv,2026-06-23T00:00:00,761
PD000762,20250121,A003,R024,L001,Noche,8283,8033,9.07,6.98,2.09,project_fact_productividad_export.csv,2026-06-23T00:00:00,762
PD000763,20250101,A014,R011,L014,Día,179,171,9.3,7.42,1.88,project_fact_productividad_export.csv,2026-06-23T00:00:00,763
PD000764,20250223,A011,R024,L008,Día,25,29,11.29,9.45,1.85,project_fact_productividad_export.csv,2026-06-23T00:00:00,764
PD000765,20250402,A002,R002,L012,Día,91,84,6.79,5.06,1.72,project_fact_productividad_export.csv,2026-06-23T00:00:00,765
PD000766,20250505,A005,R025,L005,Día,2110,2050,10.38,7.89,2.49,project_fact_productividad_export.csv,2026-06-23T00:00:00,766
PD000767,20250610,A014,R005,L015,Tarde,247,242,7.86,6.28,1.58,project_fact_productividad_export.csv,2026-06-23T00:00:00,767
PD000768,20250306,A004,R025,L003,Día,7217,7105,10.84,9.37,1.47,project_fact_productividad_export.csv,2026-06-23T00:00:00,768
PD000769,20250408,A010,R024,L001,Tarde,3735,3102,9.97,8.74,1.23,project_fact_productividad_export.csv,2026-06-23T00:00:00,769
PD000770,20250301,A014,R026,L007,Noche,70,60,10.17,8.57,1.6,project_fact_productividad_export.csv,2026-06-23T00:00:00,770
PD000771,20250127,A011,R029,L007,Día,20,18,9.5,6.97,2.52,project_fact_productividad_export.csv,2026-06-23T00:00:00,771
PD000772,20250108,A013,R021,L016,Día,236,203,8.4,6.51,1.89,project_fact_productividad_export.csv,2026-06-23T00:00:00,772
PD000773,20250119,A017,R014,L001,Tarde,171,164,10.08,8.87,1.21,project_fact_productividad_export.csv,2026-06-23T00:00:00,773
PD000774,20250305,A009,R028,L003,Tarde,1733,1338,11.49,6.67,4.81,project_fact_productividad_export.csv,2026-06-23T00:00:00,774
PD000775,20250119,A002,R004,L011,Noche,108,100,9.72,8.63,1.09,project_fact_productividad_export.csv,2026-06-23T00:00:00,775
PD000776,20250318,A015,R005,L016,Noche,111,134,10.61,8.95,1.65,project_fact_productividad_export.csv,2026-06-23T00:00:00,776
PD000777,20250122,A007,R001,L016,Tarde,3889,3344,9.31,6.67,2.65,project_fact_productividad_export.csv,2026-06-23T00:00:00,777
PD000778,20250219,A010,R019,L002,Día,1052,825,7.82,5.04,2.79,project_fact_productividad_export.csv,2026-06-23T00:00:00,778
PD000779,20250211,A017,R018,L014,Tarde,96,110,8.33,6.35,1.97,project_fact_productividad_export.csv,2026-06-23T00:00:00,779
PD000780,20250506,A017,R013,L003,Noche,258,220,8.35,6.47,1.88,project_fact_productividad_export.csv,2026-06-23T00:00:00,780
PD000781,20250517,A006,R001,L009,Tarde,2559,2286,10.78,9.41,1.37,project_fact_productividad_export.csv,2026-06-23T00:00:00,781
PD000782,20250530,A001,R006,L004,Día,6548,7562,10.7,8.18,2.53,project_fact_productividad_export.csv,2026-06-23T00:00:00,782
PD000783,20250605,A016,R025,L009,Tarde,141,146,9.65,7.84,1.81,project_fact_productividad_export.csv,2026-06-23T00:00:00,783
PD000784,20250122,A009,R019,L010,Tarde,1748,1407,11.67,9.35,2.32,project_fact_productividad_export.csv,2026-06-23T00:00:00,784
PD000785,20250422,A003,R015,L006,Noche,2757,2740,6.02,5.24,0.78,project_fact_productividad_export.csv,2026-06-23T00:00:00,785
PD000786,20250123,A016,R025,L004,Día,174,199,10.77,7.54,3.24,project_fact_productividad_export.csv,2026-06-23T00:00:00,786
PD000787,20250630,A014,R029,L002,Noche,147,136,8.78,5.99,2.79,project_fact_productividad_export.csv,2026-06-23T00:00:00,787
PD000788,20250513,A009,R028,L005,Día,1247,905,6.22,5.21,1.01,project_fact_productividad_export.csv,2026-06-23T00:00:00,788
PD000789,20250123,A010,R019,L010,Día,1066,912,12.0,9.27,2.73,project_fact_productividad_export.csv,2026-06-23T00:00:00,789
PD000790,20250430,A011,R017,L009,Tarde,218,206,10.81,8.81,2.0,project_fact_productividad_export.csv,2026-06-23T00:00:00,790
PD000791,20250619,A013,R025,L013,Tarde,71,64,6.14,4.67,1.47,project_fact_productividad_export.csv,2026-06-23T00:00:00,791
PD000792,20250109,A012,R001,L013,Noche,152,123,7.22,5.44,1.78,project_fact_productividad_export.csv,2026-06-23T00:00:00,792
PD000793,20250611,A007,R012,L006,Día,3864,3533,6.67,4.59,2.08,project_fact_productividad_export.csv,2026-06-23T00:00:00,793
PD000794,20250521,A005,R024,L010,Día,1868,1812,10.09,8.98,1.12,project_fact_productividad_export.csv,2026-06-23T00:00:00,794
PD000795,20250124,A003,R011,L013,Día,4185,4639,9.31,7.99,1.32,project_fact_productividad_export.csv,2026-06-23T00:00:00,795
PD000796,20250325,A016,R010,L008,Tarde,25,26,9.69,7.67,2.03,project_fact_productividad_export.csv,2026-06-23T00:00:00,796
PD000797,20250330,A013,R022,L006,Noche,80,67,10.07,8.84,1.22,project_fact_productividad_export.csv,2026-06-23T00:00:00,797
PD000798,20250116,A016,R017,L004,Tarde,167,194,8.51,7.03,1.47,project_fact_productividad_export.csv,2026-06-23T00:00:00,798
PD000799,20250313,A001,R021,L004,Día,4632,4991,10.76,7.61,3.15,project_fact_productividad_export.csv,2026-06-23T00:00:00,799
PD000800,20250223,A006,R011,L008,Tarde,3115,3021,11.87,10.83,1.03,project_fact_productividad_export.csv,2026-06-23T00:00:00,800
PD000801,20250129,A004,R007,L015,Día,7321,7136,8.06,7.13,0.94,project_fact_productividad_export.csv,2026-06-23T00:00:00,801
PD000802,20250101,A006,R003,L005,Día,1845,1899,10.33,9.42,0.91,project_fact_productividad_export.csv,2026-06-23T00:00:00,802
PD000803,20250607,A002,R004,L013,Día,175,165,7.32,5.52,1.79,project_fact_productividad_export.csv,2026-06-23T00:00:00,803
PD000804,20250119,A003,R011,L011,Día,5532,5984,8.07,5.93,2.14,project_fact_productividad_export.csv,2026-06-23T00:00:00,804
PD000805,20250508,A010,R026,L016,Día,1514,1415,9.7,6.3,3.4,project_fact_productividad_export.csv,2026-06-23T00:00:00,805
PD000806,20250104,A002,R010,L001,Noche,231,169,7.1,5.3,1.8,project_fact_productividad_export.csv,2026-06-23T00:00:00,806
PD000807,20250606,A005,R026,L016,Tarde,2002,1959,6.21,5.49,0.72,project_fact_productividad_export.csv,2026-06-23T00:00:00,807
PD000808,20250103,A015,R025,L012,Tarde,180,169,9.3,7.57,1.73,project_fact_productividad_export.csv,2026-06-23T00:00:00,808
PD000809,20250407,A005,R003,L013,Noche,1822,1808,8.27,6.33,1.94,project_fact_productividad_export.csv,2026-06-23T00:00:00,809
PD000810,20250425,A010,R017,L009,Tarde,1213,815,8.57,6.27,2.3,project_fact_productividad_export.csv,2026-06-23T00:00:00,810
PD000811,20250102,A012,R003,L012,Día,158,160,8.81,7.89,0.92,project_fact_productividad_export.csv,2026-06-23T00:00:00,811
PD000812,20250403,A008,R025,L004,Tarde,1176,1038,7.13,5.88,1.25,project_fact_productividad_export.csv,2026-06-23T00:00:00,812
PD000813,20250110,A004,R015,L006,Noche,3458,3408,8.27,7.27,1.0,project_fact_productividad_export.csv,2026-06-23T00:00:00,813
PD000814,20250404,A010,R016,L007,Noche,924,590,6.44,5.55,0.89,project_fact_productividad_export.csv,2026-06-23T00:00:00,814
PD000815,20250208,A009,R028,L002,Tarde,4066,3198,7.8,5.85,1.94,project_fact_productividad_export.csv,2026-06-23T00:00:00,815
PD000816,20250427,A006,R018,L005,Día,2824,3089,9.69,7.53,2.16,project_fact_productividad_export.csv,2026-06-23T00:00:00,816
PD000817,20250401,A009,R012,L014,Día,3636,3030,10.77,8.69,2.07,project_fact_productividad_export.csv,2026-06-23T00:00:00,817
PD000818,20250617,A014,R018,L016,Tarde,32,27,6.85,4.73,2.12,project_fact_productividad_export.csv,2026-06-23T00:00:00,818
PD000819,20250620,A014,R003,L008,Día,147,134,6.84,5.51,1.33,project_fact_productividad_export.csv,2026-06-23T00:00:00,819
PD000820,20250615,A011,R002,L008,Noche,201,208,11.96,8.59,3.37,project_fact_productividad_export.csv,2026-06-23T00:00:00,820
PD000821,20250122,A003,R022,L002,Noche,3460,3811,11.74,9.93,1.81,project_fact_productividad_export.csv,2026-06-23T00:00:00,821
PD000822,20250419,A004,R003,L014,Día,5029,5307,7.59,6.23,1.36,project_fact_productividad_export.csv,2026-06-23T00:00:00,822
PD000823,20250205,A014,R003,L006,Día,152,114,9.54,8.72,0.82,project_fact_productividad_export.csv,2026-06-23T00:00:00,823
PD000824,20250208,A006,R016,L014,Noche,2755,2660,6.24,4.62,1.62,project_fact_productividad_export.csv,2026-06-23T00:00:00,824
PD000825,20250308,A004,R029,L007,Día,6394,6946,10.92,9.26,1.66,project_fact_productividad_export.csv,2026-06-23T00:00:00,825
PD000826,20250514,A015,R025,L008,Tarde,131,134,6.44,5.6,0.83,project_fact_productividad_export.csv,2026-06-23T00:00:00,826
PD000827,20250608,A004,R029,L002,Tarde,8118,8668,10.66,9.54,1.13,project_fact_productividad_export.csv,2026-06-23T00:00:00,827
PD000828,20250612,A011,R001,L008,Tarde,28,24,11.18,8.75,2.43,project_fact_productividad_export.csv,2026-06-23T00:00:00,828
PD000829,20250201,A003,R023,L012,Tarde,6117,5148,8.79,7.37,1.42,project_fact_productividad_export.csv,2026-06-23T00:00:00,829
PD000830,20250306,A016,R005,L006,Tarde,78,68,10.2,7.25,2.95,project_fact_productividad_export.csv,2026-06-23T00:00:00,830
PD000831,20250112,A006,R010,L005,Noche,913,1027,9.34,6.96,2.38,project_fact_productividad_export.csv,2026-06-23T00:00:00,831
PD000832,20250318,A012,R001,L010,Noche,254,258,7.92,6.74,1.18,project_fact_productividad_export.csv,2026-06-23T00:00:00,832
PD000833,20250623,A006,R004,L010,Noche,918,802,7.1,4.93,2.16,project_fact_productividad_export.csv,2026-06-23T00:00:00,833
PD000834,20250403,A006,R006,L017,Noche,2676,2815,11.9,9.92,1.98,project_fact_productividad_export.csv,2026-06-23T00:00:00,834
PD000835,20250212,A009,R019,L013,Día,674,506,9.32,7.94,1.38,project_fact_productividad_export.csv,2026-06-23T00:00:00,835
PD000836,20250417,A011,R019,L003,Día,193,206,10.25,7.23,3.02,project_fact_productividad_export.csv,2026-06-23T00:00:00,836
PD000837,20250129,A004,R015,L016,Tarde,8155,6698,6.41,5.56,0.84,project_fact_productividad_export.csv,2026-06-23T00:00:00,837
PD000838,20250208,A005,R022,L002,Día,1271,1086,8.66,7.82,0.84,project_fact_productividad_export.csv,2026-06-23T00:00:00,838
PD000839,20250213,A003,R002,L002,Día,5635,6297,9.17,7.03,2.14,project_fact_productividad_export.csv,2026-06-23T00:00:00,839
PD000840,20250311,A013,R015,L016,Día,121,126,9.87,8.38,1.49,project_fact_productividad_export.csv,2026-06-23T00:00:00,840
PD000841,20250411,A015,R009,L011,Tarde,33,34,10.9,7.55,3.35,project_fact_productividad_export.csv,2026-06-23T00:00:00,841
PD000842,20250120,A003,R016,L005,Tarde,3529,3789,10.82,8.49,2.32,project_fact_productividad_export.csv,2026-06-23T00:00:00,842
PD000843,20250128,A015,R016,L003,Día,189,194,10.09,7.59,2.5,project_fact_productividad_export.csv,2026-06-23T00:00:00,843
PD000844,20250402,A015,R030,L016,Noche,187,192,7.34,5.98,1.36,project_fact_productividad_export.csv,2026-06-23T00:00:00,844
PD000845,20250403,A015,R024,L012,Noche,242,286,11.56,9.16,2.4,project_fact_productividad_export.csv,2026-06-23T00:00:00,845
PD000846,20250404,A012,R026,L010,Día,121,103,7.25,6.54,0.71,project_fact_productividad_export.csv,2026-06-23T00:00:00,846
PD000847,20250320,A006,R011,L017,Tarde,3125,2351,9.15,6.73,2.42,project_fact_productividad_export.csv,2026-06-23T00:00:00,847
PD000848,20250107,A005,R020,L012,Noche,752,736,10.12,8.96,1.15,project_fact_productividad_export.csv,2026-06-23T00:00:00,848
PD000849,20250426,A003,R018,L013,Día,3091,2463,10.57,9.37,1.2,project_fact_productividad_export.csv,2026-06-23T00:00:00,849
PD000850,20250611,A001,R014,L012,Día,8421,8017,11.64,10.7,0.94,project_fact_productividad_export.csv,2026-06-23T00:00:00,850
PD000851,20250517,A002,R026,L015,Tarde,245,215,7.79,5.81,1.98,project_fact_productividad_export.csv,2026-06-23T00:00:00,851
PD000852,20250429,A010,R003,L003,Día,3258,2327,7.99,6.72,1.27,project_fact_productividad_export.csv,2026-06-23T00:00:00,852
PD000853,20250214,A001,R022,L009,Día,5979,5362,8.51,6.65,1.86,project_fact_productividad_export.csv,2026-06-23T00:00:00,853
PD000854,20250223,A012,R017,L002,Noche,69,54,10.42,8.64,1.78,project_fact_productividad_export.csv,2026-06-23T00:00:00,854
PD000855,20250118,A016,R005,L007,Noche,245,211,11.95,9.51,2.44,project_fact_productividad_export.csv,2026-06-23T00:00:00,855
PD000856,20250103,A009,R020,L009,Día,2036,1668,7.31,6.04,1.27,project_fact_productividad_export.csv,2026-06-23T00:00:00,856
PD000857,20250112,A017,R014,L012,Tarde,111,109,7.46,6.69,0.77,project_fact_productividad_export.csv,2026-06-23T00:00:00,857
PD000858,20250608,A012,R028,L005,Día,235,265,6.69,4.66,2.03,project_fact_productividad_export.csv,2026-06-23T00:00:00,858
PD000859,20250612,A001,R010,L010,Noche,4888,5090,10.65,7.43,3.22,project_fact_productividad_export.csv,2026-06-23T00:00:00,859
PD000860,20250613,A001,R018,L002,Día,5701,5347,8.88,6.63,2.25,project_fact_productividad_export.csv,2026-06-23T00:00:00,860
PD000861,20250123,A013,R013,L005,Noche,38,41,11.36,9.37,1.99,project_fact_productividad_export.csv,2026-06-23T00:00:00,861
PD000862,20250216,A013,R026,L002,Tarde,101,92,6.74,4.73,2.01,project_fact_productividad_export.csv,2026-06-23T00:00:00,862
PD000863,20250329,A015,R007,L015,Tarde,161,154,10.53,7.62,2.91,project_fact_productividad_export.csv,2026-06-23T00:00:00,863
PD000864,20250208,A007,R002,L005,Noche,3393,2242,9.78,8.56,1.22,project_fact_productividad_export.csv,2026-06-23T00:00:00,864
PD000865,20250424,A013,R009,L009,Noche,58,52,11.1,9.01,2.09,project_fact_productividad_export.csv,2026-06-23T00:00:00,865
PD000866,20250618,A008,R027,L005,Noche,1635,1545,10.11,8.2,1.91,project_fact_productividad_export.csv,2026-06-23T00:00:00,866
PD000867,20250228,A008,R025,L004,Tarde,4086,3108,8.6,6.77,1.83,project_fact_productividad_export.csv,2026-06-23T00:00:00,867
PD000868,20250601,A016,R012,L002,Día,255,247,8.44,7.39,1.05,project_fact_productividad_export.csv,2026-06-23T00:00:00,868
PD000869,20250628,A006,R010,L003,Tarde,1424,1231,8.21,6.89,1.32,project_fact_productividad_export.csv,2026-06-23T00:00:00,869
PD000870,20250203,A004,R016,L006,Noche,6607,6297,10.14,8.69,1.45,project_fact_productividad_export.csv,2026-06-23T00:00:00,870
PD000871,20250318,A003,R005,L014,Tarde,5901,4878,6.86,5.83,1.04,project_fact_productividad_export.csv,2026-06-23T00:00:00,871
PD000872,20250322,A001,R011,L001,Tarde,6446,6465,7.24,6.42,0.82,project_fact_productividad_export.csv,2026-06-23T00:00:00,872
PD000873,20250522,A001,R013,L006,Tarde,2343,2478,8.1,5.7,2.4,project_fact_productividad_export.csv,2026-06-23T00:00:00,873
PD000874,20250608,A009,R023,L008,Noche,3806,2306,6.17,4.02,2.15,project_fact_productividad_export.csv,2026-06-23T00:00:00,874
PD000875,20250520,A002,R027,L010,Noche,144,123,6.61,5.94,0.68,project_fact_productividad_export.csv,2026-06-23T00:00:00,875
PD000876,20250304,A008,R021,L013,Día,4194,4079,11.77,10.31,1.46,project_fact_productividad_export.csv,2026-06-23T00:00:00,876
PD000877,20250419,A014,R015,L006,Tarde,207,179,8.51,7.74,0.77,project_fact_productividad_export.csv,2026-06-23T00:00:00,877
PD000878,20250122,A014,R012,L006,Noche,228,233,11.48,9.79,1.69,project_fact_productividad_export.csv,2026-06-23T00:00:00,878
PD000879,20250220,A008,R011,L003,Noche,1631,1617,11.2,9.39,1.81,project_fact_productividad_export.csv,2026-06-23T00:00:00,879
PD000880,20250412,A013,R019,L012,Tarde,174,160,7.33,5.41,1.92,project_fact_productividad_export.csv,2026-06-23T00:00:00,880
PD000881,20250611,A013,R011,L007,Tarde,257,269,6.12,5.57,0.55,project_fact_productividad_export.csv,2026-06-23T00:00:00,881
PD000882,20250530,A012,R019,L001,Tarde,181,157,9.78,7.26,2.52,project_fact_productividad_export.csv,2026-06-23T00:00:00,882
PD000883,20250224,A004,R018,L002,Día,6805,7864,9.81,7.26,2.55,project_fact_productividad_export.csv,2026-06-23T00:00:00,883
PD000884,20250315,A005,R023,L009,Noche,1242,1224,7.81,6.47,1.34,project_fact_productividad_export.csv,2026-06-23T00:00:00,884
PD000885,20250511,A007,R010,L015,Tarde,3533,2155,10.54,8.6,1.95,project_fact_productividad_export.csv,2026-06-23T00:00:00,885
PD000886,20250419,A014,R004,L008,Tarde,35,31,10.45,9.44,1.01,project_fact_productividad_export.csv,2026-06-23T00:00:00,886
PD000887,20250127,A005,R016,L013,Tarde,2684,2277,11.07,9.71,1.36,project_fact_productividad_export.csv,2026-06-23T00:00:00,887
PD000888,20250305,A002,R026,L013,Tarde,67,58,6.25,4.48,1.77,project_fact_productividad_export.csv,2026-06-23T00:00:00,888
PD000889,20250318,A001,R010,L014,Día,6303,5342,7.08,6.22,0.86,project_fact_productividad_export.csv,2026-06-23T00:00:00,889
PD000890,20250430,A015,R022,L016,Noche,252,217,9.82,8.98,0.84,project_fact_productividad_export.csv,2026-06-23T00:00:00,890
PD000891,20250329,A008,R022,L007,Noche,720,728,7.82,6.71,1.12,project_fact_productividad_export.csv,2026-06-23T00:00:00,891
PD000892,20250214,A005,R026,L006,Día,2598,2147,10.28,9.31,0.97,project_fact_productividad_export.csv,2026-06-23T00:00:00,892
PD000893,20250405,A017,R001,L012,Tarde,153,106,6.87,5.33,1.53,project_fact_productividad_export.csv,2026-06-23T00:00:00,893
PD000894,20250405,A007,R028,L012,Día,2616,2238,9.8,6.72,3.08,project_fact_productividad_export.csv,2026-06-23T00:00:00,894
PD000895,20250225,A015,R009,L006,Día,72,69,10.83,9.57,1.26,project_fact_productividad_export.csv,2026-06-23T00:00:00,895
PD000896,20250422,A013,R027,L015,Tarde,100,94,8.02,7.28,0.74,project_fact_productividad_export.csv,2026-06-23T00:00:00,896
PD000897,20250423,A007,R014,L006,Día,3090,1922,9.83,6.44,3.39,project_fact_productividad_export.csv,2026-06-23T00:00:00,897
PD000898,20250109,A016,R024,L014,Día,129,138,11.18,9.74,1.44,project_fact_productividad_export.csv,2026-06-23T00:00:00,898
PD000899,20250305,A008,R008,L015,Tarde,675,773,11.06,8.98,2.08,project_fact_productividad_export.csv,2026-06-23T00:00:00,899
PD000900,20250124,A007,R019,L008,Tarde,999,533,10.6,8.46,2.14,project_fact_productividad_export.csv,2026-06-23T00:00:00,900
PD000901,20250120,A014,R030,L010,Tarde,125,133,6.28,5.02,1.26,project_fact_productividad_export.csv,2026-06-23T00:00:00,901
PD000902,20250326,A003,R014,L002,Día,2614,1758,6.34,4.85,1.5,project_fact_productividad_export.csv,2026-06-23T00:00:00,902
PD000903,20250629,A003,R004,L009,Noche,8196,10866,10.38,8.25,2.12,project_fact_productividad_export.csv,2026-06-23T00:00:00,903
PD000904,20250123,A010,R008,L005,Noche,897,700,8.07,5.42,2.65,project_fact_productividad_export.csv,2026-06-23T00:00:00,904
PD000905,20250202,A007,R021,L014,Tarde,1671,1352,6.6,5.15,1.45,project_fact_productividad_export.csv,2026-06-23T00:00:00,905
PD000906,20250603,A002,R017,L003,Noche,41,43,11.53,8.63,2.91,project_fact_productividad_export.csv,2026-06-23T00:00:00,906
PD000907,20250115,A014,R010,L012,Tarde,52,48,11.5,8.18,3.31,project_fact_productividad_export.csv,2026-06-23T00:00:00,907
PD000908,20250327,A007,R008,L009,Tarde,2223,1456,11.59,7.0,4.59,project_fact_productividad_export.csv,2026-06-23T00:00:00,908
PD000909,20250404,A004,R029,L007,Día,3323,2854,7.04,6.37,0.68,project_fact_productividad_export.csv,2026-06-23T00:00:00,909
PD000910,20250102,A005,R010,L011,Tarde,2267,2234,7.18,5.26,1.92,project_fact_productividad_export.csv,2026-06-23T00:00:00,910
PD000911,20250210,A016,R005,L009,Día,143,147,7.27,6.64,0.63,project_fact_productividad_export.csv,2026-06-23T00:00:00,911
PD000912,20250530,A011,R005,L016,Día,90,88,10.9,8.06,2.84,project_fact_productividad_export.csv,2026-06-23T00:00:00,912
PD000913,20250619,A014,R016,L009,Noche,138,137,11.76,9.64,2.12,project_fact_productividad_export.csv,2026-06-23T00:00:00,913
PD000914,20250116,A009,R022,L008,Noche,1624,944,6.34,5.55,0.79,project_fact_productividad_export.csv,2026-06-23T00:00:00,914
PD000915,20250620,A008,R004,L002,Noche,3166,3124,11.53,9.41,2.12,project_fact_productividad_export.csv,2026-06-23T00:00:00,915
PD000916,20250316,A012,R025,L016,Tarde,192,226,9.76,7.1,2.67,project_fact_productividad_export.csv,2026-06-23T00:00:00,916
PD000917,20250428,A006,R019,L004,Día,2490,2454,10.44,9.5,0.94,project_fact_productividad_export.csv,2026-06-23T00:00:00,917
PD000918,20250607,A014,R005,L008,Día,229,255,6.67,4.68,1.99,project_fact_productividad_export.csv,2026-06-23T00:00:00,918
PD000919,20250421,A001,R028,L008,Tarde,7290,6856,8.62,6.23,2.38,project_fact_productividad_export.csv,2026-06-23T00:00:00,919
PD000920,20250324,A004,R019,L012,Tarde,3484,3743,6.97,6.25,0.71,project_fact_productividad_export.csv,2026-06-23T00:00:00,920
PD000921,20250623,A011,R010,L004,Noche,134,105,11.62,10.35,1.27,project_fact_productividad_export.csv,2026-06-23T00:00:00,921
PD000922,20250224,A004,R028,L014,Noche,6721,7380,6.72,5.8,0.92,project_fact_productividad_export.csv,2026-06-23T00:00:00,922
PD000923,20250618,A012,R016,L002,Noche,182,182,10.33,9.17,1.16,project_fact_productividad_export.csv,2026-06-23T00:00:00,923
PD000924,20250624,A011,R014,L016,Noche,87,82,10.75,7.93,2.82,project_fact_productividad_export.csv,2026-06-23T00:00:00,924
PD000925,20250422,A012,R006,L005,Tarde,118,112,10.57,7.8,2.77,project_fact_productividad_export.csv,2026-06-23T00:00:00,925
PD000926,20250617,A004,R005,L007,Noche,8499,8127,9.24,7.41,1.83,project_fact_productividad_export.csv,2026-06-23T00:00:00,926
PD000927,20250528,A008,R030,L016,Tarde,3356,3161,9.45,6.92,2.54,project_fact_productividad_export.csv,2026-06-23T00:00:00,927
PD000928,20250321,A008,R023,L013,Noche,2448,2204,10.99,8.57,2.42,project_fact_productividad_export.csv,2026-06-23T00:00:00,928
PD000929,20250123,A009,R015,L005,Tarde,1204,872,11.1,7.84,3.26,project_fact_productividad_export.csv,2026-06-23T00:00:00,929
PD000930,20250227,A014,R011,L004,Tarde,139,110,6.06,4.54,1.52,project_fact_productividad_export.csv,2026-06-23T00:00:00,930
PD000931,20250428,A002,R001,L017,Tarde,204,215,10.13,8.9,1.23,project_fact_productividad_export.csv,2026-06-23T00:00:00,931
PD000932,20250227,A009,R030,L010,Noche,2840,2065,6.23,5.35,0.88,project_fact_productividad_export.csv,2026-06-23T00:00:00,932
PD000933,20250523,A001,R003,L010,Noche,2482,2742,7.06,5.93,1.13,project_fact_productividad_export.csv,2026-06-23T00:00:00,933
PD000934,20250207,A009,R017,L013,Tarde,1996,1794,9.92,6.43,3.49,project_fact_productividad_export.csv,2026-06-23T00:00:00,934
PD000935,20250404,A013,R025,L003,Día,224,166,10.84,7.6,3.24,project_fact_productividad_export.csv,2026-06-23T00:00:00,935
PD000936,20250621,A003,R010,L015,Noche,8050,8726,8.55,6.91,1.63,project_fact_productividad_export.csv,2026-06-23T00:00:00,936
PD000937,20250203,A010,R017,L006,Día,4037,3423,9.66,6.96,2.7,project_fact_productividad_export.csv,2026-06-23T00:00:00,937
PD000938,20250131,A017,R028,L004,Tarde,95,90,7.3,4.97,2.33,project_fact_productividad_export.csv,2026-06-23T00:00:00,938
PD000939,20250612,A008,R029,L004,Día,1027,993,6.74,5.59,1.15,project_fact_productividad_export.csv,2026-06-23T00:00:00,939
PD000940,20250220,A008,R030,L010,Noche,2646,2786,6.89,6.32,0.57,project_fact_productividad_export.csv,2026-06-23T00:00:00,940
PD000941,20250509,A013,R003,L012,Tarde,202,217,8.58,7.78,0.8,project_fact_productividad_export.csv,2026-06-23T00:00:00,941
PD000942,20250107,A015,R008,L012,Noche,46,40,10.12,7.75,2.37,project_fact_productividad_export.csv,2026-06-23T00:00:00,942
PD000943,20250510,A010,R010,L002,Noche,3125,1999,10.09,7.45,2.65,project_fact_productividad_export.csv,2026-06-23T00:00:00,943
PD000944,20250425,A012,R017,L010,Día,164,156,7.97,6.5,1.47,project_fact_productividad_export.csv,2026-06-23T00:00:00,944
PD000945,20250404,A009,R017,L017,Tarde,2460,2086,6.61,5.45,1.16,project_fact_productividad_export.csv,2026-06-23T00:00:00,945
PD000946,20250123,A012,R013,L005,Día,119,118,9.85,7.13,2.72,project_fact_productividad_export.csv,2026-06-23T00:00:00,946
PD000947,20250209,A012,R017,L013,Día,88,98,9.78,8.62,1.16,project_fact_productividad_export.csv,2026-06-23T00:00:00,947
PD000948,20250622,A015,R012,L010,Tarde,180,180,7.41,6.61,0.8,project_fact_productividad_export.csv,2026-06-23T00:00:00,948
PD000949,20250610,A015,R022,L006,Día,148,168,11.6,8.32,3.28,project_fact_productividad_export.csv,2026-06-23T00:00:00,949
PD000950,20250512,A003,R023,L004,Noche,5460,5472,6.08,4.57,1.51,project_fact_productividad_export.csv,2026-06-23T00:00:00,950
PD000951,20250316,A007,R017,L016,Día,2921,2646,10.19,6.84,3.34,project_fact_productividad_export.csv,2026-06-23T00:00:00,951
PD000952,20250407,A004,R030,L002,Noche,4467,4158,9.02,6.86,2.16,project_fact_productividad_export.csv,2026-06-23T00:00:00,952
PD000953,20250405,A003,R025,L015,Tarde,5590,5362,7.01,6.21,0.8,project_fact_productividad_export.csv,2026-06-23T00:00:00,953
PD000954,20250222,A015,R007,L012,Tarde,190,159,10.86,8.5,2.36,project_fact_productividad_export.csv,2026-06-23T00:00:00,954
PD000955,20250309,A014,R010,L015,Tarde,151,140,7.29,5.86,1.43,project_fact_productividad_export.csv,2026-06-23T00:00:00,955
PD000956,20250521,A004,R013,L003,Tarde,8318,7423,10.36,9.11,1.24,project_fact_productividad_export.csv,2026-06-23T00:00:00,956
PD000957,20250630,A001,R005,L013,Tarde,8334,7379,11.13,9.08,2.05,project_fact_productividad_export.csv,2026-06-23T00:00:00,957
PD000958,20250526,A013,R006,L004,Noche,88,81,6.19,5.66,0.53,project_fact_productividad_export.csv,2026-06-23T00:00:00,958
PD000959,20250206,A009,R022,L012,Noche,2502,2027,7.58,5.58,2.0,project_fact_productividad_export.csv,2026-06-23T00:00:00,959
PD000960,20250326,A009,R011,L017,Noche,3728,2270,6.55,3.86,2.69,project_fact_productividad_export.csv,2026-06-23T00:00:00,960
PD000961,20250404,A005,R020,L003,Noche,4133,3569,9.88,7.27,2.61,project_fact_productividad_export.csv,2026-06-23T00:00:00,961
PD000962,20250317,A005,R030,L007,Día,2333,2426,11.66,8.29,3.36,project_fact_productividad_export.csv,2026-06-23T00:00:00,962
PD000963,20250513,A011,R029,L012,Tarde,231,231,10.02,9.02,1.0,project_fact_productividad_export.csv,2026-06-23T00:00:00,963
PD000964,20250120,A016,R009,L001,Día,63,56,11.61,8.63,2.98,project_fact_productividad_export.csv,2026-06-23T00:00:00,964
PD000965,20250623,A003,R029,L008,Tarde,3450,2290,7.05,4.8,2.25,project_fact_productividad_export.csv,2026-06-23T00:00:00,965
PD000966,20250622,A003,R029,L011,Día,5046,5097,9.54,6.93,2.62,project_fact_productividad_export.csv,2026-06-23T00:00:00,966
PD000967,20250601,A005,R027,L012,Día,4058,4245,10.1,9.02,1.08,project_fact_productividad_export.csv,2026-06-23T00:00:00,967
PD000968,20250611,A002,R010,L014,Tarde,237,224,11.2,9.07,2.13,project_fact_productividad_export.csv,2026-06-23T00:00:00,968
PD000969,20250221,A004,R010,L004,Noche,2635,2464,9.65,6.96,2.69,project_fact_productividad_export.csv,2026-06-23T00:00:00,969
PD000970,20250103,A003,R001,L014,Día,7314,6679,11.55,8.21,3.34,project_fact_productividad_export.csv,2026-06-23T00:00:00,970
PD000971,20250116,A007,R025,L008,Día,1139,876,9.1,6.02,3.08,project_fact_productividad_export.csv,2026-06-23T00:00:00,971
PD000972,20250418,A013,R027,L013,Noche,111,94,6.78,4.81,1.98,project_fact_productividad_export.csv,2026-06-23T00:00:00,972
PD000973,20250204,A015,R019,L004,Día,31,31,10.85,8.11,2.74,project_fact_productividad_export.csv,2026-06-23T00:00:00,973
PD000974,20250214,A013,R004,L014,Noche,190,167,10.05,7.93,2.12,project_fact_productividad_export.csv,2026-06-23T00:00:00,974
PD000975,20250105,A003,R014,L008,Día,6759,6334,8.09,7.09,1.0,project_fact_productividad_export.csv,2026-06-23T00:00:00,975
PD000976,20250327,A001,R016,L017,Día,2747,2764,6.31,5.44,0.87,project_fact_productividad_export.csv,2026-06-23T00:00:00,976
PD000977,20250422,A016,R030,L008,Tarde,253,229,11.66,8.71,2.95,project_fact_productividad_export.csv,2026-06-23T00:00:00,977
PD000978,20250325,A002,R014,L016,Día,195,180,11.94,8.33,3.61,project_fact_productividad_export.csv,2026-06-23T00:00:00,978
PD000979,20250204,A009,R020,L001,Día,3765,3434,11.28,8.73,2.56,project_fact_productividad_export.csv,2026-06-23T00:00:00,979
PD000980,20250207,A008,R027,L005,Tarde,2796,2378,8.18,5.74,2.44,project_fact_productividad_export.csv,2026-06-23T00:00:00,980
PD000981,20250616,A007,R001,L014,Día,3701,3333,7.19,4.32,2.87,project_fact_productividad_export.csv,2026-06-23T00:00:00,981
PD000982,20250323,A015,R011,L007,Noche,64,55,7.35,6.24,1.1,project_fact_productividad_export.csv,2026-06-23T00:00:00,982
PD000983,20250424,A008,R002,L011,Tarde,3226,3351,11.53,10.55,0.97,project_fact_productividad_export.csv,2026-06-23T00:00:00,983
PD000984,20250104,A012,R005,L006,Noche,68,65,10.23,8.79,1.44,project_fact_productividad_export.csv,2026-06-23T00:00:00,984
PD000985,20250501,A009,R021,L007,Día,2225,2005,10.65,8.59,2.05,project_fact_productividad_export.csv,2026-06-23T00:00:00,985
PD000986,20250403,A007,R016,L005,Día,2640,1735,8.16,6.08,2.07,project_fact_productividad_export.csv,2026-06-23T00:00:00,986
PD000987,20250527,A012,R023,L005,Noche,86,83,6.9,5.09,1.81,project_fact_productividad_export.csv,2026-06-23T00:00:00,987
PD000988,20250209,A001,R008,L015,Día,7414,7664,6.44,4.84,1.6,project_fact_productividad_export.csv,2026-06-23T00:00:00,988
PD000989,20250114,A006,R014,L003,Noche,3917,3980,6.37,5.64,0.73,project_fact_productividad_export.csv,2026-06-23T00:00:00,989
PD000990,20250526,A013,R029,L011,Tarde,164,158,7.01,6.37,0.65,project_fact_productividad_export.csv,2026-06-23T00:00:00,990
PD000991,20250305,A013,R012,L004,Día,178,177,11.18,9.84,1.34,project_fact_productividad_export.csv,2026-06-23T00:00:00,991
PD000992,20250627,A014,R013,L015,Noche,144,149,11.73,8.64,3.08,project_fact_productividad_export.csv,2026-06-23T00:00:00,992
PD000993,20250512,A016,R024,L009,Tarde,47,39,9.55,8.17,1.37,project_fact_productividad_export.csv,2026-06-23T00:00:00,993
PD000994,20250112,A013,R014,L011,Tarde,106,116,11.07,7.89,3.18,project_fact_productividad_export.csv,2026-06-23T00:00:00,994
PD000995,20250514,A010,R004,L012,Día,3750,3193,8.44,6.75,1.68,project_fact_productividad_export.csv,2026-06-23T00:00:00,995
PD000996,20250529,A005,R029,L002,Tarde,3627,2993,9.27,6.48,2.79,project_fact_productividad_export.csv,2026-06-23T00:00:00,996
PD000997,20250317,A004,R021,L009,Día,8259,7056,7.64,6.71,0.93,project_fact_productividad_export.csv,2026-06-23T00:00:00,997
PD000998,20250218,A016,R024,L009,Noche,122,120,8.31,6.94,1.37,project_fact_productividad_export.csv,2026-06-23T00:00:00,998
PD000999,20250205,A009,R021,L011,Noche,2817,1539,6.42,4.72,1.71,project_fact_productividad_export.csv,2026-06-23T00:00:00,999
PD001000,20250405,A009,R017,L006,Día,3198,2587,7.07,6.29,0.78,project_fact_productividad_export.csv,2026-06-23T00:00:00,1000
PD001001,20250324,A010,R027,L006,Noche,3053,2426,7.4,6.53,0.87,project_fact_productividad_export.csv,2026-06-23T00:00:00,1001
PD001002,20250228,A011,R023,L011,Noche,178,194,7.19,5.25,1.94,project_fact_productividad_export.csv,2026-06-23T00:00:00,1002
PD001003,20250223,A010,R014,L004,Tarde,3357,3209,9.62,6.5,3.12,project_fact_productividad_export.csv,2026-06-23T00:00:00,1003
PD001004,20250529,A017,R005,L002,Día,122,104,7.35,5.76,1.58,project_fact_productividad_export.csv,2026-06-23T00:00:00,1004
PD001005,20250528,A004,R019,L005,Día,2572,2327,7.27,5.52,1.74,project_fact_productividad_export.csv,2026-06-23T00:00:00,1005
PD001006,20250515,A015,R027,L017,Día,88,86,11.83,9.81,2.02,project_fact_productividad_export.csv,2026-06-23T00:00:00,1006
PD001007,20250115,A008,R029,L013,Día,2080,1993,6.35,5.29,1.06,project_fact_productividad_export.csv,2026-06-23T00:00:00,1007
PD001008,20250507,A013,R030,L001,Tarde,116,120,9.14,6.57,2.57,project_fact_productividad_export.csv,2026-06-23T00:00:00,1008
PD001009,20250307,A008,R026,L008,Día,2896,2059,6.67,5.55,1.12,project_fact_productividad_export.csv,2026-06-23T00:00:00,1009
PD001010,20250417,A005,R018,L009,Día,2839,2811,9.14,7.22,1.92,project_fact_productividad_export.csv,2026-06-23T00:00:00,1010
PD001011,20250407,A004,R003,L011,Día,5408,6585,11.75,8.97,2.77,project_fact_productividad_export.csv,2026-06-23T00:00:00,1011
PD001012,20250106,A002,R023,L009,Tarde,109,112,7.72,6.66,1.06,project_fact_productividad_export.csv,2026-06-23T00:00:00,1012
PD001013,20250209,A017,R013,L002,Noche,210,173,6.71,6.06,0.66,project_fact_productividad_export.csv,2026-06-23T00:00:00,1013
PD001014,20250224,A001,R020,L004,Noche,2225,2098,7.17,5.68,1.49,project_fact_productividad_export.csv,2026-06-23T00:00:00,1014
PD001015,20250221,A007,R013,L015,Día,2677,1808,6.68,4.07,2.61,project_fact_productividad_export.csv,2026-06-23T00:00:00,1015
PD001016,20250111,A006,R027,L015,Día,2196,2435,7.72,5.87,1.85,project_fact_productividad_export.csv,2026-06-23T00:00:00,1016
PD001017,20250513,A001,R023,L016,Día,7193,6942,9.99,7.02,2.97,project_fact_productividad_export.csv,2026-06-23T00:00:00,1017
PD001018,20250628,A006,R016,L011,Día,1486,1281,11.2,7.88,3.32,project_fact_productividad_export.csv,2026-06-23T00:00:00,1018
PD001019,20250327,A017,R007,L006,Noche,77,79,10.77,7.84,2.93,project_fact_productividad_export.csv,2026-06-23T00:00:00,1019
PD001020,20250528,A010,R012,L013,Tarde,2494,1920,7.88,6.8,1.08,project_fact_productividad_export.csv,2026-06-23T00:00:00,1020
PD001021,20250601,A007,R015,L010,Día,1118,892,6.92,4.93,1.99,project_fact_productividad_export.csv,2026-06-23T00:00:00,1021
PD001022,20250630,A011,R029,L011,Tarde,81,65,9.49,8.45,1.04,project_fact_productividad_export.csv,2026-06-23T00:00:00,1022
PD001023,20250526,A002,R008,L009,Noche,40,38,10.44,7.93,2.51,project_fact_productividad_export.csv,2026-06-23T00:00:00,1023
PD001024,20250605,A016,R023,L012,Tarde,159,158,11.07,9.26,1.82,project_fact_productividad_export.csv,2026-06-23T00:00:00,1024
PD001025,20250110,A006,R020,L014,Noche,2261,2163,8.31,5.76,2.55,project_fact_productividad_export.csv,2026-06-23T00:00:00,1025
PD001026,20250124,A002,R021,L013,Noche,150,104,10.72,9.1,1.62,project_fact_productividad_export.csv,2026-06-23T00:00:00,1026
PD001027,20250529,A002,R007,L010,Día,34,27,8.1,7.37,0.73,project_fact_productividad_export.csv,2026-06-23T00:00:00,1027
PD001028,20250621,A006,R005,L015,Día,763,623,11.17,8.72,2.45,project_fact_productividad_export.csv,2026-06-23T00:00:00,1028
PD001029,20250624,A002,R017,L002,Noche,216,211,8.35,6.52,1.82,project_fact_productividad_export.csv,2026-06-23T00:00:00,1029
PD001030,20250123,A015,R024,L011,Tarde,156,148,6.98,5.76,1.22,project_fact_productividad_export.csv,2026-06-23T00:00:00,1030
PD001031,20250627,A017,R022,L008,Día,136,126,6.28,5.05,1.23,project_fact_productividad_export.csv,2026-06-23T00:00:00,1031
PD001032,20250521,A008,R023,L006,Noche,1321,932,10.03,9.22,0.81,project_fact_productividad_export.csv,2026-06-23T00:00:00,1032
PD001033,20250204,A001,R005,L008,Noche,3211,2802,7.64,6.94,0.7,project_fact_productividad_export.csv,2026-06-23T00:00:00,1033
PD001034,20250528,A016,R020,L006,Día,139,116,10.08,8.38,1.7,project_fact_productividad_export.csv,2026-06-23T00:00:00,1034
PD001035,20250414,A009,R009,L011,Día,1287,1107,6.52,5.26,1.26,project_fact_productividad_export.csv,2026-06-23T00:00:00,1035
PD001036,20250206,A004,R014,L011,Tarde,3839,2877,9.31,8.37,0.95,project_fact_productividad_export.csv,2026-06-23T00:00:00,1036
PD001037,20250617,A014,R018,L015,Noche,132,122,9.89,8.3,1.58,project_fact_productividad_export.csv,2026-06-23T00:00:00,1037
PD001038,20250305,A014,R014,L014,Tarde,242,215,11.15,7.82,3.33,project_fact_productividad_export.csv,2026-06-23T00:00:00,1038
PD001039,20250403,A007,R002,L002,Noche,3629,2790,10.06,8.62,1.44,project_fact_productividad_export.csv,2026-06-23T00:00:00,1039
PD001040,20250309,A007,R013,L004,Tarde,4079,3286,8.69,6.98,1.71,project_fact_productividad_export.csv,2026-06-23T00:00:00,1040
PD001041,20250220,A003,R012,L004,Noche,7838,7992,8.27,7.4,0.86,project_fact_productividad_export.csv,2026-06-23T00:00:00,1041
PD001042,20250615,A002,R019,L002,Día,250,218,8.4,5.95,2.44,project_fact_productividad_export.csv,2026-06-23T00:00:00,1042
PD001043,20250625,A010,R011,L008,Noche,1753,1512,10.4,7.85,2.54,project_fact_productividad_export.csv,2026-06-23T00:00:00,1043
PD001044,20250126,A001,R009,L002,Noche,5688,4782,10.37,8.03,2.34,project_fact_productividad_export.csv,2026-06-23T00:00:00,1044
PD001045,20250203,A015,R014,L005,Noche,112,112,8.0,5.9,2.1,project_fact_productividad_export.csv,2026-06-23T00:00:00,1045
PD001046,20250403,A013,R011,L001,Tarde,63,64,6.25,4.73,1.52,project_fact_productividad_export.csv,2026-06-23T00:00:00,1046
PD001047,20250603,A007,R006,L011,Noche,1344,1045,11.93,10.06,1.87,project_fact_productividad_export.csv,2026-06-23T00:00:00,1047
PD001048,20250322,A003,R012,L016,Noche,4547,4529,7.96,5.96,2.0,project_fact_productividad_export.csv,2026-06-23T00:00:00,1048
PD001049,20250515,A015,R008,L016,Noche,112,120,8.11,5.89,2.21,project_fact_productividad_export.csv,2026-06-23T00:00:00,1049
PD001050,20250622,A004,R013,L007,Noche,6717,5840,11.1,9.85,1.24,project_fact_productividad_export.csv,2026-06-23T00:00:00,1050
PD001051,20250501,A011,R012,L003,Tarde,204,207,8.57,7.49,1.09,project_fact_productividad_export.csv,2026-06-23T00:00:00,1051
PD001052,20250511,A005,R008,L014,Día,3280,2870,9.41,8.52,0.89,project_fact_productividad_export.csv,2026-06-23T00:00:00,1052
PD001053,20250125,A007,R013,L011,Día,3957,2621,7.69,6.85,0.83,project_fact_productividad_export.csv,2026-06-23T00:00:00,1053
PD001054,20250509,A010,R011,L015,Día,1218,1056,10.5,9.08,1.43,project_fact_productividad_export.csv,2026-06-23T00:00:00,1054
PD001055,20250418,A002,R024,L006,Tarde,243,237,11.86,9.39,2.47,project_fact_productividad_export.csv,2026-06-23T00:00:00,1055
PD001056,20250405,A008,R008,L008,Tarde,1179,1084,11.79,8.66,3.14,project_fact_productividad_export.csv,2026-06-23T00:00:00,1056
PD001057,20250504,A001,R029,L003,Día,6576,6982,9.36,8.47,0.89,project_fact_productividad_export.csv,2026-06-23T00:00:00,1057
PD001058,20250311,A011,R015,L010,Día,81,86,9.54,6.92,2.62,project_fact_productividad_export.csv,2026-06-23T00:00:00,1058
PD001059,20250330,A002,R024,L001,Noche,44,47,9.29,7.59,1.7,project_fact_productividad_export.csv,2026-06-23T00:00:00,1059
PD001060,20250503,A003,R005,L002,Día,8305,8037,8.01,6.9,1.11,project_fact_productividad_export.csv,2026-06-23T00:00:00,1060
PD001061,20250317,A001,R003,L008,Tarde,7125,5999,7.75,7.06,0.69,project_fact_productividad_export.csv,2026-06-23T00:00:00,1061
PD001062,20250327,A011,R029,L002,Día,114,115,7.15,6.27,0.87,project_fact_productividad_export.csv,2026-06-23T00:00:00,1062
PD001063,20250515,A015,R001,L006,Noche,186,194,9.23,7.48,1.75,project_fact_productividad_export.csv,2026-06-23T00:00:00,1063
PD001064,20250219,A010,R019,L009,Tarde,932,604,8.61,7.06,1.54,project_fact_productividad_export.csv,2026-06-23T00:00:00,1064
PD001065,20250613,A001,R013,L006,Día,6344,6018,7.59,5.88,1.71,project_fact_productividad_export.csv,2026-06-23T00:00:00,1065
PD001066,20250216,A004,R019,L010,Noche,7370,6619,8.49,5.93,2.56,project_fact_productividad_export.csv,2026-06-23T00:00:00,1066
PD001067,20250517,A002,R022,L004,Tarde,113,112,9.17,6.72,2.45,project_fact_productividad_export.csv,2026-06-23T00:00:00,1067
PD001068,20250212,A007,R026,L014,Día,3057,2185,8.44,7.08,1.37,project_fact_productividad_export.csv,2026-06-23T00:00:00,1068
PD001069,20250604,A016,R028,L008,Día,229,237,11.44,10.13,1.31,project_fact_productividad_export.csv,2026-06-23T00:00:00,1069
PD001070,20250407,A013,R004,L010,Día,176,165,6.02,4.26,1.76,project_fact_productividad_export.csv,2026-06-23T00:00:00,1070
PD001071,20250203,A006,R026,L004,Día,908,817,9.02,8.0,1.03,project_fact_productividad_export.csv,2026-06-23T00:00:00,1071
PD001072,20250304,A006,R010,L013,Día,2369,2365,7.0,6.44,0.56,project_fact_productividad_export.csv,2026-06-23T00:00:00,1072
PD001073,20250104,A011,R029,L012,Noche,39,33,8.78,7.02,1.77,project_fact_productividad_export.csv,2026-06-23T00:00:00,1073
PD001074,20250509,A002,R012,L013,Día,224,203,10.67,8.62,2.05,project_fact_productividad_export.csv,2026-06-23T00:00:00,1074
PD001075,20250426,A007,R016,L016,Día,3909,3977,7.72,4.95,2.77,project_fact_productividad_export.csv,2026-06-23T00:00:00,1075
PD001076,20250130,A002,R009,L016,Tarde,174,166,10.16,7.98,2.18,project_fact_productividad_export.csv,2026-06-23T00:00:00,1076
PD001077,20250102,A010,R018,L012,Día,2097,1496,8.28,5.65,2.63,project_fact_productividad_export.csv,2026-06-23T00:00:00,1077
PD001078,20250318,A013,R026,L017,Día,81,73,10.1,9.08,1.02,project_fact_productividad_export.csv,2026-06-23T00:00:00,1078
PD001079,20250605,A006,R004,L003,Día,1766,1789,11.62,9.92,1.7,project_fact_productividad_export.csv,2026-06-23T00:00:00,1079
PD001080,20250412,A005,R024,L014,Tarde,1822,1177,9.95,9.06,0.89,project_fact_productividad_export.csv,2026-06-23T00:00:00,1080
PD001081,20250228,A001,R003,L013,Noche,5160,4392,6.79,6.03,0.76,project_fact_productividad_export.csv,2026-06-23T00:00:00,1081
PD001082,20250414,A007,R021,L012,Tarde,2218,1543,10.36,8.16,2.19,project_fact_productividad_export.csv,2026-06-23T00:00:00,1082
PD001083,20250320,A016,R013,L006,Noche,89,97,9.71,7.62,2.08,project_fact_productividad_export.csv,2026-06-23T00:00:00,1083
PD001084,20250501,A004,R018,L012,Noche,5872,5396,11.96,10.21,1.75,project_fact_productividad_export.csv,2026-06-23T00:00:00,1084
PD001085,20250401,A011,R009,L004,Noche,26,22,9.08,7.45,1.63,project_fact_productividad_export.csv,2026-06-23T00:00:00,1085
PD001086,20250120,A001,R024,L008,Noche,8169,7895,6.5,5.67,0.83,project_fact_productividad_export.csv,2026-06-23T00:00:00,1086
PD001087,20250102,A005,R009,L006,Tarde,1415,1300,10.3,7.02,3.28,project_fact_productividad_export.csv,2026-06-23T00:00:00,1087
PD001088,20250215,A007,R018,L004,Día,3727,3456,10.83,9.22,1.6,project_fact_productividad_export.csv,2026-06-23T00:00:00,1088
PD001089,20250116,A014,R018,L003,Tarde,76,70,8.02,5.93,2.09,project_fact_productividad_export.csv,2026-06-23T00:00:00,1089
PD001090,20250513,A001,R005,L014,Tarde,5831,6150,9.13,6.87,2.26,project_fact_productividad_export.csv,2026-06-23T00:00:00,1090
PD001091,20250106,A002,R005,L010,Noche,160,173,6.74,5.98,0.77,project_fact_productividad_export.csv,2026-06-23T00:00:00,1091
PD001092,20250219,A014,R018,L004,Tarde,41,43,6.86,4.91,1.95,project_fact_productividad_export.csv,2026-06-23T00:00:00,1092
PD001093,20250608,A005,R024,L007,Tarde,696,625,6.66,5.73,0.94,project_fact_productividad_export.csv,2026-06-23T00:00:00,1093
PD001094,20250531,A015,R023,L003,Noche,169,177,7.67,6.73,0.94,project_fact_productividad_export.csv,2026-06-23T00:00:00,1094
PD001095,20250212,A010,R026,L017,Tarde,2030,1786,9.83,6.79,3.04,project_fact_productividad_export.csv,2026-06-23T00:00:00,1095
PD001096,20250209,A012,R015,L012,Tarde,204,192,7.52,5.48,2.04,project_fact_productividad_export.csv,2026-06-23T00:00:00,1096
PD001097,20250501,A003,R028,L008,Día,8219,8093,10.59,7.93,2.66,project_fact_productividad_export.csv,2026-06-23T00:00:00,1097
PD001098,20250102,A005,R014,L008,Día,3576,3036,7.96,6.92,1.04,project_fact_productividad_export.csv,2026-06-23T00:00:00,1098
PD001099,20250404,A015,R016,L003,Tarde,154,171,8.49,7.72,0.77,project_fact_productividad_export.csv,2026-06-23T00:00:00,1099
PD001100,20250430,A002,R010,L012,Noche,58,69,10.33,8.82,1.51,project_fact_productividad_export.csv,2026-06-23T00:00:00,1100
PD001101,20250214,A009,R011,L001,Día,3662,2257,6.14,3.97,2.17,project_fact_productividad_export.csv,2026-06-23T00:00:00,1101
PD001102,20250407,A009,R027,L003,Tarde,2978,2574,11.84,8.8,3.03,project_fact_productividad_export.csv,2026-06-23T00:00:00,1102
PD001103,20250615,A010,R014,L008,Día,882,691,6.27,5.52,0.75,project_fact_productividad_export.csv,2026-06-23T00:00:00,1103
PD001104,20250418,A005,R010,L006,Noche,1913,1635,8.86,7.92,0.94,project_fact_productividad_export.csv,2026-06-23T00:00:00,1104
PD001105,20250309,A006,R002,L002,Día,3804,3336,9.66,8.33,1.33,project_fact_productividad_export.csv,2026-06-23T00:00:00,1105
PD001106,20250621,A011,R030,L016,Tarde,38,38,9.35,7.71,1.64,project_fact_productividad_export.csv,2026-06-23T00:00:00,1106
PD001107,20250301,A009,R008,L013,Día,1113,909,8.69,6.59,2.1,project_fact_productividad_export.csv,2026-06-23T00:00:00,1107
PD001108,20250610,A017,R029,L006,Noche,87,95,10.57,8.57,2.01,project_fact_productividad_export.csv,2026-06-23T00:00:00,1108
PD001109,20250120,A005,R020,L015,Tarde,3118,3119,11.96,9.63,2.33,project_fact_productividad_export.csv,2026-06-23T00:00:00,1109
PD001110,20250221,A015,R012,L016,Tarde,201,171,8.71,6.35,2.36,project_fact_productividad_export.csv,2026-06-23T00:00:00,1110
PD001111,20250321,A015,R014,L014,Noche,116,111,10.91,8.21,2.69,project_fact_productividad_export.csv,2026-06-23T00:00:00,1111
PD001112,20250128,A005,R002,L013,Noche,3354,3050,9.42,8.56,0.86,project_fact_productividad_export.csv,2026-06-23T00:00:00,1112
PD001113,20250402,A010,R015,L014,Día,1183,975,9.78,7.35,2.44,project_fact_productividad_export.csv,2026-06-23T00:00:00,1113
PD001114,20250206,A015,R023,L007,Noche,130,127,9.69,7.85,1.83,project_fact_productividad_export.csv,2026-06-23T00:00:00,1114
PD001115,20250207,A017,R030,L016,Noche,73,69,10.83,8.04,2.79,project_fact_productividad_export.csv,2026-06-23T00:00:00,1115
PD001116,20250425,A001,R019,L003,Noche,7447,6685,11.72,8.3,3.41,project_fact_productividad_export.csv,2026-06-23T00:00:00,1116
PD001117,20250607,A001,R012,L017,Noche,7916,8467,7.62,5.51,2.12,project_fact_productividad_export.csv,2026-06-23T00:00:00,1117
PD001118,20250224,A013,R024,L007,Día,67,58,7.21,5.99,1.22,project_fact_productividad_export.csv,2026-06-23T00:00:00,1118
PD001119,20250506,A016,R013,L009,Tarde,245,219,10.7,9.0,1.7,project_fact_productividad_export.csv,2026-06-23T00:00:00,1119
PD001120,20250219,A017,R014,L006,Noche,172,153,8.52,7.64,0.88,project_fact_productividad_export.csv,2026-06-23T00:00:00,1120
PD001121,20250207,A007,R022,L012,Noche,933,640,9.7,6.6,3.09,project_fact_productividad_export.csv,2026-06-23T00:00:00,1121
PD001122,20250405,A005,R006,L011,Tarde,1526,1614,7.4,5.43,1.97,project_fact_productividad_export.csv,2026-06-23T00:00:00,1122
PD001123,20250102,A015,R019,L001,Día,255,275,7.55,6.22,1.33,project_fact_productividad_export.csv,2026-06-23T00:00:00,1123
PD001124,20250307,A017,R025,L016,Tarde,65,65,7.9,6.82,1.09,project_fact_productividad_export.csv,2026-06-23T00:00:00,1124
PD001125,20250510,A007,R022,L011,Noche,974,631,7.64,6.17,1.46,project_fact_productividad_export.csv,2026-06-23T00:00:00,1125
PD001126,20250324,A009,R003,L001,Noche,3363,2225,7.16,4.32,2.84,project_fact_productividad_export.csv,2026-06-23T00:00:00,1126
PD001127,20250220,A006,R025,L004,Día,3152,3320,7.55,5.43,2.12,project_fact_productividad_export.csv,2026-06-23T00:00:00,1127
PD001128,20250305,A009,R026,L011,Tarde,4141,2734,11.61,10.04,1.57,project_fact_productividad_export.csv,2026-06-23T00:00:00,1128
PD001129,20250618,A012,R030,L005,Noche,42,48,9.05,8.2,0.85,project_fact_productividad_export.csv,2026-06-23T00:00:00,1129
PD001130,20250217,A005,R007,L011,Tarde,859,959,10.92,9.52,1.41,project_fact_productividad_export.csv,2026-06-23T00:00:00,1130
PD001131,20250123,A005,R026,L015,Tarde,2992,2338,7.52,5.63,1.89,project_fact_productividad_export.csv,2026-06-23T00:00:00,1131
PD001132,20250108,A007,R023,L002,Tarde,1595,1003,10.24,7.36,2.89,project_fact_productividad_export.csv,2026-06-23T00:00:00,1132
PD001133,20250120,A014,R011,L005,Día,232,202,6.01,4.74,1.27,project_fact_productividad_export.csv,2026-06-23T00:00:00,1133
PD001134,20250127,A001,R018,L002,Día,4863,5522,6.53,4.75,1.78,project_fact_productividad_export.csv,2026-06-23T00:00:00,1134
PD001135,20250328,A016,R014,L005,Noche,94,104,6.51,5.98,0.52,project_fact_productividad_export.csv,2026-06-23T00:00:00,1135
PD001136,20250304,A004,R004,L012,Noche,3282,2685,6.94,5.45,1.49,project_fact_productividad_export.csv,2026-06-23T00:00:00,1136
PD001137,20250130,A012,R007,L004,Noche,106,128,7.08,6.01,1.07,project_fact_productividad_export.csv,2026-06-23T00:00:00,1137
PD001138,20250226,A011,R012,L004,Noche,69,75,8.48,7.19,1.29,project_fact_productividad_export.csv,2026-06-23T00:00:00,1138
PD001139,20250428,A007,R022,L001,Tarde,3645,2320,7.04,5.64,1.4,project_fact_productividad_export.csv,2026-06-23T00:00:00,1139
PD001140,20250205,A015,R003,L010,Noche,63,65,11.46,9.83,1.63,project_fact_productividad_export.csv,2026-06-23T00:00:00,1140
PD001141,20250402,A008,R029,L004,Día,2974,2549,9.04,7.65,1.38,project_fact_productividad_export.csv,2026-06-23T00:00:00,1141
PD001142,20250201,A009,R023,L001,Tarde,3316,2755,11.09,9.67,1.43,project_fact_productividad_export.csv,2026-06-23T00:00:00,1142
PD001143,20250624,A005,R003,L015,Tarde,3981,4258,8.73,7.68,1.05,project_fact_productividad_export.csv,2026-06-23T00:00:00,1143
PD001144,20250606,A005,R005,L014,Noche,3864,4108,8.09,6.71,1.38,project_fact_productividad_export.csv,2026-06-23T00:00:00,1144
PD001145,20250318,A015,R006,L002,Tarde,177,184,6.06,4.2,1.85,project_fact_productividad_export.csv,2026-06-23T00:00:00,1145
PD001146,20250118,A017,R028,L001,Tarde,142,102,10.61,9.76,0.86,project_fact_productividad_export.csv,2026-06-23T00:00:00,1146
PD001147,20250104,A005,R015,L016,Noche,2059,2017,10.77,8.29,2.48,project_fact_productividad_export.csv,2026-06-23T00:00:00,1147
PD001148,20250223,A014,R021,L007,Día,223,158,9.49,8.34,1.14,project_fact_productividad_export.csv,2026-06-23T00:00:00,1148
PD001149,20250219,A006,R024,L012,Tarde,2939,2814,8.83,6.5,2.33,project_fact_productividad_export.csv,2026-06-23T00:00:00,1149
PD001150,20250422,A003,R011,L001,Noche,8271,7424,6.55,5.5,1.05,project_fact_productividad_export.csv,2026-06-23T00:00:00,1150
PD001151,20250626,A005,R001,L012,Tarde,1984,2262,9.04,7.49,1.55,project_fact_productividad_export.csv,2026-06-23T00:00:00,1151
PD001152,20250513,A001,R027,L009,Tarde,4319,4274,6.49,4.53,1.96,project_fact_productividad_export.csv,2026-06-23T00:00:00,1152
PD001153,20250529,A006,R016,L015,Noche,1916,1746,11.6,10.32,1.29,project_fact_productividad_export.csv,2026-06-23T00:00:00,1153
PD001154,20250105,A005,R010,L010,Tarde,3601,3579,7.53,6.29,1.24,project_fact_productividad_export.csv,2026-06-23T00:00:00,1154
PD001155,20250202,A006,R003,L007,Tarde,1294,1093,7.54,5.97,1.57,project_fact_productividad_export.csv,2026-06-23T00:00:00,1155
PD001156,20250630,A006,R013,L009,Noche,1983,1521,6.68,5.35,1.33,project_fact_productividad_export.csv,2026-06-23T00:00:00,1156
PD001157,20250311,A009,R012,L012,Día,4142,3364,7.38,6.54,0.84,project_fact_productividad_export.csv,2026-06-23T00:00:00,1157
PD001158,20250608,A001,R017,L001,Tarde,7666,8207,8.87,6.65,2.22,project_fact_productividad_export.csv,2026-06-23T00:00:00,1158
PD001159,20250414,A009,R026,L017,Tarde,3303,2720,6.93,5.33,1.6,project_fact_productividad_export.csv,2026-06-23T00:00:00,1159
PD001160,20250331,A007,R023,L014,Día,2464,2111,10.51,8.03,2.48,project_fact_productividad_export.csv,2026-06-23T00:00:00,1160
PD001161,20250618,A014,R002,L013,Noche,245,251,11.55,9.09,2.45,project_fact_productividad_export.csv,2026-06-23T00:00:00,1161
PD001162,20250421,A006,R012,L006,Noche,820,746,6.22,4.94,1.29,project_fact_productividad_export.csv,2026-06-23T00:00:00,1162
PD001163,20250212,A005,R009,L002,Día,2179,1830,9.09,7.16,1.93,project_fact_productividad_export.csv,2026-06-23T00:00:00,1163
PD001164,20250110,A001,R023,L001,Día,4198,3846,7.59,6.93,0.66,project_fact_productividad_export.csv,2026-06-23T00:00:00,1164
PD001165,20250612,A012,R017,L016,Tarde,124,133,11.78,9.44,2.34,project_fact_productividad_export.csv,2026-06-23T00:00:00,1165
PD001166,20250301,A003,R026,L017,Día,6136,5331,8.66,5.98,2.69,project_fact_productividad_export.csv,2026-06-23T00:00:00,1166
PD001167,20250205,A014,R018,L011,Noche,157,148,7.79,5.47,2.31,project_fact_productividad_export.csv,2026-06-23T00:00:00,1167
PD001168,20250306,A006,R012,L010,Tarde,3255,3356,9.83,7.93,1.9,project_fact_productividad_export.csv,2026-06-23T00:00:00,1168
PD001169,20250408,A014,R015,L012,Tarde,194,220,8.02,6.45,1.57,project_fact_productividad_export.csv,2026-06-23T00:00:00,1169
PD001170,20250328,A007,R008,L004,Noche,3884,3336,11.14,9.34,1.8,project_fact_productividad_export.csv,2026-06-23T00:00:00,1170
PD001171,20250111,A005,R013,L007,Noche,898,847,7.2,5.88,1.33,project_fact_productividad_export.csv,2026-06-23T00:00:00,1171
PD001172,20250320,A003,R020,L005,Tarde,3801,2865,8.99,7.56,1.43,project_fact_productividad_export.csv,2026-06-23T00:00:00,1172
PD001173,20250520,A003,R011,L017,Día,3995,3211,6.98,5.24,1.74,project_fact_productividad_export.csv,2026-06-23T00:00:00,1173
PD001174,20250518,A016,R024,L016,Noche,253,242,7.4,5.06,2.35,project_fact_productividad_export.csv,2026-06-23T00:00:00,1174
PD001175,20250228,A014,R026,L009,Día,57,47,8.31,7.26,1.05,project_fact_productividad_export.csv,2026-06-23T00:00:00,1175
PD001176,20250630,A007,R023,L012,Tarde,1058,977,10.78,6.94,3.84,project_fact_productividad_export.csv,2026-06-23T00:00:00,1176
PD001177,20250303,A007,R009,L002,Tarde,2398,1581,7.12,4.16,2.96,project_fact_productividad_export.csv,2026-06-23T00:00:00,1177
PD001178,20250218,A017,R011,L001,Tarde,239,216,11.41,10.12,1.28,project_fact_productividad_export.csv,2026-06-23T00:00:00,1178
PD001179,20250120,A002,R028,L008,Tarde,207,215,7.76,5.82,1.94,project_fact_productividad_export.csv,2026-06-23T00:00:00,1179
PD001180,20250129,A002,R025,L003,Día,58,54,11.21,8.74,2.47,project_fact_productividad_export.csv,2026-06-23T00:00:00,1180
PD001181,20250428,A017,R010,L011,Noche,230,219,7.03,4.94,2.09,project_fact_productividad_export.csv,2026-06-23T00:00:00,1181
PD001182,20250218,A012,R017,L016,Noche,166,175,7.7,6.25,1.45,project_fact_productividad_export.csv,2026-06-23T00:00:00,1182
PD001183,20250605,A008,R017,L014,Noche,1051,1139,10.66,9.0,1.65,project_fact_productividad_export.csv,2026-06-23T00:00:00,1183
PD001184,20250103,A010,R016,L007,Tarde,3704,2838,7.99,5.54,2.44,project_fact_productividad_export.csv,2026-06-23T00:00:00,1184
PD001185,20250203,A015,R004,L001,Día,136,117,7.98,5.89,2.09,project_fact_productividad_export.csv,2026-06-23T00:00:00,1185
PD001186,20250523,A001,R009,L011,Noche,7003,7066,9.01,7.95,1.06,project_fact_productividad_export.csv,2026-06-23T00:00:00,1186
PD001187,20250206,A004,R024,L010,Tarde,5178,4573,9.19,8.07,1.12,project_fact_productividad_export.csv,2026-06-23T00:00:00,1187
PD001188,20250407,A001,R021,L008,Día,8341,8945,9.0,8.09,0.92,project_fact_productividad_export.csv,2026-06-23T00:00:00,1188
PD001189,20250209,A001,R021,L016,Noche,4166,3381,9.89,8.57,1.31,project_fact_productividad_export.csv,2026-06-23T00:00:00,1189
PD001190,20250405,A002,R012,L006,Tarde,214,221,11.65,8.32,3.33,project_fact_productividad_export.csv,2026-06-23T00:00:00,1190
PD001191,20250110,A017,R024,L016,Día,169,163,11.77,8.93,2.84,project_fact_productividad_export.csv,2026-06-23T00:00:00,1191
PD001192,20250115,A009,R007,L014,Tarde,2309,2008,11.19,7.94,3.25,project_fact_productividad_export.csv,2026-06-23T00:00:00,1192
PD001193,20250430,A005,R007,L012,Día,3409,2799,7.08,5.88,1.2,project_fact_productividad_export.csv,2026-06-23T00:00:00,1193
PD001194,20250428,A008,R006,L005,Noche,1340,1387,7.07,5.09,1.98,project_fact_productividad_export.csv,2026-06-23T00:00:00,1194
PD001195,20250607,A013,R001,L011,Tarde,220,251,8.71,6.15,2.56,project_fact_productividad_export.csv,2026-06-23T00:00:00,1195
PD001196,20250131,A011,R029,L010,Día,97,84,10.59,8.21,2.38,project_fact_productividad_export.csv,2026-06-23T00:00:00,1196
PD001197,20250410,A009,R014,L015,Día,3673,3175,6.7,4.75,1.95,project_fact_productividad_export.csv,2026-06-23T00:00:00,1197
PD001198,20250514,A010,R001,L012,Tarde,3973,2906,7.72,4.75,2.97,project_fact_productividad_export.csv,2026-06-23T00:00:00,1198
PD001199,20250320,A016,R020,L017,Tarde,219,188,8.69,7.07,1.62,project_fact_productividad_export.csv,2026-06-23T00:00:00,1199
PD001200,20250318,A010,R023,L011,Noche,873,618,11.98,10.0,1.98,project_fact_productividad_export.csv,2026-06-23T00:00:00,1200
PD001201,20250522,A005,R014,L015,Día,2744,2733,7.26,5.91,1.35,project_fact_productividad_export.csv,2026-06-23T00:00:00,1201
PD001202,20250126,A005,R030,L009,Día,3918,4050,6.28,4.89,1.4,project_fact_productividad_export.csv,2026-06-23T00:00:00,1202
PD001203,20250128,A005,R030,L008,Tarde,3040,2675,10.99,9.61,1.38,project_fact_productividad_export.csv,2026-06-23T00:00:00,1203
PD001204,20250111,A008,R018,L011,Noche,1544,1779,8.63,6.23,2.4,project_fact_productividad_export.csv,2026-06-23T00:00:00,1204
PD001205,20250315,A013,R002,L014,Tarde,259,245,6.33,4.49,1.84,project_fact_productividad_export.csv,2026-06-23T00:00:00,1205
PD001206,20250623,A012,R001,L009,Día,256,246,8.95,6.37,2.57,project_fact_productividad_export.csv,2026-06-23T00:00:00,1206
PD001207,20250515,A012,R006,L005,Tarde,159,137,8.85,6.65,2.2,project_fact_productividad_export.csv,2026-06-23T00:00:00,1207
PD001208,20250618,A011,R010,L001,Noche,183,187,11.05,7.97,3.08,project_fact_productividad_export.csv,2026-06-23T00:00:00,1208
PD001209,20250120,A015,R011,L012,Día,65,62,7.53,5.61,1.92,project_fact_productividad_export.csv,2026-06-23T00:00:00,1209
PD001210,20250218,A017,R013,L014,Noche,237,246,11.19,7.69,3.5,project_fact_productividad_export.csv,2026-06-23T00:00:00,1210
PD001211,20250110,A006,R026,L005,Tarde,2469,2440,8.74,6.66,2.08,project_fact_productividad_export.csv,2026-06-23T00:00:00,1211
PD001212,20250315,A014,R016,L001,Día,236,244,9.29,8.16,1.13,project_fact_productividad_export.csv,2026-06-23T00:00:00,1212
PD001213,20250211,A004,R027,L014,Día,8118,8298,6.44,4.8,1.64,project_fact_productividad_export.csv,2026-06-23T00:00:00,1213
PD001214,20250611,A009,R029,L006,Tarde,2398,1564,6.88,5.55,1.32,project_fact_productividad_export.csv,2026-06-23T00:00:00,1214
PD001215,20250401,A011,R020,L013,Tarde,105,107,7.29,5.65,1.64,project_fact_productividad_export.csv,2026-06-23T00:00:00,1215
PD001216,20250520,A013,R008,L006,Día,45,40,11.33,9.03,2.29,project_fact_productividad_export.csv,2026-06-23T00:00:00,1216
PD001217,20250122,A004,R026,L007,Tarde,6012,6236,6.64,4.84,1.8,project_fact_productividad_export.csv,2026-06-23T00:00:00,1217
PD001218,20250411,A012,R003,L002,Noche,56,50,9.43,8.34,1.09,project_fact_productividad_export.csv,2026-06-23T00:00:00,1218
PD001219,20250616,A002,R015,L006,Tarde,237,224,11.22,7.76,3.47,project_fact_productividad_export.csv,2026-06-23T00:00:00,1219
PD001220,20250506,A006,R007,L008,Tarde,3742,3302,10.33,9.16,1.17,project_fact_productividad_export.csv,2026-06-23T00:00:00,1220
PD001221,20250218,A008,R027,L010,Tarde,631,559,9.43,6.45,2.97,project_fact_productividad_export.csv,2026-06-23T00:00:00,1221
PD001222,20250314,A015,R014,L010,Noche,88,74,7.5,5.92,1.58,project_fact_productividad_export.csv,2026-06-23T00:00:00,1222
PD001223,20250223,A008,R011,L006,Tarde,2722,2233,11.47,8.28,3.19,project_fact_productividad_export.csv,2026-06-23T00:00:00,1223
PD001224,20250513,A008,R027,L006,Tarde,1008,989,6.38,4.45,1.93,project_fact_productividad_export.csv,2026-06-23T00:00:00,1224
PD001225,20250407,A007,R013,L007,Día,1296,1038,7.97,6.17,1.8,project_fact_productividad_export.csv,2026-06-23T00:00:00,1225
PD001226,20250513,A004,R030,L015,Día,3440,4222,7.63,6.96,0.66,project_fact_productividad_export.csv,2026-06-23T00:00:00,1226
PD001227,20250516,A012,R012,L017,Noche,158,141,7.28,5.13,2.15,project_fact_productividad_export.csv,2026-06-23T00:00:00,1227
PD001228,20250205,A003,R016,L007,Tarde,5839,4560,6.07,4.7,1.37,project_fact_productividad_export.csv,2026-06-23T00:00:00,1228
PD001229,20250422,A003,R003,L004,Día,2502,2566,8.98,6.4,2.58,project_fact_productividad_export.csv,2026-06-23T00:00:00,1229
PD001230,20250205,A008,R012,L006,Tarde,1600,1729,11.0,8.59,2.41,project_fact_productividad_export.csv,2026-06-23T00:00:00,1230
PD001231,20250326,A002,R015,L005,Día,60,42,8.19,5.69,2.5,project_fact_productividad_export.csv,2026-06-23T00:00:00,1231
PD001232,20250204,A006,R020,L009,Día,1357,1149,10.7,7.44,3.26,project_fact_productividad_export.csv,2026-06-23T00:00:00,1232
PD001233,20250531,A011,R003,L012,Día,204,219,7.13,4.95,2.18,project_fact_productividad_export.csv,2026-06-23T00:00:00,1233
PD001234,20250113,A012,R008,L006,Día,191,183,6.99,5.24,1.75,project_fact_productividad_export.csv,2026-06-23T00:00:00,1234
PD001235,20250209,A014,R029,L010,Tarde,33,31,10.66,9.56,1.1,project_fact_productividad_export.csv,2026-06-23T00:00:00,1235
PD001236,20250503,A004,R013,L002,Día,5145,4230,10.52,9.09,1.43,project_fact_productividad_export.csv,2026-06-23T00:00:00,1236
PD001237,20250307,A007,R002,L014,Día,800,756,6.87,4.52,2.35,project_fact_productividad_export.csv,2026-06-23T00:00:00,1237
PD001238,20250123,A004,R008,L005,Día,7467,7904,6.33,5.37,0.96,project_fact_productividad_export.csv,2026-06-23T00:00:00,1238
PD001239,20250215,A012,R009,L009,Noche,185,163,6.94,5.15,1.79,project_fact_productividad_export.csv,2026-06-23T00:00:00,1239
PD001240,20250501,A015,R028,L005,Noche,32,32,7.67,5.5,2.17,project_fact_productividad_export.csv,2026-06-23T00:00:00,1240
PD001241,20250413,A014,R022,L001,Día,206,200,11.61,9.22,2.39,project_fact_productividad_export.csv,2026-06-23T00:00:00,1241
PD001242,20250501,A014,R015,L012,Día,192,198,11.11,7.71,3.4,project_fact_productividad_export.csv,2026-06-23T00:00:00,1242
PD001243,20250224,A006,R016,L009,Noche,3887,3751,7.84,6.2,1.64,project_fact_productividad_export.csv,2026-06-23T00:00:00,1243
PD001244,20250602,A005,R015,L004,Noche,3678,3914,9.26,7.77,1.49,project_fact_productividad_export.csv,2026-06-23T00:00:00,1244
PD001245,20250126,A017,R018,L016,Noche,149,113,6.47,5.74,0.73,project_fact_productividad_export.csv,2026-06-23T00:00:00,1245
PD001246,20250309,A017,R009,L008,Tarde,160,191,8.94,7.2,1.74,project_fact_productividad_export.csv,2026-06-23T00:00:00,1246
PD001247,20250419,A011,R025,L010,Noche,164,141,6.16,5.22,0.94,project_fact_productividad_export.csv,2026-06-23T00:00:00,1247
PD001248,20250209,A011,R019,L011,Tarde,190,181,10.66,8.36,2.3,project_fact_productividad_export.csv,2026-06-23T00:00:00,1248
PD001249,20250402,A003,R001,L005,Día,3082,3033,10.68,9.65,1.04,project_fact_productividad_export.csv,2026-06-23T00:00:00,1249
PD001250,20250525,A015,R013,L005,Noche,235,212,8.31,7.5,0.81,project_fact_productividad_export.csv,2026-06-23T00:00:00,1250
PD001251,20250102,A014,R022,L008,Noche,108,99,9.97,8.05,1.92,project_fact_productividad_export.csv,2026-06-23T00:00:00,1251
PD001252,20250428,A012,R018,L014,Día,85,89,9.57,7.16,2.41,project_fact_productividad_export.csv,2026-06-23T00:00:00,1252
PD001253,20250410,A001,R003,L015,Día,5845,6199,9.37,6.9,2.47,project_fact_productividad_export.csv,2026-06-23T00:00:00,1253
PD001254,20250111,A012,R020,L002,Tarde,27,25,9.39,8.64,0.75,project_fact_productividad_export.csv,2026-06-23T00:00:00,1254
PD001255,20250605,A010,R014,L005,Noche,2940,1894,10.76,8.55,2.21,project_fact_productividad_export.csv,2026-06-23T00:00:00,1255
PD001256,20250121,A009,R014,L003,Día,1413,1205,6.85,5.95,0.91,project_fact_productividad_export.csv,2026-06-23T00:00:00,1256
PD001257,20250611,A001,R004,L002,Tarde,4875,4242,6.31,4.61,1.71,project_fact_productividad_export.csv,2026-06-23T00:00:00,1257
PD001258,20250518,A001,R030,L012,Día,6637,6430,9.15,6.86,2.29,project_fact_productividad_export.csv,2026-06-23T00:00:00,1258
PD001259,20250425,A001,R011,L002,Día,4751,5001,10.72,7.96,2.76,project_fact_productividad_export.csv,2026-06-23T00:00:00,1259
PD001260,20250113,A001,R026,L004,Noche,6688,5949,9.25,7.13,2.13,project_fact_productividad_export.csv,2026-06-23T00:00:00,1260
PD001261,20250529,A015,R004,L006,Noche,96,74,11.34,9.28,2.06,project_fact_productividad_export.csv,2026-06-23T00:00:00,1261
PD001262,20250423,A001,R017,L011,Noche,8452,8317,7.83,6.24,1.59,project_fact_productividad_export.csv,2026-06-23T00:00:00,1262
PD001263,20250206,A012,R006,L012,Noche,20,17,11.7,8.29,3.41,project_fact_productividad_export.csv,2026-06-23T00:00:00,1263
PD001264,20250202,A005,R014,L010,Día,633,602,11.0,9.85,1.15,project_fact_productividad_export.csv,2026-06-23T00:00:00,1264
PD001265,20250527,A007,R026,L002,Tarde,1356,988,9.22,6.42,2.79,project_fact_productividad_export.csv,2026-06-23T00:00:00,1265
PD001266,20250320,A006,R004,L006,Tarde,2447,2642,9.25,7.0,2.25,project_fact_productividad_export.csv,2026-06-23T00:00:00,1266
PD001267,20250327,A007,R011,L013,Noche,3138,2283,10.95,9.35,1.6,project_fact_productividad_export.csv,2026-06-23T00:00:00,1267
PD001268,20250213,A012,R002,L017,Día,72,69,9.31,6.83,2.48,project_fact_productividad_export.csv,2026-06-23T00:00:00,1268
PD001269,20250624,A009,R002,L009,Día,956,646,9.83,7.41,2.42,project_fact_productividad_export.csv,2026-06-23T00:00:00,1269
PD001270,20250407,A011,R002,L017,Noche,224,213,7.63,5.68,1.95,project_fact_productividad_export.csv,2026-06-23T00:00:00,1270
PD001271,20250324,A002,R018,L005,Tarde,96,86,10.58,8.17,2.41,project_fact_productividad_export.csv,2026-06-23T00:00:00,1271
PD001272,20250424,A013,R001,L005,Tarde,118,118,7.99,5.88,2.11,project_fact_productividad_export.csv,2026-06-23T00:00:00,1272
PD001273,20250318,A013,R030,L010,Día,214,217,6.68,5.85,0.83,project_fact_productividad_export.csv,2026-06-23T00:00:00,1273
PD001274,20250301,A003,R024,L005,Tarde,3215,3377,6.16,4.9,1.26,project_fact_productividad_export.csv,2026-06-23T00:00:00,1274
PD001275,20250302,A013,R016,L014,Día,146,120,6.62,5.4,1.21,project_fact_productividad_export.csv,2026-06-23T00:00:00,1275
PD001276,20250311,A004,R015,L015,Noche,3828,3515,10.44,8.02,2.42,project_fact_productividad_export.csv,2026-06-23T00:00:00,1276
PD001277,20250420,A014,R002,L007,Tarde,114,117,10.19,7.27,2.92,project_fact_productividad_export.csv,2026-06-23T00:00:00,1277
PD001278,20250607,A010,R001,L013,Noche,2744,1921,7.51,6.14,1.37,project_fact_productividad_export.csv,2026-06-23T00:00:00,1278
PD001279,20250415,A006,R024,L015,Día,791,811,11.96,8.99,2.97,project_fact_productividad_export.csv,2026-06-23T00:00:00,1279
PD001280,20250129,A012,R020,L008,Noche,256,277,8.06,6.09,1.97,project_fact_productividad_export.csv,2026-06-23T00:00:00,1280
PD001281,20250501,A014,R014,L007,Noche,186,221,6.27,4.52,1.75,project_fact_productividad_export.csv,2026-06-23T00:00:00,1281
PD001282,20250531,A006,R014,L004,Noche,731,702,7.44,5.3,2.14,project_fact_productividad_export.csv,2026-06-23T00:00:00,1282
PD001283,20250519,A010,R006,L006,Tarde,3155,2571,6.61,4.85,1.76,project_fact_productividad_export.csv,2026-06-23T00:00:00,1283
PD001284,20250226,A015,R029,L012,Tarde,94,88,9.64,6.88,2.76,project_fact_productividad_export.csv,2026-06-23T00:00:00,1284
PD001285,20250519,A014,R012,L004,Noche,192,182,7.58,5.41,2.17,project_fact_productividad_export.csv,2026-06-23T00:00:00,1285
PD001286,20250312,A009,R013,L002,Día,3984,2933,6.52,3.76,2.76,project_fact_productividad_export.csv,2026-06-23T00:00:00,1286
PD001287,20250405,A005,R012,L005,Tarde,1113,1213,8.6,7.47,1.13,project_fact_productividad_export.csv,2026-06-23T00:00:00,1287
PD001288,20250611,A005,R028,L004,Día,3681,3318,8.89,7.2,1.69,project_fact_productividad_export.csv,2026-06-23T00:00:00,1288
PD001289,20250505,A001,R023,L001,Tarde,7600,8292,9.04,6.58,2.46,project_fact_productividad_export.csv,2026-06-23T00:00:00,1289
PD001290,20250516,A012,R013,L012,Tarde,67,73,9.35,6.87,2.48,project_fact_productividad_export.csv,2026-06-23T00:00:00,1290
PD001291,20250507,A008,R026,L016,Tarde,3624,3165,6.69,4.86,1.82,project_fact_productividad_export.csv,2026-06-23T00:00:00,1291
PD001292,20250415,A013,R019,L004,Día,60,64,6.83,4.98,1.85,project_fact_productividad_export.csv,2026-06-23T00:00:00,1292
PD001293,20250309,A002,R010,L007,Noche,249,210,8.15,6.07,2.08,project_fact_productividad_export.csv,2026-06-23T00:00:00,1293
PD001294,20250628,A003,R023,L013,Día,2906,3079,9.16,8.08,1.08,project_fact_productividad_export.csv,2026-06-23T00:00:00,1294
PD001295,20250517,A002,R022,L003,Noche,56,48,9.4,7.09,2.31,project_fact_productividad_export.csv,2026-06-23T00:00:00,1295
PD001296,20250523,A013,R020,L008,Día,228,215,11.67,8.83,2.84,project_fact_productividad_export.csv,2026-06-23T00:00:00,1296
PD001297,20250326,A003,R023,L011,Noche,5985,6218,6.02,5.03,0.99,project_fact_productividad_export.csv,2026-06-23T00:00:00,1297
PD001298,20250519,A013,R013,L008,Noche,237,252,10.96,8.58,2.38,project_fact_productividad_export.csv,2026-06-23T00:00:00,1298
PD001299,20250303,A003,R014,L017,Noche,2503,2597,8.4,6.42,1.98,project_fact_productividad_export.csv,2026-06-23T00:00:00,1299
PD001300,20250523,A005,R029,L010,Tarde,3690,3025,10.12,7.52,2.6,project_fact_productividad_export.csv,2026-06-23T00:00:00,1300
PD001301,20250514,A013,R013,L003,Día,174,200,8.09,6.38,1.71,project_fact_productividad_export.csv,2026-06-23T00:00:00,1301
PD001302,20250110,A014,R012,L016,Día,106,109,6.64,4.55,2.09,project_fact_productividad_export.csv,2026-06-23T00:00:00,1302
PD001303,20250602,A004,R004,L003,Noche,3500,2716,8.28,7.44,0.83,project_fact_productividad_export.csv,2026-06-23T00:00:00,1303
PD001304,20250508,A015,R010,L016,Noche,104,107,10.68,9.16,1.53,project_fact_productividad_export.csv,2026-06-23T00:00:00,1304
PD001305,20250106,A017,R020,L003,Tarde,112,91,11.6,9.96,1.65,project_fact_productividad_export.csv,2026-06-23T00:00:00,1305
PD001306,20250413,A014,R004,L008,Tarde,27,24,11.62,10.16,1.46,project_fact_productividad_export.csv,2026-06-23T00:00:00,1306
PD001307,20250204,A002,R029,L010,Noche,63,49,10.77,7.76,3.01,project_fact_productividad_export.csv,2026-06-23T00:00:00,1307
PD001308,20250102,A009,R025,L017,Tarde,2467,1999,7.97,5.1,2.87,project_fact_productividad_export.csv,2026-06-23T00:00:00,1308
PD001309,20250613,A010,R001,L007,Día,1031,730,8.28,6.93,1.36,project_fact_productividad_export.csv,2026-06-23T00:00:00,1309
PD001310,20250529,A003,R030,L012,Noche,6177,5198,10.05,9.02,1.03,project_fact_productividad_export.csv,2026-06-23T00:00:00,1310
PD001311,20250503,A004,R014,L011,Noche,7352,6568,9.11,8.14,0.97,project_fact_productividad_export.csv,2026-06-23T00:00:00,1311
PD001312,20250426,A007,R019,L013,Tarde,1106,827,8.48,4.92,3.57,project_fact_productividad_export.csv,2026-06-23T00:00:00,1312
PD001313,20250124,A003,R015,L001,Tarde,7490,6947,10.18,8.56,1.61,project_fact_productividad_export.csv,2026-06-23T00:00:00,1313
PD001314,20250317,A001,R020,L006,Día,5008,5039,10.13,8.79,1.35,project_fact_productividad_export.csv,2026-06-23T00:00:00,1314
PD001315,20250411,A006,R008,L001,Día,1567,1207,11.77,8.5,3.28,project_fact_productividad_export.csv,2026-06-23T00:00:00,1315
PD001316,20250402,A007,R023,L001,Día,4169,3357,9.41,8.13,1.28,project_fact_productividad_export.csv,2026-06-23T00:00:00,1316
PD001317,20250107,A007,R019,L017,Noche,2043,1294,8.41,6.17,2.25,project_fact_productividad_export.csv,2026-06-23T00:00:00,1317
PD001318,20250325,A006,R027,L006,Noche,1749,1583,6.91,6.25,0.67,project_fact_productividad_export.csv,2026-06-23T00:00:00,1318
PD001319,20250515,A009,R019,L008,Noche,3859,3229,11.06,7.82,3.25,project_fact_productividad_export.csv,2026-06-23T00:00:00,1319
PD001320,20250407,A007,R010,L004,Noche,2745,2237,6.27,5.1,1.17,project_fact_productividad_export.csv,2026-06-23T00:00:00,1320
PD001321,20250604,A014,R016,L011,Día,103,108,7.33,5.76,1.58,project_fact_productividad_export.csv,2026-06-23T00:00:00,1321
PD001322,20250504,A003,R014,L015,Noche,5475,5024,10.84,9.16,1.68,project_fact_productividad_export.csv,2026-06-23T00:00:00,1322
PD001323,20250326,A001,R001,L016,Tarde,7987,6556,6.02,5.23,0.79,project_fact_productividad_export.csv,2026-06-23T00:00:00,1323
PD001324,20250318,A009,R022,L006,Día,3791,3162,8.31,7.03,1.28,project_fact_productividad_export.csv,2026-06-23T00:00:00,1324
PD001325,20250628,A001,R008,L004,Noche,3497,3610,6.54,5.7,0.84,project_fact_productividad_export.csv,2026-06-23T00:00:00,1325
PD001326,20250417,A012,R021,L008,Tarde,191,165,8.8,6.68,2.12,project_fact_productividad_export.csv,2026-06-23T00:00:00,1326
PD001327,20250522,A004,R009,L006,Día,3339,3204,8.67,6.21,2.45,project_fact_productividad_export.csv,2026-06-23T00:00:00,1327
PD001328,20250627,A017,R013,L015,Tarde,204,198,6.66,5.02,1.64,project_fact_productividad_export.csv,2026-06-23T00:00:00,1328
PD001329,20250520,A012,R025,L017,Día,63,52,11.88,9.24,2.65,project_fact_productividad_export.csv,2026-06-23T00:00:00,1329
PD001330,20250108,A017,R030,L012,Tarde,49,52,8.32,6.09,2.23,project_fact_productividad_export.csv,2026-06-23T00:00:00,1330
PD001331,20250329,A014,R029,L017,Día,229,208,6.66,4.97,1.69,project_fact_productividad_export.csv,2026-06-23T00:00:00,1331
PD001332,20250528,A004,R012,L016,Noche,8433,10204,10.29,7.3,2.99,project_fact_productividad_export.csv,2026-06-23T00:00:00,1332
PD001333,20250628,A011,R010,L015,Noche,25,26,6.32,4.65,1.66,project_fact_productividad_export.csv,2026-06-23T00:00:00,1333
PD001334,20250428,A005,R025,L008,Tarde,3153,3310,8.76,6.65,2.11,project_fact_productividad_export.csv,2026-06-23T00:00:00,1334
PD001335,20250224,A015,R001,L007,Noche,108,108,11.58,9.54,2.04,project_fact_productividad_export.csv,2026-06-23T00:00:00,1335
PD001336,20250531,A004,R005,L017,Tarde,5533,6920,8.84,6.47,2.37,project_fact_productividad_export.csv,2026-06-23T00:00:00,1336
PD001337,20250515,A003,R006,L001,Noche,5288,5537,8.01,6.91,1.1,project_fact_productividad_export.csv,2026-06-23T00:00:00,1337
PD001338,20250201,A002,R007,L017,Día,39,45,9.01,7.4,1.61,project_fact_productividad_export.csv,2026-06-23T00:00:00,1338
PD001339,20250616,A006,R012,L014,Noche,2964,3118,6.72,5.75,0.97,project_fact_productividad_export.csv,2026-06-23T00:00:00,1339
PD001340,20250319,A005,R007,L008,Día,2466,2163,11.82,10.47,1.36,project_fact_productividad_export.csv,2026-06-23T00:00:00,1340
PD001341,20250622,A017,R016,L004,Tarde,70,59,9.46,8.21,1.25,project_fact_productividad_export.csv,2026-06-23T00:00:00,1341
PD001342,20250112,A012,R012,L017,Noche,247,230,11.82,9.31,2.5,project_fact_productividad_export.csv,2026-06-23T00:00:00,1342
PD001343,20250131,A006,R001,L006,Noche,3455,3087,9.76,6.8,2.96,project_fact_productividad_export.csv,2026-06-23T00:00:00,1343
PD001344,20250309,A001,R026,L001,Noche,5465,5831,9.09,7.13,1.96,project_fact_productividad_export.csv,2026-06-23T00:00:00,1344
PD001345,20250523,A001,R029,L006,Tarde,2566,2966,6.89,5.52,1.37,project_fact_productividad_export.csv,2026-06-23T00:00:00,1345
PD001346,20250226,A004,R013,L003,Tarde,4652,4575,7.69,5.89,1.8,project_fact_productividad_export.csv,2026-06-23T00:00:00,1346
PD001347,20250609,A002,R007,L014,Noche,210,207,11.24,8.08,3.16,project_fact_productividad_export.csv,2026-06-23T00:00:00,1347
PD001348,20250619,A001,R027,L015,Tarde,3472,3974,11.62,9.89,1.73,project_fact_productividad_export.csv,2026-06-23T00:00:00,1348
PD001349,20250226,A012,R027,L010,Noche,236,246,6.85,5.23,1.62,project_fact_productividad_export.csv,2026-06-23T00:00:00,1349
PD001350,20250121,A005,R021,L015,Noche,1425,1259,9.89,7.37,2.52,project_fact_productividad_export.csv,2026-06-23T00:00:00,1350
PD001351,20250604,A017,R022,L015,Tarde,197,152,10.88,8.06,2.83,project_fact_productividad_export.csv,2026-06-23T00:00:00,1351
PD001352,20250213,A014,R001,L008,Noche,230,173,10.19,7.08,3.1,project_fact_productividad_export.csv,2026-06-23T00:00:00,1352
PD001353,20250426,A007,R012,L005,Tarde,3969,3166,11.06,9.78,1.29,project_fact_productividad_export.csv,2026-06-23T00:00:00,1353
PD001354,20250311,A011,R025,L017,Día,220,249,7.02,6.22,0.8,project_fact_productividad_export.csv,2026-06-23T00:00:00,1354
PD001355,20250603,A003,R009,L012,Día,3727,3176,6.76,5.58,1.18,project_fact_productividad_export.csv,2026-06-23T00:00:00,1355
PD001356,20250120,A013,R026,L012,Día,93,109,11.33,8.33,2.99,project_fact_productividad_export.csv,2026-06-23T00:00:00,1356
PD001357,20250420,A011,R007,L011,Tarde,140,131,9.45,6.45,3.0,project_fact_productividad_export.csv,2026-06-23T00:00:00,1357
PD001358,20250430,A004,R008,L009,Tarde,6027,5938,10.96,9.7,1.26,project_fact_productividad_export.csv,2026-06-23T00:00:00,1358
PD001359,20250517,A009,R029,L010,Día,987,690,6.23,4.45,1.78,project_fact_productividad_export.csv,2026-06-23T00:00:00,1359
PD001360,20250321,A013,R016,L002,Día,133,143,10.96,9.92,1.04,project_fact_productividad_export.csv,2026-06-23T00:00:00,1360
PD001361,20250526,A011,R005,L005,Día,128,136,9.51,7.28,2.23,project_fact_productividad_export.csv,2026-06-23T00:00:00,1361
PD001362,20250120,A011,R020,L011,Día,186,197,11.45,8.2,3.25,project_fact_productividad_export.csv,2026-06-23T00:00:00,1362
PD001363,20250424,A008,R028,L004,Día,790,626,7.24,6.57,0.67,project_fact_productividad_export.csv,2026-06-23T00:00:00,1363
PD001364,20250616,A015,R015,L012,Día,65,54,11.73,9.36,2.38,project_fact_productividad_export.csv,2026-06-23T00:00:00,1364
PD001365,20250424,A017,R010,L001,Noche,134,145,11.99,9.58,2.41,project_fact_productividad_export.csv,2026-06-23T00:00:00,1365
PD001366,20250513,A014,R015,L007,Día,45,42,8.2,6.54,1.65,project_fact_productividad_export.csv,2026-06-23T00:00:00,1366
PD001367,20250409,A010,R014,L009,Noche,2202,1700,9.84,6.86,2.98,project_fact_productividad_export.csv,2026-06-23T00:00:00,1367
PD001368,20250119,A003,R019,L011,Tarde,2817,3184,10.71,8.08,2.63,project_fact_productividad_export.csv,2026-06-23T00:00:00,1368
PD001369,20250302,A005,R005,L009,Tarde,2451,2381,7.0,5.33,1.66,project_fact_productividad_export.csv,2026-06-23T00:00:00,1369
PD001370,20250410,A015,R003,L010,Día,134,130,7.22,6.52,0.7,project_fact_productividad_export.csv,2026-06-23T00:00:00,1370
PD001371,20250610,A010,R017,L004,Tarde,1385,1251,11.93,9.17,2.76,project_fact_productividad_export.csv,2026-06-23T00:00:00,1371
PD001372,20250206,A012,R019,L009,Día,139,122,7.87,7.0,0.88,project_fact_productividad_export.csv,2026-06-23T00:00:00,1372
PD001373,20250401,A004,R028,L002,Noche,3378,3523,11.93,9.67,2.26,project_fact_productividad_export.csv,2026-06-23T00:00:00,1373
PD001374,20250115,A008,R008,L010,Día,1571,1146,10.44,9.28,1.15,project_fact_productividad_export.csv,2026-06-23T00:00:00,1374
PD001375,20250415,A009,R029,L001,Día,3919,3487,11.02,6.48,4.54,project_fact_productividad_export.csv,2026-06-23T00:00:00,1375
PD001376,20250307,A013,R004,L007,Noche,242,213,8.77,7.74,1.03,project_fact_productividad_export.csv,2026-06-23T00:00:00,1376
PD001377,20250112,A005,R005,L011,Tarde,1643,1603,10.13,8.56,1.57,project_fact_productividad_export.csv,2026-06-23T00:00:00,1377
PD001378,20250510,A010,R025,L013,Noche,4169,2645,9.02,6.24,2.78,project_fact_productividad_export.csv,2026-06-23T00:00:00,1378
PD001379,20250610,A010,R014,L012,Tarde,1482,1221,9.62,7.71,1.91,project_fact_productividad_export.csv,2026-06-23T00:00:00,1379
PD001380,20250621,A008,R019,L003,Tarde,2908,2643,9.41,7.09,2.32,project_fact_productividad_export.csv,2026-06-23T00:00:00,1380
PD001381,20250530,A014,R013,L010,Noche,36,34,8.82,8.08,0.74,project_fact_productividad_export.csv,2026-06-23T00:00:00,1381
PD001382,20250612,A011,R019,L011,Tarde,239,223,11.62,10.01,1.61,project_fact_productividad_export.csv,2026-06-23T00:00:00,1382
PD001383,20250403,A001,R022,L017,Día,2219,1931,10.17,8.38,1.8,project_fact_productividad_export.csv,2026-06-23T00:00:00,1383
PD001384,20250409,A011,R003,L017,Noche,244,219,10.0,6.94,3.06,project_fact_productividad_export.csv,2026-06-23T00:00:00,1384
PD001385,20250528,A007,R016,L011,Tarde,1270,979,11.94,8.42,3.52,project_fact_productividad_export.csv,2026-06-23T00:00:00,1385
PD001386,20250618,A015,R009,L016,Día,73,77,9.9,9.03,0.87,project_fact_productividad_export.csv,2026-06-23T00:00:00,1386
PD001387,20250126,A008,R004,L003,Día,947,836,6.39,5.52,0.87,project_fact_productividad_export.csv,2026-06-23T00:00:00,1387
PD001388,20250411,A012,R013,L005,Día,108,104,7.74,5.64,2.1,project_fact_productividad_export.csv,2026-06-23T00:00:00,1388
PD001389,20250622,A016,R013,L015,Noche,96,99,6.06,4.3,1.76,project_fact_productividad_export.csv,2026-06-23T00:00:00,1389
PD001390,20250510,A012,R023,L003,Noche,150,155,7.78,5.93,1.85,project_fact_productividad_export.csv,2026-06-23T00:00:00,1390
PD001391,20250118,A013,R019,L005,Tarde,56,54,10.25,8.02,2.23,project_fact_productividad_export.csv,2026-06-23T00:00:00,1391
PD001392,20250227,A004,R013,L009,Día,7662,6706,6.96,5.38,1.58,project_fact_productividad_export.csv,2026-06-23T00:00:00,1392
PD001393,20250328,A008,R003,L003,Día,1629,1565,11.17,7.85,3.32,project_fact_productividad_export.csv,2026-06-23T00:00:00,1393
PD001394,20250420,A013,R025,L010,Noche,202,221,11.2,8.56,2.64,project_fact_productividad_export.csv,2026-06-23T00:00:00,1394
PD001395,20250517,A011,R013,L007,Día,130,104,11.31,8.67,2.64,project_fact_productividad_export.csv,2026-06-23T00:00:00,1395
PD001396,20250103,A010,R027,L013,Tarde,2356,1790,6.87,4.62,2.26,project_fact_productividad_export.csv,2026-06-23T00:00:00,1396
PD001397,20250509,A004,R014,L004,Noche,7388,6227,11.55,10.09,1.46,project_fact_productividad_export.csv,2026-06-23T00:00:00,1397
PD001398,20250622,A013,R019,L012,Noche,209,190,8.44,6.26,2.19,project_fact_productividad_export.csv,2026-06-23T00:00:00,1398
PD001399,20250520,A005,R020,L014,Tarde,636,495,7.85,6.67,1.18,project_fact_productividad_export.csv,2026-06-23T00:00:00,1399
PD001400,20250507,A006,R021,L015,Día,2683,2501,8.03,7.01,1.03,project_fact_productividad_export.csv,2026-06-23T00:00:00,1400
PD001401,20250429,A014,R022,L008,Noche,69,73,7.02,6.17,0.85,project_fact_productividad_export.csv,2026-06-23T00:00:00,1401
PD001402,20250104,A016,R001,L006,Noche,78,83,6.34,4.54,1.79,project_fact_productividad_export.csv,2026-06-23T00:00:00,1402
PD001403,20250204,A017,R026,L003,Noche,42,34,7.43,6.52,0.92,project_fact_productividad_export.csv,2026-06-23T00:00:00,1403
PD001404,20250512,A001,R013,L002,Noche,2218,2313,9.79,7.45,2.34,project_fact_productividad_export.csv,2026-06-23T00:00:00,1404
PD001405,20250314,A011,R028,L007,Noche,233,232,7.95,5.77,2.18,project_fact_productividad_export.csv,2026-06-23T00:00:00,1405
PD001406,20250113,A014,R002,L005,Día,215,192,11.99,9.71,2.28,project_fact_productividad_export.csv,2026-06-23T00:00:00,1406
PD001407,20250506,A008,R015,L011,Tarde,3218,2807,6.59,4.66,1.93,project_fact_productividad_export.csv,2026-06-23T00:00:00,1407
PD001408,20250114,A003,R009,L007,Tarde,2576,2432,10.18,6.95,3.23,project_fact_productividad_export.csv,2026-06-23T00:00:00,1408
PD001409,20250518,A007,R012,L012,Tarde,1141,825,7.4,5.41,1.99,project_fact_productividad_export.csv,2026-06-23T00:00:00,1409
PD001410,20250126,A003,R017,L013,Día,3592,3209,6.59,5.62,0.97,project_fact_productividad_export.csv,2026-06-23T00:00:00,1410
PD001411,20250207,A006,R019,L003,Día,2031,1691,9.01,6.15,2.86,project_fact_productividad_export.csv,2026-06-23T00:00:00,1411
PD001412,20250625,A009,R006,L011,Día,3967,3718,11.08,6.62,4.46,project_fact_productividad_export.csv,2026-06-23T00:00:00,1412
PD001413,20250528,A014,R015,L003,Día,131,109,9.14,8.14,1.0,project_fact_productividad_export.csv,2026-06-23T00:00:00,1413
PD001414,20250522,A003,R013,L011,Tarde,5494,5278,9.85,8.35,1.5,project_fact_productividad_export.csv,2026-06-23T00:00:00,1414
PD001415,20250119,A008,R025,L007,Día,1101,1034,9.0,6.84,2.16,project_fact_productividad_export.csv,2026-06-23T00:00:00,1415
PD001416,20250611,A012,R017,L012,Tarde,241,235,10.2,8.85,1.34,project_fact_productividad_export.csv,2026-06-23T00:00:00,1416
PD001417,20250403,A013,R005,L005,Día,142,125,11.74,9.85,1.88,project_fact_productividad_export.csv,2026-06-23T00:00:00,1417
PD001418,20250411,A013,R024,L015,Día,171,179,8.25,6.5,1.75,project_fact_productividad_export.csv,2026-06-23T00:00:00,1418
PD001419,20250413,A004,R014,L010,Día,2339,2185,9.77,8.52,1.25,project_fact_productividad_export.csv,2026-06-23T00:00:00,1419
PD001420,20250306,A002,R009,L010,Día,72,76,8.04,6.1,1.93,project_fact_productividad_export.csv,2026-06-23T00:00:00,1420
PD001421,20250430,A009,R029,L016,Tarde,3306,2291,10.62,9.44,1.18,project_fact_productividad_export.csv,2026-06-23T00:00:00,1421
PD001422,20250427,A008,R011,L013,Noche,3246,2991,9.99,8.1,1.89,project_fact_productividad_export.csv,2026-06-23T00:00:00,1422
PD001423,20250328,A010,R025,L007,Tarde,3234,2305,10.95,8.2,2.76,project_fact_productividad_export.csv,2026-06-23T00:00:00,1423
PD001424,20250417,A009,R009,L012,Noche,3990,2745,8.1,7.14,0.96,project_fact_productividad_export.csv,2026-06-23T00:00:00,1424
PD001425,20250318,A013,R029,L015,Día,98,106,8.21,6.04,2.17,project_fact_productividad_export.csv,2026-06-23T00:00:00,1425
PD001426,20250206,A012,R025,L011,Día,32,31,9.14,7.15,2.0,project_fact_productividad_export.csv,2026-06-23T00:00:00,1426
PD001427,20250430,A006,R022,L003,Día,3327,3177,10.3,7.26,3.05,project_fact_productividad_export.csv,2026-06-23T00:00:00,1427
PD001428,20250418,A012,R014,L006,Día,33,33,7.27,5.24,2.03,project_fact_productividad_export.csv,2026-06-23T00:00:00,1428
PD001429,20250531,A007,R003,L015,Día,2047,1290,9.8,5.82,3.98,project_fact_productividad_export.csv,2026-06-23T00:00:00,1429
PD001430,20250120,A012,R011,L014,Noche,30,26,6.56,5.65,0.91,project_fact_productividad_export.csv,2026-06-23T00:00:00,1430
PD001431,20250518,A011,R009,L017,Noche,134,142,10.48,8.47,2.01,project_fact_productividad_export.csv,2026-06-23T00:00:00,1431
PD001432,20250624,A010,R002,L002,Tarde,2183,1833,7.94,5.23,2.72,project_fact_productividad_export.csv,2026-06-23T00:00:00,1432
PD001433,20250212,A003,R025,L001,Día,3596,3750,8.53,6.51,2.02,project_fact_productividad_export.csv,2026-06-23T00:00:00,1433
PD001434,20250216,A007,R023,L008,Día,3565,3088,6.08,4.88,1.2,project_fact_productividad_export.csv,2026-06-23T00:00:00,1434
PD001435,20250121,A002,R024,L006,Día,182,148,6.44,4.58,1.86,project_fact_productividad_export.csv,2026-06-23T00:00:00,1435
PD001436,20250419,A006,R011,L016,Día,852,688,8.66,7.67,0.99,project_fact_productividad_export.csv,2026-06-23T00:00:00,1436
PD001437,20250107,A001,R005,L006,Noche,3276,3540,11.55,9.77,1.78,project_fact_productividad_export.csv,2026-06-23T00:00:00,1437
PD001438,20250125,A015,R017,L001,Día,245,258,10.87,7.63,3.24,project_fact_productividad_export.csv,2026-06-23T00:00:00,1438
PD001439,20250227,A005,R014,L014,Noche,2286,2167,9.56,6.66,2.9,project_fact_productividad_export.csv,2026-06-23T00:00:00,1439
PD001440,20250604,A009,R020,L007,Noche,2060,1200,8.57,5.37,3.2,project_fact_productividad_export.csv,2026-06-23T00:00:00,1440
PD001441,20250323,A009,R019,L016,Noche,3430,2332,11.36,6.51,4.85,project_fact_productividad_export.csv,2026-06-23T00:00:00,1441
PD001442,20250530,A017,R021,L005,Noche,192,172,11.32,10.25,1.08,project_fact_productividad_export.csv,2026-06-23T00:00:00,1442
PD001443,20250503,A014,R022,L008,Día,91,75,10.18,8.68,1.49,project_fact_productividad_export.csv,2026-06-23T00:00:00,1443
PD001444,20250205,A012,R002,L004,Noche,68,69,9.68,8.73,0.95,project_fact_productividad_export.csv,2026-06-23T00:00:00,1444
PD001445,20250630,A010,R010,L001,Noche,1910,1487,11.63,6.84,4.8,project_fact_productividad_export.csv,2026-06-23T00:00:00,1445
PD001446,20250301,A005,R022,L015,Tarde,2804,2651,10.1,8.82,1.28,project_fact_productividad_export.csv,2026-06-23T00:00:00,1446
PD001447,20250512,A011,R001,L002,Tarde,170,163,8.12,6.2,1.92,project_fact_productividad_export.csv,2026-06-23T00:00:00,1447
PD001448,20250205,A014,R007,L003,Tarde,117,112,11.38,7.74,3.64,project_fact_productividad_export.csv,2026-06-23T00:00:00,1448
PD001449,20250628,A005,R019,L005,Tarde,2180,2527,11.88,9.49,2.4,project_fact_productividad_export.csv,2026-06-23T00:00:00,1449
PD001450,20250503,A010,R029,L014,Día,3437,2566,7.26,5.49,1.77,project_fact_productividad_export.csv,2026-06-23T00:00:00,1450
PD001451,20250130,A008,R013,L003,Día,2734,2683,9.42,6.46,2.97,project_fact_productividad_export.csv,2026-06-23T00:00:00,1451
PD001452,20250421,A005,R017,L010,Tarde,3426,3375,11.16,8.42,2.75,project_fact_productividad_export.csv,2026-06-23T00:00:00,1452
PD001453,20250222,A015,R027,L004,Tarde,21,17,9.82,8.76,1.07,project_fact_productividad_export.csv,2026-06-23T00:00:00,1453
PD001454,20250528,A017,R026,L014,Día,35,37,8.49,7.07,1.41,project_fact_productividad_export.csv,2026-06-23T00:00:00,1454
PD001455,20250327,A007,R004,L003,Noche,2691,1830,6.27,3.81,2.46,project_fact_productividad_export.csv,2026-06-23T00:00:00,1455
PD001456,20250325,A016,R029,L011,Noche,50,48,10.79,9.75,1.04,project_fact_productividad_export.csv,2026-06-23T00:00:00,1456
PD001457,20250225,A010,R005,L002,Noche,1500,902,6.03,4.45,1.58,project_fact_productividad_export.csv,2026-06-23T00:00:00,1457
PD001458,20250625,A003,R016,L007,Noche,7477,7288,6.13,5.0,1.13,project_fact_productividad_export.csv,2026-06-23T00:00:00,1458
PD001459,20250122,A001,R011,L002,Tarde,6079,6592,10.9,9.05,1.85,project_fact_productividad_export.csv,2026-06-23T00:00:00,1459
PD001460,20250416,A010,R028,L007,Día,1617,1426,8.51,5.74,2.77,project_fact_productividad_export.csv,2026-06-23T00:00:00,1460
PD001461,20250411,A015,R005,L007,Día,239,222,7.91,6.78,1.13,project_fact_productividad_export.csv,2026-06-23T00:00:00,1461
PD001462,20250218,A014,R007,L003,Tarde,137,137,9.65,8.01,1.63,project_fact_productividad_export.csv,2026-06-23T00:00:00,1462
PD001463,20250212,A004,R002,L014,Día,2227,1812,9.57,7.21,2.36,project_fact_productividad_export.csv,2026-06-23T00:00:00,1463
PD001464,20250105,A014,R020,L013,Día,49,49,8.2,6.56,1.64,project_fact_productividad_export.csv,2026-06-23T00:00:00,1464
PD001465,20250507,A007,R006,L016,Noche,2270,1418,10.89,6.19,4.7,project_fact_productividad_export.csv,2026-06-23T00:00:00,1465
PD001466,20250516,A003,R024,L003,Noche,5896,5637,6.78,4.67,2.11,project_fact_productividad_export.csv,2026-06-23T00:00:00,1466
PD001467,20250224,A010,R025,L016,Noche,1314,905,9.01,5.69,3.31,project_fact_productividad_export.csv,2026-06-23T00:00:00,1467
PD001468,20250512,A006,R011,L004,Noche,2450,2213,8.19,6.43,1.75,project_fact_productividad_export.csv,2026-06-23T00:00:00,1468
PD001469,20250407,A002,R010,L017,Tarde,163,167,7.24,5.82,1.42,project_fact_productividad_export.csv,2026-06-23T00:00:00,1469
PD001470,20250411,A014,R012,L017,Día,92,83,9.32,8.2,1.12,project_fact_productividad_export.csv,2026-06-23T00:00:00,1470
PD001471,20250123,A009,R011,L002,Tarde,2181,1708,11.22,8.3,2.92,project_fact_productividad_export.csv,2026-06-23T00:00:00,1471
PD001472,20250212,A003,R001,L009,Noche,8116,6558,10.45,9.43,1.02,project_fact_productividad_export.csv,2026-06-23T00:00:00,1472
PD001473,20250207,A009,R009,L003,Noche,3213,1981,11.45,9.7,1.75,project_fact_productividad_export.csv,2026-06-23T00:00:00,1473
PD001474,20250413,A005,R010,L007,Tarde,1943,1591,6.77,5.45,1.31,project_fact_productividad_export.csv,2026-06-23T00:00:00,1474
PD001475,20250307,A011,R029,L010,Tarde,113,99,7.25,6.13,1.12,project_fact_productividad_export.csv,2026-06-23T00:00:00,1475
PD001476,20250224,A007,R008,L004,Tarde,1607,989,9.58,6.56,3.02,project_fact_productividad_export.csv,2026-06-23T00:00:00,1476
PD001477,20250415,A017,R012,L007,Día,50,51,9.03,8.0,1.03,project_fact_productividad_export.csv,2026-06-23T00:00:00,1477
PD001478,20250625,A005,R010,L001,Día,3856,4292,6.51,5.53,0.98,project_fact_productividad_export.csv,2026-06-23T00:00:00,1478
PD001479,20250328,A014,R023,L013,Tarde,78,90,11.7,9.65,2.05,project_fact_productividad_export.csv,2026-06-23T00:00:00,1479
PD001480,20250630,A001,R018,L002,Tarde,2992,2620,9.17,7.55,1.62,project_fact_productividad_export.csv,2026-06-23T00:00:00,1480
PD001481,20250419,A015,R028,L005,Tarde,235,205,7.24,6.18,1.06,project_fact_productividad_export.csv,2026-06-23T00:00:00,1481
PD001482,20250604,A007,R005,L003,Tarde,4054,3766,6.06,4.15,1.91,project_fact_productividad_export.csv,2026-06-23T00:00:00,1482
PD001483,20250424,A013,R007,L009,Noche,159,151,10.65,9.67,0.98,project_fact_productividad_export.csv,2026-06-23T00:00:00,1483
PD001484,20250205,A003,R027,L004,Tarde,4837,4790,8.93,7.65,1.28,project_fact_productividad_export.csv,2026-06-23T00:00:00,1484
PD001485,20250629,A005,R030,L003,Tarde,3771,4003,9.3,7.61,1.69,project_fact_productividad_export.csv,2026-06-23T00:00:00,1485
PD001486,20250120,A004,R010,L002,Noche,6627,5711,7.29,5.25,2.04,project_fact_productividad_export.csv,2026-06-23T00:00:00,1486
PD001487,20250512,A010,R011,L001,Día,2637,1856,7.26,5.21,2.05,project_fact_productividad_export.csv,2026-06-23T00:00:00,1487
PD001488,20250121,A009,R010,L016,Día,900,548,8.93,7.51,1.42,project_fact_productividad_export.csv,2026-06-23T00:00:00,1488
PD001489,20250327,A017,R021,L006,Tarde,115,129,7.69,6.95,0.74,project_fact_productividad_export.csv,2026-06-23T00:00:00,1489
PD001490,20250527,A009,R003,L010,Día,3860,3937,6.18,5.03,1.15,project_fact_productividad_export.csv,2026-06-23T00:00:00,1490
PD001491,20250221,A006,R015,L012,Día,3874,4244,10.41,8.99,1.42,project_fact_productividad_export.csv,2026-06-23T00:00:00,1491
PD001492,20250330,A012,R014,L007,Noche,55,55,7.54,5.61,1.93,project_fact_productividad_export.csv,2026-06-23T00:00:00,1492
PD001493,20250213,A009,R015,L009,Noche,3984,2576,10.86,9.38,1.48,project_fact_productividad_export.csv,2026-06-23T00:00:00,1493
PD001494,20250519,A015,R013,L008,Día,128,129,10.58,7.65,2.93,project_fact_productividad_export.csv,2026-06-23T00:00:00,1494
PD001495,20250302,A007,R010,L007,Noche,3020,1770,7.04,4.46,2.58,project_fact_productividad_export.csv,2026-06-23T00:00:00,1495
PD001496,20250112,A003,R017,L001,Noche,7318,7401,7.42,5.36,2.06,project_fact_productividad_export.csv,2026-06-23T00:00:00,1496
PD001497,20250118,A010,R012,L017,Día,3612,3255,8.74,7.32,1.41,project_fact_productividad_export.csv,2026-06-23T00:00:00,1497
PD001498,20250115,A004,R009,L009,Noche,2354,2527,10.88,7.98,2.91,project_fact_productividad_export.csv,2026-06-23T00:00:00,1498
PD001499,20250315,A001,R021,L012,Noche,6527,6561,7.77,6.69,1.08,project_fact_productividad_export.csv,2026-06-23T00:00:00,1499
PD001500,20250226,A002,R007,L011,Tarde,195,142,9.37,7.51,1.86,project_fact_productividad_export.csv,2026-06-23T00:00:00,1500
PD001501,20250508,A005,R015,L006,Noche,1700,1922,7.33,6.4,0.94,project_fact_productividad_export.csv,2026-06-23T00:00:00,1501
PD001502,20250525,A012,R008,L001,Noche,213,192,8.45,6.62,1.83,project_fact_productividad_export.csv,2026-06-23T00:00:00,1502
PD001503,20250511,A008,R012,L013,Día,1206,1286,7.38,6.59,0.79,project_fact_productividad_export.csv,2026-06-23T00:00:00,1503
PD001504,20250628,A009,R019,L007,Día,871,841,6.35,4.01,2.34,project_fact_productividad_export.csv,2026-06-23T00:00:00,1504
PD001505,20250419,A015,R007,L006,Noche,187,183,9.73,7.55,2.18,project_fact_productividad_export.csv,2026-06-23T00:00:00,1505
PD001506,20250524,A008,R012,L010,Tarde,3443,3305,9.59,7.12,2.47,project_fact_productividad_export.csv,2026-06-23T00:00:00,1506
PD001507,20250213,A004,R001,L013,Noche,4946,5691,9.49,6.96,2.53,project_fact_productividad_export.csv,2026-06-23T00:00:00,1507
PD001508,20250205,A006,R013,L016,Noche,2548,2409,9.8,8.99,0.81,project_fact_productividad_export.csv,2026-06-23T00:00:00,1508
PD001509,20250526,A011,R014,L010,Día,228,214,9.93,7.11,2.82,project_fact_productividad_export.csv,2026-06-23T00:00:00,1509
PD001510,20250216,A007,R020,L008,Tarde,1320,1108,6.17,4.62,1.55,project_fact_productividad_export.csv,2026-06-23T00:00:00,1510
PD001511,20250110,A016,R013,L005,Tarde,27,20,6.37,5.09,1.27,project_fact_productividad_export.csv,2026-06-23T00:00:00,1511
PD001512,20250522,A015,R027,L002,Noche,250,230,8.72,6.95,1.77,project_fact_productividad_export.csv,2026-06-23T00:00:00,1512
PD001513,20250503,A015,R012,L008,Día,172,141,7.03,5.47,1.56,project_fact_productividad_export.csv,2026-06-23T00:00:00,1513
PD001514,20250224,A006,R005,L016,Día,3423,3093,9.85,8.57,1.28,project_fact_productividad_export.csv,2026-06-23T00:00:00,1514
PD001515,20250619,A001,R015,L010,Tarde,2957,2564,11.44,8.14,3.31,project_fact_productividad_export.csv,2026-06-23T00:00:00,1515
PD001516,20250108,A008,R017,L001,Día,3648,3161,10.8,7.82,2.98,project_fact_productividad_export.csv,2026-06-23T00:00:00,1516
PD001517,20250409,A008,R024,L009,Día,3013,3092,8.45,6.42,2.02,project_fact_productividad_export.csv,2026-06-23T00:00:00,1517
PD001518,20250321,A011,R030,L005,Tarde,167,152,10.61,9.64,0.98,project_fact_productividad_export.csv,2026-06-23T00:00:00,1518
PD001519,20250322,A015,R002,L012,Día,214,162,7.24,5.54,1.7,project_fact_productividad_export.csv,2026-06-23T00:00:00,1519
PD001520,20250613,A014,R029,L016,Día,180,167,11.98,9.73,2.25,project_fact_productividad_export.csv,2026-06-23T00:00:00,1520
PD001521,20250125,A011,R003,L016,Tarde,185,191,9.15,8.21,0.94,project_fact_productividad_export.csv,2026-06-23T00:00:00,1521
PD001522,20250419,A017,R027,L002,Noche,97,84,8.01,6.14,1.87,project_fact_productividad_export.csv,2026-06-23T00:00:00,1522
PD001523,20250516,A014,R010,L006,Noche,120,119,7.57,6.31,1.25,project_fact_productividad_export.csv,2026-06-23T00:00:00,1523
PD001524,20250625,A007,R019,L010,Tarde,4107,3242,6.69,5.69,1.0,project_fact_productividad_export.csv,2026-06-23T00:00:00,1524
PD001525,20250302,A011,R016,L013,Noche,235,267,7.19,5.55,1.64,project_fact_productividad_export.csv,2026-06-23T00:00:00,1525
PD001526,20250607,A003,R024,L014,Tarde,2441,2600,11.21,9.1,2.11,project_fact_productividad_export.csv,2026-06-23T00:00:00,1526
PD001527,20250215,A007,R028,L010,Noche,2292,1620,10.14,7.46,2.68,project_fact_productividad_export.csv,2026-06-23T00:00:00,1527
PD001528,20250329,A002,R013,L010,Día,97,95,9.59,6.72,2.87,project_fact_productividad_export.csv,2026-06-23T00:00:00,1528
PD001529,20250120,A008,R018,L016,Tarde,2611,2457,8.68,7.12,1.56,project_fact_productividad_export.csv,2026-06-23T00:00:00,1529
PD001530,20250210,A009,R007,L017,Día,4136,3402,9.3,6.75,2.55,project_fact_productividad_export.csv,2026-06-23T00:00:00,1530
PD001531,20250517,A014,R004,L005,Día,206,189,11.33,10.38,0.95,project_fact_productividad_export.csv,2026-06-23T00:00:00,1531
PD001532,20250414,A007,R014,L015,Día,2222,1617,7.14,4.59,2.55,project_fact_productividad_export.csv,2026-06-23T00:00:00,1532
PD001533,20250111,A004,R016,L015,Día,4295,4111,8.51,6.22,2.29,project_fact_productividad_export.csv,2026-06-23T00:00:00,1533
PD001534,20250213,A017,R021,L002,Noche,64,57,8.88,6.53,2.35,project_fact_productividad_export.csv,2026-06-23T00:00:00,1534
PD001535,20250108,A002,R012,L011,Noche,198,197,8.34,6.62,1.72,project_fact_productividad_export.csv,2026-06-23T00:00:00,1535
PD001536,20250522,A011,R024,L009,Tarde,234,167,7.0,4.81,2.19,project_fact_productividad_export.csv,2026-06-23T00:00:00,1536
PD001537,20250626,A011,R017,L015,Día,45,41,7.85,6.85,1.0,project_fact_productividad_export.csv,2026-06-23T00:00:00,1537
PD001538,20250617,A017,R003,L007,Día,168,177,8.2,6.45,1.75,project_fact_productividad_export.csv,2026-06-23T00:00:00,1538
PD001539,20250113,A003,R013,L006,Día,4245,3922,10.72,7.78,2.94,project_fact_productividad_export.csv,2026-06-23T00:00:00,1539
PD001540,20250206,A004,R026,L001,Día,2596,2408,9.3,7.79,1.51,project_fact_productividad_export.csv,2026-06-23T00:00:00,1540
PD001541,20250210,A013,R016,L007,Día,50,48,7.23,6.46,0.77,project_fact_productividad_export.csv,2026-06-23T00:00:00,1541
PD001542,20250110,A007,R004,L014,Tarde,4129,3066,7.64,5.65,1.99,project_fact_productividad_export.csv,2026-06-23T00:00:00,1542
PD001543,20250301,A005,R006,L009,Día,1456,1547,8.8,7.31,1.5,project_fact_productividad_export.csv,2026-06-23T00:00:00,1543
PD001544,20250307,A008,R012,L013,Día,3689,3572,9.2,6.46,2.74,project_fact_productividad_export.csv,2026-06-23T00:00:00,1544
PD001545,20250121,A014,R018,L015,Día,244,243,8.73,6.23,2.49,project_fact_productividad_export.csv,2026-06-23T00:00:00,1545
PD001546,20250507,A011,R027,L012,Día,182,183,6.51,5.49,1.02,project_fact_productividad_export.csv,2026-06-23T00:00:00,1546
PD001547,20250223,A001,R002,L012,Noche,5002,4593,11.29,10.25,1.03,project_fact_productividad_export.csv,2026-06-23T00:00:00,1547
PD001548,20250201,A013,R008,L010,Día,30,33,11.48,8.69,2.79,project_fact_productividad_export.csv,2026-06-23T00:00:00,1548
PD001549,20250331,A005,R030,L015,Tarde,2713,2554,8.53,7.18,1.35,project_fact_productividad_export.csv,2026-06-23T00:00:00,1549
PD001550,20250621,A010,R003,L009,Noche,652,406,7.93,4.89,3.04,project_fact_productividad_export.csv,2026-06-23T00:00:00,1550
PD001551,20250519,A004,R010,L005,Día,2662,2999,6.62,6.01,0.61,project_fact_productividad_export.csv,2026-06-23T00:00:00,1551
PD001552,20250316,A010,R005,L010,Tarde,1230,979,6.94,4.78,2.16,project_fact_productividad_export.csv,2026-06-23T00:00:00,1552
PD001553,20250127,A017,R020,L006,Tarde,242,246,7.06,5.3,1.76,project_fact_productividad_export.csv,2026-06-23T00:00:00,1553
PD001554,20250116,A016,R023,L016,Noche,255,187,6.36,4.95,1.41,project_fact_productividad_export.csv,2026-06-23T00:00:00,1554
PD001555,20250318,A016,R017,L015,Día,117,106,6.85,4.89,1.96,project_fact_productividad_export.csv,2026-06-23T00:00:00,1555
PD001556,20250124,A015,R004,L003,Tarde,37,39,9.31,7.16,2.15,project_fact_productividad_export.csv,2026-06-23T00:00:00,1556
PD001557,20250530,A016,R005,L005,Tarde,40,43,7.89,5.58,2.31,project_fact_productividad_export.csv,2026-06-23T00:00:00,1557
PD001558,20250603,A007,R013,L010,Día,3860,3394,8.52,6.92,1.59,project_fact_productividad_export.csv,2026-06-23T00:00:00,1558
PD001559,20250507,A001,R013,L008,Noche,7840,8474,6.34,4.63,1.71,project_fact_productividad_export.csv,2026-06-23T00:00:00,1559
PD001560,20250412,A009,R011,L004,Noche,4066,2695,6.77,5.9,0.87,project_fact_productividad_export.csv,2026-06-23T00:00:00,1560
PD001561,20250501,A011,R019,L001,Tarde,205,214,9.57,7.26,2.31,project_fact_productividad_export.csv,2026-06-23T00:00:00,1561
PD001562,20250221,A006,R006,L006,Tarde,1660,1679,6.21,4.66,1.56,project_fact_productividad_export.csv,2026-06-23T00:00:00,1562
PD001563,20250324,A008,R013,L017,Noche,3759,3494,6.79,5.35,1.43,project_fact_productividad_export.csv,2026-06-23T00:00:00,1563
PD001564,20250613,A006,R010,L002,Día,3874,3854,11.93,9.76,2.17,project_fact_productividad_export.csv,2026-06-23T00:00:00,1564
PD001565,20250118,A006,R021,L008,Día,2000,1964,6.31,4.65,1.65,project_fact_productividad_export.csv,2026-06-23T00:00:00,1565
PD001566,20250429,A004,R017,L005,Noche,6820,5642,11.94,9.46,2.48,project_fact_productividad_export.csv,2026-06-23T00:00:00,1566
PD001567,20250322,A010,R020,L008,Día,2061,1737,7.51,6.16,1.36,project_fact_productividad_export.csv,2026-06-23T00:00:00,1567
PD001568,20250221,A014,R004,L007,Día,118,101,6.85,5.53,1.32,project_fact_productividad_export.csv,2026-06-23T00:00:00,1568
PD001569,20250119,A015,R008,L002,Día,147,162,11.26,9.81,1.45,project_fact_productividad_export.csv,2026-06-23T00:00:00,1569
PD001570,20250218,A010,R012,L015,Noche,627,421,10.47,8.9,1.57,project_fact_productividad_export.csv,2026-06-23T00:00:00,1570
PD001571,20250124,A003,R009,L017,Noche,4274,3748,11.22,9.11,2.11,project_fact_productividad_export.csv,2026-06-23T00:00:00,1571
PD001572,20250325,A012,R027,L010,Día,135,120,8.94,6.33,2.61,project_fact_productividad_export.csv,2026-06-23T00:00:00,1572
PD001573,20250408,A002,R007,L014,Tarde,123,132,9.69,8.21,1.47,project_fact_productividad_export.csv,2026-06-23T00:00:00,1573
PD001574,20250520,A012,R021,L011,Tarde,141,122,11.28,8.84,2.44,project_fact_productividad_export.csv,2026-06-23T00:00:00,1574
PD001575,20250502,A013,R019,L008,Día,241,230,8.69,6.84,1.86,project_fact_productividad_export.csv,2026-06-23T00:00:00,1575
PD001576,20250409,A005,R027,L004,Noche,3471,2944,11.95,8.92,3.03,project_fact_productividad_export.csv,2026-06-23T00:00:00,1576
PD001577,20250605,A012,R009,L014,Tarde,224,228,8.34,5.97,2.37,project_fact_productividad_export.csv,2026-06-23T00:00:00,1577
PD001578,20250313,A016,R024,L006,Día,148,160,8.07,5.94,2.13,project_fact_productividad_export.csv,2026-06-23T00:00:00,1578
PD001579,20250423,A003,R020,L007,Tarde,2531,2829,10.04,8.9,1.14,project_fact_productividad_export.csv,2026-06-23T00:00:00,1579
PD001580,20250418,A006,R027,L009,Día,2497,2633,7.06,4.95,2.12,project_fact_productividad_export.csv,2026-06-23T00:00:00,1580
PD001581,20250325,A013,R020,L004,Tarde,206,199,11.89,9.5,2.39,project_fact_productividad_export.csv,2026-06-23T00:00:00,1581
PD001582,20250124,A007,R022,L008,Noche,1338,994,7.35,5.54,1.81,project_fact_productividad_export.csv,2026-06-23T00:00:00,1582
PD001583,20250302,A001,R007,L010,Día,4327,4025,6.05,5.23,0.82,project_fact_productividad_export.csv,2026-06-23T00:00:00,1583
PD001584,20250327,A015,R008,L007,Tarde,46,50,9.36,6.45,2.91,project_fact_productividad_export.csv,2026-06-23T00:00:00,1584
PD001585,20250321,A010,R001,L003,Noche,3300,2396,7.8,6.23,1.57,project_fact_productividad_export.csv,2026-06-23T00:00:00,1585
PD001586,20250313,A008,R020,L009,Tarde,707,601,11.5,8.89,2.62,project_fact_productividad_export.csv,2026-06-23T00:00:00,1586
PD001587,20250131,A010,R002,L005,Día,3973,3147,10.87,6.54,4.33,project_fact_productividad_export.csv,2026-06-23T00:00:00,1587
PD001588,20250124,A001,R002,L008,Noche,6098,6293,7.16,6.39,0.77,project_fact_productividad_export.csv,2026-06-23T00:00:00,1588
PD001589,20250101,A007,R017,L016,Día,3689,2498,8.59,7.37,1.22,project_fact_productividad_export.csv,2026-06-23T00:00:00,1589
PD001590,20250416,A010,R030,L016,Día,1734,1310,10.17,6.93,3.25,project_fact_productividad_export.csv,2026-06-23T00:00:00,1590
PD001591,20250303,A011,R024,L008,Día,89,84,8.71,7.77,0.94,project_fact_productividad_export.csv,2026-06-23T00:00:00,1591
PD001592,20250508,A012,R010,L003,Día,174,146,9.25,8.11,1.15,project_fact_productividad_export.csv,2026-06-23T00:00:00,1592
PD001593,20250627,A015,R008,L005,Noche,52,47,8.85,7.68,1.18,project_fact_productividad_export.csv,2026-06-23T00:00:00,1593
PD001594,20250430,A017,R001,L010,Tarde,92,91,7.1,6.43,0.67,project_fact_productividad_export.csv,2026-06-23T00:00:00,1594
PD001595,20250409,A002,R022,L003,Tarde,208,250,10.34,7.74,2.6,project_fact_productividad_export.csv,2026-06-23T00:00:00,1595
PD001596,20250113,A003,R016,L015,Tarde,2353,1856,8.97,7.62,1.35,project_fact_productividad_export.csv,2026-06-23T00:00:00,1596
PD001597,20250510,A010,R003,L002,Día,982,733,6.62,4.16,2.47,project_fact_productividad_export.csv,2026-06-23T00:00:00,1597
PD001598,20250626,A006,R014,L014,Noche,3730,4094,7.41,6.23,1.18,project_fact_productividad_export.csv,2026-06-23T00:00:00,1598
PD001599,20250522,A005,R005,L006,Noche,2027,1984,9.01,6.23,2.78,project_fact_productividad_export.csv,2026-06-23T00:00:00,1599
PD001600,20250503,A014,R030,L003,Noche,57,60,8.63,6.12,2.5,project_fact_productividad_export.csv,2026-06-23T00:00:00,1600
PD001601,20250523,A014,R005,L004,Día,61,60,6.46,5.57,0.89,project_fact_productividad_export.csv,2026-06-23T00:00:00,1601
PD001602,20250415,A009,R022,L015,Noche,3447,2632,6.07,4.67,1.4,project_fact_productividad_export.csv,2026-06-23T00:00:00,1602
PD001603,20250415,A007,R024,L014,Noche,3818,2463,6.68,5.85,0.82,project_fact_productividad_export.csv,2026-06-23T00:00:00,1603
PD001604,20250110,A008,R030,L012,Tarde,1026,978,11.58,9.36,2.22,project_fact_productividad_export.csv,2026-06-23T00:00:00,1604
PD001605,20250530,A008,R029,L006,Día,3323,2897,6.98,5.35,1.63,project_fact_productividad_export.csv,2026-06-23T00:00:00,1605
PD001606,20250209,A012,R011,L015,Tarde,46,47,6.36,5.09,1.27,project_fact_productividad_export.csv,2026-06-23T00:00:00,1606
PD001607,20250412,A005,R027,L013,Día,2091,2131,10.87,7.76,3.11,project_fact_productividad_export.csv,2026-06-23T00:00:00,1607
PD001608,20250417,A011,R005,L011,Tarde,82,82,11.21,7.68,3.53,project_fact_productividad_export.csv,2026-06-23T00:00:00,1608
PD001609,20250207,A001,R027,L005,Noche,3132,2955,8.2,5.99,2.22,project_fact_productividad_export.csv,2026-06-23T00:00:00,1609
PD001610,20250112,A005,R012,L015,Noche,908,864,11.71,10.76,0.95,project_fact_productividad_export.csv,2026-06-23T00:00:00,1610
PD001611,20250604,A012,R011,L002,Día,228,192,8.47,7.68,0.79,project_fact_productividad_export.csv,2026-06-23T00:00:00,1611
PD001612,20250623,A017,R009,L014,Tarde,71,47,10.01,7.43,2.59,project_fact_productividad_export.csv,2026-06-23T00:00:00,1612
PD001613,20250425,A004,R023,L016,Tarde,5218,4537,7.34,5.94,1.4,project_fact_productividad_export.csv,2026-06-23T00:00:00,1613
PD001614,20250503,A013,R007,L007,Noche,186,187,7.52,6.12,1.4,project_fact_productividad_export.csv,2026-06-23T00:00:00,1614
PD001615,20250319,A011,R002,L004,Tarde,27,29,10.95,9.47,1.48,project_fact_productividad_export.csv,2026-06-23T00:00:00,1615
PD001616,20250506,A011,R022,L010,Día,208,198,9.89,8.18,1.71,project_fact_productividad_export.csv,2026-06-23T00:00:00,1616
PD001617,20250317,A009,R009,L003,Noche,1429,1004,6.66,4.63,2.04,project_fact_productividad_export.csv,2026-06-23T00:00:00,1617
PD001618,20250219,A017,R025,L008,Día,253,267,8.92,6.68,2.25,project_fact_productividad_export.csv,2026-06-23T00:00:00,1618
PD001619,20250411,A005,R019,L002,Noche,4006,4367,7.51,6.11,1.4,project_fact_productividad_export.csv,2026-06-23T00:00:00,1619
PD001620,20250519,A003,R006,L001,Día,3177,3201,9.99,7.83,2.16,project_fact_productividad_export.csv,2026-06-23T00:00:00,1620
PD001621,20250122,A007,R026,L017,Noche,3200,1627,8.09,6.1,1.99,project_fact_productividad_export.csv,2026-06-23T00:00:00,1621
PD001622,20250314,A005,R030,L007,Día,1726,1546,10.77,9.39,1.38,project_fact_productividad_export.csv,2026-06-23T00:00:00,1622
PD001623,20250627,A010,R006,L006,Noche,4062,2899,7.7,4.55,3.16,project_fact_productividad_export.csv,2026-06-23T00:00:00,1623
PD001624,20250408,A011,R014,L016,Noche,108,123,9.54,7.83,1.71,project_fact_productividad_export.csv,2026-06-23T00:00:00,1624
PD001625,20250105,A004,R023,L011,Noche,4646,4472,11.31,9.53,1.78,project_fact_productividad_export.csv,2026-06-23T00:00:00,1625
PD001626,20250211,A009,R010,L015,Tarde,1257,1029,9.65,5.77,3.87,project_fact_productividad_export.csv,2026-06-23T00:00:00,1626
PD001627,20250316,A002,R018,L011,Tarde,133,132,9.85,7.27,2.58,project_fact_productividad_export.csv,2026-06-23T00:00:00,1627
PD001628,20250503,A015,R030,L012,Tarde,21,18,9.58,7.49,2.09,project_fact_productividad_export.csv,2026-06-23T00:00:00,1628
PD001629,20250309,A001,R009,L010,Tarde,5581,6029,11.63,9.16,2.47,project_fact_productividad_export.csv,2026-06-23T00:00:00,1629
PD001630,20250422,A015,R014,L006,Noche,144,177,10.97,9.21,1.76,project_fact_productividad_export.csv,2026-06-23T00:00:00,1630
PD001631,20250425,A017,R028,L015,Tarde,124,131,9.06,6.74,2.32,project_fact_productividad_export.csv,2026-06-23T00:00:00,1631
PD001632,20250216,A004,R016,L006,Noche,3017,3034,10.25,8.67,1.58,project_fact_productividad_export.csv,2026-06-23T00:00:00,1632
PD001633,20250412,A005,R016,L005,Noche,4194,3519,10.8,9.35,1.44,project_fact_productividad_export.csv,2026-06-23T00:00:00,1633
PD001634,20250315,A002,R004,L015,Día,184,197,7.46,5.54,1.92,project_fact_productividad_export.csv,2026-06-23T00:00:00,1634
PD001635,20250610,A007,R011,L016,Tarde,4183,3064,9.87,7.42,2.45,project_fact_productividad_export.csv,2026-06-23T00:00:00,1635
PD001636,20250411,A015,R030,L015,Tarde,114,113,11.97,9.72,2.25,project_fact_productividad_export.csv,2026-06-23T00:00:00,1636
PD001637,20250330,A015,R014,L005,Día,165,158,10.99,9.27,1.72,project_fact_productividad_export.csv,2026-06-23T00:00:00,1637
PD001638,20250319,A006,R029,L017,Tarde,807,838,7.05,5.41,1.63,project_fact_productividad_export.csv,2026-06-23T00:00:00,1638
PD001639,20250630,A009,R011,L010,Día,2378,1760,10.0,6.29,3.7,project_fact_productividad_export.csv,2026-06-23T00:00:00,1639
PD001640,20250215,A009,R026,L012,Noche,2246,1412,9.82,8.15,1.68,project_fact_productividad_export.csv,2026-06-23T00:00:00,1640
PD001641,20250326,A008,R024,L002,Noche,1877,1841,8.78,7.29,1.5,project_fact_productividad_export.csv,2026-06-23T00:00:00,1641
PD001642,20250102,A004,R006,L014,Día,6900,5589,7.25,6.09,1.16,project_fact_productividad_export.csv,2026-06-23T00:00:00,1642
PD001643,20250116,A011,R014,L005,Noche,227,206,6.92,6.03,0.89,project_fact_productividad_export.csv,2026-06-23T00:00:00,1643
PD001644,20250630,A007,R011,L013,Día,1420,1256,10.32,8.94,1.38,project_fact_productividad_export.csv,2026-06-23T00:00:00,1644
PD001645,20250419,A008,R020,L009,Noche,2184,2439,7.11,6.04,1.07,project_fact_productividad_export.csv,2026-06-23T00:00:00,1645
PD001646,20250614,A003,R013,L001,Día,5262,4208,8.07,6.52,1.55,project_fact_productividad_export.csv,2026-06-23T00:00:00,1646
PD001647,20250206,A007,R027,L015,Noche,2462,1747,7.84,6.42,1.42,project_fact_productividad_export.csv,2026-06-23T00:00:00,1647
PD001648,20250426,A012,R015,L006,Noche,93,100,8.79,7.74,1.05,project_fact_productividad_export.csv,2026-06-23T00:00:00,1648
PD001649,20250515,A006,R014,L015,Tarde,1647,1648,11.28,9.58,1.7,project_fact_productividad_export.csv,2026-06-23T00:00:00,1649
PD001650,20250616,A008,R005,L002,Día,3768,4387,9.98,7.64,2.34,project_fact_productividad_export.csv,2026-06-23T00:00:00,1650
PD001651,20250313,A005,R007,L011,Día,4127,4176,10.37,7.17,3.2,project_fact_productividad_export.csv,2026-06-23T00:00:00,1651
PD001652,20250325,A009,R029,L008,Noche,1173,866,11.63,9.88,1.75,project_fact_productividad_export.csv,2026-06-23T00:00:00,1652
PD001653,20250215,A005,R007,L014,Noche,3228,3482,11.32,8.02,3.3,project_fact_productividad_export.csv,2026-06-23T00:00:00,1653
PD001654,20250514,A014,R017,L014,Tarde,237,255,11.58,8.07,3.51,project_fact_productividad_export.csv,2026-06-23T00:00:00,1654
PD001655,20250423,A017,R013,L006,Noche,23,18,6.03,5.5,0.53,project_fact_productividad_export.csv,2026-06-23T00:00:00,1655
PD001656,20250203,A016,R013,L011,Tarde,234,255,8.01,7.22,0.79,project_fact_productividad_export.csv,2026-06-23T00:00:00,1656
PD001657,20250422,A004,R014,L013,Día,5675,6048,9.34,7.76,1.58,project_fact_productividad_export.csv,2026-06-23T00:00:00,1657
PD001658,20250428,A010,R022,L015,Día,983,623,10.72,7.51,3.21,project_fact_productividad_export.csv,2026-06-23T00:00:00,1658
PD001659,20250518,A003,R002,L002,Día,6520,5448,7.39,6.73,0.66,project_fact_productividad_export.csv,2026-06-23T00:00:00,1659
PD001660,20250422,A008,R008,L016,Día,2921,3234,6.96,6.19,0.77,project_fact_productividad_export.csv,2026-06-23T00:00:00,1660
PD001661,20250610,A006,R023,L017,Noche,2031,1919,10.18,7.63,2.55,project_fact_productividad_export.csv,2026-06-23T00:00:00,1661
PD001662,20250222,A015,R028,L008,Día,116,115,9.2,7.97,1.23,project_fact_productividad_export.csv,2026-06-23T00:00:00,1662
PD001663,20250301,A009,R005,L006,Día,4041,3500,10.32,6.84,3.49,project_fact_productividad_export.csv,2026-06-23T00:00:00,1663
PD001664,20250102,A013,R009,L012,Tarde,98,83,7.52,6.81,0.71,project_fact_productividad_export.csv,2026-06-23T00:00:00,1664
PD001665,20250427,A001,R007,L006,Noche,4349,4127,6.81,5.84,0.97,project_fact_productividad_export.csv,2026-06-23T00:00:00,1665
PD001666,20250513,A017,R017,L009,Día,141,149,6.2,4.49,1.71,project_fact_productividad_export.csv,2026-06-23T00:00:00,1666
PD001667,20250111,A003,R021,L012,Tarde,6102,5201,11.97,8.85,3.13,project_fact_productividad_export.csv,2026-06-23T00:00:00,1667
PD001668,20250609,A007,R003,L009,Noche,1463,965,9.79,6.11,3.68,project_fact_productividad_export.csv,2026-06-23T00:00:00,1668
PD001669,20250409,A010,R001,L011,Noche,3447,2205,7.83,5.59,2.24,project_fact_productividad_export.csv,2026-06-23T00:00:00,1669
PD001670,20250117,A011,R009,L010,Día,129,92,9.72,7.02,2.7,project_fact_productividad_export.csv,2026-06-23T00:00:00,1670
PD001671,20250523,A017,R025,L005,Tarde,47,50,6.52,5.08,1.44,project_fact_productividad_export.csv,2026-06-23T00:00:00,1671
PD001672,20250131,A016,R005,L010,Día,150,135,11.22,8.44,2.79,project_fact_productividad_export.csv,2026-06-23T00:00:00,1672
PD001673,20250509,A008,R001,L010,Noche,4014,4110,6.02,4.35,1.67,project_fact_productividad_export.csv,2026-06-23T00:00:00,1673
PD001674,20250102,A010,R001,L016,Tarde,1648,1495,9.75,7.28,2.47,project_fact_productividad_export.csv,2026-06-23T00:00:00,1674
PD001675,20250215,A011,R004,L001,Día,251,258,6.4,4.67,1.72,project_fact_productividad_export.csv,2026-06-23T00:00:00,1675
PD001676,20250101,A015,R009,L016,Tarde,105,105,9.2,7.58,1.62,project_fact_productividad_export.csv,2026-06-23T00:00:00,1676
PD001677,20250221,A012,R004,L001,Noche,61,53,10.76,7.55,3.21,project_fact_productividad_export.csv,2026-06-23T00:00:00,1677
PD001678,20250405,A012,R004,L008,Tarde,37,31,7.86,5.6,2.26,project_fact_productividad_export.csv,2026-06-23T00:00:00,1678
PD001679,20250316,A002,R010,L003,Noche,29,32,11.32,7.88,3.45,project_fact_productividad_export.csv,2026-06-23T00:00:00,1679
PD001680,20250426,A002,R007,L011,Noche,137,129,9.51,8.57,0.94,project_fact_productividad_export.csv,2026-06-23T00:00:00,1680
PD001681,20250216,A002,R003,L017,Noche,88,77,6.27,5.19,1.08,project_fact_productividad_export.csv,2026-06-23T00:00:00,1681
PD001682,20250211,A010,R021,L005,Tarde,638,565,10.78,8.19,2.6,project_fact_productividad_export.csv,2026-06-23T00:00:00,1682
PD001683,20250308,A004,R027,L011,Día,6915,6151,10.42,9.27,1.15,project_fact_productividad_export.csv,2026-06-23T00:00:00,1683
PD001684,20250201,A004,R002,L015,Noche,4200,4241,11.5,9.89,1.61,project_fact_productividad_export.csv,2026-06-23T00:00:00,1684
PD001685,20250403,A007,R008,L011,Tarde,1969,1134,9.27,6.35,2.92,project_fact_productividad_export.csv,2026-06-23T00:00:00,1685
PD001686,20250217,A016,R028,L010,Día,203,157,8.42,5.99,2.43,project_fact_productividad_export.csv,2026-06-23T00:00:00,1686
PD001687,20250618,A006,R026,L009,Día,962,837,11.49,10.27,1.22,project_fact_productividad_export.csv,2026-06-23T00:00:00,1687
PD001688,20250427,A001,R016,L012,Noche,6590,5763,7.04,6.34,0.71,project_fact_productividad_export.csv,2026-06-23T00:00:00,1688
PD001689,20250415,A002,R021,L017,Tarde,196,171,7.46,6.18,1.28,project_fact_productividad_export.csv,2026-06-23T00:00:00,1689
PD001690,20250630,A010,R009,L017,Tarde,3063,2659,7.03,5.13,1.89,project_fact_productividad_export.csv,2026-06-23T00:00:00,1690
PD001691,20250120,A013,R018,L005,Noche,170,149,8.05,6.54,1.51,project_fact_productividad_export.csv,2026-06-23T00:00:00,1691
PD001692,20250601,A017,R002,L012,Día,145,133,6.3,5.62,0.68,project_fact_productividad_export.csv,2026-06-23T00:00:00,1692
PD001693,20250405,A002,R027,L007,Noche,81,71,8.7,7.67,1.04,project_fact_productividad_export.csv,2026-06-23T00:00:00,1693
PD001694,20250624,A003,R007,L012,Noche,6124,5758,8.7,7.14,1.56,project_fact_productividad_export.csv,2026-06-23T00:00:00,1694
PD001695,20250220,A011,R026,L011,Noche,247,228,9.95,8.63,1.32,project_fact_productividad_export.csv,2026-06-23T00:00:00,1695
PD001696,20250217,A001,R003,L002,Día,2200,2615,8.09,5.56,2.53,project_fact_productividad_export.csv,2026-06-23T00:00:00,1696
PD001697,20250209,A002,R005,L017,Día,191,175,9.42,8.46,0.96,project_fact_productividad_export.csv,2026-06-23T00:00:00,1697
PD001698,20250129,A001,R026,L016,Tarde,2860,2061,10.54,8.78,1.75,project_fact_productividad_export.csv,2026-06-23T00:00:00,1698
PD001699,20250409,A016,R014,L010,Día,148,154,9.92,8.58,1.34,project_fact_productividad_export.csv,2026-06-23T00:00:00,1699
PD001700,20250409,A002,R004,L008,Noche,74,64,8.56,7.76,0.81,project_fact_productividad_export.csv,2026-06-23T00:00:00,1700
PD001701,20250323,A008,R023,L014,Día,3045,2854,10.45,7.68,2.77,project_fact_productividad_export.csv,2026-06-23T00:00:00,1701
PD001702,20250418,A008,R001,L011,Tarde,3309,3416,7.2,6.52,0.68,project_fact_productividad_export.csv,2026-06-23T00:00:00,1702
PD001703,20250303,A006,R024,L005,Día,3559,3656,9.56,7.99,1.57,project_fact_productividad_export.csv,2026-06-23T00:00:00,1703
PD001704,20250110,A004,R006,L012,Tarde,3102,3807,11.27,8.48,2.79,project_fact_productividad_export.csv,2026-06-23T00:00:00,1704
PD001705,20250405,A010,R008,L001,Día,3852,2866,8.67,7.7,0.97,project_fact_productividad_export.csv,2026-06-23T00:00:00,1705
PD001706,20250329,A010,R008,L013,Noche,3510,2336,11.38,9.03,2.35,project_fact_productividad_export.csv,2026-06-23T00:00:00,1706
PD001707,20250221,A006,R004,L015,Noche,2015,1766,7.59,5.79,1.8,project_fact_productividad_export.csv,2026-06-23T00:00:00,1707
PD001708,20250314,A010,R020,L007,Día,2948,1870,6.56,3.83,2.73,project_fact_productividad_export.csv,2026-06-23T00:00:00,1708
PD001709,20250627,A007,R014,L004,Tarde,711,479,7.04,4.07,2.97,project_fact_productividad_export.csv,2026-06-23T00:00:00,1709
PD001710,20250124,A012,R005,L013,Noche,143,119,9.1,6.65,2.45,project_fact_productividad_export.csv,2026-06-23T00:00:00,1710
PD001711,20250307,A005,R017,L009,Noche,3557,3087,6.19,5.01,1.18,project_fact_productividad_export.csv,2026-06-23T00:00:00,1711
PD001712,20250405,A016,R026,L017,Día,82,74,10.98,8.43,2.55,project_fact_productividad_export.csv,2026-06-23T00:00:00,1712
PD001713,20250329,A005,R006,L011,Día,3859,4027,10.99,7.87,3.12,project_fact_productividad_export.csv,2026-06-23T00:00:00,1713
PD001714,20250226,A007,R002,L015,Tarde,3809,3351,6.62,4.32,2.3,project_fact_productividad_export.csv,2026-06-23T00:00:00,1714
PD001715,20250216,A016,R013,L010,Día,39,40,9.97,7.56,2.42,project_fact_productividad_export.csv,2026-06-23T00:00:00,1715
PD001716,20250101,A015,R017,L002,Tarde,130,119,9.56,7.03,2.52,project_fact_productividad_export.csv,2026-06-23T00:00:00,1716
PD001717,20250513,A016,R015,L014,Tarde,189,185,8.59,6.02,2.57,project_fact_productividad_export.csv,2026-06-23T00:00:00,1717
PD001718,20250111,A011,R003,L017,Noche,220,187,7.51,5.86,1.64,project_fact_productividad_export.csv,2026-06-23T00:00:00,1718
PD001719,20250318,A007,R012,L003,Día,2304,1944,7.45,4.29,3.15,project_fact_productividad_export.csv,2026-06-23T00:00:00,1719
PD001720,20250427,A016,R014,L010,Tarde,189,174,7.81,6.11,1.7,project_fact_productividad_export.csv,2026-06-23T00:00:00,1720
PD001721,20250228,A011,R018,L006,Día,20,23,10.19,7.2,3.0,project_fact_productividad_export.csv,2026-06-23T00:00:00,1721
PD001722,20250525,A005,R004,L003,Tarde,730,706,11.98,8.49,3.5,project_fact_productividad_export.csv,2026-06-23T00:00:00,1722
PD001723,20250119,A005,R008,L015,Noche,2357,2532,9.5,8.1,1.4,project_fact_productividad_export.csv,2026-06-23T00:00:00,1723
PD001724,20250517,A017,R008,L008,Tarde,25,27,6.55,5.93,0.63,project_fact_productividad_export.csv,2026-06-23T00:00:00,1724
PD001725,20250116,A016,R030,L011,Noche,108,102,8.05,6.84,1.22,project_fact_productividad_export.csv,2026-06-23T00:00:00,1725
PD001726,20250425,A009,R006,L004,Tarde,3572,3039,8.93,6.16,2.77,project_fact_productividad_export.csv,2026-06-23T00:00:00,1726
PD001727,20250101,A016,R015,L001,Día,68,68,11.01,9.61,1.4,project_fact_productividad_export.csv,2026-06-23T00:00:00,1727
PD001728,20250114,A011,R023,L008,Día,257,196,11.76,8.08,3.67,project_fact_productividad_export.csv,2026-06-23T00:00:00,1728
PD001729,20250317,A014,R024,L009,Día,43,37,10.75,8.62,2.13,project_fact_productividad_export.csv,2026-06-23T00:00:00,1729
PD001730,20250314,A015,R030,L015,Noche,86,69,6.41,4.76,1.65,project_fact_productividad_export.csv,2026-06-23T00:00:00,1730
PD001731,20250220,A015,R016,L017,Tarde,90,101,6.34,4.8,1.54,project_fact_productividad_export.csv,2026-06-23T00:00:00,1731
PD001732,20250315,A017,R005,L008,Día,180,180,9.86,8.68,1.18,project_fact_productividad_export.csv,2026-06-23T00:00:00,1732
PD001733,20250325,A002,R010,L007,Tarde,168,154,11.64,8.21,3.43,project_fact_productividad_export.csv,2026-06-23T00:00:00,1733
PD001734,20250430,A009,R022,L001,Tarde,2735,2228,10.67,8.04,2.64,project_fact_productividad_export.csv,2026-06-23T00:00:00,1734
PD001735,20250617,A013,R029,L001,Tarde,212,213,10.97,9.47,1.49,project_fact_productividad_export.csv,2026-06-23T00:00:00,1735
PD001736,20250411,A004,R014,L017,Noche,7948,7246,8.81,6.29,2.52,project_fact_productividad_export.csv,2026-06-23T00:00:00,1736
PD001737,20250307,A003,R027,L014,Día,3488,3225,10.81,7.6,3.21,project_fact_productividad_export.csv,2026-06-23T00:00:00,1737
PD001738,20250508,A017,R012,L013,Día,146,150,8.69,6.48,2.21,project_fact_productividad_export.csv,2026-06-23T00:00:00,1738
PD001739,20250425,A002,R022,L007,Día,100,116,6.29,5.38,0.91,project_fact_productividad_export.csv,2026-06-23T00:00:00,1739
PD001740,20250426,A012,R016,L007,Tarde,147,120,11.57,9.23,2.34,project_fact_productividad_export.csv,2026-06-23T00:00:00,1740
PD001741,20250127,A013,R009,L014,Día,167,164,6.35,5.16,1.19,project_fact_productividad_export.csv,2026-06-23T00:00:00,1741
PD001742,20250304,A005,R024,L010,Noche,2784,2715,10.41,9.21,1.2,project_fact_productividad_export.csv,2026-06-23T00:00:00,1742
PD001743,20250609,A016,R003,L001,Día,50,50,11.36,10.22,1.15,project_fact_productividad_export.csv,2026-06-23T00:00:00,1743
PD001744,20250319,A009,R003,L001,Noche,4065,3042,6.19,5.42,0.77,project_fact_productividad_export.csv,2026-06-23T00:00:00,1744
PD001745,20250403,A016,R018,L013,Tarde,159,157,6.21,5.09,1.12,project_fact_productividad_export.csv,2026-06-23T00:00:00,1745
PD001746,20250426,A009,R011,L017,Día,1027,765,8.41,7.06,1.35,project_fact_productividad_export.csv,2026-06-23T00:00:00,1746
PD001747,20250616,A010,R006,L017,Tarde,2555,1847,8.01,6.02,2.0,project_fact_productividad_export.csv,2026-06-23T00:00:00,1747
PD001748,20250108,A008,R007,L011,Día,950,902,7.32,5.65,1.68,project_fact_productividad_export.csv,2026-06-23T00:00:00,1748
PD001749,20250315,A010,R010,L003,Día,2453,1795,9.16,6.05,3.11,project_fact_productividad_export.csv,2026-06-23T00:00:00,1749
PD001750,20250405,A012,R029,L003,Noche,172,160,10.01,8.47,1.54,project_fact_productividad_export.csv,2026-06-23T00:00:00,1750
PD001751,20250531,A015,R020,L011,Tarde,239,210,8.23,7.07,1.16,project_fact_productividad_export.csv,2026-06-23T00:00:00,1751
PD001752,20250214,A009,R005,L011,Tarde,3114,2161,8.35,6.48,1.87,project_fact_productividad_export.csv,2026-06-23T00:00:00,1752
PD001753,20250322,A001,R004,L014,Día,2791,3002,11.54,8.55,2.99,project_fact_productividad_export.csv,2026-06-23T00:00:00,1753
PD001754,20250210,A012,R021,L010,Día,36,34,8.64,6.88,1.76,project_fact_productividad_export.csv,2026-06-23T00:00:00,1754
PD001755,20250109,A010,R010,L010,Tarde,3011,2278,7.6,4.96,2.64,project_fact_productividad_export.csv,2026-06-23T00:00:00,1755
PD001756,20250422,A006,R029,L002,Tarde,2035,1704,6.28,4.94,1.34,project_fact_productividad_export.csv,2026-06-23T00:00:00,1756
PD001757,20250602,A009,R006,L005,Tarde,1383,1061,10.54,8.92,1.62,project_fact_productividad_export.csv,2026-06-23T00:00:00,1757
PD001758,20250616,A003,R017,L002,Tarde,4112,3850,6.7,5.49,1.21,project_fact_productividad_export.csv,2026-06-23T00:00:00,1758
PD001759,20250508,A014,R024,L010,Tarde,123,125,10.7,9.09,1.61,project_fact_productividad_export.csv,2026-06-23T00:00:00,1759
PD001760,20250420,A011,R019,L001,Noche,235,248,6.47,5.83,0.65,project_fact_productividad_export.csv,2026-06-23T00:00:00,1760
PD001761,20250502,A010,R026,L014,Día,3710,2689,9.75,7.29,2.46,project_fact_productividad_export.csv,2026-06-23T00:00:00,1761
PD001762,20250520,A017,R018,L010,Tarde,186,209,11.16,9.49,1.67,project_fact_productividad_export.csv,2026-06-23T00:00:00,1762
PD001763,20250304,A013,R018,L013,Tarde,193,199,8.36,6.04,2.31,project_fact_productividad_export.csv,2026-06-23T00:00:00,1763
PD001764,20250307,A003,R016,L007,Noche,6190,6127,9.04,8.19,0.85,project_fact_productividad_export.csv,2026-06-23T00:00:00,1764
PD001765,20250108,A013,R018,L007,Día,117,105,8.49,7.17,1.32,project_fact_productividad_export.csv,2026-06-23T00:00:00,1765
PD001766,20250502,A006,R016,L012,Día,948,970,9.78,8.17,1.61,project_fact_productividad_export.csv,2026-06-23T00:00:00,1766
PD001767,20250201,A007,R003,L006,Día,3529,3537,11.75,8.52,3.23,project_fact_productividad_export.csv,2026-06-23T00:00:00,1767
PD001768,20250113,A011,R013,L015,Tarde,156,130,8.63,7.63,1.0,project_fact_productividad_export.csv,2026-06-23T00:00:00,1768
PD001769,20250620,A015,R006,L011,Día,239,256,9.02,6.31,2.71,project_fact_productividad_export.csv,2026-06-23T00:00:00,1769
PD001770,20250405,A017,R011,L002,Día,105,91,7.2,5.58,1.62,project_fact_productividad_export.csv,2026-06-23T00:00:00,1770
PD001771,20250421,A010,R005,L005,Día,3942,3605,9.47,7.76,1.71,project_fact_productividad_export.csv,2026-06-23T00:00:00,1771
PD001772,20250205,A013,R014,L011,Día,128,127,9.16,7.57,1.59,project_fact_productividad_export.csv,2026-06-23T00:00:00,1772
PD001773,20250504,A011,R029,L008,Tarde,31,28,6.84,4.94,1.9,project_fact_productividad_export.csv,2026-06-23T00:00:00,1773
PD001774,20250323,A014,R012,L002,Tarde,156,170,11.81,8.47,3.33,project_fact_productividad_export.csv,2026-06-23T00:00:00,1774
PD001775,20250124,A008,R023,L017,Día,2562,2678,10.18,7.13,3.05,project_fact_productividad_export.csv,2026-06-23T00:00:00,1775
PD001776,20250305,A015,R011,L012,Tarde,155,98,7.32,6.18,1.14,project_fact_productividad_export.csv,2026-06-23T00:00:00,1776
PD001777,20250511,A003,R021,L007,Tarde,5355,4257,10.11,8.07,2.03,project_fact_productividad_export.csv,2026-06-23T00:00:00,1777
PD001778,20250404,A004,R020,L017,Noche,7382,6627,9.26,6.81,2.44,project_fact_productividad_export.csv,2026-06-23T00:00:00,1778
PD001779,20250528,A017,R003,L001,Tarde,84,66,9.44,6.68,2.75,project_fact_productividad_export.csv,2026-06-23T00:00:00,1779
PD001780,20250624,A003,R023,L003,Tarde,4408,5058,9.39,7.56,1.83,project_fact_productividad_export.csv,2026-06-23T00:00:00,1780
PD001781,20250331,A008,R014,L001,Tarde,3441,3619,11.97,10.91,1.06,project_fact_productividad_export.csv,2026-06-23T00:00:00,1781
PD001782,20250326,A016,R012,L005,Noche,257,270,9.06,7.21,1.85,project_fact_productividad_export.csv,2026-06-23T00:00:00,1782
PD001783,20250618,A012,R001,L006,Noche,44,30,10.78,8.5,2.28,project_fact_productividad_export.csv,2026-06-23T00:00:00,1783
PD001784,20250103,A001,R008,L010,Noche,5936,5987,11.06,8.4,2.66,project_fact_productividad_export.csv,2026-06-23T00:00:00,1784
PD001785,20250224,A012,R005,L002,Tarde,241,244,7.44,5.83,1.61,project_fact_productividad_export.csv,2026-06-23T00:00:00,1785
PD001786,20250522,A012,R011,L016,Noche,50,50,10.64,7.98,2.66,project_fact_productividad_export.csv,2026-06-23T00:00:00,1786
PD001787,20250614,A017,R002,L012,Noche,32,36,11.23,8.2,3.03,project_fact_productividad_export.csv,2026-06-23T00:00:00,1787
PD001788,20250212,A016,R019,L008,Día,68,61,7.28,6.69,0.59,project_fact_productividad_export.csv,2026-06-23T00:00:00,1788
PD001789,20250523,A006,R015,L004,Noche,3615,3365,11.23,8.31,2.92,project_fact_productividad_export.csv,2026-06-23T00:00:00,1789
PD001790,20250511,A013,R008,L014,Tarde,168,154,8.15,6.89,1.26,project_fact_productividad_export.csv,2026-06-23T00:00:00,1790
PD001791,20250228,A004,R007,L007,Tarde,4588,4968,7.49,5.94,1.55,project_fact_productividad_export.csv,2026-06-23T00:00:00,1791
PD001792,20250408,A005,R026,L003,Tarde,3763,3433,9.34,6.77,2.56,project_fact_productividad_export.csv,2026-06-23T00:00:00,1792
PD001793,20250505,A010,R024,L011,Tarde,2034,1936,7.65,6.02,1.63,project_fact_productividad_export.csv,2026-06-23T00:00:00,1793
PD001794,20250112,A010,R001,L014,Noche,2945,1959,6.37,4.87,1.5,project_fact_productividad_export.csv,2026-06-23T00:00:00,1794
PD001795,20250316,A003,R019,L004,Tarde,6482,5517,6.71,6.13,0.57,project_fact_productividad_export.csv,2026-06-23T00:00:00,1795
PD001796,20250323,A011,R030,L012,Tarde,168,144,11.31,10.21,1.1,project_fact_productividad_export.csv,2026-06-23T00:00:00,1796
PD001797,20250109,A012,R006,L004,Noche,184,133,11.24,10.17,1.08,project_fact_productividad_export.csv,2026-06-23T00:00:00,1797
PD001798,20250414,A016,R007,L005,Tarde,57,52,9.15,6.96,2.19,project_fact_productividad_export.csv,2026-06-23T00:00:00,1798
PD001799,20250226,A013,R022,L007,Día,97,96,11.49,8.24,3.25,project_fact_productividad_export.csv,2026-06-23T00:00:00,1799
PD001800,20250606,A001,R030,L003,Día,5669,5106,6.23,5.22,1.02,project_fact_productividad_export.csv,2026-06-23T00:00:00,1800
PD001801,20250207,A008,R023,L016,Tarde,939,761,11.86,8.81,3.05,project_fact_productividad_export.csv,2026-06-23T00:00:00,1801
PD001802,20250411,A004,R010,L003,Tarde,5917,5825,9.31,7.24,2.07,project_fact_productividad_export.csv,2026-06-23T00:00:00,1802
PD001803,20250114,A014,R005,L010,Tarde,85,89,6.83,4.67,2.16,project_fact_productividad_export.csv,2026-06-23T00:00:00,1803
PD001804,20250129,A017,R021,L013,Tarde,188,192,10.29,7.46,2.83,project_fact_productividad_export.csv,2026-06-23T00:00:00,1804
PD001805,20250614,A008,R026,L012,Noche,1567,1532,9.63,8.56,1.08,project_fact_productividad_export.csv,2026-06-23T00:00:00,1805
PD001806,20250509,A004,R001,L014,Noche,2408,2366,11.53,8.74,2.79,project_fact_productividad_export.csv,2026-06-23T00:00:00,1806
PD001807,20250307,A001,R008,L002,Día,4862,4847,8.58,6.2,2.38,project_fact_productividad_export.csv,2026-06-23T00:00:00,1807
PD001808,20250215,A008,R016,L001,Tarde,1021,1034,9.23,7.92,1.31,project_fact_productividad_export.csv,2026-06-23T00:00:00,1808
PD001809,20250314,A003,R022,L004,Noche,2813,2582,10.1,8.99,1.11,project_fact_productividad_export.csv,2026-06-23T00:00:00,1809
PD001810,20250127,A016,R020,L013,Noche,134,134,6.89,6.19,0.71,project_fact_productividad_export.csv,2026-06-23T00:00:00,1810
PD001811,20250103,A007,R020,L011,Noche,4061,3332,10.32,5.86,4.45,project_fact_productividad_export.csv,2026-06-23T00:00:00,1811
PD001812,20250422,A006,R016,L002,Tarde,1759,1923,11.84,10.66,1.18,project_fact_productividad_export.csv,2026-06-23T00:00:00,1812
PD001813,20250321,A003,R008,L002,Tarde,2287,2236,11.57,10.5,1.07,project_fact_productividad_export.csv,2026-06-23T00:00:00,1813
PD001814,20250518,A009,R008,L008,Noche,1885,952,7.77,5.1,2.67,project_fact_productividad_export.csv,2026-06-23T00:00:00,1814
PD001815,20250220,A017,R014,L010,Tarde,49,54,10.3,8.54,1.76,project_fact_productividad_export.csv,2026-06-23T00:00:00,1815
PD001816,20250216,A010,R015,L017,Día,676,462,8.8,6.3,2.51,project_fact_productividad_export.csv,2026-06-23T00:00:00,1816
PD001817,20250318,A013,R030,L012,Noche,222,208,6.55,4.71,1.84,project_fact_productividad_export.csv,2026-06-23T00:00:00,1817
PD001818,20250205,A016,R002,L010,Día,166,178,9.0,7.04,1.95,project_fact_productividad_export.csv,2026-06-23T00:00:00,1818
PD001819,20250605,A005,R015,L006,Tarde,1673,1871,10.26,7.45,2.81,project_fact_productividad_export.csv,2026-06-23T00:00:00,1819
PD001820,20250203,A002,R027,L017,Tarde,144,163,6.99,4.76,2.23,project_fact_productividad_export.csv,2026-06-23T00:00:00,1820
PD001821,20250204,A001,R015,L010,Día,8311,9547,7.94,6.69,1.25,project_fact_productividad_export.csv,2026-06-23T00:00:00,1821
PD001822,20250622,A005,R020,L004,Día,1500,1556,11.45,8.02,3.43,project_fact_productividad_export.csv,2026-06-23T00:00:00,1822
PD001823,20250128,A011,R029,L017,Noche,54,52,7.73,5.46,2.27,project_fact_productividad_export.csv,2026-06-23T00:00:00,1823
PD001824,20250626,A016,R029,L001,Tarde,96,84,9.7,6.91,2.79,project_fact_productividad_export.csv,2026-06-23T00:00:00,1824
PD001825,20250604,A014,R024,L017,Día,146,135,9.46,8.2,1.26,project_fact_productividad_export.csv,2026-06-23T00:00:00,1825
PD001826,20250605,A013,R002,L005,Noche,174,168,10.03,7.29,2.74,project_fact_productividad_export.csv,2026-06-23T00:00:00,1826
PD001827,20250208,A016,R013,L009,Tarde,89,88,7.72,5.9,1.82,project_fact_productividad_export.csv,2026-06-23T00:00:00,1827
PD001828,20250609,A002,R023,L003,Día,55,43,10.21,8.54,1.67,project_fact_productividad_export.csv,2026-06-23T00:00:00,1828
PD001829,20250416,A005,R028,L014,Día,1649,1384,10.79,8.19,2.61,project_fact_productividad_export.csv,2026-06-23T00:00:00,1829
PD001830,20250324,A017,R005,L010,Tarde,190,153,11.87,9.43,2.44,project_fact_productividad_export.csv,2026-06-23T00:00:00,1830
PD001831,20250216,A002,R012,L016,Tarde,115,120,7.84,7.15,0.69,project_fact_productividad_export.csv,2026-06-23T00:00:00,1831
PD001832,20250308,A010,R024,L003,Noche,2493,1819,9.5,6.43,3.07,project_fact_productividad_export.csv,2026-06-23T00:00:00,1832
PD001833,20250126,A016,R008,L012,Noche,105,82,9.03,7.3,1.74,project_fact_productividad_export.csv,2026-06-23T00:00:00,1833
PD001834,20250227,A001,R025,L013,Día,5616,4819,7.38,5.54,1.85,project_fact_productividad_export.csv,2026-06-23T00:00:00,1834
PD001835,20250101,A005,R019,L007,Tarde,1003,1024,10.73,9.52,1.21,project_fact_productividad_export.csv,2026-06-23T00:00:00,1835
PD001836,20250510,A014,R001,L012,Día,30,25,10.29,7.01,3.29,project_fact_productividad_export.csv,2026-06-23T00:00:00,1836
PD001837,20250216,A007,R020,L003,Noche,1578,1369,10.77,8.47,2.3,project_fact_productividad_export.csv,2026-06-23T00:00:00,1837
PD001838,20250506,A009,R029,L001,Día,1369,1313,6.5,3.94,2.57,project_fact_productividad_export.csv,2026-06-23T00:00:00,1838
PD001839,20250327,A009,R002,L012,Día,2791,2189,8.89,6.33,2.56,project_fact_productividad_export.csv,2026-06-23T00:00:00,1839
PD001840,20250508,A003,R024,L011,Tarde,3881,3501,8.7,6.95,1.74,project_fact_productividad_export.csv,2026-06-23T00:00:00,1840
PD001841,20250417,A004,R017,L009,Tarde,4560,4783,8.22,6.98,1.24,project_fact_productividad_export.csv,2026-06-23T00:00:00,1841
PD001842,20250503,A006,R024,L013,Día,2009,2280,9.25,6.85,2.4,project_fact_productividad_export.csv,2026-06-23T00:00:00,1842
PD001843,20250531,A007,R022,L008,Día,1421,1260,8.44,5.68,2.76,project_fact_productividad_export.csv,2026-06-23T00:00:00,1843
PD001844,20250208,A017,R024,L008,Tarde,200,194,7.5,5.77,1.73,project_fact_productividad_export.csv,2026-06-23T00:00:00,1844
PD001845,20250308,A017,R028,L002,Día,190,196,11.61,10.67,0.95,project_fact_productividad_export.csv,2026-06-23T00:00:00,1845
PD001846,20250113,A015,R001,L003,Noche,252,209,7.03,5.18,1.86,project_fact_productividad_export.csv,2026-06-23T00:00:00,1846
PD001847,20250619,A015,R002,L002,Noche,141,130,10.4,9.04,1.36,project_fact_productividad_export.csv,2026-06-23T00:00:00,1847
PD001848,20250222,A015,R017,L004,Día,121,102,7.25,6.63,0.62,project_fact_productividad_export.csv,2026-06-23T00:00:00,1848
PD001849,20250402,A013,R012,L015,Tarde,87,76,10.09,9.25,0.84,project_fact_productividad_export.csv,2026-06-23T00:00:00,1849
PD001850,20250112,A001,R024,L009,Día,4619,4375,11.36,9.32,2.04,project_fact_productividad_export.csv,2026-06-23T00:00:00,1850
PD001851,20250507,A010,R015,L014,Día,2134,2093,11.48,8.47,3.01,project_fact_productividad_export.csv,2026-06-23T00:00:00,1851
PD001852,20250325,A003,R021,L006,Día,6385,4946,7.92,5.6,2.32,project_fact_productividad_export.csv,2026-06-23T00:00:00,1852
PD001853,20250216,A012,R019,L012,Día,177,160,10.16,7.04,3.12,project_fact_productividad_export.csv,2026-06-23T00:00:00,1853
PD001854,20250120,A001,R017,L012,Día,4152,3633,8.44,7.39,1.05,project_fact_productividad_export.csv,2026-06-23T00:00:00,1854
PD001855,20250106,A005,R020,L010,Tarde,1060,1116,6.7,5.08,1.63,project_fact_productividad_export.csv,2026-06-23T00:00:00,1855
PD001856,20250619,A005,R021,L012,Tarde,3459,3887,8.38,7.58,0.8,project_fact_productividad_export.csv,2026-06-23T00:00:00,1856
PD001857,20250102,A009,R007,L010,Día,1311,1302,8.95,7.98,0.97,project_fact_productividad_export.csv,2026-06-23T00:00:00,1857
PD001858,20250426,A007,R017,L001,Tarde,718,415,6.72,5.98,0.74,project_fact_productividad_export.csv,2026-06-23T00:00:00,1858
PD001859,20250621,A005,R011,L003,Día,3160,2698,6.28,5.35,0.93,project_fact_productividad_export.csv,2026-06-23T00:00:00,1859
PD001860,20250418,A017,R005,L001,Día,101,104,9.79,7.21,2.57,project_fact_productividad_export.csv,2026-06-23T00:00:00,1860
PD001861,20250626,A008,R015,L007,Noche,2972,2745,10.16,9.07,1.09,project_fact_productividad_export.csv,2026-06-23T00:00:00,1861
PD001862,20250411,A004,R021,L007,Tarde,4291,4285,6.53,5.78,0.74,project_fact_productividad_export.csv,2026-06-23T00:00:00,1862
PD001863,20250113,A014,R029,L010,Tarde,28,28,9.63,7.94,1.69,project_fact_productividad_export.csv,2026-06-23T00:00:00,1863
PD001864,20250125,A005,R016,L001,Noche,2056,2140,8.88,7.87,1.01,project_fact_productividad_export.csv,2026-06-23T00:00:00,1864
PD001865,20250313,A012,R012,L016,Día,53,56,7.52,5.99,1.53,project_fact_productividad_export.csv,2026-06-23T00:00:00,1865
PD001866,20250128,A016,R028,L017,Noche,41,44,11.24,9.7,1.54,project_fact_productividad_export.csv,2026-06-23T00:00:00,1866
PD001867,20250129,A008,R012,L006,Noche,3466,3294,11.99,9.0,2.99,project_fact_productividad_export.csv,2026-06-23T00:00:00,1867
PD001868,20250429,A014,R025,L017,Noche,98,69,11.63,8.01,3.62,project_fact_productividad_export.csv,2026-06-23T00:00:00,1868
PD001869,20250211,A009,R006,L003,Tarde,2522,2350,10.13,8.15,1.99,project_fact_productividad_export.csv,2026-06-23T00:00:00,1869
PD001870,20250528,A011,R004,L001,Noche,96,82,8.61,6.3,2.31,project_fact_productividad_export.csv,2026-06-23T00:00:00,1870
PD001871,20250124,A006,R004,L005,Tarde,2517,2648,7.5,6.31,1.19,project_fact_productividad_export.csv,2026-06-23T00:00:00,1871
PD001872,20250626,A014,R017,L011,Tarde,195,207,8.86,6.24,2.62,project_fact_productividad_export.csv,2026-06-23T00:00:00,1872
PD001873,20250502,A011,R026,L006,Tarde,28,34,6.21,4.38,1.83,project_fact_productividad_export.csv,2026-06-23T00:00:00,1873
PD001874,20250506,A015,R016,L009,Noche,223,239,6.21,5.5,0.71,project_fact_productividad_export.csv,2026-06-23T00:00:00,1874
PD001875,20250125,A012,R027,L014,Noche,243,235,10.74,8.18,2.55,project_fact_productividad_export.csv,2026-06-23T00:00:00,1875
PD001876,20250523,A003,R012,L008,Tarde,3948,4073,9.98,7.21,2.77,project_fact_productividad_export.csv,2026-06-23T00:00:00,1876
PD001877,20250104,A011,R014,L009,Tarde,228,205,9.29,7.72,1.56,project_fact_productividad_export.csv,2026-06-23T00:00:00,1877
PD001878,20250624,A004,R007,L011,Noche,3888,3632,9.12,6.76,2.35,project_fact_productividad_export.csv,2026-06-23T00:00:00,1878
PD001879,20250502,A016,R013,L003,Día,177,171,7.33,5.63,1.69,project_fact_productividad_export.csv,2026-06-23T00:00:00,1879
PD001880,20250427,A009,R017,L006,Día,2954,2515,6.73,5.21,1.51,project_fact_productividad_export.csv,2026-06-23T00:00:00,1880
PD001881,20250514,A016,R014,L005,Noche,69,68,11.99,9.79,2.2,project_fact_productividad_export.csv,2026-06-23T00:00:00,1881
PD001882,20250121,A014,R027,L008,Noche,21,18,9.26,7.44,1.82,project_fact_productividad_export.csv,2026-06-23T00:00:00,1882
PD001883,20250220,A009,R022,L016,Noche,1464,1103,6.43,5.55,0.88,project_fact_productividad_export.csv,2026-06-23T00:00:00,1883
PD001884,20250301,A009,R023,L017,Día,661,540,7.81,6.9,0.9,project_fact_productividad_export.csv,2026-06-23T00:00:00,1884
PD001885,20250221,A015,R020,L016,Noche,52,59,11.88,8.34,3.53,project_fact_productividad_export.csv,2026-06-23T00:00:00,1885
PD001886,20250524,A007,R013,L005,Tarde,1906,1437,6.04,3.71,2.33,project_fact_productividad_export.csv,2026-06-23T00:00:00,1886
PD001887,20250221,A012,R003,L015,Día,126,148,8.86,7.54,1.32,project_fact_productividad_export.csv,2026-06-23T00:00:00,1887
PD001888,20250218,A012,R012,L002,Noche,224,188,11.97,9.0,2.97,project_fact_productividad_export.csv,2026-06-23T00:00:00,1888
PD001889,20250623,A016,R022,L007,Día,116,104,10.21,7.41,2.79,project_fact_productividad_export.csv,2026-06-23T00:00:00,1889
PD001890,20250124,A014,R030,L008,Noche,150,125,8.07,6.19,1.88,project_fact_productividad_export.csv,2026-06-23T00:00:00,1890
PD001891,20250204,A004,R026,L014,Día,6960,6883,10.48,9.22,1.27,project_fact_productividad_export.csv,2026-06-23T00:00:00,1891
PD001892,20250202,A003,R028,L004,Noche,3405,3149,11.0,9.36,1.64,project_fact_productividad_export.csv,2026-06-23T00:00:00,1892
PD001893,20250518,A008,R026,L005,Noche,2650,2175,7.99,7.13,0.86,project_fact_productividad_export.csv,2026-06-23T00:00:00,1893
PD001894,20250218,A004,R004,L014,Tarde,8361,7724,10.58,9.15,1.43,project_fact_productividad_export.csv,2026-06-23T00:00:00,1894
PD001895,20250512,A008,R009,L013,Día,2236,2027,11.13,9.8,1.33,project_fact_productividad_export.csv,2026-06-23T00:00:00,1895
PD001896,20250103,A001,R013,L007,Tarde,6394,6062,8.62,6.18,2.44,project_fact_productividad_export.csv,2026-06-23T00:00:00,1896
PD001897,20250603,A014,R010,L015,Tarde,215,239,9.27,7.96,1.31,project_fact_productividad_export.csv,2026-06-23T00:00:00,1897
PD001898,20250630,A011,R007,L014,Noche,221,195,10.26,8.25,2.01,project_fact_productividad_export.csv,2026-06-23T00:00:00,1898
PD001899,20250115,A006,R027,L001,Día,2793,2635,11.88,8.6,3.28,project_fact_productividad_export.csv,2026-06-23T00:00:00,1899
PD001900,20250601,A013,R006,L013,Día,56,48,6.76,6.13,0.63,project_fact_productividad_export.csv,2026-06-23T00:00:00,1900
PD001901,20250523,A015,R030,L003,Noche,121,135,7.28,6.67,0.62,project_fact_productividad_export.csv,2026-06-23T00:00:00,1901
PD001902,20250429,A016,R028,L002,Noche,29,29,9.92,9.0,0.92,project_fact_productividad_export.csv,2026-06-23T00:00:00,1902
PD001903,20250209,A009,R012,L017,Día,3453,3196,7.07,5.19,1.88,project_fact_productividad_export.csv,2026-06-23T00:00:00,1903
PD001904,20250424,A013,R017,L014,Noche,186,180,11.83,8.32,3.51,project_fact_productividad_export.csv,2026-06-23T00:00:00,1904
PD001905,20250501,A001,R010,L005,Tarde,5055,3983,11.58,9.73,1.85,project_fact_productividad_export.csv,2026-06-23T00:00:00,1905
PD001906,20250619,A001,R021,L015,Noche,5652,4863,11.37,8.7,2.67,project_fact_productividad_export.csv,2026-06-23T00:00:00,1906
PD001907,20250531,A004,R012,L013,Noche,5550,5119,6.39,5.59,0.79,project_fact_productividad_export.csv,2026-06-23T00:00:00,1907
PD001908,20250510,A005,R008,L014,Noche,3278,3432,10.84,8.9,1.94,project_fact_productividad_export.csv,2026-06-23T00:00:00,1908
PD001909,20250511,A017,R004,L013,Tarde,137,117,11.66,8.42,3.24,project_fact_productividad_export.csv,2026-06-23T00:00:00,1909
PD001910,20250606,A016,R030,L008,Tarde,241,240,8.26,6.02,2.23,project_fact_productividad_export.csv,2026-06-23T00:00:00,1910
PD001911,20250115,A015,R018,L004,Noche,154,154,10.2,7.54,2.66,project_fact_productividad_export.csv,2026-06-23T00:00:00,1911
PD001912,20250622,A002,R007,L007,Tarde,201,253,10.45,7.54,2.9,project_fact_productividad_export.csv,2026-06-23T00:00:00,1912
PD001913,20250511,A006,R024,L007,Tarde,3986,3976,8.53,5.83,2.7,project_fact_productividad_export.csv,2026-06-23T00:00:00,1913
PD001914,20250407,A007,R006,L014,Día,1358,1006,8.0,7.14,0.86,project_fact_productividad_export.csv,2026-06-23T00:00:00,1914
PD001915,20250210,A002,R025,L005,Tarde,252,254,9.55,6.85,2.7,project_fact_productividad_export.csv,2026-06-23T00:00:00,1915
PD001916,20250211,A009,R018,L012,Tarde,3783,3130,6.29,3.78,2.52,project_fact_productividad_export.csv,2026-06-23T00:00:00,1916
PD001917,20250124,A012,R027,L011,Día,117,113,11.4,9.8,1.61,project_fact_productividad_export.csv,2026-06-23T00:00:00,1917
PD001918,20250124,A010,R013,L009,Noche,2712,1714,9.14,5.83,3.3,project_fact_productividad_export.csv,2026-06-23T00:00:00,1918
PD001919,20250517,A011,R006,L001,Día,20,18,10.65,9.21,1.44,project_fact_productividad_export.csv,2026-06-23T00:00:00,1919
PD001920,20250330,A016,R024,L001,Noche,74,74,7.44,6.41,1.04,project_fact_productividad_export.csv,2026-06-23T00:00:00,1920
PD001921,20250302,A014,R021,L012,Tarde,157,133,8.83,6.15,2.68,project_fact_productividad_export.csv,2026-06-23T00:00:00,1921
PD001922,20250316,A009,R018,L002,Día,3416,2231,6.58,5.76,0.82,project_fact_productividad_export.csv,2026-06-23T00:00:00,1922
PD001923,20250526,A002,R015,L010,Noche,111,108,9.57,8.26,1.31,project_fact_productividad_export.csv,2026-06-23T00:00:00,1923
PD001924,20250610,A015,R028,L013,Tarde,21,20,7.56,5.85,1.71,project_fact_productividad_export.csv,2026-06-23T00:00:00,1924
PD001925,20250503,A010,R021,L011,Tarde,1317,1110,10.87,9.19,1.67,project_fact_productividad_export.csv,2026-06-23T00:00:00,1925
PD001926,20250419,A011,R029,L004,Día,100,97,8.5,6.19,2.31,project_fact_productividad_export.csv,2026-06-23T00:00:00,1926
PD001927,20250322,A012,R011,L010,Noche,127,136,8.02,5.82,2.2,project_fact_productividad_export.csv,2026-06-23T00:00:00,1927
PD001928,20250214,A014,R003,L008,Tarde,139,125,7.86,6.26,1.6,project_fact_productividad_export.csv,2026-06-23T00:00:00,1928
PD001929,20250127,A016,R024,L002,Tarde,226,199,11.72,10.75,0.97,project_fact_productividad_export.csv,2026-06-23T00:00:00,1929
PD001930,20250510,A014,R014,L010,Noche,87,70,11.36,10.28,1.08,project_fact_productividad_export.csv,2026-06-23T00:00:00,1930
PD001931,20250511,A010,R017,L012,Noche,1148,701,8.64,6.62,2.02,project_fact_productividad_export.csv,2026-06-23T00:00:00,1931
PD001932,20250313,A014,R028,L002,Día,161,165,9.83,8.18,1.65,project_fact_productividad_export.csv,2026-06-23T00:00:00,1932
PD001933,20250605,A015,R015,L015,Tarde,149,153,9.83,8.73,1.1,project_fact_productividad_export.csv,2026-06-23T00:00:00,1933
PD001934,20250330,A010,R013,L007,Día,1866,1552,11.4,9.73,1.67,project_fact_productividad_export.csv,2026-06-23T00:00:00,1934
PD001935,20250406,A007,R023,L012,Día,2684,2025,6.88,5.68,1.2,project_fact_productividad_export.csv,2026-06-23T00:00:00,1935
PD001936,20250404,A004,R014,L015,Tarde,3429,3396,11.42,8.38,3.05,project_fact_productividad_export.csv,2026-06-23T00:00:00,1936
PD001937,20250421,A010,R018,L006,Tarde,3629,3057,7.62,5.78,1.84,project_fact_productividad_export.csv,2026-06-23T00:00:00,1937
PD001938,20250219,A010,R018,L012,Día,2036,1400,9.68,8.42,1.26,project_fact_productividad_export.csv,2026-06-23T00:00:00,1938
PD001939,20250604,A010,R028,L012,Día,947,824,11.98,9.86,2.12,project_fact_productividad_export.csv,2026-06-23T00:00:00,1939
PD001940,20250521,A015,R023,L017,Noche,104,98,9.6,7.53,2.08,project_fact_productividad_export.csv,2026-06-23T00:00:00,1940
PD001941,20250228,A017,R002,L003,Tarde,133,119,8.41,6.33,2.08,project_fact_productividad_export.csv,2026-06-23T00:00:00,1941
PD001942,20250219,A006,R016,L015,Día,3553,3170,10.99,9.09,1.9,project_fact_productividad_export.csv,2026-06-23T00:00:00,1942
PD001943,20250411,A004,R021,L006,Día,3864,3756,8.65,7.81,0.85,project_fact_productividad_export.csv,2026-06-23T00:00:00,1943
PD001944,20250225,A006,R004,L012,Día,4135,4538,10.65,8.29,2.37,project_fact_productividad_export.csv,2026-06-23T00:00:00,1944
PD001945,20250115,A011,R009,L011,Tarde,231,196,7.89,6.72,1.17,project_fact_productividad_export.csv,2026-06-23T00:00:00,1945
PD001946,20250529,A017,R020,L013,Tarde,54,53,6.77,5.83,0.94,project_fact_productividad_export.csv,2026-06-23T00:00:00,1946
PD001947,20250419,A006,R013,L011,Noche,1614,1539,8.82,6.67,2.15,project_fact_productividad_export.csv,2026-06-23T00:00:00,1947
PD001948,20250318,A002,R030,L006,Noche,107,103,8.94,6.32,2.62,project_fact_productividad_export.csv,2026-06-23T00:00:00,1948
PD001949,20250606,A001,R019,L011,Día,5551,4975,11.26,9.1,2.16,project_fact_productividad_export.csv,2026-06-23T00:00:00,1949
PD001950,20250410,A007,R015,L006,Noche,2090,1365,9.84,6.49,3.35,project_fact_productividad_export.csv,2026-06-23T00:00:00,1950
PD001951,20250106,A010,R014,L011,Tarde,2125,1775,10.38,6.33,4.05,project_fact_productividad_export.csv,2026-06-23T00:00:00,1951
PD001952,20250220,A008,R020,L012,Noche,3421,2713,6.16,5.08,1.08,project_fact_productividad_export.csv,2026-06-23T00:00:00,1952
PD001953,20250503,A013,R008,L011,Tarde,47,44,9.78,6.76,3.02,project_fact_productividad_export.csv,2026-06-23T00:00:00,1953
PD001954,20250123,A009,R016,L001,Tarde,864,582,9.29,5.95,3.34,project_fact_productividad_export.csv,2026-06-23T00:00:00,1954
PD001955,20250520,A002,R016,L014,Día,26,20,11.85,8.71,3.14,project_fact_productividad_export.csv,2026-06-23T00:00:00,1955
PD001956,20250113,A014,R006,L006,Noche,70,53,10.42,8.82,1.6,project_fact_productividad_export.csv,2026-06-23T00:00:00,1956
PD001957,20250206,A012,R013,L004,Tarde,95,107,8.14,6.29,1.85,project_fact_productividad_export.csv,2026-06-23T00:00:00,1957
PD001958,20250114,A014,R006,L015,Tarde,130,116,10.96,9.1,1.87,project_fact_productividad_export.csv,2026-06-23T00:00:00,1958
PD001959,20250301,A013,R030,L002,Día,250,256,8.48,6.2,2.28,project_fact_productividad_export.csv,2026-06-23T00:00:00,1959
PD001960,20250330,A007,R021,L006,Noche,3599,2437,9.66,5.77,3.89,project_fact_productividad_export.csv,2026-06-23T00:00:00,1960
PD001961,20250521,A009,R021,L001,Día,1139,942,11.83,7.65,4.18,project_fact_productividad_export.csv,2026-06-23T00:00:00,1961
PD001962,20250322,A003,R001,L003,Día,5577,6062,8.11,6.02,2.09,project_fact_productividad_export.csv,2026-06-23T00:00:00,1962
PD001963,20250406,A016,R024,L012,Tarde,33,30,11.49,8.71,2.78,project_fact_productividad_export.csv,2026-06-23T00:00:00,1963
PD001964,20250416,A006,R002,L011,Noche,1432,1120,8.57,6.03,2.54,project_fact_productividad_export.csv,2026-06-23T00:00:00,1964
PD001965,20250115,A015,R022,L002,Día,234,215,9.14,6.77,2.36,project_fact_productividad_export.csv,2026-06-23T00:00:00,1965
PD001966,20250113,A004,R010,L007,Tarde,3509,3046,9.69,7.33,2.36,project_fact_productividad_export.csv,2026-06-23T00:00:00,1966
PD001967,20250301,A001,R018,L002,Día,7149,7424,7.15,5.66,1.5,project_fact_productividad_export.csv,2026-06-23T00:00:00,1967
PD001968,20250112,A001,R010,L013,Tarde,5777,5771,6.93,4.91,2.02,project_fact_productividad_export.csv,2026-06-23T00:00:00,1968
PD001969,20250306,A004,R020,L009,Tarde,4306,3486,10.9,8.12,2.77,project_fact_productividad_export.csv,2026-06-23T00:00:00,1969
PD001970,20250406,A006,R029,L004,Día,1252,1521,8.09,7.04,1.05,project_fact_productividad_export.csv,2026-06-23T00:00:00,1970
PD001971,20250626,A002,R025,L012,Día,92,80,7.7,6.12,1.58,project_fact_productividad_export.csv,2026-06-23T00:00:00,1971
PD001972,20250304,A017,R029,L007,Noche,114,112,9.38,7.55,1.82,project_fact_productividad_export.csv,2026-06-23T00:00:00,1972
PD001973,20250305,A001,R011,L016,Noche,6706,6849,7.99,7.13,0.86,project_fact_productividad_export.csv,2026-06-23T00:00:00,1973
PD001974,20250526,A012,R006,L016,Día,258,272,7.9,6.5,1.4,project_fact_productividad_export.csv,2026-06-23T00:00:00,1974
PD001975,20250518,A017,R020,L017,Tarde,25,23,8.06,6.94,1.12,project_fact_productividad_export.csv,2026-06-23T00:00:00,1975
PD001976,20250610,A017,R006,L009,Día,37,33,7.01,5.29,1.72,project_fact_productividad_export.csv,2026-06-23T00:00:00,1976
PD001977,20250112,A008,R024,L013,Día,3957,3612,9.59,7.35,2.25,project_fact_productividad_export.csv,2026-06-23T00:00:00,1977
PD001978,20250215,A004,R005,L017,Noche,2994,3014,10.39,9.48,0.91,project_fact_productividad_export.csv,2026-06-23T00:00:00,1978
PD001979,20250304,A011,R008,L015,Día,184,179,7.73,5.69,2.04,project_fact_productividad_export.csv,2026-06-23T00:00:00,1979
PD001980,20250203,A016,R007,L013,Día,120,99,9.43,6.57,2.86,project_fact_productividad_export.csv,2026-06-23T00:00:00,1980
PD001981,20250530,A014,R027,L010,Día,152,164,6.63,5.92,0.71,project_fact_productividad_export.csv,2026-06-23T00:00:00,1981
PD001982,20250617,A008,R005,L008,Tarde,3435,3264,7.62,6.58,1.04,project_fact_productividad_export.csv,2026-06-23T00:00:00,1982
PD001983,20250113,A012,R017,L005,Tarde,198,177,8.29,7.06,1.24,project_fact_productividad_export.csv,2026-06-23T00:00:00,1983
PD001984,20250118,A017,R028,L016,Tarde,224,207,9.81,6.94,2.87,project_fact_productividad_export.csv,2026-06-23T00:00:00,1984
PD001985,20250620,A016,R011,L004,Tarde,145,138,6.32,5.36,0.97,project_fact_productividad_export.csv,2026-06-23T00:00:00,1985
PD001986,20250413,A001,R007,L015,Tarde,6459,7425,9.04,8.05,0.99,project_fact_productividad_export.csv,2026-06-23T00:00:00,1986
PD001987,20250419,A001,R003,L006,Noche,3556,3261,8.7,6.29,2.41,project_fact_productividad_export.csv,2026-06-23T00:00:00,1987
PD001988,20250513,A017,R013,L013,Noche,147,174,6.5,5.75,0.76,project_fact_productividad_export.csv,2026-06-23T00:00:00,1988
PD001989,20250525,A015,R002,L012,Tarde,76,70,8.55,6.55,2.0,project_fact_productividad_export.csv,2026-06-23T00:00:00,1989
PD001990,20250303,A015,R019,L001,Tarde,125,118,9.75,8.79,0.96,project_fact_productividad_export.csv,2026-06-23T00:00:00,1990
PD001991,20250521,A010,R024,L005,Noche,2391,1667,9.72,8.57,1.15,project_fact_productividad_export.csv,2026-06-23T00:00:00,1991
PD001992,20250529,A016,R022,L017,Tarde,110,113,9.55,8.53,1.02,project_fact_productividad_export.csv,2026-06-23T00:00:00,1992
PD001993,20250513,A015,R018,L001,Tarde,241,196,6.9,4.84,2.06,project_fact_productividad_export.csv,2026-06-23T00:00:00,1993
PD001994,20250427,A004,R014,L012,Noche,7156,7341,8.6,6.65,1.95,project_fact_productividad_export.csv,2026-06-23T00:00:00,1994
PD001995,20250105,A005,R013,L016,Tarde,1893,1765,11.91,10.7,1.22,project_fact_productividad_export.csv,2026-06-23T00:00:00,1995
PD001996,20250115,A011,R024,L013,Tarde,97,95,7.9,6.42,1.48,project_fact_productividad_export.csv,2026-06-23T00:00:00,1996
PD001997,20250413,A016,R028,L005,Tarde,211,199,8.37,6.33,2.04,project_fact_productividad_export.csv,2026-06-23T00:00:00,1997
PD001998,20250510,A017,R023,L015,Tarde,150,140,8.46,7.37,1.09,project_fact_productividad_export.csv,2026-06-23T00:00:00,1998
PD001999,20250202,A012,R006,L007,Día,161,145,8.08,7.34,0.74,project_fact_productividad_export.csv,2026-06-23T00:00:00,1999
PD002000,20250507,A011,R022,L006,Tarde,221,209,9.26,6.9,2.36,project_fact_productividad_export.csv,2026-06-23T00:00:00,2000
PD002001,20250311,A014,R008,L016,Día,193,178,8.22,6.1,2.12,project_fact_productividad_export.csv,2026-06-23T00:00:00,2001
PD002002,20250520,A009,R022,L012,Día,3650,2814,11.01,9.69,1.32,project_fact_productividad_export.csv,2026-06-23T00:00:00,2002
PD002003,20250521,A011,R011,L013,Tarde,80,70,7.06,4.94,2.11,project_fact_productividad_export.csv,2026-06-23T00:00:00,2003
PD002004,20250119,A013,R010,L017,Día,184,177,9.06,6.97,2.08,project_fact_productividad_export.csv,2026-06-23T00:00:00,2004
PD002005,20250412,A003,R005,L010,Tarde,8297,9365,11.66,9.56,2.1,project_fact_productividad_export.csv,2026-06-23T00:00:00,2005
PD002006,20250510,A003,R002,L007,Día,7451,7051,8.08,6.55,1.53,project_fact_productividad_export.csv,2026-06-23T00:00:00,2006
PD002007,20250315,A010,R004,L003,Tarde,4076,3999,11.74,9.22,2.52,project_fact_productividad_export.csv,2026-06-23T00:00:00,2007
PD002008,20250518,A012,R005,L005,Tarde,209,161,10.23,7.68,2.55,project_fact_productividad_export.csv,2026-06-23T00:00:00,2008
PD002009,20250201,A017,R027,L006,Tarde,93,88,9.63,8.39,1.24,project_fact_productividad_export.csv,2026-06-23T00:00:00,2009
PD002010,20250627,A006,R021,L001,Día,2259,2071,9.39,6.55,2.84,project_fact_productividad_export.csv,2026-06-23T00:00:00,2010
PD002011,20250204,A002,R011,L004,Tarde,253,283,7.34,6.53,0.8,project_fact_productividad_export.csv,2026-06-23T00:00:00,2011
PD002012,20250511,A012,R007,L004,Noche,35,34,9.02,7.46,1.56,project_fact_productividad_export.csv,2026-06-23T00:00:00,2012
PD002013,20250427,A007,R009,L006,Tarde,2331,2412,8.93,6.79,2.14,project_fact_productividad_export.csv,2026-06-23T00:00:00,2013
PD002014,20250128,A004,R005,L011,Día,7124,5964,6.63,5.21,1.43,project_fact_productividad_export.csv,2026-06-23T00:00:00,2014
PD002015,20250529,A013,R002,L006,Tarde,71,86,8.26,7.56,0.7,project_fact_productividad_export.csv,2026-06-23T00:00:00,2015
PD002016,20250624,A008,R015,L006,Noche,3180,3036,6.45,5.68,0.77,project_fact_productividad_export.csv,2026-06-23T00:00:00,2016
PD002017,20250403,A012,R008,L012,Tarde,230,217,8.05,5.91,2.14,project_fact_productividad_export.csv,2026-06-23T00:00:00,2017
PD002018,20250206,A002,R023,L011,Noche,102,85,8.57,6.54,2.03,project_fact_productividad_export.csv,2026-06-23T00:00:00,2018
PD002019,20250129,A014,R010,L004,Tarde,165,131,10.62,9.11,1.52,project_fact_productividad_export.csv,2026-06-23T00:00:00,2019
PD002020,20250525,A005,R013,L012,Tarde,3404,3416,6.58,4.61,1.97,project_fact_productividad_export.csv,2026-06-23T00:00:00,2020
PD002021,20250118,A008,R016,L005,Noche,1547,1389,6.11,5.54,0.57,project_fact_productividad_export.csv,2026-06-23T00:00:00,2021
PD002022,20250304,A009,R021,L014,Día,3054,2208,7.39,4.28,3.11,project_fact_productividad_export.csv,2026-06-23T00:00:00,2022
PD002023,20250530,A012,R027,L013,Tarde,218,215,9.25,7.85,1.4,project_fact_productividad_export.csv,2026-06-23T00:00:00,2023
PD002024,20250609,A015,R023,L007,Día,169,157,8.68,6.39,2.28,project_fact_productividad_export.csv,2026-06-23T00:00:00,2024
PD002025,20250612,A015,R008,L007,Día,76,68,10.03,8.61,1.42,project_fact_productividad_export.csv,2026-06-23T00:00:00,2025
PD002026,20250210,A010,R024,L001,Noche,1496,1075,6.85,5.1,1.76,project_fact_productividad_export.csv,2026-06-23T00:00:00,2026
PD002027,20250403,A009,R026,L013,Tarde,3592,2944,11.42,6.52,4.91,project_fact_productividad_export.csv,2026-06-23T00:00:00,2027
PD002028,20250507,A006,R002,L004,Día,939,757,10.2,7.24,2.96,project_fact_productividad_export.csv,2026-06-23T00:00:00,2028
PD002029,20250307,A016,R026,L015,Noche,175,185,6.46,5.34,1.12,project_fact_productividad_export.csv,2026-06-23T00:00:00,2029
PD002030,20250105,A006,R021,L011,Tarde,3533,2981,9.43,7.36,2.07,project_fact_productividad_export.csv,2026-06-23T00:00:00,2030
PD002031,20250211,A012,R013,L013,Noche,249,264,11.02,7.55,3.47,project_fact_productividad_export.csv,2026-06-23T00:00:00,2031
PD002032,20250220,A015,R019,L005,Noche,215,206,6.7,5.34,1.36,project_fact_productividad_export.csv,2026-06-23T00:00:00,2032
PD002033,20250210,A013,R003,L017,Día,163,157,11.63,10.17,1.46,project_fact_productividad_export.csv,2026-06-23T00:00:00,2033
PD002034,20250412,A008,R011,L012,Tarde,2588,2526,7.77,5.65,2.11,project_fact_productividad_export.csv,2026-06-23T00:00:00,2034
PD002035,20250508,A014,R012,L005,Noche,72,65,7.22,5.63,1.6,project_fact_productividad_export.csv,2026-06-23T00:00:00,2035
PD002036,20250511,A017,R021,L014,Noche,45,41,7.24,5.55,1.69,project_fact_productividad_export.csv,2026-06-23T00:00:00,2036
PD002037,20250220,A007,R020,L007,Día,2235,1431,10.46,6.65,3.81,project_fact_productividad_export.csv,2026-06-23T00:00:00,2037
PD002038,20250216,A002,R006,L010,Tarde,124,126,11.56,9.13,2.43,project_fact_productividad_export.csv,2026-06-23T00:00:00,2038
PD002039,20250228,A012,R005,L009,Noche,53,48,8.98,6.34,2.64,project_fact_productividad_export.csv,2026-06-23T00:00:00,2039
PD002040,20250511,A003,R028,L004,Día,3429,3395,9.98,7.34,2.64,project_fact_productividad_export.csv,2026-06-23T00:00:00,2040
PD002041,20250221,A005,R017,L011,Noche,4166,3764,9.29,7.58,1.71,project_fact_productividad_export.csv,2026-06-23T00:00:00,2041
PD002042,20250609,A001,R025,L007,Tarde,3181,3196,10.77,9.89,0.87,project_fact_productividad_export.csv,2026-06-23T00:00:00,2042
PD002043,20250620,A017,R005,L005,Noche,35,35,10.95,8.76,2.19,project_fact_productividad_export.csv,2026-06-23T00:00:00,2043
PD002044,20250219,A013,R013,L009,Día,214,145,9.86,7.52,2.34,project_fact_productividad_export.csv,2026-06-23T00:00:00,2044
PD002045,20250219,A002,R007,L017,Noche,235,242,10.48,8.56,1.93,project_fact_productividad_export.csv,2026-06-23T00:00:00,2045
PD002046,20250324,A004,R009,L012,Tarde,5232,4559,7.18,6.44,0.74,project_fact_productividad_export.csv,2026-06-23T00:00:00,2046
PD002047,20250419,A011,R019,L017,Noche,187,172,6.55,5.4,1.15,project_fact_productividad_export.csv,2026-06-23T00:00:00,2047
PD002048,20250614,A014,R015,L002,Noche,87,84,11.99,9.83,2.16,project_fact_productividad_export.csv,2026-06-23T00:00:00,2048
PD002049,20250225,A007,R017,L012,Tarde,2174,2049,9.62,7.32,2.3,project_fact_productividad_export.csv,2026-06-23T00:00:00,2049
PD002050,20250124,A009,R028,L011,Noche,3178,1996,6.41,4.89,1.52,project_fact_productividad_export.csv,2026-06-23T00:00:00,2050
PD002051,20250123,A012,R027,L016,Día,139,145,10.1,8.61,1.49,project_fact_productividad_export.csv,2026-06-23T00:00:00,2051
PD002052,20250330,A014,R018,L002,Día,57,38,7.63,5.78,1.85,project_fact_productividad_export.csv,2026-06-23T00:00:00,2052
PD002053,20250116,A008,R001,L007,Noche,1301,1208,11.7,9.25,2.44,project_fact_productividad_export.csv,2026-06-23T00:00:00,2053
PD002054,20250402,A009,R030,L011,Noche,2775,1595,8.68,5.8,2.88,project_fact_productividad_export.csv,2026-06-23T00:00:00,2054
PD002055,20250121,A011,R028,L009,Día,119,97,7.74,5.99,1.76,project_fact_productividad_export.csv,2026-06-23T00:00:00,2055
PD002056,20250503,A017,R023,L012,Día,140,149,6.35,5.2,1.15,project_fact_productividad_export.csv,2026-06-23T00:00:00,2056
PD002057,20250405,A011,R002,L001,Día,115,102,6.54,5.89,0.65,project_fact_productividad_export.csv,2026-06-23T00:00:00,2057
PD002058,20250611,A012,R024,L004,Tarde,55,53,11.55,8.74,2.81,project_fact_productividad_export.csv,2026-06-23T00:00:00,2058
PD002059,20250208,A017,R023,L013,Tarde,147,152,10.86,8.4,2.46,project_fact_productividad_export.csv,2026-06-23T00:00:00,2059
PD002060,20250213,A013,R029,L005,Día,77,74,7.65,6.08,1.57,project_fact_productividad_export.csv,2026-06-23T00:00:00,2060
PD002061,20250430,A016,R006,L017,Noche,180,186,10.79,9.87,0.92,project_fact_productividad_export.csv,2026-06-23T00:00:00,2061
PD002062,20250503,A003,R007,L016,Tarde,5813,5794,9.53,8.29,1.24,project_fact_productividad_export.csv,2026-06-23T00:00:00,2062
PD002063,20250502,A004,R025,L011,Tarde,2927,2343,10.71,8.95,1.76,project_fact_productividad_export.csv,2026-06-23T00:00:00,2063
PD002064,20250114,A003,R029,L008,Día,2704,2614,6.25,4.75,1.5,project_fact_productividad_export.csv,2026-06-23T00:00:00,2064
PD002065,20250424,A017,R012,L016,Noche,36,37,10.15,7.29,2.85,project_fact_productividad_export.csv,2026-06-23T00:00:00,2065
PD002066,20250520,A015,R016,L010,Noche,116,107,11.44,9.3,2.14,project_fact_productividad_export.csv,2026-06-23T00:00:00,2066
PD002067,20250504,A006,R001,L009,Tarde,2555,2520,9.71,8.54,1.16,project_fact_productividad_export.csv,2026-06-23T00:00:00,2067
PD002068,20250624,A001,R014,L017,Noche,3186,3563,10.32,7.88,2.44,project_fact_productividad_export.csv,2026-06-23T00:00:00,2068
PD002069,20250204,A010,R004,L011,Día,3712,3176,11.7,7.91,3.79,project_fact_productividad_export.csv,2026-06-23T00:00:00,2069
PD002070,20250101,A015,R003,L002,Tarde,243,206,6.58,4.76,1.82,project_fact_productividad_export.csv,2026-06-23T00:00:00,2070
PD002071,20250512,A013,R018,L016,Noche,187,181,7.78,6.87,0.91,project_fact_productividad_export.csv,2026-06-23T00:00:00,2071
PD002072,20250422,A014,R008,L014,Tarde,26,23,10.3,9.21,1.1,project_fact_productividad_export.csv,2026-06-23T00:00:00,2072
PD002073,20250206,A013,R022,L013,Noche,173,143,7.94,6.91,1.03,project_fact_productividad_export.csv,2026-06-23T00:00:00,2073
PD002074,20250127,A010,R011,L007,Tarde,993,725,6.28,3.79,2.49,project_fact_productividad_export.csv,2026-06-23T00:00:00,2074
PD002075,20250228,A015,R005,L010,Día,84,100,6.74,4.81,1.92,project_fact_productividad_export.csv,2026-06-23T00:00:00,2075
PD002076,20250613,A004,R009,L001,Día,2210,2661,11.85,9.43,2.42,project_fact_productividad_export.csv,2026-06-23T00:00:00,2076
PD002077,20250214,A005,R002,L007,Tarde,3050,3297,8.95,7.09,1.85,project_fact_productividad_export.csv,2026-06-23T00:00:00,2077
PD002078,20250329,A010,R005,L011,Tarde,1415,902,8.11,6.14,1.97,project_fact_productividad_export.csv,2026-06-23T00:00:00,2078
PD002079,20250207,A016,R014,L008,Tarde,166,153,7.68,6.21,1.47,project_fact_productividad_export.csv,2026-06-23T00:00:00,2079
PD002080,20250613,A016,R019,L009,Tarde,211,232,7.09,5.19,1.9,project_fact_productividad_export.csv,2026-06-23T00:00:00,2080
PD002081,20250525,A007,R008,L009,Día,3742,2681,10.08,7.34,2.73,project_fact_productividad_export.csv,2026-06-23T00:00:00,2081
PD002082,20250119,A005,R026,L002,Noche,2235,2000,6.83,5.7,1.13,project_fact_productividad_export.csv,2026-06-23T00:00:00,2082
PD002083,20250429,A010,R015,L007,Día,1488,1409,6.89,4.5,2.39,project_fact_productividad_export.csv,2026-06-23T00:00:00,2083
PD002084,20250105,A016,R014,L007,Tarde,246,234,10.03,8.67,1.37,project_fact_productividad_export.csv,2026-06-23T00:00:00,2084
PD002085,20250112,A003,R025,L007,Noche,2501,2509,11.96,9.53,2.43,project_fact_productividad_export.csv,2026-06-23T00:00:00,2085
PD002086,20250211,A008,R022,L001,Día,3148,3111,11.93,10.72,1.21,project_fact_productividad_export.csv,2026-06-23T00:00:00,2086
PD002087,20250404,A005,R012,L015,Noche,3444,2632,7.99,6.78,1.21,project_fact_productividad_export.csv,2026-06-23T00:00:00,2087
PD002088,20250219,A011,R014,L005,Noche,183,171,9.21,6.76,2.45,project_fact_productividad_export.csv,2026-06-23T00:00:00,2088
PD002089,20250621,A002,R010,L006,Tarde,190,203,7.98,6.3,1.69,project_fact_productividad_export.csv,2026-06-23T00:00:00,2089
PD002090,20250108,A013,R023,L003,Día,147,131,10.46,9.05,1.4,project_fact_productividad_export.csv,2026-06-23T00:00:00,2090
PD002091,20250624,A014,R015,L013,Día,25,23,9.59,6.69,2.91,project_fact_productividad_export.csv,2026-06-23T00:00:00,2091
PD002092,20250502,A014,R011,L016,Tarde,248,247,8.22,7.19,1.03,project_fact_productividad_export.csv,2026-06-23T00:00:00,2092
PD002093,20250116,A016,R017,L017,Noche,134,140,9.9,8.63,1.28,project_fact_productividad_export.csv,2026-06-23T00:00:00,2093
PD002094,20250221,A002,R023,L010,Tarde,166,155,9.1,8.03,1.07,project_fact_productividad_export.csv,2026-06-23T00:00:00,2094
PD002095,20250503,A014,R014,L015,Tarde,129,120,11.13,9.77,1.36,project_fact_productividad_export.csv,2026-06-23T00:00:00,2095
PD002096,20250606,A012,R014,L016,Día,60,62,10.06,7.37,2.69,project_fact_productividad_export.csv,2026-06-23T00:00:00,2096
PD002097,20250529,A009,R022,L005,Noche,3839,2754,6.17,5.3,0.87,project_fact_productividad_export.csv,2026-06-23T00:00:00,2097
PD002098,20250320,A002,R021,L014,Tarde,45,45,11.65,10.66,0.99,project_fact_productividad_export.csv,2026-06-23T00:00:00,2098
PD002099,20250627,A014,R029,L008,Tarde,171,164,9.91,8.35,1.55,project_fact_productividad_export.csv,2026-06-23T00:00:00,2099
PD002100,20250314,A002,R013,L016,Noche,168,170,9.7,8.44,1.26,project_fact_productividad_export.csv,2026-06-23T00:00:00,2100
PD002101,20250215,A017,R027,L009,Tarde,25,26,10.59,7.4,3.19,project_fact_productividad_export.csv,2026-06-23T00:00:00,2101
PD002102,20250516,A012,R016,L006,Tarde,162,182,6.51,4.88,1.63,project_fact_productividad_export.csv,2026-06-23T00:00:00,2102
PD002103,20250306,A012,R020,L011,Tarde,154,154,6.3,5.25,1.05,project_fact_productividad_export.csv,2026-06-23T00:00:00,2103
PD002104,20250415,A007,R004,L017,Noche,3527,2943,10.5,6.11,4.39,project_fact_productividad_export.csv,2026-06-23T00:00:00,2104
PD002105,20250317,A011,R024,L010,Tarde,176,173,9.57,7.72,1.86,project_fact_productividad_export.csv,2026-06-23T00:00:00,2105
PD002106,20250630,A006,R027,L012,Tarde,1098,1105,7.58,6.79,0.79,project_fact_productividad_export.csv,2026-06-23T00:00:00,2106
PD002107,20250116,A012,R030,L011,Día,259,224,8.14,5.98,2.16,project_fact_productividad_export.csv,2026-06-23T00:00:00,2107
PD002108,20250107,A012,R019,L005,Tarde,165,94,9.69,8.0,1.69,project_fact_productividad_export.csv,2026-06-23T00:00:00,2108
PD002109,20250310,A013,R010,L008,Tarde,221,209,10.35,8.55,1.79,project_fact_productividad_export.csv,2026-06-23T00:00:00,2109
PD002110,20250428,A013,R019,L010,Día,86,72,6.26,4.58,1.68,project_fact_productividad_export.csv,2026-06-23T00:00:00,2110
PD002111,20250430,A005,R011,L007,Tarde,4136,3538,8.71,6.42,2.29,project_fact_productividad_export.csv,2026-06-23T00:00:00,2111
PD002112,20250308,A013,R014,L014,Día,170,177,11.63,8.94,2.69,project_fact_productividad_export.csv,2026-06-23T00:00:00,2112
PD002113,20250606,A005,R011,L009,Noche,2257,2502,10.86,9.83,1.03,project_fact_productividad_export.csv,2026-06-23T00:00:00,2113
PD002114,20250222,A004,R016,L009,Noche,3726,3256,7.77,5.43,2.34,project_fact_productividad_export.csv,2026-06-23T00:00:00,2114
PD002115,20250531,A014,R001,L006,Día,47,39,9.86,6.97,2.89,project_fact_productividad_export.csv,2026-06-23T00:00:00,2115
PD002116,20250122,A001,R027,L003,Noche,6914,7078,8.89,6.6,2.29,project_fact_productividad_export.csv,2026-06-23T00:00:00,2116
PD002117,20250303,A009,R029,L006,Tarde,3911,3122,11.51,10.25,1.26,project_fact_productividad_export.csv,2026-06-23T00:00:00,2117
PD002118,20250209,A011,R027,L005,Día,50,52,10.84,7.65,3.19,project_fact_productividad_export.csv,2026-06-23T00:00:00,2118
PD002119,20250630,A008,R016,L016,Día,2171,2315,11.98,8.32,3.67,project_fact_productividad_export.csv,2026-06-23T00:00:00,2119
PD002120,20250301,A003,R008,L008,Día,7317,6544,10.96,7.77,3.19,project_fact_productividad_export.csv,2026-06-23T00:00:00,2120
PD002121,20250312,A003,R013,L009,Día,2883,2662,9.82,7.53,2.29,project_fact_productividad_export.csv,2026-06-23T00:00:00,2121
PD002122,20250121,A012,R023,L006,Día,256,263,11.47,10.02,1.45,project_fact_productividad_export.csv,2026-06-23T00:00:00,2122
PD002123,20250219,A008,R004,L016,Día,4167,3690,11.54,9.9,1.64,project_fact_productividad_export.csv,2026-06-23T00:00:00,2123
PD002124,20250227,A017,R003,L003,Tarde,182,137,8.27,7.48,0.79,project_fact_productividad_export.csv,2026-06-23T00:00:00,2124
PD002125,20250105,A004,R001,L003,Noche,5462,5472,8.0,5.88,2.12,project_fact_productividad_export.csv,2026-06-23T00:00:00,2125
PD002126,20250115,A011,R014,L006,Noche,62,60,7.18,6.49,0.69,project_fact_productividad_export.csv,2026-06-23T00:00:00,2126
PD002127,20250428,A016,R008,L005,Noche,224,235,11.9,9.97,1.92,project_fact_productividad_export.csv,2026-06-23T00:00:00,2127
PD002128,20250430,A012,R025,L004,Noche,53,57,6.12,5.46,0.66,project_fact_productividad_export.csv,2026-06-23T00:00:00,2128
PD002129,20250122,A005,R003,L009,Noche,1426,1446,6.59,6.03,0.56,project_fact_productividad_export.csv,2026-06-23T00:00:00,2129
PD002130,20250523,A011,R001,L001,Noche,63,70,7.4,6.7,0.7,project_fact_productividad_export.csv,2026-06-23T00:00:00,2130
PD002131,20250324,A002,R007,L008,Tarde,153,147,11.97,9.12,2.85,project_fact_productividad_export.csv,2026-06-23T00:00:00,2131
PD002132,20250206,A003,R018,L016,Día,5206,5871,8.89,6.15,2.74,project_fact_productividad_export.csv,2026-06-23T00:00:00,2132
PD002133,20250105,A005,R029,L015,Tarde,1925,1767,10.98,9.4,1.59,project_fact_productividad_export.csv,2026-06-23T00:00:00,2133
PD002134,20250513,A001,R017,L001,Día,2381,2053,9.89,8.43,1.46,project_fact_productividad_export.csv,2026-06-23T00:00:00,2134
PD002135,20250102,A009,R023,L016,Noche,3032,2320,11.97,8.22,3.75,project_fact_productividad_export.csv,2026-06-23T00:00:00,2135
PD002136,20250221,A007,R002,L015,Noche,1920,954,7.11,4.04,3.07,project_fact_productividad_export.csv,2026-06-23T00:00:00,2136
PD002137,20250407,A014,R022,L008,Tarde,126,107,11.3,8.59,2.7,project_fact_productividad_export.csv,2026-06-23T00:00:00,2137
PD002138,20250105,A014,R012,L002,Noche,158,165,10.92,7.77,3.15,project_fact_productividad_export.csv,2026-06-23T00:00:00,2138
PD002139,20250609,A014,R029,L001,Noche,144,111,6.22,4.54,1.68,project_fact_productividad_export.csv,2026-06-23T00:00:00,2139
PD002140,20250314,A005,R021,L007,Tarde,3893,3354,10.73,9.58,1.15,project_fact_productividad_export.csv,2026-06-23T00:00:00,2140
PD002141,20250131,A004,R015,L006,Día,2562,2603,7.54,5.38,2.16,project_fact_productividad_export.csv,2026-06-23T00:00:00,2141
PD002142,20250120,A013,R002,L004,Tarde,105,109,11.44,8.33,3.11,project_fact_productividad_export.csv,2026-06-23T00:00:00,2142
PD002143,20250603,A015,R022,L011,Tarde,62,79,8.66,6.04,2.62,project_fact_productividad_export.csv,2026-06-23T00:00:00,2143
PD002144,20250321,A012,R017,L003,Día,182,120,10.17,8.62,1.56,project_fact_productividad_export.csv,2026-06-23T00:00:00,2144
PD002145,20250304,A003,R008,L012,Tarde,7288,6365,8.84,7.3,1.54,project_fact_productividad_export.csv,2026-06-23T00:00:00,2145
PD002146,20250415,A014,R015,L013,Día,232,279,9.2,6.94,2.26,project_fact_productividad_export.csv,2026-06-23T00:00:00,2146
PD002147,20250614,A005,R022,L010,Noche,3098,2713,9.26,7.66,1.6,project_fact_productividad_export.csv,2026-06-23T00:00:00,2147
PD002148,20250425,A004,R010,L007,Noche,3988,4180,11.73,8.17,3.55,project_fact_productividad_export.csv,2026-06-23T00:00:00,2148
PD002149,20250617,A009,R003,L004,Tarde,3070,2031,11.84,7.08,4.76,project_fact_productividad_export.csv,2026-06-23T00:00:00,2149
PD002150,20250327,A011,R007,L005,Día,214,231,8.54,7.23,1.31,project_fact_productividad_export.csv,2026-06-23T00:00:00,2150
PD002151,20250123,A015,R016,L016,Día,95,97,9.42,8.23,1.19,project_fact_productividad_export.csv,2026-06-23T00:00:00,2151
PD002152,20250129,A007,R009,L016,Tarde,966,897,6.06,4.6,1.46,project_fact_productividad_export.csv,2026-06-23T00:00:00,2152
PD002153,20250111,A001,R011,L005,Día,7764,6815,8.77,6.19,2.57,project_fact_productividad_export.csv,2026-06-23T00:00:00,2153
PD002154,20250525,A003,R030,L017,Noche,4232,4278,11.85,9.85,2.0,project_fact_productividad_export.csv,2026-06-23T00:00:00,2154
PD002155,20250324,A014,R024,L001,Tarde,194,234,11.24,7.82,3.42,project_fact_productividad_export.csv,2026-06-23T00:00:00,2155
PD002156,20250409,A002,R016,L013,Día,86,86,7.54,5.99,1.56,project_fact_productividad_export.csv,2026-06-23T00:00:00,2156
PD002157,20250119,A010,R003,L003,Tarde,1527,1078,8.84,6.55,2.29,project_fact_productividad_export.csv,2026-06-23T00:00:00,2157
PD002158,20250125,A013,R006,L012,Día,40,38,9.99,7.65,2.34,project_fact_productividad_export.csv,2026-06-23T00:00:00,2158
PD002159,20250529,A011,R021,L009,Noche,259,244,7.94,7.3,0.64,project_fact_productividad_export.csv,2026-06-23T00:00:00,2159
PD002160,20250212,A008,R030,L010,Tarde,4049,4319,7.8,6.23,1.56,project_fact_productividad_export.csv,2026-06-23T00:00:00,2160
PD002161,20250508,A012,R011,L011,Noche,163,141,7.0,5.68,1.32,project_fact_productividad_export.csv,2026-06-23T00:00:00,2161
PD002162,20250120,A005,R014,L016,Noche,730,601,6.92,6.34,0.58,project_fact_productividad_export.csv,2026-06-23T00:00:00,2162
PD002163,20250101,A015,R026,L005,Tarde,166,191,8.97,7.83,1.15,project_fact_productividad_export.csv,2026-06-23T00:00:00,2163
PD002164,20250216,A010,R022,L015,Noche,1579,949,11.26,9.54,1.72,project_fact_productividad_export.csv,2026-06-23T00:00:00,2164
PD002165,20250502,A011,R002,L017,Noche,110,83,8.84,6.1,2.74,project_fact_productividad_export.csv,2026-06-23T00:00:00,2165
PD002166,20250518,A002,R023,L008,Día,114,117,8.58,6.97,1.61,project_fact_productividad_export.csv,2026-06-23T00:00:00,2166
PD002167,20250309,A008,R028,L013,Día,1759,1947,8.5,6.68,1.82,project_fact_productividad_export.csv,2026-06-23T00:00:00,2167
PD002168,20250404,A010,R016,L003,Noche,2876,2357,10.19,6.71,3.48,project_fact_productividad_export.csv,2026-06-23T00:00:00,2168
PD002169,20250430,A016,R025,L004,Día,123,122,10.73,7.93,2.8,project_fact_productividad_export.csv,2026-06-23T00:00:00,2169
PD002170,20250226,A006,R019,L002,Tarde,3580,3106,7.18,4.88,2.3,project_fact_productividad_export.csv,2026-06-23T00:00:00,2170
PD002171,20250311,A009,R013,L016,Día,3063,2908,11.48,8.74,2.74,project_fact_productividad_export.csv,2026-06-23T00:00:00,2171
PD002172,20250305,A006,R012,L001,Día,1224,944,6.49,4.85,1.64,project_fact_productividad_export.csv,2026-06-23T00:00:00,2172
PD002173,20250510,A009,R026,L008,Tarde,862,646,6.75,5.52,1.23,project_fact_productividad_export.csv,2026-06-23T00:00:00,2173
PD002174,20250521,A004,R027,L007,Tarde,3844,2684,6.27,5.26,1.01,project_fact_productividad_export.csv,2026-06-23T00:00:00,2174
PD002175,20250203,A009,R019,L007,Día,3604,2890,7.99,5.29,2.71,project_fact_productividad_export.csv,2026-06-23T00:00:00,2175
PD002176,20250125,A004,R016,L016,Noche,8436,8839,7.15,5.08,2.07,project_fact_productividad_export.csv,2026-06-23T00:00:00,2176
PD002177,20250328,A003,R004,L006,Noche,8425,6642,10.73,7.53,3.2,project_fact_productividad_export.csv,2026-06-23T00:00:00,2177
PD002178,20250507,A007,R007,L012,Noche,3302,2480,8.13,4.8,3.33,project_fact_productividad_export.csv,2026-06-23T00:00:00,2178
PD002179,20250224,A006,R025,L011,Día,699,522,7.87,6.01,1.86,project_fact_productividad_export.csv,2026-06-23T00:00:00,2179
PD002180,20250102,A017,R001,L006,Noche,23,21,11.37,8.03,3.34,project_fact_productividad_export.csv,2026-06-23T00:00:00,2180
PD002181,20250629,A007,R012,L012,Noche,2173,1437,8.23,6.89,1.33,project_fact_productividad_export.csv,2026-06-23T00:00:00,2181
PD002182,20250612,A008,R018,L015,Tarde,1535,1718,8.42,6.44,1.98,project_fact_productividad_export.csv,2026-06-23T00:00:00,2182
PD002183,20250519,A012,R018,L009,Día,60,70,10.23,8.95,1.28,project_fact_productividad_export.csv,2026-06-23T00:00:00,2183
PD002184,20250213,A015,R013,L003,Tarde,76,67,11.75,9.8,1.95,project_fact_productividad_export.csv,2026-06-23T00:00:00,2184
PD002185,20250520,A005,R028,L001,Día,3167,2845,8.66,5.98,2.68,project_fact_productividad_export.csv,2026-06-23T00:00:00,2185
PD002186,20250324,A016,R001,L009,Día,141,140,10.19,8.51,1.68,project_fact_productividad_export.csv,2026-06-23T00:00:00,2186
PD002187,20250511,A015,R007,L002,Día,202,174,10.72,8.56,2.16,project_fact_productividad_export.csv,2026-06-23T00:00:00,2187
PD002188,20250510,A013,R016,L004,Tarde,193,203,6.59,5.78,0.81,project_fact_productividad_export.csv,2026-06-23T00:00:00,2188
PD002189,20250225,A011,R027,L003,Día,158,185,10.55,7.48,3.07,project_fact_productividad_export.csv,2026-06-23T00:00:00,2189
PD002190,20250104,A013,R030,L017,Noche,86,78,9.95,9.11,0.84,project_fact_productividad_export.csv,2026-06-23T00:00:00,2190
PD002191,20250103,A010,R028,L011,Día,1832,1197,11.4,8.76,2.65,project_fact_productividad_export.csv,2026-06-23T00:00:00,2191
PD002192,20250305,A013,R016,L007,Tarde,126,126,6.37,5.28,1.09,project_fact_productividad_export.csv,2026-06-23T00:00:00,2192
PD002193,20250325,A001,R010,L016,Tarde,5788,5295,11.26,8.42,2.85,project_fact_productividad_export.csv,2026-06-23T00:00:00,2193
PD002194,20250615,A013,R012,L002,Noche,47,45,7.22,5.22,2.0,project_fact_productividad_export.csv,2026-06-23T00:00:00,2194
PD002195,20250408,A014,R004,L003,Día,53,51,8.01,5.63,2.38,project_fact_productividad_export.csv,2026-06-23T00:00:00,2195
PD002196,20250521,A008,R025,L006,Día,3074,2878,11.3,7.81,3.49,project_fact_productividad_export.csv,2026-06-23T00:00:00,2196
PD002197,20250219,A011,R017,L016,Tarde,179,162,11.17,8.61,2.56,project_fact_productividad_export.csv,2026-06-23T00:00:00,2197
PD002198,20250306,A007,R026,L014,Tarde,2078,1814,9.59,8.13,1.46,project_fact_productividad_export.csv,2026-06-23T00:00:00,2198
PD002199,20250129,A016,R024,L009,Día,190,182,9.15,7.86,1.29,project_fact_productividad_export.csv,2026-06-23T00:00:00,2199
PD002200,20250122,A014,R021,L008,Día,137,108,11.53,8.66,2.87,project_fact_productividad_export.csv,2026-06-23T00:00:00,2200
PD002201,20250306,A011,R001,L010,Día,22,20,8.54,7.04,1.5,project_fact_productividad_export.csv,2026-06-23T00:00:00,2201
PD002202,20250501,A012,R012,L008,Tarde,227,202,7.33,6.45,0.87,project_fact_productividad_export.csv,2026-06-23T00:00:00,2202
PD002203,20250324,A015,R012,L009,Tarde,80,85,9.53,8.64,0.89,project_fact_productividad_export.csv,2026-06-23T00:00:00,2203
PD002204,20250324,A007,R009,L002,Día,765,598,10.41,7.81,2.59,project_fact_productividad_export.csv,2026-06-23T00:00:00,2204
PD002205,20250527,A017,R028,L002,Día,127,117,10.51,7.54,2.97,project_fact_productividad_export.csv,2026-06-23T00:00:00,2205
PD002206,20250426,A009,R005,L010,Noche,1592,1235,10.25,6.25,4.0,project_fact_productividad_export.csv,2026-06-23T00:00:00,2206
PD002207,20250605,A017,R015,L003,Día,240,222,11.7,10.43,1.27,project_fact_productividad_export.csv,2026-06-23T00:00:00,2207
PD002208,20250626,A001,R016,L017,Noche,3869,3658,11.27,8.69,2.58,project_fact_productividad_export.csv,2026-06-23T00:00:00,2208
PD002209,20250303,A016,R029,L015,Noche,134,132,6.3,4.62,1.69,project_fact_productividad_export.csv,2026-06-23T00:00:00,2209
PD002210,20250514,A004,R002,L001,Tarde,5019,4718,11.97,8.59,3.38,project_fact_productividad_export.csv,2026-06-23T00:00:00,2210
PD002211,20250531,A001,R016,L017,Día,3282,2691,10.67,7.75,2.92,project_fact_productividad_export.csv,2026-06-23T00:00:00,2211
PD002212,20250430,A015,R010,L007,Tarde,166,174,9.21,7.62,1.59,project_fact_productividad_export.csv,2026-06-23T00:00:00,2212
PD002213,20250103,A006,R006,L009,Noche,2533,1605,8.25,6.85,1.4,project_fact_productividad_export.csv,2026-06-23T00:00:00,2213
PD002214,20250120,A003,R017,L008,Noche,3699,3204,6.6,5.51,1.1,project_fact_productividad_export.csv,2026-06-23T00:00:00,2214
PD002215,20250429,A010,R014,L002,Día,2729,2139,8.01,5.81,2.2,project_fact_productividad_export.csv,2026-06-23T00:00:00,2215
PD002216,20250512,A016,R002,L012,Tarde,37,37,7.49,6.06,1.44,project_fact_productividad_export.csv,2026-06-23T00:00:00,2216
PD002217,20250120,A017,R018,L010,Noche,249,256,7.57,5.57,2.0,project_fact_productividad_export.csv,2026-06-23T00:00:00,2217
PD002218,20250125,A006,R017,L014,Noche,3158,2463,7.32,5.05,2.26,project_fact_productividad_export.csv,2026-06-23T00:00:00,2218
PD002219,20250204,A004,R001,L016,Día,5008,5349,7.83,5.5,2.33,project_fact_productividad_export.csv,2026-06-23T00:00:00,2219
PD002220,20250501,A002,R009,L013,Noche,248,283,7.25,6.46,0.79,project_fact_productividad_export.csv,2026-06-23T00:00:00,2220
PD002221,20250110,A006,R027,L016,Noche,3311,2693,6.8,5.99,0.81,project_fact_productividad_export.csv,2026-06-23T00:00:00,2221
PD002222,20250629,A006,R009,L011,Día,1206,1040,6.68,4.68,2.0,project_fact_productividad_export.csv,2026-06-23T00:00:00,2222
PD002223,20250406,A013,R017,L003,Noche,47,49,11.82,8.06,3.76,project_fact_productividad_export.csv,2026-06-23T00:00:00,2223
PD002224,20250317,A006,R030,L014,Noche,3390,3039,9.6,7.89,1.71,project_fact_productividad_export.csv,2026-06-23T00:00:00,2224
PD002225,20250424,A014,R003,L002,Día,98,73,8.53,6.93,1.6,project_fact_productividad_export.csv,2026-06-23T00:00:00,2225
PD002226,20250204,A009,R026,L011,Noche,2780,1372,11.03,9.7,1.32,project_fact_productividad_export.csv,2026-06-23T00:00:00,2226
PD002227,20250205,A006,R024,L006,Día,1309,1365,6.08,4.57,1.51,project_fact_productividad_export.csv,2026-06-23T00:00:00,2227
PD002228,20250216,A014,R026,L002,Día,238,221,6.07,5.18,0.89,project_fact_productividad_export.csv,2026-06-23T00:00:00,2228
PD002229,20250419,A006,R028,L009,Tarde,3597,3591,7.2,6.43,0.76,project_fact_productividad_export.csv,2026-06-23T00:00:00,2229
PD002230,20250313,A012,R021,L006,Tarde,253,275,6.02,5.12,0.91,project_fact_productividad_export.csv,2026-06-23T00:00:00,2230
PD002231,20250215,A008,R018,L011,Día,2672,2694,7.79,5.71,2.08,project_fact_productividad_export.csv,2026-06-23T00:00:00,2231
PD002232,20250319,A005,R006,L006,Noche,3444,3561,11.53,7.88,3.65,project_fact_productividad_export.csv,2026-06-23T00:00:00,2232
PD002233,20250525,A011,R009,L006,Día,171,157,10.57,8.65,1.92,project_fact_productividad_export.csv,2026-06-23T00:00:00,2233
PD002234,20250119,A016,R006,L003,Tarde,175,179,6.21,5.1,1.11,project_fact_productividad_export.csv,2026-06-23T00:00:00,2234
PD002235,20250611,A017,R001,L005,Noche,72,55,10.1,9.27,0.82,project_fact_productividad_export.csv,2026-06-23T00:00:00,2235
PD002236,20250518,A013,R020,L003,Día,97,97,7.16,6.52,0.64,project_fact_productividad_export.csv,2026-06-23T00:00:00,2236
PD002237,20250424,A002,R020,L007,Noche,97,93,6.98,5.18,1.8,project_fact_productividad_export.csv,2026-06-23T00:00:00,2237
PD002238,20250404,A015,R011,L006,Noche,33,32,8.23,7.05,1.18,project_fact_productividad_export.csv,2026-06-23T00:00:00,2238
PD002239,20250319,A008,R004,L006,Noche,1264,1208,6.61,5.94,0.68,project_fact_productividad_export.csv,2026-06-23T00:00:00,2239
PD002240,20250510,A015,R002,L009,Día,241,270,10.45,8.52,1.94,project_fact_productividad_export.csv,2026-06-23T00:00:00,2240
PD002241,20250121,A017,R003,L003,Noche,99,77,11.43,8.9,2.53,project_fact_productividad_export.csv,2026-06-23T00:00:00,2241
PD002242,20250612,A008,R003,L005,Noche,1621,1769,7.89,6.25,1.64,project_fact_productividad_export.csv,2026-06-23T00:00:00,2242
PD002243,20250314,A011,R027,L015,Día,113,96,8.16,7.35,0.82,project_fact_productividad_export.csv,2026-06-23T00:00:00,2243
PD002244,20250516,A010,R019,L012,Tarde,3561,3074,7.36,5.21,2.15,project_fact_productividad_export.csv,2026-06-23T00:00:00,2244
PD002245,20250226,A014,R015,L008,Tarde,138,130,9.23,6.44,2.78,project_fact_productividad_export.csv,2026-06-23T00:00:00,2245
PD002246,20250327,A009,R011,L001,Noche,1059,945,9.0,7.06,1.94,project_fact_productividad_export.csv,2026-06-23T00:00:00,2246
PD002247,20250202,A005,R010,L009,Día,2672,3015,7.32,6.5,0.82,project_fact_productividad_export.csv,2026-06-23T00:00:00,2247
PD002248,20250526,A015,R023,L008,Día,27,22,7.05,5.1,1.95,project_fact_productividad_export.csv,2026-06-23T00:00:00,2248
PD002249,20250529,A001,R004,L009,Día,4796,4186,9.05,8.07,0.98,project_fact_productividad_export.csv,2026-06-23T00:00:00,2249
PD002250,20250418,A010,R013,L013,Tarde,4195,3586,9.02,7.98,1.04,project_fact_productividad_export.csv,2026-06-23T00:00:00,2250
PD002251,20250303,A004,R017,L016,Día,3309,2747,6.95,5.69,1.26,project_fact_productividad_export.csv,2026-06-23T00:00:00,2251
PD002252,20250102,A003,R009,L010,Tarde,8375,9648,11.01,7.62,3.39,project_fact_productividad_export.csv,2026-06-23T00:00:00,2252
PD002253,20250630,A008,R003,L001,Día,4128,4745,7.71,6.66,1.05,project_fact_productividad_export.csv,2026-06-23T00:00:00,2253
PD002254,20250202,A017,R013,L002,Día,102,97,11.74,8.04,3.7,project_fact_productividad_export.csv,2026-06-23T00:00:00,2254
PD002255,20250310,A017,R020,L013,Día,219,202,7.67,6.87,0.8,project_fact_productividad_export.csv,2026-06-23T00:00:00,2255
PD002256,20250223,A008,R012,L010,Día,4013,4000,8.2,6.75,1.46,project_fact_productividad_export.csv,2026-06-23T00:00:00,2256
PD002257,20250504,A014,R013,L016,Día,239,207,8.55,7.81,0.74,project_fact_productividad_export.csv,2026-06-23T00:00:00,2257
PD002258,20250529,A004,R015,L004,Noche,8009,7716,7.89,7.26,0.63,project_fact_productividad_export.csv,2026-06-23T00:00:00,2258
PD002259,20250612,A017,R010,L011,Noche,230,175,9.24,6.76,2.48,project_fact_productividad_export.csv,2026-06-23T00:00:00,2259
PD002260,20250107,A008,R001,L010,Tarde,1752,1388,7.8,5.42,2.37,project_fact_productividad_export.csv,2026-06-23T00:00:00,2260
PD002261,20250515,A004,R004,L015,Día,2618,2531,6.67,5.42,1.25,project_fact_productividad_export.csv,2026-06-23T00:00:00,2261
PD002262,20250312,A012,R026,L011,Tarde,136,142,11.69,8.26,3.43,project_fact_productividad_export.csv,2026-06-23T00:00:00,2262
PD002263,20250428,A002,R027,L003,Día,178,209,9.17,8.15,1.02,project_fact_productividad_export.csv,2026-06-23T00:00:00,2263
PD002264,20250416,A008,R004,L014,Noche,939,1045,10.5,7.49,3.0,project_fact_productividad_export.csv,2026-06-23T00:00:00,2264
PD002265,20250609,A009,R026,L003,Tarde,2054,1788,9.12,6.38,2.75,project_fact_productividad_export.csv,2026-06-23T00:00:00,2265
PD002266,20250313,A015,R005,L014,Día,78,76,10.57,9.11,1.46,project_fact_productividad_export.csv,2026-06-23T00:00:00,2266
PD002267,20250513,A008,R024,L015,Tarde,4134,4000,6.49,5.62,0.87,project_fact_productividad_export.csv,2026-06-23T00:00:00,2267
PD002268,20250608,A009,R030,L006,Día,2277,2121,9.7,8.43,1.27,project_fact_productividad_export.csv,2026-06-23T00:00:00,2268
PD002269,20250519,A006,R026,L014,Día,3213,2827,7.0,5.97,1.02,project_fact_productividad_export.csv,2026-06-23T00:00:00,2269
PD002270,20250208,A011,R009,L016,Día,103,95,7.2,5.4,1.81,project_fact_productividad_export.csv,2026-06-23T00:00:00,2270
PD002271,20250412,A002,R009,L004,Tarde,146,173,7.57,5.33,2.24,project_fact_productividad_export.csv,2026-06-23T00:00:00,2271
PD002272,20250423,A012,R025,L007,Noche,229,224,9.37,7.67,1.7,project_fact_productividad_export.csv,2026-06-23T00:00:00,2272
PD002273,20250630,A016,R006,L005,Noche,246,238,7.98,6.07,1.91,project_fact_productividad_export.csv,2026-06-23T00:00:00,2273
PD002274,20250115,A006,R010,L004,Noche,3612,3639,6.66,5.93,0.73,project_fact_productividad_export.csv,2026-06-23T00:00:00,2274
PD002275,20250309,A017,R016,L008,Tarde,233,225,11.72,10.21,1.51,project_fact_productividad_export.csv,2026-06-23T00:00:00,2275
PD002276,20250212,A013,R025,L009,Noche,73,88,6.14,5.04,1.11,project_fact_productividad_export.csv,2026-06-23T00:00:00,2276
PD002277,20250617,A010,R016,L010,Noche,974,576,6.69,4.05,2.64,project_fact_productividad_export.csv,2026-06-23T00:00:00,2277
PD002278,20250416,A003,R028,L008,Noche,6136,5478,11.29,8.58,2.71,project_fact_productividad_export.csv,2026-06-23T00:00:00,2278
PD002279,20250506,A014,R026,L009,Noche,174,135,11.48,7.87,3.61,project_fact_productividad_export.csv,2026-06-23T00:00:00,2279
PD002280,20250107,A008,R013,L013,Tarde,2081,1903,10.99,9.57,1.42,project_fact_productividad_export.csv,2026-06-23T00:00:00,2280
PD002281,20250223,A010,R008,L003,Noche,4050,3389,8.38,5.6,2.78,project_fact_productividad_export.csv,2026-06-23T00:00:00,2281
PD002282,20250206,A004,R024,L010,Día,2475,2607,9.58,6.66,2.92,project_fact_productividad_export.csv,2026-06-23T00:00:00,2282
PD002283,20250601,A007,R004,L016,Día,954,614,8.35,4.9,3.44,project_fact_productividad_export.csv,2026-06-23T00:00:00,2283
PD002284,20250125,A003,R014,L012,Noche,6141,6228,7.85,6.26,1.59,project_fact_productividad_export.csv,2026-06-23T00:00:00,2284
PD002285,20250615,A014,R011,L017,Día,39,38,8.35,6.59,1.76,project_fact_productividad_export.csv,2026-06-23T00:00:00,2285
PD002286,20250606,A003,R007,L002,Día,7571,7079,6.03,5.13,0.9,project_fact_productividad_export.csv,2026-06-23T00:00:00,2286
PD002287,20250130,A007,R028,L012,Día,1874,1816,9.71,7.02,2.69,project_fact_productividad_export.csv,2026-06-23T00:00:00,2287
PD002288,20250420,A002,R017,L012,Noche,45,38,8.1,6.65,1.45,project_fact_productividad_export.csv,2026-06-23T00:00:00,2288
PD002289,20250507,A015,R013,L012,Día,95,87,9.54,6.64,2.89,project_fact_productividad_export.csv,2026-06-23T00:00:00,2289
PD002290,20250420,A004,R026,L005,Tarde,4494,4237,6.39,5.82,0.57,project_fact_productividad_export.csv,2026-06-23T00:00:00,2290
PD002291,20250417,A002,R011,L011,Tarde,136,147,10.91,7.71,3.2,project_fact_productividad_export.csv,2026-06-23T00:00:00,2291
PD002292,20250209,A007,R012,L013,Día,2927,2506,9.17,5.56,3.62,project_fact_productividad_export.csv,2026-06-23T00:00:00,2292
PD002293,20250224,A009,R010,L003,Día,2584,2377,11.44,10.18,1.27,project_fact_productividad_export.csv,2026-06-23T00:00:00,2293
PD002294,20250518,A002,R009,L005,Noche,210,204,9.79,8.37,1.42,project_fact_productividad_export.csv,2026-06-23T00:00:00,2294
PD002295,20250419,A005,R026,L006,Tarde,2068,1920,8.91,7.62,1.29,project_fact_productividad_export.csv,2026-06-23T00:00:00,2295
PD002296,20250602,A006,R026,L007,Día,2369,2547,6.62,5.38,1.25,project_fact_productividad_export.csv,2026-06-23T00:00:00,2296
PD002297,20250324,A009,R011,L016,Noche,1692,1261,9.88,6.72,3.15,project_fact_productividad_export.csv,2026-06-23T00:00:00,2297
PD002298,20250422,A006,R023,L013,Noche,1580,1578,11.44,9.77,1.67,project_fact_productividad_export.csv,2026-06-23T00:00:00,2298
PD002299,20250426,A011,R015,L013,Noche,250,254,6.86,5.82,1.04,project_fact_productividad_export.csv,2026-06-23T00:00:00,2299
PD002300,20250505,A012,R009,L009,Tarde,162,137,10.41,8.85,1.56,project_fact_productividad_export.csv,2026-06-23T00:00:00,2300
PD002301,20250614,A009,R025,L001,Día,3798,2434,8.25,6.49,1.76,project_fact_productividad_export.csv,2026-06-23T00:00:00,2301
PD002302,20250213,A014,R023,L016,Noche,112,117,11.77,8.15,3.62,project_fact_productividad_export.csv,2026-06-23T00:00:00,2302
PD002303,20250220,A006,R024,L008,Tarde,1367,1284,11.56,10.4,1.16,project_fact_productividad_export.csv,2026-06-23T00:00:00,2303
PD002304,20250519,A008,R011,L012,Noche,4180,3173,10.42,8.33,2.09,project_fact_productividad_export.csv,2026-06-23T00:00:00,2304
PD002305,20250330,A001,R022,L007,Noche,7168,7176,9.58,7.25,2.32,project_fact_productividad_export.csv,2026-06-23T00:00:00,2305
PD002306,20250329,A016,R006,L016,Noche,249,258,6.57,4.53,2.04,project_fact_productividad_export.csv,2026-06-23T00:00:00,2306
PD002307,20250330,A011,R022,L010,Tarde,114,106,6.16,4.36,1.81,project_fact_productividad_export.csv,2026-06-23T00:00:00,2307
PD002308,20250221,A017,R009,L017,Día,124,100,6.76,6.16,0.6,project_fact_productividad_export.csv,2026-06-23T00:00:00,2308
PD002309,20250319,A005,R029,L001,Noche,2488,1972,8.05,5.91,2.14,project_fact_productividad_export.csv,2026-06-23T00:00:00,2309
PD002310,20250409,A007,R030,L010,Noche,924,601,9.05,7.05,2.0,project_fact_productividad_export.csv,2026-06-23T00:00:00,2310
PD002311,20250430,A001,R009,L013,Noche,5517,5943,12.0,8.78,3.21,project_fact_productividad_export.csv,2026-06-23T00:00:00,2311
PD002312,20250124,A001,R004,L014,Tarde,5633,5394,8.17,6.54,1.64,project_fact_productividad_export.csv,2026-06-23T00:00:00,2312
PD002313,20250412,A001,R023,L010,Día,6068,6423,9.77,8.8,0.97,project_fact_productividad_export.csv,2026-06-23T00:00:00,2313
PD002314,20250215,A007,R012,L014,Noche,2527,1526,7.87,6.68,1.19,project_fact_productividad_export.csv,2026-06-23T00:00:00,2314
PD002315,20250210,A005,R024,L008,Día,1520,1344,10.5,8.6,1.89,project_fact_productividad_export.csv,2026-06-23T00:00:00,2315
PD002316,20250407,A012,R017,L011,Día,126,116,10.02,8.11,1.9,project_fact_productividad_export.csv,2026-06-23T00:00:00,2316
PD002317,20250616,A007,R001,L017,Tarde,3623,2907,9.36,7.7,1.66,project_fact_productividad_export.csv,2026-06-23T00:00:00,2317
PD002318,20250614,A005,R019,L005,Día,2511,2336,11.46,8.95,2.51,project_fact_productividad_export.csv,2026-06-23T00:00:00,2318
PD002319,20250208,A015,R003,L005,Día,237,211,6.93,6.26,0.67,project_fact_productividad_export.csv,2026-06-23T00:00:00,2319
PD002320,20250517,A015,R027,L002,Día,204,232,8.09,6.44,1.65,project_fact_productividad_export.csv,2026-06-23T00:00:00,2320
PD002321,20250217,A013,R018,L013,Tarde,60,66,6.11,4.95,1.15,project_fact_productividad_export.csv,2026-06-23T00:00:00,2321
PD002322,20250604,A008,R003,L001,Día,1838,1923,10.52,7.78,2.74,project_fact_productividad_export.csv,2026-06-23T00:00:00,2322
PD002323,20250519,A016,R012,L017,Día,244,250,10.94,7.66,3.28,project_fact_productividad_export.csv,2026-06-23T00:00:00,2323
PD002324,20250525,A015,R014,L006,Día,37,38,11.74,10.58,1.16,project_fact_productividad_export.csv,2026-06-23T00:00:00,2324
PD002325,20250603,A011,R026,L017,Día,141,145,11.11,8.71,2.39,project_fact_productividad_export.csv,2026-06-23T00:00:00,2325
PD002326,20250323,A017,R024,L007,Noche,79,64,10.68,9.23,1.46,project_fact_productividad_export.csv,2026-06-23T00:00:00,2326
PD002327,20250509,A010,R011,L015,Noche,677,518,10.49,9.02,1.47,project_fact_productividad_export.csv,2026-06-23T00:00:00,2327
PD002328,20250611,A007,R012,L006,Noche,3606,2831,9.92,6.02,3.89,project_fact_productividad_export.csv,2026-06-23T00:00:00,2328
PD002329,20250121,A003,R017,L009,Noche,3869,4457,8.17,7.26,0.91,project_fact_productividad_export.csv,2026-06-23T00:00:00,2329
PD002330,20250109,A012,R011,L014,Noche,72,80,10.74,9.26,1.48,project_fact_productividad_export.csv,2026-06-23T00:00:00,2330
PD002331,20250405,A001,R028,L003,Tarde,4292,4735,8.06,6.14,1.92,project_fact_productividad_export.csv,2026-06-23T00:00:00,2331
PD002332,20250526,A016,R021,L001,Tarde,103,108,6.92,6.23,0.69,project_fact_productividad_export.csv,2026-06-23T00:00:00,2332
PD002333,20250527,A014,R029,L011,Noche,259,329,6.08,4.75,1.33,project_fact_productividad_export.csv,2026-06-23T00:00:00,2333
PD002334,20250624,A016,R004,L007,Noche,258,281,8.24,7.1,1.14,project_fact_productividad_export.csv,2026-06-23T00:00:00,2334
PD002335,20250329,A002,R011,L009,Tarde,204,193,10.5,9.61,0.89,project_fact_productividad_export.csv,2026-06-23T00:00:00,2335
PD002336,20250125,A009,R008,L005,Día,2216,1455,8.06,6.38,1.68,project_fact_productividad_export.csv,2026-06-23T00:00:00,2336
PD002337,20250225,A007,R009,L006,Tarde,2699,2110,11.53,8.41,3.11,project_fact_productividad_export.csv,2026-06-23T00:00:00,2337
PD002338,20250226,A006,R008,L008,Día,2746,2486,7.53,5.98,1.55,project_fact_productividad_export.csv,2026-06-23T00:00:00,2338
PD002339,20250109,A014,R008,L003,Noche,146,135,6.72,6.1,0.61,project_fact_productividad_export.csv,2026-06-23T00:00:00,2339
PD002340,20250424,A013,R017,L016,Noche,177,147,11.84,9.45,2.39,project_fact_productividad_export.csv,2026-06-23T00:00:00,2340
PD002341,20250401,A011,R021,L005,Día,34,33,10.71,8.53,2.18,project_fact_productividad_export.csv,2026-06-23T00:00:00,2341
PD002342,20250517,A014,R021,L015,Tarde,82,82,11.32,10.4,0.93,project_fact_productividad_export.csv,2026-06-23T00:00:00,2342
PD002343,20250311,A017,R012,L013,Tarde,28,28,11.62,9.62,2.0,project_fact_productividad_export.csv,2026-06-23T00:00:00,2343
PD002344,20250106,A001,R004,L002,Tarde,8270,8148,9.37,7.88,1.49,project_fact_productividad_export.csv,2026-06-23T00:00:00,2344
PD002345,20250619,A015,R029,L007,Noche,199,177,6.56,5.61,0.95,project_fact_productividad_export.csv,2026-06-23T00:00:00,2345
PD002346,20250409,A004,R016,L016,Día,2527,2325,10.86,9.79,1.08,project_fact_productividad_export.csv,2026-06-23T00:00:00,2346
PD002347,20250511,A007,R026,L003,Día,2079,1873,10.94,8.31,2.63,project_fact_productividad_export.csv,2026-06-23T00:00:00,2347
PD002348,20250415,A015,R006,L009,Tarde,171,177,10.73,9.65,1.09,project_fact_productividad_export.csv,2026-06-23T00:00:00,2348
PD002349,20250603,A006,R024,L012,Tarde,3962,3388,7.77,5.93,1.84,project_fact_productividad_export.csv,2026-06-23T00:00:00,2349
PD002350,20250323,A004,R027,L009,Noche,7887,6463,8.21,7.0,1.21,project_fact_productividad_export.csv,2026-06-23T00:00:00,2350
PD002351,20250322,A015,R008,L001,Día,195,189,10.53,9.01,1.52,project_fact_productividad_export.csv,2026-06-23T00:00:00,2351
PD002352,20250326,A009,R005,L015,Tarde,1921,1493,11.75,8.08,3.67,project_fact_productividad_export.csv,2026-06-23T00:00:00,2352
PD002353,20250405,A014,R010,L002,Día,159,165,9.88,7.3,2.58,project_fact_productividad_export.csv,2026-06-23T00:00:00,2353
PD002354,20250204,A006,R013,L007,Día,2563,3186,9.83,7.98,1.85,project_fact_productividad_export.csv,2026-06-23T00:00:00,2354
PD002355,20250511,A013,R025,L017,Tarde,180,169,11.89,9.73,2.16,project_fact_productividad_export.csv,2026-06-23T00:00:00,2355
PD002356,20250112,A003,R013,L013,Día,5088,4384,6.08,5.33,0.76,project_fact_productividad_export.csv,2026-06-23T00:00:00,2356
PD002357,20250112,A004,R007,L016,Noche,5459,4585,6.6,6.04,0.56,project_fact_productividad_export.csv,2026-06-23T00:00:00,2357
PD002358,20250325,A014,R018,L015,Día,133,121,7.34,5.7,1.64,project_fact_productividad_export.csv,2026-06-23T00:00:00,2358
PD002359,20250514,A004,R025,L011,Tarde,2201,1822,7.98,7.3,0.68,project_fact_productividad_export.csv,2026-06-23T00:00:00,2359
PD002360,20250120,A002,R014,L002,Noche,61,55,9.56,7.26,2.3,project_fact_productividad_export.csv,2026-06-23T00:00:00,2360
PD002361,20250318,A002,R028,L006,Día,105,121,7.2,6.6,0.6,project_fact_productividad_export.csv,2026-06-23T00:00:00,2361
PD002362,20250429,A013,R026,L014,Noche,231,239,6.36,5.08,1.28,project_fact_productividad_export.csv,2026-06-23T00:00:00,2362
PD002363,20250210,A014,R011,L008,Día,190,227,11.3,9.06,2.24,project_fact_productividad_export.csv,2026-06-23T00:00:00,2363
PD002364,20250201,A002,R024,L001,Día,109,90,8.96,8.23,0.73,project_fact_productividad_export.csv,2026-06-23T00:00:00,2364
PD002365,20250503,A007,R020,L008,Tarde,1020,981,9.87,7.85,2.02,project_fact_productividad_export.csv,2026-06-23T00:00:00,2365
PD002366,20250515,A002,R012,L003,Día,206,157,10.63,7.4,3.23,project_fact_productividad_export.csv,2026-06-23T00:00:00,2366
PD002367,20250107,A009,R007,L014,Noche,2405,1614,10.17,7.43,2.74,project_fact_productividad_export.csv,2026-06-23T00:00:00,2367
PD002368,20250606,A010,R002,L014,Noche,3030,2309,7.14,5.16,1.98,project_fact_productividad_export.csv,2026-06-23T00:00:00,2368
PD002369,20250520,A010,R012,L009,Noche,2135,1649,9.5,8.08,1.41,project_fact_productividad_export.csv,2026-06-23T00:00:00,2369
PD002370,20250625,A010,R009,L012,Tarde,3789,3014,7.85,4.95,2.9,project_fact_productividad_export.csv,2026-06-23T00:00:00,2370
PD002371,20250207,A006,R003,L006,Tarde,896,951,10.7,8.86,1.84,project_fact_productividad_export.csv,2026-06-23T00:00:00,2371
PD002372,20250408,A009,R023,L010,Noche,3970,2937,6.44,3.89,2.56,project_fact_productividad_export.csv,2026-06-23T00:00:00,2372
PD002373,20250323,A017,R025,L016,Noche,44,50,10.49,9.18,1.3,project_fact_productividad_export.csv,2026-06-23T00:00:00,2373
PD002374,20250517,A015,R029,L002,Día,222,214,6.87,6.16,0.71,project_fact_productividad_export.csv,2026-06-23T00:00:00,2374
PD002375,20250407,A005,R022,L008,Tarde,970,1005,8.91,7.03,1.88,project_fact_productividad_export.csv,2026-06-23T00:00:00,2375
PD002376,20250616,A001,R001,L009,Día,5444,6271,7.09,5.47,1.62,project_fact_productividad_export.csv,2026-06-23T00:00:00,2376
PD002377,20250402,A017,R003,L008,Tarde,47,33,6.44,5.6,0.84,project_fact_productividad_export.csv,2026-06-23T00:00:00,2377
PD002378,20250222,A013,R014,L011,Tarde,234,183,11.63,8.08,3.54,project_fact_productividad_export.csv,2026-06-23T00:00:00,2378
PD002379,20250211,A008,R009,L011,Día,2322,1837,10.74,9.42,1.32,project_fact_productividad_export.csv,2026-06-23T00:00:00,2379
PD002380,20250510,A016,R019,L007,Día,71,76,10.5,9.26,1.23,project_fact_productividad_export.csv,2026-06-23T00:00:00,2380
PD002381,20250606,A004,R027,L016,Día,8259,9564,9.24,7.79,1.45,project_fact_productividad_export.csv,2026-06-23T00:00:00,2381
PD002382,20250425,A001,R002,L003,Día,5316,5229,6.15,5.45,0.7,project_fact_productividad_export.csv,2026-06-23T00:00:00,2382
PD002383,20250320,A014,R015,L010,Día,30,28,6.48,4.65,1.83,project_fact_productividad_export.csv,2026-06-23T00:00:00,2383
PD002384,20250617,A012,R019,L006,Día,140,130,9.25,6.44,2.81,project_fact_productividad_export.csv,2026-06-23T00:00:00,2384
PD002385,20250219,A016,R004,L014,Tarde,168,140,10.88,8.43,2.45,project_fact_productividad_export.csv,2026-06-23T00:00:00,2385
PD002386,20250616,A009,R016,L013,Noche,932,816,7.34,5.04,2.3,project_fact_productividad_export.csv,2026-06-23T00:00:00,2386
PD002387,20250202,A008,R022,L008,Tarde,2659,2407,10.64,8.14,2.49,project_fact_productividad_export.csv,2026-06-23T00:00:00,2387
PD002388,20250627,A017,R021,L009,Tarde,187,191,7.32,6.4,0.91,project_fact_productividad_export.csv,2026-06-23T00:00:00,2388
PD002389,20250429,A015,R013,L008,Tarde,41,44,11.04,9.32,1.72,project_fact_productividad_export.csv,2026-06-23T00:00:00,2389
PD002390,20250601,A005,R004,L010,Noche,3628,3507,6.84,5.28,1.56,project_fact_productividad_export.csv,2026-06-23T00:00:00,2390
PD002391,20250519,A013,R005,L011,Tarde,71,73,8.99,7.18,1.82,project_fact_productividad_export.csv,2026-06-23T00:00:00,2391
PD002392,20250606,A005,R024,L003,Tarde,3289,2877,11.5,10.25,1.24,project_fact_productividad_export.csv,2026-06-23T00:00:00,2392
PD002393,20250203,A007,R028,L014,Tarde,2411,1746,8.25,4.94,3.32,project_fact_productividad_export.csv,2026-06-23T00:00:00,2393
PD002394,20250221,A015,R003,L009,Día,78,74,9.27,7.87,1.41,project_fact_productividad_export.csv,2026-06-23T00:00:00,2394
PD002395,20250419,A003,R030,L005,Día,8130,7964,7.92,6.29,1.62,project_fact_productividad_export.csv,2026-06-23T00:00:00,2395
PD002396,20250411,A008,R002,L008,Noche,2023,1940,9.77,7.01,2.76,project_fact_productividad_export.csv,2026-06-23T00:00:00,2396
PD002397,20250503,A013,R004,L006,Tarde,54,48,6.36,4.59,1.78,project_fact_productividad_export.csv,2026-06-23T00:00:00,2397
PD002398,20250208,A007,R015,L001,Tarde,2605,1999,11.92,7.92,4.01,project_fact_productividad_export.csv,2026-06-23T00:00:00,2398
PD002399,20250102,A005,R027,L005,Día,4101,2942,11.55,8.06,3.49,project_fact_productividad_export.csv,2026-06-23T00:00:00,2399
PD002400,20250317,A007,R010,L010,Noche,4182,2492,11.64,7.17,4.47,project_fact_productividad_export.csv,2026-06-23T00:00:00,2400
PD002401,20250329,A017,R029,L008,Noche,229,221,6.29,5.2,1.09,project_fact_productividad_export.csv,2026-06-23T00:00:00,2401
PD002402,20250307,A009,R005,L011,Día,1720,1074,7.74,6.13,1.61,project_fact_productividad_export.csv,2026-06-23T00:00:00,2402
PD002403,20250125,A001,R015,L005,Noche,2828,2662,11.34,10.15,1.19,project_fact_productividad_export.csv,2026-06-23T00:00:00,2403
PD002404,20250501,A008,R019,L011,Noche,3742,3548,10.22,7.32,2.9,project_fact_productividad_export.csv,2026-06-23T00:00:00,2404
PD002405,20250203,A002,R001,L013,Tarde,172,145,8.82,7.0,1.82,project_fact_productividad_export.csv,2026-06-23T00:00:00,2405
PD002406,20250304,A006,R012,L004,Tarde,2331,2209,6.66,6.08,0.59,project_fact_productividad_export.csv,2026-06-23T00:00:00,2406
PD002407,20250301,A007,R017,L005,Noche,1402,941,6.58,5.75,0.83,project_fact_productividad_export.csv,2026-06-23T00:00:00,2407
PD002408,20250306,A001,R024,L002,Noche,7615,7791,9.26,8.29,0.97,project_fact_productividad_export.csv,2026-06-23T00:00:00,2408
PD002409,20250504,A008,R016,L008,Noche,2964,3348,6.31,4.37,1.95,project_fact_productividad_export.csv,2026-06-23T00:00:00,2409
PD002410,20250515,A009,R004,L002,Tarde,2276,1759,7.65,6.35,1.3,project_fact_productividad_export.csv,2026-06-23T00:00:00,2410
PD002411,20250621,A017,R011,L006,Noche,149,142,9.29,7.68,1.61,project_fact_productividad_export.csv,2026-06-23T00:00:00,2411
PD002412,20250227,A017,R005,L001,Día,259,231,7.06,5.22,1.85,project_fact_productividad_export.csv,2026-06-23T00:00:00,2412
PD002413,20250322,A005,R018,L014,Tarde,3552,3153,9.59,7.82,1.77,project_fact_productividad_export.csv,2026-06-23T00:00:00,2413
PD002414,20250514,A007,R029,L006,Tarde,860,627,10.87,9.55,1.32,project_fact_productividad_export.csv,2026-06-23T00:00:00,2414
PD002415,20250622,A004,R003,L017,Noche,6880,6296,8.91,6.32,2.58,project_fact_productividad_export.csv,2026-06-23T00:00:00,2415
PD002416,20250114,A002,R005,L007,Noche,24,19,11.24,8.97,2.27,project_fact_productividad_export.csv,2026-06-23T00:00:00,2416
PD002417,20250401,A017,R006,L015,Día,107,87,9.2,8.16,1.04,project_fact_productividad_export.csv,2026-06-23T00:00:00,2417
PD002418,20250519,A007,R016,L012,Día,3243,2390,6.18,4.6,1.58,project_fact_productividad_export.csv,2026-06-23T00:00:00,2418
PD002419,20250212,A001,R011,L014,Día,2757,3053,6.6,5.74,0.86,project_fact_productividad_export.csv,2026-06-23T00:00:00,2419
PD002420,20250316,A005,R005,L010,Noche,952,993,9.91,7.12,2.78,project_fact_productividad_export.csv,2026-06-23T00:00:00,2420
PD002421,20250417,A014,R024,L014,Tarde,106,103,8.7,6.91,1.78,project_fact_productividad_export.csv,2026-06-23T00:00:00,2421
PD002422,20250612,A002,R012,L004,Tarde,113,121,9.0,8.08,0.91,project_fact_productividad_export.csv,2026-06-23T00:00:00,2422
PD002423,20250608,A014,R013,L014,Día,63,53,9.31,8.16,1.15,project_fact_productividad_export.csv,2026-06-23T00:00:00,2423
PD002424,20250313,A015,R019,L003,Tarde,191,169,10.8,9.1,1.7,project_fact_productividad_export.csv,2026-06-23T00:00:00,2424
PD002425,20250501,A013,R024,L012,Tarde,21,18,11.66,10.68,0.98,project_fact_productividad_export.csv,2026-06-23T00:00:00,2425
PD002426,20250606,A015,R016,L005,Tarde,138,135,11.19,8.53,2.66,project_fact_productividad_export.csv,2026-06-23T00:00:00,2426
PD002427,20250315,A010,R001,L014,Noche,2744,1677,6.89,4.58,2.31,project_fact_productividad_export.csv,2026-06-23T00:00:00,2427
PD002428,20250528,A013,R022,L005,Tarde,48,55,9.74,8.62,1.12,project_fact_productividad_export.csv,2026-06-23T00:00:00,2428
PD002429,20250601,A006,R005,L012,Día,2170,2024,7.88,6.86,1.02,project_fact_productividad_export.csv,2026-06-23T00:00:00,2429
PD002430,20250219,A015,R014,L009,Tarde,82,80,6.48,4.9,1.57,project_fact_productividad_export.csv,2026-06-23T00:00:00,2430
PD002431,20250306,A008,R025,L006,Día,3895,3307,9.54,7.43,2.11,project_fact_productividad_export.csv,2026-06-23T00:00:00,2431
PD002432,20250423,A015,R012,L004,Noche,190,194,11.59,7.89,3.7,project_fact_productividad_export.csv,2026-06-23T00:00:00,2432
PD002433,20250426,A012,R016,L008,Noche,177,147,7.11,5.79,1.31,project_fact_productividad_export.csv,2026-06-23T00:00:00,2433
PD002434,20250425,A016,R019,L017,Tarde,251,233,7.05,5.42,1.62,project_fact_productividad_export.csv,2026-06-23T00:00:00,2434
PD002435,20250208,A010,R011,L008,Tarde,1844,1643,8.36,6.88,1.47,project_fact_productividad_export.csv,2026-06-23T00:00:00,2435
PD002436,20250122,A010,R023,L010,Noche,2228,1078,7.94,6.53,1.41,project_fact_productividad_export.csv,2026-06-23T00:00:00,2436
PD002437,20250206,A003,R016,L005,Tarde,6662,6109,11.17,8.29,2.88,project_fact_productividad_export.csv,2026-06-23T00:00:00,2437
PD002438,20250118,A005,R030,L013,Día,2164,1818,7.84,6.77,1.07,project_fact_productividad_export.csv,2026-06-23T00:00:00,2438
PD002439,20250102,A005,R027,L009,Noche,3989,4103,11.6,9.65,1.95,project_fact_productividad_export.csv,2026-06-23T00:00:00,2439
PD002440,20250310,A011,R023,L008,Tarde,175,165,10.79,7.95,2.84,project_fact_productividad_export.csv,2026-06-23T00:00:00,2440
PD002441,20250421,A007,R014,L008,Día,1948,1497,9.23,5.59,3.63,project_fact_productividad_export.csv,2026-06-23T00:00:00,2441
PD002442,20250113,A004,R020,L009,Día,8189,7832,8.08,6.58,1.51,project_fact_productividad_export.csv,2026-06-23T00:00:00,2442
PD002443,20250221,A011,R002,L017,Tarde,118,126,7.49,5.4,2.1,project_fact_productividad_export.csv,2026-06-23T00:00:00,2443
PD002444,20250124,A017,R005,L016,Tarde,243,212,10.07,7.71,2.35,project_fact_productividad_export.csv,2026-06-23T00:00:00,2444
PD002445,20250219,A003,R015,L017,Tarde,6208,6848,6.88,5.93,0.95,project_fact_productividad_export.csv,2026-06-23T00:00:00,2445
PD002446,20250208,A012,R024,L013,Noche,85,70,10.65,7.96,2.69,project_fact_productividad_export.csv,2026-06-23T00:00:00,2446
PD002447,20250519,A004,R006,L009,Día,7201,8190,11.59,8.86,2.73,project_fact_productividad_export.csv,2026-06-23T00:00:00,2447
PD002448,20250626,A010,R006,L007,Noche,3499,2611,11.61,10.1,1.51,project_fact_productividad_export.csv,2026-06-23T00:00:00,2448
PD002449,20250602,A003,R012,L007,Tarde,6633,6130,11.63,8.93,2.7,project_fact_productividad_export.csv,2026-06-23T00:00:00,2449
PD002450,20250327,A014,R015,L012,Noche,144,136,10.74,8.75,1.99,project_fact_productividad_export.csv,2026-06-23T00:00:00,2450
PD002451,20250319,A011,R008,L011,Día,128,121,6.85,6.18,0.67,project_fact_productividad_export.csv,2026-06-23T00:00:00,2451
PD002452,20250508,A007,R006,L006,Noche,2270,1074,11.14,7.03,4.11,project_fact_productividad_export.csv,2026-06-23T00:00:00,2452
PD002453,20250324,A013,R010,L008,Tarde,35,31,11.89,9.83,2.07,project_fact_productividad_export.csv,2026-06-23T00:00:00,2453
PD002454,20250612,A008,R028,L003,Noche,1960,1904,11.13,9.06,2.07,project_fact_productividad_export.csv,2026-06-23T00:00:00,2454
PD002455,20250302,A006,R013,L003,Noche,733,681,10.65,8.57,2.08,project_fact_productividad_export.csv,2026-06-23T00:00:00,2455
PD002456,20250507,A008,R005,L008,Día,799,810,8.01,6.51,1.51,project_fact_productividad_export.csv,2026-06-23T00:00:00,2456
PD002457,20250118,A013,R029,L007,Tarde,137,127,10.65,9.76,0.88,project_fact_productividad_export.csv,2026-06-23T00:00:00,2457
PD002458,20250607,A012,R002,L011,Tarde,190,197,10.47,9.08,1.39,project_fact_productividad_export.csv,2026-06-23T00:00:00,2458
PD002459,20250529,A015,R008,L013,Tarde,168,149,6.69,4.86,1.84,project_fact_productividad_export.csv,2026-06-23T00:00:00,2459
PD002460,20250321,A014,R001,L017,Noche,188,182,6.93,5.15,1.78,project_fact_productividad_export.csv,2026-06-23T00:00:00,2460
PD002461,20250628,A011,R024,L003,Día,185,188,7.61,6.64,0.97,project_fact_productividad_export.csv,2026-06-23T00:00:00,2461
PD002462,20250325,A006,R019,L017,Noche,4065,3099,6.11,4.18,1.93,project_fact_productividad_export.csv,2026-06-23T00:00:00,2462
PD002463,20250625,A010,R030,L006,Día,1865,1363,7.12,6.23,0.89,project_fact_productividad_export.csv,2026-06-23T00:00:00,2463
PD002464,20250404,A014,R025,L002,Noche,204,179,8.97,7.98,0.99,project_fact_productividad_export.csv,2026-06-23T00:00:00,2464
PD002465,20250323,A013,R017,L002,Día,140,116,7.8,7.0,0.8,project_fact_productividad_export.csv,2026-06-23T00:00:00,2465
PD002466,20250317,A004,R019,L010,Día,4926,4962,9.39,7.23,2.16,project_fact_productividad_export.csv,2026-06-23T00:00:00,2466
PD002467,20250517,A010,R017,L002,Día,1340,1059,11.07,9.23,1.84,project_fact_productividad_export.csv,2026-06-23T00:00:00,2467
PD002468,20250320,A010,R014,L012,Noche,2416,1486,11.44,8.28,3.16,project_fact_productividad_export.csv,2026-06-23T00:00:00,2468
PD002469,20250418,A005,R001,L004,Día,3372,2517,10.95,7.5,3.45,project_fact_productividad_export.csv,2026-06-23T00:00:00,2469
PD002470,20250421,A016,R013,L009,Tarde,168,158,7.6,6.37,1.23,project_fact_productividad_export.csv,2026-06-23T00:00:00,2470
PD002471,20250430,A001,R002,L008,Noche,8117,6044,10.42,7.51,2.91,project_fact_productividad_export.csv,2026-06-23T00:00:00,2471
PD002472,20250106,A007,R015,L015,Noche,3821,2987,7.64,5.55,2.1,project_fact_productividad_export.csv,2026-06-23T00:00:00,2472
PD002473,20250401,A005,R025,L017,Tarde,2636,2481,8.77,6.82,1.95,project_fact_productividad_export.csv,2026-06-23T00:00:00,2473
PD002474,20250203,A006,R025,L008,Día,3129,2288,8.09,6.11,1.98,project_fact_productividad_export.csv,2026-06-23T00:00:00,2474
PD002475,20250210,A007,R013,L012,Día,1149,998,6.53,5.21,1.32,project_fact_productividad_export.csv,2026-06-23T00:00:00,2475
PD002476,20250612,A011,R002,L002,Día,240,177,6.53,5.08,1.45,project_fact_productividad_export.csv,2026-06-23T00:00:00,2476
PD002477,20250505,A008,R027,L014,Día,1466,1420,8.02,5.58,2.44,project_fact_productividad_export.csv,2026-06-23T00:00:00,2477
PD002478,20250329,A014,R018,L010,Noche,25,22,11.96,9.3,2.66,project_fact_productividad_export.csv,2026-06-23T00:00:00,2478
PD002479,20250602,A012,R024,L010,Día,33,28,9.86,8.24,1.62,project_fact_productividad_export.csv,2026-06-23T00:00:00,2479
PD002480,20250219,A011,R009,L010,Día,169,178,10.59,9.5,1.09,project_fact_productividad_export.csv,2026-06-23T00:00:00,2480
PD002481,20250213,A017,R025,L007,Noche,224,199,8.32,6.51,1.81,project_fact_productividad_export.csv,2026-06-23T00:00:00,2481
PD002482,20250108,A005,R019,L008,Día,2789,2820,9.57,8.65,0.93,project_fact_productividad_export.csv,2026-06-23T00:00:00,2482
PD002483,20250514,A012,R011,L012,Noche,227,204,10.67,9.52,1.15,project_fact_productividad_export.csv,2026-06-23T00:00:00,2483
PD002484,20250218,A017,R012,L012,Día,222,238,11.56,9.95,1.61,project_fact_productividad_export.csv,2026-06-23T00:00:00,2484
PD002485,20250131,A001,R015,L004,Tarde,2929,2607,8.08,7.09,0.99,project_fact_productividad_export.csv,2026-06-23T00:00:00,2485
PD002486,20250203,A013,R029,L007,Día,72,68,6.33,4.84,1.48,project_fact_productividad_export.csv,2026-06-23T00:00:00,2486
PD002487,20250324,A012,R021,L005,Noche,246,221,7.49,5.26,2.23,project_fact_productividad_export.csv,2026-06-23T00:00:00,2487
PD002488,20250104,A001,R026,L002,Día,5037,4250,11.57,8.96,2.62,project_fact_productividad_export.csv,2026-06-23T00:00:00,2488
PD002489,20250621,A013,R029,L001,Noche,219,175,11.06,9.73,1.33,project_fact_productividad_export.csv,2026-06-23T00:00:00,2489
PD002490,20250624,A001,R005,L005,Tarde,8062,6657,8.29,6.17,2.12,project_fact_productividad_export.csv,2026-06-23T00:00:00,2490
PD002491,20250204,A009,R009,L002,Tarde,1662,1122,10.73,8.79,1.94,project_fact_productividad_export.csv,2026-06-23T00:00:00,2491
PD002492,20250521,A006,R008,L009,Tarde,1372,1094,11.12,8.57,2.55,project_fact_productividad_export.csv,2026-06-23T00:00:00,2492
PD002493,20250506,A009,R004,L012,Noche,660,340,6.77,4.54,2.23,project_fact_productividad_export.csv,2026-06-23T00:00:00,2493
PD002494,20250124,A002,R012,L001,Día,74,56,7.73,6.59,1.14,project_fact_productividad_export.csv,2026-06-23T00:00:00,2494
PD002495,20250106,A010,R010,L010,Día,1450,1147,8.37,6.25,2.11,project_fact_productividad_export.csv,2026-06-23T00:00:00,2495
PD002496,20250104,A006,R001,L007,Noche,2719,2537,10.63,8.47,2.16,project_fact_productividad_export.csv,2026-06-23T00:00:00,2496
PD002497,20250112,A004,R005,L001,Noche,6664,5022,6.11,4.4,1.71,project_fact_productividad_export.csv,2026-06-23T00:00:00,2497
PD002498,20250617,A013,R007,L012,Tarde,190,135,7.12,5.0,2.13,project_fact_productividad_export.csv,2026-06-23T00:00:00,2498
PD002499,20250315,A010,R025,L016,Noche,1563,1020,7.89,6.56,1.32,project_fact_productividad_export.csv,2026-06-23T00:00:00,2499
PD002500,20250529,A002,R007,L011,Noche,99,100,8.76,7.85,0.9,project_fact_productividad_export.csv,2026-06-23T00:00:00,2500
PD002501,20250306,A014,R028,L004,Tarde,255,249,10.03,8.79,1.24,project_fact_productividad_export.csv,2026-06-23T00:00:00,2501
PD002502,20250428,A003,R007,L005,Noche,2547,2837,10.73,7.6,3.13,project_fact_productividad_export.csv,2026-06-23T00:00:00,2502
PD002503,20250227,A008,R026,L003,Tarde,3257,3580,10.54,7.88,2.66,project_fact_productividad_export.csv,2026-06-23T00:00:00,2503
PD002504,20250425,A006,R003,L015,Noche,4092,3885,11.4,9.47,1.93,project_fact_productividad_export.csv,2026-06-23T00:00:00,2504
PD002505,20250421,A016,R014,L003,Día,140,126,7.96,6.34,1.62,project_fact_productividad_export.csv,2026-06-23T00:00:00,2505
PD002506,20250428,A007,R006,L010,Tarde,2470,1893,6.44,4.03,2.41,project_fact_productividad_export.csv,2026-06-23T00:00:00,2506
PD002507,20250131,A017,R013,L016,Noche,98,93,9.21,8.41,0.8,project_fact_productividad_export.csv,2026-06-23T00:00:00,2507
PD002508,20250408,A008,R014,L008,Día,3118,2991,9.08,6.77,2.3,project_fact_productividad_export.csv,2026-06-23T00:00:00,2508
PD002509,20250418,A016,R008,L002,Noche,177,184,10.69,9.33,1.35,project_fact_productividad_export.csv,2026-06-23T00:00:00,2509
PD002510,20250108,A010,R006,L004,Tarde,2499,2246,9.97,7.92,2.05,project_fact_productividad_export.csv,2026-06-23T00:00:00,2510
PD002511,20250101,A003,R021,L001,Día,5521,5479,9.38,7.71,1.67,project_fact_productividad_export.csv,2026-06-23T00:00:00,2511
PD002512,20250420,A005,R006,L004,Día,3488,3510,6.43,5.67,0.76,project_fact_productividad_export.csv,2026-06-23T00:00:00,2512
PD002513,20250503,A014,R013,L007,Noche,232,241,9.89,7.77,2.12,project_fact_productividad_export.csv,2026-06-23T00:00:00,2513
PD002514,20250313,A007,R025,L001,Día,3374,3328,8.79,5.85,2.95,project_fact_productividad_export.csv,2026-06-23T00:00:00,2514
PD002515,20250504,A013,R020,L007,Día,158,178,7.83,6.02,1.82,project_fact_productividad_export.csv,2026-06-23T00:00:00,2515
PD002516,20250616,A004,R010,L002,Tarde,8268,8616,7.99,6.35,1.64,project_fact_productividad_export.csv,2026-06-23T00:00:00,2516
PD002517,20250105,A004,R005,L016,Tarde,2769,2087,6.09,5.25,0.84,project_fact_productividad_export.csv,2026-06-23T00:00:00,2517
PD002518,20250223,A004,R011,L011,Día,7981,7959,8.57,6.97,1.6,project_fact_productividad_export.csv,2026-06-23T00:00:00,2518
PD002519,20250426,A007,R012,L007,Noche,3493,2513,7.2,4.14,3.05,project_fact_productividad_export.csv,2026-06-23T00:00:00,2519
PD002520,20250317,A015,R002,L013,Tarde,159,160,6.77,5.79,0.98,project_fact_productividad_export.csv,2026-06-23T00:00:00,2520
PD002521,20250509,A015,R020,L016,Tarde,125,141,7.03,5.84,1.19,project_fact_productividad_export.csv,2026-06-23T00:00:00,2521
PD002522,20250523,A005,R008,L006,Día,1820,1852,11.65,8.99,2.65,project_fact_productividad_export.csv,2026-06-23T00:00:00,2522
PD002523,20250413,A013,R009,L015,Tarde,91,87,6.9,5.8,1.09,project_fact_productividad_export.csv,2026-06-23T00:00:00,2523
PD002524,20250103,A003,R030,L014,Día,2374,2464,9.35,7.92,1.42,project_fact_productividad_export.csv,2026-06-23T00:00:00,2524
PD002525,20250301,A009,R017,L011,Tarde,1387,859,7.04,6.06,0.98,project_fact_productividad_export.csv,2026-06-23T00:00:00,2525
PD002526,20250307,A017,R024,L017,Noche,216,208,11.16,8.97,2.19,project_fact_productividad_export.csv,2026-06-23T00:00:00,2526
PD002527,20250211,A008,R002,L005,Día,801,891,10.04,7.07,2.97,project_fact_productividad_export.csv,2026-06-23T00:00:00,2527
PD002528,20250322,A013,R017,L013,Tarde,184,175,11.47,10.04,1.43,project_fact_productividad_export.csv,2026-06-23T00:00:00,2528
PD002529,20250409,A013,R028,L003,Tarde,165,179,6.82,5.29,1.53,project_fact_productividad_export.csv,2026-06-23T00:00:00,2529
PD002530,20250317,A008,R026,L005,Noche,2052,1819,11.14,8.16,2.99,project_fact_productividad_export.csv,2026-06-23T00:00:00,2530
PD002531,20250219,A015,R028,L001,Día,158,157,9.96,8.59,1.37,project_fact_productividad_export.csv,2026-06-23T00:00:00,2531
PD002532,20250615,A011,R015,L014,Noche,209,187,10.14,8.14,2.0,project_fact_productividad_export.csv,2026-06-23T00:00:00,2532
PD002533,20250115,A005,R006,L006,Tarde,1994,2184,6.44,5.55,0.9,project_fact_productividad_export.csv,2026-06-23T00:00:00,2533
PD002534,20250324,A002,R024,L006,Día,97,97,10.34,9.25,1.09,project_fact_productividad_export.csv,2026-06-23T00:00:00,2534
PD002535,20250530,A008,R025,L015,Noche,4171,3929,9.7,8.93,0.78,project_fact_productividad_export.csv,2026-06-23T00:00:00,2535
PD002536,20250116,A017,R015,L005,Tarde,145,108,10.09,8.66,1.43,project_fact_productividad_export.csv,2026-06-23T00:00:00,2536
PD002537,20250414,A016,R005,L004,Día,245,232,7.15,5.68,1.47,project_fact_productividad_export.csv,2026-06-23T00:00:00,2537
PD002538,20250423,A009,R023,L011,Noche,863,633,11.83,8.68,3.15,project_fact_productividad_export.csv,2026-06-23T00:00:00,2538
PD002539,20250410,A015,R027,L011,Tarde,92,89,7.24,6.63,0.61,project_fact_productividad_export.csv,2026-06-23T00:00:00,2539
PD002540,20250222,A006,R020,L012,Día,2216,1997,8.89,7.25,1.64,project_fact_productividad_export.csv,2026-06-23T00:00:00,2540
PD002541,20250624,A009,R026,L004,Noche,3757,2376,11.32,8.92,2.39,project_fact_productividad_export.csv,2026-06-23T00:00:00,2541
PD002542,20250317,A007,R004,L004,Día,3134,2582,6.33,4.51,1.82,project_fact_productividad_export.csv,2026-06-23T00:00:00,2542
PD002543,20250610,A009,R011,L002,Día,2676,2548,9.35,5.81,3.54,project_fact_productividad_export.csv,2026-06-23T00:00:00,2543
PD002544,20250115,A007,R028,L010,Tarde,3874,3264,8.62,4.91,3.7,project_fact_productividad_export.csv,2026-06-23T00:00:00,2544
PD002545,20250416,A012,R006,L009,Día,48,46,8.47,6.72,1.76,project_fact_productividad_export.csv,2026-06-23T00:00:00,2545
PD002546,20250522,A003,R007,L014,Tarde,6448,6861,9.19,8.09,1.1,project_fact_productividad_export.csv,2026-06-23T00:00:00,2546
PD002547,20250330,A004,R027,L017,Día,5271,5917,8.43,6.95,1.49,project_fact_productividad_export.csv,2026-06-23T00:00:00,2547
PD002548,20250216,A016,R017,L016,Día,46,41,8.17,7.14,1.03,project_fact_productividad_export.csv,2026-06-23T00:00:00,2548
PD002549,20250329,A012,R017,L003,Noche,129,118,9.29,6.37,2.92,project_fact_productividad_export.csv,2026-06-23T00:00:00,2549
PD002550,20250323,A015,R008,L016,Tarde,199,183,9.92,8.73,1.19,project_fact_productividad_export.csv,2026-06-23T00:00:00,2550
PD002551,20250527,A013,R027,L008,Noche,175,143,6.27,5.04,1.23,project_fact_productividad_export.csv,2026-06-23T00:00:00,2551
PD002552,20250309,A012,R024,L001,Noche,80,74,10.35,7.65,2.7,project_fact_productividad_export.csv,2026-06-23T00:00:00,2552
PD002553,20250116,A007,R018,L008,Tarde,3689,3485,8.08,6.21,1.88,project_fact_productividad_export.csv,2026-06-23T00:00:00,2553
PD002554,20250320,A011,R029,L008,Noche,232,234,9.65,7.59,2.05,project_fact_productividad_export.csv,2026-06-23T00:00:00,2554
PD002555,20250509,A009,R023,L014,Día,3789,2807,7.84,4.46,3.39,project_fact_productividad_export.csv,2026-06-23T00:00:00,2555
PD002556,20250414,A004,R025,L017,Noche,5148,4678,6.66,5.95,0.71,project_fact_productividad_export.csv,2026-06-23T00:00:00,2556
PD002557,20250624,A005,R002,L005,Día,1230,1178,7.66,5.55,2.1,project_fact_productividad_export.csv,2026-06-23T00:00:00,2557
PD002558,20250606,A001,R012,L005,Día,2512,2614,6.15,5.35,0.81,project_fact_productividad_export.csv,2026-06-23T00:00:00,2558
PD002559,20250413,A009,R026,L004,Tarde,3937,2472,8.65,6.14,2.51,project_fact_productividad_export.csv,2026-06-23T00:00:00,2559
PD002560,20250101,A015,R017,L017,Día,250,226,9.31,7.14,2.17,project_fact_productividad_export.csv,2026-06-23T00:00:00,2560
PD002561,20250515,A008,R016,L004,Día,1353,1383,7.46,5.71,1.75,project_fact_productividad_export.csv,2026-06-23T00:00:00,2561
PD002562,20250304,A003,R019,L012,Tarde,6711,6828,7.32,5.32,1.99,project_fact_productividad_export.csv,2026-06-23T00:00:00,2562
PD002563,20250202,A012,R026,L007,Noche,174,182,8.46,6.66,1.8,project_fact_productividad_export.csv,2026-06-23T00:00:00,2563
PD002564,20250328,A006,R005,L005,Día,3166,3352,11.93,9.39,2.55,project_fact_productividad_export.csv,2026-06-23T00:00:00,2564
PD002565,20250318,A004,R013,L015,Día,3476,3341,6.43,5.63,0.81,project_fact_productividad_export.csv,2026-06-23T00:00:00,2565
PD002566,20250109,A017,R020,L012,Noche,54,52,8.43,7.51,0.92,project_fact_productividad_export.csv,2026-06-23T00:00:00,2566
PD002567,20250131,A010,R008,L017,Día,2393,1783,8.62,7.56,1.05,project_fact_productividad_export.csv,2026-06-23T00:00:00,2567
PD002568,20250626,A016,R001,L014,Noche,119,116,8.21,6.01,2.2,project_fact_productividad_export.csv,2026-06-23T00:00:00,2568
PD002569,20250126,A015,R021,L012,Día,237,194,7.16,6.1,1.07,project_fact_productividad_export.csv,2026-06-23T00:00:00,2569
PD002570,20250627,A015,R010,L010,Tarde,106,96,6.2,5.57,0.63,project_fact_productividad_export.csv,2026-06-23T00:00:00,2570
PD002571,20250102,A017,R022,L007,Día,218,205,9.16,6.67,2.49,project_fact_productividad_export.csv,2026-06-23T00:00:00,2571
PD002572,20250529,A004,R017,L016,Tarde,5117,3621,11.44,9.56,1.88,project_fact_productividad_export.csv,2026-06-23T00:00:00,2572
PD002573,20250630,A011,R015,L016,Día,127,119,10.26,8.04,2.22,project_fact_productividad_export.csv,2026-06-23T00:00:00,2573
PD002574,20250205,A014,R014,L011,Noche,253,259,10.17,8.05,2.12,project_fact_productividad_export.csv,2026-06-23T00:00:00,2574
PD002575,20250324,A009,R001,L007,Día,2854,2470,8.98,7.84,1.14,project_fact_productividad_export.csv,2026-06-23T00:00:00,2575
PD002576,20250116,A002,R023,L006,Noche,77,79,11.63,9.69,1.94,project_fact_productividad_export.csv,2026-06-23T00:00:00,2576
PD002577,20250306,A008,R023,L013,Noche,3870,3338,9.69,7.64,2.05,project_fact_productividad_export.csv,2026-06-23T00:00:00,2577
PD002578,20250601,A011,R021,L008,Tarde,218,237,6.59,5.2,1.39,project_fact_productividad_export.csv,2026-06-23T00:00:00,2578
PD002579,20250430,A009,R008,L003,Noche,620,416,7.52,6.6,0.91,project_fact_productividad_export.csv,2026-06-23T00:00:00,2579
PD002580,20250608,A007,R017,L011,Día,3947,2510,10.1,6.3,3.79,project_fact_productividad_export.csv,2026-06-23T00:00:00,2580
PD002581,20250526,A016,R002,L011,Tarde,153,157,11.91,10.64,1.27,project_fact_productividad_export.csv,2026-06-23T00:00:00,2581
PD002582,20250308,A005,R021,L017,Tarde,3668,4129,7.03,5.63,1.4,project_fact_productividad_export.csv,2026-06-23T00:00:00,2582
PD002583,20250612,A009,R025,L005,Noche,2310,1599,9.61,5.47,4.14,project_fact_productividad_export.csv,2026-06-23T00:00:00,2583
PD002584,20250415,A001,R007,L012,Día,8344,8174,10.39,7.48,2.91,project_fact_productividad_export.csv,2026-06-23T00:00:00,2584
PD002585,20250115,A003,R014,L001,Noche,6357,5344,10.66,7.69,2.97,project_fact_productividad_export.csv,2026-06-23T00:00:00,2585
PD002586,20250428,A008,R012,L007,Noche,1588,1343,6.94,5.62,1.32,project_fact_productividad_export.csv,2026-06-23T00:00:00,2586
PD002587,20250410,A002,R007,L009,Noche,85,82,6.71,5.51,1.21,project_fact_productividad_export.csv,2026-06-23T00:00:00,2587
PD002588,20250614,A008,R008,L010,Día,3766,3532,11.38,8.1,3.27,project_fact_productividad_export.csv,2026-06-23T00:00:00,2588
PD002589,20250415,A006,R024,L007,Tarde,2921,2723,11.26,9.44,1.82,project_fact_productividad_export.csv,2026-06-23T00:00:00,2589
PD002590,20250409,A004,R010,L005,Noche,5576,6099,9.52,6.98,2.53,project_fact_productividad_export.csv,2026-06-23T00:00:00,2590
PD002591,20250111,A011,R019,L002,Día,186,165,11.72,8.53,3.19,project_fact_productividad_export.csv,2026-06-23T00:00:00,2591
PD002592,20250627,A010,R016,L013,Noche,911,533,6.21,3.64,2.57,project_fact_productividad_export.csv,2026-06-23T00:00:00,2592
PD002593,20250528,A017,R025,L008,Tarde,72,59,8.56,6.44,2.12,project_fact_productividad_export.csv,2026-06-23T00:00:00,2593
PD002594,20250508,A003,R014,L001,Noche,3307,3049,9.73,7.67,2.06,project_fact_productividad_export.csv,2026-06-23T00:00:00,2594
PD002595,20250209,A011,R026,L014,Noche,26,23,8.93,8.13,0.8,project_fact_productividad_export.csv,2026-06-23T00:00:00,2595
PD002596,20250411,A012,R009,L003,Noche,206,203,7.94,6.06,1.88,project_fact_productividad_export.csv,2026-06-23T00:00:00,2596
PD002597,20250310,A015,R008,L014,Noche,237,229,10.82,8.23,2.59,project_fact_productividad_export.csv,2026-06-23T00:00:00,2597
PD002598,20250319,A008,R020,L003,Día,3695,3174,8.49,5.88,2.62,project_fact_productividad_export.csv,2026-06-23T00:00:00,2598
PD002599,20250216,A006,R019,L006,Día,877,727,8.92,6.38,2.55,project_fact_productividad_export.csv,2026-06-23T00:00:00,2599
PD002600,20250309,A001,R007,L011,Tarde,4714,5089,11.47,8.38,3.09,project_fact_productividad_export.csv,2026-06-23T00:00:00,2600
PD002601,20250417,A005,R013,L002,Tarde,1358,1217,6.29,4.41,1.88,project_fact_productividad_export.csv,2026-06-23T00:00:00,2601
PD002602,20250105,A011,R007,L007,Día,69,73,9.25,8.5,0.74,project_fact_productividad_export.csv,2026-06-23T00:00:00,2602
PD002603,20250524,A009,R007,L011,Tarde,1990,1393,6.23,5.02,1.21,project_fact_productividad_export.csv,2026-06-23T00:00:00,2603
PD002604,20250612,A002,R003,L014,Día,259,261,11.78,8.91,2.87,project_fact_productividad_export.csv,2026-06-23T00:00:00,2604
PD002605,20250220,A007,R002,L001,Noche,869,556,7.64,6.01,1.63,project_fact_productividad_export.csv,2026-06-23T00:00:00,2605
PD002606,20250318,A015,R012,L007,Noche,153,147,6.96,6.0,0.96,project_fact_productividad_export.csv,2026-06-23T00:00:00,2606
PD002607,20250131,A010,R011,L002,Día,1633,1387,8.91,6.11,2.79,project_fact_productividad_export.csv,2026-06-23T00:00:00,2607
PD002608,20250516,A001,R025,L015,Tarde,8015,8250,7.9,5.98,1.92,project_fact_productividad_export.csv,2026-06-23T00:00:00,2608
PD002609,20250419,A007,R019,L008,Tarde,976,854,8.77,6.28,2.5,project_fact_productividad_export.csv,2026-06-23T00:00:00,2609
PD002610,20250107,A002,R008,L005,Tarde,167,165,9.97,8.24,1.73,project_fact_productividad_export.csv,2026-06-23T00:00:00,2610
PD002611,20250618,A013,R007,L014,Tarde,235,199,7.71,6.64,1.07,project_fact_productividad_export.csv,2026-06-23T00:00:00,2611
PD002612,20250208,A016,R016,L009,Día,109,101,10.41,9.41,1.0,project_fact_productividad_export.csv,2026-06-23T00:00:00,2612
PD002613,20250104,A006,R023,L009,Tarde,1194,1064,10.35,8.68,1.67,project_fact_productividad_export.csv,2026-06-23T00:00:00,2613
PD002614,20250211,A016,R017,L012,Tarde,103,100,9.1,7.01,2.09,project_fact_productividad_export.csv,2026-06-23T00:00:00,2614
PD002615,20250506,A017,R028,L014,Tarde,38,44,11.68,10.11,1.57,project_fact_productividad_export.csv,2026-06-23T00:00:00,2615
PD002616,20250127,A010,R003,L005,Tarde,4013,3319,7.39,4.44,2.95,project_fact_productividad_export.csv,2026-06-23T00:00:00,2616
PD002617,20250324,A013,R024,L013,Noche,246,210,7.92,5.45,2.46,project_fact_productividad_export.csv,2026-06-23T00:00:00,2617
PD002618,20250416,A004,R026,L009,Tarde,2937,2333,9.03,7.67,1.36,project_fact_productividad_export.csv,2026-06-23T00:00:00,2618
PD002619,20250515,A013,R025,L011,Día,208,189,9.65,7.59,2.06,project_fact_productividad_export.csv,2026-06-23T00:00:00,2619
PD002620,20250525,A012,R002,L012,Día,97,102,6.25,5.23,1.02,project_fact_productividad_export.csv,2026-06-23T00:00:00,2620
PD002621,20250430,A014,R029,L013,Tarde,193,193,10.08,6.97,3.11,project_fact_productividad_export.csv,2026-06-23T00:00:00,2621
PD002622,20250516,A015,R023,L002,Noche,67,65,8.98,6.8,2.19,project_fact_productividad_export.csv,2026-06-23T00:00:00,2622
PD002623,20250531,A005,R025,L014,Tarde,2887,2645,7.47,6.86,0.6,project_fact_productividad_export.csv,2026-06-23T00:00:00,2623
PD002624,20250101,A007,R026,L009,Tarde,1498,1152,8.13,7.14,0.99,project_fact_productividad_export.csv,2026-06-23T00:00:00,2624
PD002625,20250621,A008,R016,L003,Noche,4108,3931,8.43,6.17,2.26,project_fact_productividad_export.csv,2026-06-23T00:00:00,2625
PD002626,20250123,A001,R001,L013,Noche,8497,8379,10.15,8.4,1.75,project_fact_productividad_export.csv,2026-06-23T00:00:00,2626
PD002627,20250310,A005,R009,L013,Noche,1774,1477,9.4,8.06,1.34,project_fact_productividad_export.csv,2026-06-23T00:00:00,2627
PD002628,20250516,A004,R014,L014,Tarde,2804,2742,8.48,7.37,1.1,project_fact_productividad_export.csv,2026-06-23T00:00:00,2628
PD002629,20250106,A013,R007,L017,Día,80,76,9.88,8.59,1.29,project_fact_productividad_export.csv,2026-06-23T00:00:00,2629
PD002630,20250201,A013,R027,L004,Noche,240,222,9.11,7.55,1.56,project_fact_productividad_export.csv,2026-06-23T00:00:00,2630
PD002631,20250325,A006,R001,L001,Día,3613,3464,8.89,8.01,0.88,project_fact_productividad_export.csv,2026-06-23T00:00:00,2631
PD002632,20250518,A006,R003,L002,Noche,927,676,7.04,5.04,2.0,project_fact_productividad_export.csv,2026-06-23T00:00:00,2632
PD002633,20250107,A007,R029,L013,Noche,2929,1849,6.33,3.63,2.7,project_fact_productividad_export.csv,2026-06-23T00:00:00,2633
PD002634,20250529,A011,R011,L012,Tarde,106,84,8.53,6.25,2.28,project_fact_productividad_export.csv,2026-06-23T00:00:00,2634
PD002635,20250211,A017,R013,L017,Noche,199,206,10.15,9.14,1.02,project_fact_productividad_export.csv,2026-06-23T00:00:00,2635
PD002636,20250225,A011,R019,L011,Día,190,163,11.66,9.52,2.13,project_fact_productividad_export.csv,2026-06-23T00:00:00,2636
PD002637,20250609,A006,R027,L007,Día,3373,3497,11.65,8.9,2.75,project_fact_productividad_export.csv,2026-06-23T00:00:00,2637
PD002638,20250612,A008,R009,L010,Noche,972,1101,9.97,7.41,2.56,project_fact_productividad_export.csv,2026-06-23T00:00:00,2638
PD002639,20250109,A014,R008,L007,Día,151,144,10.54,7.69,2.85,project_fact_productividad_export.csv,2026-06-23T00:00:00,2639
PD002640,20250223,A013,R014,L001,Día,84,79,8.92,6.57,2.35,project_fact_productividad_export.csv,2026-06-23T00:00:00,2640
PD002641,20250412,A012,R009,L011,Noche,65,65,10.26,7.27,2.98,project_fact_productividad_export.csv,2026-06-23T00:00:00,2641
PD002642,20250613,A009,R017,L001,Tarde,1008,807,11.84,9.66,2.18,project_fact_productividad_export.csv,2026-06-23T00:00:00,2642
PD002643,20250410,A014,R004,L005,Noche,132,117,11.92,10.49,1.43,project_fact_productividad_export.csv,2026-06-23T00:00:00,2643
PD002644,20250613,A011,R024,L013,Día,178,170,6.78,6.02,0.75,project_fact_productividad_export.csv,2026-06-23T00:00:00,2644
PD002645,20250313,A002,R019,L014,Tarde,35,23,8.04,7.11,0.93,project_fact_productividad_export.csv,2026-06-23T00:00:00,2645
PD002646,20250113,A005,R018,L010,Tarde,2229,2070,10.14,7.21,2.93,project_fact_productividad_export.csv,2026-06-23T00:00:00,2646
PD002647,20250325,A014,R002,L001,Tarde,207,218,10.99,8.23,2.76,project_fact_productividad_export.csv,2026-06-23T00:00:00,2647
PD002648,20250326,A008,R024,L015,Tarde,3660,4026,9.21,7.4,1.81,project_fact_productividad_export.csv,2026-06-23T00:00:00,2648
PD002649,20250111,A011,R007,L004,Día,164,163,9.18,6.71,2.47,project_fact_productividad_export.csv,2026-06-23T00:00:00,2649
PD002650,20250409,A002,R027,L005,Día,99,101,10.59,7.9,2.69,project_fact_productividad_export.csv,2026-06-23T00:00:00,2650
PD002651,20250101,A007,R027,L017,Tarde,2553,2369,11.33,6.73,4.59,project_fact_productividad_export.csv,2026-06-23T00:00:00,2651
PD002652,20250328,A008,R015,L001,Día,3157,4119,10.96,9.6,1.36,project_fact_productividad_export.csv,2026-06-23T00:00:00,2652
PD002653,20250220,A016,R023,L006,Noche,93,86,8.71,7.6,1.1,project_fact_productividad_export.csv,2026-06-23T00:00:00,2653
PD002654,20250109,A001,R028,L015,Noche,5302,5342,6.94,5.99,0.95,project_fact_productividad_export.csv,2026-06-23T00:00:00,2654
PD002655,20250618,A017,R018,L002,Noche,234,226,7.39,5.42,1.97,project_fact_productividad_export.csv,2026-06-23T00:00:00,2655
PD002656,20250503,A011,R030,L010,Noche,194,171,10.29,8.9,1.39,project_fact_productividad_export.csv,2026-06-23T00:00:00,2656
PD002657,20250214,A002,R027,L007,Día,65,76,11.68,8.7,2.98,project_fact_productividad_export.csv,2026-06-23T00:00:00,2657
PD002658,20250502,A015,R016,L003,Día,111,90,6.84,5.37,1.47,project_fact_productividad_export.csv,2026-06-23T00:00:00,2658
PD002659,20250608,A002,R014,L007,Noche,127,128,9.6,7.66,1.94,project_fact_productividad_export.csv,2026-06-23T00:00:00,2659
PD002660,20250410,A017,R028,L009,Noche,83,72,9.83,8.21,1.61,project_fact_productividad_export.csv,2026-06-23T00:00:00,2660
PD002661,20250315,A005,R003,L011,Día,2878,3260,8.14,6.8,1.34,project_fact_productividad_export.csv,2026-06-23T00:00:00,2661
PD002662,20250629,A002,R010,L006,Noche,213,239,9.36,8.12,1.24,project_fact_productividad_export.csv,2026-06-23T00:00:00,2662
PD002663,20250515,A013,R003,L004,Noche,155,140,8.27,7.03,1.24,project_fact_productividad_export.csv,2026-06-23T00:00:00,2663
PD002664,20250422,A017,R023,L010,Tarde,56,53,6.43,5.41,1.02,project_fact_productividad_export.csv,2026-06-23T00:00:00,2664
PD002665,20250426,A004,R011,L009,Noche,3085,3044,9.53,7.49,2.05,project_fact_productividad_export.csv,2026-06-23T00:00:00,2665
PD002666,20250328,A006,R002,L009,Tarde,2980,2968,8.09,7.41,0.68,project_fact_productividad_export.csv,2026-06-23T00:00:00,2666
PD002667,20250412,A008,R020,L002,Tarde,2315,2127,8.36,7.04,1.32,project_fact_productividad_export.csv,2026-06-23T00:00:00,2667
PD002668,20250525,A006,R026,L017,Noche,3500,3499,9.45,6.98,2.47,project_fact_productividad_export.csv,2026-06-23T00:00:00,2668
PD002669,20250319,A003,R008,L012,Tarde,2670,2859,7.12,5.2,1.91,project_fact_productividad_export.csv,2026-06-23T00:00:00,2669
PD002670,20250531,A005,R021,L014,Noche,3201,3514,10.04,7.54,2.5,project_fact_productividad_export.csv,2026-06-23T00:00:00,2670
PD002671,20250619,A001,R024,L008,Noche,6913,6837,11.56,8.78,2.78,project_fact_productividad_export.csv,2026-06-23T00:00:00,2671
PD002672,20250620,A011,R028,L014,Noche,168,150,11.23,8.2,3.03,project_fact_productividad_export.csv,2026-06-23T00:00:00,2672
PD002673,20250227,A002,R005,L009,Día,212,203,7.2,6.58,0.62,project_fact_productividad_export.csv,2026-06-23T00:00:00,2673
PD002674,20250311,A014,R002,L006,Noche,223,218,9.87,8.43,1.43,project_fact_productividad_export.csv,2026-06-23T00:00:00,2674
PD002675,20250322,A002,R001,L008,Tarde,239,226,8.32,7.6,0.72,project_fact_productividad_export.csv,2026-06-23T00:00:00,2675
PD002676,20250630,A013,R003,L017,Noche,253,285,9.93,7.24,2.68,project_fact_productividad_export.csv,2026-06-23T00:00:00,2676
PD002677,20250224,A010,R003,L007,Día,1326,1035,6.3,4.57,1.74,project_fact_productividad_export.csv,2026-06-23T00:00:00,2677
PD002678,20250125,A015,R029,L009,Noche,81,70,9.83,8.29,1.55,project_fact_productividad_export.csv,2026-06-23T00:00:00,2678
PD002679,20250228,A009,R002,L003,Noche,3890,3815,6.14,4.03,2.11,project_fact_productividad_export.csv,2026-06-23T00:00:00,2679
PD002680,20250604,A012,R006,L017,Tarde,161,167,10.84,8.83,2.01,project_fact_productividad_export.csv,2026-06-23T00:00:00,2680
PD002681,20250320,A011,R005,L007,Tarde,39,37,8.09,6.64,1.45,project_fact_productividad_export.csv,2026-06-23T00:00:00,2681
PD002682,20250310,A008,R029,L011,Tarde,1668,1522,9.38,6.9,2.48,project_fact_productividad_export.csv,2026-06-23T00:00:00,2682
PD002683,20250329,A014,R005,L005,Noche,128,109,7.32,5.71,1.6,project_fact_productividad_export.csv,2026-06-23T00:00:00,2683
PD002684,20250427,A006,R014,L017,Noche,2128,2247,11.58,8.25,3.32,project_fact_productividad_export.csv,2026-06-23T00:00:00,2684
PD002685,20250413,A008,R016,L005,Día,1716,1321,10.53,8.56,1.97,project_fact_productividad_export.csv,2026-06-23T00:00:00,2685
PD002686,20250404,A005,R026,L001,Tarde,3964,4478,9.83,6.94,2.89,project_fact_productividad_export.csv,2026-06-23T00:00:00,2686
PD002687,20250119,A008,R017,L003,Día,2026,2034,10.19,7.06,3.13,project_fact_productividad_export.csv,2026-06-23T00:00:00,2687
PD002688,20250224,A012,R001,L002,Noche,254,295,9.7,6.84,2.86,project_fact_productividad_export.csv,2026-06-23T00:00:00,2688
PD002689,20250103,A013,R019,L003,Tarde,244,235,6.95,6.35,0.59,project_fact_productividad_export.csv,2026-06-23T00:00:00,2689
PD002690,20250109,A011,R027,L009,Noche,190,178,10.95,7.64,3.31,project_fact_productividad_export.csv,2026-06-23T00:00:00,2690
PD002691,20250213,A011,R027,L013,Noche,146,163,10.27,7.83,2.44,project_fact_productividad_export.csv,2026-06-23T00:00:00,2691
PD002692,20250307,A007,R018,L003,Tarde,3140,1983,11.36,6.87,4.49,project_fact_productividad_export.csv,2026-06-23T00:00:00,2692
PD002693,20250429,A013,R030,L017,Noche,74,71,11.61,8.96,2.64,project_fact_productividad_export.csv,2026-06-23T00:00:00,2693
PD002694,20250627,A016,R001,L007,Tarde,158,147,6.61,5.17,1.45,project_fact_productividad_export.csv,2026-06-23T00:00:00,2694
PD002695,20250502,A008,R016,L003,Tarde,1560,1489,8.09,5.6,2.49,project_fact_productividad_export.csv,2026-06-23T00:00:00,2695
PD002696,20250416,A004,R002,L006,Día,2396,2503,11.68,8.9,2.78,project_fact_productividad_export.csv,2026-06-23T00:00:00,2696
PD002697,20250424,A005,R010,L001,Tarde,2174,2127,6.08,4.45,1.63,project_fact_productividad_export.csv,2026-06-23T00:00:00,2697
PD002698,20250429,A015,R017,L013,Noche,50,52,7.1,5.72,1.38,project_fact_productividad_export.csv,2026-06-23T00:00:00,2698
PD002699,20250212,A011,R026,L013,Día,54,58,10.57,8.27,2.3,project_fact_productividad_export.csv,2026-06-23T00:00:00,2699
PD002700,20250205,A011,R005,L016,Día,161,175,7.5,5.39,2.1,project_fact_productividad_export.csv,2026-06-23T00:00:00,2700
PD002701,20250206,A013,R010,L009,Tarde,29,31,11.56,8.77,2.79,project_fact_productividad_export.csv,2026-06-23T00:00:00,2701
PD002702,20250205,A008,R017,L012,Tarde,3682,3958,9.76,7.34,2.42,project_fact_productividad_export.csv,2026-06-23T00:00:00,2702
PD002703,20250612,A014,R013,L008,Tarde,255,239,11.15,8.88,2.27,project_fact_productividad_export.csv,2026-06-23T00:00:00,2703
PD002704,20250513,A007,R026,L005,Día,1677,1738,6.48,5.77,0.7,project_fact_productividad_export.csv,2026-06-23T00:00:00,2704
PD002705,20250607,A014,R002,L013,Noche,165,145,9.84,7.13,2.71,project_fact_productividad_export.csv,2026-06-23T00:00:00,2705
PD002706,20250407,A002,R021,L016,Tarde,259,302,11.36,8.69,2.67,project_fact_productividad_export.csv,2026-06-23T00:00:00,2706
PD002707,20250526,A017,R007,L012,Tarde,205,219,10.64,7.48,3.16,project_fact_productividad_export.csv,2026-06-23T00:00:00,2707
PD002708,20250527,A014,R021,L013,Noche,100,87,10.26,8.07,2.19,project_fact_productividad_export.csv,2026-06-23T00:00:00,2708
PD002709,20250408,A017,R024,L014,Noche,43,42,7.0,5.4,1.6,project_fact_productividad_export.csv,2026-06-23T00:00:00,2709
PD002710,20250612,A017,R024,L010,Día,64,56,6.08,5.08,1.0,project_fact_productividad_export.csv,2026-06-23T00:00:00,2710
PD002711,20250117,A009,R025,L009,Día,2373,1667,9.58,7.73,1.85,project_fact_productividad_export.csv,2026-06-23T00:00:00,2711
PD002712,20250216,A013,R015,L005,Día,74,84,10.39,8.99,1.4,project_fact_productividad_export.csv,2026-06-23T00:00:00,2712
PD002713,20250511,A004,R027,L012,Día,6278,6237,9.15,7.44,1.71,project_fact_productividad_export.csv,2026-06-23T00:00:00,2713
PD002714,20250331,A016,R004,L007,Tarde,177,161,9.95,6.88,3.07,project_fact_productividad_export.csv,2026-06-23T00:00:00,2714
PD002715,20250423,A011,R018,L007,Día,55,55,10.54,9.45,1.09,project_fact_productividad_export.csv,2026-06-23T00:00:00,2715
PD002716,20250328,A016,R002,L017,Noche,30,23,8.16,5.96,2.2,project_fact_productividad_export.csv,2026-06-23T00:00:00,2716
PD002717,20250413,A008,R018,L007,Tarde,1183,1270,10.68,7.99,2.69,project_fact_productividad_export.csv,2026-06-23T00:00:00,2717
PD002718,20250628,A002,R003,L012,Noche,81,60,10.71,8.29,2.43,project_fact_productividad_export.csv,2026-06-23T00:00:00,2718
PD002719,20250602,A010,R010,L003,Noche,2605,1536,9.63,5.69,3.94,project_fact_productividad_export.csv,2026-06-23T00:00:00,2719
PD002720,20250212,A009,R008,L013,Noche,654,464,8.11,4.87,3.24,project_fact_productividad_export.csv,2026-06-23T00:00:00,2720
PD002721,20250112,A017,R020,L011,Tarde,32,32,10.79,7.43,3.36,project_fact_productividad_export.csv,2026-06-23T00:00:00,2721
PD002722,20250406,A011,R005,L017,Día,251,272,8.92,8.13,0.79,project_fact_productividad_export.csv,2026-06-23T00:00:00,2722
PD002723,20250205,A011,R024,L012,Tarde,212,208,11.83,9.41,2.43,project_fact_productividad_export.csv,2026-06-23T00:00:00,2723
PD002724,20250611,A008,R014,L013,Tarde,1504,1419,10.02,8.91,1.11,project_fact_productividad_export.csv,2026-06-23T00:00:00,2724
PD002725,20250517,A006,R029,L006,Día,747,681,6.03,4.11,1.92,project_fact_productividad_export.csv,2026-06-23T00:00:00,2725
PD002726,20250112,A015,R019,L001,Noche,22,22,8.04,6.23,1.81,project_fact_productividad_export.csv,2026-06-23T00:00:00,2726
PD002727,20250103,A014,R018,L017,Día,122,107,7.35,5.83,1.52,project_fact_productividad_export.csv,2026-06-23T00:00:00,2727
PD002728,20250207,A013,R005,L007,Tarde,48,45,11.73,9.9,1.83,project_fact_productividad_export.csv,2026-06-23T00:00:00,2728
PD002729,20250530,A005,R005,L001,Tarde,630,691,6.05,4.91,1.14,project_fact_productividad_export.csv,2026-06-23T00:00:00,2729
PD002730,20250305,A002,R029,L001,Día,170,168,9.76,7.34,2.42,project_fact_productividad_export.csv,2026-06-23T00:00:00,2730
PD002731,20250108,A014,R028,L003,Día,43,47,7.35,6.66,0.68,project_fact_productividad_export.csv,2026-06-23T00:00:00,2731
PD002732,20250402,A003,R019,L014,Noche,3840,3594,7.5,5.33,2.17,project_fact_productividad_export.csv,2026-06-23T00:00:00,2732
PD002733,20250405,A010,R019,L005,Día,3266,2264,9.18,6.73,2.45,project_fact_productividad_export.csv,2026-06-23T00:00:00,2733
PD002734,20250117,A001,R029,L006,Tarde,5347,5368,11.95,9.47,2.48,project_fact_productividad_export.csv,2026-06-23T00:00:00,2734
PD002735,20250412,A010,R009,L014,Noche,2870,1581,11.0,8.06,2.95,project_fact_productividad_export.csv,2026-06-23T00:00:00,2735
PD002736,20250215,A011,R020,L016,Día,140,147,7.31,5.78,1.52,project_fact_productividad_export.csv,2026-06-23T00:00:00,2736
PD002737,20250226,A015,R017,L008,Tarde,192,207,9.52,7.59,1.93,project_fact_productividad_export.csv,2026-06-23T00:00:00,2737
PD002738,20250406,A008,R019,L011,Tarde,4073,3391,8.04,6.71,1.33,project_fact_productividad_export.csv,2026-06-23T00:00:00,2738
PD002739,20250119,A012,R005,L014,Tarde,229,263,7.45,5.75,1.7,project_fact_productividad_export.csv,2026-06-23T00:00:00,2739
PD002740,20250308,A004,R006,L012,Día,8312,6824,7.57,6.95,0.61,project_fact_productividad_export.csv,2026-06-23T00:00:00,2740
PD002741,20250629,A002,R030,L010,Tarde,217,188,6.02,5.52,0.5,project_fact_productividad_export.csv,2026-06-23T00:00:00,2741
PD002742,20250315,A017,R006,L003,Tarde,235,274,6.17,4.4,1.78,project_fact_productividad_export.csv,2026-06-23T00:00:00,2742
PD002743,20250106,A003,R027,L012,Tarde,7799,6805,11.8,8.45,3.35,project_fact_productividad_export.csv,2026-06-23T00:00:00,2743
PD002744,20250622,A015,R014,L003,Día,79,76,9.85,7.02,2.83,project_fact_productividad_export.csv,2026-06-23T00:00:00,2744
PD002745,20250104,A001,R027,L008,Noche,8071,6904,7.9,6.88,1.02,project_fact_productividad_export.csv,2026-06-23T00:00:00,2745
PD002746,20250629,A011,R029,L005,Día,190,192,10.53,8.23,2.3,project_fact_productividad_export.csv,2026-06-23T00:00:00,2746
PD002747,20250311,A013,R003,L006,Día,82,66,7.12,6.07,1.05,project_fact_productividad_export.csv,2026-06-23T00:00:00,2747
PD002748,20250620,A011,R015,L016,Tarde,111,100,7.57,5.66,1.91,project_fact_productividad_export.csv,2026-06-23T00:00:00,2748
PD002749,20250629,A013,R016,L010,Tarde,245,249,11.04,8.82,2.22,project_fact_productividad_export.csv,2026-06-23T00:00:00,2749
PD002750,20250128,A015,R004,L017,Noche,202,167,9.22,6.67,2.54,project_fact_productividad_export.csv,2026-06-23T00:00:00,2750
PD002751,20250116,A013,R001,L004,Noche,154,129,8.98,7.11,1.87,project_fact_productividad_export.csv,2026-06-23T00:00:00,2751
PD002752,20250506,A011,R014,L007,Día,206,215,10.25,7.41,2.84,project_fact_productividad_export.csv,2026-06-23T00:00:00,2752
PD002753,20250625,A012,R001,L002,Noche,189,188,7.52,5.92,1.6,project_fact_productividad_export.csv,2026-06-23T00:00:00,2753
PD002754,20250510,A011,R025,L004,Noche,202,198,10.03,8.82,1.2,project_fact_productividad_export.csv,2026-06-23T00:00:00,2754
PD002755,20250303,A014,R021,L008,Noche,113,103,11.87,10.76,1.11,project_fact_productividad_export.csv,2026-06-23T00:00:00,2755
PD002756,20250228,A017,R013,L017,Tarde,213,214,10.94,9.31,1.63,project_fact_productividad_export.csv,2026-06-23T00:00:00,2756
PD002757,20250114,A006,R010,L005,Día,1102,1145,8.56,6.76,1.8,project_fact_productividad_export.csv,2026-06-23T00:00:00,2757
PD002758,20250525,A004,R001,L010,Tarde,3101,3140,6.14,5.19,0.94,project_fact_productividad_export.csv,2026-06-23T00:00:00,2758
PD002759,20250430,A012,R021,L003,Tarde,166,168,7.63,5.61,2.03,project_fact_productividad_export.csv,2026-06-23T00:00:00,2759
PD002760,20250504,A007,R028,L012,Día,3955,2511,11.26,7.76,3.49,project_fact_productividad_export.csv,2026-06-23T00:00:00,2760
PD002761,20250420,A010,R025,L011,Tarde,2129,1780,10.87,9.45,1.42,project_fact_productividad_export.csv,2026-06-23T00:00:00,2761
PD002762,20250410,A010,R015,L008,Noche,3367,1711,7.26,5.11,2.15,project_fact_productividad_export.csv,2026-06-23T00:00:00,2762
PD002763,20250311,A013,R017,L015,Noche,222,207,10.47,7.76,2.71,project_fact_productividad_export.csv,2026-06-23T00:00:00,2763
PD002764,20250426,A010,R008,L003,Día,1579,1338,8.54,5.9,2.65,project_fact_productividad_export.csv,2026-06-23T00:00:00,2764
PD002765,20250303,A017,R016,L009,Noche,197,206,6.36,4.81,1.54,project_fact_productividad_export.csv,2026-06-23T00:00:00,2765
PD002766,20250628,A007,R010,L009,Tarde,1674,1619,6.18,3.97,2.21,project_fact_productividad_export.csv,2026-06-23T00:00:00,2766
PD002767,20250414,A001,R002,L002,Día,7479,7396,6.22,5.69,0.54,project_fact_productividad_export.csv,2026-06-23T00:00:00,2767
PD002768,20250407,A015,R024,L010,Noche,138,159,9.71,8.47,1.24,project_fact_productividad_export.csv,2026-06-23T00:00:00,2768
PD002769,20250424,A003,R029,L016,Día,3924,3738,10.06,9.23,0.82,project_fact_productividad_export.csv,2026-06-23T00:00:00,2769
PD002770,20250405,A012,R003,L013,Tarde,21,22,7.96,6.43,1.53,project_fact_productividad_export.csv,2026-06-23T00:00:00,2770
PD002771,20250126,A009,R021,L001,Noche,1807,1207,7.44,4.4,3.04,project_fact_productividad_export.csv,2026-06-23T00:00:00,2771
PD002772,20250107,A006,R008,L006,Tarde,2441,2117,11.91,10.05,1.86,project_fact_productividad_export.csv,2026-06-23T00:00:00,2772
PD002773,20250531,A008,R012,L011,Noche,2642,2617,9.01,7.32,1.69,project_fact_productividad_export.csv,2026-06-23T00:00:00,2773
PD002774,20250129,A001,R003,L007,Noche,7310,6893,6.05,4.46,1.59,project_fact_productividad_export.csv,2026-06-23T00:00:00,2774
PD002775,20250620,A006,R017,L008,Noche,1407,1179,11.1,8.24,2.86,project_fact_productividad_export.csv,2026-06-23T00:00:00,2775
PD002776,20250101,A015,R003,L005,Tarde,126,96,9.45,8.31,1.14,project_fact_productividad_export.csv,2026-06-23T00:00:00,2776
PD002777,20250627,A002,R016,L004,Tarde,216,156,10.19,9.16,1.03,project_fact_productividad_export.csv,2026-06-23T00:00:00,2777
PD002778,20250413,A008,R019,L002,Noche,2794,3001,7.61,6.63,0.98,project_fact_productividad_export.csv,2026-06-23T00:00:00,2778
PD002779,20250313,A009,R030,L003,Día,2610,2153,11.72,8.13,3.59,project_fact_productividad_export.csv,2026-06-23T00:00:00,2779
PD002780,20250430,A007,R009,L013,Tarde,2346,2097,9.73,7.81,1.92,project_fact_productividad_export.csv,2026-06-23T00:00:00,2780
PD002781,20250209,A016,R011,L005,Día,77,69,6.44,4.7,1.74,project_fact_productividad_export.csv,2026-06-23T00:00:00,2781
PD002782,20250616,A011,R020,L005,Noche,221,208,8.51,6.13,2.38,project_fact_productividad_export.csv,2026-06-23T00:00:00,2782
PD002783,20250615,A003,R002,L002,Tarde,6896,6191,8.79,6.51,2.28,project_fact_productividad_export.csv,2026-06-23T00:00:00,2783
PD002784,20250221,A010,R006,L010,Tarde,1022,565,6.07,5.41,0.67,project_fact_productividad_export.csv,2026-06-23T00:00:00,2784
PD002785,20250110,A006,R002,L017,Día,3301,2414,6.37,4.78,1.59,project_fact_productividad_export.csv,2026-06-23T00:00:00,2785
PD002786,20250115,A015,R009,L002,Tarde,245,185,10.83,8.79,2.03,project_fact_productividad_export.csv,2026-06-23T00:00:00,2786
PD002787,20250208,A007,R011,L003,Noche,2666,1671,11.3,8.92,2.38,project_fact_productividad_export.csv,2026-06-23T00:00:00,2787
PD002788,20250526,A004,R002,L002,Noche,8431,6619,9.53,6.52,3.01,project_fact_productividad_export.csv,2026-06-23T00:00:00,2788
PD002789,20250510,A008,R019,L006,Tarde,747,648,11.95,8.16,3.79,project_fact_productividad_export.csv,2026-06-23T00:00:00,2789
PD002790,20250330,A012,R018,L004,Tarde,134,122,11.24,8.71,2.53,project_fact_productividad_export.csv,2026-06-23T00:00:00,2790
PD002791,20250629,A008,R002,L009,Día,1876,2281,6.11,5.14,0.97,project_fact_productividad_export.csv,2026-06-23T00:00:00,2791
PD002792,20250505,A002,R010,L005,Noche,176,147,8.63,5.97,2.66,project_fact_productividad_export.csv,2026-06-23T00:00:00,2792
PD002793,20250604,A011,R005,L003,Noche,201,182,6.08,5.24,0.84,project_fact_productividad_export.csv,2026-06-23T00:00:00,2793
PD002794,20250109,A008,R014,L011,Noche,2943,3198,6.24,5.65,0.6,project_fact_productividad_export.csv,2026-06-23T00:00:00,2794
PD002795,20250520,A014,R004,L006,Tarde,240,250,12.0,10.52,1.47,project_fact_productividad_export.csv,2026-06-23T00:00:00,2795
PD002796,20250224,A006,R011,L001,Tarde,1818,1833,7.56,5.45,2.11,project_fact_productividad_export.csv,2026-06-23T00:00:00,2796
PD002797,20250112,A001,R006,L016,Día,7957,8931,9.81,7.38,2.43,project_fact_productividad_export.csv,2026-06-23T00:00:00,2797
PD002798,20250614,A012,R009,L006,Día,93,104,8.38,5.98,2.41,project_fact_productividad_export.csv,2026-06-23T00:00:00,2798
PD002799,20250116,A001,R011,L015,Noche,5976,5921,11.96,9.92,2.04,project_fact_productividad_export.csv,2026-06-23T00:00:00,2799
PD002800,20250401,A009,R017,L006,Noche,2054,1243,10.06,8.76,1.3,project_fact_productividad_export.csv,2026-06-23T00:00:00,2800
PD002801,20250224,A001,R029,L001,Noche,6985,7008,11.35,9.49,1.86,project_fact_productividad_export.csv,2026-06-23T00:00:00,2801
PD002802,20250511,A015,R021,L001,Tarde,106,102,10.35,8.97,1.38,project_fact_productividad_export.csv,2026-06-23T00:00:00,2802
PD002803,20250526,A002,R011,L009,Tarde,54,49,8.32,7.04,1.28,project_fact_productividad_export.csv,2026-06-23T00:00:00,2803
PD002804,20250615,A012,R008,L005,Día,90,82,7.74,6.53,1.21,project_fact_productividad_export.csv,2026-06-23T00:00:00,2804
PD002805,20250613,A015,R005,L009,Tarde,223,211,11.74,8.28,3.46,project_fact_productividad_export.csv,2026-06-23T00:00:00,2805
PD002806,20250117,A017,R025,L002,Tarde,146,159,10.96,8.62,2.34,project_fact_productividad_export.csv,2026-06-23T00:00:00,2806
PD002807,20250417,A009,R025,L011,Noche,1789,860,11.06,7.26,3.79,project_fact_productividad_export.csv,2026-06-23T00:00:00,2807
PD002808,20250504,A007,R027,L011,Tarde,1560,1587,6.13,5.31,0.81,project_fact_productividad_export.csv,2026-06-23T00:00:00,2808
PD002809,20250210,A016,R022,L013,Noche,197,202,7.93,5.44,2.49,project_fact_productividad_export.csv,2026-06-23T00:00:00,2809
PD002810,20250415,A006,R012,L002,Noche,3880,3359,9.15,6.46,2.7,project_fact_productividad_export.csv,2026-06-23T00:00:00,2810
PD002811,20250530,A015,R026,L004,Noche,98,106,10.19,7.08,3.1,project_fact_productividad_export.csv,2026-06-23T00:00:00,2811
PD002812,20250114,A016,R028,L005,Tarde,243,276,6.35,4.64,1.72,project_fact_productividad_export.csv,2026-06-23T00:00:00,2812
PD002813,20250422,A010,R024,L004,Tarde,2730,2066,10.34,5.99,4.35,project_fact_productividad_export.csv,2026-06-23T00:00:00,2813
PD002814,20250223,A007,R012,L001,Día,2797,1884,7.49,4.35,3.14,project_fact_productividad_export.csv,2026-06-23T00:00:00,2814
PD002815,20250228,A013,R015,L016,Noche,164,141,10.48,8.16,2.32,project_fact_productividad_export.csv,2026-06-23T00:00:00,2815
PD002816,20250218,A011,R015,L005,Tarde,34,28,9.71,8.31,1.4,project_fact_productividad_export.csv,2026-06-23T00:00:00,2816
PD002817,20250620,A011,R002,L004,Noche,82,68,11.97,10.39,1.58,project_fact_productividad_export.csv,2026-06-23T00:00:00,2817
PD002818,20250317,A002,R005,L013,Noche,112,106,9.24,8.02,1.22,project_fact_productividad_export.csv,2026-06-23T00:00:00,2818
PD002819,20250104,A017,R008,L010,Noche,137,123,11.44,7.95,3.49,project_fact_productividad_export.csv,2026-06-23T00:00:00,2819
PD002820,20250217,A011,R022,L014,Tarde,79,72,10.63,9.68,0.95,project_fact_productividad_export.csv,2026-06-23T00:00:00,2820
PD002821,20250311,A014,R023,L007,Noche,89,87,11.82,8.3,3.52,project_fact_productividad_export.csv,2026-06-23T00:00:00,2821
PD002822,20250112,A011,R024,L003,Noche,78,88,9.97,7.08,2.89,project_fact_productividad_export.csv,2026-06-23T00:00:00,2822
PD002823,20250525,A007,R016,L001,Tarde,3216,2368,10.4,7.22,3.18,project_fact_productividad_export.csv,2026-06-23T00:00:00,2823
PD002824,20250102,A009,R027,L008,Tarde,2358,2084,6.02,4.52,1.5,project_fact_productividad_export.csv,2026-06-23T00:00:00,2824
PD002825,20250118,A001,R004,L005,Tarde,8366,9453,8.03,7.12,0.92,project_fact_productividad_export.csv,2026-06-23T00:00:00,2825
PD002826,20250531,A016,R030,L005,Día,253,217,9.03,6.19,2.84,project_fact_productividad_export.csv,2026-06-23T00:00:00,2826
PD002827,20250522,A015,R028,L005,Tarde,241,222,6.98,4.79,2.19,project_fact_productividad_export.csv,2026-06-23T00:00:00,2827
PD002828,20250530,A002,R010,L017,Noche,56,50,10.49,8.26,2.23,project_fact_productividad_export.csv,2026-06-23T00:00:00,2828
PD002829,20250527,A005,R028,L013,Día,2449,2480,8.02,6.25,1.77,project_fact_productividad_export.csv,2026-06-23T00:00:00,2829
PD002830,20250620,A004,R026,L004,Día,4852,5411,9.38,6.55,2.83,project_fact_productividad_export.csv,2026-06-23T00:00:00,2830
PD002831,20250208,A002,R025,L004,Día,20,21,7.27,6.66,0.61,project_fact_productividad_export.csv,2026-06-23T00:00:00,2831
PD002832,20250204,A005,R025,L002,Noche,2308,2346,11.29,8.59,2.7,project_fact_productividad_export.csv,2026-06-23T00:00:00,2832
PD002833,20250512,A015,R021,L008,Día,142,149,7.8,5.63,2.17,project_fact_productividad_export.csv,2026-06-23T00:00:00,2833
PD002834,20250101,A008,R015,L002,Tarde,1445,1682,9.79,8.68,1.11,project_fact_productividad_export.csv,2026-06-23T00:00:00,2834
PD002835,20250110,A006,R019,L005,Día,3336,3857,7.43,6.44,0.99,project_fact_productividad_export.csv,2026-06-23T00:00:00,2835
PD002836,20250605,A006,R021,L008,Día,2433,2382,11.47,8.74,2.73,project_fact_productividad_export.csv,2026-06-23T00:00:00,2836
PD002837,20250410,A015,R018,L007,Día,170,170,9.21,6.94,2.27,project_fact_productividad_export.csv,2026-06-23T00:00:00,2837
PD002838,20250402,A013,R024,L007,Noche,83,82,8.54,7.33,1.22,project_fact_productividad_export.csv,2026-06-23T00:00:00,2838
PD002839,20250130,A015,R022,L003,Noche,85,100,9.95,7.26,2.69,project_fact_productividad_export.csv,2026-06-23T00:00:00,2839
PD002840,20250323,A009,R015,L014,Noche,3334,1699,10.16,6.82,3.34,project_fact_productividad_export.csv,2026-06-23T00:00:00,2840
PD002841,20250213,A016,R017,L003,Día,114,121,11.99,9.64,2.35,project_fact_productividad_export.csv,2026-06-23T00:00:00,2841
PD002842,20250621,A017,R006,L014,Noche,88,85,6.65,4.89,1.76,project_fact_productividad_export.csv,2026-06-23T00:00:00,2842
PD002843,20250430,A015,R004,L003,Día,184,110,11.17,9.04,2.13,project_fact_productividad_export.csv,2026-06-23T00:00:00,2843
PD002844,20250130,A004,R009,L002,Noche,4205,4039,11.21,7.87,3.34,project_fact_productividad_export.csv,2026-06-23T00:00:00,2844
PD002845,20250311,A012,R018,L008,Día,164,165,6.13,5.3,0.83,project_fact_productividad_export.csv,2026-06-23T00:00:00,2845
PD002846,20250419,A003,R022,L013,Noche,4917,4487,9.1,6.59,2.51,project_fact_productividad_export.csv,2026-06-23T00:00:00,2846
PD002847,20250109,A007,R012,L010,Tarde,3718,2835,10.55,7.9,2.65,project_fact_productividad_export.csv,2026-06-23T00:00:00,2847
PD002848,20250508,A017,R019,L010,Noche,188,185,11.82,10.5,1.32,project_fact_productividad_export.csv,2026-06-23T00:00:00,2848
PD002849,20250604,A009,R020,L003,Tarde,3902,2700,8.62,7.51,1.11,project_fact_productividad_export.csv,2026-06-23T00:00:00,2849
PD002850,20250617,A003,R020,L007,Día,6846,5995,7.05,6.25,0.8,project_fact_productividad_export.csv,2026-06-23T00:00:00,2850
PD002851,20250120,A009,R012,L012,Noche,3060,1701,9.41,7.15,2.26,project_fact_productividad_export.csv,2026-06-23T00:00:00,2851
PD002852,20250211,A013,R012,L012,Tarde,250,285,6.24,4.5,1.74,project_fact_productividad_export.csv,2026-06-23T00:00:00,2852
PD002853,20250313,A009,R014,L006,Tarde,2749,1829,11.28,8.99,2.29,project_fact_productividad_export.csv,2026-06-23T00:00:00,2853
PD002854,20250321,A014,R025,L004,Tarde,44,47,10.14,8.75,1.4,project_fact_productividad_export.csv,2026-06-23T00:00:00,2854
PD002855,20250420,A017,R015,L006,Tarde,53,43,10.74,7.32,3.42,project_fact_productividad_export.csv,2026-06-23T00:00:00,2855
PD002856,20250420,A011,R001,L001,Noche,122,123,8.54,6.21,2.33,project_fact_productividad_export.csv,2026-06-23T00:00:00,2856
PD002857,20250618,A013,R019,L009,Día,61,57,9.88,7.19,2.69,project_fact_productividad_export.csv,2026-06-23T00:00:00,2857
PD002858,20250504,A008,R023,L011,Noche,682,611,10.61,9.74,0.87,project_fact_productividad_export.csv,2026-06-23T00:00:00,2858
PD002859,20250409,A003,R006,L013,Tarde,5661,5275,11.31,8.34,2.97,project_fact_productividad_export.csv,2026-06-23T00:00:00,2859
PD002860,20250107,A003,R002,L007,Noche,5821,6247,6.01,5.13,0.88,project_fact_productividad_export.csv,2026-06-23T00:00:00,2860
PD002861,20250208,A010,R025,L008,Noche,1080,669,9.93,8.02,1.91,project_fact_productividad_export.csv,2026-06-23T00:00:00,2861
PD002862,20250131,A017,R004,L006,Noche,228,222,11.24,8.67,2.57,project_fact_productividad_export.csv,2026-06-23T00:00:00,2862
PD002863,20250429,A008,R015,L010,Noche,1189,1174,9.33,8.49,0.84,project_fact_productividad_export.csv,2026-06-23T00:00:00,2863
PD002864,20250604,A016,R029,L014,Noche,181,193,9.93,8.52,1.41,project_fact_productividad_export.csv,2026-06-23T00:00:00,2864
PD002865,20250410,A010,R018,L011,Tarde,3299,2672,6.97,4.92,2.05,project_fact_productividad_export.csv,2026-06-23T00:00:00,2865
PD002866,20250217,A001,R013,L005,Día,2668,2428,7.38,6.27,1.11,project_fact_productividad_export.csv,2026-06-23T00:00:00,2866
PD002867,20250422,A008,R005,L002,Noche,1189,1077,8.45,6.7,1.75,project_fact_productividad_export.csv,2026-06-23T00:00:00,2867
PD002868,20250120,A005,R003,L008,Día,1429,1328,10.45,8.58,1.87,project_fact_productividad_export.csv,2026-06-23T00:00:00,2868
PD002869,20250213,A002,R026,L015,Noche,216,192,7.21,6.17,1.04,project_fact_productividad_export.csv,2026-06-23T00:00:00,2869
PD002870,20250529,A008,R013,L002,Tarde,1414,1234,6.46,4.9,1.55,project_fact_productividad_export.csv,2026-06-23T00:00:00,2870
PD002871,20250325,A013,R017,L012,Tarde,253,200,11.95,8.3,3.65,project_fact_productividad_export.csv,2026-06-23T00:00:00,2871
PD002872,20250424,A008,R030,L007,Noche,2576,2689,8.7,6.26,2.44,project_fact_productividad_export.csv,2026-06-23T00:00:00,2872
PD002873,20250125,A003,R015,L004,Día,6030,5608,7.75,6.1,1.65,project_fact_productividad_export.csv,2026-06-23T00:00:00,2873
PD002874,20250101,A012,R001,L012,Día,141,152,9.13,7.29,1.85,project_fact_productividad_export.csv,2026-06-23T00:00:00,2874
PD002875,20250518,A004,R001,L003,Día,8114,8543,7.37,6.04,1.33,project_fact_productividad_export.csv,2026-06-23T00:00:00,2875
PD002876,20250618,A004,R013,L005,Tarde,8213,8900,8.86,7.74,1.12,project_fact_productividad_export.csv,2026-06-23T00:00:00,2876
PD002877,20250517,A006,R012,L005,Tarde,2067,2044,8.61,6.48,2.13,project_fact_productividad_export.csv,2026-06-23T00:00:00,2877
PD002878,20250602,A005,R024,L005,Noche,1688,1891,7.0,5.5,1.49,project_fact_productividad_export.csv,2026-06-23T00:00:00,2878
PD002879,20250418,A008,R007,L011,Día,642,642,10.28,7.84,2.45,project_fact_productividad_export.csv,2026-06-23T00:00:00,2879
PD002880,20250320,A008,R030,L012,Día,1852,1731,7.52,5.35,2.17,project_fact_productividad_export.csv,2026-06-23T00:00:00,2880
PD002881,20250630,A013,R006,L001,Día,89,87,9.68,8.22,1.46,project_fact_productividad_export.csv,2026-06-23T00:00:00,2881
PD002882,20250330,A008,R022,L009,Noche,1972,1897,7.69,6.84,0.85,project_fact_productividad_export.csv,2026-06-23T00:00:00,2882
PD002883,20250331,A004,R010,L015,Día,3800,4019,10.28,8.7,1.59,project_fact_productividad_export.csv,2026-06-23T00:00:00,2883
PD002884,20250204,A017,R016,L013,Día,127,103,9.71,8.83,0.87,project_fact_productividad_export.csv,2026-06-23T00:00:00,2884
PD002885,20250220,A002,R030,L016,Noche,30,27,11.41,8.0,3.41,project_fact_productividad_export.csv,2026-06-23T00:00:00,2885
PD002886,20250327,A007,R017,L004,Noche,2295,1451,6.52,4.9,1.62,project_fact_productividad_export.csv,2026-06-23T00:00:00,2886
PD002887,20250425,A014,R003,L003,Día,218,216,10.33,8.96,1.36,project_fact_productividad_export.csv,2026-06-23T00:00:00,2887
PD002888,20250420,A002,R008,L013,Tarde,133,138,6.25,5.46,0.79,project_fact_productividad_export.csv,2026-06-23T00:00:00,2888
PD002889,20250617,A002,R020,L005,Noche,75,68,6.83,5.98,0.85,project_fact_productividad_export.csv,2026-06-23T00:00:00,2889
PD002890,20250623,A001,R022,L012,Tarde,7870,6694,9.7,7.94,1.77,project_fact_productividad_export.csv,2026-06-23T00:00:00,2890
PD002891,20250623,A002,R020,L017,Noche,142,121,10.03,8.72,1.31,project_fact_productividad_export.csv,2026-06-23T00:00:00,2891
PD002892,20250421,A008,R001,L006,Día,1076,1236,9.88,8.59,1.29,project_fact_productividad_export.csv,2026-06-23T00:00:00,2892
PD002893,20250111,A005,R025,L015,Tarde,1383,1549,10.3,9.23,1.07,project_fact_productividad_export.csv,2026-06-23T00:00:00,2893
PD002894,20250421,A013,R023,L006,Tarde,147,140,10.39,9.09,1.3,project_fact_productividad_export.csv,2026-06-23T00:00:00,2894
PD002895,20250509,A013,R001,L009,Día,47,46,8.4,7.73,0.67,project_fact_productividad_export.csv,2026-06-23T00:00:00,2895
PD002896,20250630,A008,R026,L010,Noche,1529,1369,7.98,7.16,0.82,project_fact_productividad_export.csv,2026-06-23T00:00:00,2896
PD002897,20250407,A001,R028,L011,Noche,3985,4470,11.0,7.62,3.38,project_fact_productividad_export.csv,2026-06-23T00:00:00,2897
PD002898,20250227,A003,R003,L008,Día,5698,6739,8.5,7.3,1.2,project_fact_productividad_export.csv,2026-06-23T00:00:00,2898
PD002899,20250305,A003,R020,L014,Noche,5709,4753,8.07,5.61,2.46,project_fact_productividad_export.csv,2026-06-23T00:00:00,2899
PD002900,20250211,A001,R007,L013,Noche,8189,9049,9.25,6.95,2.31,project_fact_productividad_export.csv,2026-06-23T00:00:00,2900
PD002901,20250420,A006,R012,L004,Tarde,3108,2981,7.11,5.06,2.05,project_fact_productividad_export.csv,2026-06-23T00:00:00,2901
PD002902,20250526,A017,R025,L009,Tarde,70,73,9.35,7.4,1.95,project_fact_productividad_export.csv,2026-06-23T00:00:00,2902
PD002903,20250114,A012,R009,L010,Día,119,134,9.87,7.46,2.42,project_fact_productividad_export.csv,2026-06-23T00:00:00,2903
PD002904,20250614,A013,R030,L002,Día,46,41,8.19,6.5,1.69,project_fact_productividad_export.csv,2026-06-23T00:00:00,2904
PD002905,20250103,A016,R004,L017,Tarde,31,33,6.02,5.41,0.62,project_fact_productividad_export.csv,2026-06-23T00:00:00,2905
PD002906,20250528,A016,R009,L013,Noche,173,166,11.04,7.77,3.27,project_fact_productividad_export.csv,2026-06-23T00:00:00,2906
PD002907,20250107,A016,R001,L010,Tarde,248,276,7.03,4.78,2.24,project_fact_productividad_export.csv,2026-06-23T00:00:00,2907
PD002908,20250622,A006,R004,L017,Noche,3809,2976,6.38,4.74,1.64,project_fact_productividad_export.csv,2026-06-23T00:00:00,2908
PD002909,20250525,A008,R005,L014,Día,847,687,10.42,8.11,2.31,project_fact_productividad_export.csv,2026-06-23T00:00:00,2909
PD002910,20250421,A012,R015,L016,Día,122,114,9.25,6.52,2.73,project_fact_productividad_export.csv,2026-06-23T00:00:00,2910
PD002911,20250416,A009,R004,L004,Noche,2534,1517,7.27,4.67,2.6,project_fact_productividad_export.csv,2026-06-23T00:00:00,2911
PD002912,20250408,A002,R002,L009,Tarde,246,220,6.6,4.58,2.02,project_fact_productividad_export.csv,2026-06-23T00:00:00,2912
PD002913,20250602,A009,R005,L017,Noche,3935,2400,8.89,6.65,2.24,project_fact_productividad_export.csv,2026-06-23T00:00:00,2913
PD002914,20250117,A014,R016,L005,Tarde,230,219,10.94,8.57,2.37,project_fact_productividad_export.csv,2026-06-23T00:00:00,2914
PD002915,20250407,A005,R023,L009,Noche,3789,3809,10.96,8.2,2.76,project_fact_productividad_export.csv,2026-06-23T00:00:00,2915
PD002916,20250101,A013,R020,L008,Día,146,157,10.32,7.73,2.6,project_fact_productividad_export.csv,2026-06-23T00:00:00,2916
PD002917,20250523,A009,R001,L005,Día,2526,2172,11.07,9.05,2.02,project_fact_productividad_export.csv,2026-06-23T00:00:00,2917
PD002918,20250517,A014,R007,L005,Tarde,225,240,6.84,4.76,2.09,project_fact_productividad_export.csv,2026-06-23T00:00:00,2918
PD002919,20250611,A007,R023,L009,Tarde,2651,1944,8.34,6.24,2.1,project_fact_productividad_export.csv,2026-06-23T00:00:00,2919
PD002920,20250629,A009,R023,L017,Tarde,714,440,11.8,7.99,3.82,project_fact_productividad_export.csv,2026-06-23T00:00:00,2920
PD002921,20250314,A004,R013,L009,Noche,2203,2080,8.48,6.04,2.44,project_fact_productividad_export.csv,2026-06-23T00:00:00,2921
PD002922,20250530,A006,R027,L010,Día,1644,1342,9.83,7.28,2.56,project_fact_productividad_export.csv,2026-06-23T00:00:00,2922
PD002923,20250522,A002,R015,L016,Noche,74,65,8.78,6.46,2.32,project_fact_productividad_export.csv,2026-06-23T00:00:00,2923
PD002924,20250411,A006,R019,L008,Noche,4111,3693,6.88,5.88,0.99,project_fact_productividad_export.csv,2026-06-23T00:00:00,2924
PD002925,20250413,A003,R025,L009,Noche,6928,8225,7.8,6.09,1.71,project_fact_productividad_export.csv,2026-06-23T00:00:00,2925
PD002926,20250624,A001,R015,L003,Noche,7465,7425,9.48,8.41,1.07,project_fact_productividad_export.csv,2026-06-23T00:00:00,2926
PD002927,20250421,A015,R015,L013,Noche,250,190,9.37,7.6,1.77,project_fact_productividad_export.csv,2026-06-23T00:00:00,2927
PD002928,20250502,A010,R007,L010,Noche,953,615,8.83,7.31,1.52,project_fact_productividad_export.csv,2026-06-23T00:00:00,2928
PD002929,20250206,A006,R003,L017,Día,1372,1383,7.34,6.15,1.19,project_fact_productividad_export.csv,2026-06-23T00:00:00,2929
PD002930,20250308,A007,R007,L017,Tarde,1944,2227,11.25,8.22,3.03,project_fact_productividad_export.csv,2026-06-23T00:00:00,2930
PD002931,20250301,A014,R027,L006,Tarde,243,165,11.82,9.53,2.29,project_fact_productividad_export.csv,2026-06-23T00:00:00,2931
PD002932,20250425,A015,R023,L011,Día,164,133,8.63,7.49,1.14,project_fact_productividad_export.csv,2026-06-23T00:00:00,2932
PD002933,20250524,A012,R025,L017,Noche,55,57,8.93,6.78,2.15,project_fact_productividad_export.csv,2026-06-23T00:00:00,2933
PD002934,20250401,A010,R017,L005,Día,1944,1424,11.79,8.21,3.58,project_fact_productividad_export.csv,2026-06-23T00:00:00,2934
PD002935,20250215,A014,R014,L004,Tarde,42,42,10.05,8.17,1.88,project_fact_productividad_export.csv,2026-06-23T00:00:00,2935
PD002936,20250404,A012,R005,L011,Día,160,166,8.61,6.22,2.39,project_fact_productividad_export.csv,2026-06-23T00:00:00,2936
PD002937,20250314,A010,R008,L003,Noche,3679,2676,10.8,6.63,4.18,project_fact_productividad_export.csv,2026-06-23T00:00:00,2937
PD002938,20250113,A008,R029,L014,Noche,1984,2123,8.14,6.49,1.64,project_fact_productividad_export.csv,2026-06-23T00:00:00,2938
PD002939,20250421,A015,R004,L015,Día,106,106,7.65,5.56,2.09,project_fact_productividad_export.csv,2026-06-23T00:00:00,2939
PD002940,20250319,A008,R002,L016,Noche,3038,2875,6.2,5.04,1.16,project_fact_productividad_export.csv,2026-06-23T00:00:00,2940
PD002941,20250323,A017,R017,L010,Día,251,249,10.4,8.87,1.52,project_fact_productividad_export.csv,2026-06-23T00:00:00,2941
PD002942,20250525,A008,R029,L010,Día,3868,3234,8.19,6.01,2.19,project_fact_productividad_export.csv,2026-06-23T00:00:00,2942
PD002943,20250103,A004,R012,L008,Tarde,4250,4458,6.27,5.33,0.93,project_fact_productividad_export.csv,2026-06-23T00:00:00,2943
PD002944,20250209,A010,R030,L016,Día,824,714,7.85,4.65,3.19,project_fact_productividad_export.csv,2026-06-23T00:00:00,2944
PD002945,20250109,A011,R007,L003,Día,55,51,9.28,7.22,2.06,project_fact_productividad_export.csv,2026-06-23T00:00:00,2945
PD002946,20250420,A012,R002,L003,Tarde,140,163,9.83,7.95,1.88,project_fact_productividad_export.csv,2026-06-23T00:00:00,2946
PD002947,20250630,A012,R004,L014,Tarde,235,217,10.97,8.66,2.31,project_fact_productividad_export.csv,2026-06-23T00:00:00,2947
PD002948,20250128,A009,R024,L011,Día,1080,799,8.34,5.06,3.28,project_fact_productividad_export.csv,2026-06-23T00:00:00,2948
PD002949,20250511,A014,R027,L001,Día,235,237,10.69,8.46,2.23,project_fact_productividad_export.csv,2026-06-23T00:00:00,2949
PD002950,20250326,A009,R030,L001,Tarde,1455,1239,10.78,6.17,4.61,project_fact_productividad_export.csv,2026-06-23T00:00:00,2950
PD002951,20250309,A007,R008,L015,Tarde,2447,2049,6.79,3.89,2.9,project_fact_productividad_export.csv,2026-06-23T00:00:00,2951
PD002952,20250415,A003,R006,L015,Tarde,3306,3307,8.97,7.74,1.23,project_fact_productividad_export.csv,2026-06-23T00:00:00,2952
PD002953,20250612,A014,R020,L015,Día,109,95,7.53,6.57,0.96,project_fact_productividad_export.csv,2026-06-23T00:00:00,2953
PD002954,20250109,A010,R030,L011,Noche,3557,2114,9.18,6.53,2.65,project_fact_productividad_export.csv,2026-06-23T00:00:00,2954
PD002955,20250101,A008,R027,L010,Noche,1516,1634,10.58,7.28,3.3,project_fact_productividad_export.csv,2026-06-23T00:00:00,2955
PD002956,20250312,A002,R019,L016,Día,63,61,10.38,7.53,2.85,project_fact_productividad_export.csv,2026-06-23T00:00:00,2956
PD002957,20250501,A005,R021,L007,Noche,2184,2214,10.87,7.9,2.98,project_fact_productividad_export.csv,2026-06-23T00:00:00,2957
PD002958,20250103,A015,R007,L008,Día,183,177,10.91,9.01,1.9,project_fact_productividad_export.csv,2026-06-23T00:00:00,2958
PD002959,20250430,A007,R023,L005,Noche,891,581,11.33,6.97,4.35,project_fact_productividad_export.csv,2026-06-23T00:00:00,2959
PD002960,20250325,A016,R016,L010,Día,193,182,9.61,8.44,1.17,project_fact_productividad_export.csv,2026-06-23T00:00:00,2960
PD002961,20250506,A011,R013,L014,Día,235,214,11.75,8.8,2.95,project_fact_productividad_export.csv,2026-06-23T00:00:00,2961
PD002962,20250108,A005,R022,L014,Día,3740,3452,10.28,8.62,1.66,project_fact_productividad_export.csv,2026-06-23T00:00:00,2962
PD002963,20250101,A016,R014,L012,Noche,122,111,11.99,8.39,3.6,project_fact_productividad_export.csv,2026-06-23T00:00:00,2963
PD002964,20250207,A009,R013,L006,Noche,2866,1819,8.24,7.02,1.22,project_fact_productividad_export.csv,2026-06-23T00:00:00,2964
PD002965,20250119,A006,R021,L012,Noche,4159,4330,9.01,8.21,0.8,project_fact_productividad_export.csv,2026-06-23T00:00:00,2965
PD002966,20250609,A007,R010,L011,Noche,2133,1318,11.43,6.63,4.8,project_fact_productividad_export.csv,2026-06-23T00:00:00,2966
PD002967,20250101,A006,R025,L007,Día,3245,4080,9.86,8.96,0.9,project_fact_productividad_export.csv,2026-06-23T00:00:00,2967
PD002968,20250609,A004,R013,L008,Día,2420,2217,9.11,7.52,1.6,project_fact_productividad_export.csv,2026-06-23T00:00:00,2968
PD002969,20250305,A012,R012,L003,Día,98,81,8.54,6.48,2.06,project_fact_productividad_export.csv,2026-06-23T00:00:00,2969
PD002970,20250609,A005,R001,L001,Tarde,1578,1597,8.94,8.0,0.94,project_fact_productividad_export.csv,2026-06-23T00:00:00,2970
PD002971,20250531,A012,R021,L002,Noche,217,204,11.09,7.79,3.31,project_fact_productividad_export.csv,2026-06-23T00:00:00,2971
PD002972,20250323,A012,R017,L008,Día,227,206,8.3,7.48,0.82,project_fact_productividad_export.csv,2026-06-23T00:00:00,2972
PD002973,20250615,A010,R025,L014,Día,2302,1552,11.01,8.99,2.03,project_fact_productividad_export.csv,2026-06-23T00:00:00,2973
PD002974,20250608,A016,R020,L004,Tarde,157,160,9.55,7.11,2.44,project_fact_productividad_export.csv,2026-06-23T00:00:00,2974
PD002975,20250503,A003,R006,L016,Tarde,5967,7267,8.04,5.63,2.41,project_fact_productividad_export.csv,2026-06-23T00:00:00,2975
PD002976,20250215,A011,R021,L013,Noche,218,185,9.84,8.54,1.3,project_fact_productividad_export.csv,2026-06-23T00:00:00,2976
PD002977,20250509,A002,R024,L004,Tarde,75,64,10.09,7.47,2.62,project_fact_productividad_export.csv,2026-06-23T00:00:00,2977
PD002978,20250423,A007,R019,L005,Noche,2708,1550,11.39,9.04,2.36,project_fact_productividad_export.csv,2026-06-23T00:00:00,2978
PD002979,20250209,A001,R029,L008,Noche,5491,4568,9.48,7.02,2.46,project_fact_productividad_export.csv,2026-06-23T00:00:00,2979
PD002980,20250602,A016,R026,L010,Tarde,207,159,6.24,5.24,1.0,project_fact_productividad_export.csv,2026-06-23T00:00:00,2980
PD002981,20250428,A015,R019,L007,Día,135,128,7.64,5.89,1.74,project_fact_productividad_export.csv,2026-06-23T00:00:00,2981
PD002982,20250605,A011,R005,L012,Noche,200,166,8.99,7.02,1.97,project_fact_productividad_export.csv,2026-06-23T00:00:00,2982
PD002983,20250516,A003,R006,L004,Día,3456,3827,11.51,9.38,2.13,project_fact_productividad_export.csv,2026-06-23T00:00:00,2983
PD002984,20250118,A011,R001,L014,Noche,239,216,8.67,7.04,1.63,project_fact_productividad_export.csv,2026-06-23T00:00:00,2984
PD002985,20250628,A013,R005,L013,Noche,145,140,7.04,5.7,1.34,project_fact_productividad_export.csv,2026-06-23T00:00:00,2985
PD002986,20250201,A008,R029,L013,Noche,2279,2355,6.05,5.32,0.74,project_fact_productividad_export.csv,2026-06-23T00:00:00,2986
PD002987,20250429,A017,R029,L015,Día,93,112,6.94,6.0,0.94,project_fact_productividad_export.csv,2026-06-23T00:00:00,2987
PD002988,20250101,A009,R025,L006,Noche,684,382,11.34,7.39,3.95,project_fact_productividad_export.csv,2026-06-23T00:00:00,2988
PD002989,20250118,A017,R020,L010,Noche,48,50,6.67,5.57,1.1,project_fact_productividad_export.csv,2026-06-23T00:00:00,2989
PD002990,20250517,A008,R019,L009,Noche,3966,3234,8.45,7.17,1.28,project_fact_productividad_export.csv,2026-06-23T00:00:00,2990
PD002991,20250627,A006,R010,L002,Noche,1652,1469,11.57,8.65,2.92,project_fact_productividad_export.csv,2026-06-23T00:00:00,2991
PD002992,20250615,A013,R019,L003,Noche,58,56,10.8,9.16,1.64,project_fact_productividad_export.csv,2026-06-23T00:00:00,2992
PD002993,20250317,A009,R015,L012,Día,3611,2555,11.0,8.39,2.61,project_fact_productividad_export.csv,2026-06-23T00:00:00,2993
PD002994,20250102,A008,R027,L011,Noche,2400,1872,10.72,8.11,2.61,project_fact_productividad_export.csv,2026-06-23T00:00:00,2994
PD002995,20250118,A017,R030,L013,Día,195,194,9.84,6.81,3.04,project_fact_productividad_export.csv,2026-06-23T00:00:00,2995
PD002996,20250621,A015,R023,L011,Día,103,103,8.5,5.92,2.58,project_fact_productividad_export.csv,2026-06-23T00:00:00,2996
PD002997,20250131,A010,R009,L012,Tarde,2684,2268,8.09,5.73,2.37,project_fact_productividad_export.csv,2026-06-23T00:00:00,2997
PD002998,20250506,A017,R028,L010,Día,180,165,7.02,6.15,0.87,project_fact_productividad_export.csv,2026-06-23T00:00:00,2998
PD002999,20250119,A015,R013,L015,Noche,41,43,11.95,10.41,1.54,project_fact_productividad_export.csv,2026-06-23T00:00:00,2999
PD003000,20250319,A016,R008,L006,Tarde,24,25,6.77,6.12,0.65,project_fact_productividad_export.csv,2026-06-23T00:00:00,3000
PD003001,20250121,A008,R023,L012,Tarde,830,845,9.76,8.75,1.01,project_fact_productividad_export.csv,2026-06-23T00:00:00,3001
PD003002,20250316,A011,R029,L002,Tarde,170,166,6.88,5.69,1.19,project_fact_productividad_export.csv,2026-06-23T00:00:00,3002
PD003003,20250103,A012,R012,L011,Tarde,199,153,7.88,5.74,2.15,project_fact_productividad_export.csv,2026-06-23T00:00:00,3003
PD003004,20250419,A003,R008,L001,Día,8129,8663,11.38,7.83,3.56,project_fact_productividad_export.csv,2026-06-23T00:00:00,3004
PD003005,20250212,A007,R010,L005,Tarde,4192,3452,9.46,5.67,3.8,project_fact_productividad_export.csv,2026-06-23T00:00:00,3005
PD003006,20250304,A017,R028,L013,Día,246,227,8.81,6.33,2.48,project_fact_productividad_export.csv,2026-06-23T00:00:00,3006
PD003007,20250617,A017,R017,L008,Tarde,194,183,10.01,6.91,3.1,project_fact_productividad_export.csv,2026-06-23T00:00:00,3007
PD003008,20250406,A002,R026,L001,Día,132,119,11.85,8.8,3.06,project_fact_productividad_export.csv,2026-06-23T00:00:00,3008
PD003009,20250618,A004,R012,L005,Noche,2986,2902,9.73,6.82,2.9,project_fact_productividad_export.csv,2026-06-23T00:00:00,3009
PD003010,20250210,A002,R026,L010,Tarde,179,173,6.93,6.32,0.6,project_fact_productividad_export.csv,2026-06-23T00:00:00,3010
PD003011,20250414,A014,R012,L002,Tarde,255,291,8.01,6.09,1.93,project_fact_productividad_export.csv,2026-06-23T00:00:00,3011
PD003012,20250606,A014,R014,L015,Noche,111,109,7.72,6.89,0.83,project_fact_productividad_export.csv,2026-06-23T00:00:00,3012
PD003013,20250626,A010,R005,L013,Tarde,1686,1149,7.57,5.26,2.31,project_fact_productividad_export.csv,2026-06-23T00:00:00,3013
PD003014,20250301,A014,R012,L006,Día,57,54,10.46,8.51,1.95,project_fact_productividad_export.csv,2026-06-23T00:00:00,3014
PD003015,20250615,A005,R001,L006,Día,2318,1821,9.64,7.69,1.95,project_fact_productividad_export.csv,2026-06-23T00:00:00,3015
PD003016,20250213,A006,R020,L014,Noche,1521,1263,10.55,9.49,1.06,project_fact_productividad_export.csv,2026-06-23T00:00:00,3016
PD003017,20250517,A004,R028,L010,Tarde,6080,6924,9.6,7.54,2.06,project_fact_productividad_export.csv,2026-06-23T00:00:00,3017
PD003018,20250221,A004,R028,L013,Noche,5531,4978,6.41,5.5,0.92,project_fact_productividad_export.csv,2026-06-23T00:00:00,3018
PD003019,20250513,A014,R016,L006,Día,152,156,9.9,6.78,3.13,project_fact_productividad_export.csv,2026-06-23T00:00:00,3019
PD003020,20250428,A007,R006,L008,Día,4081,2606,8.67,6.3,2.37,project_fact_productividad_export.csv,2026-06-23T00:00:00,3020
PD003021,20250113,A011,R013,L003,Noche,182,175,7.51,6.42,1.09,project_fact_productividad_export.csv,2026-06-23T00:00:00,3021
PD003022,20250311,A003,R011,L006,Noche,6080,5148,7.6,6.6,1.0,project_fact_productividad_export.csv,2026-06-23T00:00:00,3022
PD003023,20250429,A014,R029,L017,Tarde,188,180,8.63,6.91,1.72,project_fact_productividad_export.csv,2026-06-23T00:00:00,3023
PD003024,20250119,A001,R005,L005,Día,3691,3717,8.87,7.61,1.26,project_fact_productividad_export.csv,2026-06-23T00:00:00,3024
PD003025,20250309,A017,R025,L009,Día,220,201,8.25,6.14,2.1,project_fact_productividad_export.csv,2026-06-23T00:00:00,3025
PD003026,20250531,A014,R013,L010,Noche,103,94,8.85,6.1,2.74,project_fact_productividad_export.csv,2026-06-23T00:00:00,3026
PD003027,20250320,A007,R003,L016,Noche,2863,2139,8.44,5.12,3.32,project_fact_productividad_export.csv,2026-06-23T00:00:00,3027
PD003028,20250124,A016,R007,L016,Día,108,101,11.38,9.32,2.06,project_fact_productividad_export.csv,2026-06-23T00:00:00,3028
PD003029,20250324,A015,R020,L016,Noche,258,239,6.04,4.47,1.57,project_fact_productividad_export.csv,2026-06-23T00:00:00,3029
PD003030,20250422,A008,R004,L015,Día,3148,3385,6.34,5.45,0.89,project_fact_productividad_export.csv,2026-06-23T00:00:00,3030
PD003031,20250306,A009,R005,L004,Día,749,600,11.53,10.11,1.42,project_fact_productividad_export.csv,2026-06-23T00:00:00,3031
PD003032,20250622,A005,R002,L017,Tarde,1121,1266,8.29,6.39,1.91,project_fact_productividad_export.csv,2026-06-23T00:00:00,3032
PD003033,20250522,A017,R002,L002,Día,98,89,7.65,5.49,2.16,project_fact_productividad_export.csv,2026-06-23T00:00:00,3033
PD003034,20250305,A010,R008,L006,Tarde,4079,3439,11.27,7.44,3.82,project_fact_productividad_export.csv,2026-06-23T00:00:00,3034
PD003035,20250219,A011,R004,L001,Día,216,223,8.34,6.61,1.73,project_fact_productividad_export.csv,2026-06-23T00:00:00,3035
PD003036,20250517,A002,R020,L017,Noche,158,134,11.02,8.38,2.64,project_fact_productividad_export.csv,2026-06-23T00:00:00,3036
PD003037,20250428,A009,R004,L007,Tarde,1875,1866,7.67,6.83,0.85,project_fact_productividad_export.csv,2026-06-23T00:00:00,3037
PD003038,20250317,A016,R007,L014,Día,128,131,10.97,8.36,2.61,project_fact_productividad_export.csv,2026-06-23T00:00:00,3038
PD003039,20250409,A008,R023,L015,Noche,2545,2690,7.31,6.64,0.66,project_fact_productividad_export.csv,2026-06-23T00:00:00,3039
PD003040,20250504,A001,R004,L010,Tarde,5330,4629,11.15,8.44,2.71,project_fact_productividad_export.csv,2026-06-23T00:00:00,3040
PD003041,20250528,A011,R027,L014,Tarde,132,101,9.84,8.25,1.59,project_fact_productividad_export.csv,2026-06-23T00:00:00,3041
PD003042,20250210,A002,R029,L012,Día,183,169,6.05,4.85,1.19,project_fact_productividad_export.csv,2026-06-23T00:00:00,3042
PD003043,20250105,A012,R007,L007,Día,228,189,10.41,7.15,3.26,project_fact_productividad_export.csv,2026-06-23T00:00:00,3043
PD003044,20250618,A015,R010,L012,Tarde,216,243,6.57,5.18,1.39,project_fact_productividad_export.csv,2026-06-23T00:00:00,3044
PD003045,20250612,A006,R011,L004,Noche,1292,1270,6.37,5.62,0.75,project_fact_productividad_export.csv,2026-06-23T00:00:00,3045
PD003046,20250330,A015,R015,L016,Noche,121,122,9.15,8.06,1.09,project_fact_productividad_export.csv,2026-06-23T00:00:00,3046
PD003047,20250109,A001,R001,L014,Día,8449,7522,6.12,5.2,0.92,project_fact_productividad_export.csv,2026-06-23T00:00:00,3047
PD003048,20250321,A010,R026,L016,Noche,1622,1049,11.67,7.5,4.17,project_fact_productividad_export.csv,2026-06-23T00:00:00,3048
PD003049,20250420,A008,R022,L004,Noche,1863,1853,10.65,7.92,2.73,project_fact_productividad_export.csv,2026-06-23T00:00:00,3049
PD003050,20250125,A011,R028,L014,Tarde,95,82,8.03,7.07,0.96,project_fact_productividad_export.csv,2026-06-23T00:00:00,3050
PD003051,20250308,A012,R003,L017,Día,45,45,11.67,8.88,2.79,project_fact_productividad_export.csv,2026-06-23T00:00:00,3051
PD003052,20250331,A012,R020,L002,Tarde,67,55,9.16,8.28,0.88,project_fact_productividad_export.csv,2026-06-23T00:00:00,3052
PD003053,20250117,A011,R013,L001,Día,236,238,8.29,7.45,0.85,project_fact_productividad_export.csv,2026-06-23T00:00:00,3053
PD003054,20250310,A009,R026,L003,Día,688,473,10.82,7.99,2.83,project_fact_productividad_export.csv,2026-06-23T00:00:00,3054
PD003055,20250208,A017,R012,L012,Tarde,116,100,8.78,6.27,2.51,project_fact_productividad_export.csv,2026-06-23T00:00:00,3055
PD003056,20250124,A014,R006,L011,Día,35,28,10.65,8.16,2.49,project_fact_productividad_export.csv,2026-06-23T00:00:00,3056
PD003057,20250605,A013,R018,L015,Tarde,215,234,11.1,8.43,2.67,project_fact_productividad_export.csv,2026-06-23T00:00:00,3057
PD003058,20250501,A004,R005,L002,Noche,4233,4281,10.61,9.32,1.29,project_fact_productividad_export.csv,2026-06-23T00:00:00,3058
PD003059,20250123,A016,R002,L016,Noche,98,86,8.33,6.49,1.84,project_fact_productividad_export.csv,2026-06-23T00:00:00,3059
PD003060,20250313,A015,R006,L002,Día,38,39,10.41,8.04,2.37,project_fact_productividad_export.csv,2026-06-23T00:00:00,3060
PD003061,20250226,A005,R019,L013,Noche,2129,1872,9.23,7.88,1.36,project_fact_productividad_export.csv,2026-06-23T00:00:00,3061
PD003062,20250313,A009,R009,L005,Noche,800,423,9.82,7.73,2.09,project_fact_productividad_export.csv,2026-06-23T00:00:00,3062
PD003063,20250622,A016,R020,L012,Tarde,139,151,9.86,8.69,1.17,project_fact_productividad_export.csv,2026-06-23T00:00:00,3063
PD003064,20250210,A015,R026,L004,Tarde,249,217,8.03,6.33,1.7,project_fact_productividad_export.csv,2026-06-23T00:00:00,3064
PD003065,20250312,A015,R016,L016,Tarde,70,74,7.3,6.16,1.14,project_fact_productividad_export.csv,2026-06-23T00:00:00,3065
PD003066,20250527,A003,R016,L005,Día,7951,8829,11.13,8.45,2.67,project_fact_productividad_export.csv,2026-06-23T00:00:00,3066
PD003067,20250522,A012,R012,L001,Noche,41,41,6.87,6.24,0.63,project_fact_productividad_export.csv,2026-06-23T00:00:00,3067
PD003068,20250130,A005,R004,L014,Noche,1841,1971,8.18,7.23,0.95,project_fact_productividad_export.csv,2026-06-23T00:00:00,3068
PD003069,20250418,A011,R001,L004,Día,247,187,11.49,8.4,3.09,project_fact_productividad_export.csv,2026-06-23T00:00:00,3069
PD003070,20250623,A014,R009,L002,Noche,45,42,11.94,9.8,2.13,project_fact_productividad_export.csv,2026-06-23T00:00:00,3070
PD003071,20250215,A001,R005,L015,Día,4526,4377,7.0,5.91,1.1,project_fact_productividad_export.csv,2026-06-23T00:00:00,3071
PD003072,20250324,A007,R025,L002,Tarde,3005,2506,6.31,5.18,1.13,project_fact_productividad_export.csv,2026-06-23T00:00:00,3072
PD003073,20250318,A001,R005,L002,Tarde,6364,6449,6.56,6.01,0.55,project_fact_productividad_export.csv,2026-06-23T00:00:00,3073
PD003074,20250515,A013,R012,L014,Noche,237,195,9.94,8.84,1.1,project_fact_productividad_export.csv,2026-06-23T00:00:00,3074
PD003075,20250313,A005,R016,L007,Tarde,4045,3473,6.52,4.84,1.67,project_fact_productividad_export.csv,2026-06-23T00:00:00,3075
PD003076,20250106,A010,R022,L008,Día,3976,3285,6.94,5.59,1.35,project_fact_productividad_export.csv,2026-06-23T00:00:00,3076
PD003077,20250223,A013,R005,L006,Tarde,204,256,10.64,8.3,2.34,project_fact_productividad_export.csv,2026-06-23T00:00:00,3077
PD003078,20250211,A007,R013,L004,Tarde,1651,1294,7.75,5.91,1.84,project_fact_productividad_export.csv,2026-06-23T00:00:00,3078
PD003079,20250226,A017,R010,L003,Día,53,52,8.5,7.16,1.34,project_fact_productividad_export.csv,2026-06-23T00:00:00,3079
PD003080,20250115,A008,R007,L001,Tarde,2160,2507,10.85,7.9,2.95,project_fact_productividad_export.csv,2026-06-23T00:00:00,3080
PD003081,20250307,A010,R005,L014,Día,3964,2616,11.2,6.51,4.69,project_fact_productividad_export.csv,2026-06-23T00:00:00,3081
PD003082,20250507,A001,R018,L001,Noche,3696,2891,9.26,7.01,2.25,project_fact_productividad_export.csv,2026-06-23T00:00:00,3082
PD003083,20250607,A009,R014,L005,Día,2198,1919,7.45,5.91,1.54,project_fact_productividad_export.csv,2026-06-23T00:00:00,3083
PD003084,20250131,A009,R016,L010,Tarde,2081,1569,11.42,9.25,2.17,project_fact_productividad_export.csv,2026-06-23T00:00:00,3084
PD003085,20250508,A017,R024,L001,Día,146,127,7.93,6.08,1.85,project_fact_productividad_export.csv,2026-06-23T00:00:00,3085
PD003086,20250103,A005,R001,L003,Tarde,3206,3422,8.5,6.09,2.41,project_fact_productividad_export.csv,2026-06-23T00:00:00,3086
PD003087,20250307,A017,R018,L013,Día,94,83,6.45,5.68,0.77,project_fact_productividad_export.csv,2026-06-23T00:00:00,3087
PD003088,20250122,A015,R021,L003,Noche,104,92,10.18,8.65,1.53,project_fact_productividad_export.csv,2026-06-23T00:00:00,3088
PD003089,20250204,A001,R017,L007,Tarde,7523,8194,10.83,8.81,2.03,project_fact_productividad_export.csv,2026-06-23T00:00:00,3089
PD003090,20250224,A010,R011,L005,Día,1538,1342,9.68,6.07,3.61,project_fact_productividad_export.csv,2026-06-23T00:00:00,3090
PD003091,20250504,A003,R009,L007,Día,7396,8269,8.34,7.24,1.1,project_fact_productividad_export.csv,2026-06-23T00:00:00,3091
PD003092,20250424,A002,R021,L016,Noche,202,166,11.53,10.33,1.19,project_fact_productividad_export.csv,2026-06-23T00:00:00,3092
PD003093,20250213,A005,R002,L001,Noche,2837,2811,8.64,7.09,1.55,project_fact_productividad_export.csv,2026-06-23T00:00:00,3093
PD003094,20250117,A001,R011,L016,Noche,7642,7127,9.69,8.72,0.97,project_fact_productividad_export.csv,2026-06-23T00:00:00,3094
PD003095,20250127,A014,R025,L015,Noche,46,50,11.0,9.14,1.86,project_fact_productividad_export.csv,2026-06-23T00:00:00,3095
PD003096,20250326,A012,R018,L002,Día,94,114,10.16,7.34,2.82,project_fact_productividad_export.csv,2026-06-23T00:00:00,3096
PD003097,20250228,A001,R003,L005,Noche,4158,3591,8.53,6.1,2.43,project_fact_productividad_export.csv,2026-06-23T00:00:00,3097
PD003098,20250402,A003,R011,L006,Tarde,2884,3150,7.47,5.21,2.26,project_fact_productividad_export.csv,2026-06-23T00:00:00,3098
PD003099,20250404,A008,R017,L006,Día,2340,2109,7.51,6.13,1.38,project_fact_productividad_export.csv,2026-06-23T00:00:00,3099
PD003100,20250411,A007,R021,L011,Día,2378,1675,9.82,8.16,1.66,project_fact_productividad_export.csv,2026-06-23T00:00:00,3100
PD003101,20250620,A006,R007,L005,Noche,2094,2433,10.66,7.91,2.75,project_fact_productividad_export.csv,2026-06-23T00:00:00,3101
PD003102,20250303,A007,R001,L011,Tarde,1167,977,7.95,7.07,0.88,project_fact_productividad_export.csv,2026-06-23T00:00:00,3102
PD003103,20250603,A017,R016,L012,Tarde,169,130,6.75,5.17,1.58,project_fact_productividad_export.csv,2026-06-23T00:00:00,3103
PD003104,20250129,A005,R015,L002,Día,1122,1293,9.52,6.75,2.77,project_fact_productividad_export.csv,2026-06-23T00:00:00,3104
PD003105,20250102,A016,R022,L012,Noche,164,174,6.2,4.44,1.76,project_fact_productividad_export.csv,2026-06-23T00:00:00,3105
PD003106,20250605,A015,R019,L006,Noche,55,57,10.6,9.69,0.91,project_fact_productividad_export.csv,2026-06-23T00:00:00,3106
PD003107,20250528,A007,R013,L009,Tarde,1485,953,6.56,5.17,1.4,project_fact_productividad_export.csv,2026-06-23T00:00:00,3107
PD003108,20250517,A005,R027,L017,Tarde,2272,2181,6.69,6.02,0.67,project_fact_productividad_export.csv,2026-06-23T00:00:00,3108
PD003109,20250508,A007,R003,L015,Noche,1016,694,6.77,4.92,1.86,project_fact_productividad_export.csv,2026-06-23T00:00:00,3109
PD003110,20250522,A014,R022,L015,Noche,48,30,8.28,6.31,1.97,project_fact_productividad_export.csv,2026-06-23T00:00:00,3110
PD003111,20250521,A013,R029,L007,Día,167,175,10.43,7.69,2.73,project_fact_productividad_export.csv,2026-06-23T00:00:00,3111
PD003112,20250623,A004,R026,L008,Tarde,4202,4338,11.05,8.9,2.16,project_fact_productividad_export.csv,2026-06-23T00:00:00,3112
PD003113,20250621,A002,R011,L014,Día,86,102,9.1,6.42,2.67,project_fact_productividad_export.csv,2026-06-23T00:00:00,3113
PD003114,20250410,A006,R008,L009,Día,2478,2769,11.84,10.14,1.7,project_fact_productividad_export.csv,2026-06-23T00:00:00,3114
PD003115,20250617,A003,R016,L015,Tarde,5942,5490,7.05,6.24,0.81,project_fact_productividad_export.csv,2026-06-23T00:00:00,3115
PD003116,20250329,A008,R030,L006,Noche,2772,2158,10.97,9.5,1.48,project_fact_productividad_export.csv,2026-06-23T00:00:00,3116
PD003117,20250119,A009,R006,L005,Tarde,1305,917,7.23,6.26,0.96,project_fact_productividad_export.csv,2026-06-23T00:00:00,3117
PD003118,20250502,A008,R023,L012,Tarde,3014,2784,7.48,5.54,1.95,project_fact_productividad_export.csv,2026-06-23T00:00:00,3118
PD003119,20250405,A006,R009,L009,Noche,2161,2018,7.97,5.68,2.29,project_fact_productividad_export.csv,2026-06-23T00:00:00,3119
PD003120,20250201,A017,R025,L007,Día,192,179,11.9,9.86,2.04,project_fact_productividad_export.csv,2026-06-23T00:00:00,3120
PD003121,20250331,A010,R013,L001,Día,2835,2267,11.85,9.31,2.54,project_fact_productividad_export.csv,2026-06-23T00:00:00,3121
PD003122,20250506,A007,R011,L005,Tarde,3501,2848,11.69,7.92,3.77,project_fact_productividad_export.csv,2026-06-23T00:00:00,3122
PD003123,20250204,A009,R002,L007,Tarde,3044,2883,8.09,6.79,1.31,project_fact_productividad_export.csv,2026-06-23T00:00:00,3123
PD003124,20250511,A017,R016,L013,Tarde,113,126,9.97,8.19,1.78,project_fact_productividad_export.csv,2026-06-23T00:00:00,3124
PD003125,20250515,A010,R003,L012,Noche,4029,2811,10.53,7.77,2.76,project_fact_productividad_export.csv,2026-06-23T00:00:00,3125
PD003126,20250605,A013,R027,L012,Noche,232,240,10.5,7.31,3.2,project_fact_productividad_export.csv,2026-06-23T00:00:00,3126
PD003127,20250425,A006,R024,L003,Día,2202,2240,7.24,6.33,0.91,project_fact_productividad_export.csv,2026-06-23T00:00:00,3127
PD003128,20250307,A004,R028,L001,Día,3387,2948,6.91,5.48,1.42,project_fact_productividad_export.csv,2026-06-23T00:00:00,3128
PD003129,20250330,A012,R009,L003,Noche,179,179,10.83,9.93,0.9,project_fact_productividad_export.csv,2026-06-23T00:00:00,3129
PD003130,20250201,A014,R029,L012,Día,21,18,7.17,5.72,1.45,project_fact_productividad_export.csv,2026-06-23T00:00:00,3130
PD003131,20250111,A009,R025,L001,Noche,1033,824,11.42,10.06,1.36,project_fact_productividad_export.csv,2026-06-23T00:00:00,3131
PD003132,20250103,A007,R028,L013,Noche,3923,2748,9.54,6.36,3.18,project_fact_productividad_export.csv,2026-06-23T00:00:00,3132
PD003133,20250223,A012,R008,L017,Día,228,230,9.9,7.71,2.19,project_fact_productividad_export.csv,2026-06-23T00:00:00,3133
PD003134,20250516,A005,R007,L006,Tarde,2579,2581,10.14,7.01,3.12,project_fact_productividad_export.csv,2026-06-23T00:00:00,3134
PD003135,20250209,A005,R019,L003,Noche,1877,1710,10.08,7.47,2.61,project_fact_productividad_export.csv,2026-06-23T00:00:00,3135
PD003136,20250114,A012,R017,L007,Día,89,84,6.07,5.45,0.62,project_fact_productividad_export.csv,2026-06-23T00:00:00,3136
PD003137,20250628,A003,R028,L013,Tarde,7924,9578,9.59,7.89,1.71,project_fact_productividad_export.csv,2026-06-23T00:00:00,3137
PD003138,20250423,A009,R025,L010,Noche,4162,2858,11.86,9.52,2.34,project_fact_productividad_export.csv,2026-06-23T00:00:00,3138
PD003139,20250121,A012,R004,L006,Día,248,226,6.28,5.05,1.24,project_fact_productividad_export.csv,2026-06-23T00:00:00,3139
PD003140,20250415,A002,R004,L010,Tarde,169,138,7.12,6.18,0.93,project_fact_productividad_export.csv,2026-06-23T00:00:00,3140
PD003141,20250612,A011,R030,L004,Tarde,26,21,11.95,8.73,3.22,project_fact_productividad_export.csv,2026-06-23T00:00:00,3141
PD003142,20250323,A015,R025,L003,Tarde,20,21,8.18,5.65,2.53,project_fact_productividad_export.csv,2026-06-23T00:00:00,3142
PD003143,20250507,A005,R022,L004,Día,1003,957,7.23,5.2,2.03,project_fact_productividad_export.csv,2026-06-23T00:00:00,3143
PD003144,20250128,A001,R023,L015,Noche,8163,7006,6.44,4.64,1.8,project_fact_productividad_export.csv,2026-06-23T00:00:00,3144
PD003145,20250626,A009,R011,L008,Tarde,1395,1098,7.09,4.79,2.29,project_fact_productividad_export.csv,2026-06-23T00:00:00,3145
PD003146,20250508,A013,R014,L002,Tarde,143,137,8.64,7.3,1.33,project_fact_productividad_export.csv,2026-06-23T00:00:00,3146
PD003147,20250410,A017,R002,L008,Noche,175,191,10.41,9.06,1.35,project_fact_productividad_export.csv,2026-06-23T00:00:00,3147
PD003148,20250221,A003,R023,L001,Noche,8100,7693,8.14,6.2,1.94,project_fact_productividad_export.csv,2026-06-23T00:00:00,3148
PD003149,20250417,A017,R018,L002,Tarde,78,84,10.01,7.22,2.78,project_fact_productividad_export.csv,2026-06-23T00:00:00,3149
PD003150,20250624,A007,R012,L014,Día,2820,1778,8.66,7.36,1.3,project_fact_productividad_export.csv,2026-06-23T00:00:00,3150
PD003151,20250412,A013,R006,L001,Noche,159,155,6.91,6.17,0.74,project_fact_productividad_export.csv,2026-06-23T00:00:00,3151
PD003152,20250427,A004,R024,L015,Tarde,5178,4135,7.31,5.93,1.38,project_fact_productividad_export.csv,2026-06-23T00:00:00,3152
PD003153,20250625,A007,R021,L007,Noche,691,427,8.2,7.18,1.02,project_fact_productividad_export.csv,2026-06-23T00:00:00,3153
PD003154,20250628,A010,R027,L007,Día,3135,2889,8.73,7.3,1.43,project_fact_productividad_export.csv,2026-06-23T00:00:00,3154
PD003155,20250128,A012,R007,L004,Día,39,35,9.16,7.64,1.52,project_fact_productividad_export.csv,2026-06-23T00:00:00,3155
PD003156,20250317,A012,R028,L009,Día,100,113,9.0,7.18,1.81,project_fact_productividad_export.csv,2026-06-23T00:00:00,3156
PD003157,20250526,A007,R002,L002,Noche,1923,1649,6.47,5.17,1.29,project_fact_productividad_export.csv,2026-06-23T00:00:00,3157
PD003158,20250214,A006,R012,L008,Noche,908,805,7.68,6.95,0.73,project_fact_productividad_export.csv,2026-06-23T00:00:00,3158
PD003159,20250422,A005,R011,L010,Noche,3530,3520,7.58,6.85,0.73,project_fact_productividad_export.csv,2026-06-23T00:00:00,3159
PD003160,20250422,A016,R002,L014,Noche,33,34,6.6,5.23,1.37,project_fact_productividad_export.csv,2026-06-23T00:00:00,3160
PD003161,20250322,A003,R015,L017,Noche,3664,3177,11.19,8.5,2.7,project_fact_productividad_export.csv,2026-06-23T00:00:00,3161
PD003162,20250218,A013,R022,L014,Día,236,246,11.76,8.4,3.36,project_fact_productividad_export.csv,2026-06-23T00:00:00,3162
PD003163,20250324,A002,R006,L002,Noche,147,107,7.9,5.5,2.4,project_fact_productividad_export.csv,2026-06-23T00:00:00,3163
PD003164,20250602,A003,R015,L004,Día,6255,5752,8.48,6.31,2.16,project_fact_productividad_export.csv,2026-06-23T00:00:00,3164
PD003165,20250121,A006,R025,L006,Noche,4083,4448,6.31,4.64,1.67,project_fact_productividad_export.csv,2026-06-23T00:00:00,3165
PD003166,20250606,A009,R003,L007,Noche,1783,1036,10.94,8.06,2.88,project_fact_productividad_export.csv,2026-06-23T00:00:00,3166
PD003167,20250513,A008,R026,L004,Noche,1711,1851,11.65,9.33,2.31,project_fact_productividad_export.csv,2026-06-23T00:00:00,3167
PD003168,20250524,A008,R007,L005,Día,3541,3248,6.05,4.3,1.76,project_fact_productividad_export.csv,2026-06-23T00:00:00,3168
PD003169,20250308,A017,R014,L006,Noche,62,65,11.64,8.13,3.51,project_fact_productividad_export.csv,2026-06-23T00:00:00,3169
PD003170,20250522,A001,R030,L016,Noche,5839,5862,6.19,5.13,1.07,project_fact_productividad_export.csv,2026-06-23T00:00:00,3170
PD003171,20250506,A002,R002,L005,Tarde,226,218,7.64,6.5,1.14,project_fact_productividad_export.csv,2026-06-23T00:00:00,3171
PD003172,20250204,A003,R011,L013,Tarde,8409,8691,6.38,4.56,1.82,project_fact_productividad_export.csv,2026-06-23T00:00:00,3172
PD003173,20250626,A009,R022,L012,Tarde,3020,3004,10.66,6.88,3.79,project_fact_productividad_export.csv,2026-06-23T00:00:00,3173
PD003174,20250108,A003,R005,L007,Tarde,5479,4567,11.43,8.58,2.86,project_fact_productividad_export.csv,2026-06-23T00:00:00,3174
PD003175,20250514,A007,R004,L013,Tarde,777,667,7.18,4.28,2.91,project_fact_productividad_export.csv,2026-06-23T00:00:00,3175
PD003176,20250507,A002,R004,L001,Noche,126,123,7.73,7.01,0.72,project_fact_productividad_export.csv,2026-06-23T00:00:00,3176
PD003177,20250423,A004,R013,L001,Día,5960,5093,7.41,5.32,2.09,project_fact_productividad_export.csv,2026-06-23T00:00:00,3177
PD003178,20250515,A010,R016,L012,Día,3403,2574,6.16,4.67,1.49,project_fact_productividad_export.csv,2026-06-23T00:00:00,3178
PD003179,20250608,A008,R007,L017,Tarde,690,678,10.29,9.26,1.04,project_fact_productividad_export.csv,2026-06-23T00:00:00,3179
PD003180,20250622,A002,R009,L016,Día,141,154,7.06,5.44,1.61,project_fact_productividad_export.csv,2026-06-23T00:00:00,3180
PD003181,20250323,A013,R001,L012,Día,182,166,7.44,6.68,0.75,project_fact_productividad_export.csv,2026-06-23T00:00:00,3181
PD003182,20250607,A003,R012,L007,Día,3858,3861,11.99,10.35,1.64,project_fact_productividad_export.csv,2026-06-23T00:00:00,3182
PD003183,20250213,A005,R019,L004,Día,1450,1514,11.55,10.43,1.12,project_fact_productividad_export.csv,2026-06-23T00:00:00,3183
PD003184,20250506,A008,R029,L010,Tarde,1214,1115,8.94,7.94,1.0,project_fact_productividad_export.csv,2026-06-23T00:00:00,3184
PD003185,20250525,A006,R014,L017,Día,3911,3284,10.14,8.34,1.8,project_fact_productividad_export.csv,2026-06-23T00:00:00,3185
PD003186,20250311,A015,R020,L009,Noche,159,149,6.45,5.36,1.09,project_fact_productividad_export.csv,2026-06-23T00:00:00,3186
PD003187,20250401,A007,R028,L007,Tarde,740,768,9.67,6.3,3.36,project_fact_productividad_export.csv,2026-06-23T00:00:00,3187
PD003188,20250303,A002,R028,L016,Noche,129,126,8.88,6.75,2.12,project_fact_productividad_export.csv,2026-06-23T00:00:00,3188
PD003189,20250427,A006,R018,L003,Tarde,1221,1164,11.11,8.02,3.1,project_fact_productividad_export.csv,2026-06-23T00:00:00,3189
PD003190,20250106,A015,R021,L002,Noche,120,100,6.09,5.36,0.73,project_fact_productividad_export.csv,2026-06-23T00:00:00,3190
PD003191,20250405,A009,R029,L003,Noche,827,576,11.52,7.44,4.08,project_fact_productividad_export.csv,2026-06-23T00:00:00,3191
PD003192,20250507,A016,R011,L014,Día,112,122,10.2,8.5,1.71,project_fact_productividad_export.csv,2026-06-23T00:00:00,3192
PD003193,20250405,A006,R007,L005,Tarde,2123,2055,11.89,9.68,2.2,project_fact_productividad_export.csv,2026-06-23T00:00:00,3193
PD003194,20250131,A003,R016,L001,Tarde,4637,4120,10.55,8.18,2.36,project_fact_productividad_export.csv,2026-06-23T00:00:00,3194
PD003195,20250526,A011,R001,L005,Día,27,28,7.07,5.36,1.72,project_fact_productividad_export.csv,2026-06-23T00:00:00,3195
PD003196,20250606,A006,R016,L010,Noche,1680,1775,6.29,5.66,0.62,project_fact_productividad_export.csv,2026-06-23T00:00:00,3196
PD003197,20250527,A009,R001,L002,Día,2543,1249,11.67,9.3,2.38,project_fact_productividad_export.csv,2026-06-23T00:00:00,3197
PD003198,20250501,A016,R014,L005,Tarde,198,195,8.7,5.94,2.77,project_fact_productividad_export.csv,2026-06-23T00:00:00,3198
PD003199,20250219,A001,R018,L012,Noche,2510,2768,11.21,9.71,1.5,project_fact_productividad_export.csv,2026-06-23T00:00:00,3199
PD003200,20250608,A011,R013,L017,Día,77,73,9.48,7.32,2.16,project_fact_productividad_export.csv,2026-06-23T00:00:00,3200
PD003201,20250421,A002,R008,L001,Día,248,240,11.19,10.03,1.16,project_fact_productividad_export.csv,2026-06-23T00:00:00,3201
PD003202,20250602,A005,R024,L017,Día,3527,3513,11.16,9.28,1.88,project_fact_productividad_export.csv,2026-06-23T00:00:00,3202
PD003203,20250504,A001,R021,L009,Día,5373,4803,7.89,6.71,1.18,project_fact_productividad_export.csv,2026-06-23T00:00:00,3203
PD003204,20250327,A014,R009,L016,Día,128,110,6.57,4.8,1.77,project_fact_productividad_export.csv,2026-06-23T00:00:00,3204
PD003205,20250130,A001,R022,L008,Día,4215,4820,10.34,7.48,2.86,project_fact_productividad_export.csv,2026-06-23T00:00:00,3205
PD003206,20250202,A003,R019,L002,Noche,3465,3260,10.93,8.45,2.48,project_fact_productividad_export.csv,2026-06-23T00:00:00,3206
PD003207,20250617,A017,R015,L009,Tarde,232,221,10.71,8.95,1.75,project_fact_productividad_export.csv,2026-06-23T00:00:00,3207
PD003208,20250125,A006,R011,L011,Tarde,1278,1564,6.07,5.05,1.03,project_fact_productividad_export.csv,2026-06-23T00:00:00,3208
PD003209,20250511,A005,R009,L014,Día,1879,1703,8.37,6.78,1.59,project_fact_productividad_export.csv,2026-06-23T00:00:00,3209
PD003210,20250405,A016,R028,L009,Tarde,219,232,8.31,6.1,2.21,project_fact_productividad_export.csv,2026-06-23T00:00:00,3210
PD003211,20250413,A014,R005,L008,Noche,231,251,9.47,8.41,1.07,project_fact_productividad_export.csv,2026-06-23T00:00:00,3211
PD003212,20250107,A008,R019,L009,Tarde,1666,1545,10.95,8.86,2.09,project_fact_productividad_export.csv,2026-06-23T00:00:00,3212
PD003213,20250404,A002,R004,L003,Tarde,86,75,10.64,8.42,2.22,project_fact_productividad_export.csv,2026-06-23T00:00:00,3213
PD003214,20250225,A015,R005,L009,Tarde,115,115,11.36,7.82,3.54,project_fact_productividad_export.csv,2026-06-23T00:00:00,3214
PD003215,20250510,A009,R026,L004,Noche,2185,1440,10.65,6.44,4.21,project_fact_productividad_export.csv,2026-06-23T00:00:00,3215
PD003216,20250127,A002,R013,L012,Tarde,70,65,11.86,9.36,2.5,project_fact_productividad_export.csv,2026-06-23T00:00:00,3216
PD003217,20250109,A001,R020,L008,Tarde,4687,4384,10.19,9.16,1.03,project_fact_productividad_export.csv,2026-06-23T00:00:00,3217
PD003218,20250514,A001,R015,L002,Noche,3980,3998,11.49,10.48,1.01,project_fact_productividad_export.csv,2026-06-23T00:00:00,3218
PD003219,20250611,A007,R020,L001,Día,791,644,7.75,6.74,1.0,project_fact_productividad_export.csv,2026-06-23T00:00:00,3219
PD003220,20250119,A017,R011,L004,Día,79,80,6.32,5.01,1.31,project_fact_productividad_export.csv,2026-06-23T00:00:00,3220
PD003221,20250105,A011,R005,L010,Noche,60,49,8.11,5.67,2.44,project_fact_productividad_export.csv,2026-06-23T00:00:00,3221
PD003222,20250403,A002,R016,L001,Tarde,79,71,8.96,6.48,2.48,project_fact_productividad_export.csv,2026-06-23T00:00:00,3222
PD003223,20250128,A005,R017,L015,Noche,1796,1569,9.71,7.61,2.1,project_fact_productividad_export.csv,2026-06-23T00:00:00,3223
PD003224,20250309,A014,R020,L010,Tarde,239,213,10.55,8.64,1.91,project_fact_productividad_export.csv,2026-06-23T00:00:00,3224
PD003225,20250222,A007,R018,L004,Día,1845,1486,7.06,6.08,0.98,project_fact_productividad_export.csv,2026-06-23T00:00:00,3225
PD003226,20250523,A011,R001,L013,Tarde,189,146,9.13,8.09,1.04,project_fact_productividad_export.csv,2026-06-23T00:00:00,3226
PD003227,20250506,A007,R012,L001,Día,629,338,9.0,5.38,3.62,project_fact_productividad_export.csv,2026-06-23T00:00:00,3227
PD003228,20250314,A016,R022,L006,Tarde,81,67,8.9,7.99,0.92,project_fact_productividad_export.csv,2026-06-23T00:00:00,3228
PD003229,20250608,A001,R023,L007,Noche,4114,3513,9.11,6.99,2.13,project_fact_productividad_export.csv,2026-06-23T00:00:00,3229
PD003230,20250301,A017,R030,L016,Día,248,263,6.65,4.65,2.01,project_fact_productividad_export.csv,2026-06-23T00:00:00,3230
PD003231,20250216,A017,R029,L007,Tarde,92,78,9.05,7.41,1.64,project_fact_productividad_export.csv,2026-06-23T00:00:00,3231
PD003232,20250213,A004,R011,L002,Día,2612,3220,8.68,7.84,0.84,project_fact_productividad_export.csv,2026-06-23T00:00:00,3232
PD003233,20250321,A013,R005,L001,Tarde,64,48,10.36,7.18,3.17,project_fact_productividad_export.csv,2026-06-23T00:00:00,3233
PD003234,20250104,A001,R007,L013,Noche,4638,3960,11.17,10.26,0.91,project_fact_productividad_export.csv,2026-06-23T00:00:00,3234
PD003235,20250109,A010,R001,L015,Día,1791,1578,7.53,5.81,1.72,project_fact_productividad_export.csv,2026-06-23T00:00:00,3235
PD003236,20250124,A003,R005,L012,Tarde,3952,3328,10.46,8.17,2.29,project_fact_productividad_export.csv,2026-06-23T00:00:00,3236
PD003237,20250324,A005,R030,L003,Día,3413,3492,9.5,6.48,3.02,project_fact_productividad_export.csv,2026-06-23T00:00:00,3237
PD003238,20250415,A017,R029,L012,Tarde,47,42,7.11,5.74,1.37,project_fact_productividad_export.csv,2026-06-23T00:00:00,3238
PD003239,20250422,A017,R028,L005,Noche,158,164,6.96,5.01,1.95,project_fact_productividad_export.csv,2026-06-23T00:00:00,3239
PD003240,20250120,A008,R022,L004,Tarde,958,885,7.63,6.05,1.58,project_fact_productividad_export.csv,2026-06-23T00:00:00,3240
PD003241,20250422,A012,R030,L014,Noche,167,164,6.57,5.34,1.24,project_fact_productividad_export.csv,2026-06-23T00:00:00,3241
PD003242,20250207,A004,R007,L007,Noche,3403,3104,7.23,6.33,0.9,project_fact_productividad_export.csv,2026-06-23T00:00:00,3242
PD003243,20250131,A016,R005,L004,Tarde,171,137,8.23,6.75,1.48,project_fact_productividad_export.csv,2026-06-23T00:00:00,3243
PD003244,20250405,A012,R027,L009,Tarde,239,211,9.91,7.84,2.06,project_fact_productividad_export.csv,2026-06-23T00:00:00,3244
PD003245,20250510,A010,R013,L007,Tarde,1330,1183,9.53,8.19,1.34,project_fact_productividad_export.csv,2026-06-23T00:00:00,3245
PD003246,20250115,A004,R022,L003,Tarde,5830,4687,8.87,7.38,1.49,project_fact_productividad_export.csv,2026-06-23T00:00:00,3246
PD003247,20250523,A007,R008,L005,Día,1993,1643,11.13,7.07,4.06,project_fact_productividad_export.csv,2026-06-23T00:00:00,3247
PD003248,20250109,A014,R020,L006,Noche,155,123,10.57,9.44,1.13,project_fact_productividad_export.csv,2026-06-23T00:00:00,3248
PD003249,20250107,A016,R021,L004,Tarde,133,124,10.87,8.99,1.88,project_fact_productividad_export.csv,2026-06-23T00:00:00,3249
PD003250,20250108,A006,R010,L011,Noche,2448,1945,10.08,7.29,2.79,project_fact_productividad_export.csv,2026-06-23T00:00:00,3250
PD003251,20250310,A011,R020,L007,Día,59,57,9.17,6.81,2.36,project_fact_productividad_export.csv,2026-06-23T00:00:00,3251
PD003252,20250617,A006,R014,L009,Tarde,1984,2009,11.24,7.9,3.34,project_fact_productividad_export.csv,2026-06-23T00:00:00,3252
PD003253,20250617,A013,R013,L009,Noche,33,32,11.23,10.18,1.05,project_fact_productividad_export.csv,2026-06-23T00:00:00,3253
PD003254,20250128,A016,R006,L014,Día,96,104,6.76,5.3,1.46,project_fact_productividad_export.csv,2026-06-23T00:00:00,3254
PD003255,20250313,A008,R009,L010,Noche,2924,3093,10.38,8.86,1.52,project_fact_productividad_export.csv,2026-06-23T00:00:00,3255
PD003256,20250220,A011,R006,L011,Día,104,103,10.72,9.37,1.35,project_fact_productividad_export.csv,2026-06-23T00:00:00,3256
PD003257,20250318,A013,R011,L012,Tarde,172,156,10.81,7.63,3.18,project_fact_productividad_export.csv,2026-06-23T00:00:00,3257
PD003258,20250612,A006,R021,L002,Día,1340,1285,11.84,9.11,2.73,project_fact_productividad_export.csv,2026-06-23T00:00:00,3258
PD003259,20250304,A001,R005,L009,Noche,4441,3706,7.77,5.84,1.93,project_fact_productividad_export.csv,2026-06-23T00:00:00,3259
PD003260,20250630,A011,R029,L012,Noche,188,196,10.02,8.35,1.67,project_fact_productividad_export.csv,2026-06-23T00:00:00,3260
PD003261,20250501,A005,R009,L013,Noche,3581,3156,7.44,6.53,0.9,project_fact_productividad_export.csv,2026-06-23T00:00:00,3261
PD003262,20250419,A003,R020,L006,Noche,7703,7724,9.93,9.02,0.91,project_fact_productividad_export.csv,2026-06-23T00:00:00,3262
PD003263,20250405,A005,R027,L013,Día,3671,3497,11.47,10.51,0.96,project_fact_productividad_export.csv,2026-06-23T00:00:00,3263
PD003264,20250111,A016,R005,L006,Noche,23,21,9.55,6.95,2.59,project_fact_productividad_export.csv,2026-06-23T00:00:00,3264
PD003265,20250124,A013,R013,L011,Noche,24,21,11.01,9.26,1.75,project_fact_productividad_export.csv,2026-06-23T00:00:00,3265
PD003266,20250307,A009,R011,L010,Tarde,1664,1148,6.01,5.0,1.01,project_fact_productividad_export.csv,2026-06-23T00:00:00,3266
PD003267,20250522,A002,R010,L015,Tarde,180,158,7.48,6.47,1.01,project_fact_productividad_export.csv,2026-06-23T00:00:00,3267
PD003268,20250509,A011,R026,L013,Día,166,169,8.25,6.89,1.35,project_fact_productividad_export.csv,2026-06-23T00:00:00,3268
PD003269,20250310,A001,R024,L008,Día,7850,7797,6.82,5.17,1.65,project_fact_productividad_export.csv,2026-06-23T00:00:00,3269
PD003270,20250226,A008,R013,L017,Día,3304,2972,6.92,6.1,0.81,project_fact_productividad_export.csv,2026-06-23T00:00:00,3270
PD003271,20250302,A001,R010,L002,Noche,3849,3981,6.17,4.92,1.25,project_fact_productividad_export.csv,2026-06-23T00:00:00,3271
PD003272,20250325,A017,R011,L012,Noche,97,79,9.67,7.58,2.09,project_fact_productividad_export.csv,2026-06-23T00:00:00,3272
PD003273,20250313,A006,R004,L014,Tarde,2791,2542,6.83,6.26,0.57,project_fact_productividad_export.csv,2026-06-23T00:00:00,3273
PD003274,20250521,A011,R007,L004,Tarde,150,148,9.67,7.02,2.65,project_fact_productividad_export.csv,2026-06-23T00:00:00,3274
PD003275,20250208,A008,R015,L008,Tarde,863,826,7.35,6.26,1.09,project_fact_productividad_export.csv,2026-06-23T00:00:00,3275
PD003276,20250520,A007,R013,L010,Tarde,3503,2754,10.62,7.12,3.5,project_fact_productividad_export.csv,2026-06-23T00:00:00,3276
PD003277,20250101,A013,R003,L006,Tarde,215,208,11.95,8.43,3.51,project_fact_productividad_export.csv,2026-06-23T00:00:00,3277
PD003278,20250326,A002,R027,L005,Tarde,48,49,11.64,8.19,3.45,project_fact_productividad_export.csv,2026-06-23T00:00:00,3278
PD003279,20250420,A002,R023,L006,Tarde,84,71,9.06,7.74,1.32,project_fact_productividad_export.csv,2026-06-23T00:00:00,3279
PD003280,20250211,A008,R014,L009,Día,3010,3450,6.2,4.4,1.81,project_fact_productividad_export.csv,2026-06-23T00:00:00,3280
PD003281,20250301,A014,R015,L009,Tarde,36,40,7.82,5.43,2.4,project_fact_productividad_export.csv,2026-06-23T00:00:00,3281
PD003282,20250508,A010,R006,L004,Tarde,1107,788,8.26,6.95,1.31,project_fact_productividad_export.csv,2026-06-23T00:00:00,3282
PD003283,20250105,A003,R006,L001,Día,4419,4192,6.8,5.46,1.35,project_fact_productividad_export.csv,2026-06-23T00:00:00,3283
PD003284,20250407,A014,R011,L006,Tarde,157,154,9.81,6.98,2.83,project_fact_productividad_export.csv,2026-06-23T00:00:00,3284
PD003285,20250123,A010,R006,L015,Noche,3153,2260,6.02,4.97,1.05,project_fact_productividad_export.csv,2026-06-23T00:00:00,3285
PD003286,20250510,A009,R004,L002,Día,4053,3210,10.05,7.87,2.18,project_fact_productividad_export.csv,2026-06-23T00:00:00,3286
PD003287,20250113,A013,R003,L016,Noche,234,229,8.38,6.42,1.95,project_fact_productividad_export.csv,2026-06-23T00:00:00,3287
PD003288,20250612,A007,R006,L006,Tarde,3020,2215,11.64,7.79,3.85,project_fact_productividad_export.csv,2026-06-23T00:00:00,3288
PD003289,20250626,A016,R021,L002,Tarde,240,176,6.11,4.52,1.59,project_fact_productividad_export.csv,2026-06-23T00:00:00,3289
PD003290,20250530,A015,R028,L008,Día,45,42,8.99,6.82,2.17,project_fact_productividad_export.csv,2026-06-23T00:00:00,3290
PD003291,20250618,A015,R016,L015,Noche,45,41,7.43,5.6,1.83,project_fact_productividad_export.csv,2026-06-23T00:00:00,3291
PD003292,20250508,A010,R023,L011,Día,3003,2426,11.77,7.21,4.56,project_fact_productividad_export.csv,2026-06-23T00:00:00,3292
PD003293,20250313,A004,R004,L008,Día,6229,6776,6.72,5.12,1.6,project_fact_productividad_export.csv,2026-06-23T00:00:00,3293
PD003294,20250126,A007,R025,L002,Tarde,4047,3050,11.67,8.13,3.53,project_fact_productividad_export.csv,2026-06-23T00:00:00,3294
PD003295,20250420,A016,R018,L016,Tarde,112,119,9.66,6.96,2.7,project_fact_productividad_export.csv,2026-06-23T00:00:00,3295
PD003296,20250106,A016,R003,L015,Tarde,192,188,9.3,8.26,1.04,project_fact_productividad_export.csv,2026-06-23T00:00:00,3296
PD003297,20250216,A009,R013,L007,Tarde,2790,2427,11.03,7.24,3.78,project_fact_productividad_export.csv,2026-06-23T00:00:00,3297
PD003298,20250206,A012,R014,L012,Noche,79,71,8.36,6.54,1.82,project_fact_productividad_export.csv,2026-06-23T00:00:00,3298
PD003299,20250319,A012,R017,L007,Noche,96,95,8.2,6.38,1.82,project_fact_productividad_export.csv,2026-06-23T00:00:00,3299
PD003300,20250621,A007,R010,L002,Día,4003,3332,11.86,9.47,2.39,project_fact_productividad_export.csv,2026-06-23T00:00:00,3300
PD003301,20250209,A015,R017,L015,Tarde,151,143,7.84,6.53,1.32,project_fact_productividad_export.csv,2026-06-23T00:00:00,3301
PD003302,20250311,A008,R008,L011,Día,1912,1904,6.48,4.45,2.03,project_fact_productividad_export.csv,2026-06-23T00:00:00,3302
PD003303,20250318,A016,R020,L003,Día,135,147,11.52,8.75,2.76,project_fact_productividad_export.csv,2026-06-23T00:00:00,3303
PD003304,20250114,A006,R002,L013,Noche,3656,2873,10.7,9.32,1.38,project_fact_productividad_export.csv,2026-06-23T00:00:00,3304
PD003305,20250209,A006,R014,L017,Noche,3652,2921,9.7,7.79,1.91,project_fact_productividad_export.csv,2026-06-23T00:00:00,3305
PD003306,20250120,A009,R017,L005,Día,2811,2514,8.52,7.3,1.22,project_fact_productividad_export.csv,2026-06-23T00:00:00,3306
PD003307,20250617,A009,R007,L006,Día,713,493,11.27,6.5,4.76,project_fact_productividad_export.csv,2026-06-23T00:00:00,3307
PD003308,20250507,A011,R014,L005,Tarde,225,191,6.2,4.61,1.58,project_fact_productividad_export.csv,2026-06-23T00:00:00,3308
PD003309,20250418,A016,R001,L001,Día,237,235,10.0,9.15,0.86,project_fact_productividad_export.csv,2026-06-23T00:00:00,3309
PD003310,20250211,A010,R028,L010,Noche,2268,1552,7.82,5.34,2.48,project_fact_productividad_export.csv,2026-06-23T00:00:00,3310
PD003311,20250525,A015,R018,L013,Tarde,21,22,7.2,5.89,1.31,project_fact_productividad_export.csv,2026-06-23T00:00:00,3311
PD003312,20250309,A015,R020,L002,Día,247,239,9.33,6.7,2.63,project_fact_productividad_export.csv,2026-06-23T00:00:00,3312
PD003313,20250214,A007,R008,L017,Día,1790,1789,8.73,6.2,2.53,project_fact_productividad_export.csv,2026-06-23T00:00:00,3313
PD003314,20250114,A008,R019,L012,Día,3263,3042,8.39,7.62,0.77,project_fact_productividad_export.csv,2026-06-23T00:00:00,3314
PD003315,20250125,A003,R026,L009,Día,4438,3682,10.0,8.62,1.38,project_fact_productividad_export.csv,2026-06-23T00:00:00,3315
PD003316,20250409,A002,R024,L013,Noche,184,178,6.98,4.86,2.11,project_fact_productividad_export.csv,2026-06-23T00:00:00,3316
PD003317,20250123,A003,R018,L008,Tarde,3321,3332,9.19,7.75,1.44,project_fact_productividad_export.csv,2026-06-23T00:00:00,3317
PD003318,20250314,A006,R007,L015,Día,2874,2917,6.71,4.68,2.03,project_fact_productividad_export.csv,2026-06-23T00:00:00,3318
PD003319,20250619,A017,R008,L009,Día,40,35,7.74,5.43,2.31,project_fact_productividad_export.csv,2026-06-23T00:00:00,3319
PD003320,20250115,A001,R024,L015,Día,6258,6419,6.63,5.66,0.98,project_fact_productividad_export.csv,2026-06-23T00:00:00,3320
PD003321,20250308,A011,R013,L017,Tarde,100,97,11.89,10.26,1.63,project_fact_productividad_export.csv,2026-06-23T00:00:00,3321
PD003322,20250206,A006,R029,L012,Tarde,1863,1694,11.15,8.73,2.42,project_fact_productividad_export.csv,2026-06-23T00:00:00,3322
PD003323,20250530,A015,R001,L014,Tarde,51,53,11.32,9.94,1.38,project_fact_productividad_export.csv,2026-06-23T00:00:00,3323
PD003324,20250217,A014,R029,L001,Tarde,124,121,10.53,7.97,2.56,project_fact_productividad_export.csv,2026-06-23T00:00:00,3324
PD003325,20250413,A002,R008,L006,Noche,188,117,10.6,8.36,2.24,project_fact_productividad_export.csv,2026-06-23T00:00:00,3325
PD003326,20250217,A013,R027,L011,Tarde,240,216,6.15,5.1,1.05,project_fact_productividad_export.csv,2026-06-23T00:00:00,3326
PD003327,20250321,A017,R012,L006,Día,218,206,10.8,9.58,1.22,project_fact_productividad_export.csv,2026-06-23T00:00:00,3327
PD003328,20250214,A016,R005,L004,Día,134,146,7.3,6.09,1.21,project_fact_productividad_export.csv,2026-06-23T00:00:00,3328
PD003329,20250111,A014,R007,L001,Tarde,131,117,8.18,6.7,1.48,project_fact_productividad_export.csv,2026-06-23T00:00:00,3329
PD003330,20250222,A004,R028,L013,Tarde,4326,4483,6.64,4.57,2.07,project_fact_productividad_export.csv,2026-06-23T00:00:00,3330
PD003331,20250523,A007,R026,L014,Día,2290,1969,9.85,7.63,2.22,project_fact_productividad_export.csv,2026-06-23T00:00:00,3331
PD003332,20250329,A001,R010,L014,Día,6540,6444,8.69,6.6,2.09,project_fact_productividad_export.csv,2026-06-23T00:00:00,3332
PD003333,20250613,A005,R015,L009,Tarde,2696,2563,9.9,6.96,2.94,project_fact_productividad_export.csv,2026-06-23T00:00:00,3333
PD003334,20250116,A017,R002,L011,Tarde,99,104,6.63,4.83,1.79,project_fact_productividad_export.csv,2026-06-23T00:00:00,3334
PD003335,20250604,A008,R024,L013,Día,3339,2706,7.1,6.07,1.03,project_fact_productividad_export.csv,2026-06-23T00:00:00,3335
PD003336,20250601,A005,R022,L001,Tarde,857,844,6.9,5.85,1.05,project_fact_productividad_export.csv,2026-06-23T00:00:00,3336
PD003337,20250426,A016,R025,L002,Noche,120,136,11.23,8.84,2.39,project_fact_productividad_export.csv,2026-06-23T00:00:00,3337
PD003338,20250312,A011,R027,L008,Tarde,139,119,7.8,5.88,1.91,project_fact_productividad_export.csv,2026-06-23T00:00:00,3338
PD003339,20250214,A013,R018,L017,Noche,212,190,9.55,8.63,0.92,project_fact_productividad_export.csv,2026-06-23T00:00:00,3339
PD003340,20250604,A014,R014,L009,Noche,164,165,9.6,7.53,2.07,project_fact_productividad_export.csv,2026-06-23T00:00:00,3340
PD003341,20250124,A011,R018,L016,Noche,170,166,9.54,6.78,2.75,project_fact_productividad_export.csv,2026-06-23T00:00:00,3341
PD003342,20250201,A012,R008,L006,Día,222,202,10.89,8.7,2.18,project_fact_productividad_export.csv,2026-06-23T00:00:00,3342
PD003343,20250523,A011,R009,L011,Tarde,37,29,10.23,8.88,1.35,project_fact_productividad_export.csv,2026-06-23T00:00:00,3343
PD003344,20250422,A016,R024,L010,Tarde,121,91,9.31,6.93,2.38,project_fact_productividad_export.csv,2026-06-23T00:00:00,3344
PD003345,20250315,A011,R030,L002,Noche,165,157,8.06,6.95,1.11,project_fact_productividad_export.csv,2026-06-23T00:00:00,3345
PD003346,20250215,A001,R008,L010,Noche,3222,3045,6.49,5.17,1.32,project_fact_productividad_export.csv,2026-06-23T00:00:00,3346
PD003347,20250204,A016,R017,L010,Día,116,99,8.84,7.48,1.36,project_fact_productividad_export.csv,2026-06-23T00:00:00,3347
PD003348,20250420,A002,R013,L008,Noche,164,166,7.28,5.03,2.25,project_fact_productividad_export.csv,2026-06-23T00:00:00,3348
PD003349,20250320,A005,R001,L012,Noche,719,633,6.74,4.89,1.85,project_fact_productividad_export.csv,2026-06-23T00:00:00,3349
PD003350,20250528,A009,R012,L009,Tarde,898,597,7.34,4.51,2.83,project_fact_productividad_export.csv,2026-06-23T00:00:00,3350
PD003351,20250102,A008,R011,L007,Día,3585,3725,7.95,6.8,1.15,project_fact_productividad_export.csv,2026-06-23T00:00:00,3351
PD003352,20250314,A012,R014,L010,Noche,174,167,11.06,7.71,3.35,project_fact_productividad_export.csv,2026-06-23T00:00:00,3352
PD003353,20250326,A007,R029,L013,Día,3405,3052,6.5,4.1,2.39,project_fact_productividad_export.csv,2026-06-23T00:00:00,3353
PD003354,20250227,A009,R028,L011,Día,1362,1122,9.71,7.67,2.04,project_fact_productividad_export.csv,2026-06-23T00:00:00,3354
PD003355,20250428,A010,R012,L017,Tarde,3731,2604,11.44,7.69,3.75,project_fact_productividad_export.csv,2026-06-23T00:00:00,3355
PD003356,20250112,A016,R018,L003,Noche,118,108,6.31,5.36,0.96,project_fact_productividad_export.csv,2026-06-23T00:00:00,3356
PD003357,20250316,A012,R021,L010,Noche,67,48,11.54,10.29,1.25,project_fact_productividad_export.csv,2026-06-23T00:00:00,3357
PD003358,20250401,A016,R021,L014,Noche,199,179,8.94,7.69,1.24,project_fact_productividad_export.csv,2026-06-23T00:00:00,3358
PD003359,20250320,A001,R013,L009,Tarde,8041,7679,11.55,9.61,1.94,project_fact_productividad_export.csv,2026-06-23T00:00:00,3359
PD003360,20250328,A016,R014,L013,Tarde,52,54,7.12,6.26,0.85,project_fact_productividad_export.csv,2026-06-23T00:00:00,3360
PD003361,20250222,A010,R030,L010,Día,3639,2489,9.37,6.42,2.95,project_fact_productividad_export.csv,2026-06-23T00:00:00,3361
PD003362,20250412,A007,R007,L013,Noche,3423,2482,8.81,6.57,2.24,project_fact_productividad_export.csv,2026-06-23T00:00:00,3362
PD003363,20250328,A004,R007,L007,Noche,8373,7565,7.2,6.33,0.87,project_fact_productividad_export.csv,2026-06-23T00:00:00,3363
PD003364,20250318,A010,R028,L012,Día,3294,2459,6.95,5.51,1.44,project_fact_productividad_export.csv,2026-06-23T00:00:00,3364
PD003365,20250517,A010,R017,L010,Día,3426,2823,11.91,8.17,3.74,project_fact_productividad_export.csv,2026-06-23T00:00:00,3365
PD003366,20250120,A016,R005,L012,Día,93,66,7.57,6.88,0.69,project_fact_productividad_export.csv,2026-06-23T00:00:00,3366
PD003367,20250314,A009,R019,L007,Noche,3514,2287,10.32,7.69,2.63,project_fact_productividad_export.csv,2026-06-23T00:00:00,3367
PD003368,20250628,A016,R016,L016,Día,183,186,11.43,9.34,2.1,project_fact_productividad_export.csv,2026-06-23T00:00:00,3368
PD003369,20250319,A015,R024,L009,Noche,62,58,9.44,8.04,1.4,project_fact_productividad_export.csv,2026-06-23T00:00:00,3369
PD003370,20250621,A010,R002,L016,Día,3600,3058,7.13,4.1,3.03,project_fact_productividad_export.csv,2026-06-23T00:00:00,3370
PD003371,20250416,A014,R019,L001,Día,170,168,10.42,7.35,3.08,project_fact_productividad_export.csv,2026-06-23T00:00:00,3371
PD003372,20250521,A003,R005,L014,Noche,3392,3043,11.22,9.57,1.65,project_fact_productividad_export.csv,2026-06-23T00:00:00,3372
PD003373,20250323,A017,R007,L006,Día,249,210,11.21,7.95,3.26,project_fact_productividad_export.csv,2026-06-23T00:00:00,3373
PD003374,20250527,A013,R018,L010,Noche,129,154,11.88,10.4,1.48,project_fact_productividad_export.csv,2026-06-23T00:00:00,3374
PD003375,20250225,A014,R029,L004,Día,208,161,8.36,6.28,2.07,project_fact_productividad_export.csv,2026-06-23T00:00:00,3375
PD003376,20250625,A015,R027,L012,Día,215,194,6.51,5.29,1.22,project_fact_productividad_export.csv,2026-06-23T00:00:00,3376
PD003377,20250115,A001,R025,L004,Día,4255,4828,6.3,4.43,1.87,project_fact_productividad_export.csv,2026-06-23T00:00:00,3377
PD003378,20250315,A014,R001,L010,Tarde,123,128,6.66,5.3,1.37,project_fact_productividad_export.csv,2026-06-23T00:00:00,3378
PD003379,20250411,A017,R011,L014,Día,163,156,12.0,8.44,3.56,project_fact_productividad_export.csv,2026-06-23T00:00:00,3379
PD003380,20250424,A005,R014,L001,Día,814,845,8.23,6.85,1.38,project_fact_productividad_export.csv,2026-06-23T00:00:00,3380
PD003381,20250217,A003,R011,L012,Día,3368,3408,6.49,4.96,1.53,project_fact_productividad_export.csv,2026-06-23T00:00:00,3381
PD003382,20250224,A001,R014,L002,Tarde,2356,2490,8.05,5.68,2.37,project_fact_productividad_export.csv,2026-06-23T00:00:00,3382
PD003383,20250523,A003,R012,L014,Tarde,4146,3826,6.15,5.08,1.08,project_fact_productividad_export.csv,2026-06-23T00:00:00,3383
PD003384,20250509,A006,R029,L013,Noche,2916,2312,7.92,7.06,0.87,project_fact_productividad_export.csv,2026-06-23T00:00:00,3384
PD003385,20250104,A017,R020,L004,Noche,179,205,6.34,4.86,1.48,project_fact_productividad_export.csv,2026-06-23T00:00:00,3385
PD003386,20250429,A015,R029,L015,Noche,26,25,9.65,8.54,1.11,project_fact_productividad_export.csv,2026-06-23T00:00:00,3386
PD003387,20250406,A017,R019,L009,Noche,20,19,11.31,7.86,3.45,project_fact_productividad_export.csv,2026-06-23T00:00:00,3387
PD003388,20250614,A008,R026,L002,Día,1405,1290,9.85,6.98,2.88,project_fact_productividad_export.csv,2026-06-23T00:00:00,3388
PD003389,20250626,A017,R030,L010,Noche,212,213,10.49,8.1,2.39,project_fact_productividad_export.csv,2026-06-23T00:00:00,3389
PD003390,20250507,A012,R006,L009,Tarde,258,271,11.05,8.66,2.4,project_fact_productividad_export.csv,2026-06-23T00:00:00,3390
PD003391,20250419,A007,R014,L004,Día,3210,2145,9.3,7.18,2.12,project_fact_productividad_export.csv,2026-06-23T00:00:00,3391
PD003392,20250329,A010,R013,L004,Tarde,1251,877,8.25,5.55,2.69,project_fact_productividad_export.csv,2026-06-23T00:00:00,3392
PD003393,20250503,A015,R020,L017,Noche,208,185,8.21,6.94,1.28,project_fact_productividad_export.csv,2026-06-23T00:00:00,3393
PD003394,20250308,A016,R002,L014,Noche,185,180,8.57,5.96,2.61,project_fact_productividad_export.csv,2026-06-23T00:00:00,3394
PD003395,20250106,A011,R007,L011,Tarde,25,24,6.88,5.83,1.05,project_fact_productividad_export.csv,2026-06-23T00:00:00,3395
PD003396,20250315,A012,R020,L016,Noche,150,162,7.78,6.83,0.95,project_fact_productividad_export.csv,2026-06-23T00:00:00,3396
PD003397,20250207,A016,R005,L009,Día,79,80,10.33,8.67,1.66,project_fact_productividad_export.csv,2026-06-23T00:00:00,3397
PD003398,20250131,A010,R011,L001,Noche,844,592,11.61,9.8,1.81,project_fact_productividad_export.csv,2026-06-23T00:00:00,3398
PD003399,20250624,A009,R014,L011,Tarde,1076,905,11.24,6.87,4.37,project_fact_productividad_export.csv,2026-06-23T00:00:00,3399
PD003400,20250110,A014,R010,L003,Tarde,164,167,6.25,4.38,1.88,project_fact_productividad_export.csv,2026-06-23T00:00:00,3400
PD003401,20250524,A017,R021,L001,Día,129,114,10.84,9.0,1.84,project_fact_productividad_export.csv,2026-06-23T00:00:00,3401
PD003402,20250302,A005,R027,L013,Tarde,1237,915,11.89,10.22,1.67,project_fact_productividad_export.csv,2026-06-23T00:00:00,3402
PD003403,20250220,A008,R015,L017,Tarde,1774,1766,11.23,9.51,1.73,project_fact_productividad_export.csv,2026-06-23T00:00:00,3403
PD003404,20250119,A005,R025,L015,Noche,3974,3855,11.88,9.34,2.54,project_fact_productividad_export.csv,2026-06-23T00:00:00,3404
PD003405,20250301,A008,R025,L005,Día,2373,2029,8.02,6.13,1.89,project_fact_productividad_export.csv,2026-06-23T00:00:00,3405
PD003406,20250505,A002,R024,L009,Día,132,109,7.3,6.57,0.72,project_fact_productividad_export.csv,2026-06-23T00:00:00,3406
PD003407,20250502,A002,R021,L009,Día,20,21,7.41,5.05,2.36,project_fact_productividad_export.csv,2026-06-23T00:00:00,3407
PD003408,20250306,A016,R004,L016,Noche,127,133,8.65,5.95,2.7,project_fact_productividad_export.csv,2026-06-23T00:00:00,3408
PD003409,20250412,A007,R003,L001,Tarde,3029,2389,8.75,5.37,3.38,project_fact_productividad_export.csv,2026-06-23T00:00:00,3409
PD003410,20250407,A013,R001,L010,Noche,120,86,8.0,6.66,1.34,project_fact_productividad_export.csv,2026-06-23T00:00:00,3410
PD003411,20250616,A007,R007,L017,Tarde,888,765,7.49,4.59,2.9,project_fact_productividad_export.csv,2026-06-23T00:00:00,3411
PD003412,20250610,A010,R020,L004,Día,1640,1397,10.64,6.75,3.9,project_fact_productividad_export.csv,2026-06-23T00:00:00,3412
PD003413,20250118,A010,R022,L017,Día,1831,1548,7.66,4.89,2.76,project_fact_productividad_export.csv,2026-06-23T00:00:00,3413
PD003414,20250210,A016,R030,L011,Día,161,160,6.63,5.45,1.17,project_fact_productividad_export.csv,2026-06-23T00:00:00,3414
PD003415,20250425,A015,R018,L003,Noche,217,240,7.91,6.52,1.39,project_fact_productividad_export.csv,2026-06-23T00:00:00,3415
PD003416,20250618,A005,R012,L008,Noche,2827,2282,7.25,6.09,1.16,project_fact_productividad_export.csv,2026-06-23T00:00:00,3416
PD003417,20250629,A001,R005,L012,Tarde,2736,2957,7.44,6.56,0.88,project_fact_productividad_export.csv,2026-06-23T00:00:00,3417
PD003418,20250225,A016,R022,L003,Noche,25,22,10.09,7.24,2.85,project_fact_productividad_export.csv,2026-06-23T00:00:00,3418
PD003419,20250626,A001,R005,L015,Noche,2657,3067,8.27,5.65,2.62,project_fact_productividad_export.csv,2026-06-23T00:00:00,3419
PD003420,20250228,A017,R030,L003,Tarde,126,126,11.73,9.5,2.23,project_fact_productividad_export.csv,2026-06-23T00:00:00,3420
PD003421,20250215,A001,R027,L007,Día,5068,5563,7.2,6.45,0.75,project_fact_productividad_export.csv,2026-06-23T00:00:00,3421
PD003422,20250624,A001,R006,L017,Día,7121,6188,11.09,7.7,3.38,project_fact_productividad_export.csv,2026-06-23T00:00:00,3422
PD003423,20250215,A008,R005,L008,Día,2505,2334,6.14,4.32,1.82,project_fact_productividad_export.csv,2026-06-23T00:00:00,3423
PD003424,20250624,A006,R027,L006,Noche,2453,2337,7.64,5.49,2.15,project_fact_productividad_export.csv,2026-06-23T00:00:00,3424
PD003425,20250512,A001,R017,L006,Noche,3932,3556,11.29,9.65,1.64,project_fact_productividad_export.csv,2026-06-23T00:00:00,3425
PD003426,20250516,A010,R017,L016,Día,3840,2454,6.41,5.72,0.7,project_fact_productividad_export.csv,2026-06-23T00:00:00,3426
PD003427,20250316,A011,R002,L010,Tarde,92,81,11.13,10.06,1.07,project_fact_productividad_export.csv,2026-06-23T00:00:00,3427
PD003428,20250630,A013,R015,L016,Día,205,198,7.96,5.56,2.4,project_fact_productividad_export.csv,2026-06-23T00:00:00,3428
PD003429,20250108,A007,R005,L002,Noche,774,414,10.7,6.1,4.61,project_fact_productividad_export.csv,2026-06-23T00:00:00,3429
PD003430,20250610,A003,R017,L003,Día,3781,3106,10.87,9.73,1.14,project_fact_productividad_export.csv,2026-06-23T00:00:00,3430
PD003431,20250410,A012,R025,L016,Tarde,66,60,8.94,6.49,2.45,project_fact_productividad_export.csv,2026-06-23T00:00:00,3431
PD003432,20250503,A009,R030,L002,Día,2437,1865,8.19,4.94,3.25,project_fact_productividad_export.csv,2026-06-23T00:00:00,3432
PD003433,20250521,A015,R008,L006,Noche,63,60,8.02,6.09,1.93,project_fact_productividad_export.csv,2026-06-23T00:00:00,3433
PD003434,20250624,A007,R028,L007,Tarde,1552,1049,9.76,5.94,3.82,project_fact_productividad_export.csv,2026-06-23T00:00:00,3434
PD003435,20250531,A001,R007,L003,Tarde,3517,2921,7.38,5.23,2.14,project_fact_productividad_export.csv,2026-06-23T00:00:00,3435
PD003436,20250301,A007,R002,L014,Noche,2012,995,11.97,10.16,1.82,project_fact_productividad_export.csv,2026-06-23T00:00:00,3436
PD003437,20250130,A012,R018,L012,Tarde,149,175,8.14,6.17,1.97,project_fact_productividad_export.csv,2026-06-23T00:00:00,3437
PD003438,20250501,A008,R005,L004,Día,743,731,10.14,7.01,3.12,project_fact_productividad_export.csv,2026-06-23T00:00:00,3438
PD003439,20250204,A003,R008,L007,Tarde,7389,6914,11.24,8.3,2.94,project_fact_productividad_export.csv,2026-06-23T00:00:00,3439
PD003440,20250306,A004,R009,L015,Noche,2470,2228,10.34,7.25,3.09,project_fact_productividad_export.csv,2026-06-23T00:00:00,3440
PD003441,20250202,A017,R020,L008,Día,54,47,11.09,7.65,3.44,project_fact_productividad_export.csv,2026-06-23T00:00:00,3441
PD003442,20250201,A016,R011,L008,Noche,119,103,8.75,6.93,1.83,project_fact_productividad_export.csv,2026-06-23T00:00:00,3442
PD003443,20250104,A016,R028,L002,Día,160,175,7.21,6.45,0.76,project_fact_productividad_export.csv,2026-06-23T00:00:00,3443
PD003444,20250620,A016,R001,L009,Noche,115,110,11.36,9.4,1.97,project_fact_productividad_export.csv,2026-06-23T00:00:00,3444
PD003445,20250512,A009,R024,L004,Día,4095,3150,10.29,7.52,2.76,project_fact_productividad_export.csv,2026-06-23T00:00:00,3445
PD003446,20250220,A004,R027,L007,Día,7152,6557,8.07,6.55,1.52,project_fact_productividad_export.csv,2026-06-23T00:00:00,3446
PD003447,20250102,A005,R015,L011,Noche,4117,4283,10.07,7.93,2.14,project_fact_productividad_export.csv,2026-06-23T00:00:00,3447
PD003448,20250329,A002,R023,L009,Día,51,46,9.38,7.81,1.57,project_fact_productividad_export.csv,2026-06-23T00:00:00,3448
PD003449,20250317,A011,R025,L013,Noche,238,206,6.28,5.61,0.67,project_fact_productividad_export.csv,2026-06-23T00:00:00,3449
PD003450,20250415,A012,R005,L013,Tarde,128,86,9.58,7.76,1.82,project_fact_productividad_export.csv,2026-06-23T00:00:00,3450
PD003451,20250628,A013,R005,L001,Día,64,55,8.53,7.56,0.98,project_fact_productividad_export.csv,2026-06-23T00:00:00,3451
PD003452,20250415,A017,R027,L010,Tarde,118,114,7.93,6.31,1.62,project_fact_productividad_export.csv,2026-06-23T00:00:00,3452
PD003453,20250310,A016,R017,L014,Tarde,149,145,11.9,10.6,1.3,project_fact_productividad_export.csv,2026-06-23T00:00:00,3453
PD003454,20250115,A007,R015,L016,Día,3619,2506,6.1,4.14,1.96,project_fact_productividad_export.csv,2026-06-23T00:00:00,3454
PD003455,20250131,A003,R008,L011,Día,6880,6300,6.23,5.61,0.63,project_fact_productividad_export.csv,2026-06-23T00:00:00,3455
PD003456,20250413,A006,R003,L016,Tarde,1629,1506,7.19,4.89,2.3,project_fact_productividad_export.csv,2026-06-23T00:00:00,3456
PD003457,20250306,A012,R001,L013,Día,51,47,6.47,5.05,1.43,project_fact_productividad_export.csv,2026-06-23T00:00:00,3457
PD003458,20250601,A010,R006,L001,Noche,4176,2392,9.69,6.53,3.15,project_fact_productividad_export.csv,2026-06-23T00:00:00,3458
PD003459,20250212,A001,R005,L007,Tarde,4839,4453,6.24,4.85,1.39,project_fact_productividad_export.csv,2026-06-23T00:00:00,3459
PD003460,20250408,A015,R005,L002,Tarde,141,150,9.09,7.81,1.28,project_fact_productividad_export.csv,2026-06-23T00:00:00,3460
PD003461,20250404,A011,R015,L007,Tarde,181,192,8.26,6.66,1.6,project_fact_productividad_export.csv,2026-06-23T00:00:00,3461
PD003462,20250419,A003,R009,L010,Día,2349,2333,7.53,6.47,1.06,project_fact_productividad_export.csv,2026-06-23T00:00:00,3462
PD003463,20250603,A008,R016,L010,Día,3984,3081,8.07,7.21,0.86,project_fact_productividad_export.csv,2026-06-23T00:00:00,3463
PD003464,20250322,A011,R012,L001,Tarde,76,79,6.58,5.35,1.23,project_fact_productividad_export.csv,2026-06-23T00:00:00,3464
PD003465,20250101,A007,R030,L008,Noche,1280,655,10.16,7.54,2.62,project_fact_productividad_export.csv,2026-06-23T00:00:00,3465
PD003466,20250214,A011,R029,L016,Día,33,36,7.25,5.82,1.42,project_fact_productividad_export.csv,2026-06-23T00:00:00,3466
PD003467,20250514,A003,R015,L017,Día,6008,6220,8.54,6.1,2.45,project_fact_productividad_export.csv,2026-06-23T00:00:00,3467
PD003468,20250314,A015,R009,L016,Tarde,249,258,11.63,9.87,1.76,project_fact_productividad_export.csv,2026-06-23T00:00:00,3468
PD003469,20250330,A006,R029,L009,Noche,1616,1521,6.92,5.26,1.66,project_fact_productividad_export.csv,2026-06-23T00:00:00,3469
PD003470,20250222,A005,R028,L014,Noche,604,611,10.11,8.2,1.91,project_fact_productividad_export.csv,2026-06-23T00:00:00,3470
PD003471,20250326,A003,R011,L004,Día,3337,3423,6.69,5.86,0.83,project_fact_productividad_export.csv,2026-06-23T00:00:00,3471
PD003472,20250127,A013,R015,L015,Noche,47,44,8.43,6.05,2.38,project_fact_productividad_export.csv,2026-06-23T00:00:00,3472
PD003473,20250421,A006,R019,L011,Día,2270,2426,10.18,8.63,1.56,project_fact_productividad_export.csv,2026-06-23T00:00:00,3473
PD003474,20250415,A013,R019,L003,Tarde,186,185,11.05,9.28,1.77,project_fact_productividad_export.csv,2026-06-23T00:00:00,3474
PD003475,20250125,A008,R002,L011,Día,3283,2991,9.9,7.09,2.81,project_fact_productividad_export.csv,2026-06-23T00:00:00,3475
PD003476,20250430,A002,R025,L015,Tarde,170,187,9.48,8.2,1.28,project_fact_productividad_export.csv,2026-06-23T00:00:00,3476
PD003477,20250218,A009,R006,L017,Noche,2242,1871,11.65,6.65,4.99,project_fact_productividad_export.csv,2026-06-23T00:00:00,3477
PD003478,20250629,A005,R023,L013,Tarde,2576,2628,10.6,9.68,0.91,project_fact_productividad_export.csv,2026-06-23T00:00:00,3478
PD003479,20250627,A012,R004,L002,Día,189,142,7.38,5.8,1.59,project_fact_productividad_export.csv,2026-06-23T00:00:00,3479
PD003480,20250307,A004,R025,L010,Día,5777,4722,9.18,6.84,2.34,project_fact_productividad_export.csv,2026-06-23T00:00:00,3480
PD003481,20250327,A009,R022,L014,Noche,1490,1036,6.8,5.84,0.96,project_fact_productividad_export.csv,2026-06-23T00:00:00,3481
PD003482,20250109,A012,R001,L001,Tarde,122,126,6.07,5.16,0.91,project_fact_productividad_export.csv,2026-06-23T00:00:00,3482
PD003483,20250201,A008,R008,L012,Noche,2667,2606,8.66,7.02,1.64,project_fact_productividad_export.csv,2026-06-23T00:00:00,3483
PD003484,20250521,A013,R024,L015,Noche,220,158,7.19,5.28,1.91,project_fact_productividad_export.csv,2026-06-23T00:00:00,3484
PD003485,20250504,A002,R005,L010,Día,227,237,11.87,9.08,2.79,project_fact_productividad_export.csv,2026-06-23T00:00:00,3485
PD003486,20250129,A003,R001,L006,Noche,2248,1948,10.64,7.64,3.0,project_fact_productividad_export.csv,2026-06-23T00:00:00,3486
PD003487,20250522,A006,R007,L011,Tarde,791,847,9.93,7.06,2.87,project_fact_productividad_export.csv,2026-06-23T00:00:00,3487
PD003488,20250311,A011,R007,L016,Noche,50,49,9.74,7.34,2.4,project_fact_productividad_export.csv,2026-06-23T00:00:00,3488
PD003489,20250614,A012,R023,L003,Tarde,167,125,10.67,7.7,2.97,project_fact_productividad_export.csv,2026-06-23T00:00:00,3489
PD003490,20250604,A006,R012,L016,Noche,2588,2250,8.51,7.78,0.74,project_fact_productividad_export.csv,2026-06-23T00:00:00,3490
PD003491,20250416,A006,R026,L012,Noche,1670,1632,9.63,6.72,2.91,project_fact_productividad_export.csv,2026-06-23T00:00:00,3491
PD003492,20250516,A015,R009,L013,Día,201,227,8.77,6.77,2.0,project_fact_productividad_export.csv,2026-06-23T00:00:00,3492
PD003493,20250127,A017,R005,L011,Noche,198,218,9.58,7.18,2.4,project_fact_productividad_export.csv,2026-06-23T00:00:00,3493
PD003494,20250521,A013,R010,L012,Noche,90,85,11.45,8.24,3.21,project_fact_productividad_export.csv,2026-06-23T00:00:00,3494
PD003495,20250619,A009,R011,L007,Día,1823,1224,6.58,4.13,2.45,project_fact_productividad_export.csv,2026-06-23T00:00:00,3495
PD003496,20250304,A004,R001,L016,Noche,2750,2679,6.16,4.96,1.2,project_fact_productividad_export.csv,2026-06-23T00:00:00,3496
PD003497,20250124,A014,R018,L017,Día,169,171,10.77,9.74,1.03,project_fact_productividad_export.csv,2026-06-23T00:00:00,3497
PD003498,20250430,A010,R003,L013,Tarde,2783,1960,11.47,6.85,4.61,project_fact_productividad_export.csv,2026-06-23T00:00:00,3498
PD003499,20250518,A013,R008,L007,Tarde,242,261,6.04,4.73,1.3,project_fact_productividad_export.csv,2026-06-23T00:00:00,3499
PD003500,20250320,A010,R014,L012,Tarde,1659,1128,11.7,9.46,2.24,project_fact_productividad_export.csv,2026-06-23T00:00:00,3500
PD003501,20250626,A005,R013,L008,Tarde,1281,1105,8.25,5.8,2.45,project_fact_productividad_export.csv,2026-06-23T00:00:00,3501
PD003502,20250417,A016,R025,L004,Día,196,208,10.47,7.48,2.99,project_fact_productividad_export.csv,2026-06-23T00:00:00,3502
PD003503,20250319,A013,R015,L010,Tarde,148,146,7.88,5.36,2.52,project_fact_productividad_export.csv,2026-06-23T00:00:00,3503
PD003504,20250618,A006,R019,L008,Noche,1319,1096,8.39,6.17,2.21,project_fact_productividad_export.csv,2026-06-23T00:00:00,3504
PD003505,20250526,A013,R029,L010,Día,34,31,7.64,6.53,1.11,project_fact_productividad_export.csv,2026-06-23T00:00:00,3505
PD003506,20250111,A015,R015,L009,Día,136,158,11.76,9.53,2.24,project_fact_productividad_export.csv,2026-06-23T00:00:00,3506
PD003507,20250324,A015,R030,L006,Tarde,79,85,8.67,7.66,1.0,project_fact_productividad_export.csv,2026-06-23T00:00:00,3507
PD003508,20250426,A003,R019,L009,Tarde,5135,4540,6.24,4.29,1.95,project_fact_productividad_export.csv,2026-06-23T00:00:00,3508
PD003509,20250531,A012,R014,L017,Día,202,251,6.3,4.36,1.93,project_fact_productividad_export.csv,2026-06-23T00:00:00,3509
PD003510,20250322,A014,R020,L005,Día,236,246,10.27,7.16,3.11,project_fact_productividad_export.csv,2026-06-23T00:00:00,3510
PD003511,20250618,A001,R014,L005,Noche,7866,6237,9.31,7.23,2.07,project_fact_productividad_export.csv,2026-06-23T00:00:00,3511
PD003512,20250606,A012,R017,L008,Noche,98,91,11.88,10.7,1.18,project_fact_productividad_export.csv,2026-06-23T00:00:00,3512
PD003513,20250225,A001,R002,L014,Tarde,4501,3353,6.15,4.46,1.69,project_fact_productividad_export.csv,2026-06-23T00:00:00,3513
PD003514,20250115,A014,R019,L003,Noche,91,69,10.04,7.99,2.05,project_fact_productividad_export.csv,2026-06-23T00:00:00,3514
PD003515,20250106,A014,R013,L011,Noche,179,160,6.14,5.23,0.91,project_fact_productividad_export.csv,2026-06-23T00:00:00,3515
PD003516,20250629,A012,R013,L004,Día,239,215,9.31,7.94,1.36,project_fact_productividad_export.csv,2026-06-23T00:00:00,3516
PD003517,20250623,A005,R011,L005,Noche,2539,2620,9.36,8.21,1.15,project_fact_productividad_export.csv,2026-06-23T00:00:00,3517
PD003518,20250211,A016,R025,L011,Tarde,170,145,9.9,8.06,1.84,project_fact_productividad_export.csv,2026-06-23T00:00:00,3518
PD003519,20250601,A007,R016,L002,Noche,1897,1306,11.9,6.97,4.93,project_fact_productividad_export.csv,2026-06-23T00:00:00,3519
PD003520,20250417,A011,R003,L015,Noche,51,44,6.37,5.21,1.15,project_fact_productividad_export.csv,2026-06-23T00:00:00,3520
PD003521,20250109,A016,R025,L001,Noche,137,136,11.58,9.05,2.54,project_fact_productividad_export.csv,2026-06-23T00:00:00,3521
PD003522,20250215,A006,R023,L006,Día,2043,1906,6.81,6.14,0.68,project_fact_productividad_export.csv,2026-06-23T00:00:00,3522
PD003523,20250607,A011,R020,L015,Día,206,224,11.63,9.85,1.78,project_fact_productividad_export.csv,2026-06-23T00:00:00,3523
PD003524,20250509,A005,R027,L002,Tarde,1658,1724,10.02,8.73,1.29,project_fact_productividad_export.csv,2026-06-23T00:00:00,3524
PD003525,20250508,A017,R007,L007,Tarde,53,48,8.2,5.58,2.62,project_fact_productividad_export.csv,2026-06-23T00:00:00,3525
PD003526,20250218,A005,R026,L006,Noche,3263,2931,11.62,10.14,1.48,project_fact_productividad_export.csv,2026-06-23T00:00:00,3526
PD003527,20250508,A005,R021,L017,Día,681,626,10.9,8.75,2.15,project_fact_productividad_export.csv,2026-06-23T00:00:00,3527
PD003528,20250424,A010,R017,L017,Tarde,2035,1906,8.15,5.04,3.12,project_fact_productividad_export.csv,2026-06-23T00:00:00,3528
PD003529,20250524,A003,R013,L008,Tarde,6756,6243,9.48,6.46,3.02,project_fact_productividad_export.csv,2026-06-23T00:00:00,3529
PD003530,20250614,A002,R008,L003,Noche,244,262,8.11,6.63,1.49,project_fact_productividad_export.csv,2026-06-23T00:00:00,3530
PD003531,20250603,A010,R021,L003,Noche,4113,2166,6.59,4.07,2.53,project_fact_productividad_export.csv,2026-06-23T00:00:00,3531
PD003532,20250126,A015,R016,L002,Tarde,225,170,6.68,6.13,0.56,project_fact_productividad_export.csv,2026-06-23T00:00:00,3532
PD003533,20250528,A016,R010,L005,Día,115,119,7.32,6.09,1.23,project_fact_productividad_export.csv,2026-06-23T00:00:00,3533
PD003534,20250602,A014,R002,L004,Noche,87,89,8.81,7.76,1.05,project_fact_productividad_export.csv,2026-06-23T00:00:00,3534
PD003535,20250624,A005,R007,L001,Día,4001,3139,7.04,5.37,1.67,project_fact_productividad_export.csv,2026-06-23T00:00:00,3535
PD003536,20250123,A011,R030,L012,Tarde,227,237,8.5,6.24,2.26,project_fact_productividad_export.csv,2026-06-23T00:00:00,3536
PD003537,20250420,A010,R017,L001,Día,1200,782,9.42,5.55,3.87,project_fact_productividad_export.csv,2026-06-23T00:00:00,3537
PD003538,20250120,A005,R030,L008,Noche,1354,1140,8.37,7.14,1.24,project_fact_productividad_export.csv,2026-06-23T00:00:00,3538
PD003539,20250315,A011,R019,L004,Tarde,118,126,8.33,6.37,1.96,project_fact_productividad_export.csv,2026-06-23T00:00:00,3539
PD003540,20250102,A011,R016,L017,Tarde,224,197,7.78,7.06,0.71,project_fact_productividad_export.csv,2026-06-23T00:00:00,3540
PD003541,20250226,A014,R025,L013,Día,42,50,8.05,6.06,1.98,project_fact_productividad_export.csv,2026-06-23T00:00:00,3541
PD003542,20250201,A010,R003,L016,Tarde,4002,3090,9.4,6.03,3.37,project_fact_productividad_export.csv,2026-06-23T00:00:00,3542
PD003543,20250201,A015,R026,L015,Día,244,245,10.08,7.32,2.76,project_fact_productividad_export.csv,2026-06-23T00:00:00,3543
PD003544,20250619,A014,R028,L011,Noche,113,118,11.03,8.85,2.19,project_fact_productividad_export.csv,2026-06-23T00:00:00,3544
PD003545,20250430,A003,R015,L003,Tarde,6474,5147,8.01,6.07,1.95,project_fact_productividad_export.csv,2026-06-23T00:00:00,3545
PD003546,20250328,A011,R019,L006,Noche,55,42,7.79,5.93,1.86,project_fact_productividad_export.csv,2026-06-23T00:00:00,3546
PD003547,20250429,A010,R007,L016,Noche,3123,1757,9.08,7.56,1.52,project_fact_productividad_export.csv,2026-06-23T00:00:00,3547
PD003548,20250127,A005,R011,L002,Día,4116,3976,8.34,6.15,2.19,project_fact_productividad_export.csv,2026-06-23T00:00:00,3548
PD003549,20250225,A003,R016,L005,Día,3182,3005,6.19,4.59,1.6,project_fact_productividad_export.csv,2026-06-23T00:00:00,3549
PD003550,20250131,A015,R023,L009,Noche,147,170,11.5,9.76,1.74,project_fact_productividad_export.csv,2026-06-23T00:00:00,3550
PD003551,20250426,A012,R003,L009,Día,50,50,8.9,6.65,2.25,project_fact_productividad_export.csv,2026-06-23T00:00:00,3551
PD003552,20250225,A001,R015,L017,Noche,8324,7674,6.63,5.01,1.62,project_fact_productividad_export.csv,2026-06-23T00:00:00,3552
PD003553,20250613,A010,R021,L004,Tarde,4166,3734,8.11,5.45,2.66,project_fact_productividad_export.csv,2026-06-23T00:00:00,3553
PD003554,20250225,A012,R006,L002,Día,92,83,7.23,5.17,2.05,project_fact_productividad_export.csv,2026-06-23T00:00:00,3554
PD003555,20250105,A012,R017,L015,Noche,49,67,6.95,5.7,1.25,project_fact_productividad_export.csv,2026-06-23T00:00:00,3555
PD003556,20250216,A005,R029,L011,Noche,3013,3376,8.64,6.8,1.83,project_fact_productividad_export.csv,2026-06-23T00:00:00,3556
PD003557,20250626,A003,R021,L003,Tarde,6267,5956,11.49,9.63,1.85,project_fact_productividad_export.csv,2026-06-23T00:00:00,3557
PD003558,20250614,A001,R001,L001,Tarde,6370,5732,8.98,7.88,1.1,project_fact_productividad_export.csv,2026-06-23T00:00:00,3558
PD003559,20250510,A006,R011,L009,Tarde,4018,3435,11.93,9.55,2.39,project_fact_productividad_export.csv,2026-06-23T00:00:00,3559
PD003560,20250310,A009,R004,L013,Tarde,929,798,10.13,7.87,2.27,project_fact_productividad_export.csv,2026-06-23T00:00:00,3560
PD003561,20250429,A004,R006,L002,Noche,2231,2249,11.95,9.01,2.94,project_fact_productividad_export.csv,2026-06-23T00:00:00,3561
PD003562,20250602,A002,R016,L001,Tarde,199,163,8.15,7.07,1.08,project_fact_productividad_export.csv,2026-06-23T00:00:00,3562
PD003563,20250526,A011,R030,L004,Tarde,48,48,10.42,8.89,1.52,project_fact_productividad_export.csv,2026-06-23T00:00:00,3563
PD003564,20250322,A004,R002,L008,Noche,2424,2540,10.79,7.96,2.83,project_fact_productividad_export.csv,2026-06-23T00:00:00,3564
PD003565,20250626,A013,R019,L010,Tarde,98,83,6.05,4.82,1.23,project_fact_productividad_export.csv,2026-06-23T00:00:00,3565
PD003566,20250223,A005,R028,L017,Noche,3482,2752,10.89,8.43,2.46,project_fact_productividad_export.csv,2026-06-23T00:00:00,3566
PD003567,20250212,A015,R019,L002,Tarde,161,138,6.52,5.48,1.04,project_fact_productividad_export.csv,2026-06-23T00:00:00,3567
PD003568,20250514,A001,R021,L011,Noche,2575,2469,8.57,7.05,1.52,project_fact_productividad_export.csv,2026-06-23T00:00:00,3568
PD003569,20250524,A014,R006,L003,Día,107,127,10.98,9.5,1.48,project_fact_productividad_export.csv,2026-06-23T00:00:00,3569
PD003570,20250521,A011,R002,L009,Noche,37,39,10.99,7.6,3.39,project_fact_productividad_export.csv,2026-06-23T00:00:00,3570
PD003571,20250219,A007,R012,L010,Tarde,3672,2860,10.06,7.29,2.76,project_fact_productividad_export.csv,2026-06-23T00:00:00,3571
PD003572,20250608,A010,R014,L006,Tarde,2455,1794,11.14,8.41,2.73,project_fact_productividad_export.csv,2026-06-23T00:00:00,3572
PD003573,20250412,A016,R010,L002,Día,135,121,10.6,7.92,2.68,project_fact_productividad_export.csv,2026-06-23T00:00:00,3573
PD003574,20250521,A014,R010,L003,Noche,44,50,6.01,4.92,1.09,project_fact_productividad_export.csv,2026-06-23T00:00:00,3574
PD003575,20250506,A011,R002,L003,Día,127,117,8.9,7.17,1.73,project_fact_productividad_export.csv,2026-06-23T00:00:00,3575
PD003576,20250302,A017,R005,L005,Noche,121,135,8.7,5.95,2.75,project_fact_productividad_export.csv,2026-06-23T00:00:00,3576
PD003577,20250418,A008,R020,L001,Día,3310,2692,9.32,8.12,1.2,project_fact_productividad_export.csv,2026-06-23T00:00:00,3577
PD003578,20250415,A005,R020,L012,Noche,2622,2602,8.54,6.48,2.05,project_fact_productividad_export.csv,2026-06-23T00:00:00,3578
PD003579,20250113,A012,R007,L008,Día,231,228,7.27,5.47,1.8,project_fact_productividad_export.csv,2026-06-23T00:00:00,3579
PD003580,20250407,A008,R012,L013,Día,2341,2279,7.67,5.72,1.96,project_fact_productividad_export.csv,2026-06-23T00:00:00,3580
PD003581,20250213,A008,R008,L003,Tarde,1784,2022,9.46,7.96,1.5,project_fact_productividad_export.csv,2026-06-23T00:00:00,3581
PD003582,20250414,A001,R025,L007,Noche,3004,2999,8.78,7.46,1.32,project_fact_productividad_export.csv,2026-06-23T00:00:00,3582
PD003583,20250220,A009,R026,L001,Noche,605,356,10.19,8.06,2.13,project_fact_productividad_export.csv,2026-06-23T00:00:00,3583
PD003584,20250303,A009,R030,L002,Noche,4091,2763,6.41,3.96,2.45,project_fact_productividad_export.csv,2026-06-23T00:00:00,3584
PD003585,20250522,A002,R009,L012,Tarde,139,116,11.95,9.77,2.18,project_fact_productividad_export.csv,2026-06-23T00:00:00,3585
PD003586,20250608,A016,R018,L004,Noche,25,23,9.39,8.36,1.03,project_fact_productividad_export.csv,2026-06-23T00:00:00,3586
PD003587,20250130,A002,R011,L003,Día,204,225,6.57,4.88,1.69,project_fact_productividad_export.csv,2026-06-23T00:00:00,3587
PD003588,20250614,A005,R002,L013,Tarde,2677,2873,11.49,8.85,2.64,project_fact_productividad_export.csv,2026-06-23T00:00:00,3588
PD003589,20250408,A008,R010,L008,Día,2650,2201,6.99,6.2,0.79,project_fact_productividad_export.csv,2026-06-23T00:00:00,3589
PD003590,20250225,A015,R020,L003,Tarde,54,47,9.07,7.73,1.34,project_fact_productividad_export.csv,2026-06-23T00:00:00,3590
PD003591,20250507,A010,R028,L005,Tarde,1168,948,6.63,3.95,2.68,project_fact_productividad_export.csv,2026-06-23T00:00:00,3591
PD003592,20250524,A001,R019,L002,Noche,7861,6817,6.62,5.67,0.95,project_fact_productividad_export.csv,2026-06-23T00:00:00,3592
PD003593,20250522,A012,R007,L005,Noche,55,58,9.06,8.06,1.0,project_fact_productividad_export.csv,2026-06-23T00:00:00,3593
PD003594,20250426,A002,R018,L008,Noche,37,35,11.11,8.96,2.15,project_fact_productividad_export.csv,2026-06-23T00:00:00,3594
PD003595,20250506,A003,R019,L003,Tarde,8494,6604,8.41,7.62,0.79,project_fact_productividad_export.csv,2026-06-23T00:00:00,3595
PD003596,20250217,A005,R018,L001,Día,3773,3592,6.76,5.67,1.09,project_fact_productividad_export.csv,2026-06-23T00:00:00,3596
PD003597,20250212,A015,R028,L012,Noche,34,36,10.19,9.28,0.9,project_fact_productividad_export.csv,2026-06-23T00:00:00,3597
PD003598,20250302,A011,R017,L011,Día,237,208,11.47,8.63,2.84,project_fact_productividad_export.csv,2026-06-23T00:00:00,3598
PD003599,20250609,A008,R026,L015,Noche,2856,2432,10.82,9.78,1.04,project_fact_productividad_export.csv,2026-06-23T00:00:00,3599
PD003600,20250520,A004,R001,L012,Noche,2257,2463,6.39,5.0,1.39,project_fact_productividad_export.csv,2026-06-23T00:00:00,3600
PD003601,20250608,A013,R013,L003,Noche,168,170,6.81,5.48,1.33,project_fact_productividad_export.csv,2026-06-23T00:00:00,3601
PD003602,20250305,A016,R008,L001,Día,140,147,9.75,7.0,2.76,project_fact_productividad_export.csv,2026-06-23T00:00:00,3602
PD003603,20250315,A014,R014,L012,Tarde,179,194,8.1,6.09,2.01,project_fact_productividad_export.csv,2026-06-23T00:00:00,3603
PD003604,20250421,A003,R014,L007,Noche,3007,3324,6.09,5.31,0.79,project_fact_productividad_export.csv,2026-06-23T00:00:00,3604
PD003605,20250127,A012,R015,L004,Día,188,182,6.96,5.73,1.23,project_fact_productividad_export.csv,2026-06-23T00:00:00,3605
PD003606,20250221,A015,R021,L010,Día,71,62,7.85,5.76,2.09,project_fact_productividad_export.csv,2026-06-23T00:00:00,3606
PD003607,20250112,A005,R018,L017,Tarde,1139,1182,7.56,6.03,1.53,project_fact_productividad_export.csv,2026-06-23T00:00:00,3607
PD003608,20250610,A016,R020,L017,Noche,242,252,6.71,5.36,1.36,project_fact_productividad_export.csv,2026-06-23T00:00:00,3608
PD003609,20250507,A001,R029,L004,Noche,7296,7730,8.59,7.26,1.32,project_fact_productividad_export.csv,2026-06-23T00:00:00,3609
PD003610,20250127,A003,R012,L014,Día,4134,5103,10.89,8.77,2.12,project_fact_productividad_export.csv,2026-06-23T00:00:00,3610
PD003611,20250503,A004,R013,L007,Tarde,7955,6619,6.74,5.31,1.42,project_fact_productividad_export.csv,2026-06-23T00:00:00,3611
PD003612,20250320,A008,R019,L009,Día,1267,1402,9.86,6.76,3.11,project_fact_productividad_export.csv,2026-06-23T00:00:00,3612
PD003613,20250203,A011,R009,L012,Día,195,206,7.85,5.53,2.33,project_fact_productividad_export.csv,2026-06-23T00:00:00,3613
PD003614,20250101,A012,R008,L009,Día,161,161,10.43,7.56,2.87,project_fact_productividad_export.csv,2026-06-23T00:00:00,3614
PD003615,20250504,A008,R019,L003,Tarde,4156,4009,9.19,7.37,1.82,project_fact_productividad_export.csv,2026-06-23T00:00:00,3615
PD003616,20250105,A004,R005,L010,Noche,5734,4183,8.79,6.78,2.01,project_fact_productividad_export.csv,2026-06-23T00:00:00,3616
PD003617,20250427,A015,R003,L002,Día,199,178,6.75,5.94,0.81,project_fact_productividad_export.csv,2026-06-23T00:00:00,3617
PD003618,20250511,A012,R021,L010,Tarde,200,217,7.61,6.99,0.62,project_fact_productividad_export.csv,2026-06-23T00:00:00,3618
PD003619,20250227,A015,R007,L013,Tarde,184,197,11.41,8.71,2.7,project_fact_productividad_export.csv,2026-06-23T00:00:00,3619
PD003620,20250324,A010,R002,L002,Noche,3157,2324,9.62,6.78,2.84,project_fact_productividad_export.csv,2026-06-23T00:00:00,3620
PD003621,20250331,A014,R010,L006,Noche,169,168,11.58,8.89,2.68,project_fact_productividad_export.csv,2026-06-23T00:00:00,3621
PD003622,20250518,A012,R001,L001,Noche,86,95,8.23,6.85,1.38,project_fact_productividad_export.csv,2026-06-23T00:00:00,3622
PD003623,20250404,A003,R022,L014,Tarde,6531,6212,11.69,8.18,3.51,project_fact_productividad_export.csv,2026-06-23T00:00:00,3623
PD003624,20250421,A009,R014,L015,Día,3453,2457,6.89,4.57,2.33,project_fact_productividad_export.csv,2026-06-23T00:00:00,3624
PD003625,20250409,A014,R012,L017,Día,250,247,11.22,9.0,2.22,project_fact_productividad_export.csv,2026-06-23T00:00:00,3625
PD003626,20250603,A003,R011,L010,Noche,6023,5644,7.28,6.38,0.9,project_fact_productividad_export.csv,2026-06-23T00:00:00,3626
PD003627,20250408,A010,R019,L017,Tarde,2477,1766,10.29,8.75,1.54,project_fact_productividad_export.csv,2026-06-23T00:00:00,3627
PD003628,20250527,A017,R017,L015,Día,112,104,9.41,6.5,2.91,project_fact_productividad_export.csv,2026-06-23T00:00:00,3628
PD003629,20250212,A011,R016,L003,Tarde,188,189,11.54,10.3,1.24,project_fact_productividad_export.csv,2026-06-23T00:00:00,3629
PD003630,20250103,A009,R006,L013,Noche,3804,2281,11.8,8.61,3.19,project_fact_productividad_export.csv,2026-06-23T00:00:00,3630
PD003631,20250409,A005,R017,L006,Noche,1446,1355,7.99,7.14,0.85,project_fact_productividad_export.csv,2026-06-23T00:00:00,3631
PD003632,20250607,A013,R007,L012,Tarde,145,177,9.82,7.08,2.74,project_fact_productividad_export.csv,2026-06-23T00:00:00,3632
PD003633,20250404,A003,R022,L008,Tarde,4000,3160,9.27,6.7,2.57,project_fact_productividad_export.csv,2026-06-23T00:00:00,3633
PD003634,20250208,A014,R006,L011,Día,176,164,6.34,5.2,1.15,project_fact_productividad_export.csv,2026-06-23T00:00:00,3634
PD003635,20250207,A004,R023,L010,Día,5944,5512,11.38,8.87,2.51,project_fact_productividad_export.csv,2026-06-23T00:00:00,3635
PD003636,20250322,A001,R014,L009,Noche,7954,8219,11.33,10.13,1.2,project_fact_productividad_export.csv,2026-06-23T00:00:00,3636
PD003637,20250430,A008,R030,L001,Tarde,1115,1054,9.9,8.71,1.19,project_fact_productividad_export.csv,2026-06-23T00:00:00,3637
PD003638,20250207,A015,R017,L011,Día,155,172,9.59,7.04,2.55,project_fact_productividad_export.csv,2026-06-23T00:00:00,3638
PD003639,20250427,A002,R019,L003,Tarde,224,232,7.42,5.71,1.71,project_fact_productividad_export.csv,2026-06-23T00:00:00,3639
PD003640,20250320,A004,R028,L003,Noche,5486,5030,6.37,5.76,0.61,project_fact_productividad_export.csv,2026-06-23T00:00:00,3640
PD003641,20250108,A001,R024,L009,Día,7442,6782,9.49,8.4,1.09,project_fact_productividad_export.csv,2026-06-23T00:00:00,3641
PD003642,20250112,A009,R008,L002,Día,3620,2962,6.7,4.78,1.92,project_fact_productividad_export.csv,2026-06-23T00:00:00,3642
PD003643,20250421,A013,R010,L017,Tarde,130,128,9.69,8.7,0.99,project_fact_productividad_export.csv,2026-06-23T00:00:00,3643
PD003644,20250220,A014,R027,L007,Noche,255,221,9.01,7.88,1.13,project_fact_productividad_export.csv,2026-06-23T00:00:00,3644
PD003645,20250424,A011,R027,L017,Noche,112,102,11.63,10.22,1.41,project_fact_productividad_export.csv,2026-06-23T00:00:00,3645
PD003646,20250305,A014,R015,L004,Día,216,243,6.83,5.14,1.69,project_fact_productividad_export.csv,2026-06-23T00:00:00,3646
PD003647,20250428,A011,R028,L005,Día,109,125,8.66,6.48,2.19,project_fact_productividad_export.csv,2026-06-23T00:00:00,3647
PD003648,20250407,A010,R011,L011,Día,2951,2651,10.4,7.03,3.37,project_fact_productividad_export.csv,2026-06-23T00:00:00,3648
PD003649,20250122,A008,R017,L007,Día,2145,2000,8.39,7.34,1.05,project_fact_productividad_export.csv,2026-06-23T00:00:00,3649
PD003650,20250621,A009,R030,L001,Día,884,699,7.17,5.69,1.49,project_fact_productividad_export.csv,2026-06-23T00:00:00,3650
PD003651,20250612,A013,R013,L008,Noche,225,210,11.78,9.57,2.21,project_fact_productividad_export.csv,2026-06-23T00:00:00,3651
PD003652,20250626,A011,R013,L011,Día,76,77,7.23,5.54,1.68,project_fact_productividad_export.csv,2026-06-23T00:00:00,3652
PD003653,20250626,A006,R002,L012,Noche,1159,1153,6.02,4.69,1.32,project_fact_productividad_export.csv,2026-06-23T00:00:00,3653
PD003654,20250117,A005,R001,L012,Noche,3046,3285,11.3,9.73,1.58,project_fact_productividad_export.csv,2026-06-23T00:00:00,3654
PD003655,20250621,A010,R008,L007,Tarde,2016,1676,9.65,7.92,1.73,project_fact_productividad_export.csv,2026-06-23T00:00:00,3655
PD003656,20250429,A013,R010,L003,Día,79,73,9.35,6.94,2.41,project_fact_productividad_export.csv,2026-06-23T00:00:00,3656
PD003657,20250124,A011,R016,L006,Tarde,248,239,6.94,5.22,1.72,project_fact_productividad_export.csv,2026-06-23T00:00:00,3657
PD003658,20250510,A004,R023,L008,Tarde,4575,4112,8.63,6.96,1.67,project_fact_productividad_export.csv,2026-06-23T00:00:00,3658
PD003659,20250420,A014,R008,L012,Día,240,272,8.42,6.57,1.85,project_fact_productividad_export.csv,2026-06-23T00:00:00,3659
PD003660,20250526,A008,R008,L013,Noche,845,755,9.23,8.44,0.79,project_fact_productividad_export.csv,2026-06-23T00:00:00,3660
PD003661,20250411,A013,R030,L001,Tarde,172,190,11.09,9.24,1.85,project_fact_productividad_export.csv,2026-06-23T00:00:00,3661
PD003662,20250322,A004,R013,L010,Noche,3598,4491,9.56,8.05,1.51,project_fact_productividad_export.csv,2026-06-23T00:00:00,3662
PD003663,20250630,A005,R026,L012,Noche,777,733,10.92,8.59,2.33,project_fact_productividad_export.csv,2026-06-23T00:00:00,3663
PD003664,20250312,A002,R022,L006,Noche,225,227,10.37,7.85,2.53,project_fact_productividad_export.csv,2026-06-23T00:00:00,3664
PD003665,20250630,A004,R006,L002,Noche,5873,6383,6.08,5.57,0.51,project_fact_productividad_export.csv,2026-06-23T00:00:00,3665
PD003666,20250621,A010,R001,L011,Tarde,1296,1105,11.25,9.25,2.0,project_fact_productividad_export.csv,2026-06-23T00:00:00,3666
PD003667,20250105,A003,R017,L015,Noche,6797,6631,10.07,9.0,1.06,project_fact_productividad_export.csv,2026-06-23T00:00:00,3667
PD003668,20250330,A007,R019,L003,Día,3559,2866,6.87,5.64,1.23,project_fact_productividad_export.csv,2026-06-23T00:00:00,3668
PD003669,20250330,A005,R006,L001,Noche,3193,3081,8.77,6.88,1.9,project_fact_productividad_export.csv,2026-06-23T00:00:00,3669
PD003670,20250424,A005,R021,L004,Tarde,1612,1912,11.3,9.23,2.07,project_fact_productividad_export.csv,2026-06-23T00:00:00,3670
PD003671,20250122,A008,R021,L003,Tarde,1886,2092,6.97,5.15,1.82,project_fact_productividad_export.csv,2026-06-23T00:00:00,3671
PD003672,20250529,A016,R007,L003,Noche,223,256,11.28,9.81,1.46,project_fact_productividad_export.csv,2026-06-23T00:00:00,3672
PD003673,20250620,A015,R005,L004,Noche,99,97,8.84,6.08,2.77,project_fact_productividad_export.csv,2026-06-23T00:00:00,3673
PD003674,20250504,A002,R010,L007,Tarde,201,170,8.19,6.87,1.32,project_fact_productividad_export.csv,2026-06-23T00:00:00,3674
PD003675,20250314,A013,R015,L012,Día,100,96,6.67,4.58,2.09,project_fact_productividad_export.csv,2026-06-23T00:00:00,3675
PD003676,20250427,A009,R021,L012,Tarde,3774,2901,11.35,6.5,4.85,project_fact_productividad_export.csv,2026-06-23T00:00:00,3676
PD003677,20250506,A005,R011,L009,Noche,2810,2784,8.21,6.6,1.61,project_fact_productividad_export.csv,2026-06-23T00:00:00,3677
PD003678,20250603,A002,R026,L010,Día,108,116,7.99,7.16,0.83,project_fact_productividad_export.csv,2026-06-23T00:00:00,3678
PD003679,20250201,A012,R014,L004,Noche,103,113,8.38,7.28,1.1,project_fact_productividad_export.csv,2026-06-23T00:00:00,3679
PD003680,20250610,A006,R017,L006,Tarde,2431,2577,10.15,7.64,2.51,project_fact_productividad_export.csv,2026-06-23T00:00:00,3680
PD003681,20250427,A007,R009,L017,Tarde,3314,2473,10.85,7.73,3.12,project_fact_productividad_export.csv,2026-06-23T00:00:00,3681
PD003682,20250201,A004,R008,L004,Día,4623,3941,8.49,6.58,1.91,project_fact_productividad_export.csv,2026-06-23T00:00:00,3682
PD003683,20250629,A012,R011,L008,Noche,172,166,8.1,6.63,1.47,project_fact_productividad_export.csv,2026-06-23T00:00:00,3683
PD003684,20250218,A004,R019,L012,Noche,5622,6297,8.34,5.91,2.43,project_fact_productividad_export.csv,2026-06-23T00:00:00,3684
PD003685,20250415,A017,R026,L008,Noche,133,117,9.65,7.86,1.79,project_fact_productividad_export.csv,2026-06-23T00:00:00,3685
PD003686,20250426,A006,R010,L008,Noche,1213,1136,8.52,7.22,1.3,project_fact_productividad_export.csv,2026-06-23T00:00:00,3686
PD003687,20250505,A012,R024,L001,Día,81,78,9.68,7.9,1.78,project_fact_productividad_export.csv,2026-06-23T00:00:00,3687
PD003688,20250601,A005,R029,L007,Día,4061,4266,10.51,8.59,1.92,project_fact_productividad_export.csv,2026-06-23T00:00:00,3688
PD003689,20250605,A016,R002,L015,Día,62,54,8.88,7.61,1.27,project_fact_productividad_export.csv,2026-06-23T00:00:00,3689
PD003690,20250201,A003,R025,L009,Día,3064,2979,11.39,9.43,1.97,project_fact_productividad_export.csv,2026-06-23T00:00:00,3690
PD003691,20250320,A001,R007,L008,Tarde,4641,3890,7.82,5.35,2.46,project_fact_productividad_export.csv,2026-06-23T00:00:00,3691
PD003692,20250622,A004,R012,L004,Noche,4377,4196,10.02,7.03,2.99,project_fact_productividad_export.csv,2026-06-23T00:00:00,3692
PD003693,20250613,A017,R018,L009,Noche,140,113,6.15,4.31,1.84,project_fact_productividad_export.csv,2026-06-23T00:00:00,3693
PD003694,20250131,A010,R012,L008,Noche,3015,2496,10.95,9.5,1.45,project_fact_productividad_export.csv,2026-06-23T00:00:00,3694
PD003695,20250519,A017,R013,L014,Día,165,194,8.23,6.78,1.45,project_fact_productividad_export.csv,2026-06-23T00:00:00,3695
PD003696,20250413,A002,R002,L007,Noche,60,56,8.22,6.36,1.86,project_fact_productividad_export.csv,2026-06-23T00:00:00,3696
PD003697,20250618,A004,R014,L001,Día,5513,6303,9.49,6.71,2.78,project_fact_productividad_export.csv,2026-06-23T00:00:00,3697
PD003698,20250315,A009,R030,L007,Tarde,1920,1856,10.86,8.46,2.4,project_fact_productividad_export.csv,2026-06-23T00:00:00,3698
PD003699,20250209,A004,R021,L016,Tarde,5998,5450,10.55,7.39,3.16,project_fact_productividad_export.csv,2026-06-23T00:00:00,3699
PD003700,20250327,A006,R009,L012,Noche,2470,2310,7.27,5.6,1.67,project_fact_productividad_export.csv,2026-06-23T00:00:00,3700
PD003701,20250207,A017,R002,L017,Noche,110,104,8.0,6.28,1.72,project_fact_productividad_export.csv,2026-06-23T00:00:00,3701
PD003702,20250109,A003,R021,L007,Noche,7962,7210,10.31,8.35,1.96,project_fact_productividad_export.csv,2026-06-23T00:00:00,3702
PD003703,20250303,A003,R014,L004,Día,6951,7053,7.67,5.62,2.05,project_fact_productividad_export.csv,2026-06-23T00:00:00,3703
PD003704,20250317,A008,R019,L014,Tarde,3089,2979,7.44,6.71,0.73,project_fact_productividad_export.csv,2026-06-23T00:00:00,3704
PD003705,20250215,A012,R016,L012,Noche,208,224,7.91,6.22,1.69,project_fact_productividad_export.csv,2026-06-23T00:00:00,3705
PD003706,20250513,A010,R012,L005,Día,3934,2931,9.2,5.96,3.24,project_fact_productividad_export.csv,2026-06-23T00:00:00,3706
PD003707,20250304,A006,R003,L017,Noche,1938,1718,7.46,6.05,1.41,project_fact_productividad_export.csv,2026-06-23T00:00:00,3707
PD003708,20250206,A017,R009,L017,Tarde,215,196,10.68,8.45,2.23,project_fact_productividad_export.csv,2026-06-23T00:00:00,3708
PD003709,20250329,A016,R027,L015,Tarde,109,95,10.36,9.52,0.84,project_fact_productividad_export.csv,2026-06-23T00:00:00,3709
PD003710,20250527,A011,R023,L016,Día,130,121,11.15,10.09,1.06,project_fact_productividad_export.csv,2026-06-23T00:00:00,3710
PD003711,20250302,A013,R019,L001,Tarde,228,219,8.07,6.02,2.05,project_fact_productividad_export.csv,2026-06-23T00:00:00,3711
PD003712,20250611,A007,R025,L001,Día,1742,1429,11.81,9.15,2.66,project_fact_productividad_export.csv,2026-06-23T00:00:00,3712
PD003713,20250123,A008,R026,L014,Día,1720,1476,8.77,6.62,2.15,project_fact_productividad_export.csv,2026-06-23T00:00:00,3713
PD003714,20250517,A016,R026,L013,Día,162,166,8.42,6.43,1.99,project_fact_productividad_export.csv,2026-06-23T00:00:00,3714
PD003715,20250225,A017,R003,L007,Día,251,209,8.07,6.0,2.07,project_fact_productividad_export.csv,2026-06-23T00:00:00,3715
PD003716,20250509,A008,R009,L011,Tarde,1556,1623,9.36,7.25,2.11,project_fact_productividad_export.csv,2026-06-23T00:00:00,3716
PD003717,20250507,A005,R012,L005,Tarde,1692,1431,7.89,5.75,2.14,project_fact_productividad_export.csv,2026-06-23T00:00:00,3717
PD003718,20250205,A011,R024,L017,Día,164,138,6.32,4.69,1.63,project_fact_productividad_export.csv,2026-06-23T00:00:00,3718
PD003719,20250220,A006,R005,L017,Día,3648,3081,9.6,8.32,1.28,project_fact_productividad_export.csv,2026-06-23T00:00:00,3719
PD003720,20250423,A011,R003,L005,Día,150,163,7.97,5.98,1.99,project_fact_productividad_export.csv,2026-06-23T00:00:00,3720
PD003721,20250529,A004,R009,L013,Noche,3598,2824,10.39,8.74,1.65,project_fact_productividad_export.csv,2026-06-23T00:00:00,3721
PD003722,20250407,A013,R022,L005,Día,168,120,9.43,8.06,1.38,project_fact_productividad_export.csv,2026-06-23T00:00:00,3722
PD003723,20250415,A007,R014,L011,Tarde,824,722,6.91,4.53,2.38,project_fact_productividad_export.csv,2026-06-23T00:00:00,3723
PD003724,20250521,A004,R022,L004,Tarde,4474,4277,6.79,4.67,2.13,project_fact_productividad_export.csv,2026-06-23T00:00:00,3724
PD003725,20250327,A003,R011,L017,Día,7135,5745,11.61,9.29,2.32,project_fact_productividad_export.csv,2026-06-23T00:00:00,3725
PD003726,20250613,A016,R011,L017,Tarde,191,201,10.79,7.55,3.24,project_fact_productividad_export.csv,2026-06-23T00:00:00,3726
PD003727,20250407,A017,R001,L016,Día,41,29,9.91,7.49,2.42,project_fact_productividad_export.csv,2026-06-23T00:00:00,3727
PD003728,20250220,A006,R027,L004,Tarde,1221,999,9.12,8.26,0.86,project_fact_productividad_export.csv,2026-06-23T00:00:00,3728
PD003729,20250430,A002,R025,L005,Noche,230,257,11.37,10.2,1.17,project_fact_productividad_export.csv,2026-06-23T00:00:00,3729
PD003730,20250422,A012,R003,L015,Noche,38,30,7.53,6.25,1.28,project_fact_productividad_export.csv,2026-06-23T00:00:00,3730
PD003731,20250601,A017,R002,L010,Tarde,210,216,10.87,8.65,2.22,project_fact_productividad_export.csv,2026-06-23T00:00:00,3731
PD003732,20250612,A009,R011,L011,Tarde,2297,1551,9.21,7.49,1.72,project_fact_productividad_export.csv,2026-06-23T00:00:00,3732
PD003733,20250515,A017,R006,L013,Noche,191,200,6.04,4.81,1.24,project_fact_productividad_export.csv,2026-06-23T00:00:00,3733
PD003734,20250429,A005,R025,L014,Día,1755,1467,6.34,4.74,1.6,project_fact_productividad_export.csv,2026-06-23T00:00:00,3734
PD003735,20250130,A007,R025,L012,Día,3330,2082,7.54,5.76,1.79,project_fact_productividad_export.csv,2026-06-23T00:00:00,3735
PD003736,20250108,A014,R013,L017,Día,42,40,10.12,9.05,1.06,project_fact_productividad_export.csv,2026-06-23T00:00:00,3736
PD003737,20250630,A006,R023,L010,Noche,1368,1249,10.8,7.44,3.37,project_fact_productividad_export.csv,2026-06-23T00:00:00,3737
PD003738,20250115,A007,R017,L003,Día,4172,3673,7.95,5.47,2.48,project_fact_productividad_export.csv,2026-06-23T00:00:00,3738
PD003739,20250509,A003,R003,L010,Día,3333,3270,9.47,6.93,2.54,project_fact_productividad_export.csv,2026-06-23T00:00:00,3739
PD003740,20250519,A011,R017,L004,Día,223,192,9.02,8.11,0.9,project_fact_productividad_export.csv,2026-06-23T00:00:00,3740
PD003741,20250105,A001,R023,L008,Día,3950,3613,11.28,8.64,2.64,project_fact_productividad_export.csv,2026-06-23T00:00:00,3741
PD003742,20250209,A003,R020,L016,Tarde,5229,4539,6.44,5.57,0.87,project_fact_productividad_export.csv,2026-06-23T00:00:00,3742
PD003743,20250222,A009,R011,L005,Tarde,4019,3164,9.55,6.79,2.76,project_fact_productividad_export.csv,2026-06-23T00:00:00,3743
PD003744,20250308,A015,R007,L016,Día,26,23,10.22,8.97,1.24,project_fact_productividad_export.csv,2026-06-23T00:00:00,3744
PD003745,20250508,A010,R003,L016,Noche,3981,1823,10.25,6.43,3.82,project_fact_productividad_export.csv,2026-06-23T00:00:00,3745
PD003746,20250613,A014,R001,L011,Noche,107,105,11.58,8.66,2.91,project_fact_productividad_export.csv,2026-06-23T00:00:00,3746
PD003747,20250427,A009,R012,L009,Día,3673,3152,11.1,8.25,2.86,project_fact_productividad_export.csv,2026-06-23T00:00:00,3747
PD003748,20250326,A001,R004,L013,Noche,5869,5971,10.03,7.79,2.24,project_fact_productividad_export.csv,2026-06-23T00:00:00,3748
PD003749,20250115,A001,R030,L002,Noche,7266,5717,11.44,7.79,3.65,project_fact_productividad_export.csv,2026-06-23T00:00:00,3749
PD003750,20250414,A001,R005,L015,Noche,3549,3143,7.3,6.37,0.93,project_fact_productividad_export.csv,2026-06-23T00:00:00,3750
PD003751,20250315,A001,R008,L010,Tarde,3531,3652,9.98,7.7,2.28,project_fact_productividad_export.csv,2026-06-23T00:00:00,3751
PD003752,20250609,A009,R013,L001,Noche,731,482,6.54,4.46,2.08,project_fact_productividad_export.csv,2026-06-23T00:00:00,3752
PD003753,20250313,A005,R021,L010,Noche,2696,2379,8.61,6.73,1.88,project_fact_productividad_export.csv,2026-06-23T00:00:00,3753
PD003754,20250310,A012,R030,L002,Día,184,184,6.01,5.47,0.54,project_fact_productividad_export.csv,2026-06-23T00:00:00,3754
PD003755,20250114,A009,R016,L016,Día,3986,2095,6.26,3.87,2.39,project_fact_productividad_export.csv,2026-06-23T00:00:00,3755
PD003756,20250307,A001,R015,L009,Noche,7505,6962,8.05,7.33,0.72,project_fact_productividad_export.csv,2026-06-23T00:00:00,3756
PD003757,20250416,A015,R014,L009,Noche,119,122,9.62,8.68,0.93,project_fact_productividad_export.csv,2026-06-23T00:00:00,3757
PD003758,20250424,A002,R003,L013,Día,236,188,8.16,6.62,1.54,project_fact_productividad_export.csv,2026-06-23T00:00:00,3758
PD003759,20250127,A009,R006,L004,Noche,3310,2116,6.97,5.53,1.44,project_fact_productividad_export.csv,2026-06-23T00:00:00,3759
PD003760,20250222,A002,R004,L007,Día,256,271,7.66,5.91,1.75,project_fact_productividad_export.csv,2026-06-23T00:00:00,3760
PD003761,20250301,A005,R015,L007,Día,2394,2103,7.89,5.64,2.24,project_fact_productividad_export.csv,2026-06-23T00:00:00,3761
PD003762,20250530,A009,R019,L007,Día,1832,1387,6.51,4.77,1.74,project_fact_productividad_export.csv,2026-06-23T00:00:00,3762
PD003763,20250510,A004,R003,L010,Tarde,7032,5702,7.72,6.78,0.93,project_fact_productividad_export.csv,2026-06-23T00:00:00,3763
PD003764,20250504,A010,R009,L003,Día,625,422,6.05,4.18,1.88,project_fact_productividad_export.csv,2026-06-23T00:00:00,3764
PD003765,20250330,A010,R008,L004,Tarde,1360,1293,10.11,7.75,2.36,project_fact_productividad_export.csv,2026-06-23T00:00:00,3765
PD003766,20250526,A011,R003,L013,Día,256,194,9.47,6.61,2.86,project_fact_productividad_export.csv,2026-06-23T00:00:00,3766
PD003767,20250122,A007,R020,L016,Noche,3397,2312,6.96,5.1,1.86,project_fact_productividad_export.csv,2026-06-23T00:00:00,3767
PD003768,20250301,A015,R012,L010,Día,85,67,7.34,5.25,2.08,project_fact_productividad_export.csv,2026-06-23T00:00:00,3768
PD003769,20250207,A009,R007,L002,Día,4193,2890,10.92,7.14,3.78,project_fact_productividad_export.csv,2026-06-23T00:00:00,3769
PD003770,20250207,A004,R015,L006,Noche,7527,8812,7.21,6.63,0.58,project_fact_productividad_export.csv,2026-06-23T00:00:00,3770
PD003771,20250108,A005,R014,L001,Día,3346,3336,8.79,6.39,2.4,project_fact_productividad_export.csv,2026-06-23T00:00:00,3771
PD003772,20250301,A014,R021,L014,Noche,186,209,10.92,7.87,3.04,project_fact_productividad_export.csv,2026-06-23T00:00:00,3772
PD003773,20250416,A009,R021,L011,Día,3699,3171,6.51,4.84,1.67,project_fact_productividad_export.csv,2026-06-23T00:00:00,3773
PD003774,20250121,A006,R021,L016,Noche,1463,1367,10.69,9.83,0.86,project_fact_productividad_export.csv,2026-06-23T00:00:00,3774
PD003775,20250113,A009,R018,L003,Día,1556,1285,11.5,7.01,4.49,project_fact_productividad_export.csv,2026-06-23T00:00:00,3775
PD003776,20250328,A014,R015,L017,Tarde,28,26,9.93,7.01,2.92,project_fact_productividad_export.csv,2026-06-23T00:00:00,3776
PD003777,20250629,A002,R026,L016,Noche,95,71,11.96,8.66,3.29,project_fact_productividad_export.csv,2026-06-23T00:00:00,3777
PD003778,20250329,A002,R008,L007,Tarde,71,75,6.66,4.77,1.89,project_fact_productividad_export.csv,2026-06-23T00:00:00,3778
PD003779,20250504,A017,R004,L017,Día,194,182,9.67,8.26,1.41,project_fact_productividad_export.csv,2026-06-23T00:00:00,3779
PD003780,20250323,A007,R029,L002,Día,1810,1313,7.0,4.11,2.88,project_fact_productividad_export.csv,2026-06-23T00:00:00,3780
PD003781,20250109,A013,R022,L008,Noche,175,210,10.54,7.78,2.76,project_fact_productividad_export.csv,2026-06-23T00:00:00,3781
PD003782,20250223,A012,R029,L014,Día,132,131,10.94,9.03,1.91,project_fact_productividad_export.csv,2026-06-23T00:00:00,3782
PD003783,20250115,A010,R002,L008,Día,2107,1683,9.62,5.9,3.72,project_fact_productividad_export.csv,2026-06-23T00:00:00,3783
PD003784,20250512,A006,R014,L014,Noche,1707,1840,6.97,6.01,0.96,project_fact_productividad_export.csv,2026-06-23T00:00:00,3784
PD003785,20250610,A005,R027,L017,Noche,812,793,7.14,6.07,1.08,project_fact_productividad_export.csv,2026-06-23T00:00:00,3785
PD003786,20250201,A002,R029,L001,Tarde,86,98,11.9,9.43,2.47,project_fact_productividad_export.csv,2026-06-23T00:00:00,3786
PD003787,20250528,A002,R009,L013,Día,165,157,6.8,5.3,1.51,project_fact_productividad_export.csv,2026-06-23T00:00:00,3787
PD003788,20250416,A002,R002,L005,Día,141,120,6.12,5.34,0.78,project_fact_productividad_export.csv,2026-06-23T00:00:00,3788
PD003789,20250316,A003,R011,L014,Tarde,6550,6288,11.17,9.08,2.09,project_fact_productividad_export.csv,2026-06-23T00:00:00,3789
PD003790,20250508,A007,R026,L003,Noche,2677,1618,7.39,4.57,2.82,project_fact_productividad_export.csv,2026-06-23T00:00:00,3790
PD003791,20250614,A013,R005,L007,Tarde,82,86,8.15,6.59,1.56,project_fact_productividad_export.csv,2026-06-23T00:00:00,3791
PD003792,20250311,A009,R017,L003,Día,2598,2273,8.46,6.86,1.6,project_fact_productividad_export.csv,2026-06-23T00:00:00,3792
PD003793,20250612,A012,R030,L004,Tarde,41,48,10.12,8.29,1.83,project_fact_productividad_export.csv,2026-06-23T00:00:00,3793
PD003794,20250528,A006,R019,L011,Tarde,2174,1638,9.73,7.66,2.07,project_fact_productividad_export.csv,2026-06-23T00:00:00,3794
PD003795,20250518,A015,R014,L015,Día,99,99,11.05,9.0,2.05,project_fact_productividad_export.csv,2026-06-23T00:00:00,3795
PD003796,20250318,A004,R021,L010,Tarde,2247,1979,11.25,9.92,1.33,project_fact_productividad_export.csv,2026-06-23T00:00:00,3796
PD003797,20250301,A001,R017,L012,Día,4748,4312,11.37,9.1,2.27,project_fact_productividad_export.csv,2026-06-23T00:00:00,3797
PD003798,20250405,A011,R011,L012,Noche,228,257,9.44,6.68,2.77,project_fact_productividad_export.csv,2026-06-23T00:00:00,3798
PD003799,20250301,A010,R016,L009,Tarde,2384,2123,7.04,5.73,1.32,project_fact_productividad_export.csv,2026-06-23T00:00:00,3799
PD003800,20250520,A001,R007,L007,Noche,3359,2749,8.87,8.07,0.8,project_fact_productividad_export.csv,2026-06-23T00:00:00,3800
PD003801,20250212,A005,R019,L001,Día,4017,4333,8.71,7.47,1.24,project_fact_productividad_export.csv,2026-06-23T00:00:00,3801
PD003802,20250116,A017,R003,L010,Tarde,61,57,7.08,5.55,1.53,project_fact_productividad_export.csv,2026-06-23T00:00:00,3802
PD003803,20250528,A015,R016,L014,Noche,81,78,8.21,5.89,2.32,project_fact_productividad_export.csv,2026-06-23T00:00:00,3803
PD003804,20250209,A017,R019,L010,Tarde,157,160,9.14,7.14,1.99,project_fact_productividad_export.csv,2026-06-23T00:00:00,3804
PD003805,20250208,A003,R006,L006,Día,7534,6611,10.22,8.77,1.45,project_fact_productividad_export.csv,2026-06-23T00:00:00,3805
PD003806,20250225,A016,R004,L005,Tarde,177,165,6.26,5.57,0.69,project_fact_productividad_export.csv,2026-06-23T00:00:00,3806
PD003807,20250204,A001,R017,L006,Tarde,3521,2996,10.25,7.79,2.46,project_fact_productividad_export.csv,2026-06-23T00:00:00,3807
PD003808,20250213,A008,R008,L005,Día,718,662,10.41,9.46,0.95,project_fact_productividad_export.csv,2026-06-23T00:00:00,3808
PD003809,20250109,A009,R026,L017,Tarde,1818,1355,9.52,7.34,2.18,project_fact_productividad_export.csv,2026-06-23T00:00:00,3809
PD003810,20250217,A010,R008,L016,Noche,2852,1607,7.78,5.42,2.36,project_fact_productividad_export.csv,2026-06-23T00:00:00,3810
PD003811,20250517,A004,R021,L006,Tarde,7118,6426,6.81,5.22,1.59,project_fact_productividad_export.csv,2026-06-23T00:00:00,3811
PD003812,20250426,A007,R018,L015,Tarde,4061,4052,9.06,6.71,2.35,project_fact_productividad_export.csv,2026-06-23T00:00:00,3812
PD003813,20250612,A003,R001,L003,Tarde,5023,5073,10.05,8.36,1.69,project_fact_productividad_export.csv,2026-06-23T00:00:00,3813
PD003814,20250331,A011,R011,L011,Día,21,23,10.65,7.89,2.76,project_fact_productividad_export.csv,2026-06-23T00:00:00,3814
PD003815,20250211,A010,R025,L012,Día,3635,3242,10.81,6.65,4.16,project_fact_productividad_export.csv,2026-06-23T00:00:00,3815
PD003816,20250620,A008,R024,L008,Día,1358,1331,9.07,7.88,1.19,project_fact_productividad_export.csv,2026-06-23T00:00:00,3816
PD003817,20250309,A002,R012,L015,Noche,94,92,7.83,7.03,0.8,project_fact_productividad_export.csv,2026-06-23T00:00:00,3817
PD003818,20250613,A013,R026,L001,Tarde,62,55,7.5,5.62,1.89,project_fact_productividad_export.csv,2026-06-23T00:00:00,3818
PD003819,20250428,A008,R013,L006,Tarde,1265,1259,9.26,7.57,1.69,project_fact_productividad_export.csv,2026-06-23T00:00:00,3819
PD003820,20250630,A012,R008,L010,Día,147,148,9.97,7.48,2.49,project_fact_productividad_export.csv,2026-06-23T00:00:00,3820
PD003821,20250215,A003,R007,L011,Tarde,2687,1946,10.4,8.6,1.8,project_fact_productividad_export.csv,2026-06-23T00:00:00,3821
PD003822,20250507,A006,R020,L013,Día,3233,3406,6.73,5.28,1.45,project_fact_productividad_export.csv,2026-06-23T00:00:00,3822
PD003823,20250113,A003,R014,L010,Tarde,6994,6244,9.73,8.52,1.21,project_fact_productividad_export.csv,2026-06-23T00:00:00,3823
PD003824,20250525,A004,R010,L007,Tarde,8486,7579,9.13,6.69,2.44,project_fact_productividad_export.csv,2026-06-23T00:00:00,3824
PD003825,20250501,A015,R018,L008,Tarde,84,86,7.71,6.08,1.64,project_fact_productividad_export.csv,2026-06-23T00:00:00,3825
PD003826,20250422,A017,R010,L006,Noche,63,61,7.74,6.07,1.67,project_fact_productividad_export.csv,2026-06-23T00:00:00,3826
PD003827,20250314,A015,R023,L007,Día,187,213,11.8,8.21,3.58,project_fact_productividad_export.csv,2026-06-23T00:00:00,3827
PD003828,20250129,A002,R004,L001,Día,209,173,11.65,8.03,3.62,project_fact_productividad_export.csv,2026-06-23T00:00:00,3828
PD003829,20250223,A015,R015,L005,Tarde,49,42,6.72,5.34,1.38,project_fact_productividad_export.csv,2026-06-23T00:00:00,3829
PD003830,20250420,A009,R004,L001,Noche,3254,1976,9.92,5.93,3.99,project_fact_productividad_export.csv,2026-06-23T00:00:00,3830
PD003831,20250618,A014,R002,L008,Noche,153,144,7.87,6.27,1.61,project_fact_productividad_export.csv,2026-06-23T00:00:00,3831
PD003832,20250328,A001,R010,L008,Día,3143,3198,9.8,7.15,2.66,project_fact_productividad_export.csv,2026-06-23T00:00:00,3832
PD003833,20250614,A007,R003,L017,Día,3520,3454,7.75,6.87,0.88,project_fact_productividad_export.csv,2026-06-23T00:00:00,3833
PD003834,20250410,A002,R013,L014,Noche,218,187,9.03,6.8,2.23,project_fact_productividad_export.csv,2026-06-23T00:00:00,3834
PD003835,20250104,A003,R022,L007,Noche,3240,3224,8.96,6.5,2.46,project_fact_productividad_export.csv,2026-06-23T00:00:00,3835
PD003836,20250122,A011,R001,L005,Tarde,128,119,9.4,8.02,1.38,project_fact_productividad_export.csv,2026-06-23T00:00:00,3836
PD003837,20250430,A017,R008,L001,Noche,55,47,8.78,7.03,1.75,project_fact_productividad_export.csv,2026-06-23T00:00:00,3837
PD003838,20250426,A005,R007,L017,Tarde,1299,1146,6.48,5.24,1.24,project_fact_productividad_export.csv,2026-06-23T00:00:00,3838
PD003839,20250227,A009,R005,L014,Día,691,408,9.04,5.55,3.48,project_fact_productividad_export.csv,2026-06-23T00:00:00,3839
PD003840,20250203,A014,R018,L009,Noche,228,245,8.61,6.16,2.45,project_fact_productividad_export.csv,2026-06-23T00:00:00,3840
PD003841,20250608,A005,R028,L015,Noche,3889,4234,6.44,5.18,1.26,project_fact_productividad_export.csv,2026-06-23T00:00:00,3841
PD003842,20250203,A011,R004,L004,Noche,161,141,8.84,6.79,2.05,project_fact_productividad_export.csv,2026-06-23T00:00:00,3842
PD003843,20250609,A001,R017,L013,Noche,4090,3419,7.3,5.3,2.0,project_fact_productividad_export.csv,2026-06-23T00:00:00,3843
PD003844,20250511,A006,R018,L017,Noche,2842,2895,11.11,7.95,3.16,project_fact_productividad_export.csv,2026-06-23T00:00:00,3844
PD003845,20250408,A006,R007,L002,Día,2236,2530,8.92,7.86,1.07,project_fact_productividad_export.csv,2026-06-23T00:00:00,3845
PD003846,20250130,A013,R027,L015,Noche,131,127,10.17,7.55,2.62,project_fact_productividad_export.csv,2026-06-23T00:00:00,3846
PD003847,20250610,A009,R020,L009,Tarde,1063,971,11.41,6.59,4.82,project_fact_productividad_export.csv,2026-06-23T00:00:00,3847
PD003848,20250421,A009,R027,L006,Noche,2315,1487,6.56,4.03,2.53,project_fact_productividad_export.csv,2026-06-23T00:00:00,3848
PD003849,20250305,A002,R011,L003,Día,141,171,7.24,5.97,1.27,project_fact_productividad_export.csv,2026-06-23T00:00:00,3849
PD003850,20250127,A001,R012,L005,Noche,6184,5817,7.54,6.93,0.6,project_fact_productividad_export.csv,2026-06-23T00:00:00,3850
PD003851,20250425,A015,R008,L010,Tarde,145,121,10.01,6.89,3.12,project_fact_productividad_export.csv,2026-06-23T00:00:00,3851
PD003852,20250128,A017,R021,L005,Tarde,77,79,6.48,5.54,0.94,project_fact_productividad_export.csv,2026-06-23T00:00:00,3852
PD003853,20250227,A007,R026,L006,Noche,2658,1976,7.34,6.46,0.88,project_fact_productividad_export.csv,2026-06-23T00:00:00,3853
PD003854,20250107,A016,R030,L011,Tarde,196,206,6.9,5.36,1.55,project_fact_productividad_export.csv,2026-06-23T00:00:00,3854
PD003855,20250204,A015,R006,L013,Noche,210,177,6.89,5.85,1.05,project_fact_productividad_export.csv,2026-06-23T00:00:00,3855
PD003856,20250418,A006,R010,L008,Noche,1092,922,10.17,7.45,2.72,project_fact_productividad_export.csv,2026-06-23T00:00:00,3856
PD003857,20250614,A006,R007,L008,Noche,2099,1816,11.98,9.62,2.36,project_fact_productividad_export.csv,2026-06-23T00:00:00,3857
PD003858,20250408,A006,R027,L007,Noche,2820,2868,8.1,5.78,2.32,project_fact_productividad_export.csv,2026-06-23T00:00:00,3858
PD003859,20250526,A008,R009,L003,Noche,3413,3336,7.19,6.45,0.74,project_fact_productividad_export.csv,2026-06-23T00:00:00,3859
PD003860,20250518,A001,R010,L004,Noche,7409,6637,7.61,5.33,2.28,project_fact_productividad_export.csv,2026-06-23T00:00:00,3860
PD003861,20250609,A005,R028,L010,Noche,951,1004,10.27,8.84,1.43,project_fact_productividad_export.csv,2026-06-23T00:00:00,3861
PD003862,20250405,A013,R011,L015,Noche,236,249,9.89,6.82,3.07,project_fact_productividad_export.csv,2026-06-23T00:00:00,3862
PD003863,20250122,A006,R027,L012,Tarde,1684,1504,7.0,5.53,1.47,project_fact_productividad_export.csv,2026-06-23T00:00:00,3863
PD003864,20250406,A011,R007,L013,Día,187,167,9.55,6.87,2.69,project_fact_productividad_export.csv,2026-06-23T00:00:00,3864
PD003865,20250112,A010,R003,L013,Tarde,3444,3319,9.33,6.35,2.99,project_fact_productividad_export.csv,2026-06-23T00:00:00,3865
PD003866,20250517,A010,R028,L010,Día,3669,2886,11.41,9.82,1.58,project_fact_productividad_export.csv,2026-06-23T00:00:00,3866
PD003867,20250318,A003,R009,L002,Día,7810,7480,8.72,5.97,2.75,project_fact_productividad_export.csv,2026-06-23T00:00:00,3867
PD003868,20250212,A014,R029,L005,Día,42,48,7.35,6.76,0.6,project_fact_productividad_export.csv,2026-06-23T00:00:00,3868
PD003869,20250119,A015,R023,L003,Día,215,209,11.81,10.18,1.63,project_fact_productividad_export.csv,2026-06-23T00:00:00,3869
PD003870,20250316,A004,R016,L006,Tarde,7630,7708,9.97,9.12,0.85,project_fact_productividad_export.csv,2026-06-23T00:00:00,3870
PD003871,20250411,A007,R027,L016,Día,2393,1802,10.95,8.88,2.07,project_fact_productividad_export.csv,2026-06-23T00:00:00,3871
PD003872,20250625,A017,R019,L017,Noche,80,64,11.88,8.12,3.76,project_fact_productividad_export.csv,2026-06-23T00:00:00,3872
PD003873,20250420,A007,R005,L013,Noche,2922,1700,8.23,5.3,2.93,project_fact_productividad_export.csv,2026-06-23T00:00:00,3873
PD003874,20250329,A012,R001,L008,Tarde,62,62,6.04,5.42,0.62,project_fact_productividad_export.csv,2026-06-23T00:00:00,3874
PD003875,20250320,A004,R004,L004,Día,7081,6975,11.36,7.77,3.58,project_fact_productividad_export.csv,2026-06-23T00:00:00,3875
PD003876,20250203,A001,R014,L003,Tarde,6153,6142,11.82,10.15,1.67,project_fact_productividad_export.csv,2026-06-23T00:00:00,3876
PD003877,20250515,A016,R004,L013,Noche,86,80,10.35,9.5,0.85,project_fact_productividad_export.csv,2026-06-23T00:00:00,3877
PD003878,20250630,A014,R026,L015,Día,99,84,9.88,8.72,1.16,project_fact_productividad_export.csv,2026-06-23T00:00:00,3878
PD003879,20250327,A006,R002,L003,Día,1065,978,11.01,9.06,1.95,project_fact_productividad_export.csv,2026-06-23T00:00:00,3879
PD003880,20250301,A009,R030,L017,Noche,817,587,8.2,6.38,1.82,project_fact_productividad_export.csv,2026-06-23T00:00:00,3880
PD003881,20250530,A013,R017,L010,Tarde,34,37,10.73,8.98,1.75,project_fact_productividad_export.csv,2026-06-23T00:00:00,3881
PD003882,20250125,A008,R021,L006,Día,3316,3001,7.07,4.97,2.1,project_fact_productividad_export.csv,2026-06-23T00:00:00,3882
PD003883,20250303,A017,R026,L011,Día,93,69,7.98,6.91,1.07,project_fact_productividad_export.csv,2026-06-23T00:00:00,3883
PD003884,20250502,A014,R013,L008,Noche,58,58,10.74,9.54,1.2,project_fact_productividad_export.csv,2026-06-23T00:00:00,3884
PD003885,20250125,A002,R010,L005,Noche,129,133,8.75,6.1,2.66,project_fact_productividad_export.csv,2026-06-23T00:00:00,3885
PD003886,20250427,A009,R012,L002,Noche,1126,895,8.44,6.59,1.85,project_fact_productividad_export.csv,2026-06-23T00:00:00,3886
PD003887,20250613,A005,R009,L002,Tarde,607,609,10.09,8.38,1.71,project_fact_productividad_export.csv,2026-06-23T00:00:00,3887
PD003888,20250207,A012,R011,L007,Día,86,77,9.86,8.85,1.0,project_fact_productividad_export.csv,2026-06-23T00:00:00,3888
PD003889,20250629,A013,R009,L010,Tarde,194,170,6.03,4.71,1.31,project_fact_productividad_export.csv,2026-06-23T00:00:00,3889
PD003890,20250618,A005,R007,L003,Noche,1634,1544,10.77,7.47,3.3,project_fact_productividad_export.csv,2026-06-23T00:00:00,3890
PD003891,20250307,A010,R019,L001,Tarde,1031,888,8.29,6.23,2.06,project_fact_productividad_export.csv,2026-06-23T00:00:00,3891
PD003892,20250328,A015,R010,L017,Tarde,117,143,11.52,10.33,1.19,project_fact_productividad_export.csv,2026-06-23T00:00:00,3892
PD003893,20250402,A002,R022,L007,Noche,39,37,7.07,4.94,2.12,project_fact_productividad_export.csv,2026-06-23T00:00:00,3893
PD003894,20250316,A011,R026,L010,Día,171,179,6.2,5.23,0.97,project_fact_productividad_export.csv,2026-06-23T00:00:00,3894
PD003895,20250505,A008,R029,L011,Día,3483,2654,7.42,6.19,1.23,project_fact_productividad_export.csv,2026-06-23T00:00:00,3895
PD003896,20250303,A017,R028,L013,Tarde,240,219,11.57,10.37,1.21,project_fact_productividad_export.csv,2026-06-23T00:00:00,3896
PD003897,20250317,A012,R002,L006,Tarde,196,178,9.04,7.92,1.13,project_fact_productividad_export.csv,2026-06-23T00:00:00,3897
PD003898,20250129,A017,R017,L006,Día,235,217,9.55,7.03,2.51,project_fact_productividad_export.csv,2026-06-23T00:00:00,3898
PD003899,20250620,A016,R019,L004,Noche,171,172,9.49,7.21,2.29,project_fact_productividad_export.csv,2026-06-23T00:00:00,3899
PD003900,20250611,A007,R016,L012,Día,2911,2088,8.67,5.88,2.79,project_fact_productividad_export.csv,2026-06-23T00:00:00,3900
PD003901,20250422,A012,R030,L005,Noche,96,108,9.12,7.29,1.83,project_fact_productividad_export.csv,2026-06-23T00:00:00,3901
PD003902,20250625,A007,R007,L010,Noche,1711,908,11.83,10.09,1.74,project_fact_productividad_export.csv,2026-06-23T00:00:00,3902
PD003903,20250406,A017,R019,L008,Tarde,228,215,11.38,9.39,1.99,project_fact_productividad_export.csv,2026-06-23T00:00:00,3903
PD003904,20250117,A009,R030,L009,Día,3106,2875,10.4,6.27,4.13,project_fact_productividad_export.csv,2026-06-23T00:00:00,3904
PD003905,20250215,A012,R012,L003,Noche,176,169,10.27,7.62,2.65,project_fact_productividad_export.csv,2026-06-23T00:00:00,3905
PD003906,20250512,A002,R016,L004,Día,25,27,7.67,6.93,0.74,project_fact_productividad_export.csv,2026-06-23T00:00:00,3906
PD003907,20250120,A016,R009,L002,Día,147,139,8.61,7.43,1.18,project_fact_productividad_export.csv,2026-06-23T00:00:00,3907
PD003908,20250316,A017,R011,L017,Día,110,92,9.46,6.47,2.99,project_fact_productividad_export.csv,2026-06-23T00:00:00,3908
PD003909,20250404,A016,R029,L004,Tarde,148,135,6.59,4.94,1.65,project_fact_productividad_export.csv,2026-06-23T00:00:00,3909
PD003910,20250606,A007,R023,L007,Día,2207,1714,6.25,5.49,0.76,project_fact_productividad_export.csv,2026-06-23T00:00:00,3910
PD003911,20250609,A001,R019,L004,Día,6533,6621,11.01,9.7,1.31,project_fact_productividad_export.csv,2026-06-23T00:00:00,3911
PD003912,20250110,A015,R027,L003,Noche,169,163,11.85,10.8,1.05,project_fact_productividad_export.csv,2026-06-23T00:00:00,3912
PD003913,20250530,A004,R012,L010,Noche,6823,6176,8.78,6.36,2.42,project_fact_productividad_export.csv,2026-06-23T00:00:00,3913
PD003914,20250510,A012,R026,L010,Tarde,67,64,10.56,7.33,3.23,project_fact_productividad_export.csv,2026-06-23T00:00:00,3914
PD003915,20250619,A004,R009,L003,Tarde,5158,5657,9.05,7.67,1.38,project_fact_productividad_export.csv,2026-06-23T00:00:00,3915
PD003916,20250606,A006,R014,L009,Noche,873,908,7.29,5.59,1.7,project_fact_productividad_export.csv,2026-06-23T00:00:00,3916
PD003917,20250521,A015,R009,L009,Tarde,181,146,10.93,8.65,2.28,project_fact_productividad_export.csv,2026-06-23T00:00:00,3917
PD003918,20250623,A015,R016,L003,Tarde,258,286,6.07,5.22,0.85,project_fact_productividad_export.csv,2026-06-23T00:00:00,3918
PD003919,20250330,A014,R030,L017,Día,232,234,9.83,7.14,2.69,project_fact_productividad_export.csv,2026-06-23T00:00:00,3919
PD003920,20250104,A007,R007,L014,Tarde,1203,928,7.46,6.57,0.89,project_fact_productividad_export.csv,2026-06-23T00:00:00,3920
PD003921,20250514,A002,R022,L015,Día,60,60,11.52,9.33,2.19,project_fact_productividad_export.csv,2026-06-23T00:00:00,3921
PD003922,20250604,A003,R007,L007,Noche,4717,4314,11.75,9.25,2.5,project_fact_productividad_export.csv,2026-06-23T00:00:00,3922
PD003923,20250619,A009,R011,L015,Tarde,2782,1817,9.63,6.96,2.67,project_fact_productividad_export.csv,2026-06-23T00:00:00,3923
PD003924,20250304,A006,R001,L016,Día,2335,1684,8.68,7.8,0.87,project_fact_productividad_export.csv,2026-06-23T00:00:00,3924
PD003925,20250111,A003,R013,L004,Día,5305,3980,7.22,5.59,1.63,project_fact_productividad_export.csv,2026-06-23T00:00:00,3925
PD003926,20250627,A017,R011,L009,Día,36,33,11.39,9.56,1.84,project_fact_productividad_export.csv,2026-06-23T00:00:00,3926
PD003927,20250126,A009,R004,L017,Noche,671,474,9.46,6.96,2.5,project_fact_productividad_export.csv,2026-06-23T00:00:00,3927
PD003928,20250311,A017,R030,L010,Noche,215,179,8.34,6.76,1.58,project_fact_productividad_export.csv,2026-06-23T00:00:00,3928
PD003929,20250226,A010,R008,L007,Tarde,3171,2765,8.12,5.74,2.38,project_fact_productividad_export.csv,2026-06-23T00:00:00,3929
PD003930,20250412,A015,R027,L013,Noche,86,84,6.75,5.83,0.92,project_fact_productividad_export.csv,2026-06-23T00:00:00,3930
PD003931,20250208,A009,R020,L007,Noche,680,500,10.9,7.36,3.54,project_fact_productividad_export.csv,2026-06-23T00:00:00,3931
PD003932,20250421,A007,R016,L008,Día,3725,2773,7.95,6.18,1.76,project_fact_productividad_export.csv,2026-06-23T00:00:00,3932
PD003933,20250619,A008,R026,L015,Día,3903,4350,7.72,5.9,1.81,project_fact_productividad_export.csv,2026-06-23T00:00:00,3933
PD003934,20250630,A013,R026,L006,Noche,225,190,9.27,7.07,2.2,project_fact_productividad_export.csv,2026-06-23T00:00:00,3934
PD003935,20250603,A012,R027,L015,Tarde,105,115,11.99,9.94,2.05,project_fact_productividad_export.csv,2026-06-23T00:00:00,3935
PD003936,20250423,A008,R018,L003,Tarde,3045,2956,7.29,5.72,1.57,project_fact_productividad_export.csv,2026-06-23T00:00:00,3936
PD003937,20250616,A008,R029,L016,Día,3507,2917,8.19,6.27,1.92,project_fact_productividad_export.csv,2026-06-23T00:00:00,3937
PD003938,20250523,A010,R015,L011,Noche,2890,2120,6.28,3.67,2.61,project_fact_productividad_export.csv,2026-06-23T00:00:00,3938
PD003939,20250505,A012,R012,L017,Noche,249,198,9.19,6.81,2.38,project_fact_productividad_export.csv,2026-06-23T00:00:00,3939
PD003940,20250625,A014,R022,L003,Tarde,256,225,6.88,6.06,0.82,project_fact_productividad_export.csv,2026-06-23T00:00:00,3940
PD003941,20250305,A014,R010,L017,Día,179,180,6.09,4.47,1.62,project_fact_productividad_export.csv,2026-06-23T00:00:00,3941
PD003942,20250629,A012,R013,L003,Tarde,105,95,6.98,6.39,0.59,project_fact_productividad_export.csv,2026-06-23T00:00:00,3942
PD003943,20250322,A012,R004,L016,Día,26,28,9.07,6.98,2.1,project_fact_productividad_export.csv,2026-06-23T00:00:00,3943
PD003944,20250101,A006,R003,L014,Noche,3999,4266,10.17,7.11,3.06,project_fact_productividad_export.csv,2026-06-23T00:00:00,3944
PD003945,20250613,A001,R014,L016,Noche,4377,3956,11.06,8.15,2.91,project_fact_productividad_export.csv,2026-06-23T00:00:00,3945
PD003946,20250321,A010,R021,L016,Noche,1136,761,11.69,9.44,2.25,project_fact_productividad_export.csv,2026-06-23T00:00:00,3946
PD003947,20250330,A015,R002,L015,Noche,82,68,10.54,9.29,1.24,project_fact_productividad_export.csv,2026-06-23T00:00:00,3947
PD003948,20250520,A012,R022,L014,Día,215,211,9.74,8.74,1.0,project_fact_productividad_export.csv,2026-06-23T00:00:00,3948
PD003949,20250519,A014,R025,L008,Tarde,120,125,8.76,8.04,0.72,project_fact_productividad_export.csv,2026-06-23T00:00:00,3949
PD003950,20250527,A006,R007,L007,Día,2483,1874,11.83,10.7,1.14,project_fact_productividad_export.csv,2026-06-23T00:00:00,3950
PD003951,20250429,A011,R010,L009,Tarde,48,51,6.92,5.48,1.43,project_fact_productividad_export.csv,2026-06-23T00:00:00,3951
PD003952,20250427,A002,R007,L004,Noche,164,142,8.84,8.05,0.79,project_fact_productividad_export.csv,2026-06-23T00:00:00,3952
PD003953,20250402,A016,R010,L006,Tarde,66,70,8.87,6.23,2.63,project_fact_productividad_export.csv,2026-06-23T00:00:00,3953
PD003954,20250611,A007,R004,L007,Tarde,3711,2742,11.02,8.29,2.73,project_fact_productividad_export.csv,2026-06-23T00:00:00,3954
PD003955,20250319,A017,R006,L003,Tarde,31,30,8.92,6.26,2.66,project_fact_productividad_export.csv,2026-06-23T00:00:00,3955
PD003956,20250314,A015,R017,L016,Día,67,63,10.46,7.95,2.51,project_fact_productividad_export.csv,2026-06-23T00:00:00,3956
PD003957,20250228,A011,R017,L004,Noche,48,44,7.93,6.83,1.11,project_fact_productividad_export.csv,2026-06-23T00:00:00,3957
PD003958,20250617,A012,R030,L002,Noche,142,169,10.31,7.2,3.11,project_fact_productividad_export.csv,2026-06-23T00:00:00,3958
PD003959,20250516,A014,R024,L003,Tarde,244,188,10.77,8.38,2.38,project_fact_productividad_export.csv,2026-06-23T00:00:00,3959
PD003960,20250514,A017,R006,L010,Día,77,77,6.12,4.46,1.66,project_fact_productividad_export.csv,2026-06-23T00:00:00,3960
PD003961,20250614,A012,R007,L011,Tarde,70,73,10.31,9.41,0.9,project_fact_productividad_export.csv,2026-06-23T00:00:00,3961
PD003962,20250322,A002,R016,L014,Tarde,243,254,11.28,7.76,3.52,project_fact_productividad_export.csv,2026-06-23T00:00:00,3962
PD003963,20250226,A002,R024,L004,Noche,117,110,7.65,6.21,1.44,project_fact_productividad_export.csv,2026-06-23T00:00:00,3963
PD003964,20250522,A013,R025,L001,Tarde,223,193,7.86,5.62,2.23,project_fact_productividad_export.csv,2026-06-23T00:00:00,3964
PD003965,20250228,A005,R027,L008,Tarde,3339,3492,6.89,4.95,1.95,project_fact_productividad_export.csv,2026-06-23T00:00:00,3965
PD003966,20250209,A015,R010,L011,Día,165,120,7.04,5.21,1.83,project_fact_productividad_export.csv,2026-06-23T00:00:00,3966
PD003967,20250115,A015,R016,L008,Tarde,51,49,6.28,4.76,1.52,project_fact_productividad_export.csv,2026-06-23T00:00:00,3967
PD003968,20250524,A008,R019,L015,Noche,3526,3377,11.61,9.68,1.94,project_fact_productividad_export.csv,2026-06-23T00:00:00,3968
PD003969,20250128,A016,R005,L003,Día,102,94,6.38,5.47,0.91,project_fact_productividad_export.csv,2026-06-23T00:00:00,3969
PD003970,20250529,A002,R011,L016,Día,231,234,9.26,7.11,2.14,project_fact_productividad_export.csv,2026-06-23T00:00:00,3970
PD003971,20250225,A009,R005,L002,Día,1980,1830,10.81,6.75,4.06,project_fact_productividad_export.csv,2026-06-23T00:00:00,3971
PD003972,20250603,A014,R010,L014,Día,148,152,8.6,6.89,1.71,project_fact_productividad_export.csv,2026-06-23T00:00:00,3972
PD003973,20250426,A008,R014,L017,Tarde,940,929,11.32,9.42,1.9,project_fact_productividad_export.csv,2026-06-23T00:00:00,3973
PD003974,20250205,A012,R004,L008,Noche,42,37,11.63,8.84,2.78,project_fact_productividad_export.csv,2026-06-23T00:00:00,3974
PD003975,20250530,A013,R016,L003,Noche,45,42,7.15,5.51,1.63,project_fact_productividad_export.csv,2026-06-23T00:00:00,3975
PD003976,20250201,A009,R006,L016,Tarde,2225,1384,10.21,7.63,2.58,project_fact_productividad_export.csv,2026-06-23T00:00:00,3976
PD003977,20250322,A012,R024,L012,Noche,126,127,11.74,10.55,1.19,project_fact_productividad_export.csv,2026-06-23T00:00:00,3977
PD003978,20250508,A014,R016,L016,Día,200,244,11.26,8.29,2.97,project_fact_productividad_export.csv,2026-06-23T00:00:00,3978
PD003979,20250103,A003,R024,L013,Noche,6563,5624,9.36,7.8,1.56,project_fact_productividad_export.csv,2026-06-23T00:00:00,3979
PD003980,20250223,A005,R001,L015,Noche,2021,1529,11.82,8.13,3.69,project_fact_productividad_export.csv,2026-06-23T00:00:00,3980
PD003981,20250418,A002,R017,L013,Tarde,136,118,9.86,8.62,1.24,project_fact_productividad_export.csv,2026-06-23T00:00:00,3981
PD003982,20250518,A016,R027,L013,Tarde,181,201,8.33,6.67,1.65,project_fact_productividad_export.csv,2026-06-23T00:00:00,3982
PD003983,20250520,A013,R025,L005,Tarde,175,156,7.62,6.05,1.58,project_fact_productividad_export.csv,2026-06-23T00:00:00,3983
PD003984,20250521,A003,R014,L013,Día,4178,3472,11.01,9.95,1.06,project_fact_productividad_export.csv,2026-06-23T00:00:00,3984
PD003985,20250103,A001,R009,L009,Tarde,6876,5827,6.74,5.12,1.62,project_fact_productividad_export.csv,2026-06-23T00:00:00,3985
PD003986,20250225,A002,R005,L002,Tarde,33,33,9.34,6.82,2.52,project_fact_productividad_export.csv,2026-06-23T00:00:00,3986
PD003987,20250221,A012,R009,L006,Tarde,198,168,8.28,5.97,2.31,project_fact_productividad_export.csv,2026-06-23T00:00:00,3987
PD003988,20250404,A005,R008,L002,Tarde,2072,2223,9.11,6.79,2.31,project_fact_productividad_export.csv,2026-06-23T00:00:00,3988
PD003989,20250318,A010,R010,L017,Noche,3065,1942,11.09,8.97,2.12,project_fact_productividad_export.csv,2026-06-23T00:00:00,3989
PD003990,20250206,A002,R029,L009,Tarde,225,224,7.02,5.96,1.06,project_fact_productividad_export.csv,2026-06-23T00:00:00,3990
PD003991,20250514,A004,R005,L006,Día,7544,7404,11.89,8.21,3.68,project_fact_productividad_export.csv,2026-06-23T00:00:00,3991
PD003992,20250628,A006,R013,L009,Noche,1123,1130,7.8,7.15,0.65,project_fact_productividad_export.csv,2026-06-23T00:00:00,3992
PD003993,20250412,A008,R003,L009,Tarde,3360,3017,6.41,5.84,0.58,project_fact_productividad_export.csv,2026-06-23T00:00:00,3993
PD003994,20250330,A002,R001,L012,Noche,180,166,8.61,6.33,2.28,project_fact_productividad_export.csv,2026-06-23T00:00:00,3994
PD003995,20250611,A011,R007,L011,Día,236,224,10.01,8.71,1.3,project_fact_productividad_export.csv,2026-06-23T00:00:00,3995
PD003996,20250602,A004,R027,L009,Tarde,5037,5094,11.01,9.4,1.61,project_fact_productividad_export.csv,2026-06-23T00:00:00,3996
PD003997,20250123,A016,R008,L004,Noche,29,25,11.75,9.01,2.75,project_fact_productividad_export.csv,2026-06-23T00:00:00,3997
PD003998,20250404,A015,R025,L008,Noche,71,76,7.2,5.02,2.18,project_fact_productividad_export.csv,2026-06-23T00:00:00,3998
PD003999,20250329,A001,R009,L017,Tarde,4266,4628,6.85,5.6,1.25,project_fact_productividad_export.csv,2026-06-23T00:00:00,3999
PD004000,20250617,A010,R014,L015,Día,990,807,10.75,7.69,3.06,project_fact_productividad_export.csv,2026-06-23T00:00:00,4000
