WorkOrderID,CreatedDateKey,ClosedDateKey,AreaID,EquipmentID,ServiceID,ResponsibleID,WorkTypeID,PriorityID,StatusID,EstimatedHours,ActualHours,IsCritical,ReworkFlag,SourceSystem,_SourceFile,_ExportedAt,_LegacyRowNumber
WO000001,20250328,20250404,A006,EQ0014,SV3,R024,WT2,P3,S4,63.01,51.57,False,True,ServiceDesk,project_fact_ordenestrabajo_export.csv,2026-06-23T00:00:00,1
WO000002,20250424,20250428,A003,EQ0033,SV1,R011,WT6,P3,S4,33.77,28.19,False,True,ERP,project_fact_ordenestrabajo_export.csv,2026-06-23T00:00:00,2
WO000003,20250201,20250208,A001,EQ0010,SV6,R011,WT5,P3,S4,27.81,54.16,False,False,ERP,project_fact_ordenestrabajo_export.csv,2026-06-23T00:00:00,3
WO000004,20250318,20250327,A003,EQ0001,SV6,R028,WT6,P3,S4,51.53,68.73,False,False,ERP,project_fact_ordenestrabajo_export.csv,2026-06-23T00:00:00,4
WO000005,20250213,20250215,A001,EQ0007,SV3,R019,WT5,P2,S4,8.64,11.6,True,True,CMMS,project_fact_ordenestrabajo_export.csv,2026-06-23T00:00:00,5
WO000006,20250306,,A002,EQ0036,SV1,R001,WT1,P4,S1,68.98,174.74,False,False,CMMS,project_fact_ordenestrabajo_export.csv,2026-06-23T00:00:00,6
WO000007,20250112,,A006,EQ0027,SV7,R025,WT1,P4,S2,71.39,171.27,False,True,ERP,project_fact_ordenestrabajo_export.csv,2026-06-23T00:00:00,7
WO000008,20250517,,A002,EQ0036,SV8,R018,WT1,P2,S2,11.93,13.38,True,False,ERP,project_fact_ordenestrabajo_export.csv,2026-06-23T00:00:00,8
WO000009,20250204,,A005,EQ0032,SV5,R016,WT1,P4,S2,103.64,132.08,False,False,ERP,project_fact_ordenestrabajo_export.csv,2026-06-23T00:00:00,9
WO000010,20250105,20250119,A005,EQ0037,SV8,R026,WT2,P3,S4,57.19,105.63,False,False,ServiceDesk,project_fact_ordenestrabajo_export.csv,2026-06-23T00:00:00,10
WO000011,20250426,20250505,A005,EQ0018,SV5,R002,WT1,P4,S4,96.56,70.01,False,False,ServiceDesk,project_fact_ordenestrabajo_export.csv,2026-06-23T00:00:00,11
WO000012,20250430,,A004,EQ0004,SV5,R029,WT5,P2,S2,14.62,26.96,True,False,CMMS,project_fact_ordenestrabajo_export.csv,2026-06-23T00:00:00,12
WO000013,20250507,20250508,A004,EQ0003,SV5,R027,WT3,P1,S4,4.81,6.32,True,False,CMMS,project_fact_ordenestrabajo_export.csv,2026-06-23T00:00:00,13
WO000014,20250614,,A006,EQ0014,SV8,R017,WT2,P3,S2,40.97,48.33,False,False,ERP,project_fact_ordenestrabajo_export.csv,2026-06-23T00:00:00,14
WO000015,20250317,,A001,EQ0028,SV4,R029,WT2,P4,S2,78.04,149.98,False,False,ServiceDesk,project_fact_ordenestrabajo_export.csv,2026-06-23T00:00:00,15
WO000016,20250408,,A006,EQ0038,SV7,R022,WT6,P3,S1,26.51,28.07,False,True,CMMS,project_fact_ordenestrabajo_export.csv,2026-06-23T00:00:00,16
WO000017,20250612,20250623,A005,EQ0017,SV4,R029,WT6,P3,S4,64.45,87.17,False,True,ServiceDesk,project_fact_ordenestrabajo_export.csv,2026-06-23T00:00:00,17
WO000018,20250328,20250401,A006,EQ0038,SV7,R022,WT4,P2,S4,20.97,29.27,True,False,CMMS,project_fact_ordenestrabajo_export.csv,2026-06-23T00:00:00,18
WO000019,20250119,20250122,A004,EQ0003,SV2,R030,WT5,P3,S4,25.81,19.54,False,False,ERP,project_fact_ordenestrabajo_export.csv,2026-06-23T00:00:00,19
WO000020,20250321,20250401,A003,EQ0031,SV2,R014,WT4,P4,S4,59.6,84.11,False,False,CMMS,project_fact_ordenestrabajo_export.csv,2026-06-23T00:00:00,20
WO000021,20250221,20250225,A005,EQ0017,SV2,R028,WT3,P3,S4,36.75,28.06,False,True,ServiceDesk,project_fact_ordenestrabajo_export.csv,2026-06-23T00:00:00,21
WO000022,20250205,,A002,EQ0015,SV8,R019,WT3,P2,S1,10.59,10.54,True,False,CMMS,project_fact_ordenestrabajo_export.csv,2026-06-23T00:00:00,22
WO000023,20250624,,A002,EQ0015,SV6,R021,WT3,P3,S2,59.61,59.79,False,False,CMMS,project_fact_ordenestrabajo_export.csv,2026-06-23T00:00:00,23
WO000024,20250301,,A001,EQ0028,SV6,R009,WT1,P4,S2,68.72,170.46,False,False,ServiceDesk,project_fact_ordenestrabajo_export.csv,2026-06-23T00:00:00,24
WO000025,20250506,20250601,A003,EQ0035,SV8,R006,WT2,P4,S4,106.6,200.39,False,True,CMMS,project_fact_ordenestrabajo_export.csv,2026-06-23T00:00:00,25
WO000026,20250131,20250201,A005,EQ0037,SV6,R020,WT1,P2,S4,19.09,7.55,True,False,ServiceDesk,project_fact_ordenestrabajo_export.csv,2026-06-23T00:00:00,26
WO000027,20250325,,A005,EQ0034,SV1,R018,WT1,P1,S1,3.8,4.32,True,False,ERP,project_fact_ordenestrabajo_export.csv,2026-06-23T00:00:00,27
WO000028,20250417,,A001,EQ0010,SV7,R028,WT1,P3,S2,59.25,109.09,False,False,ServiceDesk,project_fact_ordenestrabajo_export.csv,2026-06-23T00:00:00,28
WO000029,20250306,20250309,A003,EQ0022,SV6,R001,WT2,P2,S4,14.8,21.4,True,False,CMMS,project_fact_ordenestrabajo_export.csv,2026-06-23T00:00:00,29
WO000030,20250619,20250630,A004,EQ0029,SV2,R001,WT3,P4,S4,97.29,124.8,False,True,ERP,project_fact_ordenestrabajo_export.csv,2026-06-23T00:00:00,30
WO000031,20250412,20250413,A002,EQ0015,SV7,R010,WT1,P1,S4,6.85,5.51,True,False,ServiceDesk,project_fact_ordenestrabajo_export.csv,2026-06-23T00:00:00,31
WO000032,20250113,20250206,A004,EQ0012,SV5,R014,WT2,P4,S4,97.78,187.58,False,False,CMMS,project_fact_ordenestrabajo_export.csv,2026-06-23T00:00:00,32
WO000033,20250516,20250529,A004,EQ0003,SV3,R026,WT1,P4,S4,72.16,102.12,False,False,ServiceDesk,project_fact_ordenestrabajo_export.csv,2026-06-23T00:00:00,33
WO000034,20250424,,A004,EQ0012,SV8,R014,WT1,P3,S2,43.83,40.07,False,False,ServiceDesk,project_fact_ordenestrabajo_export.csv,2026-06-23T00:00:00,34
WO000035,20250424,,A006,EQ0027,SV1,R023,WT2,P3,S2,48.94,39.78,False,False,ServiceDesk,project_fact_ordenestrabajo_export.csv,2026-06-23T00:00:00,35
WO000036,20250101,20250105,A002,EQ0030,SV1,R008,WT1,P2,S4,18.94,25.72,True,False,CMMS,project_fact_ordenestrabajo_export.csv,2026-06-23T00:00:00,36
WO000037,20250125,20250208,A001,EQ0010,SV1,R029,WT1,P4,S4,62.14,109.26,False,False,CMMS,project_fact_ordenestrabajo_export.csv,2026-06-23T00:00:00,37
WO000038,20250226,20250228,A001,EQ0020,SV5,R011,WT1,P1,S4,4.7,9.08,True,True,CMMS,project_fact_ordenestrabajo_export.csv,2026-06-23T00:00:00,38
WO000039,20250515,20250525,A005,EQ0011,SV6,R014,WT5,P3,S4,32.7,78.81,False,False,CMMS,project_fact_ordenestrabajo_export.csv,2026-06-23T00:00:00,39
WO000040,20250222,20250228,A003,EQ0033,SV1,R011,WT2,P2,S4,16.45,46.76,True,False,ServiceDesk,project_fact_ordenestrabajo_export.csv,2026-06-23T00:00:00,40
WO000041,20250309,,A006,EQ0038,SV8,R026,WT1,P2,S2,16.9,15.4,True,True,ServiceDesk,project_fact_ordenestrabajo_export.csv,2026-06-23T00:00:00,41
WO000042,20250301,,A003,EQ0040,SV5,R019,WT1,P4,S1,66.63,49.9,False,True,ServiceDesk,project_fact_ordenestrabajo_export.csv,2026-06-23T00:00:00,42
WO000043,20250124,,A002,EQ0015,SV7,R027,WT1,P4,S1,63.72,99.59,False,False,ServiceDesk,project_fact_ordenestrabajo_export.csv,2026-06-23T00:00:00,43
WO000044,20250214,20250215,A002,EQ0015,SV6,R009,WT2,P1,S4,4.59,7.36,True,False,ERP,project_fact_ordenestrabajo_export.csv,2026-06-23T00:00:00,44
WO000045,20250328,20250331,A003,EQ0001,SV3,R017,WT1,P2,S4,12.49,17.29,True,True,CMMS,project_fact_ordenestrabajo_export.csv,2026-06-23T00:00:00,45
WO000046,20250107,,A005,EQ0009,SV1,R012,WT4,P2,S2,12.76,20.09,True,False,ERP,project_fact_ordenestrabajo_export.csv,2026-06-23T00:00:00,46
WO000047,20250317,,A004,EQ0004,SV8,R004,WT4,P2,S1,9.82,12.99,True,False,CMMS,project_fact_ordenestrabajo_export.csv,2026-06-23T00:00:00,47
WO000048,20250515,20250529,A002,EQ0036,SV4,R023,WT1,P4,S4,70.23,104.42,False,False,ERP,project_fact_ordenestrabajo_export.csv,2026-06-23T00:00:00,48
WO000049,20250430,,A005,EQ0032,SV6,R027,WT2,P3,S2,37.32,93.59,False,True,CMMS,project_fact_ordenestrabajo_export.csv,2026-06-23T00:00:00,49
WO000050,20250121,20250126,A005,EQ0016,SV7,R011,WT2,P2,S4,18.32,33.36,True,False,CMMS,project_fact_ordenestrabajo_export.csv,2026-06-23T00:00:00,50
WO000051,20250402,,A001,EQ0010,SV3,R028,WT1,P3,S2,55.22,72.27,False,False,ERP,project_fact_ordenestrabajo_export.csv,2026-06-23T00:00:00,51
WO000052,20250209,,A004,EQ0002,SV8,R005,WT2,P3,S2,47.94,44.66,False,False,CMMS,project_fact_ordenestrabajo_export.csv,2026-06-23T00:00:00,52
WO000053,20250201,20250208,A006,EQ0014,SV4,R027,WT2,P3,S4,31.07,49.36,False,False,CMMS,project_fact_ordenestrabajo_export.csv,2026-06-23T00:00:00,53
WO000054,20250331,20250410,A003,EQ0035,SV1,R010,WT1,P3,S4,54.64,75.43,False,False,CMMS,project_fact_ordenestrabajo_export.csv,2026-06-23T00:00:00,54
WO000055,20250416,,A005,EQ0021,SV6,R025,WT2,P3,S2,51.02,120.64,False,True,ServiceDesk,project_fact_ordenestrabajo_export.csv,2026-06-23T00:00:00,55
WO000056,20250316,20250326,A004,EQ0005,SV2,R008,WT1,P4,S4,66.13,73.53,False,False,CMMS,project_fact_ordenestrabajo_export.csv,2026-06-23T00:00:00,56
WO000057,20250527,,A005,EQ0039,SV6,R025,WT3,P1,S3,4.6,4.04,True,False,ServiceDesk,project_fact_ordenestrabajo_export.csv,2026-06-23T00:00:00,57
WO000058,20250623,20250624,A002,EQ0030,SV5,R018,WT1,P1,S4,3.93,5.04,True,False,CMMS,project_fact_ordenestrabajo_export.csv,2026-06-23T00:00:00,58
WO000059,20250304,,A005,EQ0032,SV7,R030,WT6,P4,S2,98.96,120.39,False,False,ERP,project_fact_ordenestrabajo_export.csv,2026-06-23T00:00:00,59
WO000060,20250423,20250425,A003,EQ0033,SV7,R006,WT4,P2,S4,11.26,13.76,True,False,ERP,project_fact_ordenestrabajo_export.csv,2026-06-23T00:00:00,60
WO000061,20250413,,A002,EQ0030,SV4,R029,WT5,P4,S2,66.01,43.59,False,False,ServiceDesk,project_fact_ordenestrabajo_export.csv,2026-06-23T00:00:00,61
WO000062,20250610,,A001,EQ0028,SV5,R002,WT5,P3,S4,61.58,121.11,False,False,ServiceDesk,project_fact_ordenestrabajo_export.csv,2026-06-23T00:00:00,62
WO000063,20250411,,A004,EQ0013,SV1,R030,WT2,P3,S2,57.17,37.61,False,False,ServiceDesk,project_fact_ordenestrabajo_export.csv,2026-06-23T00:00:00,63
WO000064,20250516,20250602,A005,EQ0023,SV6,R001,WT2,P4,S4,54.87,134.78,False,False,ERP,project_fact_ordenestrabajo_export.csv,2026-06-23T00:00:00,64
WO000065,20250310,20250317,A002,EQ0036,SV7,R019,WT1,P3,S4,64.51,50.82,False,False,ERP,project_fact_ordenestrabajo_export.csv,2026-06-23T00:00:00,65
WO000066,20250219,,A006,EQ0014,SV6,R016,WT2,P3,S2,58.47,199.26,False,False,ServiceDesk,project_fact_ordenestrabajo_export.csv,2026-06-23T00:00:00,66
WO000067,20250116,,A005,EQ0037,SV6,R029,WT1,P1,S3,3.97,5.22,True,False,CMMS,project_fact_ordenestrabajo_export.csv,2026-06-23T00:00:00,67
WO000068,20250319,20250323,A002,EQ0015,SV5,R017,WT3,P2,S4,21.24,30.28,True,True,CMMS,project_fact_ordenestrabajo_export.csv,2026-06-23T00:00:00,68
WO000069,20250130,20250131,A005,EQ0017,SV5,R018,WT1,P2,S4,8.68,4.61,True,False,CMMS,project_fact_ordenestrabajo_export.csv,2026-06-23T00:00:00,69
WO000070,20250630,20250630,A004,EQ0004,SV6,R027,WT3,P3,S4,32.69,32.52,False,False,ServiceDesk,project_fact_ordenestrabajo_export.csv,2026-06-23T00:00:00,70
WO000071,20250626,20250629,A004,EQ0002,SV8,R014,WT2,P2,S4,8.9,20.82,True,False,CMMS,project_fact_ordenestrabajo_export.csv,2026-06-23T00:00:00,71
WO000072,20250117,20250130,A004,EQ0008,SV1,R023,WT3,P4,S4,99.62,96.26,False,False,CMMS,project_fact_ordenestrabajo_export.csv,2026-06-23T00:00:00,72
WO000073,20250516,20250518,A005,EQ0009,SV3,R002,WT3,P2,S4,12.64,14.6,True,False,CMMS,project_fact_ordenestrabajo_export.csv,2026-06-23T00:00:00,73
WO000074,20250330,20250331,A003,EQ0001,SV1,R018,WT4,P1,S4,2.94,3.04,True,False,ERP,project_fact_ordenestrabajo_export.csv,2026-06-23T00:00:00,74
WO000075,20250613,20250618,A001,EQ0020,SV6,R019,WT1,P2,S4,19.28,32.57,True,False,ERP,project_fact_ordenestrabajo_export.csv,2026-06-23T00:00:00,75
WO000076,20250511,,A005,EQ0039,SV6,R001,WT2,P3,S2,33.7,39.83,False,False,ServiceDesk,project_fact_ordenestrabajo_export.csv,2026-06-23T00:00:00,76
WO000077,20250423,20250426,A005,EQ0032,SV3,R027,WT2,P2,S4,16.79,16.27,True,False,ERP,project_fact_ordenestrabajo_export.csv,2026-06-23T00:00:00,77
WO000078,20250416,20250421,A003,EQ0001,SV6,R016,WT3,P3,S4,55.07,39.92,False,False,ServiceDesk,project_fact_ordenestrabajo_export.csv,2026-06-23T00:00:00,78
WO000079,20250610,20250615,A005,EQ0032,SV8,R024,WT6,P3,S4,51.82,34.31,False,False,ERP,project_fact_ordenestrabajo_export.csv,2026-06-23T00:00:00,79
WO000080,20250502,,A005,EQ0021,SV3,R027,WT3,P1,S3,4.74,8.52,True,False,ERP,project_fact_ordenestrabajo_export.csv,2026-06-23T00:00:00,80
WO000081,20250409,20250416,A005,EQ0006,SV8,R005,WT1,P3,S4,39.17,49.37,False,False,CMMS,project_fact_ordenestrabajo_export.csv,2026-06-23T00:00:00,81
WO000082,20250607,20250613,A001,EQ0010,SV7,R025,WT2,P3,S4,45.17,46.9,False,False,CMMS,project_fact_ordenestrabajo_export.csv,2026-06-23T00:00:00,82
WO000083,20250118,,A006,EQ0019,SV5,R028,WT3,P3,S2,31.23,26.78,False,False,CMMS,project_fact_ordenestrabajo_export.csv,2026-06-23T00:00:00,83
WO000084,20250619,20250621,A001,EQ0028,SV4,R013,WT3,P1,S4,5.95,12.69,True,False,CMMS,project_fact_ordenestrabajo_export.csv,2026-06-23T00:00:00,84
WO000085,20250209,,A005,EQ0009,SV3,R003,WT3,P2,S2,10.57,7.55,True,True,CMMS,project_fact_ordenestrabajo_export.csv,2026-06-23T00:00:00,85
WO000086,20250628,20250630,A003,EQ0033,SV1,R019,WT2,P3,S4,59.93,61.78,False,False,ERP,project_fact_ordenestrabajo_export.csv,2026-06-23T00:00:00,86
WO000087,20250611,20250623,A001,EQ0028,SV8,R017,WT2,P3,S4,63.87,93.49,False,False,ERP,project_fact_ordenestrabajo_export.csv,2026-06-23T00:00:00,87
WO000088,20250618,20250622,A004,EQ0002,SV4,R001,WT3,P2,S4,16.81,31.12,True,True,ServiceDesk,project_fact_ordenestrabajo_export.csv,2026-06-23T00:00:00,88
WO000089,20250125,,A004,EQ0003,SV8,R024,WT3,P2,S3,13.85,16.27,True,True,ServiceDesk,project_fact_ordenestrabajo_export.csv,2026-06-23T00:00:00,89
WO000090,20250408,20250411,A001,EQ0028,SV1,R009,WT1,P2,S4,10.58,20.43,True,False,ERP,project_fact_ordenestrabajo_export.csv,2026-06-23T00:00:00,90
WO000091,20250611,20250616,A006,EQ0027,SV2,R026,WT1,P2,S4,17.99,36.26,True,False,ServiceDesk,project_fact_ordenestrabajo_export.csv,2026-06-23T00:00:00,91
WO000092,20250114,20250125,A004,EQ0013,SV1,R013,WT2,P3,S4,61.4,80.16,False,True,CMMS,project_fact_ordenestrabajo_export.csv,2026-06-23T00:00:00,92
WO000093,20250211,20250215,A005,EQ0006,SV8,R021,WT2,P2,S4,18.38,24.9,True,False,CMMS,project_fact_ordenestrabajo_export.csv,2026-06-23T00:00:00,93
WO000094,20250424,20250426,A005,EQ0023,SV2,R010,WT3,P2,S5,11.55,13.95,True,False,CMMS,project_fact_ordenestrabajo_export.csv,2026-06-23T00:00:00,94
WO000095,20250413,20250422,A004,EQ0008,SV5,R006,WT2,P3,S4,48.76,65.12,False,True,ServiceDesk,project_fact_ordenestrabajo_export.csv,2026-06-23T00:00:00,95
WO000096,20250325,20250401,A005,EQ0016,SV7,R002,WT4,P3,S4,40.34,54.45,False,False,ERP,project_fact_ordenestrabajo_export.csv,2026-06-23T00:00:00,96
WO000097,20250205,20250206,A005,EQ0006,SV5,R029,WT3,P2,S4,12.7,5.54,True,False,CMMS,project_fact_ordenestrabajo_export.csv,2026-06-23T00:00:00,97
WO000098,20250208,20250212,A005,EQ0032,SV8,R001,WT2,P3,S4,33.86,25.47,False,False,ERP,project_fact_ordenestrabajo_export.csv,2026-06-23T00:00:00,98
WO000099,20250515,20250517,A005,EQ0006,SV4,R002,WT1,P2,S4,8.49,8.51,True,True,ServiceDesk,project_fact_ordenestrabajo_export.csv,2026-06-23T00:00:00,99
WO000100,20250416,20250420,A006,EQ0019,SV8,R021,WT2,P2,S4,20.8,25.32,True,True,ServiceDesk,project_fact_ordenestrabajo_export.csv,2026-06-23T00:00:00,100
WO000101,20250605,,A005,EQ0018,SV2,R016,WT6,P2,S2,17.8,34.59,True,False,ServiceDesk,project_fact_ordenestrabajo_export.csv,2026-06-23T00:00:00,101
WO000102,20250106,20250108,A002,EQ0030,SV1,R030,WT6,P2,S4,16.5,13.73,True,True,ERP,project_fact_ordenestrabajo_export.csv,2026-06-23T00:00:00,102
WO000103,20250104,20250122,A001,EQ0007,SV3,R020,WT1,P3,S4,55.97,139.59,False,False,ServiceDesk,project_fact_ordenestrabajo_export.csv,2026-06-23T00:00:00,103
WO000104,20250508,,A001,EQ0020,SV5,R008,WT1,P2,S2,13.46,9.26,True,False,ServiceDesk,project_fact_ordenestrabajo_export.csv,2026-06-23T00:00:00,104
WO000105,20250109,20250117,A003,EQ0033,SV2,R011,WT1,P3,S4,50.47,62.02,False,False,ServiceDesk,project_fact_ordenestrabajo_export.csv,2026-06-23T00:00:00,105
WO000106,20250117,20250125,A003,EQ0001,SV2,R003,WT3,P2,S4,20.37,59.63,True,False,ServiceDesk,project_fact_ordenestrabajo_export.csv,2026-06-23T00:00:00,106
WO000107,20250101,20250103,A005,EQ0016,SV5,R023,WT5,P2,S4,12.69,11.42,True,False,CMMS,project_fact_ordenestrabajo_export.csv,2026-06-23T00:00:00,107
WO000108,20250330,20250401,A005,EQ0021,SV6,R015,WT5,P2,S4,12.88,14.7,True,False,ERP,project_fact_ordenestrabajo_export.csv,2026-06-23T00:00:00,108
WO000109,20250412,20250417,A006,EQ0038,SV6,R030,WT2,P3,S4,36.33,37.18,False,False,ServiceDesk,project_fact_ordenestrabajo_export.csv,2026-06-23T00:00:00,109
WO000110,20250504,,A003,EQ0025,SV1,R030,WT2,P3,S2,29.99,36.7,False,False,ERP,project_fact_ordenestrabajo_export.csv,2026-06-23T00:00:00,110
WO000111,20250123,20250201,A006,EQ0038,SV5,R027,WT2,P4,S4,72.63,65.93,False,False,CMMS,project_fact_ordenestrabajo_export.csv,2026-06-23T00:00:00,111
WO000112,20250426,20250429,A005,EQ0009,SV3,R029,WT3,P2,S4,18.9,19.89,True,False,ERP,project_fact_ordenestrabajo_export.csv,2026-06-23T00:00:00,112
WO000113,20250624,,A003,EQ0031,SV3,R021,WT3,P2,S2,11.62,11.36,True,False,ERP,project_fact_ordenestrabajo_export.csv,2026-06-23T00:00:00,113
WO000114,20250617,20250618,A003,EQ0033,SV5,R019,WT6,P1,S4,3.59,3.76,True,False,ERP,project_fact_ordenestrabajo_export.csv,2026-06-23T00:00:00,114
WO000115,20250107,20250113,A005,EQ0037,SV5,R021,WT5,P3,S4,50.25,47.37,False,False,ServiceDesk,project_fact_ordenestrabajo_export.csv,2026-06-23T00:00:00,115
WO000116,20250226,20250304,A004,EQ0008,SV3,R023,WT1,P3,S4,46.83,46.86,False,False,CMMS,project_fact_ordenestrabajo_export.csv,2026-06-23T00:00:00,116
WO000117,20250409,,A003,EQ0001,SV1,R026,WT2,P2,S3,18.65,37.64,True,False,ServiceDesk,project_fact_ordenestrabajo_export.csv,2026-06-23T00:00:00,117
WO000118,20250129,,A002,EQ0030,SV6,R005,WT2,P2,S1,10.05,19.98,True,False,ERP,project_fact_ordenestrabajo_export.csv,2026-06-23T00:00:00,118
WO000119,20250201,20250203,A004,EQ0002,SV8,R013,WT6,P2,S4,19.72,13.67,True,False,CMMS,project_fact_ordenestrabajo_export.csv,2026-06-23T00:00:00,119
WO000120,20250314,,A003,EQ0022,SV6,R002,WT1,P1,S2,6.91,8.58,True,False,ServiceDesk,project_fact_ordenestrabajo_export.csv,2026-06-23T00:00:00,120
WO000121,20250526,20250605,A006,EQ0019,SV1,R010,WT3,P4,S4,97.35,73.08,False,False,ERP,project_fact_ordenestrabajo_export.csv,2026-06-23T00:00:00,121
WO000122,20250308,20250312,A005,EQ0023,SV5,R011,WT1,P3,S4,38.89,31.14,False,False,ServiceDesk,project_fact_ordenestrabajo_export.csv,2026-06-23T00:00:00,122
WO000123,20250321,,A001,EQ0026,SV3,R021,WT6,P3,S2,43.78,88.94,False,False,ServiceDesk,project_fact_ordenestrabajo_export.csv,2026-06-23T00:00:00,123
WO000124,20250428,20250507,A005,EQ0018,SV5,R008,WT4,P4,S4,99.3,70.46,False,True,ERP,project_fact_ordenestrabajo_export.csv,2026-06-23T00:00:00,124
WO000125,20250224,20250228,A005,EQ0011,SV1,R023,WT1,P3,S4,39.68,26.47,False,False,CMMS,project_fact_ordenestrabajo_export.csv,2026-06-23T00:00:00,125
WO000126,20250208,,A005,EQ0023,SV8,R011,WT1,P1,S3,3.12,2.65,True,False,ERP,project_fact_ordenestrabajo_export.csv,2026-06-23T00:00:00,126
WO000127,20250106,20250122,A005,EQ0018,SV3,R016,WT1,P4,S4,97.54,125.98,False,False,ERP,project_fact_ordenestrabajo_export.csv,2026-06-23T00:00:00,127
WO000128,20250624,20250630,A005,EQ0021,SV6,R013,WT3,P3,S4,32.64,40.66,False,False,CMMS,project_fact_ordenestrabajo_export.csv,2026-06-23T00:00:00,128
WO000129,20250221,20250309,A005,EQ0037,SV5,R020,WT1,P4,S5,90.51,125.2,False,False,CMMS,project_fact_ordenestrabajo_export.csv,2026-06-23T00:00:00,129
WO000130,20250627,,A004,EQ0012,SV3,R005,WT2,P4,S2,101.17,114.57,False,False,ServiceDesk,project_fact_ordenestrabajo_export.csv,2026-06-23T00:00:00,130
WO000131,20250407,20250422,A006,EQ0038,SV3,R011,WT2,P3,S4,57.43,112.76,False,False,ServiceDesk,project_fact_ordenestrabajo_export.csv,2026-06-23T00:00:00,131
WO000132,20250310,20250320,A001,EQ0020,SV5,R024,WT2,P4,S4,81.43,76.68,False,False,ServiceDesk,project_fact_ordenestrabajo_export.csv,2026-06-23T00:00:00,132
WO000133,20250316,,A002,EQ0030,SV1,R027,WT1,P3,S3,59.86,62.18,False,True,ERP,project_fact_ordenestrabajo_export.csv,2026-06-23T00:00:00,133
WO000134,20250219,,A005,EQ0006,SV3,R013,WT2,P3,S1,62.43,63.93,False,False,ERP,project_fact_ordenestrabajo_export.csv,2026-06-23T00:00:00,134
WO000135,20250419,20250425,A006,EQ0019,SV7,R030,WT3,P4,S4,54.16,41.2,False,False,ServiceDesk,project_fact_ordenestrabajo_export.csv,2026-06-23T00:00:00,135
WO000136,20250427,,A001,EQ0010,SV3,R019,WT4,P2,S2,9.29,15.36,True,True,ServiceDesk,project_fact_ordenestrabajo_export.csv,2026-06-23T00:00:00,136
WO000137,20250518,20250524,A005,EQ0039,SV8,R005,WT6,P3,S4,54.34,40.2,False,False,CMMS,project_fact_ordenestrabajo_export.csv,2026-06-23T00:00:00,137
WO000138,20250627,20250629,A005,EQ0011,SV8,R008,WT1,P2,S4,11.49,14.81,True,False,ServiceDesk,project_fact_ordenestrabajo_export.csv,2026-06-23T00:00:00,138
WO000139,20250603,20250616,A005,EQ0006,SV5,R002,WT2,P4,S4,90.09,96.02,False,False,ServiceDesk,project_fact_ordenestrabajo_export.csv,2026-06-23T00:00:00,139
WO000140,20250607,20250613,A003,EQ0035,SV7,R015,WT1,P3,S4,51.9,40.62,False,True,ERP,project_fact_ordenestrabajo_export.csv,2026-06-23T00:00:00,140
WO000141,20250615,20250618,A004,EQ0008,SV3,R009,WT2,P2,S4,14.22,18.27,True,False,ServiceDesk,project_fact_ordenestrabajo_export.csv,2026-06-23T00:00:00,141
WO000142,20250616,20250622,A003,EQ0031,SV7,R024,WT1,P4,S4,91.4,42.06,False,False,CMMS,project_fact_ordenestrabajo_export.csv,2026-06-23T00:00:00,142
WO000143,20250318,20250402,A003,EQ0040,SV5,R022,WT2,P3,S4,63.91,118.5,False,False,CMMS,project_fact_ordenestrabajo_export.csv,2026-06-23T00:00:00,143
WO000144,20250120,20250121,A005,EQ0006,SV7,R029,WT6,P1,S4,6.3,4.32,True,True,ServiceDesk,project_fact_ordenestrabajo_export.csv,2026-06-23T00:00:00,144
WO000145,20250512,20250514,A001,EQ0020,SV2,R020,WT2,P2,S4,8.5,8.65,True,False,ServiceDesk,project_fact_ordenestrabajo_export.csv,2026-06-23T00:00:00,145
WO000146,20250425,20250427,A003,EQ0040,SV1,R001,WT5,P1,S4,6.99,10.0,True,False,CMMS,project_fact_ordenestrabajo_export.csv,2026-06-23T00:00:00,146
WO000147,20250417,20250425,A006,EQ0024,SV8,R029,WT4,P3,S4,46.99,58.83,False,True,ServiceDesk,project_fact_ordenestrabajo_export.csv,2026-06-23T00:00:00,147
WO000148,20250525,20250604,A003,EQ0035,SV1,R016,WT1,P4,S4,54.46,78.35,False,False,ServiceDesk,project_fact_ordenestrabajo_export.csv,2026-06-23T00:00:00,148
WO000149,20250606,20250614,A004,EQ0004,SV3,R018,WT3,P3,S4,37.35,59.25,False,False,ERP,project_fact_ordenestrabajo_export.csv,2026-06-23T00:00:00,149
WO000150,20250624,20250630,A003,EQ0035,SV2,R003,WT5,P3,S4,60.28,132.97,False,True,CMMS,project_fact_ordenestrabajo_export.csv,2026-06-23T00:00:00,150
WO000151,20250531,20250601,A003,EQ0040,SV7,R019,WT1,P1,S4,5.16,5.04,True,False,CMMS,project_fact_ordenestrabajo_export.csv,2026-06-23T00:00:00,151
WO000152,20250222,20250311,A004,EQ0003,SV6,R001,WT1,P4,S4,63.61,128.8,False,False,ERP,project_fact_ordenestrabajo_export.csv,2026-06-23T00:00:00,152
WO000153,20250102,,A006,EQ0027,SV4,R027,WT1,P3,S2,50.53,59.3,False,False,ServiceDesk,project_fact_ordenestrabajo_export.csv,2026-06-23T00:00:00,153
WO000154,20250407,,A005,EQ0006,SV8,R005,WT2,P1,S4,4.17,3.88,True,True,ERP,project_fact_ordenestrabajo_export.csv,2026-06-23T00:00:00,154
WO000155,20250330,20250405,A004,EQ0005,SV8,R014,WT4,P3,S4,53.65,43.08,False,True,ERP,project_fact_ordenestrabajo_export.csv,2026-06-23T00:00:00,155
WO000156,20250426,20250427,A005,EQ0009,SV6,R024,WT2,P1,S4,5.43,7.73,True,False,ServiceDesk,project_fact_ordenestrabajo_export.csv,2026-06-23T00:00:00,156
WO000157,20250505,20250506,A005,EQ0016,SV6,R010,WT2,P1,S4,5.88,6.49,True,False,ERP,project_fact_ordenestrabajo_export.csv,2026-06-23T00:00:00,157
WO000158,20250206,20250214,A005,EQ0017,SV5,R001,WT2,P4,S4,44.82,58.85,False,True,ServiceDesk,project_fact_ordenestrabajo_export.csv,2026-06-23T00:00:00,158
WO000159,20250310,,A003,EQ0040,SV8,R002,WT1,P3,S2,29.44,42.22,False,False,ServiceDesk,project_fact_ordenestrabajo_export.csv,2026-06-23T00:00:00,159
WO000160,20250401,20250406,A005,EQ0009,SV7,R029,WT5,P4,S4,88.3,37.01,False,False,CMMS,project_fact_ordenestrabajo_export.csv,2026-06-23T00:00:00,160
WO000161,20250214,20250224,A001,EQ0010,SV6,R014,WT1,P3,S4,37.92,79.0,False,False,ServiceDesk,project_fact_ordenestrabajo_export.csv,2026-06-23T00:00:00,161
WO000162,20250326,20250331,A001,EQ0020,SV2,R025,WT2,P3,S4,28.95,35.53,False,False,ServiceDesk,project_fact_ordenestrabajo_export.csv,2026-06-23T00:00:00,162
WO000163,20250118,,A001,EQ0028,SV6,R021,WT2,P3,S1,51.08,90.42,False,True,ERP,project_fact_ordenestrabajo_export.csv,2026-06-23T00:00:00,163
WO000164,20250327,20250330,A006,EQ0038,SV6,R007,WT1,P2,S4,21.47,20.42,True,True,ServiceDesk,project_fact_ordenestrabajo_export.csv,2026-06-23T00:00:00,164
WO000165,20250503,20250509,A003,EQ0022,SV4,R023,WT5,P4,S4,68.07,44.05,False,True,ERP,project_fact_ordenestrabajo_export.csv,2026-06-23T00:00:00,165
WO000166,20250317,,A002,EQ0030,SV6,R002,WT5,P2,S2,16.05,13.14,True,False,CMMS,project_fact_ordenestrabajo_export.csv,2026-06-23T00:00:00,166
WO000167,20250613,,A004,EQ0003,SV5,R017,WT1,P3,S3,43.76,58.05,False,False,ServiceDesk,project_fact_ordenestrabajo_export.csv,2026-06-23T00:00:00,167
WO000168,20250322,20250329,A002,EQ0036,SV3,R022,WT6,P3,S4,41.84,53.03,False,True,ServiceDesk,project_fact_ordenestrabajo_export.csv,2026-06-23T00:00:00,168
WO000169,20250506,20250511,A003,EQ0001,SV3,R030,WT1,P3,S4,44.86,38.62,False,False,CMMS,project_fact_ordenestrabajo_export.csv,2026-06-23T00:00:00,169
WO000170,20250323,20250325,A005,EQ0023,SV1,R020,WT5,P1,S4,7.11,13.81,True,False,CMMS,project_fact_ordenestrabajo_export.csv,2026-06-23T00:00:00,170
WO000171,20250612,20250617,A004,EQ0008,SV5,R019,WT2,P3,S4,29.08,32.75,False,True,CMMS,project_fact_ordenestrabajo_export.csv,2026-06-23T00:00:00,171
WO000172,20250507,20250516,A004,EQ0013,SV2,R026,WT1,P4,S4,48.67,65.74,False,False,ServiceDesk,project_fact_ordenestrabajo_export.csv,2026-06-23T00:00:00,172
WO000173,20250531,20250603,A002,EQ0030,SV1,R026,WT2,P2,S4,13.18,16.59,True,False,CMMS,project_fact_ordenestrabajo_export.csv,2026-06-23T00:00:00,173
WO000174,20250417,20250421,A003,EQ0031,SV4,R020,WT5,P2,S4,19.1,27.17,True,False,ERP,project_fact_ordenestrabajo_export.csv,2026-06-23T00:00:00,174
WO000175,20250405,20250408,A005,EQ0023,SV8,R022,WT2,P2,S5,20.06,16.83,True,False,ServiceDesk,project_fact_ordenestrabajo_export.csv,2026-06-23T00:00:00,175
WO000176,20250301,20250322,A005,EQ0006,SV8,R004,WT2,P4,S5,90.6,160.56,False,False,CMMS,project_fact_ordenestrabajo_export.csv,2026-06-23T00:00:00,176
WO000177,20250222,20250226,A004,EQ0012,SV1,R014,WT6,P3,S4,35.26,30.01,False,False,CMMS,project_fact_ordenestrabajo_export.csv,2026-06-23T00:00:00,177
WO000178,20250627,20250628,A004,EQ0013,SV4,R009,WT2,P1,S4,6.89,6.02,True,False,CMMS,project_fact_ordenestrabajo_export.csv,2026-06-23T00:00:00,178
WO000179,20250320,20250322,A006,EQ0024,SV2,R024,WT1,P1,S4,6.69,11.62,True,False,ServiceDesk,project_fact_ordenestrabajo_export.csv,2026-06-23T00:00:00,179
WO000180,20250625,20250630,A003,EQ0025,SV7,R007,WT1,P4,S4,80.41,66.17,False,False,ServiceDesk,project_fact_ordenestrabajo_export.csv,2026-06-23T00:00:00,180
WO000181,20250517,20250519,A005,EQ0017,SV3,R016,WT1,P2,S4,15.92,15.72,True,False,ServiceDesk,project_fact_ordenestrabajo_export.csv,2026-06-23T00:00:00,181
WO000182,20250117,20250121,A005,EQ0016,SV1,R014,WT3,P2,S4,19.34,31.56,True,False,CMMS,project_fact_ordenestrabajo_export.csv,2026-06-23T00:00:00,182
WO000183,20250601,20250602,A005,EQ0011,SV8,R004,WT2,P2,S5,8.44,5.87,True,False,ServiceDesk,project_fact_ordenestrabajo_export.csv,2026-06-23T00:00:00,183
WO000184,20250407,,A004,EQ0004,SV3,R009,WT1,P4,S3,90.38,92.61,False,False,ERP,project_fact_ordenestrabajo_export.csv,2026-06-23T00:00:00,184
WO000185,20250213,20250214,A001,EQ0020,SV1,R017,WT6,P2,S4,9.21,6.91,True,False,ERP,project_fact_ordenestrabajo_export.csv,2026-06-23T00:00:00,185
WO000186,20250518,,A004,EQ0004,SV8,R001,WT1,P4,S1,99.91,169.68,False,False,CMMS,project_fact_ordenestrabajo_export.csv,2026-06-23T00:00:00,186
WO000187,20250616,,A005,EQ0037,SV8,R003,WT4,P3,S2,31.58,22.14,False,False,CMMS,project_fact_ordenestrabajo_export.csv,2026-06-23T00:00:00,187
WO000188,20250401,,A006,EQ0027,SV6,R014,WT2,P3,S2,37.09,22.72,False,False,ServiceDesk,project_fact_ordenestrabajo_export.csv,2026-06-23T00:00:00,188
WO000189,20250425,,A006,EQ0014,SV3,R026,WT2,P1,S2,4.32,4.64,True,False,ERP,project_fact_ordenestrabajo_export.csv,2026-06-23T00:00:00,189
WO000190,20250125,,A005,EQ0016,SV5,R014,WT2,P3,S3,52.36,62.7,False,False,ERP,project_fact_ordenestrabajo_export.csv,2026-06-23T00:00:00,190
WO000191,20250313,20250315,A002,EQ0036,SV8,R003,WT2,P2,S4,18.32,12.09,True,False,CMMS,project_fact_ordenestrabajo_export.csv,2026-06-23T00:00:00,191
WO000192,20250117,,A006,EQ0019,SV8,R018,WT4,P1,S3,4.37,3.37,True,False,ServiceDesk,project_fact_ordenestrabajo_export.csv,2026-06-23T00:00:00,192
WO000193,20250123,20250129,A004,EQ0029,SV6,R012,WT5,P3,S4,50.9,46.3,False,False,ERP,project_fact_ordenestrabajo_export.csv,2026-06-23T00:00:00,193
WO000194,20250620,20250622,A005,EQ0034,SV4,R025,WT1,P2,S4,13.54,14.96,True,False,ServiceDesk,project_fact_ordenestrabajo_export.csv,2026-06-23T00:00:00,194
WO000195,20250428,20250503,A006,EQ0024,SV1,R003,WT4,P3,S4,25.43,39.49,False,False,ServiceDesk,project_fact_ordenestrabajo_export.csv,2026-06-23T00:00:00,195
WO000196,20250123,,A001,EQ0026,SV8,R009,WT1,P2,S2,18.14,25.29,True,False,ERP,project_fact_ordenestrabajo_export.csv,2026-06-23T00:00:00,196
WO000197,20250530,20250601,A006,EQ0024,SV2,R027,WT6,P2,S4,21.42,8.9,True,True,CMMS,project_fact_ordenestrabajo_export.csv,2026-06-23T00:00:00,197
WO000198,20250302,20250309,A002,EQ0036,SV5,R014,WT2,P3,S4,51.8,51.51,False,False,CMMS,project_fact_ordenestrabajo_export.csv,2026-06-23T00:00:00,198
WO000199,20250110,20250115,A005,EQ0011,SV8,R008,WT1,P3,S4,52.98,38.32,False,False,ERP,project_fact_ordenestrabajo_export.csv,2026-06-23T00:00:00,199
WO000200,20250316,20250321,A004,EQ0002,SV4,R027,WT3,P3,S4,50.84,35.14,False,False,ERP,project_fact_ordenestrabajo_export.csv,2026-06-23T00:00:00,200
WO000201,20250609,20250615,A005,EQ0023,SV3,R012,WT2,P3,S4,36.7,43.56,False,True,ServiceDesk,project_fact_ordenestrabajo_export.csv,2026-06-23T00:00:00,201
WO000202,20250414,20250420,A005,EQ0011,SV3,R023,WT2,P3,S5,62.38,45.17,False,False,CMMS,project_fact_ordenestrabajo_export.csv,2026-06-23T00:00:00,202
WO000203,20250528,20250603,A004,EQ0003,SV1,R005,WT1,P3,S4,43.66,47.87,False,True,ERP,project_fact_ordenestrabajo_export.csv,2026-06-23T00:00:00,203
WO000204,20250514,20250518,A004,EQ0013,SV3,R007,WT2,P4,S5,64.1,26.31,False,True,ServiceDesk,project_fact_ordenestrabajo_export.csv,2026-06-23T00:00:00,204
WO000205,20250511,20250518,A001,EQ0026,SV3,R010,WT6,P3,S4,26.41,49.98,False,False,CMMS,project_fact_ordenestrabajo_export.csv,2026-06-23T00:00:00,205
WO000206,20250104,20250105,A005,EQ0011,SV1,R008,WT1,P2,S4,13.6,7.91,True,False,CMMS,project_fact_ordenestrabajo_export.csv,2026-06-23T00:00:00,206
WO000207,20250105,,A005,EQ0021,SV7,R026,WT3,P2,S2,17.38,25.47,True,True,ERP,project_fact_ordenestrabajo_export.csv,2026-06-23T00:00:00,207
WO000208,20250126,,A004,EQ0013,SV2,R030,WT2,P4,S1,103.85,64.56,False,False,ERP,project_fact_ordenestrabajo_export.csv,2026-06-23T00:00:00,208
WO000209,20250113,,A006,EQ0019,SV6,R024,WT5,P3,S1,31.41,29.41,False,True,CMMS,project_fact_ordenestrabajo_export.csv,2026-06-23T00:00:00,209
WO000210,20250119,,A001,EQ0028,SV6,R019,WT1,P4,S1,92.94,235.46,False,False,CMMS,project_fact_ordenestrabajo_export.csv,2026-06-23T00:00:00,210
WO000211,20250502,20250507,A004,EQ0013,SV5,R030,WT2,P3,S4,36.93,37.9,False,False,ERP,project_fact_ordenestrabajo_export.csv,2026-06-23T00:00:00,211
WO000212,20250504,20250506,A006,EQ0038,SV1,R019,WT2,P2,S4,20.63,13.13,True,True,CMMS,project_fact_ordenestrabajo_export.csv,2026-06-23T00:00:00,212
WO000213,20250121,,A001,EQ0020,SV2,R011,WT4,P2,S2,13.59,7.66,True,True,ServiceDesk,project_fact_ordenestrabajo_export.csv,2026-06-23T00:00:00,213
WO000214,20250211,,A002,EQ0015,SV5,R024,WT1,P3,S2,45.24,40.08,False,False,CMMS,project_fact_ordenestrabajo_export.csv,2026-06-23T00:00:00,214
WO000215,20250221,20250228,A005,EQ0034,SV3,R014,WT3,P3,S4,63.72,48.32,False,False,ERP,project_fact_ordenestrabajo_export.csv,2026-06-23T00:00:00,215
WO000216,20250525,20250527,A005,EQ0032,SV3,R016,WT6,P1,S4,6.9,9.75,True,False,CMMS,project_fact_ordenestrabajo_export.csv,2026-06-23T00:00:00,216
WO000217,20250402,,A001,EQ0028,SV1,R028,WT2,P2,S2,15.0,37.08,True,False,ServiceDesk,project_fact_ordenestrabajo_export.csv,2026-06-23T00:00:00,217
WO000218,20250321,20250410,A006,EQ0027,SV2,R017,WT2,P4,S4,62.72,156.28,False,False,ERP,project_fact_ordenestrabajo_export.csv,2026-06-23T00:00:00,218
WO000219,20250223,,A001,EQ0020,SV7,R014,WT2,P2,S2,18.43,19.58,True,False,CMMS,project_fact_ordenestrabajo_export.csv,2026-06-23T00:00:00,219
WO000220,20250517,20250519,A005,EQ0021,SV3,R016,WT1,P1,S4,4.52,11.48,True,False,ServiceDesk,project_fact_ordenestrabajo_export.csv,2026-06-23T00:00:00,220
WO000221,20250216,20250217,A005,EQ0016,SV4,R018,WT5,P2,S4,9.02,7.92,True,False,ERP,project_fact_ordenestrabajo_export.csv,2026-06-23T00:00:00,221
WO000222,20250603,20250607,A004,EQ0005,SV6,R013,WT6,P2,S4,16.16,26.73,True,False,ServiceDesk,project_fact_ordenestrabajo_export.csv,2026-06-23T00:00:00,222
WO000223,20250503,20250509,A005,EQ0009,SV5,R019,WT1,P3,S5,39.7,43.1,False,False,ERP,project_fact_ordenestrabajo_export.csv,2026-06-23T00:00:00,223
WO000224,20250209,,A005,EQ0032,SV1,R012,WT5,P3,S3,30.82,55.13,False,False,ERP,project_fact_ordenestrabajo_export.csv,2026-06-23T00:00:00,224
WO000225,20250217,,A005,EQ0023,SV7,R011,WT1,P3,S3,52.17,99.16,False,True,ServiceDesk,project_fact_ordenestrabajo_export.csv,2026-06-23T00:00:00,225
WO000226,20250630,20250630,A004,EQ0004,SV7,R019,WT2,P4,S4,42.95,57.15,False,True,ERP,project_fact_ordenestrabajo_export.csv,2026-06-23T00:00:00,226
WO000227,20250403,20250405,A003,EQ0025,SV8,R009,WT2,P3,S4,26.64,14.23,False,False,CMMS,project_fact_ordenestrabajo_export.csv,2026-06-23T00:00:00,227
WO000228,20250625,,A002,EQ0015,SV1,R020,WT1,P2,S2,12.92,17.55,True,False,ServiceDesk,project_fact_ordenestrabajo_export.csv,2026-06-23T00:00:00,228
WO000229,20250418,20250421,A005,EQ0023,SV7,R013,WT3,P2,S4,12.69,16.18,True,True,CMMS,project_fact_ordenestrabajo_export.csv,2026-06-23T00:00:00,229
WO000230,20250225,,A003,EQ0033,SV4,R021,WT2,P2,S2,18.18,10.98,True,False,ERP,project_fact_ordenestrabajo_export.csv,2026-06-23T00:00:00,230
WO000231,20250509,20250515,A004,EQ0012,SV1,R028,WT1,P3,S4,36.87,47.24,False,False,CMMS,project_fact_ordenestrabajo_export.csv,2026-06-23T00:00:00,231
WO000232,20250113,,A003,EQ0001,SV1,R007,WT5,P3,S2,30.31,20.76,False,False,CMMS,project_fact_ordenestrabajo_export.csv,2026-06-23T00:00:00,232
WO000233,20250222,,A005,EQ0006,SV2,R009,WT2,P4,S3,82.26,103.78,False,False,ERP,project_fact_ordenestrabajo_export.csv,2026-06-23T00:00:00,233
WO000234,20250311,20250313,A005,EQ0037,SV3,R007,WT1,P2,S4,11.59,8.05,True,False,ServiceDesk,project_fact_ordenestrabajo_export.csv,2026-06-23T00:00:00,234
WO000235,20250623,20250630,A004,EQ0005,SV3,R008,WT5,P4,S4,88.54,82.84,False,False,ERP,project_fact_ordenestrabajo_export.csv,2026-06-23T00:00:00,235
WO000236,20250308,20250317,A004,EQ0002,SV1,R003,WT2,P3,S4,33.37,69.2,False,False,CMMS,project_fact_ordenestrabajo_export.csv,2026-06-23T00:00:00,236
WO000237,20250113,,A006,EQ0014,SV3,R015,WT6,P3,S1,25.92,46.1,False,True,CMMS,project_fact_ordenestrabajo_export.csv,2026-06-23T00:00:00,237
WO000238,20250421,20250426,A005,EQ0023,SV2,R013,WT2,P3,S4,30.48,36.7,False,False,ServiceDesk,project_fact_ordenestrabajo_export.csv,2026-06-23T00:00:00,238
WO000239,20250210,,A001,EQ0007,SV4,R009,WT5,P3,S3,27.16,22.99,False,False,ERP,project_fact_ordenestrabajo_export.csv,2026-06-23T00:00:00,239
WO000240,20250118,20250123,A005,EQ0011,SV2,R023,WT1,P3,S4,34.25,33.73,False,True,ServiceDesk,project_fact_ordenestrabajo_export.csv,2026-06-23T00:00:00,240
WO000241,20250616,,A003,EQ0040,SV6,R022,WT2,P2,S3,18.03,21.73,True,False,CMMS,project_fact_ordenestrabajo_export.csv,2026-06-23T00:00:00,241
WO000242,20250415,20250417,A005,EQ0006,SV4,R013,WT5,P2,S4,12.47,12.87,True,False,CMMS,project_fact_ordenestrabajo_export.csv,2026-06-23T00:00:00,242
WO000243,20250303,,A001,EQ0026,SV5,R021,WT3,P3,S2,37.3,29.15,False,False,ServiceDesk,project_fact_ordenestrabajo_export.csv,2026-06-23T00:00:00,243
WO000244,20250111,20250201,A005,EQ0009,SV1,R007,WT6,P4,S4,64.0,166.49,False,False,CMMS,project_fact_ordenestrabajo_export.csv,2026-06-23T00:00:00,244
WO000245,20250103,20250105,A004,EQ0004,SV3,R013,WT2,P2,S4,16.93,15.82,True,True,ServiceDesk,project_fact_ordenestrabajo_export.csv,2026-06-23T00:00:00,245
WO000246,20250628,20250630,A006,EQ0019,SV2,R003,WT6,P3,S4,42.45,33.2,False,False,CMMS,project_fact_ordenestrabajo_export.csv,2026-06-23T00:00:00,246
WO000247,20250214,20250302,A001,EQ0010,SV2,R004,WT3,P3,S4,55.23,121.75,False,False,ERP,project_fact_ordenestrabajo_export.csv,2026-06-23T00:00:00,247
WO000248,20250315,20250321,A003,EQ0031,SV5,R017,WT1,P3,S4,34.08,41.24,False,True,ServiceDesk,project_fact_ordenestrabajo_export.csv,2026-06-23T00:00:00,248
WO000249,20250417,,A005,EQ0006,SV7,R007,WT4,P3,S2,33.55,43.5,False,False,ERP,project_fact_ordenestrabajo_export.csv,2026-06-23T00:00:00,249
WO000250,20250523,20250607,A001,EQ0010,SV8,R002,WT2,P4,S4,80.68,112.18,False,False,ERP,project_fact_ordenestrabajo_export.csv,2026-06-23T00:00:00,250
WO000251,20250612,20250626,A004,EQ0008,SV5,R029,WT4,P3,S4,64.4,107.74,False,False,ServiceDesk,project_fact_ordenestrabajo_export.csv,2026-06-23T00:00:00,251
WO000252,20250619,20250627,A005,EQ0011,SV7,R020,WT2,P3,S4,48.33,59.49,False,True,ServiceDesk,project_fact_ordenestrabajo_export.csv,2026-06-23T00:00:00,252
WO000253,20250629,20250630,A005,EQ0039,SV7,R025,WT2,P3,S4,58.78,61.96,False,False,CMMS,project_fact_ordenestrabajo_export.csv,2026-06-23T00:00:00,253
WO000254,20250612,20250619,A002,EQ0030,SV5,R011,WT1,P3,S4,63.89,51.0,False,False,ERP,project_fact_ordenestrabajo_export.csv,2026-06-23T00:00:00,254
WO000255,20250307,20250311,A005,EQ0032,SV3,R017,WT1,P2,S4,15.41,31.04,True,False,ServiceDesk,project_fact_ordenestrabajo_export.csv,2026-06-23T00:00:00,255
WO000256,20250627,20250629,A005,EQ0011,SV8,R003,WT3,P2,S4,15.13,8.01,True,False,ERP,project_fact_ordenestrabajo_export.csv,2026-06-23T00:00:00,256
WO000257,20250318,20250321,A006,EQ0027,SV7,R007,WT2,P3,S4,57.08,20.77,False,True,CMMS,project_fact_ordenestrabajo_export.csv,2026-06-23T00:00:00,257
WO000258,20250121,20250129,A004,EQ0004,SV4,R029,WT4,P3,S4,29.58,59.94,False,False,ERP,project_fact_ordenestrabajo_export.csv,2026-06-23T00:00:00,258
WO000259,20250322,,A004,EQ0002,SV8,R018,WT1,P3,S1,50.26,106.74,False,False,ERP,project_fact_ordenestrabajo_export.csv,2026-06-23T00:00:00,259
WO000260,20250411,20250412,A004,EQ0002,SV6,R028,WT3,P1,S4,3.67,2.55,True,False,CMMS,project_fact_ordenestrabajo_export.csv,2026-06-23T00:00:00,260
WO000261,20250107,20250109,A004,EQ0012,SV2,R010,WT1,P2,S4,15.79,12.46,True,False,ERP,project_fact_ordenestrabajo_export.csv,2026-06-23T00:00:00,261
WO000262,20250212,20250214,A004,EQ0004,SV3,R028,WT1,P2,S4,21.55,13.89,True,False,ServiceDesk,project_fact_ordenestrabajo_export.csv,2026-06-23T00:00:00,262
WO000263,20250315,,A003,EQ0035,SV5,R010,WT2,P2,S3,17.6,12.25,True,False,CMMS,project_fact_ordenestrabajo_export.csv,2026-06-23T00:00:00,263
WO000264,20250115,,A001,EQ0010,SV7,R010,WT2,P2,S2,19.05,11.43,True,False,ERP,project_fact_ordenestrabajo_export.csv,2026-06-23T00:00:00,264
WO000265,20250530,,A005,EQ0039,SV3,R021,WT4,P3,S2,55.37,50.29,False,False,ERP,project_fact_ordenestrabajo_export.csv,2026-06-23T00:00:00,265
WO000266,20250405,,A005,EQ0021,SV8,R004,WT2,P3,S2,61.93,70.69,False,True,ERP,project_fact_ordenestrabajo_export.csv,2026-06-23T00:00:00,266
WO000267,20250320,,A005,EQ0009,SV6,R007,WT2,P1,S3,3.38,4.52,True,False,ERP,project_fact_ordenestrabajo_export.csv,2026-06-23T00:00:00,267
WO000268,20250204,20250209,A005,EQ0018,SV8,R001,WT1,P3,S4,32.91,32.01,False,False,ServiceDesk,project_fact_ordenestrabajo_export.csv,2026-06-23T00:00:00,268
WO000269,20250331,,A005,EQ0032,SV3,R028,WT2,P3,S3,27.64,13.21,False,False,ERP,project_fact_ordenestrabajo_export.csv,2026-06-23T00:00:00,269
WO000270,20250416,20250426,A001,EQ0026,SV2,R023,WT2,P3,S4,28.29,73.01,False,False,CMMS,project_fact_ordenestrabajo_export.csv,2026-06-23T00:00:00,270
WO000271,20250521,20250528,A004,EQ0013,SV4,R005,WT1,P3,S4,39.41,52.64,False,False,ServiceDesk,project_fact_ordenestrabajo_export.csv,2026-06-23T00:00:00,271
WO000272,20250510,,A001,EQ0020,SV8,R021,WT1,P3,S3,31.78,26.02,False,False,ServiceDesk,project_fact_ordenestrabajo_export.csv,2026-06-23T00:00:00,272
WO000273,20250627,20250628,A004,EQ0029,SV5,R025,WT6,P2,S4,13.28,4.97,True,False,CMMS,project_fact_ordenestrabajo_export.csv,2026-06-23T00:00:00,273
WO000274,20250407,20250412,A004,EQ0013,SV6,R013,WT2,P3,S4,25.55,36.6,False,False,ERP,project_fact_ordenestrabajo_export.csv,2026-06-23T00:00:00,274
WO000275,20250308,20250311,A005,EQ0039,SV3,R021,WT1,P2,S4,15.01,16.76,True,False,ERP,project_fact_ordenestrabajo_export.csv,2026-06-23T00:00:00,275
WO000276,20250113,20250121,A002,EQ0015,SV3,R011,WT6,P4,S4,45.21,56.97,False,False,ServiceDesk,project_fact_ordenestrabajo_export.csv,2026-06-23T00:00:00,276
WO000277,20250309,,A003,EQ0022,SV5,R017,WT4,P3,S2,34.15,42.22,False,False,ERP,project_fact_ordenestrabajo_export.csv,2026-06-23T00:00:00,277
WO000278,20250105,20250114,A006,EQ0014,SV6,R001,WT2,P3,S4,55.08,68.03,False,False,CMMS,project_fact_ordenestrabajo_export.csv,2026-06-23T00:00:00,278
WO000279,20250518,20250523,A005,EQ0011,SV5,R016,WT2,P2,S4,9.93,34.1,True,False,ServiceDesk,project_fact_ordenestrabajo_export.csv,2026-06-23T00:00:00,279
WO000280,20250305,,A001,EQ0020,SV3,R025,WT1,P3,S3,55.45,185.99,False,False,ServiceDesk,project_fact_ordenestrabajo_export.csv,2026-06-23T00:00:00,280
WO000281,20250521,20250522,A003,EQ0033,SV6,R025,WT6,P1,S4,3.35,3.11,True,False,ERP,project_fact_ordenestrabajo_export.csv,2026-06-23T00:00:00,281
WO000282,20250317,20250328,A001,EQ0007,SV8,R010,WT3,P3,S4,46.55,84.85,False,False,CMMS,project_fact_ordenestrabajo_export.csv,2026-06-23T00:00:00,282
WO000283,20250314,20250316,A006,EQ0014,SV2,R006,WT6,P1,S4,6.13,9.03,True,False,ERP,project_fact_ordenestrabajo_export.csv,2026-06-23T00:00:00,283
WO000284,20250620,20250626,A003,EQ0031,SV2,R028,WT5,P3,S4,35.14,40.88,False,False,ServiceDesk,project_fact_ordenestrabajo_export.csv,2026-06-23T00:00:00,284
WO000285,20250327,20250402,A004,EQ0004,SV7,R019,WT3,P3,S4,47.68,47.8,False,False,ERP,project_fact_ordenestrabajo_export.csv,2026-06-23T00:00:00,285
WO000286,20250619,20250622,A004,EQ0003,SV2,R001,WT1,P3,S4,37.53,20.87,False,False,ERP,project_fact_ordenestrabajo_export.csv,2026-06-23T00:00:00,286
WO000287,20250309,20250312,A005,EQ0039,SV7,R017,WT6,P2,S4,8.5,19.71,True,False,CMMS,project_fact_ordenestrabajo_export.csv,2026-06-23T00:00:00,287
WO000288,20250320,20250324,A004,EQ0005,SV2,R006,WT1,P3,S4,58.09,28.73,False,True,ERP,project_fact_ordenestrabajo_export.csv,2026-06-23T00:00:00,288
WO000289,20250105,20250111,A005,EQ0006,SV6,R019,WT1,P3,S4,45.72,41.42,False,False,ServiceDesk,project_fact_ordenestrabajo_export.csv,2026-06-23T00:00:00,289
WO000290,20250210,20250220,A003,EQ0033,SV4,R024,WT2,P3,S4,36.63,74.37,False,False,ERP,project_fact_ordenestrabajo_export.csv,2026-06-23T00:00:00,290
WO000291,20250402,,A005,EQ0009,SV4,R014,WT1,P1,S1,5.57,4.98,True,False,CMMS,project_fact_ordenestrabajo_export.csv,2026-06-23T00:00:00,291
WO000292,20250316,,A005,EQ0023,SV7,R026,WT1,P2,S2,19.26,22.07,True,False,ERP,project_fact_ordenestrabajo_export.csv,2026-06-23T00:00:00,292
WO000293,20250610,,A005,EQ0039,SV8,R003,WT1,P1,S1,3.93,3.45,True,False,CMMS,project_fact_ordenestrabajo_export.csv,2026-06-23T00:00:00,293
WO000294,20250609,20250615,A005,EQ0011,SV4,R025,WT6,P3,S4,54.77,46.76,False,False,ERP,project_fact_ordenestrabajo_export.csv,2026-06-23T00:00:00,294
WO000295,20250419,,A005,EQ0018,SV3,R005,WT3,P3,S1,42.8,44.69,False,False,CMMS,project_fact_ordenestrabajo_export.csv,2026-06-23T00:00:00,295
WO000296,20250524,20250527,A001,EQ0010,SV6,R019,WT6,P1,S4,4.47,20.14,True,False,ERP,project_fact_ordenestrabajo_export.csv,2026-06-23T00:00:00,296
WO000297,20250127,20250201,A005,EQ0017,SV3,R003,WT3,P3,S4,28.86,33.78,False,False,ERP,project_fact_ordenestrabajo_export.csv,2026-06-23T00:00:00,297
WO000298,20250316,,A004,EQ0012,SV7,R017,WT2,P1,S3,5.81,7.55,True,False,CMMS,project_fact_ordenestrabajo_export.csv,2026-06-23T00:00:00,298
WO000299,20250213,,A001,EQ0007,SV6,R009,WT3,P3,S3,64.66,74.2,False,True,CMMS,project_fact_ordenestrabajo_export.csv,2026-06-23T00:00:00,299
WO000300,20250304,20250306,A005,EQ0023,SV1,R004,WT6,P2,S4,16.71,15.18,True,True,CMMS,project_fact_ordenestrabajo_export.csv,2026-06-23T00:00:00,300
WO000301,20250208,,A003,EQ0001,SV8,R022,WT1,P2,S2,12.87,25.52,True,False,CMMS,project_fact_ordenestrabajo_export.csv,2026-06-23T00:00:00,301
WO000302,20250411,20250416,A001,EQ0028,SV8,R002,WT1,P2,S4,18.18,34.19,True,False,CMMS,project_fact_ordenestrabajo_export.csv,2026-06-23T00:00:00,302
WO000303,20250419,,A001,EQ0010,SV5,R028,WT1,P3,S1,58.77,84.63,False,False,CMMS,project_fact_ordenestrabajo_export.csv,2026-06-23T00:00:00,303
WO000304,20250228,,A004,EQ0005,SV4,R021,WT3,P2,S3,10.13,11.01,True,False,ERP,project_fact_ordenestrabajo_export.csv,2026-06-23T00:00:00,304
WO000305,20250302,20250310,A004,EQ0003,SV1,R004,WT2,P3,S5,57.86,56.2,False,False,CMMS,project_fact_ordenestrabajo_export.csv,2026-06-23T00:00:00,305
WO000306,20250420,20250421,A003,EQ0035,SV3,R016,WT3,P1,S4,3.53,4.55,True,False,CMMS,project_fact_ordenestrabajo_export.csv,2026-06-23T00:00:00,306
WO000307,20250608,20250611,A004,EQ0029,SV8,R016,WT1,P2,S4,18.69,19.64,True,False,CMMS,project_fact_ordenestrabajo_export.csv,2026-06-23T00:00:00,307
WO000308,20250609,20250613,A006,EQ0027,SV8,R019,WT1,P3,S4,34.62,30.82,False,False,CMMS,project_fact_ordenestrabajo_export.csv,2026-06-23T00:00:00,308
WO000309,20250323,20250324,A005,EQ0006,SV5,R012,WT2,P1,S4,4.06,3.69,True,False,ERP,project_fact_ordenestrabajo_export.csv,2026-06-23T00:00:00,309
WO000310,20250520,,A005,EQ0039,SV4,R018,WT2,P1,S2,3.51,3.42,True,False,ERP,project_fact_ordenestrabajo_export.csv,2026-06-23T00:00:00,310
WO000311,20250331,20250405,A005,EQ0009,SV4,R012,WT1,P2,S4,15.13,33.91,True,False,CMMS,project_fact_ordenestrabajo_export.csv,2026-06-23T00:00:00,311
WO000312,20250405,20250410,A004,EQ0004,SV1,R019,WT1,P3,S4,29.23,33.09,False,False,ServiceDesk,project_fact_ordenestrabajo_export.csv,2026-06-23T00:00:00,312
WO000313,20250104,,A006,EQ0038,SV3,R027,WT5,P2,S2,9.47,14.32,True,False,CMMS,project_fact_ordenestrabajo_export.csv,2026-06-23T00:00:00,313
WO000314,20250301,20250307,A005,EQ0034,SV8,R013,WT4,P3,S4,51.88,43.01,False,False,ERP,project_fact_ordenestrabajo_export.csv,2026-06-23T00:00:00,314
WO000315,20250303,,A004,EQ0013,SV5,R028,WT5,P3,S2,58.56,43.29,False,False,ServiceDesk,project_fact_ordenestrabajo_export.csv,2026-06-23T00:00:00,315
WO000316,20250507,,A005,EQ0018,SV5,R020,WT1,P3,S1,38.23,47.51,False,False,CMMS,project_fact_ordenestrabajo_export.csv,2026-06-23T00:00:00,316
WO000317,20250226,,A006,EQ0014,SV7,R017,WT1,P2,S1,18.71,41.51,True,True,ERP,project_fact_ordenestrabajo_export.csv,2026-06-23T00:00:00,317
WO000318,20250312,,A004,EQ0013,SV2,R025,WT6,P3,S2,46.09,47.37,False,False,ERP,project_fact_ordenestrabajo_export.csv,2026-06-23T00:00:00,318
WO000319,20250402,,A003,EQ0022,SV6,R019,WT6,P3,S3,41.38,29.89,False,False,ERP,project_fact_ordenestrabajo_export.csv,2026-06-23T00:00:00,319
WO000320,20250609,20250611,A006,EQ0019,SV6,R013,WT1,P2,S4,8.8,14.2,True,False,ServiceDesk,project_fact_ordenestrabajo_export.csv,2026-06-23T00:00:00,320
WO000321,20250206,20250208,A004,EQ0005,SV1,R026,WT6,P2,S4,15.89,15.96,True,False,ServiceDesk,project_fact_ordenestrabajo_export.csv,2026-06-23T00:00:00,321
WO000322,20250507,20250530,A001,EQ0010,SV7,R025,WT2,P4,S4,102.63,178.48,False,False,ERP,project_fact_ordenestrabajo_export.csv,2026-06-23T00:00:00,322
WO000323,20250608,,A003,EQ0033,SV8,R005,WT2,P4,S3,98.27,82.04,False,False,ServiceDesk,project_fact_ordenestrabajo_export.csv,2026-06-23T00:00:00,323
WO000324,20250618,,A003,EQ0035,SV4,R019,WT1,P4,S2,97.76,115.94,False,False,ERP,project_fact_ordenestrabajo_export.csv,2026-06-23T00:00:00,324
WO000325,20250520,20250522,A003,EQ0031,SV8,R026,WT3,P2,S4,17.77,11.63,True,False,ERP,project_fact_ordenestrabajo_export.csv,2026-06-23T00:00:00,325
WO000326,20250521,,A003,EQ0033,SV1,R010,WT2,P3,S1,46.53,56.07,False,False,ERP,project_fact_ordenestrabajo_export.csv,2026-06-23T00:00:00,326
WO000327,20250507,,A003,EQ0033,SV5,R017,WT3,P1,S2,6.86,6.05,True,False,CMMS,project_fact_ordenestrabajo_export.csv,2026-06-23T00:00:00,327
WO000328,20250121,20250122,A001,EQ0028,SV5,R030,WT4,P1,S4,5.89,3.67,True,False,CMMS,project_fact_ordenestrabajo_export.csv,2026-06-23T00:00:00,328
WO000329,20250409,20250419,A004,EQ0004,SV7,R007,WT2,P3,S4,47.58,78.97,False,False,ServiceDesk,project_fact_ordenestrabajo_export.csv,2026-06-23T00:00:00,329
WO000330,20250522,20250525,A004,EQ0004,SV4,R027,WT3,P2,S4,14.93,21.42,True,False,ERP,project_fact_ordenestrabajo_export.csv,2026-06-23T00:00:00,330
WO000331,20250526,20250527,A005,EQ0037,SV7,R004,WT1,P2,S4,12.29,6.81,True,False,ServiceDesk,project_fact_ordenestrabajo_export.csv,2026-06-23T00:00:00,331
WO000332,20250202,20250205,A005,EQ0018,SV4,R008,WT6,P2,S4,13.14,19.74,True,False,ERP,project_fact_ordenestrabajo_export.csv,2026-06-23T00:00:00,332
WO000333,20250603,20250610,A004,EQ0029,SV1,R018,WT3,P3,S4,45.3,49.38,False,False,CMMS,project_fact_ordenestrabajo_export.csv,2026-06-23T00:00:00,333
WO000334,20250312,,A003,EQ0022,SV6,R028,WT2,P3,S2,34.91,50.05,False,False,ERP,project_fact_ordenestrabajo_export.csv,2026-06-23T00:00:00,334
WO000335,20250211,20250215,A006,EQ0014,SV2,R018,WT5,P3,S4,33.19,30.45,False,False,ServiceDesk,project_fact_ordenestrabajo_export.csv,2026-06-23T00:00:00,335
WO000336,20250213,20250214,A005,EQ0039,SV8,R001,WT1,P2,S4,14.8,7.08,True,False,ServiceDesk,project_fact_ordenestrabajo_export.csv,2026-06-23T00:00:00,336
WO000337,20250620,,A001,EQ0028,SV8,R001,WT3,P3,S3,48.99,87.76,False,False,ServiceDesk,project_fact_ordenestrabajo_export.csv,2026-06-23T00:00:00,337
WO000338,20250622,,A005,EQ0009,SV8,R027,WT4,P2,S2,18.5,12.31,True,False,CMMS,project_fact_ordenestrabajo_export.csv,2026-06-23T00:00:00,338
WO000339,20250627,,A001,EQ0028,SV8,R028,WT2,P3,S1,26.86,71.36,False,False,CMMS,project_fact_ordenestrabajo_export.csv,2026-06-23T00:00:00,339
WO000340,20250311,,A003,EQ0022,SV2,R028,WT2,P3,S2,58.3,66.49,False,True,ERP,project_fact_ordenestrabajo_export.csv,2026-06-23T00:00:00,340
WO000341,20250514,,A002,EQ0030,SV6,R009,WT2,P1,S1,5.13,6.49,True,False,ServiceDesk,project_fact_ordenestrabajo_export.csv,2026-06-23T00:00:00,341
WO000342,20250421,,A004,EQ0003,SV7,R020,WT6,P1,S3,3.13,1.69,True,False,ERP,project_fact_ordenestrabajo_export.csv,2026-06-23T00:00:00,342
WO000343,20250612,,A004,EQ0003,SV4,R028,WT2,P3,S3,31.56,29.25,False,False,ERP,project_fact_ordenestrabajo_export.csv,2026-06-23T00:00:00,343
WO000344,20250407,20250418,A004,EQ0004,SV8,R001,WT1,P4,S4,73.59,83.27,False,True,CMMS,project_fact_ordenestrabajo_export.csv,2026-06-23T00:00:00,344
WO000345,20250330,20250408,A005,EQ0016,SV5,R016,WT2,P3,S4,62.71,64.16,False,True,CMMS,project_fact_ordenestrabajo_export.csv,2026-06-23T00:00:00,345
WO000346,20250613,20250615,A005,EQ0006,SV2,R018,WT2,P1,S4,5.81,11.5,True,False,ServiceDesk,project_fact_ordenestrabajo_export.csv,2026-06-23T00:00:00,346
WO000347,20250131,20250207,A006,EQ0014,SV2,R009,WT2,P4,S4,99.9,54.45,False,False,ServiceDesk,project_fact_ordenestrabajo_export.csv,2026-06-23T00:00:00,347
WO000348,20250408,20250412,A002,EQ0036,SV2,R015,WT1,P3,S4,43.6,24.24,False,False,ERP,project_fact_ordenestrabajo_export.csv,2026-06-23T00:00:00,348
WO000349,20250114,,A006,EQ0019,SV5,R001,WT1,P3,S1,33.82,92.88,False,False,ERP,project_fact_ordenestrabajo_export.csv,2026-06-23T00:00:00,349
WO000350,20250315,20250317,A003,EQ0033,SV8,R029,WT2,P2,S4,15.81,11.31,True,True,ERP,project_fact_ordenestrabajo_export.csv,2026-06-23T00:00:00,350
WO000351,20250215,20250305,A001,EQ0026,SV6,R024,WT1,P4,S4,90.36,139.16,False,False,ServiceDesk,project_fact_ordenestrabajo_export.csv,2026-06-23T00:00:00,351
WO000352,20250529,20250602,A003,EQ0022,SV8,R002,WT1,P2,S4,19.56,29.96,True,True,ServiceDesk,project_fact_ordenestrabajo_export.csv,2026-06-23T00:00:00,352
WO000353,20250208,20250218,A005,EQ0034,SV6,R015,WT3,P3,S4,47.39,74.33,False,True,CMMS,project_fact_ordenestrabajo_export.csv,2026-06-23T00:00:00,353
WO000354,20250311,,A004,EQ0003,SV5,R026,WT4,P1,S2,2.96,3.17,True,False,ERP,project_fact_ordenestrabajo_export.csv,2026-06-23T00:00:00,354
WO000355,20250417,,A004,EQ0008,SV4,R026,WT1,P2,S3,13.95,11.38,True,False,CMMS,project_fact_ordenestrabajo_export.csv,2026-06-23T00:00:00,355
WO000356,20250130,,A005,EQ0039,SV3,R008,WT1,P4,S2,52.23,39.0,False,False,ServiceDesk,project_fact_ordenestrabajo_export.csv,2026-06-23T00:00:00,356
WO000357,20250117,,A005,EQ0021,SV2,R005,WT2,P1,S2,6.84,6.62,True,False,ERP,project_fact_ordenestrabajo_export.csv,2026-06-23T00:00:00,357
WO000358,20250201,,A001,EQ0010,SV6,R017,WT6,P3,S1,28.85,63.0,False,False,ERP,project_fact_ordenestrabajo_export.csv,2026-06-23T00:00:00,358
WO000359,20250326,20250428,A005,EQ0009,SV7,R018,WT1,P4,S4,94.87,262.16,False,False,ERP,project_fact_ordenestrabajo_export.csv,2026-06-23T00:00:00,359
WO000360,20250426,20250429,A006,EQ0014,SV1,R003,WT6,P2,S4,11.71,18.27,True,False,CMMS,project_fact_ordenestrabajo_export.csv,2026-06-23T00:00:00,360
WO000361,20250324,20250325,A004,EQ0012,SV5,R017,WT3,P1,S4,3.96,3.28,True,False,ERP,project_fact_ordenestrabajo_export.csv,2026-06-23T00:00:00,361
WO000362,20250217,20250218,A004,EQ0002,SV4,R004,WT2,P1,S4,3.63,2.05,True,True,ServiceDesk,project_fact_ordenestrabajo_export.csv,2026-06-23T00:00:00,362
WO000363,20250505,20250507,A006,EQ0014,SV3,R002,WT2,P2,S4,18.36,10.53,True,False,ServiceDesk,project_fact_ordenestrabajo_export.csv,2026-06-23T00:00:00,363
WO000364,20250515,20250517,A004,EQ0005,SV1,R029,WT2,P2,S4,18.13,14.74,True,False,ERP,project_fact_ordenestrabajo_export.csv,2026-06-23T00:00:00,364
WO000365,20250420,,A005,EQ0018,SV3,R029,WT3,P3,S2,55.23,36.62,False,True,ServiceDesk,project_fact_ordenestrabajo_export.csv,2026-06-23T00:00:00,365
WO000366,20250122,20250204,A005,EQ0006,SV5,R002,WT6,P4,S4,62.07,99.08,False,False,CMMS,project_fact_ordenestrabajo_export.csv,2026-06-23T00:00:00,366
WO000367,20250522,20250523,A005,EQ0023,SV5,R001,WT1,P1,S4,6.83,5.29,True,False,CMMS,project_fact_ordenestrabajo_export.csv,2026-06-23T00:00:00,367
WO000368,20250530,20250531,A006,EQ0038,SV1,R029,WT3,P1,S4,5.45,6.52,True,False,ServiceDesk,project_fact_ordenestrabajo_export.csv,2026-06-23T00:00:00,368
WO000369,20250426,20250501,A006,EQ0027,SV8,R023,WT2,P3,S4,45.34,36.48,False,False,CMMS,project_fact_ordenestrabajo_export.csv,2026-06-23T00:00:00,369
WO000370,20250217,20250218,A002,EQ0015,SV5,R009,WT1,P1,S4,3.41,6.26,True,False,ERP,project_fact_ordenestrabajo_export.csv,2026-06-23T00:00:00,370
WO000371,20250404,,A001,EQ0028,SV6,R026,WT1,P1,S2,6.34,8.95,True,False,CMMS,project_fact_ordenestrabajo_export.csv,2026-06-23T00:00:00,371
WO000372,20250405,20250415,A003,EQ0033,SV4,R030,WT2,P3,S4,58.08,78.28,False,False,CMMS,project_fact_ordenestrabajo_export.csv,2026-06-23T00:00:00,372
WO000373,20250115,,A001,EQ0020,SV8,R016,WT3,P3,S2,57.8,98.71,False,False,ERP,project_fact_ordenestrabajo_export.csv,2026-06-23T00:00:00,373
WO000374,20250625,20250630,A005,EQ0016,SV2,R010,WT5,P3,S4,62.63,111.17,False,False,ERP,project_fact_ordenestrabajo_export.csv,2026-06-23T00:00:00,374
WO000375,20250315,20250318,A001,EQ0020,SV4,R025,WT2,P2,S4,8.57,21.77,True,False,CMMS,project_fact_ordenestrabajo_export.csv,2026-06-23T00:00:00,375
WO000376,20250426,,A002,EQ0030,SV8,R028,WT3,P4,S1,89.16,114.88,False,False,ServiceDesk,project_fact_ordenestrabajo_export.csv,2026-06-23T00:00:00,376
WO000377,20250106,20250114,A003,EQ0033,SV4,R011,WT2,P3,S4,55.17,59.92,False,False,ServiceDesk,project_fact_ordenestrabajo_export.csv,2026-06-23T00:00:00,377
WO000378,20250502,20250517,A005,EQ0011,SV3,R008,WT1,P3,S4,45.04,114.99,False,False,ServiceDesk,project_fact_ordenestrabajo_export.csv,2026-06-23T00:00:00,378
WO000379,20250404,20250406,A006,EQ0024,SV5,R022,WT6,P2,S4,11.52,9.06,True,False,ServiceDesk,project_fact_ordenestrabajo_export.csv,2026-06-23T00:00:00,379
WO000380,20250306,20250312,A005,EQ0018,SV1,R002,WT4,P3,S4,47.38,46.88,False,False,ServiceDesk,project_fact_ordenestrabajo_export.csv,2026-06-23T00:00:00,380
WO000381,20250416,20250422,A002,EQ0030,SV5,R009,WT1,P3,S4,49.89,41.24,False,False,CMMS,project_fact_ordenestrabajo_export.csv,2026-06-23T00:00:00,381
WO000382,20250119,,A003,EQ0001,SV7,R011,WT1,P1,S4,3.27,4.61,True,False,ERP,project_fact_ordenestrabajo_export.csv,2026-06-23T00:00:00,382
WO000383,20250306,20250309,A005,EQ0034,SV8,R007,WT3,P3,S4,30.62,20.64,False,True,ERP,project_fact_ordenestrabajo_export.csv,2026-06-23T00:00:00,383
WO000384,20250215,20250216,A003,EQ0031,SV5,R007,WT2,P1,S4,3.17,7.12,True,True,ServiceDesk,project_fact_ordenestrabajo_export.csv,2026-06-23T00:00:00,384
WO000385,20250618,20250630,A005,EQ0006,SV4,R026,WT2,P4,S4,91.05,126.08,False,True,ERP,project_fact_ordenestrabajo_export.csv,2026-06-23T00:00:00,385
WO000386,20250426,,A006,EQ0027,SV1,R030,WT1,P1,S2,4.11,1.83,True,False,CMMS,project_fact_ordenestrabajo_export.csv,2026-06-23T00:00:00,386
WO000387,20250105,,A002,EQ0030,SV3,R018,WT2,P3,S1,35.64,78.29,False,False,CMMS,project_fact_ordenestrabajo_export.csv,2026-06-23T00:00:00,387
WO000388,20250606,,A003,EQ0001,SV6,R020,WT2,P3,S1,57.7,41.38,False,False,ERP,project_fact_ordenestrabajo_export.csv,2026-06-23T00:00:00,388
WO000389,20250507,,A001,EQ0010,SV6,R027,WT4,P2,S3,12.69,22.98,True,True,CMMS,project_fact_ordenestrabajo_export.csv,2026-06-23T00:00:00,389
WO000390,20250428,20250429,A003,EQ0022,SV8,R011,WT6,P2,S4,13.72,6.22,True,False,ServiceDesk,project_fact_ordenestrabajo_export.csv,2026-06-23T00:00:00,390
WO000391,20250525,20250528,A003,EQ0001,SV6,R019,WT2,P2,S4,11.63,16.89,True,False,CMMS,project_fact_ordenestrabajo_export.csv,2026-06-23T00:00:00,391
WO000392,20250529,,A005,EQ0017,SV6,R027,WT2,P2,S1,19.15,10.25,True,False,ServiceDesk,project_fact_ordenestrabajo_export.csv,2026-06-23T00:00:00,392
WO000393,20250521,,A001,EQ0026,SV8,R017,WT1,P4,S2,85.8,89.3,False,False,CMMS,project_fact_ordenestrabajo_export.csv,2026-06-23T00:00:00,393
WO000394,20250609,,A005,EQ0011,SV7,R011,WT1,P4,S2,84.7,83.1,False,False,ServiceDesk,project_fact_ordenestrabajo_export.csv,2026-06-23T00:00:00,394
WO000395,20250626,20250629,A003,EQ0001,SV8,R019,WT3,P2,S4,11.05,21.68,True,False,CMMS,project_fact_ordenestrabajo_export.csv,2026-06-23T00:00:00,395
WO000396,20250413,,A003,EQ0001,SV2,R030,WT1,P3,S2,56.32,33.26,False,False,CMMS,project_fact_ordenestrabajo_export.csv,2026-06-23T00:00:00,396
WO000397,20250312,,A006,EQ0019,SV6,R002,WT1,P3,S2,48.43,44.73,False,False,ServiceDesk,project_fact_ordenestrabajo_export.csv,2026-06-23T00:00:00,397
WO000398,20250313,20250330,A001,EQ0010,SV5,R011,WT1,P3,S4,57.7,135.76,False,True,ERP,project_fact_ordenestrabajo_export.csv,2026-06-23T00:00:00,398
WO000399,20250509,20250510,A005,EQ0039,SV4,R030,WT2,P1,S4,6.17,6.47,True,False,CMMS,project_fact_ordenestrabajo_export.csv,2026-06-23T00:00:00,399
WO000400,20250329,20250401,A005,EQ0016,SV8,R006,WT2,P2,S4,13.57,18.65,True,False,CMMS,project_fact_ordenestrabajo_export.csv,2026-06-23T00:00:00,400
WO000401,20250221,20250305,A005,EQ0011,SV7,R014,WT2,P3,S4,42.6,89.5,False,False,CMMS,project_fact_ordenestrabajo_export.csv,2026-06-23T00:00:00,401
WO000402,20250626,,A005,EQ0039,SV2,R004,WT1,P4,S1,101.76,67.4,False,False,ServiceDesk,project_fact_ordenestrabajo_export.csv,2026-06-23T00:00:00,402
WO000403,20250218,20250220,A004,EQ0012,SV7,R003,WT2,P2,S4,9.61,15.98,True,False,CMMS,project_fact_ordenestrabajo_export.csv,2026-06-23T00:00:00,403
WO000404,20250519,20250524,A003,EQ0031,SV8,R022,WT2,P3,S4,26.1,34.01,False,False,ServiceDesk,project_fact_ordenestrabajo_export.csv,2026-06-23T00:00:00,404
WO000405,20250519,20250607,A005,EQ0032,SV7,R021,WT2,P4,S4,88.4,144.0,False,False,CMMS,project_fact_ordenestrabajo_export.csv,2026-06-23T00:00:00,405
WO000406,20250610,20250628,A001,EQ0028,SV6,R017,WT2,P3,S4,55.51,140.32,False,False,CMMS,project_fact_ordenestrabajo_export.csv,2026-06-23T00:00:00,406
WO000407,20250403,20250422,A004,EQ0004,SV6,R014,WT1,P4,S4,65.19,145.89,False,False,ServiceDesk,project_fact_ordenestrabajo_export.csv,2026-06-23T00:00:00,407
WO000408,20250101,20250107,A004,EQ0002,SV7,R011,WT6,P3,S4,51.53,47.77,False,False,ERP,project_fact_ordenestrabajo_export.csv,2026-06-23T00:00:00,408
WO000409,20250407,,A001,EQ0007,SV5,R012,WT1,P3,S2,56.46,85.65,False,False,ServiceDesk,project_fact_ordenestrabajo_export.csv,2026-06-23T00:00:00,409
WO000410,20250325,20250327,A003,EQ0033,SV1,R024,WT1,P2,S4,14.48,12.44,True,False,ERP,project_fact_ordenestrabajo_export.csv,2026-06-23T00:00:00,410
WO000411,20250524,20250528,A004,EQ0005,SV5,R008,WT4,P2,S4,19.96,31.7,True,False,ERP,project_fact_ordenestrabajo_export.csv,2026-06-23T00:00:00,411
WO000412,20250520,20250528,A005,EQ0032,SV8,R009,WT2,P3,S5,47.31,59.17,False,False,ERP,project_fact_ordenestrabajo_export.csv,2026-06-23T00:00:00,412
WO000413,20250428,20250507,A002,EQ0015,SV5,R028,WT3,P3,S4,44.02,64.06,False,True,ServiceDesk,project_fact_ordenestrabajo_export.csv,2026-06-23T00:00:00,413
WO000414,20250508,20250510,A004,EQ0003,SV4,R013,WT6,P2,S4,8.91,14.37,True,True,CMMS,project_fact_ordenestrabajo_export.csv,2026-06-23T00:00:00,414
WO000415,20250123,20250221,A001,EQ0010,SV1,R011,WT1,P4,S4,79.95,231.95,False,False,ERP,project_fact_ordenestrabajo_export.csv,2026-06-23T00:00:00,415
WO000416,20250328,,A003,EQ0033,SV4,R022,WT5,P3,S2,55.63,41.41,False,False,ERP,project_fact_ordenestrabajo_export.csv,2026-06-23T00:00:00,416
WO000417,20250609,20250621,A005,EQ0018,SV4,R006,WT4,P4,S4,88.52,95.94,False,False,CMMS,project_fact_ordenestrabajo_export.csv,2026-06-23T00:00:00,417
WO000418,20250126,,A003,EQ0031,SV2,R004,WT1,P3,S3,58.98,108.86,False,False,ERP,project_fact_ordenestrabajo_export.csv,2026-06-23T00:00:00,418
WO000419,20250121,20250202,A005,EQ0034,SV6,R009,WT3,P3,S4,52.56,88.81,False,False,ServiceDesk,project_fact_ordenestrabajo_export.csv,2026-06-23T00:00:00,419
WO000420,20250324,,A006,EQ0038,SV7,R023,WT2,P2,S2,14.56,19.09,True,False,ERP,project_fact_ordenestrabajo_export.csv,2026-06-23T00:00:00,420
WO000421,20250509,20250510,A003,EQ0040,SV2,R013,WT2,P2,S4,10.84,7.26,True,False,ServiceDesk,project_fact_ordenestrabajo_export.csv,2026-06-23T00:00:00,421
WO000422,20250118,,A003,EQ0031,SV2,R009,WT1,P1,S3,3.69,4.04,True,False,CMMS,project_fact_ordenestrabajo_export.csv,2026-06-23T00:00:00,422
WO000423,20250102,20250110,A001,EQ0007,SV6,R005,WT3,P3,S4,26.65,57.04,False,True,ServiceDesk,project_fact_ordenestrabajo_export.csv,2026-06-23T00:00:00,423
WO000424,20250225,,A005,EQ0039,SV3,R016,WT2,P4,S2,84.71,48.94,False,False,ERP,project_fact_ordenestrabajo_export.csv,2026-06-23T00:00:00,424
WO000425,20250206,20250301,A001,EQ0007,SV4,R021,WT1,P4,S4,76.38,177.24,False,False,ERP,project_fact_ordenestrabajo_export.csv,2026-06-23T00:00:00,425
WO000426,20250125,20250127,A005,EQ0009,SV5,R011,WT4,P1,S4,5.86,14.45,True,False,ERP,project_fact_ordenestrabajo_export.csv,2026-06-23T00:00:00,426
WO000427,20250310,20250314,A005,EQ0017,SV3,R018,WT5,P2,S4,18.58,28.04,True,False,CMMS,project_fact_ordenestrabajo_export.csv,2026-06-23T00:00:00,427
WO000428,20250603,20250604,A005,EQ0017,SV3,R015,WT6,P2,S5,10.25,7.72,True,False,ERP,project_fact_ordenestrabajo_export.csv,2026-06-23T00:00:00,428
WO000429,20250318,20250321,A005,EQ0021,SV5,R022,WT6,P2,S4,20.29,22.83,True,False,ServiceDesk,project_fact_ordenestrabajo_export.csv,2026-06-23T00:00:00,429
WO000430,20250510,20250514,A003,EQ0025,SV1,R002,WT1,P4,S4,101.41,27.19,False,False,ERP,project_fact_ordenestrabajo_export.csv,2026-06-23T00:00:00,430
WO000431,20250520,,A005,EQ0023,SV6,R001,WT3,P1,S3,3.68,4.47,True,True,ServiceDesk,project_fact_ordenestrabajo_export.csv,2026-06-23T00:00:00,431
WO000432,20250306,20250307,A002,EQ0036,SV8,R016,WT1,P1,S4,6.48,7.76,True,False,CMMS,project_fact_ordenestrabajo_export.csv,2026-06-23T00:00:00,432
WO000433,20250620,20250624,A004,EQ0012,SV5,R002,WT3,P2,S4,12.17,30.7,True,False,ERP,project_fact_ordenestrabajo_export.csv,2026-06-23T00:00:00,433
WO000434,20250212,20250216,A004,EQ0002,SV2,R026,WT4,P3,S4,29.35,30.32,False,False,ServiceDesk,project_fact_ordenestrabajo_export.csv,2026-06-23T00:00:00,434
WO000435,20250416,20250419,A003,EQ0031,SV5,R026,WT1,P2,S4,18.29,21.07,True,False,CMMS,project_fact_ordenestrabajo_export.csv,2026-06-23T00:00:00,435
WO000436,20250508,20250510,A004,EQ0004,SV6,R002,WT2,P3,S4,29.4,9.76,False,False,ServiceDesk,project_fact_ordenestrabajo_export.csv,2026-06-23T00:00:00,436
WO000437,20250220,20250304,A001,EQ0020,SV6,R021,WT4,P3,S4,57.25,94.25,False,False,ERP,project_fact_ordenestrabajo_export.csv,2026-06-23T00:00:00,437
WO000438,20250327,20250405,A003,EQ0022,SV6,R018,WT1,P3,S4,41.65,64.98,False,False,ServiceDesk,project_fact_ordenestrabajo_export.csv,2026-06-23T00:00:00,438
WO000439,20250618,20250619,A005,EQ0039,SV5,R028,WT6,P1,S4,5.59,5.77,True,False,ERP,project_fact_ordenestrabajo_export.csv,2026-06-23T00:00:00,439
WO000440,20250130,20250201,A005,EQ0009,SV8,R029,WT3,P2,S4,10.65,10.47,True,False,CMMS,project_fact_ordenestrabajo_export.csv,2026-06-23T00:00:00,440
WO000441,20250504,20250507,A004,EQ0002,SV1,R007,WT4,P2,S4,15.55,19.13,True,False,ServiceDesk,project_fact_ordenestrabajo_export.csv,2026-06-23T00:00:00,441
WO000442,20250620,20250630,A005,EQ0032,SV3,R029,WT6,P4,S4,95.24,110.03,False,False,ERP,project_fact_ordenestrabajo_export.csv,2026-06-23T00:00:00,442
WO000443,20250426,20250427,A003,EQ0025,SV1,R013,WT1,P2,S4,13.5,6.89,True,False,ServiceDesk,project_fact_ordenestrabajo_export.csv,2026-06-23T00:00:00,443
WO000444,20250319,20250320,A003,EQ0033,SV3,R001,WT2,P1,S4,6.35,7.41,True,False,ERP,project_fact_ordenestrabajo_export.csv,2026-06-23T00:00:00,444
WO000445,20250320,20250326,A005,EQ0032,SV2,R021,WT6,P3,S4,60.29,47.02,False,False,ERP,project_fact_ordenestrabajo_export.csv,2026-06-23T00:00:00,445
WO000446,20250420,20250424,A003,EQ0031,SV3,R023,WT1,P4,S4,91.35,31.11,False,False,ERP,project_fact_ordenestrabajo_export.csv,2026-06-23T00:00:00,446
WO000447,20250406,20250408,A003,EQ0035,SV6,R030,WT3,P2,S4,17.99,13.55,True,False,ServiceDesk,project_fact_ordenestrabajo_export.csv,2026-06-23T00:00:00,447
WO000448,20250217,,A006,EQ0027,SV4,R006,WT3,P4,S2,100.57,154.65,False,False,CMMS,project_fact_ordenestrabajo_export.csv,2026-06-23T00:00:00,448
WO000449,20250518,20250528,A006,EQ0014,SV8,R026,WT3,P3,S4,59.69,74.47,False,False,ERP,project_fact_ordenestrabajo_export.csv,2026-06-23T00:00:00,449
WO000450,20250507,20250516,A005,EQ0017,SV8,R015,WT2,P4,S4,100.51,71.75,False,False,ServiceDesk,project_fact_ordenestrabajo_export.csv,2026-06-23T00:00:00,450
WO000451,20250512,20250521,A006,EQ0038,SV8,R012,WT5,P3,S4,62.74,64.82,False,False,ERP,project_fact_ordenestrabajo_export.csv,2026-06-23T00:00:00,451
WO000452,20250308,,A005,EQ0021,SV1,R009,WT1,P4,S3,51.06,124.79,False,False,ServiceDesk,project_fact_ordenestrabajo_export.csv,2026-06-23T00:00:00,452
WO000453,20250522,,A005,EQ0037,SV8,R005,WT1,P2,S2,17.57,21.27,True,False,CMMS,project_fact_ordenestrabajo_export.csv,2026-06-23T00:00:00,453
WO000454,20250417,20250420,A001,EQ0007,SV7,R018,WT2,P2,S4,16.44,20.74,True,True,ServiceDesk,project_fact_ordenestrabajo_export.csv,2026-06-23T00:00:00,454
WO000455,20250322,20250323,A006,EQ0038,SV8,R010,WT3,P2,S4,8.64,3.58,True,False,CMMS,project_fact_ordenestrabajo_export.csv,2026-06-23T00:00:00,455
WO000456,20250430,,A005,EQ0016,SV1,R021,WT2,P3,S3,43.7,33.05,False,True,ERP,project_fact_ordenestrabajo_export.csv,2026-06-23T00:00:00,456
WO000457,20250504,,A002,EQ0030,SV8,R029,WT3,P3,S3,64.3,71.32,False,False,ERP,project_fact_ordenestrabajo_export.csv,2026-06-23T00:00:00,457
WO000458,20250207,20250216,A005,EQ0034,SV3,R024,WT4,P3,S4,62.29,69.21,False,False,ServiceDesk,project_fact_ordenestrabajo_export.csv,2026-06-23T00:00:00,458
WO000459,20250420,20250505,A006,EQ0019,SV4,R009,WT1,P4,S5,96.8,118.59,False,False,CMMS,project_fact_ordenestrabajo_export.csv,2026-06-23T00:00:00,459
WO000460,20250111,20250113,A005,EQ0011,SV1,R015,WT4,P2,S4,11.19,9.06,True,False,CMMS,project_fact_ordenestrabajo_export.csv,2026-06-23T00:00:00,460
WO000461,20250316,20250318,A004,EQ0002,SV5,R017,WT2,P2,S4,8.84,10.55,True,False,CMMS,project_fact_ordenestrabajo_export.csv,2026-06-23T00:00:00,461
WO000462,20250304,20250308,A005,EQ0021,SV1,R030,WT1,P3,S4,38.62,24.25,False,True,ServiceDesk,project_fact_ordenestrabajo_export.csv,2026-06-23T00:00:00,462
WO000463,20250211,20250218,A001,EQ0026,SV6,R008,WT2,P3,S4,27.01,48.38,False,False,ServiceDesk,project_fact_ordenestrabajo_export.csv,2026-06-23T00:00:00,463
WO000464,20250223,20250302,A003,EQ0022,SV4,R018,WT2,P4,S4,64.55,54.54,False,False,ServiceDesk,project_fact_ordenestrabajo_export.csv,2026-06-23T00:00:00,464
WO000465,20250501,,A002,EQ0036,SV8,R006,WT2,P3,S2,58.66,40.84,False,False,ServiceDesk,project_fact_ordenestrabajo_export.csv,2026-06-23T00:00:00,465
WO000466,20250419,20250424,A003,EQ0025,SV7,R008,WT6,P3,S4,34.62,35.71,False,False,ServiceDesk,project_fact_ordenestrabajo_export.csv,2026-06-23T00:00:00,466
WO000467,20250529,20250601,A001,EQ0028,SV8,R010,WT3,P2,S4,17.2,21.99,True,False,ERP,project_fact_ordenestrabajo_export.csv,2026-06-23T00:00:00,467
WO000468,20250319,20250323,A005,EQ0018,SV6,R013,WT3,P3,S5,44.4,27.47,False,False,CMMS,project_fact_ordenestrabajo_export.csv,2026-06-23T00:00:00,468
WO000469,20250219,20250224,A003,EQ0035,SV5,R004,WT3,P3,S4,33.59,35.53,False,False,ERP,project_fact_ordenestrabajo_export.csv,2026-06-23T00:00:00,469
WO000470,20250118,20250119,A004,EQ0004,SV1,R029,WT6,P2,S4,13.14,6.91,True,False,CMMS,project_fact_ordenestrabajo_export.csv,2026-06-23T00:00:00,470
WO000471,20250619,20250630,A001,EQ0020,SV8,R004,WT3,P4,S4,90.34,94.04,False,False,ServiceDesk,project_fact_ordenestrabajo_export.csv,2026-06-23T00:00:00,471
WO000472,20250516,20250518,A002,EQ0015,SV7,R027,WT2,P2,S4,14.4,8.88,True,False,CMMS,project_fact_ordenestrabajo_export.csv,2026-06-23T00:00:00,472
WO000473,20250507,20250521,A006,EQ0027,SV7,R003,WT2,P4,S4,99.21,109.67,False,True,CMMS,project_fact_ordenestrabajo_export.csv,2026-06-23T00:00:00,473
WO000474,20250201,20250203,A006,EQ0014,SV3,R021,WT2,P2,S4,11.84,12.43,True,False,ServiceDesk,project_fact_ordenestrabajo_export.csv,2026-06-23T00:00:00,474
WO000475,20250522,20250527,A004,EQ0029,SV7,R002,WT2,P3,S4,36.91,33.11,False,False,CMMS,project_fact_ordenestrabajo_export.csv,2026-06-23T00:00:00,475
WO000476,20250525,,A005,EQ0018,SV4,R004,WT6,P2,S2,15.48,19.55,True,False,CMMS,project_fact_ordenestrabajo_export.csv,2026-06-23T00:00:00,476
WO000477,20250411,20250415,A003,EQ0040,SV1,R027,WT2,P3,S4,30.18,30.23,False,False,ServiceDesk,project_fact_ordenestrabajo_export.csv,2026-06-23T00:00:00,477
WO000478,20250425,,A005,EQ0011,SV5,R015,WT6,P2,S1,13.69,10.97,True,False,CMMS,project_fact_ordenestrabajo_export.csv,2026-06-23T00:00:00,478
WO000479,20250206,,A002,EQ0036,SV8,R026,WT1,P3,S3,42.63,37.9,False,False,ERP,project_fact_ordenestrabajo_export.csv,2026-06-23T00:00:00,479
WO000480,20250411,,A004,EQ0003,SV4,R027,WT2,P4,S2,68.56,47.83,False,False,ERP,project_fact_ordenestrabajo_export.csv,2026-06-23T00:00:00,480
WO000481,20250630,20250630,A005,EQ0018,SV4,R005,WT3,P3,S4,56.22,56.33,False,False,ServiceDesk,project_fact_ordenestrabajo_export.csv,2026-06-23T00:00:00,481
WO000482,20250120,20250130,A003,EQ0025,SV7,R001,WT2,P4,S4,105.27,76.68,False,False,CMMS,project_fact_ordenestrabajo_export.csv,2026-06-23T00:00:00,482
WO000483,20250506,20250507,A005,EQ0016,SV1,R030,WT1,P2,S4,9.7,7.58,True,False,CMMS,project_fact_ordenestrabajo_export.csv,2026-06-23T00:00:00,483
WO000484,20250507,20250508,A003,EQ0033,SV3,R024,WT5,P1,S4,3.9,0.97,True,False,ServiceDesk,project_fact_ordenestrabajo_export.csv,2026-06-23T00:00:00,484
WO000485,20250408,20250412,A006,EQ0019,SV8,R009,WT4,P2,S4,19.49,30.88,True,False,ERP,project_fact_ordenestrabajo_export.csv,2026-06-23T00:00:00,485
WO000486,20250125,,A001,EQ0026,SV4,R005,WT2,P3,S1,51.58,53.72,False,False,ServiceDesk,project_fact_ordenestrabajo_export.csv,2026-06-23T00:00:00,486
WO000487,20250210,,A002,EQ0030,SV6,R014,WT6,P3,S2,49.66,34.14,False,True,ERP,project_fact_ordenestrabajo_export.csv,2026-06-23T00:00:00,487
WO000488,20250427,,A005,EQ0017,SV5,R004,WT3,P1,S2,4.82,4.38,True,True,ServiceDesk,project_fact_ordenestrabajo_export.csv,2026-06-23T00:00:00,488
WO000489,20250511,20250517,A005,EQ0034,SV5,R021,WT2,P4,S4,56.82,46.0,False,False,ERP,project_fact_ordenestrabajo_export.csv,2026-06-23T00:00:00,489
WO000490,20250304,20250311,A004,EQ0029,SV7,R002,WT2,P4,S4,77.12,53.3,False,False,ERP,project_fact_ordenestrabajo_export.csv,2026-06-23T00:00:00,490
WO000491,20250329,,A003,EQ0033,SV2,R007,WT4,P1,S3,4.72,4.88,True,False,ERP,project_fact_ordenestrabajo_export.csv,2026-06-23T00:00:00,491
WO000492,20250607,20250629,A005,EQ0006,SV8,R007,WT5,P4,S4,83.57,169.11,False,False,CMMS,project_fact_ordenestrabajo_export.csv,2026-06-23T00:00:00,492
WO000493,20250515,20250524,A003,EQ0035,SV2,R011,WT6,P3,S4,39.29,65.58,False,False,ServiceDesk,project_fact_ordenestrabajo_export.csv,2026-06-23T00:00:00,493
WO000494,20250302,,A003,EQ0031,SV1,R023,WT2,P4,S2,98.15,103.79,False,False,ServiceDesk,project_fact_ordenestrabajo_export.csv,2026-06-23T00:00:00,494
WO000495,20250330,20250404,A003,EQ0025,SV1,R020,WT1,P2,S4,11.11,32.6,True,False,ERP,project_fact_ordenestrabajo_export.csv,2026-06-23T00:00:00,495
WO000496,20250316,20250321,A005,EQ0009,SV2,R013,WT4,P3,S4,29.28,33.28,False,False,CMMS,project_fact_ordenestrabajo_export.csv,2026-06-23T00:00:00,496
WO000497,20250109,,A005,EQ0009,SV2,R011,WT1,P4,S2,86.07,72.83,False,False,CMMS,project_fact_ordenestrabajo_export.csv,2026-06-23T00:00:00,497
WO000498,20250109,,A005,EQ0032,SV7,R007,WT2,P3,S3,47.56,73.38,False,False,ServiceDesk,project_fact_ordenestrabajo_export.csv,2026-06-23T00:00:00,498
WO000499,20250117,20250122,A006,EQ0014,SV1,R027,WT2,P4,S4,70.39,39.57,False,False,ServiceDesk,project_fact_ordenestrabajo_export.csv,2026-06-23T00:00:00,499
WO000500,20250513,20250514,A005,EQ0023,SV8,R028,WT2,P1,S5,3.11,3.72,True,True,ERP,project_fact_ordenestrabajo_export.csv,2026-06-23T00:00:00,500
WO000501,20250415,20250503,A001,EQ0026,SV1,R001,WT2,P4,S4,80.71,138.84,False,False,CMMS,project_fact_ordenestrabajo_export.csv,2026-06-23T00:00:00,501
WO000502,20250311,,A006,EQ0038,SV8,R023,WT6,P3,S2,26.69,28.04,False,False,ERP,project_fact_ordenestrabajo_export.csv,2026-06-23T00:00:00,502
WO000503,20250321,20250328,A006,EQ0038,SV4,R023,WT3,P4,S5,64.81,51.11,False,True,ServiceDesk,project_fact_ordenestrabajo_export.csv,2026-06-23T00:00:00,503
WO000504,20250115,20250118,A005,EQ0032,SV2,R003,WT3,P3,S4,41.77,23.65,False,False,ServiceDesk,project_fact_ordenestrabajo_export.csv,2026-06-23T00:00:00,504
WO000505,20250502,20250512,A002,EQ0036,SV6,R004,WT6,P3,S4,54.42,72.5,False,False,ERP,project_fact_ordenestrabajo_export.csv,2026-06-23T00:00:00,505
WO000506,20250401,20250403,A004,EQ0002,SV8,R008,WT1,P1,S4,4.69,8.11,True,False,ERP,project_fact_ordenestrabajo_export.csv,2026-06-23T00:00:00,506
WO000507,20250108,20250110,A005,EQ0021,SV5,R030,WT3,P2,S4,9.77,9.51,True,False,CMMS,project_fact_ordenestrabajo_export.csv,2026-06-23T00:00:00,507
WO000508,20250216,20250220,A002,EQ0015,SV7,R008,WT1,P3,S4,38.78,28.99,False,True,ERP,project_fact_ordenestrabajo_export.csv,2026-06-23T00:00:00,508
WO000509,20250625,,A003,EQ0025,SV4,R015,WT1,P3,S2,57.41,154.94,False,False,CMMS,project_fact_ordenestrabajo_export.csv,2026-06-23T00:00:00,509
WO000510,20250512,20250515,A003,EQ0001,SV3,R028,WT2,P2,S5,9.75,16.08,True,False,ERP,project_fact_ordenestrabajo_export.csv,2026-06-23T00:00:00,510
WO000511,20250523,20250526,A001,EQ0026,SV7,R029,WT3,P3,S4,28.68,23.18,False,False,CMMS,project_fact_ordenestrabajo_export.csv,2026-06-23T00:00:00,511
WO000512,20250602,20250604,A003,EQ0040,SV1,R016,WT2,P1,S4,4.56,8.17,True,False,ServiceDesk,project_fact_ordenestrabajo_export.csv,2026-06-23T00:00:00,512
WO000513,20250303,20250316,A004,EQ0004,SV5,R030,WT4,P4,S4,63.1,102.59,False,False,ServiceDesk,project_fact_ordenestrabajo_export.csv,2026-06-23T00:00:00,513
WO000514,20250216,20250223,A005,EQ0009,SV8,R030,WT2,P4,S4,77.93,50.23,False,False,ServiceDesk,project_fact_ordenestrabajo_export.csv,2026-06-23T00:00:00,514
WO000515,20250130,,A004,EQ0029,SV7,R025,WT2,P1,S2,5.74,4.37,True,False,ERP,project_fact_ordenestrabajo_export.csv,2026-06-23T00:00:00,515
WO000516,20250422,,A004,EQ0008,SV3,R017,WT6,P2,S3,16.63,9.29,True,False,ServiceDesk,project_fact_ordenestrabajo_export.csv,2026-06-23T00:00:00,516
WO000517,20250329,20250401,A005,EQ0023,SV8,R006,WT3,P2,S4,14.39,17.1,True,False,CMMS,project_fact_ordenestrabajo_export.csv,2026-06-23T00:00:00,517
WO000518,20250619,20250622,A003,EQ0040,SV1,R002,WT1,P3,S4,63.71,23.71,False,True,ServiceDesk,project_fact_ordenestrabajo_export.csv,2026-06-23T00:00:00,518
WO000519,20250310,20250322,A004,EQ0003,SV5,R026,WT5,P3,S4,58.4,93.27,False,False,ERP,project_fact_ordenestrabajo_export.csv,2026-06-23T00:00:00,519
WO000520,20250419,,A005,EQ0023,SV1,R018,WT1,P4,S2,57.28,56.34,False,False,ERP,project_fact_ordenestrabajo_export.csv,2026-06-23T00:00:00,520
WO000521,20250110,20250119,A005,EQ0034,SV8,R012,WT2,P4,S4,101.12,68.92,False,False,ServiceDesk,project_fact_ordenestrabajo_export.csv,2026-06-23T00:00:00,521
WO000522,20250107,20250108,A002,EQ0030,SV5,R010,WT6,P1,S5,3.49,3.75,True,True,ServiceDesk,project_fact_ordenestrabajo_export.csv,2026-06-23T00:00:00,522
WO000523,20250414,,A005,EQ0032,SV2,R007,WT2,P3,S2,60.82,68.83,False,True,ServiceDesk,project_fact_ordenestrabajo_export.csv,2026-06-23T00:00:00,523
WO000524,20250206,20250208,A005,EQ0016,SV2,R017,WT1,P2,S4,13.74,12.56,True,False,CMMS,project_fact_ordenestrabajo_export.csv,2026-06-23T00:00:00,524
WO000525,20250403,20250411,A004,EQ0005,SV1,R026,WT1,P3,S4,54.47,62.35,False,False,CMMS,project_fact_ordenestrabajo_export.csv,2026-06-23T00:00:00,525
WO000526,20250307,,A003,EQ0035,SV6,R029,WT2,P3,S2,55.2,47.37,False,False,ServiceDesk,project_fact_ordenestrabajo_export.csv,2026-06-23T00:00:00,526
WO000527,20250614,,A006,EQ0038,SV8,R002,WT5,P2,S2,17.06,19.46,True,False,CMMS,project_fact_ordenestrabajo_export.csv,2026-06-23T00:00:00,527
WO000528,20250316,20250319,A003,EQ0001,SV3,R007,WT3,P3,S4,41.84,19.27,False,False,ERP,project_fact_ordenestrabajo_export.csv,2026-06-23T00:00:00,528
WO000529,20250115,,A005,EQ0016,SV2,R020,WT2,P3,S2,41.95,66.53,False,False,CMMS,project_fact_ordenestrabajo_export.csv,2026-06-23T00:00:00,529
WO000530,20250402,20250403,A003,EQ0031,SV5,R017,WT2,P1,S4,3.7,5.18,True,False,ServiceDesk,project_fact_ordenestrabajo_export.csv,2026-06-23T00:00:00,530
WO000531,20250621,20250622,A003,EQ0025,SV6,R011,WT5,P1,S4,2.85,3.73,True,False,CMMS,project_fact_ordenestrabajo_export.csv,2026-06-23T00:00:00,531
WO000532,20250620,20250627,A006,EQ0019,SV1,R017,WT3,P3,S4,64.26,49.94,False,False,CMMS,project_fact_ordenestrabajo_export.csv,2026-06-23T00:00:00,532
WO000533,20250621,20250630,A005,EQ0017,SV8,R010,WT3,P3,S4,56.02,80.75,False,False,CMMS,project_fact_ordenestrabajo_export.csv,2026-06-23T00:00:00,533
WO000534,20250208,,A004,EQ0008,SV6,R015,WT3,P3,S3,48.05,61.56,False,False,ServiceDesk,project_fact_ordenestrabajo_export.csv,2026-06-23T00:00:00,534
WO000535,20250131,20250214,A005,EQ0018,SV6,R007,WT1,P4,S4,97.81,104.78,False,False,ERP,project_fact_ordenestrabajo_export.csv,2026-06-23T00:00:00,535
WO000536,20250426,20250509,A006,EQ0024,SV4,R008,WT1,P4,S4,77.98,99.46,False,True,ERP,project_fact_ordenestrabajo_export.csv,2026-06-23T00:00:00,536
WO000537,20250514,20250520,A006,EQ0038,SV6,R010,WT4,P3,S5,29.65,41.86,False,False,CMMS,project_fact_ordenestrabajo_export.csv,2026-06-23T00:00:00,537
WO000538,20250325,,A001,EQ0026,SV7,R030,WT4,P3,S3,41.53,62.96,False,False,ServiceDesk,project_fact_ordenestrabajo_export.csv,2026-06-23T00:00:00,538
WO000539,20250602,20250605,A002,EQ0015,SV5,R016,WT1,P2,S4,16.27,18.02,True,True,ERP,project_fact_ordenestrabajo_export.csv,2026-06-23T00:00:00,539
WO000540,20250613,,A002,EQ0015,SV2,R009,WT3,P2,S1,18.3,41.66,True,False,ServiceDesk,project_fact_ordenestrabajo_export.csv,2026-06-23T00:00:00,540
WO000541,20250525,20250528,A005,EQ0018,SV4,R022,WT2,P3,S4,30.88,17.77,False,True,CMMS,project_fact_ordenestrabajo_export.csv,2026-06-23T00:00:00,541
WO000542,20250325,20250330,A003,EQ0022,SV8,R018,WT3,P3,S4,46.83,37.36,False,False,ServiceDesk,project_fact_ordenestrabajo_export.csv,2026-06-23T00:00:00,542
WO000543,20250526,20250603,A005,EQ0016,SV4,R003,WT2,P3,S4,58.48,56.38,False,False,ERP,project_fact_ordenestrabajo_export.csv,2026-06-23T00:00:00,543
WO000544,20250106,20250110,A004,EQ0013,SV3,R013,WT5,P2,S4,18.23,25.72,True,False,ERP,project_fact_ordenestrabajo_export.csv,2026-06-23T00:00:00,544
WO000545,20250624,,A001,EQ0007,SV4,R023,WT2,P3,S2,36.77,41.41,False,False,ServiceDesk,project_fact_ordenestrabajo_export.csv,2026-06-23T00:00:00,545
WO000546,20250204,20250207,A003,EQ0031,SV2,R023,WT1,P2,S5,17.74,21.08,True,False,CMMS,project_fact_ordenestrabajo_export.csv,2026-06-23T00:00:00,546
WO000547,20250123,,A002,EQ0030,SV7,R008,WT2,P3,S2,52.37,63.44,False,False,ServiceDesk,project_fact_ordenestrabajo_export.csv,2026-06-23T00:00:00,547
WO000548,20250623,20250625,A003,EQ0001,SV7,R019,WT4,P2,S4,13.82,15.54,True,False,ERP,project_fact_ordenestrabajo_export.csv,2026-06-23T00:00:00,548
WO000549,20250120,20250214,A006,EQ0027,SV8,R001,WT1,P4,S4,81.12,192.45,False,False,ServiceDesk,project_fact_ordenestrabajo_export.csv,2026-06-23T00:00:00,549
WO000550,20250116,,A004,EQ0003,SV6,R009,WT2,P3,S2,64.29,147.41,False,True,ERP,project_fact_ordenestrabajo_export.csv,2026-06-23T00:00:00,550
WO000551,20250524,20250528,A003,EQ0022,SV2,R014,WT6,P3,S4,29.1,29.74,False,False,ServiceDesk,project_fact_ordenestrabajo_export.csv,2026-06-23T00:00:00,551
WO000552,20250408,,A003,EQ0035,SV5,R016,WT6,P4,S3,61.16,123.96,False,False,ServiceDesk,project_fact_ordenestrabajo_export.csv,2026-06-23T00:00:00,552
WO000553,20250413,20250418,A004,EQ0029,SV8,R029,WT2,P3,S4,55.83,35.37,False,False,CMMS,project_fact_ordenestrabajo_export.csv,2026-06-23T00:00:00,553
WO000554,20250418,,A004,EQ0002,SV8,R010,WT1,P1,S2,4.47,4.62,True,False,CMMS,project_fact_ordenestrabajo_export.csv,2026-06-23T00:00:00,554
WO000555,20250201,20250217,A002,EQ0015,SV5,R019,WT1,P4,S4,74.64,125.77,False,True,ServiceDesk,project_fact_ordenestrabajo_export.csv,2026-06-23T00:00:00,555
WO000556,20250419,20250420,A005,EQ0018,SV6,R019,WT2,P1,S4,2.83,2.57,True,False,ServiceDesk,project_fact_ordenestrabajo_export.csv,2026-06-23T00:00:00,556
WO000557,20250516,20250520,A002,EQ0015,SV8,R029,WT1,P2,S4,16.59,28.67,True,True,ServiceDesk,project_fact_ordenestrabajo_export.csv,2026-06-23T00:00:00,557
WO000558,20250131,20250201,A005,EQ0034,SV7,R028,WT3,P1,S4,5.14,4.69,True,False,ERP,project_fact_ordenestrabajo_export.csv,2026-06-23T00:00:00,558
WO000559,20250626,20250630,A004,EQ0013,SV3,R009,WT2,P3,S4,48.91,56.63,False,False,CMMS,project_fact_ordenestrabajo_export.csv,2026-06-23T00:00:00,559
WO000560,20250315,20250320,A003,EQ0025,SV7,R001,WT1,P3,S4,43.61,35.95,False,False,ERP,project_fact_ordenestrabajo_export.csv,2026-06-23T00:00:00,560
WO000561,20250622,20250625,A006,EQ0014,SV5,R022,WT2,P2,S4,15.86,17.16,True,False,ERP,project_fact_ordenestrabajo_export.csv,2026-06-23T00:00:00,561
WO000562,20250202,20250205,A006,EQ0014,SV2,R006,WT1,P2,S4,21.52,19.5,True,False,CMMS,project_fact_ordenestrabajo_export.csv,2026-06-23T00:00:00,562
WO000563,20250507,20250510,A004,EQ0008,SV1,R012,WT3,P2,S4,19.35,18.79,True,False,ServiceDesk,project_fact_ordenestrabajo_export.csv,2026-06-23T00:00:00,563
WO000564,20250503,,A005,EQ0009,SV3,R023,WT5,P3,S2,25.73,30.52,False,False,ServiceDesk,project_fact_ordenestrabajo_export.csv,2026-06-23T00:00:00,564
WO000565,20250130,20250201,A003,EQ0031,SV8,R029,WT3,P1,S4,6.16,12.86,True,False,ERP,project_fact_ordenestrabajo_export.csv,2026-06-23T00:00:00,565
WO000566,20250518,20250521,A006,EQ0019,SV7,R002,WT5,P2,S4,16.49,21.3,True,True,CMMS,project_fact_ordenestrabajo_export.csv,2026-06-23T00:00:00,566
WO000567,20250131,,A006,EQ0014,SV7,R004,WT6,P4,S1,68.73,98.02,False,False,CMMS,project_fact_ordenestrabajo_export.csv,2026-06-23T00:00:00,567
WO000568,20250403,,A005,EQ0021,SV1,R029,WT1,P2,S2,14.57,9.82,True,False,ERP,project_fact_ordenestrabajo_export.csv,2026-06-23T00:00:00,568
WO000569,20250521,20250524,A005,EQ0037,SV1,R013,WT4,P2,S4,12.76,23.8,True,False,ERP,project_fact_ordenestrabajo_export.csv,2026-06-23T00:00:00,569
WO000570,20250425,20250427,A006,EQ0024,SV7,R001,WT2,P2,S4,10.76,8.96,True,False,ERP,project_fact_ordenestrabajo_export.csv,2026-06-23T00:00:00,570
WO000571,20250114,20250125,A005,EQ0016,SV6,R026,WT1,P3,S4,62.47,81.41,False,False,ERP,project_fact_ordenestrabajo_export.csv,2026-06-23T00:00:00,571
WO000572,20250203,20250205,A003,EQ0022,SV6,R030,WT2,P2,S4,20.76,10.45,True,False,CMMS,project_fact_ordenestrabajo_export.csv,2026-06-23T00:00:00,572
WO000573,20250319,,A003,EQ0035,SV4,R030,WT1,P3,S2,26.0,15.17,False,False,CMMS,project_fact_ordenestrabajo_export.csv,2026-06-23T00:00:00,573
WO000574,20250203,,A005,EQ0017,SV7,R026,WT1,P2,S3,10.05,15.77,True,False,ServiceDesk,project_fact_ordenestrabajo_export.csv,2026-06-23T00:00:00,574
WO000575,20250428,20250517,A004,EQ0013,SV4,R005,WT6,P4,S4,89.27,147.17,False,True,ERP,project_fact_ordenestrabajo_export.csv,2026-06-23T00:00:00,575
WO000576,20250509,,A004,EQ0029,SV6,R021,WT2,P2,S1,19.15,18.04,True,False,ServiceDesk,project_fact_ordenestrabajo_export.csv,2026-06-23T00:00:00,576
WO000577,20250623,20250626,A004,EQ0004,SV5,R015,WT6,P2,S4,21.49,18.9,True,False,CMMS,project_fact_ordenestrabajo_export.csv,2026-06-23T00:00:00,577
WO000578,20250427,20250428,A006,EQ0019,SV6,R028,WT1,P1,S4,3.52,3.37,True,True,ServiceDesk,project_fact_ordenestrabajo_export.csv,2026-06-23T00:00:00,578
WO000579,20250501,20250503,A006,EQ0024,SV8,R005,WT1,P1,S4,4.85,8.64,True,False,ServiceDesk,project_fact_ordenestrabajo_export.csv,2026-06-23T00:00:00,579
WO000580,20250513,20250517,A003,EQ0040,SV5,R003,WT3,P2,S4,13.07,30.55,True,True,CMMS,project_fact_ordenestrabajo_export.csv,2026-06-23T00:00:00,580
WO000581,20250407,,A005,EQ0009,SV1,R003,WT4,P3,S2,38.16,37.38,False,True,CMMS,project_fact_ordenestrabajo_export.csv,2026-06-23T00:00:00,581
WO000582,20250513,20250515,A006,EQ0027,SV7,R014,WT2,P2,S4,18.15,13.45,True,False,ServiceDesk,project_fact_ordenestrabajo_export.csv,2026-06-23T00:00:00,582
WO000583,20250511,20250520,A004,EQ0013,SV7,R027,WT1,P4,S4,46.54,68.0,False,False,CMMS,project_fact_ordenestrabajo_export.csv,2026-06-23T00:00:00,583
WO000584,20250615,20250622,A005,EQ0016,SV4,R030,WT5,P3,S4,59.22,51.82,False,False,CMMS,project_fact_ordenestrabajo_export.csv,2026-06-23T00:00:00,584
WO000585,20250627,20250630,A004,EQ0029,SV5,R024,WT2,P3,S4,48.17,26.75,False,False,ServiceDesk,project_fact_ordenestrabajo_export.csv,2026-06-23T00:00:00,585
WO000586,20250611,20250614,A001,EQ0007,SV5,R018,WT5,P3,S4,29.79,23.66,False,False,CMMS,project_fact_ordenestrabajo_export.csv,2026-06-23T00:00:00,586
WO000587,20250504,20250517,A001,EQ0007,SV8,R029,WT6,P3,S4,36.79,97.2,False,True,CMMS,project_fact_ordenestrabajo_export.csv,2026-06-23T00:00:00,587
WO000588,20250223,,A003,EQ0025,SV3,R004,WT1,P3,S2,51.87,44.86,False,False,ServiceDesk,project_fact_ordenestrabajo_export.csv,2026-06-23T00:00:00,588
WO000589,20250302,20250310,A005,EQ0021,SV4,R006,WT2,P3,S4,49.64,59.23,False,False,ERP,project_fact_ordenestrabajo_export.csv,2026-06-23T00:00:00,589
WO000590,20250102,,A001,EQ0026,SV6,R016,WT2,P4,S2,101.79,155.18,False,False,ServiceDesk,project_fact_ordenestrabajo_export.csv,2026-06-23T00:00:00,590
WO000591,20250429,20250505,A004,EQ0002,SV7,R028,WT1,P3,S4,28.94,46.04,False,False,ERP,project_fact_ordenestrabajo_export.csv,2026-06-23T00:00:00,591
WO000592,20250517,20250519,A002,EQ0030,SV7,R016,WT1,P1,S4,6.6,8.9,True,False,ServiceDesk,project_fact_ordenestrabajo_export.csv,2026-06-23T00:00:00,592
WO000593,20250426,,A001,EQ0007,SV7,R008,WT3,P3,S2,60.6,132.61,False,False,ServiceDesk,project_fact_ordenestrabajo_export.csv,2026-06-23T00:00:00,593
WO000594,20250421,,A003,EQ0033,SV1,R027,WT1,P4,S2,75.15,50.94,False,False,CMMS,project_fact_ordenestrabajo_export.csv,2026-06-23T00:00:00,594
WO000595,20250617,20250619,A006,EQ0038,SV5,R004,WT1,P2,S4,13.12,13.61,True,False,ServiceDesk,project_fact_ordenestrabajo_export.csv,2026-06-23T00:00:00,595
WO000596,20250413,,A004,EQ0004,SV5,R011,WT2,P4,S2,75.58,107.79,False,False,ERP,project_fact_ordenestrabajo_export.csv,2026-06-23T00:00:00,596
WO000597,20250215,20250224,A003,EQ0025,SV1,R022,WT1,P3,S5,47.75,71.21,False,False,ServiceDesk,project_fact_ordenestrabajo_export.csv,2026-06-23T00:00:00,597
WO000598,20250426,20250429,A005,EQ0032,SV3,R025,WT5,P2,S4,21.21,20.11,True,False,ERP,project_fact_ordenestrabajo_export.csv,2026-06-23T00:00:00,598
WO000599,20250313,20250402,A005,EQ0009,SV1,R008,WT1,P4,S4,91.18,159.83,False,False,ERP,project_fact_ordenestrabajo_export.csv,2026-06-23T00:00:00,599
WO000600,20250317,20250402,A006,EQ0038,SV3,R017,WT1,P4,S4,101.46,124.26,False,True,ServiceDesk,project_fact_ordenestrabajo_export.csv,2026-06-23T00:00:00,600
WO000601,20250609,20250616,A002,EQ0030,SV1,R028,WT2,P3,S4,32.93,49.84,False,False,ERP,project_fact_ordenestrabajo_export.csv,2026-06-23T00:00:00,601
WO000602,20250111,,A003,EQ0031,SV4,R015,WT2,P2,S2,10.54,19.24,True,False,ServiceDesk,project_fact_ordenestrabajo_export.csv,2026-06-23T00:00:00,602
WO000603,20250525,20250526,A001,EQ0020,SV6,R027,WT5,P1,S4,3.16,4.13,True,False,ERP,project_fact_ordenestrabajo_export.csv,2026-06-23T00:00:00,603
WO000604,20250326,20250331,A001,EQ0010,SV4,R005,WT2,P2,S4,16.69,33.47,True,False,ServiceDesk,project_fact_ordenestrabajo_export.csv,2026-06-23T00:00:00,604
WO000605,20250609,20250616,A005,EQ0032,SV5,R019,WT2,P4,S4,42.99,50.14,False,False,ERP,project_fact_ordenestrabajo_export.csv,2026-06-23T00:00:00,605
WO000606,20250510,20250525,A005,EQ0009,SV5,R024,WT1,P4,S4,75.65,116.99,False,False,ServiceDesk,project_fact_ordenestrabajo_export.csv,2026-06-23T00:00:00,606
WO000607,20250326,20250330,A006,EQ0014,SV3,R023,WT6,P3,S4,31.74,29.41,False,False,CMMS,project_fact_ordenestrabajo_export.csv,2026-06-23T00:00:00,607
WO000608,20250623,,A004,EQ0005,SV8,R005,WT2,P2,S3,21.04,10.83,True,False,ERP,project_fact_ordenestrabajo_export.csv,2026-06-23T00:00:00,608
WO000609,20250215,20250222,A001,EQ0010,SV8,R004,WT6,P3,S4,37.7,54.61,False,False,ServiceDesk,project_fact_ordenestrabajo_export.csv,2026-06-23T00:00:00,609
WO000610,20250613,,A003,EQ0031,SV2,R011,WT4,P2,S2,8.83,4.43,True,False,ServiceDesk,project_fact_ordenestrabajo_export.csv,2026-06-23T00:00:00,610
WO000611,20250430,20250505,A001,EQ0028,SV2,R030,WT1,P2,S4,19.38,38.01,True,False,ERP,project_fact_ordenestrabajo_export.csv,2026-06-23T00:00:00,611
WO000612,20250624,20250626,A001,EQ0028,SV2,R016,WT1,P2,S4,16.69,12.56,True,False,ERP,project_fact_ordenestrabajo_export.csv,2026-06-23T00:00:00,612
WO000613,20250409,,A005,EQ0018,SV7,R030,WT2,P4,S3,47.85,103.56,False,False,ERP,project_fact_ordenestrabajo_export.csv,2026-06-23T00:00:00,613
WO000614,20250327,20250329,A001,EQ0007,SV8,R016,WT4,P2,S4,20.11,14.18,True,False,ERP,project_fact_ordenestrabajo_export.csv,2026-06-23T00:00:00,614
WO000615,20250603,20250605,A002,EQ0030,SV7,R006,WT2,P2,S4,9.4,10.86,True,False,ServiceDesk,project_fact_ordenestrabajo_export.csv,2026-06-23T00:00:00,615
WO000616,20250223,20250227,A005,EQ0009,SV7,R026,WT1,P3,S4,44.5,31.68,False,False,CMMS,project_fact_ordenestrabajo_export.csv,2026-06-23T00:00:00,616
WO000617,20250131,,A006,EQ0014,SV1,R029,WT1,P2,S1,10.59,18.35,True,False,ERP,project_fact_ordenestrabajo_export.csv,2026-06-23T00:00:00,617
WO000618,20250318,20250322,A004,EQ0004,SV8,R003,WT6,P2,S4,18.89,24.98,True,False,ERP,project_fact_ordenestrabajo_export.csv,2026-06-23T00:00:00,618
WO000619,20250408,,A006,EQ0027,SV2,R022,WT1,P2,S1,9.62,8.17,True,False,ServiceDesk,project_fact_ordenestrabajo_export.csv,2026-06-23T00:00:00,619
WO000620,20250222,,A005,EQ0009,SV5,R002,WT4,P1,S3,7.07,13.78,True,False,ERP,project_fact_ordenestrabajo_export.csv,2026-06-23T00:00:00,620
WO000621,20250204,20250206,A003,EQ0025,SV6,R003,WT1,P2,S4,11.78,11.11,True,False,CMMS,project_fact_ordenestrabajo_export.csv,2026-06-23T00:00:00,621
WO000622,20250316,,A004,EQ0003,SV1,R019,WT4,P2,S3,18.02,31.23,True,True,ERP,project_fact_ordenestrabajo_export.csv,2026-06-23T00:00:00,622
WO000623,20250525,20250603,A003,EQ0040,SV4,R018,WT2,P3,S4,46.86,65.75,False,False,ServiceDesk,project_fact_ordenestrabajo_export.csv,2026-06-23T00:00:00,623
WO000624,20250117,,A005,EQ0017,SV6,R010,WT5,P4,S1,101.54,226.3,False,False,CMMS,project_fact_ordenestrabajo_export.csv,2026-06-23T00:00:00,624
WO000625,20250201,20250205,A004,EQ0003,SV4,R012,WT5,P2,S4,20.93,28.22,True,False,ERP,project_fact_ordenestrabajo_export.csv,2026-06-23T00:00:00,625
WO000626,20250126,20250127,A002,EQ0030,SV5,R007,WT4,P1,S4,5.01,5.78,True,False,CMMS,project_fact_ordenestrabajo_export.csv,2026-06-23T00:00:00,626
WO000627,20250602,,A004,EQ0005,SV4,R005,WT2,P3,S2,29.57,20.04,False,False,CMMS,project_fact_ordenestrabajo_export.csv,2026-06-23T00:00:00,627
WO000628,20250501,20250507,A005,EQ0016,SV2,R015,WT2,P3,S4,38.37,40.38,False,False,ERP,project_fact_ordenestrabajo_export.csv,2026-06-23T00:00:00,628
WO000629,20250119,20250122,A005,EQ0021,SV5,R003,WT1,P2,S4,9.42,18.24,True,True,ERP,project_fact_ordenestrabajo_export.csv,2026-06-23T00:00:00,629
WO000630,20250404,,A006,EQ0027,SV7,R001,WT5,P4,S3,106.52,76.77,False,True,ServiceDesk,project_fact_ordenestrabajo_export.csv,2026-06-23T00:00:00,630
WO000631,20250103,20250119,A004,EQ0003,SV5,R002,WT3,P4,S4,91.95,127.76,False,False,ServiceDesk,project_fact_ordenestrabajo_export.csv,2026-06-23T00:00:00,631
WO000632,20250607,20250609,A005,EQ0011,SV7,R029,WT1,P2,S4,9.46,15.98,True,False,ServiceDesk,project_fact_ordenestrabajo_export.csv,2026-06-23T00:00:00,632
WO000633,20250418,,A006,EQ0038,SV2,R022,WT2,P4,S2,84.07,110.73,False,False,CMMS,project_fact_ordenestrabajo_export.csv,2026-06-23T00:00:00,633
WO000634,20250425,,A004,EQ0002,SV8,R001,WT3,P3,S2,63.71,40.98,False,False,ERP,project_fact_ordenestrabajo_export.csv,2026-06-23T00:00:00,634
WO000635,20250121,20250130,A005,EQ0034,SV8,R015,WT2,P4,S4,62.5,68.16,False,False,CMMS,project_fact_ordenestrabajo_export.csv,2026-06-23T00:00:00,635
WO000636,20250611,20250613,A006,EQ0024,SV3,R011,WT1,P1,S5,7.04,10.69,True,False,ServiceDesk,project_fact_ordenestrabajo_export.csv,2026-06-23T00:00:00,636
WO000637,20250207,20250209,A002,EQ0015,SV2,R012,WT3,P2,S4,9.89,9.05,True,False,CMMS,project_fact_ordenestrabajo_export.csv,2026-06-23T00:00:00,637
WO000638,20250128,20250205,A002,EQ0015,SV3,R023,WT1,P3,S4,55.16,58.92,False,False,ServiceDesk,project_fact_ordenestrabajo_export.csv,2026-06-23T00:00:00,638
WO000639,20250109,,A006,EQ0038,SV6,R016,WT6,P4,S1,70.56,76.11,False,False,CMMS,project_fact_ordenestrabajo_export.csv,2026-06-23T00:00:00,639
WO000640,20250127,20250206,A001,EQ0020,SV2,R016,WT1,P4,S4,60.09,75.54,False,False,ServiceDesk,project_fact_ordenestrabajo_export.csv,2026-06-23T00:00:00,640
WO000641,20250430,20250504,A004,EQ0013,SV7,R006,WT6,P3,S4,41.69,28.17,False,False,ERP,project_fact_ordenestrabajo_export.csv,2026-06-23T00:00:00,641
WO000642,20250123,,A004,EQ0002,SV8,R017,WT6,P4,S3,99.57,127.19,False,False,CMMS,project_fact_ordenestrabajo_export.csv,2026-06-23T00:00:00,642
WO000643,20250611,20250612,A005,EQ0034,SV6,R020,WT1,P1,S4,6.95,6.5,True,False,ServiceDesk,project_fact_ordenestrabajo_export.csv,2026-06-23T00:00:00,643
WO000644,20250426,20250511,A004,EQ0003,SV7,R008,WT1,P4,S4,104.26,115.09,False,False,ERP,project_fact_ordenestrabajo_export.csv,2026-06-23T00:00:00,644
WO000645,20250215,,A005,EQ0011,SV1,R018,WT1,P4,S2,91.78,65.56,False,False,CMMS,project_fact_ordenestrabajo_export.csv,2026-06-23T00:00:00,645
WO000646,20250316,20250329,A004,EQ0003,SV3,R002,WT3,P3,S4,50.34,103.87,False,False,CMMS,project_fact_ordenestrabajo_export.csv,2026-06-23T00:00:00,646
WO000647,20250105,,A001,EQ0026,SV4,R019,WT4,P2,S2,10.11,16.03,True,False,CMMS,project_fact_ordenestrabajo_export.csv,2026-06-23T00:00:00,647
WO000648,20250314,,A004,EQ0005,SV8,R017,WT2,P2,S3,15.5,24.86,True,True,CMMS,project_fact_ordenestrabajo_export.csv,2026-06-23T00:00:00,648
WO000649,20250302,20250321,A004,EQ0004,SV2,R025,WT2,P4,S4,93.7,146.59,False,False,ERP,project_fact_ordenestrabajo_export.csv,2026-06-23T00:00:00,649
WO000650,20250304,,A001,EQ0028,SV4,R016,WT2,P2,S3,20.57,48.75,True,False,CMMS,project_fact_ordenestrabajo_export.csv,2026-06-23T00:00:00,650
WO000651,20250207,,A006,EQ0014,SV4,R016,WT2,P3,S2,37.74,48.91,False,True,ServiceDesk,project_fact_ordenestrabajo_export.csv,2026-06-23T00:00:00,651
WO000652,20250410,20250422,A003,EQ0031,SV7,R016,WT2,P4,S4,74.25,92.61,False,False,ERP,project_fact_ordenestrabajo_export.csv,2026-06-23T00:00:00,652
WO000653,20250215,20250224,A001,EQ0028,SV2,R015,WT3,P3,S4,56.48,69.78,False,False,CMMS,project_fact_ordenestrabajo_export.csv,2026-06-23T00:00:00,653
WO000654,20250202,,A003,EQ0040,SV2,R008,WT1,P3,S1,31.43,15.77,False,True,ServiceDesk,project_fact_ordenestrabajo_export.csv,2026-06-23T00:00:00,654
WO000655,20250207,20250225,A005,EQ0018,SV4,R001,WT3,P3,S4,35.79,143.35,False,False,ServiceDesk,project_fact_ordenestrabajo_export.csv,2026-06-23T00:00:00,655
WO000656,20250630,20250630,A004,EQ0008,SV6,R010,WT2,P2,S4,11.16,8.33,True,False,ERP,project_fact_ordenestrabajo_export.csv,2026-06-23T00:00:00,656
WO000657,20250407,20250408,A005,EQ0039,SV5,R001,WT4,P1,S4,7.15,6.3,True,False,ERP,project_fact_ordenestrabajo_export.csv,2026-06-23T00:00:00,657
WO000658,20250624,20250630,A002,EQ0036,SV2,R019,WT4,P3,S4,39.19,51.18,False,False,CMMS,project_fact_ordenestrabajo_export.csv,2026-06-23T00:00:00,658
WO000659,20250321,,A001,EQ0020,SV8,R004,WT1,P2,S1,15.66,30.85,True,False,ERP,project_fact_ordenestrabajo_export.csv,2026-06-23T00:00:00,659
WO000660,20250424,20250611,A003,EQ0025,SV1,R005,WT3,P4,S4,85.99,378.99,False,False,CMMS,project_fact_ordenestrabajo_export.csv,2026-06-23T00:00:00,660
WO000661,20250301,20250306,A001,EQ0007,SV7,R001,WT2,P2,S4,15.18,34.64,True,False,ERP,project_fact_ordenestrabajo_export.csv,2026-06-23T00:00:00,661
WO000662,20250417,20250418,A002,EQ0036,SV2,R029,WT4,P1,S4,7.07,4.61,True,False,CMMS,project_fact_ordenestrabajo_export.csv,2026-06-23T00:00:00,662
WO000663,20250508,20250509,A005,EQ0006,SV5,R022,WT2,P1,S4,5.7,6.21,True,False,ServiceDesk,project_fact_ordenestrabajo_export.csv,2026-06-23T00:00:00,663
WO000664,20250508,20250511,A005,EQ0011,SV1,R018,WT4,P2,S4,18.63,22.02,True,False,ServiceDesk,project_fact_ordenestrabajo_export.csv,2026-06-23T00:00:00,664
WO000665,20250409,20250410,A003,EQ0022,SV5,R005,WT2,P1,S4,4.41,4.39,True,True,ServiceDesk,project_fact_ordenestrabajo_export.csv,2026-06-23T00:00:00,665
WO000666,20250201,20250202,A003,EQ0035,SV6,R025,WT2,P1,S4,6.38,5.09,True,False,ERP,project_fact_ordenestrabajo_export.csv,2026-06-23T00:00:00,666
WO000667,20250113,20250129,A005,EQ0011,SV5,R020,WT6,P4,S4,61.08,120.38,False,False,ServiceDesk,project_fact_ordenestrabajo_export.csv,2026-06-23T00:00:00,667
WO000668,20250114,20250116,A004,EQ0013,SV2,R021,WT1,P1,S5,6.24,8.12,True,False,ServiceDesk,project_fact_ordenestrabajo_export.csv,2026-06-23T00:00:00,668
WO000669,20250523,20250529,A004,EQ0004,SV5,R005,WT1,P3,S4,62.9,43.07,False,False,ERP,project_fact_ordenestrabajo_export.csv,2026-06-23T00:00:00,669
WO000670,20250621,20250626,A003,EQ0031,SV4,R003,WT3,P3,S4,39.88,36.87,False,True,ERP,project_fact_ordenestrabajo_export.csv,2026-06-23T00:00:00,670
WO000671,20250201,20250210,A002,EQ0030,SV8,R023,WT1,P3,S4,56.84,71.45,False,False,ERP,project_fact_ordenestrabajo_export.csv,2026-06-23T00:00:00,671
WO000672,20250616,20250627,A002,EQ0036,SV4,R017,WT6,P3,S4,61.95,80.75,False,False,CMMS,project_fact_ordenestrabajo_export.csv,2026-06-23T00:00:00,672
WO000673,20250317,20250322,A001,EQ0007,SV4,R014,WT2,P3,S4,51.74,37.21,False,False,ERP,project_fact_ordenestrabajo_export.csv,2026-06-23T00:00:00,673
WO000674,20250524,20250528,A005,EQ0011,SV1,R016,WT1,P2,S5,16.06,29.17,True,False,CMMS,project_fact_ordenestrabajo_export.csv,2026-06-23T00:00:00,674
WO000675,20250520,20250527,A005,EQ0021,SV5,R021,WT6,P3,S4,37.75,50.8,False,False,ERP,project_fact_ordenestrabajo_export.csv,2026-06-23T00:00:00,675
WO000676,20250319,,A005,EQ0006,SV3,R014,WT2,P1,S2,4.07,3.19,True,True,ServiceDesk,project_fact_ordenestrabajo_export.csv,2026-06-23T00:00:00,676
WO000677,20250626,,A001,EQ0026,SV1,R020,WT1,P2,S3,18.05,37.57,True,False,ServiceDesk,project_fact_ordenestrabajo_export.csv,2026-06-23T00:00:00,677
WO000678,20250505,20250514,A003,EQ0022,SV5,R030,WT1,P3,S4,59.05,69.38,False,True,CMMS,project_fact_ordenestrabajo_export.csv,2026-06-23T00:00:00,678
WO000679,20250524,20250529,A006,EQ0038,SV8,R022,WT2,P3,S4,49.3,39.37,False,False,ERP,project_fact_ordenestrabajo_export.csv,2026-06-23T00:00:00,679
WO000680,20250609,20250616,A005,EQ0032,SV1,R030,WT1,P3,S4,39.87,49.32,False,False,ERP,project_fact_ordenestrabajo_export.csv,2026-06-23T00:00:00,680
WO000681,20250119,20250125,A002,EQ0030,SV5,R006,WT3,P3,S4,29.15,44.34,False,False,ERP,project_fact_ordenestrabajo_export.csv,2026-06-23T00:00:00,681
WO000682,20250524,,A003,EQ0022,SV8,R004,WT2,P3,S3,61.15,41.03,False,False,ServiceDesk,project_fact_ordenestrabajo_export.csv,2026-06-23T00:00:00,682
WO000683,20250102,,A005,EQ0021,SV5,R030,WT3,P3,S2,59.48,120.33,False,False,CMMS,project_fact_ordenestrabajo_export.csv,2026-06-23T00:00:00,683
WO000684,20250304,20250306,A003,EQ0031,SV2,R016,WT1,P2,S4,9.48,12.45,True,False,ServiceDesk,project_fact_ordenestrabajo_export.csv,2026-06-23T00:00:00,684
WO000685,20250108,,A005,EQ0016,SV2,R002,WT2,P4,S1,48.61,43.76,False,False,ServiceDesk,project_fact_ordenestrabajo_export.csv,2026-06-23T00:00:00,685
WO000686,20250216,,A006,EQ0019,SV1,R025,WT5,P1,S2,6.27,7.67,True,True,ERP,project_fact_ordenestrabajo_export.csv,2026-06-23T00:00:00,686
WO000687,20250430,20250508,A005,EQ0034,SV5,R026,WT6,P3,S4,52.88,63.8,False,False,ServiceDesk,project_fact_ordenestrabajo_export.csv,2026-06-23T00:00:00,687
WO000688,20250217,,A006,EQ0014,SV2,R014,WT2,P4,S2,49.09,47.24,False,False,ServiceDesk,project_fact_ordenestrabajo_export.csv,2026-06-23T00:00:00,688
WO000689,20250526,,A003,EQ0025,SV5,R010,WT3,P4,S2,59.55,132.29,False,True,CMMS,project_fact_ordenestrabajo_export.csv,2026-06-23T00:00:00,689
WO000690,20250529,20250603,A002,EQ0030,SV6,R009,WT3,P4,S4,54.64,35.3,False,False,ERP,project_fact_ordenestrabajo_export.csv,2026-06-23T00:00:00,690
WO000691,20250324,,A003,EQ0031,SV6,R021,WT2,P1,S3,3.63,2.76,True,False,ServiceDesk,project_fact_ordenestrabajo_export.csv,2026-06-23T00:00:00,691
WO000692,20250206,20250207,A005,EQ0037,SV8,R025,WT1,P1,S4,5.46,7.23,True,True,CMMS,project_fact_ordenestrabajo_export.csv,2026-06-23T00:00:00,692
WO000693,20250203,20250204,A005,EQ0006,SV4,R024,WT2,P1,S4,5.77,5.74,True,False,ERP,project_fact_ordenestrabajo_export.csv,2026-06-23T00:00:00,693
WO000694,20250513,20250514,A001,EQ0026,SV3,R013,WT6,P2,S4,9.4,6.11,True,False,CMMS,project_fact_ordenestrabajo_export.csv,2026-06-23T00:00:00,694
WO000695,20250218,20250301,A004,EQ0012,SV2,R009,WT5,P4,S4,75.7,84.05,False,False,CMMS,project_fact_ordenestrabajo_export.csv,2026-06-23T00:00:00,695
WO000696,20250111,20250118,A001,EQ0026,SV4,R030,WT2,P3,S4,37.61,49.76,False,False,ERP,project_fact_ordenestrabajo_export.csv,2026-06-23T00:00:00,696
WO000697,20250610,,A002,EQ0030,SV3,R027,WT1,P2,S2,19.85,18.31,True,True,ERP,project_fact_ordenestrabajo_export.csv,2026-06-23T00:00:00,697
WO000698,20250123,20250124,A003,EQ0025,SV3,R006,WT5,P1,S4,5.52,5.82,True,False,CMMS,project_fact_ordenestrabajo_export.csv,2026-06-23T00:00:00,698
WO000699,20250623,,A001,EQ0007,SV8,R012,WT3,P1,S3,4.54,8.18,True,False,ServiceDesk,project_fact_ordenestrabajo_export.csv,2026-06-23T00:00:00,699
WO000700,20250425,,A005,EQ0023,SV7,R029,WT5,P3,S2,30.31,36.95,False,True,CMMS,project_fact_ordenestrabajo_export.csv,2026-06-23T00:00:00,700
WO000701,20250121,,A006,EQ0038,SV3,R003,WT1,P2,S2,13.04,19.24,True,False,CMMS,project_fact_ordenestrabajo_export.csv,2026-06-23T00:00:00,701
WO000702,20250302,20250306,A004,EQ0008,SV7,R028,WT2,P3,S4,41.2,27.34,False,False,ServiceDesk,project_fact_ordenestrabajo_export.csv,2026-06-23T00:00:00,702
WO000703,20250113,,A004,EQ0008,SV5,R029,WT6,P2,S2,19.07,12.58,True,False,CMMS,project_fact_ordenestrabajo_export.csv,2026-06-23T00:00:00,703
WO000704,20250630,20250630,A005,EQ0009,SV2,R017,WT4,P3,S4,48.27,37.0,False,False,CMMS,project_fact_ordenestrabajo_export.csv,2026-06-23T00:00:00,704
WO000705,20250427,,A003,EQ0001,SV1,R021,WT3,P3,S2,48.52,92.3,False,False,ERP,project_fact_ordenestrabajo_export.csv,2026-06-23T00:00:00,705
WO000706,20250509,20250513,A001,EQ0028,SV3,R015,WT3,P3,S4,41.13,29.11,False,False,ServiceDesk,project_fact_ordenestrabajo_export.csv,2026-06-23T00:00:00,706
WO000707,20250118,,A005,EQ0034,SV3,R010,WT6,P2,S3,11.47,8.77,True,True,ServiceDesk,project_fact_ordenestrabajo_export.csv,2026-06-23T00:00:00,707
WO000708,20250529,20250607,A004,EQ0012,SV3,R027,WT2,P3,S4,51.15,71.39,False,False,CMMS,project_fact_ordenestrabajo_export.csv,2026-06-23T00:00:00,708
WO000709,20250321,20250330,A005,EQ0021,SV2,R023,WT4,P3,S4,47.74,65.9,False,False,ERP,project_fact_ordenestrabajo_export.csv,2026-06-23T00:00:00,709
WO000710,20250627,20250630,A003,EQ0040,SV7,R009,WT1,P3,S4,25.9,23.43,False,False,CMMS,project_fact_ordenestrabajo_export.csv,2026-06-23T00:00:00,710
WO000711,20250602,20250610,A002,EQ0030,SV6,R019,WT2,P3,S4,37.68,56.17,False,False,ServiceDesk,project_fact_ordenestrabajo_export.csv,2026-06-23T00:00:00,711
WO000712,20250527,20250615,A005,EQ0016,SV2,R004,WT6,P4,S4,77.75,144.95,False,False,CMMS,project_fact_ordenestrabajo_export.csv,2026-06-23T00:00:00,712
WO000713,20250420,,A004,EQ0002,SV5,R001,WT4,P3,S2,39.3,61.73,False,False,ERP,project_fact_ordenestrabajo_export.csv,2026-06-23T00:00:00,713
WO000714,20250228,,A003,EQ0001,SV7,R017,WT2,P2,S1,13.79,10.88,True,False,CMMS,project_fact_ordenestrabajo_export.csv,2026-06-23T00:00:00,714
WO000715,20250111,,A001,EQ0028,SV4,R008,WT1,P3,S2,34.03,38.17,False,False,ServiceDesk,project_fact_ordenestrabajo_export.csv,2026-06-23T00:00:00,715
WO000716,20250224,20250305,A006,EQ0038,SV4,R015,WT3,P4,S4,68.1,64.02,False,False,ERP,project_fact_ordenestrabajo_export.csv,2026-06-23T00:00:00,716
WO000717,20250206,20250210,A001,EQ0028,SV5,R002,WT4,P2,S4,13.12,31.59,True,False,ERP,project_fact_ordenestrabajo_export.csv,2026-06-23T00:00:00,717
WO000718,20250325,20250404,A004,EQ0008,SV3,R024,WT2,P4,S4,84.66,77.05,False,False,ERP,project_fact_ordenestrabajo_export.csv,2026-06-23T00:00:00,718
WO000719,20250109,,A005,EQ0017,SV4,R026,WT2,P4,S2,65.68,47.02,False,True,CMMS,project_fact_ordenestrabajo_export.csv,2026-06-23T00:00:00,719
WO000720,20250509,20250510,A005,EQ0009,SV4,R013,WT5,P1,S4,3.31,5.7,True,False,ERP,project_fact_ordenestrabajo_export.csv,2026-06-23T00:00:00,720
WO000721,20250524,20250531,A006,EQ0014,SV4,R023,WT2,P4,S4,52.7,55.64,False,False,CMMS,project_fact_ordenestrabajo_export.csv,2026-06-23T00:00:00,721
WO000722,20250328,20250405,A006,EQ0019,SV1,R004,WT2,P3,S4,47.59,63.55,False,False,ERP,project_fact_ordenestrabajo_export.csv,2026-06-23T00:00:00,722
WO000723,20250328,,A004,EQ0004,SV7,R014,WT2,P3,S1,35.32,72.16,False,False,CMMS,project_fact_ordenestrabajo_export.csv,2026-06-23T00:00:00,723
WO000724,20250421,20250423,A005,EQ0034,SV2,R029,WT1,P2,S4,10.83,13.3,True,False,ERP,project_fact_ordenestrabajo_export.csv,2026-06-23T00:00:00,724
WO000725,20250517,20250520,A004,EQ0012,SV4,R020,WT1,P2,S4,20.94,19.53,True,False,ERP,project_fact_ordenestrabajo_export.csv,2026-06-23T00:00:00,725
WO000726,20250415,20250419,A002,EQ0030,SV8,R012,WT5,P3,S5,55.9,31.98,False,False,ServiceDesk,project_fact_ordenestrabajo_export.csv,2026-06-23T00:00:00,726
WO000727,20250523,,A001,EQ0028,SV8,R011,WT5,P2,S3,14.72,28.47,True,False,ServiceDesk,project_fact_ordenestrabajo_export.csv,2026-06-23T00:00:00,727
WO000728,20250224,,A004,EQ0004,SV8,R023,WT2,P3,S2,39.79,43.4,False,False,CMMS,project_fact_ordenestrabajo_export.csv,2026-06-23T00:00:00,728
WO000729,20250128,20250131,A006,EQ0014,SV3,R022,WT3,P4,S4,45.95,22.72,False,False,ERP,project_fact_ordenestrabajo_export.csv,2026-06-23T00:00:00,729
WO000730,20250513,20250514,A005,EQ0023,SV5,R020,WT2,P1,S4,4.99,4.83,True,False,ServiceDesk,project_fact_ordenestrabajo_export.csv,2026-06-23T00:00:00,730
WO000731,20250415,20250421,A004,EQ0004,SV6,R008,WT4,P3,S4,55.74,45.07,False,True,ServiceDesk,project_fact_ordenestrabajo_export.csv,2026-06-23T00:00:00,731
WO000732,20250620,20250622,A002,EQ0030,SV8,R016,WT2,P2,S4,13.96,15.79,True,False,ServiceDesk,project_fact_ordenestrabajo_export.csv,2026-06-23T00:00:00,732
WO000733,20250610,,A006,EQ0019,SV7,R022,WT6,P1,S1,4.42,5.81,True,False,ERP,project_fact_ordenestrabajo_export.csv,2026-06-23T00:00:00,733
WO000734,20250330,20250408,A002,EQ0036,SV5,R014,WT1,P4,S4,66.22,64.53,False,False,CMMS,project_fact_ordenestrabajo_export.csv,2026-06-23T00:00:00,734
WO000735,20250412,20250420,A003,EQ0040,SV8,R027,WT2,P3,S4,48.63,59.52,False,False,ServiceDesk,project_fact_ordenestrabajo_export.csv,2026-06-23T00:00:00,735
WO000736,20250315,20250322,A004,EQ0029,SV1,R017,WT2,P4,S4,48.28,50.21,False,False,CMMS,project_fact_ordenestrabajo_export.csv,2026-06-23T00:00:00,736
WO000737,20250321,20250329,A001,EQ0010,SV6,R016,WT1,P3,S4,55.69,58.6,False,False,ServiceDesk,project_fact_ordenestrabajo_export.csv,2026-06-23T00:00:00,737
WO000738,20250115,20250121,A004,EQ0005,SV8,R024,WT2,P3,S4,33.96,45.08,False,False,CMMS,project_fact_ordenestrabajo_export.csv,2026-06-23T00:00:00,738
WO000739,20250411,20250413,A005,EQ0009,SV7,R016,WT2,P2,S4,19.04,11.26,True,False,CMMS,project_fact_ordenestrabajo_export.csv,2026-06-23T00:00:00,739
WO000740,20250304,,A005,EQ0018,SV3,R018,WT3,P2,S3,17.37,20.22,True,False,ERP,project_fact_ordenestrabajo_export.csv,2026-06-23T00:00:00,740
WO000741,20250420,20250423,A003,EQ0031,SV3,R016,WT4,P2,S4,17.0,21.18,True,False,ServiceDesk,project_fact_ordenestrabajo_export.csv,2026-06-23T00:00:00,741
WO000742,20250522,,A003,EQ0022,SV8,R013,WT3,P3,S2,50.65,49.59,False,False,ServiceDesk,project_fact_ordenestrabajo_export.csv,2026-06-23T00:00:00,742
WO000743,20250519,20250529,A005,EQ0023,SV4,R008,WT2,P4,S4,82.96,76.41,False,True,ERP,project_fact_ordenestrabajo_export.csv,2026-06-23T00:00:00,743
WO000744,20250326,20250405,A004,EQ0013,SV7,R005,WT1,P3,S4,62.27,75.05,False,True,ServiceDesk,project_fact_ordenestrabajo_export.csv,2026-06-23T00:00:00,744
WO000745,20250207,,A003,EQ0040,SV6,R028,WT1,P3,S3,25.82,56.54,False,False,ERP,project_fact_ordenestrabajo_export.csv,2026-06-23T00:00:00,745
WO000746,20250503,20250518,A003,EQ0001,SV4,R029,WT1,P4,S4,87.47,113.14,False,True,ERP,project_fact_ordenestrabajo_export.csv,2026-06-23T00:00:00,746
WO000747,20250520,20250530,A005,EQ0039,SV8,R007,WT1,P3,S4,55.99,73.71,False,False,CMMS,project_fact_ordenestrabajo_export.csv,2026-06-23T00:00:00,747
WO000748,20250202,20250203,A004,EQ0008,SV2,R030,WT2,P1,S4,5.45,5.63,True,True,ServiceDesk,project_fact_ordenestrabajo_export.csv,2026-06-23T00:00:00,748
WO000749,20250531,,A003,EQ0001,SV3,R019,WT1,P2,S3,11.16,8.24,True,False,ServiceDesk,project_fact_ordenestrabajo_export.csv,2026-06-23T00:00:00,749
WO000750,20250330,20250417,A001,EQ0010,SV2,R005,WT2,P4,S4,102.0,140.09,False,False,CMMS,project_fact_ordenestrabajo_export.csv,2026-06-23T00:00:00,750
WO000751,20250116,,A005,EQ0016,SV6,R017,WT3,P3,S1,56.76,50.42,False,False,CMMS,project_fact_ordenestrabajo_export.csv,2026-06-23T00:00:00,751
WO000752,20250103,,A004,EQ0013,SV2,R008,WT1,P2,S1,10.99,15.27,True,False,ERP,project_fact_ordenestrabajo_export.csv,2026-06-23T00:00:00,752
WO000753,20250309,20250324,A003,EQ0031,SV3,R002,WT3,P3,S4,63.56,119.11,False,False,CMMS,project_fact_ordenestrabajo_export.csv,2026-06-23T00:00:00,753
WO000754,20250525,20250601,A006,EQ0019,SV7,R027,WT3,P4,S4,77.15,51.71,False,False,ServiceDesk,project_fact_ordenestrabajo_export.csv,2026-06-23T00:00:00,754
WO000755,20250618,20250622,A005,EQ0037,SV2,R007,WT1,P2,S4,18.7,26.77,True,False,ERP,project_fact_ordenestrabajo_export.csv,2026-06-23T00:00:00,755
WO000756,20250410,,A005,EQ0023,SV6,R026,WT1,P2,S3,11.55,23.64,True,False,ServiceDesk,project_fact_ordenestrabajo_export.csv,2026-06-23T00:00:00,756
WO000757,20250315,,A005,EQ0011,SV7,R014,WT3,P2,S3,9.61,6.09,True,False,CMMS,project_fact_ordenestrabajo_export.csv,2026-06-23T00:00:00,757
WO000758,20250409,20250425,A006,EQ0038,SV5,R002,WT2,P4,S5,106.84,122.92,False,True,CMMS,project_fact_ordenestrabajo_export.csv,2026-06-23T00:00:00,758
WO000759,20250525,20250527,A006,EQ0027,SV2,R024,WT1,P2,S4,19.12,15.28,True,False,ServiceDesk,project_fact_ordenestrabajo_export.csv,2026-06-23T00:00:00,759
WO000760,20250421,,A001,EQ0007,SV1,R001,WT6,P3,S2,37.64,26.72,False,False,ERP,project_fact_ordenestrabajo_export.csv,2026-06-23T00:00:00,760
WO000761,20250206,,A006,EQ0027,SV2,R008,WT5,P4,S3,103.02,166.27,False,False,ServiceDesk,project_fact_ordenestrabajo_export.csv,2026-06-23T00:00:00,761
WO000762,20250308,,A003,EQ0031,SV2,R009,WT1,P2,S3,9.73,18.37,True,False,ERP,project_fact_ordenestrabajo_export.csv,2026-06-23T00:00:00,762
WO000763,20250506,20250507,A005,EQ0021,SV7,R026,WT2,P1,S4,5.66,7.67,True,False,ServiceDesk,project_fact_ordenestrabajo_export.csv,2026-06-23T00:00:00,763
WO000764,20250416,,A006,EQ0019,SV7,R017,WT2,P2,S3,13.24,9.89,True,False,ERP,project_fact_ordenestrabajo_export.csv,2026-06-23T00:00:00,764
WO000765,20250616,20250630,A006,EQ0014,SV8,R012,WT6,P3,S4,60.95,116.85,False,False,ERP,project_fact_ordenestrabajo_export.csv,2026-06-23T00:00:00,765
WO000766,20250109,20250111,A005,EQ0016,SV3,R013,WT2,P2,S4,15.63,11.94,True,False,CMMS,project_fact_ordenestrabajo_export.csv,2026-06-23T00:00:00,766
WO000767,20250627,20250630,A006,EQ0019,SV8,R008,WT1,P3,S4,26.27,22.74,False,False,ERP,project_fact_ordenestrabajo_export.csv,2026-06-23T00:00:00,767
WO000768,20250111,,A006,EQ0019,SV4,R016,WT1,P2,S1,11.21,8.45,True,False,CMMS,project_fact_ordenestrabajo_export.csv,2026-06-23T00:00:00,768
WO000769,20250131,,A004,EQ0005,SV6,R003,WT4,P3,S1,51.98,51.04,False,False,ERP,project_fact_ordenestrabajo_export.csv,2026-06-23T00:00:00,769
WO000770,20250113,,A005,EQ0037,SV1,R006,WT3,P2,S3,12.76,16.14,True,False,ERP,project_fact_ordenestrabajo_export.csv,2026-06-23T00:00:00,770
WO000771,20250415,20250422,A006,EQ0038,SV7,R023,WT4,P4,S4,80.14,51.12,False,False,CMMS,project_fact_ordenestrabajo_export.csv,2026-06-23T00:00:00,771
WO000772,20250213,20250214,A005,EQ0009,SV8,R003,WT5,P1,S4,4.02,6.72,True,False,CMMS,project_fact_ordenestrabajo_export.csv,2026-06-23T00:00:00,772
WO000773,20250413,20250516,A004,EQ0029,SV4,R006,WT2,P4,S4,96.97,260.4,False,False,ServiceDesk,project_fact_ordenestrabajo_export.csv,2026-06-23T00:00:00,773
WO000774,20250313,,A004,EQ0029,SV2,R022,WT3,P4,S1,80.95,76.88,False,False,ERP,project_fact_ordenestrabajo_export.csv,2026-06-23T00:00:00,774
WO000775,20250207,,A005,EQ0032,SV4,R027,WT2,P2,S2,13.96,12.55,True,False,ERP,project_fact_ordenestrabajo_export.csv,2026-06-23T00:00:00,775
WO000776,20250105,20250110,A004,EQ0008,SV6,R017,WT2,P3,S4,64.23,37.86,False,False,ERP,project_fact_ordenestrabajo_export.csv,2026-06-23T00:00:00,776
WO000777,20250512,20250521,A001,EQ0007,SV6,R016,WT2,P3,S4,54.35,68.65,False,False,ERP,project_fact_ordenestrabajo_export.csv,2026-06-23T00:00:00,777
WO000778,20250210,,A004,EQ0029,SV3,R009,WT4,P3,S1,49.49,28.26,False,False,ERP,project_fact_ordenestrabajo_export.csv,2026-06-23T00:00:00,778
WO000779,20250510,,A004,EQ0012,SV3,R005,WT3,P4,S2,63.5,113.86,False,False,ServiceDesk,project_fact_ordenestrabajo_export.csv,2026-06-23T00:00:00,779
WO000780,20250507,20250508,A003,EQ0031,SV5,R013,WT2,P2,S4,14.38,7.2,True,False,ServiceDesk,project_fact_ordenestrabajo_export.csv,2026-06-23T00:00:00,780
WO000781,20250313,,A001,EQ0020,SV8,R005,WT4,P4,S2,72.13,118.81,False,False,ERP,project_fact_ordenestrabajo_export.csv,2026-06-23T00:00:00,781
WO000782,20250330,20250331,A005,EQ0006,SV3,R003,WT1,P1,S4,4.94,4.53,True,False,ERP,project_fact_ordenestrabajo_export.csv,2026-06-23T00:00:00,782
WO000783,20250106,20250111,A004,EQ0029,SV7,R021,WT5,P3,S4,49.83,38.26,False,False,ServiceDesk,project_fact_ordenestrabajo_export.csv,2026-06-23T00:00:00,783
WO000784,20250428,20250508,A005,EQ0011,SV8,R027,WT2,P3,S4,36.2,77.07,False,False,CMMS,project_fact_ordenestrabajo_export.csv,2026-06-23T00:00:00,784
WO000785,20250128,,A001,EQ0010,SV4,R005,WT1,P3,S2,46.6,40.95,False,False,ServiceDesk,project_fact_ordenestrabajo_export.csv,2026-06-23T00:00:00,785
WO000786,20250323,,A004,EQ0008,SV7,R024,WT6,P3,S2,59.46,77.95,False,False,ERP,project_fact_ordenestrabajo_export.csv,2026-06-23T00:00:00,786
WO000787,20250509,20250511,A006,EQ0027,SV2,R009,WT2,P2,S4,10.98,13.56,True,False,CMMS,project_fact_ordenestrabajo_export.csv,2026-06-23T00:00:00,787
WO000788,20250209,,A005,EQ0023,SV7,R027,WT3,P1,S3,3.72,5.29,True,False,ERP,project_fact_ordenestrabajo_export.csv,2026-06-23T00:00:00,788
WO000789,20250211,,A001,EQ0026,SV2,R010,WT5,P4,S2,52.98,73.57,False,False,CMMS,project_fact_ordenestrabajo_export.csv,2026-06-23T00:00:00,789
WO000790,20250206,,A002,EQ0030,SV4,R003,WT2,P3,S2,36.67,18.77,False,False,ServiceDesk,project_fact_ordenestrabajo_export.csv,2026-06-23T00:00:00,790
WO000791,20250414,20250415,A002,EQ0030,SV2,R024,WT1,P1,S4,4.43,6.73,True,False,ERP,project_fact_ordenestrabajo_export.csv,2026-06-23T00:00:00,791
WO000792,20250320,20250325,A005,EQ0011,SV1,R008,WT2,P3,S4,43.24,38.06,False,False,ServiceDesk,project_fact_ordenestrabajo_export.csv,2026-06-23T00:00:00,792
WO000793,20250218,,A004,EQ0012,SV8,R005,WT1,P2,S2,15.9,26.93,True,False,ServiceDesk,project_fact_ordenestrabajo_export.csv,2026-06-23T00:00:00,793
WO000794,20250514,20250517,A001,EQ0026,SV2,R021,WT6,P2,S4,14.59,23.75,True,False,CMMS,project_fact_ordenestrabajo_export.csv,2026-06-23T00:00:00,794
WO000795,20250223,20250311,A001,EQ0028,SV1,R020,WT2,P3,S5,57.87,121.04,False,False,ServiceDesk,project_fact_ordenestrabajo_export.csv,2026-06-23T00:00:00,795
WO000796,20250112,20250124,A003,EQ0031,SV4,R005,WT1,P4,S4,52.97,93.73,False,False,CMMS,project_fact_ordenestrabajo_export.csv,2026-06-23T00:00:00,796
WO000797,20250107,,A003,EQ0031,SV8,R003,WT2,P3,S1,33.46,80.56,False,False,ERP,project_fact_ordenestrabajo_export.csv,2026-06-23T00:00:00,797
WO000798,20250522,20250525,A001,EQ0026,SV5,R008,WT6,P2,S5,10.25,17.39,True,False,ERP,project_fact_ordenestrabajo_export.csv,2026-06-23T00:00:00,798
WO000799,20250529,20250530,A006,EQ0024,SV1,R013,WT2,P2,S4,9.27,3.57,True,False,CMMS,project_fact_ordenestrabajo_export.csv,2026-06-23T00:00:00,799
WO000800,20250528,20250530,A003,EQ0025,SV3,R021,WT2,P2,S4,14.05,14.5,True,False,ERP,project_fact_ordenestrabajo_export.csv,2026-06-23T00:00:00,800
WO000801,20250123,20250127,A003,EQ0001,SV5,R030,WT5,P3,S4,41.12,31.98,False,False,ERP,project_fact_ordenestrabajo_export.csv,2026-06-23T00:00:00,801
WO000802,20250316,,A006,EQ0014,SV2,R001,WT2,P4,S2,91.35,218.11,False,True,ERP,project_fact_ordenestrabajo_export.csv,2026-06-23T00:00:00,802
WO000803,20250424,,A005,EQ0017,SV2,R023,WT6,P4,S2,57.4,72.34,False,False,CMMS,project_fact_ordenestrabajo_export.csv,2026-06-23T00:00:00,803
WO000804,20250129,20250130,A002,EQ0030,SV7,R024,WT3,P1,S4,3.0,5.99,True,False,ERP,project_fact_ordenestrabajo_export.csv,2026-06-23T00:00:00,804
WO000805,20250623,20250626,A003,EQ0031,SV2,R024,WT3,P1,S5,7.05,18.69,True,False,CMMS,project_fact_ordenestrabajo_export.csv,2026-06-23T00:00:00,805
WO000806,20250605,,A005,EQ0034,SV1,R001,WT1,P1,S1,5.52,4.92,True,False,ERP,project_fact_ordenestrabajo_export.csv,2026-06-23T00:00:00,806
WO000807,20250109,20250121,A005,EQ0011,SV5,R021,WT1,P4,S4,70.93,93.18,False,False,ServiceDesk,project_fact_ordenestrabajo_export.csv,2026-06-23T00:00:00,807
WO000808,20250512,,A006,EQ0038,SV8,R020,WT2,P3,S2,35.78,31.9,False,False,CMMS,project_fact_ordenestrabajo_export.csv,2026-06-23T00:00:00,808
WO000809,20250316,20250317,A005,EQ0018,SV3,R022,WT2,P1,S4,3.84,6.14,True,False,CMMS,project_fact_ordenestrabajo_export.csv,2026-06-23T00:00:00,809
WO000810,20250528,20250601,A005,EQ0032,SV6,R011,WT2,P3,S4,27.2,27.71,False,False,ERP,project_fact_ordenestrabajo_export.csv,2026-06-23T00:00:00,810
WO000811,20250614,20250620,A005,EQ0016,SV5,R023,WT2,P3,S4,39.95,44.59,False,False,ERP,project_fact_ordenestrabajo_export.csv,2026-06-23T00:00:00,811
WO000812,20250523,,A005,EQ0011,SV2,R023,WT1,P2,S2,8.82,14.72,True,False,ERP,project_fact_ordenestrabajo_export.csv,2026-06-23T00:00:00,812
WO000813,20250602,20250610,A005,EQ0039,SV7,R013,WT2,P3,S4,35.7,57.72,False,False,ServiceDesk,project_fact_ordenestrabajo_export.csv,2026-06-23T00:00:00,813
WO000814,20250414,20250425,A005,EQ0017,SV1,R013,WT1,P3,S4,59.89,86.51,False,False,CMMS,project_fact_ordenestrabajo_export.csv,2026-06-23T00:00:00,814
WO000815,20250615,20250619,A002,EQ0030,SV4,R002,WT1,P3,S4,50.08,31.0,False,False,ServiceDesk,project_fact_ordenestrabajo_export.csv,2026-06-23T00:00:00,815
WO000816,20250604,20250615,A006,EQ0024,SV6,R028,WT2,P4,S4,48.6,85.59,False,False,ServiceDesk,project_fact_ordenestrabajo_export.csv,2026-06-23T00:00:00,816
WO000817,20250528,20250530,A005,EQ0017,SV7,R006,WT3,P2,S4,20.25,9.64,True,False,CMMS,project_fact_ordenestrabajo_export.csv,2026-06-23T00:00:00,817
WO000818,20250210,20250214,A005,EQ0018,SV7,R020,WT1,P2,S4,8.93,28.9,True,False,ERP,project_fact_ordenestrabajo_export.csv,2026-06-23T00:00:00,818
WO000819,20250209,,A004,EQ0002,SV3,R004,WT2,P2,S2,10.19,20.78,True,False,ERP,project_fact_ordenestrabajo_export.csv,2026-06-23T00:00:00,819
WO000820,20250309,20250324,A004,EQ0008,SV7,R008,WT2,P4,S5,76.45,114.83,False,False,ServiceDesk,project_fact_ordenestrabajo_export.csv,2026-06-23T00:00:00,820
WO000821,20250515,,A002,EQ0015,SV8,R001,WT2,P1,S3,5.94,4.28,True,True,CMMS,project_fact_ordenestrabajo_export.csv,2026-06-23T00:00:00,821
WO000822,20250319,,A003,EQ0035,SV3,R003,WT5,P3,S2,25.68,25.99,False,False,ERP,project_fact_ordenestrabajo_export.csv,2026-06-23T00:00:00,822
WO000823,20250114,,A001,EQ0020,SV2,R018,WT2,P1,S2,4.47,7.52,True,False,ServiceDesk,project_fact_ordenestrabajo_export.csv,2026-06-23T00:00:00,823
WO000824,20250319,20250320,A003,EQ0022,SV5,R018,WT2,P2,S4,12.47,7.89,True,False,ERP,project_fact_ordenestrabajo_export.csv,2026-06-23T00:00:00,824
WO000825,20250602,20250604,A004,EQ0008,SV5,R011,WT2,P2,S4,8.62,8.73,True,False,ERP,project_fact_ordenestrabajo_export.csv,2026-06-23T00:00:00,825
WO000826,20250209,,A001,EQ0007,SV7,R023,WT6,P2,S2,20.07,22.47,True,True,CMMS,project_fact_ordenestrabajo_export.csv,2026-06-23T00:00:00,826
WO000827,20250401,20250409,A004,EQ0004,SV8,R020,WT1,P4,S4,45.26,58.29,False,False,ServiceDesk,project_fact_ordenestrabajo_export.csv,2026-06-23T00:00:00,827
WO000828,20250424,20250509,A002,EQ0030,SV6,R008,WT2,P3,S4,53.0,113.44,False,False,ServiceDesk,project_fact_ordenestrabajo_export.csv,2026-06-23T00:00:00,828
WO000829,20250402,20250403,A003,EQ0033,SV5,R013,WT4,P1,S4,3.54,6.67,True,False,ServiceDesk,project_fact_ordenestrabajo_export.csv,2026-06-23T00:00:00,829
WO000830,20250429,20250503,A005,EQ0016,SV7,R001,WT2,P2,S4,19.66,29.75,True,False,ServiceDesk,project_fact_ordenestrabajo_export.csv,2026-06-23T00:00:00,830
WO000831,20250222,20250309,A005,EQ0032,SV8,R030,WT2,P3,S4,62.35,115.2,False,False,CMMS,project_fact_ordenestrabajo_export.csv,2026-06-23T00:00:00,831
WO000832,20250627,20250630,A006,EQ0024,SV8,R021,WT1,P3,S4,32.24,41.06,False,False,ServiceDesk,project_fact_ordenestrabajo_export.csv,2026-06-23T00:00:00,832
WO000833,20250407,20250409,A005,EQ0017,SV5,R028,WT5,P2,S4,11.35,9.8,True,False,ERP,project_fact_ordenestrabajo_export.csv,2026-06-23T00:00:00,833
WO000834,20250321,20250323,A003,EQ0001,SV2,R024,WT6,P1,S4,6.25,9.01,True,False,ServiceDesk,project_fact_ordenestrabajo_export.csv,2026-06-23T00:00:00,834
WO000835,20250228,20250301,A002,EQ0036,SV7,R001,WT1,P1,S4,4.0,2.59,True,False,ServiceDesk,project_fact_ordenestrabajo_export.csv,2026-06-23T00:00:00,835
WO000836,20250506,20250520,A005,EQ0021,SV8,R008,WT3,P3,S4,53.28,111.69,False,False,ERP,project_fact_ordenestrabajo_export.csv,2026-06-23T00:00:00,836
WO000837,20250507,,A004,EQ0002,SV4,R024,WT1,P4,S2,77.64,113.99,False,False,CMMS,project_fact_ordenestrabajo_export.csv,2026-06-23T00:00:00,837
WO000838,20250411,20250502,A001,EQ0026,SV3,R025,WT2,P3,S4,55.01,167.03,False,False,ServiceDesk,project_fact_ordenestrabajo_export.csv,2026-06-23T00:00:00,838
WO000839,20250112,,A005,EQ0023,SV3,R015,WT2,P1,S3,6.91,3.51,True,False,ERP,project_fact_ordenestrabajo_export.csv,2026-06-23T00:00:00,839
WO000840,20250531,20250603,A003,EQ0001,SV1,R022,WT2,P2,S4,21.05,20.36,True,False,CMMS,project_fact_ordenestrabajo_export.csv,2026-06-23T00:00:00,840
WO000841,20250604,20250611,A002,EQ0015,SV3,R009,WT4,P3,S4,35.32,48.8,False,False,CMMS,project_fact_ordenestrabajo_export.csv,2026-06-23T00:00:00,841
WO000842,20250410,,A005,EQ0021,SV1,R022,WT1,P2,S2,21.19,41.22,True,False,ServiceDesk,project_fact_ordenestrabajo_export.csv,2026-06-23T00:00:00,842
WO000843,20250502,20250508,A002,EQ0030,SV2,R013,WT4,P3,S4,25.36,41.45,False,False,CMMS,project_fact_ordenestrabajo_export.csv,2026-06-23T00:00:00,843
WO000844,20250102,,A005,EQ0023,SV8,R015,WT1,P3,S2,43.47,52.68,False,False,ERP,project_fact_ordenestrabajo_export.csv,2026-06-23T00:00:00,844
WO000845,20250418,20250421,A003,EQ0031,SV1,R023,WT3,P2,S4,20.52,16.48,True,False,ERP,project_fact_ordenestrabajo_export.csv,2026-06-23T00:00:00,845
WO000846,20250408,,A005,EQ0023,SV2,R004,WT1,P2,S2,16.39,15.78,True,True,CMMS,project_fact_ordenestrabajo_export.csv,2026-06-23T00:00:00,846
WO000847,20250402,20250404,A005,EQ0017,SV7,R008,WT6,P2,S4,12.16,9.0,True,True,CMMS,project_fact_ordenestrabajo_export.csv,2026-06-23T00:00:00,847
WO000848,20250110,,A005,EQ0009,SV6,R013,WT1,P2,S2,19.59,26.24,True,False,ServiceDesk,project_fact_ordenestrabajo_export.csv,2026-06-23T00:00:00,848
WO000849,20250523,,A001,EQ0007,SV1,R014,WT1,P3,S2,32.03,42.55,False,True,CMMS,project_fact_ordenestrabajo_export.csv,2026-06-23T00:00:00,849
WO000850,20250114,20250116,A005,EQ0032,SV5,R028,WT6,P2,S4,8.79,10.15,True,False,ERP,project_fact_ordenestrabajo_export.csv,2026-06-23T00:00:00,850
WO000851,20250312,20250316,A004,EQ0003,SV1,R016,WT6,P2,S4,18.62,25.62,True,False,ERP,project_fact_ordenestrabajo_export.csv,2026-06-23T00:00:00,851
WO000852,20250503,,A005,EQ0037,SV8,R018,WT2,P2,S2,13.16,20.52,True,False,ServiceDesk,project_fact_ordenestrabajo_export.csv,2026-06-23T00:00:00,852
WO000853,20250516,20250605,A004,EQ0012,SV7,R005,WT3,P4,S4,91.78,152.77,False,False,ServiceDesk,project_fact_ordenestrabajo_export.csv,2026-06-23T00:00:00,853
WO000854,20250103,,A006,EQ0024,SV3,R018,WT2,P2,S2,17.78,33.1,True,True,ERP,project_fact_ordenestrabajo_export.csv,2026-06-23T00:00:00,854
WO000855,20250512,,A005,EQ0037,SV4,R017,WT1,P3,S2,27.14,21.96,False,False,ServiceDesk,project_fact_ordenestrabajo_export.csv,2026-06-23T00:00:00,855
WO000856,20250116,,A006,EQ0027,SV3,R018,WT2,P2,S2,12.59,30.13,True,True,ERP,project_fact_ordenestrabajo_export.csv,2026-06-23T00:00:00,856
WO000857,20250624,,A004,EQ0002,SV5,R029,WT4,P3,S1,48.75,62.11,False,True,ServiceDesk,project_fact_ordenestrabajo_export.csv,2026-06-23T00:00:00,857
WO000858,20250201,20250205,A003,EQ0025,SV4,R028,WT1,P3,S4,61.12,30.14,False,True,ERP,project_fact_ordenestrabajo_export.csv,2026-06-23T00:00:00,858
WO000859,20250218,,A005,EQ0021,SV8,R015,WT2,P3,S2,29.59,43.97,False,False,ServiceDesk,project_fact_ordenestrabajo_export.csv,2026-06-23T00:00:00,859
WO000860,20250607,20250624,A003,EQ0035,SV2,R030,WT6,P4,S4,86.03,131.72,False,False,CMMS,project_fact_ordenestrabajo_export.csv,2026-06-23T00:00:00,860
WO000861,20250509,20250515,A006,EQ0019,SV6,R016,WT2,P3,S4,59.99,44.18,False,False,CMMS,project_fact_ordenestrabajo_export.csv,2026-06-23T00:00:00,861
WO000862,20250527,,A004,EQ0008,SV1,R007,WT2,P2,S1,17.44,31.5,True,False,ERP,project_fact_ordenestrabajo_export.csv,2026-06-23T00:00:00,862
WO000863,20250602,20250608,A002,EQ0015,SV6,R006,WT1,P3,S4,31.08,45.91,False,False,ERP,project_fact_ordenestrabajo_export.csv,2026-06-23T00:00:00,863
WO000864,20250405,20250416,A004,EQ0004,SV3,R009,WT4,P3,S4,64.6,80.76,False,False,ERP,project_fact_ordenestrabajo_export.csv,2026-06-23T00:00:00,864
WO000865,20250308,,A004,EQ0029,SV6,R020,WT2,P3,S2,35.48,110.69,False,False,CMMS,project_fact_ordenestrabajo_export.csv,2026-06-23T00:00:00,865
WO000866,20250429,20250514,A003,EQ0035,SV1,R012,WT1,P4,S4,57.76,114.27,False,True,ERP,project_fact_ordenestrabajo_export.csv,2026-06-23T00:00:00,866
WO000867,20250116,20250118,A006,EQ0019,SV8,R021,WT1,P2,S4,14.79,11.77,True,False,ServiceDesk,project_fact_ordenestrabajo_export.csv,2026-06-23T00:00:00,867
WO000868,20250124,20250125,A006,EQ0014,SV8,R018,WT1,P1,S4,6.04,6.18,True,True,CMMS,project_fact_ordenestrabajo_export.csv,2026-06-23T00:00:00,868
WO000869,20250301,20250311,A004,EQ0003,SV6,R003,WT1,P3,S4,39.77,78.4,False,False,ERP,project_fact_ordenestrabajo_export.csv,2026-06-23T00:00:00,869
WO000870,20250531,,A001,EQ0026,SV5,R004,WT3,P4,S1,49.71,49.45,False,False,CMMS,project_fact_ordenestrabajo_export.csv,2026-06-23T00:00:00,870
WO000871,20250513,20250516,A004,EQ0008,SV6,R015,WT5,P2,S4,16.02,23.03,True,False,CMMS,project_fact_ordenestrabajo_export.csv,2026-06-23T00:00:00,871
WO000872,20250219,20250308,A004,EQ0012,SV2,R008,WT2,P4,S4,87.54,132.34,False,False,ERP,project_fact_ordenestrabajo_export.csv,2026-06-23T00:00:00,872
WO000873,20250319,,A006,EQ0014,SV7,R016,WT2,P2,S1,19.94,17.32,True,False,ERP,project_fact_ordenestrabajo_export.csv,2026-06-23T00:00:00,873
WO000874,20250201,,A004,EQ0012,SV2,R006,WT6,P1,S2,3.95,5.01,True,False,ServiceDesk,project_fact_ordenestrabajo_export.csv,2026-06-23T00:00:00,874
WO000875,20250307,20250311,A003,EQ0035,SV4,R015,WT1,P3,S4,40.28,25.24,False,False,ERP,project_fact_ordenestrabajo_export.csv,2026-06-23T00:00:00,875
WO000876,20250518,20250519,A006,EQ0024,SV4,R006,WT1,P2,S4,10.84,6.57,True,False,CMMS,project_fact_ordenestrabajo_export.csv,2026-06-23T00:00:00,876
WO000877,20250102,,A003,EQ0025,SV5,R020,WT6,P2,S2,19.19,26.79,True,False,ERP,project_fact_ordenestrabajo_export.csv,2026-06-23T00:00:00,877
WO000878,20250125,,A005,EQ0034,SV2,R015,WT2,P2,S3,16.06,14.87,True,False,ServiceDesk,project_fact_ordenestrabajo_export.csv,2026-06-23T00:00:00,878
WO000879,20250620,20250621,A003,EQ0033,SV1,R019,WT1,P1,S4,4.46,5.54,True,False,CMMS,project_fact_ordenestrabajo_export.csv,2026-06-23T00:00:00,879
WO000880,20250521,20250528,A005,EQ0006,SV2,R009,WT2,P4,S4,42.15,50.91,False,False,ERP,project_fact_ordenestrabajo_export.csv,2026-06-23T00:00:00,880
WO000881,20250612,,A003,EQ0022,SV6,R005,WT2,P3,S2,36.49,29.5,False,False,ServiceDesk,project_fact_ordenestrabajo_export.csv,2026-06-23T00:00:00,881
WO000882,20250207,,A001,EQ0020,SV1,R004,WT1,P2,S2,21.57,22.43,True,False,ERP,project_fact_ordenestrabajo_export.csv,2026-06-23T00:00:00,882
WO000883,20250311,20250324,A005,EQ0016,SV6,R017,WT1,P3,S4,48.32,97.8,False,False,CMMS,project_fact_ordenestrabajo_export.csv,2026-06-23T00:00:00,883
WO000884,20250204,20250302,A004,EQ0005,SV8,R013,WT2,P4,S4,90.54,203.39,False,True,ERP,project_fact_ordenestrabajo_export.csv,2026-06-23T00:00:00,884
WO000885,20250128,20250129,A003,EQ0022,SV8,R009,WT2,P2,S4,8.61,6.06,True,False,ERP,project_fact_ordenestrabajo_export.csv,2026-06-23T00:00:00,885
WO000886,20250214,,A003,EQ0022,SV1,R024,WT2,P2,S3,13.88,10.86,True,False,ServiceDesk,project_fact_ordenestrabajo_export.csv,2026-06-23T00:00:00,886
WO000887,20250124,20250202,A005,EQ0011,SV4,R010,WT2,P3,S4,46.68,70.53,False,False,ServiceDesk,project_fact_ordenestrabajo_export.csv,2026-06-23T00:00:00,887
WO000888,20250522,,A003,EQ0040,SV2,R025,WT5,P4,S1,80.28,232.67,False,False,CMMS,project_fact_ordenestrabajo_export.csv,2026-06-23T00:00:00,888
WO000889,20250221,20250306,A003,EQ0022,SV5,R020,WT1,P4,S4,68.44,98.75,False,False,CMMS,project_fact_ordenestrabajo_export.csv,2026-06-23T00:00:00,889
WO000890,20250426,20250501,A004,EQ0005,SV3,R028,WT3,P3,S4,43.03,32.11,False,True,CMMS,project_fact_ordenestrabajo_export.csv,2026-06-23T00:00:00,890
WO000891,20250226,,A005,EQ0006,SV8,R010,WT1,P3,S3,48.66,78.68,False,False,CMMS,project_fact_ordenestrabajo_export.csv,2026-06-23T00:00:00,891
WO000892,20250120,,A002,EQ0030,SV5,R009,WT5,P2,S1,12.84,26.63,True,False,CMMS,project_fact_ordenestrabajo_export.csv,2026-06-23T00:00:00,892
WO000893,20250514,20250515,A003,EQ0035,SV4,R009,WT3,P1,S4,2.87,2.81,True,False,ERP,project_fact_ordenestrabajo_export.csv,2026-06-23T00:00:00,893
WO000894,20250630,20250630,A004,EQ0013,SV7,R022,WT2,P2,S4,19.49,11.74,True,True,ERP,project_fact_ordenestrabajo_export.csv,2026-06-23T00:00:00,894
WO000895,20250412,20250420,A001,EQ0020,SV1,R019,WT6,P3,S4,34.99,56.56,False,False,ServiceDesk,project_fact_ordenestrabajo_export.csv,2026-06-23T00:00:00,895
WO000896,20250125,20250203,A003,EQ0031,SV8,R030,WT5,P4,S4,80.48,65.1,False,False,CMMS,project_fact_ordenestrabajo_export.csv,2026-06-23T00:00:00,896
WO000897,20250218,20250227,A001,EQ0010,SV5,R029,WT4,P4,S4,71.31,66.36,False,False,ServiceDesk,project_fact_ordenestrabajo_export.csv,2026-06-23T00:00:00,897
WO000898,20250202,,A004,EQ0005,SV1,R009,WT1,P4,S2,57.18,26.18,False,False,CMMS,project_fact_ordenestrabajo_export.csv,2026-06-23T00:00:00,898
WO000899,20250313,20250320,A006,EQ0038,SV3,R007,WT3,P2,S4,21.54,53.66,True,False,ERP,project_fact_ordenestrabajo_export.csv,2026-06-23T00:00:00,899
WO000900,20250603,20250605,A001,EQ0020,SV6,R023,WT6,P2,S4,12.32,15.95,True,False,ServiceDesk,project_fact_ordenestrabajo_export.csv,2026-06-23T00:00:00,900
WO000901,20250422,,A004,EQ0012,SV5,R030,WT1,P3,S2,32.28,29.79,False,False,CMMS,project_fact_ordenestrabajo_export.csv,2026-06-23T00:00:00,901
WO000902,20250208,20250226,A005,EQ0006,SV6,R013,WT3,P4,S4,73.5,139.08,False,False,ERP,project_fact_ordenestrabajo_export.csv,2026-06-23T00:00:00,902
WO000903,20250103,,A005,EQ0017,SV1,R025,WT2,P2,S3,18.59,17.32,True,True,ServiceDesk,project_fact_ordenestrabajo_export.csv,2026-06-23T00:00:00,903
WO000904,20250523,20250606,A005,EQ0034,SV1,R023,WT5,P4,S4,51.74,107.83,False,False,ERP,project_fact_ordenestrabajo_export.csv,2026-06-23T00:00:00,904
WO000905,20250619,,A001,EQ0026,SV6,R021,WT3,P4,S2,65.43,70.61,False,False,ServiceDesk,project_fact_ordenestrabajo_export.csv,2026-06-23T00:00:00,905
WO000906,20250218,20250227,A003,EQ0033,SV3,R026,WT1,P3,S4,42.19,65.56,False,False,ERP,project_fact_ordenestrabajo_export.csv,2026-06-23T00:00:00,906
WO000907,20250414,,A005,EQ0011,SV5,R021,WT2,P4,S2,90.36,109.0,False,False,CMMS,project_fact_ordenestrabajo_export.csv,2026-06-23T00:00:00,907
WO000908,20250420,,A005,EQ0021,SV1,R024,WT2,P2,S3,21.56,17.14,True,False,ServiceDesk,project_fact_ordenestrabajo_export.csv,2026-06-23T00:00:00,908
WO000909,20250201,20250211,A005,EQ0011,SV3,R001,WT5,P4,S4,75.89,74.18,False,False,ServiceDesk,project_fact_ordenestrabajo_export.csv,2026-06-23T00:00:00,909
WO000910,20250626,,A005,EQ0032,SV8,R022,WT2,P3,S2,55.91,93.12,False,False,ServiceDesk,project_fact_ordenestrabajo_export.csv,2026-06-23T00:00:00,910
WO000911,20250103,,A005,EQ0032,SV8,R018,WT2,P3,S2,27.3,26.07,False,False,CMMS,project_fact_ordenestrabajo_export.csv,2026-06-23T00:00:00,911
WO000912,20250116,20250124,A005,EQ0039,SV3,R029,WT6,P3,S4,28.31,57.18,False,False,CMMS,project_fact_ordenestrabajo_export.csv,2026-06-23T00:00:00,912
WO000913,20250507,20250529,A004,EQ0002,SV7,R008,WT5,P4,S4,103.05,170.74,False,False,ERP,project_fact_ordenestrabajo_export.csv,2026-06-23T00:00:00,913
WO000914,20250310,20250319,A005,EQ0039,SV8,R020,WT2,P3,S4,54.81,65.37,False,False,ServiceDesk,project_fact_ordenestrabajo_export.csv,2026-06-23T00:00:00,914
WO000915,20250222,,A005,EQ0021,SV7,R006,WT2,P3,S2,32.67,25.26,False,False,ServiceDesk,project_fact_ordenestrabajo_export.csv,2026-06-23T00:00:00,915
WO000916,20250125,20250126,A005,EQ0037,SV8,R016,WT5,P1,S4,5.56,6.72,True,False,CMMS,project_fact_ordenestrabajo_export.csv,2026-06-23T00:00:00,916
WO000917,20250421,20250424,A006,EQ0038,SV5,R009,WT2,P2,S4,16.04,21.12,True,False,ServiceDesk,project_fact_ordenestrabajo_export.csv,2026-06-23T00:00:00,917
WO000918,20250406,20250407,A001,EQ0010,SV5,R011,WT6,P1,S4,3.54,4.58,True,False,CMMS,project_fact_ordenestrabajo_export.csv,2026-06-23T00:00:00,918
WO000919,20250526,20250531,A001,EQ0026,SV3,R001,WT1,P2,S4,20.5,32.23,True,False,CMMS,project_fact_ordenestrabajo_export.csv,2026-06-23T00:00:00,919
WO000920,20250619,20250620,A003,EQ0001,SV5,R003,WT3,P1,S4,2.83,2.98,True,False,ERP,project_fact_ordenestrabajo_export.csv,2026-06-23T00:00:00,920
WO000921,20250127,20250213,A005,EQ0009,SV7,R023,WT1,P4,S4,103.89,129.82,False,False,ServiceDesk,project_fact_ordenestrabajo_export.csv,2026-06-23T00:00:00,921
WO000922,20250506,20250508,A005,EQ0011,SV2,R027,WT3,P2,S4,19.55,15.41,True,True,CMMS,project_fact_ordenestrabajo_export.csv,2026-06-23T00:00:00,922
WO000923,20250302,20250303,A003,EQ0033,SV7,R025,WT4,P1,S4,4.27,2.64,True,False,ServiceDesk,project_fact_ordenestrabajo_export.csv,2026-06-23T00:00:00,923
WO000924,20250112,,A006,EQ0024,SV6,R009,WT2,P3,S1,50.01,58.17,False,False,CMMS,project_fact_ordenestrabajo_export.csv,2026-06-23T00:00:00,924
WO000925,20250131,20250205,A005,EQ0011,SV2,R030,WT2,P3,S4,48.37,35.42,False,False,ERP,project_fact_ordenestrabajo_export.csv,2026-06-23T00:00:00,925
WO000926,20250117,20250121,A003,EQ0031,SV1,R022,WT1,P3,S4,55.49,25.58,False,False,CMMS,project_fact_ordenestrabajo_export.csv,2026-06-23T00:00:00,926
WO000927,20250404,20250412,A003,EQ0025,SV7,R016,WT2,P4,S4,76.57,60.73,False,False,ERP,project_fact_ordenestrabajo_export.csv,2026-06-23T00:00:00,927
WO000928,20250418,,A006,EQ0024,SV1,R015,WT1,P2,S1,18.26,20.2,True,False,ServiceDesk,project_fact_ordenestrabajo_export.csv,2026-06-23T00:00:00,928
WO000929,20250323,20250326,A004,EQ0002,SV8,R018,WT2,P2,S4,14.18,20.37,True,False,ERP,project_fact_ordenestrabajo_export.csv,2026-06-23T00:00:00,929
WO000930,20250609,,A005,EQ0016,SV3,R017,WT2,P2,S1,19.62,24.6,True,False,CMMS,project_fact_ordenestrabajo_export.csv,2026-06-23T00:00:00,930
WO000931,20250602,20250610,A004,EQ0012,SV4,R025,WT1,P4,S4,84.32,62.34,False,False,ERP,project_fact_ordenestrabajo_export.csv,2026-06-23T00:00:00,931
WO000932,20250517,,A003,EQ0001,SV2,R013,WT6,P2,S1,11.74,10.63,True,False,ERP,project_fact_ordenestrabajo_export.csv,2026-06-23T00:00:00,932
WO000933,20250426,20250429,A004,EQ0013,SV5,R020,WT1,P3,S4,27.78,19.18,False,True,CMMS,project_fact_ordenestrabajo_export.csv,2026-06-23T00:00:00,933
WO000934,20250529,,A005,EQ0011,SV4,R024,WT6,P2,S3,21.52,20.95,True,False,CMMS,project_fact_ordenestrabajo_export.csv,2026-06-23T00:00:00,934
WO000935,20250503,20250517,A004,EQ0013,SV4,R017,WT6,P3,S4,57.71,109.61,False,False,ERP,project_fact_ordenestrabajo_export.csv,2026-06-23T00:00:00,935
WO000936,20250207,20250208,A003,EQ0025,SV5,R023,WT3,P1,S4,5.77,5.58,True,False,ERP,project_fact_ordenestrabajo_export.csv,2026-06-23T00:00:00,936
WO000937,20250401,,A005,EQ0009,SV8,R020,WT4,P3,S2,38.91,52.6,False,False,CMMS,project_fact_ordenestrabajo_export.csv,2026-06-23T00:00:00,937
WO000938,20250121,20250123,A003,EQ0022,SV3,R011,WT5,P2,S4,10.39,10.11,True,False,ServiceDesk,project_fact_ordenestrabajo_export.csv,2026-06-23T00:00:00,938
WO000939,20250317,20250320,A005,EQ0009,SV7,R022,WT1,P3,S4,29.36,20.04,False,True,CMMS,project_fact_ordenestrabajo_export.csv,2026-06-23T00:00:00,939
WO000940,20250412,20250510,A004,EQ0002,SV7,R016,WT2,P4,S5,88.06,217.71,False,False,ServiceDesk,project_fact_ordenestrabajo_export.csv,2026-06-23T00:00:00,940
WO000941,20250206,20250222,A004,EQ0012,SV8,R013,WT4,P4,S4,92.85,126.67,False,False,ERP,project_fact_ordenestrabajo_export.csv,2026-06-23T00:00:00,941
WO000942,20250113,20250119,A005,EQ0016,SV4,R007,WT1,P3,S4,60.22,46.73,False,False,ERP,project_fact_ordenestrabajo_export.csv,2026-06-23T00:00:00,942
WO000943,20250409,,A004,EQ0013,SV2,R020,WT6,P3,S1,61.24,123.64,False,False,ServiceDesk,project_fact_ordenestrabajo_export.csv,2026-06-23T00:00:00,943
WO000944,20250121,20250214,A001,EQ0010,SV5,R010,WT3,P4,S4,100.51,186.94,False,False,CMMS,project_fact_ordenestrabajo_export.csv,2026-06-23T00:00:00,944
WO000945,20250324,20250327,A003,EQ0033,SV4,R025,WT2,P2,S4,13.71,18.13,True,False,CMMS,project_fact_ordenestrabajo_export.csv,2026-06-23T00:00:00,945
WO000946,20250425,,A006,EQ0024,SV8,R003,WT6,P4,S1,49.24,52.99,False,False,ERP,project_fact_ordenestrabajo_export.csv,2026-06-23T00:00:00,946
WO000947,20250212,20250222,A006,EQ0024,SV4,R015,WT3,P3,S4,49.99,72.37,False,True,CMMS,project_fact_ordenestrabajo_export.csv,2026-06-23T00:00:00,947
WO000948,20250422,20250426,A005,EQ0006,SV2,R007,WT4,P3,S4,62.74,24.17,False,False,ERP,project_fact_ordenestrabajo_export.csv,2026-06-23T00:00:00,948
WO000949,20250514,20250516,A005,EQ0023,SV4,R018,WT6,P2,S4,16.25,11.61,True,False,ERP,project_fact_ordenestrabajo_export.csv,2026-06-23T00:00:00,949
WO000950,20250125,20250205,A004,EQ0002,SV5,R004,WT1,P3,S4,51.92,83.73,False,False,CMMS,project_fact_ordenestrabajo_export.csv,2026-06-23T00:00:00,950
WO000951,20250410,20250421,A005,EQ0009,SV6,R013,WT2,P4,S4,61.01,87.57,False,False,CMMS,project_fact_ordenestrabajo_export.csv,2026-06-23T00:00:00,951
WO000952,20250409,20250410,A005,EQ0034,SV7,R004,WT2,P2,S5,11.9,6.83,True,False,ERP,project_fact_ordenestrabajo_export.csv,2026-06-23T00:00:00,952
WO000953,20250616,,A001,EQ0007,SV8,R013,WT4,P3,S2,34.84,29.13,False,True,ServiceDesk,project_fact_ordenestrabajo_export.csv,2026-06-23T00:00:00,953
WO000954,20250508,,A005,EQ0032,SV5,R014,WT3,P3,S1,58.24,25.49,False,False,CMMS,project_fact_ordenestrabajo_export.csv,2026-06-23T00:00:00,954
WO000955,20250131,20250210,A003,EQ0025,SV4,R029,WT2,P4,S4,102.97,79.24,False,False,ERP,project_fact_ordenestrabajo_export.csv,2026-06-23T00:00:00,955
WO000956,20250209,,A005,EQ0016,SV3,R004,WT2,P3,S1,38.12,44.55,False,False,ERP,project_fact_ordenestrabajo_export.csv,2026-06-23T00:00:00,956
WO000957,20250212,20250215,A002,EQ0036,SV6,R016,WT3,P2,S4,17.4,17.61,True,True,ServiceDesk,project_fact_ordenestrabajo_export.csv,2026-06-23T00:00:00,957
WO000958,20250627,,A005,EQ0021,SV5,R016,WT2,P4,S1,82.62,66.38,False,False,ServiceDesk,project_fact_ordenestrabajo_export.csv,2026-06-23T00:00:00,958
WO000959,20250509,,A006,EQ0019,SV8,R021,WT2,P2,S2,17.4,20.83,True,True,CMMS,project_fact_ordenestrabajo_export.csv,2026-06-23T00:00:00,959
WO000960,20250313,20250314,A004,EQ0013,SV7,R015,WT2,P1,S4,3.96,3.34,True,False,ServiceDesk,project_fact_ordenestrabajo_export.csv,2026-06-23T00:00:00,960
WO000961,20250610,20250618,A003,EQ0022,SV1,R009,WT6,P3,S4,53.62,57.18,False,False,ERP,project_fact_ordenestrabajo_export.csv,2026-06-23T00:00:00,961
WO000962,20250610,20250612,A005,EQ0006,SV3,R017,WT6,P2,S5,10.98,11.08,True,False,CMMS,project_fact_ordenestrabajo_export.csv,2026-06-23T00:00:00,962
WO000963,20250513,,A005,EQ0011,SV7,R009,WT6,P2,S3,18.8,17.65,True,False,CMMS,project_fact_ordenestrabajo_export.csv,2026-06-23T00:00:00,963
WO000964,20250529,20250530,A005,EQ0023,SV4,R017,WT1,P1,S4,3.0,3.47,True,False,ServiceDesk,project_fact_ordenestrabajo_export.csv,2026-06-23T00:00:00,964
WO000965,20250604,20250609,A003,EQ0040,SV2,R023,WT4,P2,S4,17.45,33.7,True,False,ERP,project_fact_ordenestrabajo_export.csv,2026-06-23T00:00:00,965
WO000966,20250207,20250211,A005,EQ0032,SV7,R004,WT3,P3,S4,32.54,24.93,False,False,CMMS,project_fact_ordenestrabajo_export.csv,2026-06-23T00:00:00,966
WO000967,20250413,20250415,A005,EQ0006,SV4,R025,WT1,P3,S4,38.53,15.1,False,False,CMMS,project_fact_ordenestrabajo_export.csv,2026-06-23T00:00:00,967
WO000968,20250425,,A006,EQ0038,SV4,R012,WT2,P2,S1,11.47,5.53,True,False,ServiceDesk,project_fact_ordenestrabajo_export.csv,2026-06-23T00:00:00,968
WO000969,20250329,20250406,A004,EQ0013,SV7,R003,WT1,P3,S4,62.43,62.41,False,False,ERP,project_fact_ordenestrabajo_export.csv,2026-06-23T00:00:00,969
WO000970,20250130,20250201,A005,EQ0009,SV3,R014,WT1,P2,S4,17.66,14.34,True,False,ERP,project_fact_ordenestrabajo_export.csv,2026-06-23T00:00:00,970
WO000971,20250520,20250523,A004,EQ0002,SV7,R023,WT6,P2,S4,10.64,16.92,True,False,ERP,project_fact_ordenestrabajo_export.csv,2026-06-23T00:00:00,971
WO000972,20250618,,A005,EQ0018,SV3,R005,WT2,P4,S2,99.51,79.94,False,False,ServiceDesk,project_fact_ordenestrabajo_export.csv,2026-06-23T00:00:00,972
WO000973,20250102,,A006,EQ0019,SV8,R013,WT2,P2,S2,10.21,9.37,True,True,ERP,project_fact_ordenestrabajo_export.csv,2026-06-23T00:00:00,973
WO000974,20250221,,A003,EQ0031,SV3,R007,WT6,P2,S3,19.7,32.1,True,False,ERP,project_fact_ordenestrabajo_export.csv,2026-06-23T00:00:00,974
WO000975,20250415,,A003,EQ0001,SV8,R028,WT6,P2,S2,16.57,23.56,True,False,ERP,project_fact_ordenestrabajo_export.csv,2026-06-23T00:00:00,975
WO000976,20250110,20250116,A003,EQ0031,SV3,R022,WT5,P3,S4,34.12,47.38,False,False,CMMS,project_fact_ordenestrabajo_export.csv,2026-06-23T00:00:00,976
WO000977,20250402,20250406,A005,EQ0016,SV7,R011,WT3,P2,S4,13.79,29.02,True,False,ServiceDesk,project_fact_ordenestrabajo_export.csv,2026-06-23T00:00:00,977
WO000978,20250526,,A006,EQ0024,SV8,R007,WT2,P4,S1,94.27,109.08,False,False,CMMS,project_fact_ordenestrabajo_export.csv,2026-06-23T00:00:00,978
WO000979,20250203,20250206,A005,EQ0009,SV5,R028,WT2,P2,S4,21.32,23.06,True,False,ERP,project_fact_ordenestrabajo_export.csv,2026-06-23T00:00:00,979
WO000980,20250601,,A004,EQ0003,SV3,R012,WT1,P4,S2,76.83,166.12,False,False,ServiceDesk,project_fact_ordenestrabajo_export.csv,2026-06-23T00:00:00,980
WO000981,20250607,20250624,A005,EQ0023,SV1,R006,WT4,P4,S4,72.2,129.55,False,True,ServiceDesk,project_fact_ordenestrabajo_export.csv,2026-06-23T00:00:00,981
WO000982,20250103,20250110,A002,EQ0030,SV5,R023,WT1,P3,S4,45.71,52.05,False,False,ServiceDesk,project_fact_ordenestrabajo_export.csv,2026-06-23T00:00:00,982
WO000983,20250402,20250411,A005,EQ0021,SV3,R021,WT2,P4,S4,88.11,64.36,False,True,ServiceDesk,project_fact_ordenestrabajo_export.csv,2026-06-23T00:00:00,983
WO000984,20250120,20250127,A001,EQ0020,SV7,R009,WT3,P2,S4,19.76,54.67,True,False,ServiceDesk,project_fact_ordenestrabajo_export.csv,2026-06-23T00:00:00,984
WO000985,20250118,20250207,A005,EQ0018,SV1,R017,WT1,P4,S4,102.54,159.51,False,False,CMMS,project_fact_ordenestrabajo_export.csv,2026-06-23T00:00:00,985
WO000986,20250225,20250303,A005,EQ0032,SV6,R012,WT2,P3,S4,39.79,43.32,False,False,ERP,project_fact_ordenestrabajo_export.csv,2026-06-23T00:00:00,986
WO000987,20250527,20250531,A005,EQ0009,SV4,R018,WT3,P3,S4,28.63,29.25,False,False,CMMS,project_fact_ordenestrabajo_export.csv,2026-06-23T00:00:00,987
WO000988,20250225,20250303,A006,EQ0038,SV1,R016,WT1,P4,S5,51.24,43.71,False,False,CMMS,project_fact_ordenestrabajo_export.csv,2026-06-23T00:00:00,988
WO000989,20250525,20250529,A006,EQ0038,SV4,R007,WT2,P4,S4,58.25,26.72,False,False,ERP,project_fact_ordenestrabajo_export.csv,2026-06-23T00:00:00,989
WO000990,20250108,20250119,A005,EQ0021,SV6,R028,WT6,P3,S4,61.03,87.01,False,False,ServiceDesk,project_fact_ordenestrabajo_export.csv,2026-06-23T00:00:00,990
WO000991,20250213,,A003,EQ0035,SV3,R011,WT2,P4,S1,96.78,92.77,False,False,ERP,project_fact_ordenestrabajo_export.csv,2026-06-23T00:00:00,991
WO000992,20250223,20250225,A001,EQ0010,SV7,R019,WT2,P1,S4,6.89,10.35,True,False,CMMS,project_fact_ordenestrabajo_export.csv,2026-06-23T00:00:00,992
WO000993,20250317,20250328,A004,EQ0002,SV7,R030,WT4,P4,S4,93.86,85.17,False,True,ERP,project_fact_ordenestrabajo_export.csv,2026-06-23T00:00:00,993
WO000994,20250512,20250522,A003,EQ0025,SV7,R007,WT3,P3,S5,50.47,72.82,False,False,CMMS,project_fact_ordenestrabajo_export.csv,2026-06-23T00:00:00,994
WO000995,20250113,20250114,A005,EQ0016,SV4,R010,WT2,P1,S4,6.06,7.69,True,False,CMMS,project_fact_ordenestrabajo_export.csv,2026-06-23T00:00:00,995
WO000996,20250511,20250522,A005,EQ0016,SV6,R019,WT1,P4,S4,76.53,87.87,False,False,CMMS,project_fact_ordenestrabajo_export.csv,2026-06-23T00:00:00,996
WO000997,20250104,20250109,A003,EQ0035,SV3,R001,WT2,P3,S4,55.57,34.11,False,True,ERP,project_fact_ordenestrabajo_export.csv,2026-06-23T00:00:00,997
WO000998,20250502,20250508,A005,EQ0023,SV4,R015,WT3,P4,S4,97.51,47.26,False,False,CMMS,project_fact_ordenestrabajo_export.csv,2026-06-23T00:00:00,998
WO000999,20250121,20250126,A002,EQ0036,SV6,R009,WT1,P4,S4,63.95,33.08,False,True,ERP,project_fact_ordenestrabajo_export.csv,2026-06-23T00:00:00,999
WO001000,20250313,20250322,A003,EQ0022,SV6,R005,WT2,P3,S4,48.18,67.26,False,False,ERP,project_fact_ordenestrabajo_export.csv,2026-06-23T00:00:00,1000
WO001001,20250316,20250325,A003,EQ0022,SV1,R012,WT4,P3,S4,37.29,70.55,False,False,ERP,project_fact_ordenestrabajo_export.csv,2026-06-23T00:00:00,1001
WO001002,20250412,20250428,A003,EQ0040,SV8,R011,WT4,P3,S4,57.51,123.98,False,False,ERP,project_fact_ordenestrabajo_export.csv,2026-06-23T00:00:00,1002
WO001003,20250324,20250326,A006,EQ0038,SV1,R020,WT1,P2,S4,8.5,13.18,True,False,ERP,project_fact_ordenestrabajo_export.csv,2026-06-23T00:00:00,1003
WO001004,20250524,20250526,A003,EQ0033,SV4,R017,WT2,P2,S4,12.71,8.32,True,False,CMMS,project_fact_ordenestrabajo_export.csv,2026-06-23T00:00:00,1004
WO001005,20250422,,A004,EQ0008,SV6,R028,WT1,P2,S2,13.77,33.4,True,True,CMMS,project_fact_ordenestrabajo_export.csv,2026-06-23T00:00:00,1005
WO001006,20250107,20250108,A004,EQ0003,SV4,R014,WT5,P2,S4,9.91,7.17,True,True,ServiceDesk,project_fact_ordenestrabajo_export.csv,2026-06-23T00:00:00,1006
WO001007,20250215,20250220,A002,EQ0036,SV1,R014,WT2,P3,S4,36.22,35.4,False,False,CMMS,project_fact_ordenestrabajo_export.csv,2026-06-23T00:00:00,1007
WO001008,20250317,20250322,A003,EQ0031,SV5,R023,WT4,P4,S4,61.54,37.1,False,False,ServiceDesk,project_fact_ordenestrabajo_export.csv,2026-06-23T00:00:00,1008
WO001009,20250427,20250429,A003,EQ0035,SV2,R030,WT2,P2,S4,13.17,14.41,True,False,ERP,project_fact_ordenestrabajo_export.csv,2026-06-23T00:00:00,1009
WO001010,20250528,20250602,A004,EQ0008,SV8,R007,WT3,P3,S4,43.59,39.99,False,False,ServiceDesk,project_fact_ordenestrabajo_export.csv,2026-06-23T00:00:00,1010
WO001011,20250118,,A001,EQ0028,SV4,R005,WT5,P3,S2,56.82,96.47,False,False,ERP,project_fact_ordenestrabajo_export.csv,2026-06-23T00:00:00,1011
WO001012,20250205,,A005,EQ0034,SV4,R019,WT5,P3,S2,43.99,32.16,False,False,ERP,project_fact_ordenestrabajo_export.csv,2026-06-23T00:00:00,1012
WO001013,20250607,20250610,A005,EQ0034,SV2,R010,WT3,P2,S5,18.93,17.84,True,False,ServiceDesk,project_fact_ordenestrabajo_export.csv,2026-06-23T00:00:00,1013
WO001014,20250423,20250427,A003,EQ0031,SV1,R013,WT4,P2,S4,20.41,26.84,True,False,ServiceDesk,project_fact_ordenestrabajo_export.csv,2026-06-23T00:00:00,1014
WO001015,20250312,20250319,A005,EQ0009,SV3,R029,WT4,P3,S4,42.95,49.97,False,False,ServiceDesk,project_fact_ordenestrabajo_export.csv,2026-06-23T00:00:00,1015
WO001016,20250326,20250408,A006,EQ0019,SV2,R012,WT2,P3,S4,46.45,96.69,False,False,CMMS,project_fact_ordenestrabajo_export.csv,2026-06-23T00:00:00,1016
WO001017,20250625,20250628,A006,EQ0024,SV7,R017,WT3,P2,S4,16.8,16.8,True,False,CMMS,project_fact_ordenestrabajo_export.csv,2026-06-23T00:00:00,1017
WO001018,20250225,20250301,A002,EQ0036,SV3,R011,WT2,P3,S4,41.26,24.92,False,False,ERP,project_fact_ordenestrabajo_export.csv,2026-06-23T00:00:00,1018
WO001019,20250428,20250514,A006,EQ0014,SV5,R028,WT3,P4,S4,107.55,123.24,False,False,ERP,project_fact_ordenestrabajo_export.csv,2026-06-23T00:00:00,1019
WO001020,20250117,20250119,A005,EQ0021,SV7,R030,WT3,P2,S4,8.95,11.48,True,False,ERP,project_fact_ordenestrabajo_export.csv,2026-06-23T00:00:00,1020
WO001021,20250306,,A002,EQ0015,SV7,R005,WT1,P4,S3,88.9,117.01,False,False,CMMS,project_fact_ordenestrabajo_export.csv,2026-06-23T00:00:00,1021
WO001022,20250628,20250630,A005,EQ0023,SV5,R011,WT3,P3,S4,47.77,55.81,False,False,CMMS,project_fact_ordenestrabajo_export.csv,2026-06-23T00:00:00,1022
WO001023,20250315,20250320,A005,EQ0021,SV5,R025,WT2,P3,S4,35.08,32.23,False,False,CMMS,project_fact_ordenestrabajo_export.csv,2026-06-23T00:00:00,1023
WO001024,20250408,20250409,A005,EQ0021,SV8,R027,WT1,P1,S4,4.19,5.27,True,True,ERP,project_fact_ordenestrabajo_export.csv,2026-06-23T00:00:00,1024
WO001025,20250422,,A001,EQ0010,SV6,R012,WT2,P3,S1,34.63,28.89,False,False,ERP,project_fact_ordenestrabajo_export.csv,2026-06-23T00:00:00,1025
WO001026,20250405,,A003,EQ0035,SV8,R021,WT1,P2,S2,16.09,19.63,True,False,CMMS,project_fact_ordenestrabajo_export.csv,2026-06-23T00:00:00,1026
WO001027,20250601,,A006,EQ0014,SV6,R004,WT1,P1,S2,3.11,4.06,True,False,ERP,project_fact_ordenestrabajo_export.csv,2026-06-23T00:00:00,1027
WO001028,20250422,20250425,A005,EQ0006,SV6,R010,WT5,P3,S4,37.06,18.24,False,False,ERP,project_fact_ordenestrabajo_export.csv,2026-06-23T00:00:00,1028
WO001029,20250518,20250522,A002,EQ0036,SV6,R014,WT2,P3,S4,33.77,31.86,False,False,CMMS,project_fact_ordenestrabajo_export.csv,2026-06-23T00:00:00,1029
WO001030,20250414,20250429,A006,EQ0019,SV5,R005,WT2,P4,S4,107.38,112.9,False,False,ERP,project_fact_ordenestrabajo_export.csv,2026-06-23T00:00:00,1030
WO001031,20250315,20250326,A005,EQ0032,SV4,R021,WT6,P4,S4,69.89,81.83,False,False,CMMS,project_fact_ordenestrabajo_export.csv,2026-06-23T00:00:00,1031
WO001032,20250604,20250607,A002,EQ0015,SV4,R014,WT2,P2,S4,15.05,16.52,True,False,ServiceDesk,project_fact_ordenestrabajo_export.csv,2026-06-23T00:00:00,1032
WO001033,20250607,20250611,A001,EQ0020,SV5,R030,WT2,P2,S4,18.57,25.2,True,False,ServiceDesk,project_fact_ordenestrabajo_export.csv,2026-06-23T00:00:00,1033
WO001034,20250602,,A005,EQ0009,SV1,R030,WT1,P4,S1,87.66,77.5,False,False,ServiceDesk,project_fact_ordenestrabajo_export.csv,2026-06-23T00:00:00,1034
WO001035,20250210,,A003,EQ0031,SV6,R024,WT2,P2,S2,11.25,6.54,True,False,ServiceDesk,project_fact_ordenestrabajo_export.csv,2026-06-23T00:00:00,1035
WO001036,20250605,20250630,A005,EQ0034,SV2,R029,WT3,P4,S4,99.74,213.83,False,False,CMMS,project_fact_ordenestrabajo_export.csv,2026-06-23T00:00:00,1036
WO001037,20250122,,A003,EQ0025,SV2,R012,WT2,P1,S2,4.63,4.01,True,True,ServiceDesk,project_fact_ordenestrabajo_export.csv,2026-06-23T00:00:00,1037
WO001038,20250610,,A004,EQ0012,SV2,R027,WT5,P3,S2,25.26,48.19,False,False,CMMS,project_fact_ordenestrabajo_export.csv,2026-06-23T00:00:00,1038
WO001039,20250502,,A004,EQ0002,SV4,R018,WT3,P3,S3,37.43,70.82,False,False,ERP,project_fact_ordenestrabajo_export.csv,2026-06-23T00:00:00,1039
WO001040,20250506,,A001,EQ0007,SV7,R005,WT2,P4,S3,89.55,57.86,False,False,ERP,project_fact_ordenestrabajo_export.csv,2026-06-23T00:00:00,1040
WO001041,20250209,,A003,EQ0001,SV6,R015,WT3,P3,S2,27.32,47.18,False,False,CMMS,project_fact_ordenestrabajo_export.csv,2026-06-23T00:00:00,1041
WO001042,20250220,20250311,A004,EQ0029,SV8,R026,WT5,P4,S4,107.28,150.56,False,False,ServiceDesk,project_fact_ordenestrabajo_export.csv,2026-06-23T00:00:00,1042
WO001043,20250411,,A001,EQ0020,SV1,R001,WT2,P2,S2,10.92,19.09,True,False,ERP,project_fact_ordenestrabajo_export.csv,2026-06-23T00:00:00,1043
WO001044,20250404,20250409,A005,EQ0034,SV3,R015,WT2,P3,S4,58.88,39.47,False,True,ServiceDesk,project_fact_ordenestrabajo_export.csv,2026-06-23T00:00:00,1044
WO001045,20250404,,A003,EQ0040,SV3,R010,WT1,P1,S3,4.58,4.95,True,False,ServiceDesk,project_fact_ordenestrabajo_export.csv,2026-06-23T00:00:00,1045
WO001046,20250529,20250601,A006,EQ0024,SV1,R003,WT6,P2,S4,19.68,21.58,True,False,ERP,project_fact_ordenestrabajo_export.csv,2026-06-23T00:00:00,1046
WO001047,20250523,20250531,A004,EQ0002,SV4,R026,WT6,P3,S4,50.76,59.78,False,False,ERP,project_fact_ordenestrabajo_export.csv,2026-06-23T00:00:00,1047
WO001048,20250314,20250316,A002,EQ0015,SV5,R026,WT1,P2,S4,18.58,9.23,True,False,ServiceDesk,project_fact_ordenestrabajo_export.csv,2026-06-23T00:00:00,1048
WO001049,20250629,,A004,EQ0029,SV3,R002,WT1,P2,S1,11.98,20.83,True,False,ServiceDesk,project_fact_ordenestrabajo_export.csv,2026-06-23T00:00:00,1049
WO001050,20250420,,A005,EQ0039,SV4,R024,WT4,P4,S3,65.99,82.38,False,False,ServiceDesk,project_fact_ordenestrabajo_export.csv,2026-06-23T00:00:00,1050
WO001051,20250330,20250401,A003,EQ0033,SV4,R014,WT2,P2,S4,9.71,9.96,True,False,ServiceDesk,project_fact_ordenestrabajo_export.csv,2026-06-23T00:00:00,1051
WO001052,20250205,20250207,A001,EQ0007,SV6,R025,WT3,P1,S4,5.32,8.1,True,False,ServiceDesk,project_fact_ordenestrabajo_export.csv,2026-06-23T00:00:00,1052
WO001053,20250327,,A005,EQ0034,SV2,R016,WT6,P3,S2,54.14,95.84,False,False,CMMS,project_fact_ordenestrabajo_export.csv,2026-06-23T00:00:00,1053
WO001054,20250517,20250522,A003,EQ0025,SV5,R023,WT2,P3,S4,27.79,33.39,False,False,CMMS,project_fact_ordenestrabajo_export.csv,2026-06-23T00:00:00,1054
WO001055,20250520,,A005,EQ0023,SV1,R025,WT1,P3,S1,49.32,80.25,False,False,ERP,project_fact_ordenestrabajo_export.csv,2026-06-23T00:00:00,1055
WO001056,20250629,20250630,A004,EQ0004,SV2,R029,WT2,P3,S4,36.47,89.7,False,True,ERP,project_fact_ordenestrabajo_export.csv,2026-06-23T00:00:00,1056
WO001057,20250511,20250514,A005,EQ0032,SV6,R016,WT1,P2,S4,13.31,19.32,True,False,ServiceDesk,project_fact_ordenestrabajo_export.csv,2026-06-23T00:00:00,1057
WO001058,20250219,20250226,A005,EQ0009,SV4,R023,WT4,P3,S4,25.66,54.07,False,False,CMMS,project_fact_ordenestrabajo_export.csv,2026-06-23T00:00:00,1058
WO001059,20250420,20250423,A004,EQ0008,SV5,R020,WT4,P2,S4,13.75,21.15,True,False,ServiceDesk,project_fact_ordenestrabajo_export.csv,2026-06-23T00:00:00,1059
WO001060,20250524,20250526,A005,EQ0021,SV3,R026,WT2,P2,S4,15.72,15.93,True,False,ERP,project_fact_ordenestrabajo_export.csv,2026-06-23T00:00:00,1060
WO001061,20250430,20250502,A005,EQ0037,SV4,R008,WT2,P2,S4,17.77,8.98,True,False,CMMS,project_fact_ordenestrabajo_export.csv,2026-06-23T00:00:00,1061
WO001062,20250409,20250416,A006,EQ0038,SV4,R011,WT3,P3,S4,55.51,56.0,False,False,CMMS,project_fact_ordenestrabajo_export.csv,2026-06-23T00:00:00,1062
WO001063,20250424,20250427,A004,EQ0012,SV4,R017,WT1,P2,S4,20.21,22.6,True,True,CMMS,project_fact_ordenestrabajo_export.csv,2026-06-23T00:00:00,1063
WO001064,20250626,,A001,EQ0026,SV7,R028,WT1,P3,S2,35.84,46.6,False,False,ERP,project_fact_ordenestrabajo_export.csv,2026-06-23T00:00:00,1064
WO001065,20250107,20250114,A005,EQ0032,SV6,R019,WT2,P3,S4,48.23,55.59,False,False,ServiceDesk,project_fact_ordenestrabajo_export.csv,2026-06-23T00:00:00,1065
WO001066,20250425,,A006,EQ0038,SV3,R006,WT6,P3,S2,52.72,74.26,False,False,ERP,project_fact_ordenestrabajo_export.csv,2026-06-23T00:00:00,1066
WO001067,20250330,20250403,A001,EQ0028,SV7,R018,WT1,P2,S4,20.09,31.06,True,False,ERP,project_fact_ordenestrabajo_export.csv,2026-06-23T00:00:00,1067
WO001068,20250604,20250615,A001,EQ0028,SV1,R027,WT5,P4,S4,51.21,87.74,False,False,CMMS,project_fact_ordenestrabajo_export.csv,2026-06-23T00:00:00,1068
WO001069,20250609,20250612,A002,EQ0030,SV3,R027,WT6,P3,S4,28.87,22.13,False,False,CMMS,project_fact_ordenestrabajo_export.csv,2026-06-23T00:00:00,1069
WO001070,20250505,20250507,A004,EQ0005,SV1,R014,WT4,P2,S4,10.37,8.67,True,False,ServiceDesk,project_fact_ordenestrabajo_export.csv,2026-06-23T00:00:00,1070
WO001071,20250121,,A004,EQ0005,SV1,R003,WT2,P3,S2,30.84,29.83,False,False,ERP,project_fact_ordenestrabajo_export.csv,2026-06-23T00:00:00,1071
WO001072,20250614,,A005,EQ0037,SV4,R015,WT2,P2,S2,12.89,18.08,True,False,ServiceDesk,project_fact_ordenestrabajo_export.csv,2026-06-23T00:00:00,1072
WO001073,20250308,20250311,A001,EQ0026,SV8,R002,WT2,P2,S4,9.86,16.01,True,False,ServiceDesk,project_fact_ordenestrabajo_export.csv,2026-06-23T00:00:00,1073
WO001074,20250312,20250325,A003,EQ0033,SV3,R018,WT5,P3,S4,61.5,101.01,False,False,ERP,project_fact_ordenestrabajo_export.csv,2026-06-23T00:00:00,1074
WO001075,20250428,,A002,EQ0030,SV5,R010,WT1,P3,S3,43.63,79.98,False,False,CMMS,project_fact_ordenestrabajo_export.csv,2026-06-23T00:00:00,1075
WO001076,20250212,20250214,A005,EQ0034,SV2,R015,WT1,P2,S4,20.53,12.11,True,False,ERP,project_fact_ordenestrabajo_export.csv,2026-06-23T00:00:00,1076
WO001077,20250415,,A003,EQ0031,SV1,R025,WT6,P1,S3,5.63,5.68,True,False,CMMS,project_fact_ordenestrabajo_export.csv,2026-06-23T00:00:00,1077
WO001078,20250228,,A005,EQ0039,SV6,R003,WT3,P2,S2,10.89,11.29,True,False,ERP,project_fact_ordenestrabajo_export.csv,2026-06-23T00:00:00,1078
WO001079,20250322,,A003,EQ0001,SV6,R010,WT3,P3,S3,43.9,72.99,False,False,ServiceDesk,project_fact_ordenestrabajo_export.csv,2026-06-23T00:00:00,1079
WO001080,20250307,20250320,A005,EQ0017,SV1,R025,WT3,P4,S4,64.93,99.05,False,False,ServiceDesk,project_fact_ordenestrabajo_export.csv,2026-06-23T00:00:00,1080
WO001081,20250413,20250421,A003,EQ0033,SV2,R009,WT2,P4,S4,72.36,57.88,False,False,ERP,project_fact_ordenestrabajo_export.csv,2026-06-23T00:00:00,1081
WO001082,20250501,20250509,A001,EQ0028,SV5,R006,WT2,P4,S4,75.13,62.14,False,True,ERP,project_fact_ordenestrabajo_export.csv,2026-06-23T00:00:00,1082
WO001083,20250226,,A006,EQ0014,SV4,R001,WT3,P3,S3,26.51,23.38,False,False,ERP,project_fact_ordenestrabajo_export.csv,2026-06-23T00:00:00,1083
WO001084,20250425,20250427,A002,EQ0030,SV7,R026,WT6,P2,S4,10.31,10.94,True,False,ServiceDesk,project_fact_ordenestrabajo_export.csv,2026-06-23T00:00:00,1084
WO001085,20250602,20250604,A003,EQ0001,SV7,R023,WT1,P2,S4,10.7,11.62,True,False,ERP,project_fact_ordenestrabajo_export.csv,2026-06-23T00:00:00,1085
WO001086,20250407,20250413,A006,EQ0014,SV8,R011,WT2,P3,S4,34.24,41.32,False,False,ServiceDesk,project_fact_ordenestrabajo_export.csv,2026-06-23T00:00:00,1086
WO001087,20250503,,A006,EQ0014,SV6,R024,WT1,P4,S2,73.21,84.15,False,False,ERP,project_fact_ordenestrabajo_export.csv,2026-06-23T00:00:00,1087
WO001088,20250117,,A003,EQ0040,SV6,R024,WT1,P3,S1,27.26,31.15,False,False,ERP,project_fact_ordenestrabajo_export.csv,2026-06-23T00:00:00,1088
WO001089,20250220,20250227,A004,EQ0008,SV4,R016,WT1,P4,S4,42.67,53.3,False,False,ERP,project_fact_ordenestrabajo_export.csv,2026-06-23T00:00:00,1089
WO001090,20250609,20250612,A004,EQ0029,SV2,R022,WT3,P2,S4,16.15,20.89,True,False,ERP,project_fact_ordenestrabajo_export.csv,2026-06-23T00:00:00,1090
WO001091,20250214,,A005,EQ0016,SV1,R028,WT5,P3,S2,33.04,68.17,False,False,ServiceDesk,project_fact_ordenestrabajo_export.csv,2026-06-23T00:00:00,1091
WO001092,20250503,20250506,A005,EQ0039,SV7,R018,WT1,P2,S4,14.37,21.86,True,False,ServiceDesk,project_fact_ordenestrabajo_export.csv,2026-06-23T00:00:00,1092
WO001093,20250621,20250630,A001,EQ0028,SV4,R025,WT6,P3,S4,55.38,247.54,False,True,ERP,project_fact_ordenestrabajo_export.csv,2026-06-23T00:00:00,1093
WO001094,20250601,,A004,EQ0004,SV2,R030,WT4,P4,S1,87.94,70.68,False,False,ServiceDesk,project_fact_ordenestrabajo_export.csv,2026-06-23T00:00:00,1094
WO001095,20250502,,A005,EQ0023,SV4,R020,WT4,P2,S1,17.89,15.39,True,False,CMMS,project_fact_ordenestrabajo_export.csv,2026-06-23T00:00:00,1095
WO001096,20250531,,A004,EQ0003,SV7,R005,WT1,P1,S2,4.05,4.42,True,False,ERP,project_fact_ordenestrabajo_export.csv,2026-06-23T00:00:00,1096
WO001097,20250522,,A006,EQ0014,SV2,R028,WT1,P2,S2,8.42,10.28,True,False,ServiceDesk,project_fact_ordenestrabajo_export.csv,2026-06-23T00:00:00,1097
WO001098,20250604,20250607,A006,EQ0019,SV3,R027,WT2,P2,S4,17.81,16.24,True,False,CMMS,project_fact_ordenestrabajo_export.csv,2026-06-23T00:00:00,1098
WO001099,20250527,20250602,A005,EQ0006,SV3,R010,WT6,P3,S4,50.45,41.88,False,False,ERP,project_fact_ordenestrabajo_export.csv,2026-06-23T00:00:00,1099
WO001100,20250205,20250222,A001,EQ0028,SV6,R015,WT1,P3,S4,27.96,135.7,False,False,CMMS,project_fact_ordenestrabajo_export.csv,2026-06-23T00:00:00,1100
WO001101,20250523,20250603,A005,EQ0018,SV7,R011,WT4,P3,S4,55.76,84.23,False,True,ERP,project_fact_ordenestrabajo_export.csv,2026-06-23T00:00:00,1101
WO001102,20250607,,A005,EQ0039,SV6,R022,WT1,P2,S2,18.62,14.5,True,True,ServiceDesk,project_fact_ordenestrabajo_export.csv,2026-06-23T00:00:00,1102
WO001103,20250427,,A005,EQ0009,SV1,R013,WT6,P4,S1,103.39,121.79,False,False,ERP,project_fact_ordenestrabajo_export.csv,2026-06-23T00:00:00,1103
WO001104,20250207,20250209,A003,EQ0022,SV3,R010,WT4,P2,S4,14.32,9.24,True,False,CMMS,project_fact_ordenestrabajo_export.csv,2026-06-23T00:00:00,1104
WO001105,20250611,20250623,A003,EQ0033,SV8,R015,WT1,P3,S4,45.75,90.16,False,True,ERP,project_fact_ordenestrabajo_export.csv,2026-06-23T00:00:00,1105
WO001106,20250217,,A004,EQ0013,SV2,R001,WT3,P2,S2,13.38,20.78,True,False,ERP,project_fact_ordenestrabajo_export.csv,2026-06-23T00:00:00,1106
WO001107,20250215,,A003,EQ0035,SV2,R020,WT2,P1,S3,5.68,4.91,True,False,CMMS,project_fact_ordenestrabajo_export.csv,2026-06-23T00:00:00,1107
WO001108,20250105,20250106,A004,EQ0012,SV3,R023,WT3,P1,S4,4.0,5.43,True,False,ERP,project_fact_ordenestrabajo_export.csv,2026-06-23T00:00:00,1108
WO001109,20250213,20250219,A004,EQ0005,SV7,R005,WT3,P3,S4,58.98,40.91,False,False,ERP,project_fact_ordenestrabajo_export.csv,2026-06-23T00:00:00,1109
WO001110,20250226,20250303,A005,EQ0006,SV2,R019,WT6,P3,S4,37.25,39.86,False,False,ServiceDesk,project_fact_ordenestrabajo_export.csv,2026-06-23T00:00:00,1110
WO001111,20250124,,A003,EQ0033,SV7,R001,WT1,P3,S3,55.37,42.82,False,False,ERP,project_fact_ordenestrabajo_export.csv,2026-06-23T00:00:00,1111
WO001112,20250226,,A005,EQ0011,SV5,R019,WT3,P2,S2,13.21,12.47,True,True,ServiceDesk,project_fact_ordenestrabajo_export.csv,2026-06-23T00:00:00,1112
WO001113,20250410,20250414,A006,EQ0024,SV3,R003,WT1,P4,S4,46.08,28.58,False,False,ERP,project_fact_ordenestrabajo_export.csv,2026-06-23T00:00:00,1113
WO001114,20250606,20250608,A005,EQ0021,SV4,R025,WT1,P1,S4,7.05,8.35,True,True,ERP,project_fact_ordenestrabajo_export.csv,2026-06-23T00:00:00,1114
WO001115,20250526,,A001,EQ0007,SV5,R001,WT4,P3,S1,41.24,44.15,False,False,CMMS,project_fact_ordenestrabajo_export.csv,2026-06-23T00:00:00,1115
WO001116,20250521,20250526,A003,EQ0033,SV5,R015,WT2,P3,S4,26.27,38.17,False,False,CMMS,project_fact_ordenestrabajo_export.csv,2026-06-23T00:00:00,1116
WO001117,20250102,20250105,A005,EQ0034,SV7,R001,WT1,P3,S4,57.5,23.26,False,True,ERP,project_fact_ordenestrabajo_export.csv,2026-06-23T00:00:00,1117
WO001118,20250226,20250311,A004,EQ0002,SV1,R006,WT2,P3,S4,50.09,96.54,False,False,ServiceDesk,project_fact_ordenestrabajo_export.csv,2026-06-23T00:00:00,1118
WO001119,20250514,20250605,A001,EQ0010,SV1,R012,WT6,P4,S4,81.18,175.51,False,False,CMMS,project_fact_ordenestrabajo_export.csv,2026-06-23T00:00:00,1119
WO001120,20250301,,A003,EQ0035,SV8,R005,WT3,P4,S2,106.58,97.63,False,False,CMMS,project_fact_ordenestrabajo_export.csv,2026-06-23T00:00:00,1120
WO001121,20250607,20250620,A006,EQ0014,SV8,R022,WT1,P4,S4,84.44,98.07,False,False,ERP,project_fact_ordenestrabajo_export.csv,2026-06-23T00:00:00,1121
WO001122,20250502,,A004,EQ0029,SV8,R002,WT1,P2,S2,20.93,15.36,True,False,ServiceDesk,project_fact_ordenestrabajo_export.csv,2026-06-23T00:00:00,1122
WO001123,20250619,20250630,A001,EQ0010,SV3,R011,WT2,P3,S4,57.88,136.8,False,False,ServiceDesk,project_fact_ordenestrabajo_export.csv,2026-06-23T00:00:00,1123
WO001124,20250106,20250112,A006,EQ0038,SV3,R021,WT3,P4,S4,66.79,46.57,False,False,CMMS,project_fact_ordenestrabajo_export.csv,2026-06-23T00:00:00,1124
WO001125,20250210,,A004,EQ0029,SV5,R007,WT1,P2,S3,12.75,8.66,True,False,ERP,project_fact_ordenestrabajo_export.csv,2026-06-23T00:00:00,1125
WO001126,20250223,,A003,EQ0025,SV5,R022,WT5,P2,S2,11.95,18.3,True,False,ServiceDesk,project_fact_ordenestrabajo_export.csv,2026-06-23T00:00:00,1126
WO001127,20250502,,A005,EQ0006,SV3,R004,WT1,P3,S2,35.24,71.14,False,False,CMMS,project_fact_ordenestrabajo_export.csv,2026-06-23T00:00:00,1127
WO001128,20250628,,A004,EQ0008,SV2,R007,WT2,P4,S2,68.55,46.04,False,False,CMMS,project_fact_ordenestrabajo_export.csv,2026-06-23T00:00:00,1128
WO001129,20250603,20250615,A003,EQ0040,SV8,R004,WT2,P3,S4,54.02,95.43,False,False,ServiceDesk,project_fact_ordenestrabajo_export.csv,2026-06-23T00:00:00,1129
WO001130,20250329,,A005,EQ0016,SV8,R014,WT2,P2,S1,18.37,14.4,True,False,ERP,project_fact_ordenestrabajo_export.csv,2026-06-23T00:00:00,1130
WO001131,20250524,20250616,A001,EQ0028,SV4,R009,WT2,P4,S4,69.39,180.49,False,False,CMMS,project_fact_ordenestrabajo_export.csv,2026-06-23T00:00:00,1131
WO001132,20250526,,A006,EQ0014,SV4,R015,WT1,P2,S1,17.85,18.93,True,False,ServiceDesk,project_fact_ordenestrabajo_export.csv,2026-06-23T00:00:00,1132
WO001133,20250307,20250309,A005,EQ0017,SV1,R019,WT5,P2,S4,11.35,12.08,True,False,ServiceDesk,project_fact_ordenestrabajo_export.csv,2026-06-23T00:00:00,1133
WO001134,20250114,20250118,A003,EQ0040,SV7,R016,WT3,P2,S4,20.63,28.83,True,False,CMMS,project_fact_ordenestrabajo_export.csv,2026-06-23T00:00:00,1134
WO001135,20250126,,A001,EQ0026,SV8,R002,WT4,P3,S2,39.26,24.89,False,False,ServiceDesk,project_fact_ordenestrabajo_export.csv,2026-06-23T00:00:00,1135
WO001136,20250214,20250220,A005,EQ0039,SV1,R024,WT2,P3,S4,44.44,42.85,False,False,CMMS,project_fact_ordenestrabajo_export.csv,2026-06-23T00:00:00,1136
WO001137,20250508,20250512,A004,EQ0005,SV4,R023,WT2,P2,S4,16.09,29.68,True,True,ServiceDesk,project_fact_ordenestrabajo_export.csv,2026-06-23T00:00:00,1137
WO001138,20250309,20250312,A004,EQ0012,SV3,R015,WT4,P2,S4,20.61,17.65,True,False,ERP,project_fact_ordenestrabajo_export.csv,2026-06-23T00:00:00,1138
WO001139,20250421,,A003,EQ0025,SV4,R006,WT1,P3,S2,64.31,67.51,False,False,ERP,project_fact_ordenestrabajo_export.csv,2026-06-23T00:00:00,1139
WO001140,20250503,,A005,EQ0006,SV5,R030,WT3,P2,S2,16.76,27.9,True,False,ERP,project_fact_ordenestrabajo_export.csv,2026-06-23T00:00:00,1140
WO001141,20250523,20250604,A005,EQ0037,SV8,R023,WT1,P4,S4,79.07,90.39,False,False,ServiceDesk,project_fact_ordenestrabajo_export.csv,2026-06-23T00:00:00,1141
WO001142,20250409,20250423,A004,EQ0029,SV2,R023,WT2,P3,S4,61.72,109.0,False,True,ServiceDesk,project_fact_ordenestrabajo_export.csv,2026-06-23T00:00:00,1142
WO001143,20250515,,A005,EQ0018,SV3,R023,WT3,P1,S1,6.8,5.45,True,False,CMMS,project_fact_ordenestrabajo_export.csv,2026-06-23T00:00:00,1143
WO001144,20250321,20250323,A001,EQ0020,SV5,R005,WT4,P2,S4,12.7,12.56,True,False,ERP,project_fact_ordenestrabajo_export.csv,2026-06-23T00:00:00,1144
WO001145,20250216,,A005,EQ0034,SV1,R003,WT1,P2,S2,14.18,8.73,True,False,CMMS,project_fact_ordenestrabajo_export.csv,2026-06-23T00:00:00,1145
WO001146,20250509,20250514,A003,EQ0025,SV3,R023,WT2,P3,S4,36.17,39.3,False,False,ERP,project_fact_ordenestrabajo_export.csv,2026-06-23T00:00:00,1146
WO001147,20250514,,A002,EQ0030,SV1,R029,WT2,P3,S2,48.08,36.18,False,False,ServiceDesk,project_fact_ordenestrabajo_export.csv,2026-06-23T00:00:00,1147
WO001148,20250126,20250210,A004,EQ0004,SV5,R023,WT2,P3,S4,44.64,119.61,False,False,CMMS,project_fact_ordenestrabajo_export.csv,2026-06-23T00:00:00,1148
WO001149,20250504,20250510,A006,EQ0024,SV7,R023,WT2,P3,S4,39.88,47.78,False,True,ERP,project_fact_ordenestrabajo_export.csv,2026-06-23T00:00:00,1149
WO001150,20250405,20250414,A003,EQ0031,SV8,R028,WT2,P3,S4,49.15,65.54,False,False,ERP,project_fact_ordenestrabajo_export.csv,2026-06-23T00:00:00,1150
WO001151,20250204,20250215,A005,EQ0021,SV1,R017,WT6,P4,S4,87.42,84.82,False,False,CMMS,project_fact_ordenestrabajo_export.csv,2026-06-23T00:00:00,1151
WO001152,20250630,20250630,A006,EQ0014,SV3,R005,WT2,P3,S4,58.18,71.77,False,False,ServiceDesk,project_fact_ordenestrabajo_export.csv,2026-06-23T00:00:00,1152
WO001153,20250323,,A004,EQ0013,SV2,R029,WT1,P3,S2,33.64,76.18,False,False,CMMS,project_fact_ordenestrabajo_export.csv,2026-06-23T00:00:00,1153
WO001154,20250227,,A004,EQ0003,SV5,R010,WT6,P3,S1,58.62,71.84,False,False,ServiceDesk,project_fact_ordenestrabajo_export.csv,2026-06-23T00:00:00,1154
WO001155,20250423,20250429,A004,EQ0008,SV7,R013,WT1,P4,S4,62.77,42.53,False,False,CMMS,project_fact_ordenestrabajo_export.csv,2026-06-23T00:00:00,1155
WO001156,20250128,20250201,A003,EQ0033,SV8,R015,WT1,P2,S4,20.23,24.15,True,False,CMMS,project_fact_ordenestrabajo_export.csv,2026-06-23T00:00:00,1156
WO001157,20250218,20250219,A004,EQ0029,SV8,R026,WT4,P1,S4,6.63,4.24,True,False,ServiceDesk,project_fact_ordenestrabajo_export.csv,2026-06-23T00:00:00,1157
WO001158,20250403,,A004,EQ0005,SV8,R015,WT3,P3,S1,33.92,57.16,False,False,ServiceDesk,project_fact_ordenestrabajo_export.csv,2026-06-23T00:00:00,1158
WO001159,20250216,,A005,EQ0016,SV8,R010,WT1,P3,S2,62.05,78.27,False,False,ERP,project_fact_ordenestrabajo_export.csv,2026-06-23T00:00:00,1159
WO001160,20250416,20250419,A001,EQ0020,SV3,R018,WT6,P2,S4,18.83,17.52,True,True,CMMS,project_fact_ordenestrabajo_export.csv,2026-06-23T00:00:00,1160
WO001161,20250311,20250313,A003,EQ0031,SV6,R028,WT1,P2,S4,17.1,14.18,True,True,ERP,project_fact_ordenestrabajo_export.csv,2026-06-23T00:00:00,1161
WO001162,20250312,20250324,A005,EQ0039,SV3,R003,WT6,P3,S4,53.58,91.96,False,False,ServiceDesk,project_fact_ordenestrabajo_export.csv,2026-06-23T00:00:00,1162
WO001163,20250513,20250514,A003,EQ0033,SV4,R021,WT2,P1,S4,5.67,7.76,True,False,ServiceDesk,project_fact_ordenestrabajo_export.csv,2026-06-23T00:00:00,1163
WO001164,20250328,,A001,EQ0026,SV7,R025,WT2,P2,S3,12.55,10.49,True,False,ServiceDesk,project_fact_ordenestrabajo_export.csv,2026-06-23T00:00:00,1164
WO001165,20250118,,A006,EQ0027,SV8,R015,WT1,P2,S4,10.61,7.97,True,False,ERP,project_fact_ordenestrabajo_export.csv,2026-06-23T00:00:00,1165
WO001166,20250302,20250305,A005,EQ0032,SV4,R011,WT6,P2,S4,16.52,21.68,True,False,ServiceDesk,project_fact_ordenestrabajo_export.csv,2026-06-23T00:00:00,1166
WO001167,20250426,20250508,A002,EQ0030,SV8,R005,WT2,P3,S4,62.02,92.32,False,False,CMMS,project_fact_ordenestrabajo_export.csv,2026-06-23T00:00:00,1167
WO001168,20250427,,A004,EQ0003,SV1,R024,WT2,P2,S1,17.33,22.58,True,False,ERP,project_fact_ordenestrabajo_export.csv,2026-06-23T00:00:00,1168
WO001169,20250531,20250608,A006,EQ0027,SV1,R019,WT4,P4,S4,82.81,62.31,False,False,ERP,project_fact_ordenestrabajo_export.csv,2026-06-23T00:00:00,1169
WO001170,20250201,20250203,A005,EQ0037,SV1,R008,WT2,P2,S4,8.5,8.8,True,False,CMMS,project_fact_ordenestrabajo_export.csv,2026-06-23T00:00:00,1170
WO001171,20250330,20250411,A004,EQ0003,SV2,R002,WT2,P3,S5,30.07,91.62,False,False,ERP,project_fact_ordenestrabajo_export.csv,2026-06-23T00:00:00,1171
WO001172,20250318,20250322,A005,EQ0017,SV8,R002,WT1,P3,S4,48.01,29.0,False,False,ERP,project_fact_ordenestrabajo_export.csv,2026-06-23T00:00:00,1172
WO001173,20250108,,A004,EQ0005,SV2,R026,WT1,P4,S2,48.47,91.96,False,True,CMMS,project_fact_ordenestrabajo_export.csv,2026-06-23T00:00:00,1173
WO001174,20250623,,A004,EQ0003,SV6,R021,WT6,P4,S2,84.85,67.36,False,False,CMMS,project_fact_ordenestrabajo_export.csv,2026-06-23T00:00:00,1174
WO001175,20250110,20250125,A003,EQ0025,SV3,R006,WT1,P4,S4,64.03,120.0,False,False,ERP,project_fact_ordenestrabajo_export.csv,2026-06-23T00:00:00,1175
WO001176,20250405,20250406,A005,EQ0016,SV5,R010,WT2,P2,S4,8.77,5.5,True,False,CMMS,project_fact_ordenestrabajo_export.csv,2026-06-23T00:00:00,1176
WO001177,20250519,20250526,A004,EQ0005,SV4,R028,WT1,P3,S4,34.82,52.33,False,False,CMMS,project_fact_ordenestrabajo_export.csv,2026-06-23T00:00:00,1177
WO001178,20250503,,A004,EQ0002,SV4,R030,WT1,P1,S3,7.12,11.62,True,False,ServiceDesk,project_fact_ordenestrabajo_export.csv,2026-06-23T00:00:00,1178
WO001179,20250222,,A003,EQ0001,SV4,R012,WT2,P1,S2,6.81,20.01,True,False,CMMS,project_fact_ordenestrabajo_export.csv,2026-06-23T00:00:00,1179
WO001180,20250416,,A005,EQ0018,SV6,R004,WT1,P3,S2,35.37,59.38,False,False,ERP,project_fact_ordenestrabajo_export.csv,2026-06-23T00:00:00,1180
WO001181,20250531,20250605,A002,EQ0030,SV5,R019,WT3,P3,S4,47.65,32.46,False,False,CMMS,project_fact_ordenestrabajo_export.csv,2026-06-23T00:00:00,1181
WO001182,20250131,,A003,EQ0022,SV4,R029,WT2,P3,S1,27.44,11.2,False,False,ERP,project_fact_ordenestrabajo_export.csv,2026-06-23T00:00:00,1182
WO001183,20250530,,A004,EQ0008,SV7,R004,WT1,P1,S1,4.34,8.07,True,False,ServiceDesk,project_fact_ordenestrabajo_export.csv,2026-06-23T00:00:00,1183
WO001184,20250115,20250120,A006,EQ0019,SV1,R005,WT1,P3,S4,50.14,33.09,False,False,ServiceDesk,project_fact_ordenestrabajo_export.csv,2026-06-23T00:00:00,1184
WO001185,20250212,20250218,A003,EQ0035,SV5,R010,WT2,P4,S4,42.98,43.49,False,False,ERP,project_fact_ordenestrabajo_export.csv,2026-06-23T00:00:00,1185
WO001186,20250323,20250325,A006,EQ0038,SV8,R012,WT2,P2,S4,9.35,9.5,True,False,ServiceDesk,project_fact_ordenestrabajo_export.csv,2026-06-23T00:00:00,1186
WO001187,20250314,20250316,A006,EQ0019,SV4,R023,WT6,P2,S4,13.17,11.97,True,False,CMMS,project_fact_ordenestrabajo_export.csv,2026-06-23T00:00:00,1187
WO001188,20250307,,A006,EQ0014,SV2,R005,WT6,P2,S3,16.07,11.72,True,False,CMMS,project_fact_ordenestrabajo_export.csv,2026-06-23T00:00:00,1188
WO001189,20250207,,A004,EQ0008,SV6,R003,WT2,P3,S1,49.0,68.48,False,True,CMMS,project_fact_ordenestrabajo_export.csv,2026-06-23T00:00:00,1189
WO001190,20250120,20250123,A004,EQ0003,SV8,R015,WT1,P2,S4,17.84,21.55,True,False,CMMS,project_fact_ordenestrabajo_export.csv,2026-06-23T00:00:00,1190
WO001191,20250403,20250416,A005,EQ0006,SV5,R008,WT2,P3,S4,39.22,98.26,False,False,ERP,project_fact_ordenestrabajo_export.csv,2026-06-23T00:00:00,1191
WO001192,20250322,20250323,A003,EQ0031,SV1,R001,WT2,P1,S4,6.11,4.92,True,False,CMMS,project_fact_ordenestrabajo_export.csv,2026-06-23T00:00:00,1192
WO001193,20250120,,A004,EQ0029,SV4,R024,WT4,P3,S3,40.89,92.65,False,False,ERP,project_fact_ordenestrabajo_export.csv,2026-06-23T00:00:00,1193
WO001194,20250410,,A001,EQ0020,SV4,R023,WT3,P1,S2,4.12,6.27,True,False,ERP,project_fact_ordenestrabajo_export.csv,2026-06-23T00:00:00,1194
WO001195,20250330,,A004,EQ0008,SV3,R015,WT6,P4,S2,84.4,62.77,False,True,ServiceDesk,project_fact_ordenestrabajo_export.csv,2026-06-23T00:00:00,1195
WO001196,20250428,20250501,A005,EQ0011,SV2,R029,WT2,P2,S4,14.81,21.7,True,False,ERP,project_fact_ordenestrabajo_export.csv,2026-06-23T00:00:00,1196
WO001197,20250602,20250604,A005,EQ0039,SV2,R029,WT1,P3,S4,28.55,15.91,False,False,CMMS,project_fact_ordenestrabajo_export.csv,2026-06-23T00:00:00,1197
WO001198,20250101,,A003,EQ0025,SV7,R026,WT2,P3,S3,25.32,31.27,False,False,ERP,project_fact_ordenestrabajo_export.csv,2026-06-23T00:00:00,1198
WO001199,20250503,20250508,A003,EQ0035,SV1,R009,WT3,P2,S4,14.14,34.95,True,False,ERP,project_fact_ordenestrabajo_export.csv,2026-06-23T00:00:00,1199
WO001200,20250415,20250417,A001,EQ0007,SV7,R012,WT2,P1,S4,6.1,10.86,True,False,ERP,project_fact_ordenestrabajo_export.csv,2026-06-23T00:00:00,1200
WO001201,20250220,20250305,A004,EQ0005,SV8,R002,WT3,P4,S4,78.97,101.45,False,False,CMMS,project_fact_ordenestrabajo_export.csv,2026-06-23T00:00:00,1201
WO001202,20250622,20250630,A001,EQ0026,SV7,R012,WT3,P3,S4,47.44,56.02,False,True,ServiceDesk,project_fact_ordenestrabajo_export.csv,2026-06-23T00:00:00,1202
WO001203,20250102,20250105,A003,EQ0025,SV2,R011,WT1,P2,S4,12.75,17.91,True,False,ERP,project_fact_ordenestrabajo_export.csv,2026-06-23T00:00:00,1203
WO001204,20250318,20250320,A001,EQ0028,SV5,R017,WT1,P2,S4,12.49,14.52,True,True,ServiceDesk,project_fact_ordenestrabajo_export.csv,2026-06-23T00:00:00,1204
WO001205,20250403,20250406,A003,EQ0001,SV2,R004,WT2,P2,S4,17.61,20.78,True,False,CMMS,project_fact_ordenestrabajo_export.csv,2026-06-23T00:00:00,1205
WO001206,20250513,,A003,EQ0031,SV6,R013,WT3,P4,S2,93.81,99.61,False,False,ERP,project_fact_ordenestrabajo_export.csv,2026-06-23T00:00:00,1206
WO001207,20250522,20250526,A005,EQ0039,SV8,R006,WT1,P3,S4,29.64,31.83,False,False,ERP,project_fact_ordenestrabajo_export.csv,2026-06-23T00:00:00,1207
WO001208,20250315,20250318,A005,EQ0006,SV6,R012,WT4,P2,S4,14.96,21.18,True,False,ServiceDesk,project_fact_ordenestrabajo_export.csv,2026-06-23T00:00:00,1208
WO001209,20250110,20250116,A003,EQ0001,SV6,R020,WT3,P3,S4,40.63,47.98,False,False,ServiceDesk,project_fact_ordenestrabajo_export.csv,2026-06-23T00:00:00,1209
WO001210,20250108,20250122,A006,EQ0014,SV3,R008,WT1,P3,S4,55.44,106.52,False,False,CMMS,project_fact_ordenestrabajo_export.csv,2026-06-23T00:00:00,1210
WO001211,20250213,,A006,EQ0014,SV1,R016,WT2,P1,S2,3.66,4.5,True,False,ServiceDesk,project_fact_ordenestrabajo_export.csv,2026-06-23T00:00:00,1211
WO001212,20250113,20250114,A004,EQ0004,SV6,R015,WT4,P2,S4,15.62,5.05,True,False,CMMS,project_fact_ordenestrabajo_export.csv,2026-06-23T00:00:00,1212
WO001213,20250624,20250630,A001,EQ0010,SV6,R019,WT6,P4,S4,62.22,118.75,False,False,CMMS,project_fact_ordenestrabajo_export.csv,2026-06-23T00:00:00,1213
WO001214,20250330,20250401,A003,EQ0035,SV5,R016,WT4,P2,S4,10.3,10.29,True,False,CMMS,project_fact_ordenestrabajo_export.csv,2026-06-23T00:00:00,1214
WO001215,20250404,20250405,A003,EQ0040,SV5,R015,WT1,P1,S4,4.88,4.98,True,True,ServiceDesk,project_fact_ordenestrabajo_export.csv,2026-06-23T00:00:00,1215
WO001216,20250126,,A004,EQ0012,SV4,R001,WT1,P2,S2,9.62,13.82,True,False,CMMS,project_fact_ordenestrabajo_export.csv,2026-06-23T00:00:00,1216
WO001217,20250222,20250223,A005,EQ0034,SV2,R026,WT5,P1,S4,3.83,3.01,True,False,ERP,project_fact_ordenestrabajo_export.csv,2026-06-23T00:00:00,1217
WO001218,20250228,,A005,EQ0021,SV2,R012,WT1,P1,S3,4.65,4.37,True,False,CMMS,project_fact_ordenestrabajo_export.csv,2026-06-23T00:00:00,1218
WO001219,20250415,20250417,A004,EQ0003,SV5,R010,WT5,P2,S4,17.56,9.32,True,False,ServiceDesk,project_fact_ordenestrabajo_export.csv,2026-06-23T00:00:00,1219
WO001220,20250617,20250620,A004,EQ0008,SV7,R014,WT1,P3,S4,31.36,21.44,False,False,ERP,project_fact_ordenestrabajo_export.csv,2026-06-23T00:00:00,1220
WO001221,20250104,20250107,A005,EQ0039,SV7,R025,WT2,P2,S4,17.97,22.06,True,False,ERP,project_fact_ordenestrabajo_export.csv,2026-06-23T00:00:00,1221
WO001222,20250409,20250420,A004,EQ0003,SV2,R013,WT4,P3,S4,64.05,80.62,False,False,ERP,project_fact_ordenestrabajo_export.csv,2026-06-23T00:00:00,1222
WO001223,20250419,,A001,EQ0020,SV1,R030,WT1,P1,S2,5.21,10.67,True,False,CMMS,project_fact_ordenestrabajo_export.csv,2026-06-23T00:00:00,1223
WO001224,20250111,20250119,A006,EQ0038,SV7,R004,WT1,P4,S4,82.25,63.37,False,False,ServiceDesk,project_fact_ordenestrabajo_export.csv,2026-06-23T00:00:00,1224
WO001225,20250302,20250314,A004,EQ0012,SV8,R022,WT4,P3,S4,42.03,89.79,False,False,ServiceDesk,project_fact_ordenestrabajo_export.csv,2026-06-23T00:00:00,1225
WO001226,20250629,20250630,A005,EQ0037,SV7,R010,WT5,P3,S4,54.86,48.79,False,False,CMMS,project_fact_ordenestrabajo_export.csv,2026-06-23T00:00:00,1226
WO001227,20250618,20250630,A004,EQ0008,SV2,R002,WT1,P4,S4,100.63,110.36,False,False,ERP,project_fact_ordenestrabajo_export.csv,2026-06-23T00:00:00,1227
WO001228,20250309,20250328,A002,EQ0030,SV1,R030,WT3,P4,S4,85.72,150.0,False,False,CMMS,project_fact_ordenestrabajo_export.csv,2026-06-23T00:00:00,1228
WO001229,20250530,20250605,A005,EQ0016,SV3,R003,WT3,P3,S4,31.4,41.81,False,False,ERP,project_fact_ordenestrabajo_export.csv,2026-06-23T00:00:00,1229
WO001230,20250210,20250219,A004,EQ0002,SV6,R010,WT6,P4,S4,92.32,66.27,False,False,CMMS,project_fact_ordenestrabajo_export.csv,2026-06-23T00:00:00,1230
WO001231,20250515,20250519,A006,EQ0024,SV3,R019,WT1,P3,S4,42.98,30.58,False,False,CMMS,project_fact_ordenestrabajo_export.csv,2026-06-23T00:00:00,1231
WO001232,20250205,20250206,A006,EQ0038,SV7,R027,WT2,P1,S4,3.57,2.35,True,False,CMMS,project_fact_ordenestrabajo_export.csv,2026-06-23T00:00:00,1232
WO001233,20250327,20250330,A003,EQ0035,SV3,R016,WT6,P2,S4,12.93,16.56,True,False,ERP,project_fact_ordenestrabajo_export.csv,2026-06-23T00:00:00,1233
WO001234,20250424,,A005,EQ0006,SV6,R002,WT2,P3,S1,25.35,20.28,False,False,ServiceDesk,project_fact_ordenestrabajo_export.csv,2026-06-23T00:00:00,1234
WO001235,20250215,20250217,A004,EQ0008,SV6,R029,WT5,P2,S4,14.03,14.29,True,True,ERP,project_fact_ordenestrabajo_export.csv,2026-06-23T00:00:00,1235
WO001236,20250602,20250604,A003,EQ0040,SV5,R001,WT1,P2,S4,16.0,11.92,True,False,ServiceDesk,project_fact_ordenestrabajo_export.csv,2026-06-23T00:00:00,1236
WO001237,20250419,,A004,EQ0002,SV2,R018,WT6,P2,S2,17.06,27.16,True,False,ServiceDesk,project_fact_ordenestrabajo_export.csv,2026-06-23T00:00:00,1237
WO001238,20250620,20250629,A005,EQ0021,SV6,R030,WT2,P3,S4,59.6,71.86,False,False,ServiceDesk,project_fact_ordenestrabajo_export.csv,2026-06-23T00:00:00,1238
WO001239,20250505,20250520,A001,EQ0020,SV2,R016,WT2,P3,S4,56.55,118.87,False,False,CMMS,project_fact_ordenestrabajo_export.csv,2026-06-23T00:00:00,1239
WO001240,20250102,20250103,A005,EQ0032,SV8,R027,WT2,P1,S4,6.2,7.67,True,False,CMMS,project_fact_ordenestrabajo_export.csv,2026-06-23T00:00:00,1240
WO001241,20250318,20250323,A004,EQ0005,SV3,R008,WT3,P3,S4,34.85,35.45,False,False,CMMS,project_fact_ordenestrabajo_export.csv,2026-06-23T00:00:00,1241
WO001242,20250209,20250210,A004,EQ0008,SV2,R006,WT1,P1,S4,4.09,5.59,True,False,ERP,project_fact_ordenestrabajo_export.csv,2026-06-23T00:00:00,1242
WO001243,20250219,20250221,A002,EQ0015,SV4,R018,WT2,P1,S4,6.41,11.18,True,False,ERP,project_fact_ordenestrabajo_export.csv,2026-06-23T00:00:00,1243
WO001244,20250215,20250224,A001,EQ0007,SV1,R017,WT2,P4,S4,95.03,67.45,False,False,ServiceDesk,project_fact_ordenestrabajo_export.csv,2026-06-23T00:00:00,1244
WO001245,20250430,,A002,EQ0030,SV4,R021,WT1,P4,S2,50.53,76.32,False,False,ServiceDesk,project_fact_ordenestrabajo_export.csv,2026-06-23T00:00:00,1245
WO001246,20250131,,A002,EQ0015,SV2,R019,WT1,P1,S2,6.83,17.64,True,False,ERP,project_fact_ordenestrabajo_export.csv,2026-06-23T00:00:00,1246
WO001247,20250127,20250215,A006,EQ0024,SV2,R029,WT1,P4,S4,75.7,151.86,False,False,CMMS,project_fact_ordenestrabajo_export.csv,2026-06-23T00:00:00,1247
WO001248,20250130,,A004,EQ0005,SV3,R001,WT5,P2,S2,9.72,13.71,True,False,ERP,project_fact_ordenestrabajo_export.csv,2026-06-23T00:00:00,1248
WO001249,20250315,20250321,A004,EQ0029,SV4,R012,WT2,P3,S4,50.45,42.58,False,False,ServiceDesk,project_fact_ordenestrabajo_export.csv,2026-06-23T00:00:00,1249
WO001250,20250225,,A005,EQ0017,SV7,R018,WT1,P2,S2,11.02,8.8,True,False,ServiceDesk,project_fact_ordenestrabajo_export.csv,2026-06-23T00:00:00,1250
WO001251,20250307,20250321,A001,EQ0028,SV6,R020,WT1,P4,S4,62.9,107.27,False,False,ERP,project_fact_ordenestrabajo_export.csv,2026-06-23T00:00:00,1251
WO001252,20250202,20250213,A004,EQ0003,SV4,R023,WT1,P4,S4,77.0,86.75,False,False,CMMS,project_fact_ordenestrabajo_export.csv,2026-06-23T00:00:00,1252
WO001253,20250426,20250509,A001,EQ0010,SV7,R021,WT1,P4,S4,104.05,102.88,False,False,ERP,project_fact_ordenestrabajo_export.csv,2026-06-23T00:00:00,1253
WO001254,20250519,20250528,A001,EQ0010,SV6,R001,WT3,P4,S4,83.92,70.14,False,False,ServiceDesk,project_fact_ordenestrabajo_export.csv,2026-06-23T00:00:00,1254
WO001255,20250306,20250307,A006,EQ0024,SV5,R023,WT1,P1,S4,6.13,6.66,True,False,ERP,project_fact_ordenestrabajo_export.csv,2026-06-23T00:00:00,1255
WO001256,20250604,20250612,A005,EQ0032,SV2,R002,WT2,P4,S5,72.31,61.58,False,False,ERP,project_fact_ordenestrabajo_export.csv,2026-06-23T00:00:00,1256
WO001257,20250630,,A001,EQ0026,SV3,R030,WT6,P1,S1,3.15,5.05,True,False,ServiceDesk,project_fact_ordenestrabajo_export.csv,2026-06-23T00:00:00,1257
WO001258,20250306,20250315,A006,EQ0014,SV6,R025,WT3,P3,S4,26.74,66.99,False,True,ServiceDesk,project_fact_ordenestrabajo_export.csv,2026-06-23T00:00:00,1258
WO001259,20250110,20250114,A005,EQ0017,SV2,R006,WT5,P2,S4,14.91,31.22,True,False,ERP,project_fact_ordenestrabajo_export.csv,2026-06-23T00:00:00,1259
WO001260,20250614,20250625,A001,EQ0020,SV3,R026,WT2,P3,S4,62.9,82.76,False,True,ERP,project_fact_ordenestrabajo_export.csv,2026-06-23T00:00:00,1260
WO001261,20250222,20250301,A005,EQ0039,SV7,R030,WT2,P3,S4,38.24,53.34,False,False,CMMS,project_fact_ordenestrabajo_export.csv,2026-06-23T00:00:00,1261
WO001262,20250427,20250504,A005,EQ0016,SV3,R005,WT2,P3,S4,48.45,51.83,False,True,ERP,project_fact_ordenestrabajo_export.csv,2026-06-23T00:00:00,1262
WO001263,20250314,20250316,A005,EQ0018,SV6,R004,WT2,P2,S4,12.79,13.67,True,False,CMMS,project_fact_ordenestrabajo_export.csv,2026-06-23T00:00:00,1263
WO001264,20250301,20250311,A001,EQ0026,SV5,R009,WT2,P3,S4,39.17,77.59,False,False,ServiceDesk,project_fact_ordenestrabajo_export.csv,2026-06-23T00:00:00,1264
WO001265,20250427,20250513,A001,EQ0028,SV2,R003,WT2,P4,S4,87.54,125.94,False,False,ERP,project_fact_ordenestrabajo_export.csv,2026-06-23T00:00:00,1265
WO001266,20250227,20250228,A005,EQ0037,SV6,R030,WT1,P1,S4,4.17,2.42,True,False,ERP,project_fact_ordenestrabajo_export.csv,2026-06-23T00:00:00,1266
WO001267,20250516,20250529,A004,EQ0012,SV2,R016,WT3,P4,S4,90.95,102.58,False,True,CMMS,project_fact_ordenestrabajo_export.csv,2026-06-23T00:00:00,1267
WO001268,20250329,20250409,A006,EQ0019,SV5,R008,WT5,P3,S5,63.85,86.74,False,False,ServiceDesk,project_fact_ordenestrabajo_export.csv,2026-06-23T00:00:00,1268
WO001269,20250514,20250518,A005,EQ0018,SV4,R017,WT2,P3,S4,27.13,25.57,False,False,ERP,project_fact_ordenestrabajo_export.csv,2026-06-23T00:00:00,1269
WO001270,20250617,,A004,EQ0005,SV5,R010,WT3,P2,S3,9.71,8.63,True,False,CMMS,project_fact_ordenestrabajo_export.csv,2026-06-23T00:00:00,1270
WO001271,20250318,,A001,EQ0026,SV2,R009,WT3,P2,S2,9.97,7.86,True,False,CMMS,project_fact_ordenestrabajo_export.csv,2026-06-23T00:00:00,1271
WO001272,20250312,,A003,EQ0033,SV4,R023,WT1,P4,S2,88.84,51.29,False,False,CMMS,project_fact_ordenestrabajo_export.csv,2026-06-23T00:00:00,1272
WO001273,20250407,20250408,A005,EQ0032,SV7,R011,WT1,P2,S4,8.59,6.12,True,True,ServiceDesk,project_fact_ordenestrabajo_export.csv,2026-06-23T00:00:00,1273
WO001274,20250216,20250219,A003,EQ0035,SV7,R020,WT3,P2,S5,11.34,21.31,True,False,ServiceDesk,project_fact_ordenestrabajo_export.csv,2026-06-23T00:00:00,1274
WO001275,20250617,,A005,EQ0006,SV6,R013,WT5,P4,S3,104.51,216.84,False,False,CMMS,project_fact_ordenestrabajo_export.csv,2026-06-23T00:00:00,1275
WO001276,20250509,,A003,EQ0040,SV2,R007,WT2,P2,S2,19.09,26.63,True,False,ServiceDesk,project_fact_ordenestrabajo_export.csv,2026-06-23T00:00:00,1276
WO001277,20250318,20250326,A005,EQ0037,SV7,R027,WT2,P3,S4,44.96,58.35,False,False,CMMS,project_fact_ordenestrabajo_export.csv,2026-06-23T00:00:00,1277
WO001278,20250119,20250129,A003,EQ0031,SV2,R013,WT3,P3,S4,58.16,76.37,False,False,ServiceDesk,project_fact_ordenestrabajo_export.csv,2026-06-23T00:00:00,1278
WO001279,20250528,20250606,A005,EQ0021,SV2,R005,WT1,P3,S4,44.05,67.08,False,False,CMMS,project_fact_ordenestrabajo_export.csv,2026-06-23T00:00:00,1279
WO001280,20250513,20250526,A003,EQ0033,SV8,R024,WT1,P3,S4,61.11,100.13,False,False,ServiceDesk,project_fact_ordenestrabajo_export.csv,2026-06-23T00:00:00,1280
WO001281,20250220,20250222,A005,EQ0039,SV2,R005,WT3,P2,S4,20.04,15.5,True,False,ERP,project_fact_ordenestrabajo_export.csv,2026-06-23T00:00:00,1281
WO001282,20250607,20250619,A004,EQ0003,SV3,R005,WT3,P4,S5,56.06,90.0,False,False,ServiceDesk,project_fact_ordenestrabajo_export.csv,2026-06-23T00:00:00,1282
WO001283,20250321,,A005,EQ0009,SV4,R026,WT5,P4,S1,97.7,70.65,False,False,ERP,project_fact_ordenestrabajo_export.csv,2026-06-23T00:00:00,1283
WO001284,20250407,20250409,A005,EQ0039,SV2,R029,WT2,P2,S4,18.68,11.49,True,True,ServiceDesk,project_fact_ordenestrabajo_export.csv,2026-06-23T00:00:00,1284
WO001285,20250602,,A004,EQ0004,SV8,R007,WT5,P2,S1,19.83,19.12,True,False,ServiceDesk,project_fact_ordenestrabajo_export.csv,2026-06-23T00:00:00,1285
WO001286,20250505,20250510,A004,EQ0004,SV6,R026,WT5,P3,S4,43.8,38.14,False,True,CMMS,project_fact_ordenestrabajo_export.csv,2026-06-23T00:00:00,1286
WO001287,20250506,20250509,A004,EQ0002,SV1,R019,WT3,P2,S4,14.79,21.11,True,False,ERP,project_fact_ordenestrabajo_export.csv,2026-06-23T00:00:00,1287
WO001288,20250613,,A002,EQ0030,SV2,R026,WT3,P3,S2,58.29,70.01,False,True,CMMS,project_fact_ordenestrabajo_export.csv,2026-06-23T00:00:00,1288
WO001289,20250217,20250218,A003,EQ0040,SV8,R029,WT5,P1,S4,4.7,1.27,True,False,ServiceDesk,project_fact_ordenestrabajo_export.csv,2026-06-23T00:00:00,1289
WO001290,20250131,20250204,A005,EQ0032,SV2,R009,WT1,P2,S4,19.49,24.89,True,False,ServiceDesk,project_fact_ordenestrabajo_export.csv,2026-06-23T00:00:00,1290
WO001291,20250130,,A001,EQ0020,SV5,R012,WT2,P3,S3,63.85,125.13,False,False,ERP,project_fact_ordenestrabajo_export.csv,2026-06-23T00:00:00,1291
WO001292,20250120,20250122,A002,EQ0030,SV4,R023,WT1,P2,S4,11.2,14.67,True,True,ERP,project_fact_ordenestrabajo_export.csv,2026-06-23T00:00:00,1292
WO001293,20250506,20250514,A002,EQ0030,SV7,R005,WT2,P3,S4,59.99,59.97,False,False,ERP,project_fact_ordenestrabajo_export.csv,2026-06-23T00:00:00,1293
WO001294,20250527,,A005,EQ0037,SV2,R002,WT2,P3,S2,62.32,127.9,False,True,ERP,project_fact_ordenestrabajo_export.csv,2026-06-23T00:00:00,1294
WO001295,20250107,20250113,A004,EQ0002,SV1,R013,WT6,P3,S4,54.02,43.28,False,False,CMMS,project_fact_ordenestrabajo_export.csv,2026-06-23T00:00:00,1295
WO001296,20250622,20250629,A005,EQ0034,SV1,R009,WT1,P3,S4,52.94,50.77,False,False,ERP,project_fact_ordenestrabajo_export.csv,2026-06-23T00:00:00,1296
WO001297,20250507,20250508,A004,EQ0002,SV3,R017,WT2,P2,S4,9.14,6.87,True,False,ServiceDesk,project_fact_ordenestrabajo_export.csv,2026-06-23T00:00:00,1297
WO001298,20250515,20250516,A005,EQ0037,SV5,R028,WT5,P1,S4,6.72,3.22,True,False,CMMS,project_fact_ordenestrabajo_export.csv,2026-06-23T00:00:00,1298
WO001299,20250505,,A004,EQ0005,SV8,R013,WT1,P4,S2,64.81,70.67,False,False,ServiceDesk,project_fact_ordenestrabajo_export.csv,2026-06-23T00:00:00,1299
WO001300,20250524,20250604,A006,EQ0014,SV5,R019,WT6,P4,S4,61.22,83.02,False,True,ServiceDesk,project_fact_ordenestrabajo_export.csv,2026-06-23T00:00:00,1300
WO001301,20250526,20250610,A005,EQ0011,SV6,R030,WT2,P3,S4,52.49,112.06,False,False,ERP,project_fact_ordenestrabajo_export.csv,2026-06-23T00:00:00,1301
WO001302,20250319,,A004,EQ0008,SV8,R018,WT1,P2,S4,14.44,11.83,True,False,ServiceDesk,project_fact_ordenestrabajo_export.csv,2026-06-23T00:00:00,1302
WO001303,20250622,20250630,A005,EQ0009,SV6,R025,WT3,P4,S4,51.15,56.38,False,False,CMMS,project_fact_ordenestrabajo_export.csv,2026-06-23T00:00:00,1303
WO001304,20250512,,A005,EQ0016,SV3,R023,WT2,P3,S1,56.45,74.24,False,True,ServiceDesk,project_fact_ordenestrabajo_export.csv,2026-06-23T00:00:00,1304
WO001305,20250329,,A005,EQ0018,SV3,R015,WT1,P3,S1,45.46,32.07,False,False,ERP,project_fact_ordenestrabajo_export.csv,2026-06-23T00:00:00,1305
WO001306,20250109,20250111,A005,EQ0032,SV2,R003,WT3,P2,S4,11.44,12.33,True,False,ERP,project_fact_ordenestrabajo_export.csv,2026-06-23T00:00:00,1306
WO001307,20250220,20250221,A003,EQ0025,SV4,R010,WT1,P1,S4,3.77,6.45,True,False,ERP,project_fact_ordenestrabajo_export.csv,2026-06-23T00:00:00,1307
WO001308,20250331,20250401,A003,EQ0040,SV8,R025,WT1,P1,S4,2.88,2.34,True,False,ERP,project_fact_ordenestrabajo_export.csv,2026-06-23T00:00:00,1308
WO001309,20250221,20250304,A001,EQ0010,SV2,R001,WT5,P3,S5,52.51,85.82,False,False,CMMS,project_fact_ordenestrabajo_export.csv,2026-06-23T00:00:00,1309
WO001310,20250125,20250201,A005,EQ0034,SV6,R024,WT5,P3,S4,47.03,50.74,False,False,CMMS,project_fact_ordenestrabajo_export.csv,2026-06-23T00:00:00,1310
WO001311,20250429,20250507,A005,EQ0017,SV4,R009,WT1,P3,S4,41.67,60.19,False,False,ServiceDesk,project_fact_ordenestrabajo_export.csv,2026-06-23T00:00:00,1311
WO001312,20250604,,A005,EQ0018,SV4,R027,WT6,P3,S2,57.58,43.98,False,False,CMMS,project_fact_ordenestrabajo_export.csv,2026-06-23T00:00:00,1312
WO001313,20250321,,A006,EQ0027,SV2,R018,WT3,P2,S1,15.0,14.06,True,False,ERP,project_fact_ordenestrabajo_export.csv,2026-06-23T00:00:00,1313
WO001314,20250530,,A005,EQ0021,SV8,R001,WT2,P1,S1,4.28,4.45,True,False,CMMS,project_fact_ordenestrabajo_export.csv,2026-06-23T00:00:00,1314
WO001315,20250419,20250421,A005,EQ0039,SV7,R011,WT2,P2,S4,14.07,12.17,True,False,ServiceDesk,project_fact_ordenestrabajo_export.csv,2026-06-23T00:00:00,1315
WO001316,20250408,20250410,A003,EQ0033,SV5,R011,WT2,P2,S4,18.39,13.92,True,False,ServiceDesk,project_fact_ordenestrabajo_export.csv,2026-06-23T00:00:00,1316
WO001317,20250412,20250417,A001,EQ0010,SV1,R022,WT2,P2,S4,14.06,34.08,True,False,ERP,project_fact_ordenestrabajo_export.csv,2026-06-23T00:00:00,1317
WO001318,20250522,20250529,A004,EQ0005,SV3,R009,WT6,P4,S4,93.74,55.75,False,False,ServiceDesk,project_fact_ordenestrabajo_export.csv,2026-06-23T00:00:00,1318
WO001319,20250519,20250524,A005,EQ0016,SV3,R001,WT1,P3,S4,29.53,37.51,False,False,ERP,project_fact_ordenestrabajo_export.csv,2026-06-23T00:00:00,1319
WO001320,20250325,20250331,A001,EQ0007,SV8,R029,WT1,P4,S4,53.69,40.09,False,True,ServiceDesk,project_fact_ordenestrabajo_export.csv,2026-06-23T00:00:00,1320
WO001321,20250410,,A002,EQ0015,SV7,R004,WT6,P3,S2,46.52,47.19,False,False,ERP,project_fact_ordenestrabajo_export.csv,2026-06-23T00:00:00,1321
WO001322,20250415,,A006,EQ0024,SV6,R019,WT2,P1,S1,6.39,8.03,True,False,ServiceDesk,project_fact_ordenestrabajo_export.csv,2026-06-23T00:00:00,1322
WO001323,20250119,20250125,A005,EQ0018,SV4,R023,WT5,P3,S5,25.75,46.68,False,False,ServiceDesk,project_fact_ordenestrabajo_export.csv,2026-06-23T00:00:00,1323
WO001324,20250407,20250422,A002,EQ0036,SV8,R003,WT3,P4,S4,102.11,119.87,False,False,CMMS,project_fact_ordenestrabajo_export.csv,2026-06-23T00:00:00,1324
WO001325,20250113,20250115,A006,EQ0014,SV1,R025,WT3,P2,S4,17.8,9.63,True,True,CMMS,project_fact_ordenestrabajo_export.csv,2026-06-23T00:00:00,1325
WO001326,20250202,20250207,A005,EQ0021,SV2,R027,WT1,P3,S4,38.52,34.78,False,False,ServiceDesk,project_fact_ordenestrabajo_export.csv,2026-06-23T00:00:00,1326
WO001327,20250629,,A003,EQ0035,SV6,R006,WT1,P2,S2,13.18,17.22,True,True,ServiceDesk,project_fact_ordenestrabajo_export.csv,2026-06-23T00:00:00,1327
WO001328,20250220,,A005,EQ0011,SV4,R004,WT3,P2,S3,17.8,18.01,True,False,ServiceDesk,project_fact_ordenestrabajo_export.csv,2026-06-23T00:00:00,1328
WO001329,20250607,,A001,EQ0020,SV2,R003,WT6,P3,S2,36.53,30.8,False,False,ERP,project_fact_ordenestrabajo_export.csv,2026-06-23T00:00:00,1329
WO001330,20250529,20250531,A004,EQ0008,SV7,R027,WT3,P2,S4,16.21,15.84,True,False,ServiceDesk,project_fact_ordenestrabajo_export.csv,2026-06-23T00:00:00,1330
WO001331,20250112,20250125,A005,EQ0016,SV6,R013,WT1,P3,S4,62.64,97.11,False,False,CMMS,project_fact_ordenestrabajo_export.csv,2026-06-23T00:00:00,1331
WO001332,20250531,20250608,A005,EQ0017,SV4,R026,WT2,P4,S4,102.36,59.3,False,False,ERP,project_fact_ordenestrabajo_export.csv,2026-06-23T00:00:00,1332
WO001333,20250424,20250426,A001,EQ0007,SV4,R028,WT4,P1,S4,4.65,10.15,True,False,CMMS,project_fact_ordenestrabajo_export.csv,2026-06-23T00:00:00,1333
WO001334,20250108,20250124,A006,EQ0014,SV4,R004,WT4,P4,S4,63.34,127.5,False,False,CMMS,project_fact_ordenestrabajo_export.csv,2026-06-23T00:00:00,1334
WO001335,20250609,,A002,EQ0030,SV1,R020,WT1,P4,S1,103.51,97.43,False,False,ERP,project_fact_ordenestrabajo_export.csv,2026-06-23T00:00:00,1335
WO001336,20250609,,A003,EQ0022,SV1,R011,WT2,P3,S1,29.45,31.19,False,False,ServiceDesk,project_fact_ordenestrabajo_export.csv,2026-06-23T00:00:00,1336
WO001337,20250204,,A005,EQ0032,SV4,R004,WT3,P3,S2,60.28,36.14,False,False,CMMS,project_fact_ordenestrabajo_export.csv,2026-06-23T00:00:00,1337
WO001338,20250411,20250413,A005,EQ0032,SV3,R027,WT1,P2,S4,11.56,11.78,True,False,CMMS,project_fact_ordenestrabajo_export.csv,2026-06-23T00:00:00,1338
WO001339,20250521,20250525,A003,EQ0022,SV5,R014,WT4,P2,S4,11.3,28.77,True,False,ServiceDesk,project_fact_ordenestrabajo_export.csv,2026-06-23T00:00:00,1339
WO001340,20250221,20250302,A001,EQ0007,SV8,R020,WT5,P3,S4,40.49,69.57,False,False,ServiceDesk,project_fact_ordenestrabajo_export.csv,2026-06-23T00:00:00,1340
WO001341,20250523,20250530,A001,EQ0010,SV4,R012,WT2,P3,S4,48.97,52.77,False,False,CMMS,project_fact_ordenestrabajo_export.csv,2026-06-23T00:00:00,1341
WO001342,20250608,20250612,A005,EQ0037,SV5,R009,WT1,P3,S4,32.76,28.43,False,False,ERP,project_fact_ordenestrabajo_export.csv,2026-06-23T00:00:00,1342
WO001343,20250213,,A002,EQ0030,SV1,R014,WT2,P3,S2,57.84,60.31,False,False,ERP,project_fact_ordenestrabajo_export.csv,2026-06-23T00:00:00,1343
WO001344,20250222,20250228,A006,EQ0038,SV6,R006,WT2,P3,S4,59.94,43.44,False,False,CMMS,project_fact_ordenestrabajo_export.csv,2026-06-23T00:00:00,1344
WO001345,20250427,20250507,A005,EQ0009,SV8,R009,WT6,P4,S4,73.55,73.86,False,False,ERP,project_fact_ordenestrabajo_export.csv,2026-06-23T00:00:00,1345
WO001346,20250609,,A002,EQ0015,SV5,R030,WT1,P4,S3,94.46,71.66,False,False,ERP,project_fact_ordenestrabajo_export.csv,2026-06-23T00:00:00,1346
WO001347,20250325,,A001,EQ0007,SV8,R025,WT6,P3,S2,42.82,79.02,False,False,ServiceDesk,project_fact_ordenestrabajo_export.csv,2026-06-23T00:00:00,1347
WO001348,20250409,20250418,A001,EQ0026,SV6,R030,WT4,P4,S4,56.42,67.78,False,True,CMMS,project_fact_ordenestrabajo_export.csv,2026-06-23T00:00:00,1348
WO001349,20250314,20250326,A005,EQ0021,SV5,R023,WT2,P3,S4,61.34,94.25,False,False,CMMS,project_fact_ordenestrabajo_export.csv,2026-06-23T00:00:00,1349
WO001350,20250123,20250211,A001,EQ0028,SV2,R030,WT3,P4,S4,81.59,150.48,False,True,CMMS,project_fact_ordenestrabajo_export.csv,2026-06-23T00:00:00,1350
WO001351,20250615,20250619,A006,EQ0038,SV1,R005,WT6,P2,S4,14.08,24.77,True,False,ERP,project_fact_ordenestrabajo_export.csv,2026-06-23T00:00:00,1351
WO001352,20250303,20250315,A006,EQ0019,SV5,R015,WT3,P3,S4,58.52,89.05,False,False,CMMS,project_fact_ordenestrabajo_export.csv,2026-06-23T00:00:00,1352
WO001353,20250514,20250515,A004,EQ0029,SV5,R015,WT2,P1,S4,6.72,6.47,True,False,ServiceDesk,project_fact_ordenestrabajo_export.csv,2026-06-23T00:00:00,1353
WO001354,20250513,,A005,EQ0006,SV7,R021,WT4,P4,S2,90.05,56.91,False,True,ServiceDesk,project_fact_ordenestrabajo_export.csv,2026-06-23T00:00:00,1354
WO001355,20250416,20250419,A006,EQ0019,SV3,R018,WT5,P2,S4,17.77,23.87,True,False,CMMS,project_fact_ordenestrabajo_export.csv,2026-06-23T00:00:00,1355
WO001356,20250513,20250601,A004,EQ0029,SV8,R008,WT2,P4,S4,90.64,151.16,False,False,CMMS,project_fact_ordenestrabajo_export.csv,2026-06-23T00:00:00,1356
WO001357,20250608,20250611,A004,EQ0029,SV3,R001,WT2,P2,S4,21.41,22.11,True,False,ServiceDesk,project_fact_ordenestrabajo_export.csv,2026-06-23T00:00:00,1357
WO001358,20250210,,A005,EQ0023,SV3,R030,WT1,P3,S2,62.09,90.08,False,False,ERP,project_fact_ordenestrabajo_export.csv,2026-06-23T00:00:00,1358
WO001359,20250622,20250630,A005,EQ0006,SV2,R022,WT3,P3,S4,59.18,109.64,False,False,CMMS,project_fact_ordenestrabajo_export.csv,2026-06-23T00:00:00,1359
WO001360,20250626,,A003,EQ0040,SV8,R025,WT2,P1,S3,6.05,6.31,True,False,ServiceDesk,project_fact_ordenestrabajo_export.csv,2026-06-23T00:00:00,1360
WO001361,20250405,,A003,EQ0040,SV3,R008,WT2,P3,S2,57.87,91.48,False,True,ServiceDesk,project_fact_ordenestrabajo_export.csv,2026-06-23T00:00:00,1361
WO001362,20250616,,A004,EQ0005,SV8,R008,WT2,P1,S3,6.67,5.19,True,False,ERP,project_fact_ordenestrabajo_export.csv,2026-06-23T00:00:00,1362
WO001363,20250115,,A003,EQ0031,SV1,R015,WT3,P3,S2,56.43,107.98,False,False,ERP,project_fact_ordenestrabajo_export.csv,2026-06-23T00:00:00,1363
WO001364,20250301,20250316,A005,EQ0016,SV1,R008,WT3,P4,S4,81.5,112.02,False,False,ServiceDesk,project_fact_ordenestrabajo_export.csv,2026-06-23T00:00:00,1364
WO001365,20250519,20250624,A005,EQ0023,SV3,R013,WT2,P4,S4,94.85,284.98,False,False,ServiceDesk,project_fact_ordenestrabajo_export.csv,2026-06-23T00:00:00,1365
WO001366,20250214,20250224,A005,EQ0037,SV6,R004,WT3,P3,S4,44.99,73.02,False,False,CMMS,project_fact_ordenestrabajo_export.csv,2026-06-23T00:00:00,1366
WO001367,20250107,20250110,A001,EQ0007,SV6,R023,WT3,P2,S4,10.83,17.82,True,False,ServiceDesk,project_fact_ordenestrabajo_export.csv,2026-06-23T00:00:00,1367
WO001368,20250126,20250128,A004,EQ0002,SV2,R030,WT1,P2,S4,18.99,10.98,True,False,ServiceDesk,project_fact_ordenestrabajo_export.csv,2026-06-23T00:00:00,1368
WO001369,20250403,20250410,A006,EQ0019,SV6,R021,WT6,P3,S4,31.41,51.44,False,True,ServiceDesk,project_fact_ordenestrabajo_export.csv,2026-06-23T00:00:00,1369
WO001370,20250205,20250208,A005,EQ0037,SV4,R026,WT2,P2,S4,19.26,23.19,True,False,CMMS,project_fact_ordenestrabajo_export.csv,2026-06-23T00:00:00,1370
WO001371,20250311,20250317,A001,EQ0010,SV3,R026,WT6,P3,S4,42.14,43.38,False,False,ServiceDesk,project_fact_ordenestrabajo_export.csv,2026-06-23T00:00:00,1371
WO001372,20250311,,A003,EQ0033,SV2,R012,WT1,P2,S2,15.18,12.89,True,True,ServiceDesk,project_fact_ordenestrabajo_export.csv,2026-06-23T00:00:00,1372
WO001373,20250306,20250307,A002,EQ0030,SV1,R011,WT1,P1,S4,3.47,6.39,True,False,CMMS,project_fact_ordenestrabajo_export.csv,2026-06-23T00:00:00,1373
WO001374,20250519,20250522,A001,EQ0020,SV2,R023,WT1,P2,S4,19.76,19.0,True,False,ServiceDesk,project_fact_ordenestrabajo_export.csv,2026-06-23T00:00:00,1374
WO001375,20250320,,A004,EQ0012,SV1,R020,WT2,P3,S1,50.94,39.76,False,False,CMMS,project_fact_ordenestrabajo_export.csv,2026-06-23T00:00:00,1375
WO001376,20250607,20250609,A004,EQ0013,SV7,R015,WT1,P2,S4,11.84,11.08,True,False,ServiceDesk,project_fact_ordenestrabajo_export.csv,2026-06-23T00:00:00,1376
WO001377,20250215,20250221,A005,EQ0032,SV2,R014,WT1,P3,S4,42.56,43.04,False,True,ServiceDesk,project_fact_ordenestrabajo_export.csv,2026-06-23T00:00:00,1377
WO001378,20250613,20250616,A003,EQ0040,SV6,R023,WT1,P2,S4,10.87,21.89,True,False,CMMS,project_fact_ordenestrabajo_export.csv,2026-06-23T00:00:00,1378
WO001379,20250130,20250202,A005,EQ0021,SV1,R009,WT2,P2,S4,14.34,20.04,True,False,ERP,project_fact_ordenestrabajo_export.csv,2026-06-23T00:00:00,1379
WO001380,20250526,20250530,A004,EQ0008,SV5,R026,WT1,P3,S4,30.17,29.72,False,False,CMMS,project_fact_ordenestrabajo_export.csv,2026-06-23T00:00:00,1380
WO001381,20250126,20250204,A002,EQ0030,SV4,R019,WT1,P4,S4,83.99,68.15,False,False,ERP,project_fact_ordenestrabajo_export.csv,2026-06-23T00:00:00,1381
WO001382,20250513,20250514,A003,EQ0001,SV1,R007,WT2,P1,S4,4.72,2.0,True,False,ServiceDesk,project_fact_ordenestrabajo_export.csv,2026-06-23T00:00:00,1382
WO001383,20250217,20250221,A005,EQ0023,SV3,R019,WT1,P2,S4,21.23,28.1,True,False,CMMS,project_fact_ordenestrabajo_export.csv,2026-06-23T00:00:00,1383
WO001384,20250516,20250529,A004,EQ0004,SV2,R001,WT3,P3,S4,57.1,101.63,False,False,ServiceDesk,project_fact_ordenestrabajo_export.csv,2026-06-23T00:00:00,1384
WO001385,20250331,20250415,A004,EQ0005,SV4,R021,WT3,P3,S4,46.88,113.77,False,False,ServiceDesk,project_fact_ordenestrabajo_export.csv,2026-06-23T00:00:00,1385
WO001386,20250125,20250129,A002,EQ0036,SV1,R003,WT5,P3,S4,49.3,25.18,False,False,CMMS,project_fact_ordenestrabajo_export.csv,2026-06-23T00:00:00,1386
WO001387,20250319,,A005,EQ0034,SV7,R014,WT2,P2,S2,14.65,22.5,True,False,ERP,project_fact_ordenestrabajo_export.csv,2026-06-23T00:00:00,1387
WO001388,20250629,,A001,EQ0007,SV2,R001,WT2,P3,S2,34.92,41.43,False,False,ERP,project_fact_ordenestrabajo_export.csv,2026-06-23T00:00:00,1388
WO001389,20250310,20250311,A002,EQ0015,SV3,R016,WT3,P1,S4,4.31,4.15,True,False,CMMS,project_fact_ordenestrabajo_export.csv,2026-06-23T00:00:00,1389
WO001390,20250510,20250513,A003,EQ0035,SV4,R008,WT2,P2,S4,15.0,20.48,True,False,ERP,project_fact_ordenestrabajo_export.csv,2026-06-23T00:00:00,1390
WO001391,20250414,20250420,A003,EQ0040,SV8,R023,WT2,P4,S4,45.33,41.05,False,False,CMMS,project_fact_ordenestrabajo_export.csv,2026-06-23T00:00:00,1391
WO001392,20250321,20250326,A006,EQ0038,SV8,R018,WT2,P3,S4,34.43,34.7,False,False,ServiceDesk,project_fact_ordenestrabajo_export.csv,2026-06-23T00:00:00,1392
WO001393,20250116,,A005,EQ0039,SV8,R004,WT1,P2,S1,14.98,20.72,True,False,ServiceDesk,project_fact_ordenestrabajo_export.csv,2026-06-23T00:00:00,1393
WO001394,20250312,,A001,EQ0020,SV1,R020,WT3,P3,S3,44.4,140.5,False,False,ServiceDesk,project_fact_ordenestrabajo_export.csv,2026-06-23T00:00:00,1394
WO001395,20250227,,A004,EQ0005,SV4,R026,WT2,P2,S2,14.99,16.84,True,False,CMMS,project_fact_ordenestrabajo_export.csv,2026-06-23T00:00:00,1395
WO001396,20250430,20250515,A006,EQ0014,SV2,R022,WT1,P3,S4,60.34,112.5,False,False,ServiceDesk,project_fact_ordenestrabajo_export.csv,2026-06-23T00:00:00,1396
WO001397,20250503,,A001,EQ0010,SV5,R007,WT3,P3,S2,42.63,76.81,False,True,ERP,project_fact_ordenestrabajo_export.csv,2026-06-23T00:00:00,1397
WO001398,20250625,20250627,A003,EQ0035,SV1,R030,WT6,P2,S4,12.73,11.37,True,False,ServiceDesk,project_fact_ordenestrabajo_export.csv,2026-06-23T00:00:00,1398
WO001399,20250112,,A005,EQ0006,SV4,R030,WT2,P3,S3,32.52,45.65,False,True,CMMS,project_fact_ordenestrabajo_export.csv,2026-06-23T00:00:00,1399
WO001400,20250115,,A004,EQ0005,SV8,R017,WT6,P3,S2,37.35,58.48,False,False,ERP,project_fact_ordenestrabajo_export.csv,2026-06-23T00:00:00,1400
WO001401,20250202,20250203,A001,EQ0007,SV1,R029,WT3,P1,S4,4.32,4.23,True,True,ERP,project_fact_ordenestrabajo_export.csv,2026-06-23T00:00:00,1401
WO001402,20250129,,A005,EQ0037,SV7,R009,WT1,P4,S3,106.92,196.69,False,False,ServiceDesk,project_fact_ordenestrabajo_export.csv,2026-06-23T00:00:00,1402
WO001403,20250423,20250504,A005,EQ0034,SV8,R015,WT4,P3,S5,64.58,83.0,False,False,CMMS,project_fact_ordenestrabajo_export.csv,2026-06-23T00:00:00,1403
WO001404,20250513,,A003,EQ0022,SV4,R021,WT3,P3,S3,44.18,30.84,False,False,ServiceDesk,project_fact_ordenestrabajo_export.csv,2026-06-23T00:00:00,1404
WO001405,20250529,,A005,EQ0017,SV3,R009,WT2,P2,S1,10.29,8.52,True,True,CMMS,project_fact_ordenestrabajo_export.csv,2026-06-23T00:00:00,1405
WO001406,20250417,20250421,A005,EQ0021,SV6,R011,WT4,P3,S4,38.31,31.17,False,False,ServiceDesk,project_fact_ordenestrabajo_export.csv,2026-06-23T00:00:00,1406
WO001407,20250313,20250321,A005,EQ0034,SV6,R020,WT2,P4,S4,63.82,62.06,False,False,CMMS,project_fact_ordenestrabajo_export.csv,2026-06-23T00:00:00,1407
WO001408,20250531,20250606,A005,EQ0011,SV1,R029,WT2,P4,S4,48.33,43.95,False,True,CMMS,project_fact_ordenestrabajo_export.csv,2026-06-23T00:00:00,1408
WO001409,20250516,,A005,EQ0034,SV2,R014,WT3,P4,S3,83.4,121.28,False,False,ERP,project_fact_ordenestrabajo_export.csv,2026-06-23T00:00:00,1409
WO001410,20250316,20250326,A005,EQ0032,SV7,R011,WT3,P3,S4,52.07,77.94,False,True,CMMS,project_fact_ordenestrabajo_export.csv,2026-06-23T00:00:00,1410
WO001411,20250331,,A006,EQ0027,SV1,R006,WT2,P3,S3,38.52,65.6,False,False,ServiceDesk,project_fact_ordenestrabajo_export.csv,2026-06-23T00:00:00,1411
WO001412,20250611,20250615,A006,EQ0014,SV5,R023,WT6,P3,S4,32.93,25.08,False,False,CMMS,project_fact_ordenestrabajo_export.csv,2026-06-23T00:00:00,1412
WO001413,20250116,20250124,A006,EQ0038,SV7,R028,WT1,P3,S4,56.31,63.85,False,True,ERP,project_fact_ordenestrabajo_export.csv,2026-06-23T00:00:00,1413
WO001414,20250504,20250513,A005,EQ0016,SV6,R009,WT4,P3,S4,43.49,70.5,False,False,ServiceDesk,project_fact_ordenestrabajo_export.csv,2026-06-23T00:00:00,1414
WO001415,20250526,,A001,EQ0028,SV1,R025,WT3,P3,S1,33.66,46.13,False,False,ServiceDesk,project_fact_ordenestrabajo_export.csv,2026-06-23T00:00:00,1415
WO001416,20250623,20250624,A004,EQ0005,SV7,R023,WT4,P1,S4,4.78,3.83,True,False,CMMS,project_fact_ordenestrabajo_export.csv,2026-06-23T00:00:00,1416
WO001417,20250619,20250624,A004,EQ0005,SV5,R003,WT4,P3,S4,27.54,39.5,False,False,CMMS,project_fact_ordenestrabajo_export.csv,2026-06-23T00:00:00,1417
WO001418,20250320,20250325,A004,EQ0013,SV6,R020,WT3,P3,S4,54.32,33.79,False,False,CMMS,project_fact_ordenestrabajo_export.csv,2026-06-23T00:00:00,1418
WO001419,20250102,20250105,A001,EQ0007,SV2,R024,WT1,P2,S4,9.61,19.1,True,False,CMMS,project_fact_ordenestrabajo_export.csv,2026-06-23T00:00:00,1419
WO001420,20250324,20250328,A006,EQ0019,SV6,R022,WT2,P2,S4,20.47,24.29,True,False,ERP,project_fact_ordenestrabajo_export.csv,2026-06-23T00:00:00,1420
WO001421,20250428,,A005,EQ0018,SV8,R021,WT1,P3,S2,52.36,82.16,False,False,CMMS,project_fact_ordenestrabajo_export.csv,2026-06-23T00:00:00,1421
WO001422,20250527,,A004,EQ0002,SV1,R010,WT2,P2,S3,21.53,22.8,True,True,ServiceDesk,project_fact_ordenestrabajo_export.csv,2026-06-23T00:00:00,1422
WO001423,20250119,20250122,A004,EQ0008,SV5,R025,WT3,P2,S4,16.28,16.4,True,False,ERP,project_fact_ordenestrabajo_export.csv,2026-06-23T00:00:00,1423
WO001424,20250312,20250313,A005,EQ0016,SV7,R001,WT1,P1,S4,5.32,2.92,True,True,ServiceDesk,project_fact_ordenestrabajo_export.csv,2026-06-23T00:00:00,1424
WO001425,20250427,20250515,A004,EQ0008,SV8,R025,WT2,P3,S4,62.42,138.18,False,False,ServiceDesk,project_fact_ordenestrabajo_export.csv,2026-06-23T00:00:00,1425
WO001426,20250425,,A002,EQ0030,SV5,R004,WT4,P2,S2,14.17,12.5,True,False,ServiceDesk,project_fact_ordenestrabajo_export.csv,2026-06-23T00:00:00,1426
WO001427,20250216,20250219,A001,EQ0026,SV6,R024,WT6,P2,S4,20.96,18.3,True,False,ERP,project_fact_ordenestrabajo_export.csv,2026-06-23T00:00:00,1427
WO001428,20250613,20250624,A002,EQ0015,SV2,R025,WT2,P3,S4,55.85,81.49,False,False,ERP,project_fact_ordenestrabajo_export.csv,2026-06-23T00:00:00,1428
WO001429,20250228,20250301,A003,EQ0040,SV1,R013,WT1,P1,S4,6.49,7.67,True,False,ServiceDesk,project_fact_ordenestrabajo_export.csv,2026-06-23T00:00:00,1429
WO001430,20250522,20250526,A003,EQ0025,SV1,R007,WT1,P2,S4,17.48,29.56,True,False,ServiceDesk,project_fact_ordenestrabajo_export.csv,2026-06-23T00:00:00,1430
WO001431,20250525,,A005,EQ0021,SV3,R021,WT2,P3,S2,33.5,57.72,False,True,ERP,project_fact_ordenestrabajo_export.csv,2026-06-23T00:00:00,1431
WO001432,20250119,20250130,A005,EQ0021,SV4,R027,WT4,P3,S4,64.42,81.72,False,False,ServiceDesk,project_fact_ordenestrabajo_export.csv,2026-06-23T00:00:00,1432
WO001433,20250321,,A005,EQ0011,SV6,R014,WT2,P4,S2,88.8,89.39,False,False,ServiceDesk,project_fact_ordenestrabajo_export.csv,2026-06-23T00:00:00,1433
WO001434,20250124,20250129,A005,EQ0017,SV6,R015,WT2,P4,S4,62.74,39.39,False,False,ServiceDesk,project_fact_ordenestrabajo_export.csv,2026-06-23T00:00:00,1434
WO001435,20250119,20250124,A003,EQ0001,SV5,R006,WT2,P4,S5,46.64,37.91,False,False,CMMS,project_fact_ordenestrabajo_export.csv,2026-06-23T00:00:00,1435
WO001436,20250520,20250529,A004,EQ0008,SV2,R025,WT6,P4,S4,76.02,70.82,False,False,CMMS,project_fact_ordenestrabajo_export.csv,2026-06-23T00:00:00,1436
WO001437,20250501,20250507,A004,EQ0005,SV8,R009,WT5,P3,S4,44.79,46.5,False,True,CMMS,project_fact_ordenestrabajo_export.csv,2026-06-23T00:00:00,1437
WO001438,20250112,20250123,A003,EQ0022,SV5,R017,WT1,P3,S4,61.51,81.91,False,True,ERP,project_fact_ordenestrabajo_export.csv,2026-06-23T00:00:00,1438
WO001439,20250513,20250517,A003,EQ0025,SV6,R010,WT2,P3,S4,28.99,25.53,False,False,CMMS,project_fact_ordenestrabajo_export.csv,2026-06-23T00:00:00,1439
WO001440,20250225,20250305,A005,EQ0034,SV8,R003,WT6,P3,S4,60.32,61.54,False,False,ERP,project_fact_ordenestrabajo_export.csv,2026-06-23T00:00:00,1440
WO001441,20250102,,A005,EQ0032,SV3,R017,WT3,P3,S2,43.92,118.64,False,False,CMMS,project_fact_ordenestrabajo_export.csv,2026-06-23T00:00:00,1441
WO001442,20250215,20250221,A004,EQ0005,SV4,R017,WT1,P3,S4,53.73,40.88,False,False,CMMS,project_fact_ordenestrabajo_export.csv,2026-06-23T00:00:00,1442
WO001443,20250619,20250621,A005,EQ0017,SV3,R016,WT2,P2,S4,10.41,11.96,True,False,ServiceDesk,project_fact_ordenestrabajo_export.csv,2026-06-23T00:00:00,1443
WO001444,20250522,20250530,A005,EQ0016,SV5,R001,WT1,P3,S5,49.2,59.35,False,False,CMMS,project_fact_ordenestrabajo_export.csv,2026-06-23T00:00:00,1444
WO001445,20250515,,A004,EQ0012,SV3,R016,WT1,P3,S1,31.98,30.51,False,False,ERP,project_fact_ordenestrabajo_export.csv,2026-06-23T00:00:00,1445
WO001446,20250112,,A004,EQ0005,SV5,R022,WT1,P4,S3,51.45,75.95,False,True,CMMS,project_fact_ordenestrabajo_export.csv,2026-06-23T00:00:00,1446
WO001447,20250515,20250524,A005,EQ0023,SV4,R013,WT2,P4,S4,64.04,64.55,False,False,CMMS,project_fact_ordenestrabajo_export.csv,2026-06-23T00:00:00,1447
WO001448,20250605,,A006,EQ0027,SV5,R019,WT5,P3,S2,28.3,45.28,False,False,ERP,project_fact_ordenestrabajo_export.csv,2026-06-23T00:00:00,1448
WO001449,20250315,20250404,A001,EQ0007,SV4,R017,WT2,P4,S4,76.92,153.63,False,False,CMMS,project_fact_ordenestrabajo_export.csv,2026-06-23T00:00:00,1449
WO001450,20250609,20250614,A005,EQ0011,SV8,R019,WT6,P3,S4,30.56,39.91,False,False,ServiceDesk,project_fact_ordenestrabajo_export.csv,2026-06-23T00:00:00,1450
WO001451,20250411,20250415,A003,EQ0025,SV5,R009,WT6,P3,S4,49.29,25.03,False,False,ServiceDesk,project_fact_ordenestrabajo_export.csv,2026-06-23T00:00:00,1451
WO001452,20250212,20250216,A003,EQ0022,SV2,R023,WT3,P3,S4,40.13,28.55,False,False,CMMS,project_fact_ordenestrabajo_export.csv,2026-06-23T00:00:00,1452
WO001453,20250404,20250416,A005,EQ0016,SV8,R029,WT2,P3,S4,63.79,95.91,False,False,CMMS,project_fact_ordenestrabajo_export.csv,2026-06-23T00:00:00,1453
WO001454,20250613,,A006,EQ0027,SV5,R026,WT2,P1,S2,5.41,9.84,True,False,ERP,project_fact_ordenestrabajo_export.csv,2026-06-23T00:00:00,1454
WO001455,20250422,20250425,A003,EQ0031,SV3,R008,WT2,P2,S4,9.49,20.42,True,False,ERP,project_fact_ordenestrabajo_export.csv,2026-06-23T00:00:00,1455
WO001456,20250118,20250121,A002,EQ0030,SV7,R002,WT2,P2,S4,19.52,23.57,True,False,ServiceDesk,project_fact_ordenestrabajo_export.csv,2026-06-23T00:00:00,1456
WO001457,20250529,20250606,A001,EQ0020,SV8,R015,WT4,P3,S4,46.87,56.25,False,False,CMMS,project_fact_ordenestrabajo_export.csv,2026-06-23T00:00:00,1457
WO001458,20250111,,A001,EQ0028,SV2,R004,WT5,P3,S2,31.41,40.42,False,False,ServiceDesk,project_fact_ordenestrabajo_export.csv,2026-06-23T00:00:00,1458
WO001459,20250107,,A003,EQ0022,SV1,R023,WT3,P2,S1,16.08,13.91,True,False,CMMS,project_fact_ordenestrabajo_export.csv,2026-06-23T00:00:00,1459
WO001460,20250122,20250123,A005,EQ0016,SV4,R025,WT2,P1,S4,4.9,6.53,True,False,ERP,project_fact_ordenestrabajo_export.csv,2026-06-23T00:00:00,1460
WO001461,20250507,20250514,A005,EQ0006,SV8,R019,WT5,P3,S4,51.62,49.74,False,False,ERP,project_fact_ordenestrabajo_export.csv,2026-06-23T00:00:00,1461
WO001462,20250205,20250214,A004,EQ0013,SV2,R028,WT2,P3,S4,55.85,66.59,False,False,CMMS,project_fact_ordenestrabajo_export.csv,2026-06-23T00:00:00,1462
WO001463,20250302,,A003,EQ0040,SV2,R006,WT3,P3,S2,50.06,49.75,False,False,CMMS,project_fact_ordenestrabajo_export.csv,2026-06-23T00:00:00,1463
WO001464,20250618,20250622,A004,EQ0013,SV1,R026,WT3,P4,S4,58.07,29.06,False,False,ServiceDesk,project_fact_ordenestrabajo_export.csv,2026-06-23T00:00:00,1464
WO001465,20250508,20250515,A004,EQ0003,SV5,R011,WT2,P3,S4,33.58,49.75,False,False,CMMS,project_fact_ordenestrabajo_export.csv,2026-06-23T00:00:00,1465
WO001466,20250304,20250308,A005,EQ0016,SV7,R017,WT2,P3,S4,27.34,29.41,False,False,CMMS,project_fact_ordenestrabajo_export.csv,2026-06-23T00:00:00,1466
WO001467,20250425,20250429,A004,EQ0013,SV2,R018,WT1,P2,S4,15.67,27.59,True,True,CMMS,project_fact_ordenestrabajo_export.csv,2026-06-23T00:00:00,1467
WO001468,20250520,,A004,EQ0002,SV6,R021,WT5,P4,S2,77.47,123.97,False,False,ERP,project_fact_ordenestrabajo_export.csv,2026-06-23T00:00:00,1468
WO001469,20250429,20250506,A005,EQ0006,SV5,R030,WT2,P3,S4,39.34,52.18,False,False,ERP,project_fact_ordenestrabajo_export.csv,2026-06-23T00:00:00,1469
WO001470,20250627,,A004,EQ0012,SV6,R004,WT1,P3,S1,41.44,79.55,False,False,ServiceDesk,project_fact_ordenestrabajo_export.csv,2026-06-23T00:00:00,1470
WO001471,20250109,,A003,EQ0022,SV5,R020,WT2,P3,S2,40.29,40.27,False,False,ERP,project_fact_ordenestrabajo_export.csv,2026-06-23T00:00:00,1471
WO001472,20250307,20250310,A003,EQ0040,SV8,R027,WT6,P2,S4,8.55,16.95,True,False,ERP,project_fact_ordenestrabajo_export.csv,2026-06-23T00:00:00,1472
WO001473,20250602,20250607,A004,EQ0008,SV7,R001,WT3,P3,S4,41.2,39.06,False,False,ERP,project_fact_ordenestrabajo_export.csv,2026-06-23T00:00:00,1473
WO001474,20250414,20250417,A003,EQ0033,SV6,R007,WT2,P2,S4,17.77,16.33,True,False,ERP,project_fact_ordenestrabajo_export.csv,2026-06-23T00:00:00,1474
WO001475,20250425,20250510,A001,EQ0028,SV5,R025,WT6,P4,S4,85.17,112.45,False,False,CMMS,project_fact_ordenestrabajo_export.csv,2026-06-23T00:00:00,1475
WO001476,20250518,20250610,A005,EQ0009,SV2,R019,WT2,P4,S5,98.87,177.53,False,False,ERP,project_fact_ordenestrabajo_export.csv,2026-06-23T00:00:00,1476
WO001477,20250424,20250502,A005,EQ0016,SV4,R027,WT1,P3,S4,50.6,61.64,False,True,ServiceDesk,project_fact_ordenestrabajo_export.csv,2026-06-23T00:00:00,1477
WO001478,20250201,,A003,EQ0035,SV6,R027,WT2,P3,S3,57.13,100.44,False,False,ERP,project_fact_ordenestrabajo_export.csv,2026-06-23T00:00:00,1478
WO001479,20250127,,A006,EQ0024,SV6,R003,WT1,P2,S2,14.64,11.77,True,False,ServiceDesk,project_fact_ordenestrabajo_export.csv,2026-06-23T00:00:00,1479
WO001480,20250518,20250528,A002,EQ0015,SV6,R030,WT6,P4,S4,69.71,78.74,False,False,ERP,project_fact_ordenestrabajo_export.csv,2026-06-23T00:00:00,1480
WO001481,20250513,20250521,A005,EQ0023,SV3,R010,WT6,P3,S4,38.37,56.64,False,False,ERP,project_fact_ordenestrabajo_export.csv,2026-06-23T00:00:00,1481
WO001482,20250309,,A001,EQ0010,SV7,R017,WT1,P4,S2,71.09,208.93,False,False,ERP,project_fact_ordenestrabajo_export.csv,2026-06-23T00:00:00,1482
WO001483,20250511,,A006,EQ0038,SV6,R004,WT3,P2,S1,10.1,13.08,True,False,ServiceDesk,project_fact_ordenestrabajo_export.csv,2026-06-23T00:00:00,1483
WO001484,20250228,20250305,A001,EQ0007,SV6,R015,WT4,P2,S4,19.71,36.67,True,False,ERP,project_fact_ordenestrabajo_export.csv,2026-06-23T00:00:00,1484
WO001485,20250219,20250304,A002,EQ0036,SV1,R019,WT6,P4,S4,92.07,96.19,False,False,ERP,project_fact_ordenestrabajo_export.csv,2026-06-23T00:00:00,1485
WO001486,20250327,20250401,A002,EQ0015,SV8,R023,WT2,P3,S4,28.5,38.85,False,False,ServiceDesk,project_fact_ordenestrabajo_export.csv,2026-06-23T00:00:00,1486
WO001487,20250316,,A001,EQ0010,SV8,R009,WT3,P3,S1,47.23,161.55,False,True,ServiceDesk,project_fact_ordenestrabajo_export.csv,2026-06-23T00:00:00,1487
WO001488,20250201,,A004,EQ0003,SV7,R002,WT1,P3,S2,51.69,86.0,False,False,CMMS,project_fact_ordenestrabajo_export.csv,2026-06-23T00:00:00,1488
WO001489,20250310,,A001,EQ0028,SV4,R018,WT3,P4,S2,78.69,83.52,False,False,ServiceDesk,project_fact_ordenestrabajo_export.csv,2026-06-23T00:00:00,1489
WO001490,20250427,,A002,EQ0036,SV4,R025,WT2,P4,S2,57.54,41.01,False,False,CMMS,project_fact_ordenestrabajo_export.csv,2026-06-23T00:00:00,1490
WO001491,20250123,20250125,A005,EQ0037,SV3,R009,WT1,P2,S4,9.74,9.85,True,False,ServiceDesk,project_fact_ordenestrabajo_export.csv,2026-06-23T00:00:00,1491
WO001492,20250501,20250516,A003,EQ0040,SV2,R011,WT6,P4,S4,104.95,118.61,False,False,ServiceDesk,project_fact_ordenestrabajo_export.csv,2026-06-23T00:00:00,1492
WO001493,20250420,20250424,A003,EQ0022,SV6,R018,WT2,P2,S4,18.44,28.13,True,False,ERP,project_fact_ordenestrabajo_export.csv,2026-06-23T00:00:00,1493
WO001494,20250409,20250412,A003,EQ0033,SV3,R023,WT3,P2,S4,16.08,17.4,True,False,CMMS,project_fact_ordenestrabajo_export.csv,2026-06-23T00:00:00,1494
WO001495,20250226,20250317,A005,EQ0023,SV3,R004,WT1,P4,S4,62.84,147.37,False,False,ERP,project_fact_ordenestrabajo_export.csv,2026-06-23T00:00:00,1495
WO001496,20250508,20250511,A005,EQ0011,SV3,R010,WT2,P2,S4,18.44,16.19,True,False,CMMS,project_fact_ordenestrabajo_export.csv,2026-06-23T00:00:00,1496
WO001497,20250602,20250610,A004,EQ0013,SV4,R009,WT5,P3,S4,55.18,62.59,False,True,ServiceDesk,project_fact_ordenestrabajo_export.csv,2026-06-23T00:00:00,1497
WO001498,20250626,20250627,A004,EQ0029,SV7,R020,WT2,P1,S5,3.47,7.41,True,False,CMMS,project_fact_ordenestrabajo_export.csv,2026-06-23T00:00:00,1498
WO001499,20250227,,A003,EQ0040,SV8,R030,WT1,P3,S3,52.89,58.36,False,False,ERP,project_fact_ordenestrabajo_export.csv,2026-06-23T00:00:00,1499
WO001500,20250510,20250511,A005,EQ0032,SV3,R004,WT2,P1,S4,2.93,3.34,True,False,CMMS,project_fact_ordenestrabajo_export.csv,2026-06-23T00:00:00,1500
WO001501,20250417,20250429,A006,EQ0014,SV5,R015,WT2,P4,S4,64.22,90.2,False,False,ERP,project_fact_ordenestrabajo_export.csv,2026-06-23T00:00:00,1501
WO001502,20250504,20250505,A005,EQ0023,SV2,R008,WT2,P1,S4,5.82,7.23,True,False,ERP,project_fact_ordenestrabajo_export.csv,2026-06-23T00:00:00,1502
WO001503,20250403,20250422,A005,EQ0039,SV6,R009,WT2,P4,S4,100.88,150.77,False,True,CMMS,project_fact_ordenestrabajo_export.csv,2026-06-23T00:00:00,1503
WO001504,20250428,20250507,A001,EQ0010,SV1,R020,WT3,P3,S4,48.05,64.34,False,False,ERP,project_fact_ordenestrabajo_export.csv,2026-06-23T00:00:00,1504
WO001505,20250103,20250117,A005,EQ0021,SV5,R008,WT2,P3,S4,52.5,108.09,False,True,ERP,project_fact_ordenestrabajo_export.csv,2026-06-23T00:00:00,1505
WO001506,20250204,20250207,A003,EQ0025,SV7,R029,WT3,P3,S4,40.59,20.53,False,True,ServiceDesk,project_fact_ordenestrabajo_export.csv,2026-06-23T00:00:00,1506
WO001507,20250512,20250517,A005,EQ0017,SV4,R013,WT1,P3,S4,36.1,37.25,False,False,ServiceDesk,project_fact_ordenestrabajo_export.csv,2026-06-23T00:00:00,1507
WO001508,20250416,20250507,A002,EQ0036,SV3,R002,WT2,P3,S4,44.82,162.43,False,False,CMMS,project_fact_ordenestrabajo_export.csv,2026-06-23T00:00:00,1508
WO001509,20250603,20250607,A003,EQ0040,SV3,R022,WT4,P2,S4,15.96,31.15,True,False,ERP,project_fact_ordenestrabajo_export.csv,2026-06-23T00:00:00,1509
WO001510,20250519,20250520,A005,EQ0021,SV2,R030,WT6,P1,S4,6.08,6.3,True,False,ServiceDesk,project_fact_ordenestrabajo_export.csv,2026-06-23T00:00:00,1510
WO001511,20250119,20250121,A005,EQ0039,SV1,R013,WT3,P2,S4,8.5,8.92,True,False,ERP,project_fact_ordenestrabajo_export.csv,2026-06-23T00:00:00,1511
WO001512,20250517,,A005,EQ0037,SV3,R012,WT6,P3,S2,49.59,66.3,False,False,ERP,project_fact_ordenestrabajo_export.csv,2026-06-23T00:00:00,1512
WO001513,20250223,20250307,A004,EQ0013,SV8,R004,WT6,P3,S4,54.07,89.93,False,False,ServiceDesk,project_fact_ordenestrabajo_export.csv,2026-06-23T00:00:00,1513
WO001514,20250426,20250501,A002,EQ0015,SV1,R011,WT4,P2,S4,20.57,34.41,True,True,ERP,project_fact_ordenestrabajo_export.csv,2026-06-23T00:00:00,1514
WO001515,20250321,20250324,A005,EQ0017,SV4,R018,WT2,P3,S4,32.2,21.64,False,False,ServiceDesk,project_fact_ordenestrabajo_export.csv,2026-06-23T00:00:00,1515
WO001516,20250226,,A004,EQ0005,SV8,R013,WT5,P2,S2,13.31,15.26,True,False,CMMS,project_fact_ordenestrabajo_export.csv,2026-06-23T00:00:00,1516
WO001517,20250313,20250322,A005,EQ0039,SV7,R002,WT6,P4,S4,82.91,70.94,False,False,ERP,project_fact_ordenestrabajo_export.csv,2026-06-23T00:00:00,1517
WO001518,20250509,,A005,EQ0034,SV8,R017,WT3,P3,S1,62.77,77.77,False,False,ServiceDesk,project_fact_ordenestrabajo_export.csv,2026-06-23T00:00:00,1518
WO001519,20250221,20250309,A003,EQ0031,SV3,R019,WT3,P4,S4,103.44,127.22,False,False,ERP,project_fact_ordenestrabajo_export.csv,2026-06-23T00:00:00,1519
WO001520,20250513,20250515,A003,EQ0031,SV4,R023,WT1,P2,S4,14.06,13.64,True,False,ERP,project_fact_ordenestrabajo_export.csv,2026-06-23T00:00:00,1520
WO001521,20250506,,A005,EQ0011,SV2,R014,WT2,P3,S1,46.24,36.2,False,False,ERP,project_fact_ordenestrabajo_export.csv,2026-06-23T00:00:00,1521
WO001522,20250516,20250519,A001,EQ0020,SV1,R028,WT1,P2,S4,10.27,20.21,True,False,ERP,project_fact_ordenestrabajo_export.csv,2026-06-23T00:00:00,1522
WO001523,20250226,20250301,A001,EQ0007,SV2,R027,WT4,P2,S4,13.63,19.33,True,False,ServiceDesk,project_fact_ordenestrabajo_export.csv,2026-06-23T00:00:00,1523
WO001524,20250521,20250523,A006,EQ0019,SV6,R028,WT1,P2,S4,16.0,15.3,True,False,CMMS,project_fact_ordenestrabajo_export.csv,2026-06-23T00:00:00,1524
WO001525,20250605,20250607,A002,EQ0030,SV3,R022,WT2,P2,S4,16.28,8.61,True,False,ServiceDesk,project_fact_ordenestrabajo_export.csv,2026-06-23T00:00:00,1525
WO001526,20250403,,A001,EQ0026,SV5,R006,WT1,P1,S1,4.17,9.09,True,False,ServiceDesk,project_fact_ordenestrabajo_export.csv,2026-06-23T00:00:00,1526
WO001527,20250413,,A005,EQ0023,SV4,R016,WT2,P3,S2,34.58,28.47,False,False,ServiceDesk,project_fact_ordenestrabajo_export.csv,2026-06-23T00:00:00,1527
WO001528,20250227,,A004,EQ0012,SV3,R005,WT3,P2,S1,9.95,30.64,True,False,CMMS,project_fact_ordenestrabajo_export.csv,2026-06-23T00:00:00,1528
WO001529,20250621,20250624,A002,EQ0036,SV1,R013,WT3,P2,S4,16.5,20.69,True,False,CMMS,project_fact_ordenestrabajo_export.csv,2026-06-23T00:00:00,1529
WO001530,20250618,20250629,A005,EQ0018,SV5,R004,WT2,P4,S4,44.78,84.71,False,False,CMMS,project_fact_ordenestrabajo_export.csv,2026-06-23T00:00:00,1530
WO001531,20250519,20250520,A005,EQ0017,SV8,R003,WT1,P2,S4,11.9,7.7,True,True,ServiceDesk,project_fact_ordenestrabajo_export.csv,2026-06-23T00:00:00,1531
WO001532,20250622,20250625,A002,EQ0036,SV1,R013,WT5,P2,S4,16.54,16.66,True,False,ServiceDesk,project_fact_ordenestrabajo_export.csv,2026-06-23T00:00:00,1532
WO001533,20250105,,A003,EQ0022,SV6,R012,WT1,P3,S2,57.61,33.01,False,False,ServiceDesk,project_fact_ordenestrabajo_export.csv,2026-06-23T00:00:00,1533
WO001534,20250427,,A005,EQ0009,SV6,R008,WT1,P4,S2,47.73,77.75,False,True,ServiceDesk,project_fact_ordenestrabajo_export.csv,2026-06-23T00:00:00,1534
WO001535,20250414,,A002,EQ0030,SV5,R011,WT5,P2,S2,19.12,35.12,True,False,ERP,project_fact_ordenestrabajo_export.csv,2026-06-23T00:00:00,1535
WO001536,20250616,20250618,A001,EQ0026,SV3,R008,WT2,P2,S4,10.07,11.06,True,True,ERP,project_fact_ordenestrabajo_export.csv,2026-06-23T00:00:00,1536
WO001537,20250130,,A005,EQ0032,SV1,R027,WT3,P3,S1,34.51,32.04,False,False,CMMS,project_fact_ordenestrabajo_export.csv,2026-06-23T00:00:00,1537
WO001538,20250316,20250323,A005,EQ0018,SV1,R010,WT2,P4,S4,53.47,53.31,False,False,CMMS,project_fact_ordenestrabajo_export.csv,2026-06-23T00:00:00,1538
WO001539,20250203,,A001,EQ0010,SV6,R012,WT3,P3,S1,63.07,124.55,False,False,ServiceDesk,project_fact_ordenestrabajo_export.csv,2026-06-23T00:00:00,1539
WO001540,20250505,20250507,A005,EQ0023,SV3,R020,WT1,P2,S5,19.07,15.77,True,False,ServiceDesk,project_fact_ordenestrabajo_export.csv,2026-06-23T00:00:00,1540
WO001541,20250326,20250331,A006,EQ0024,SV2,R028,WT6,P3,S4,57.0,36.33,False,False,CMMS,project_fact_ordenestrabajo_export.csv,2026-06-23T00:00:00,1541
WO001542,20250619,20250626,A005,EQ0039,SV5,R007,WT4,P3,S4,57.25,55.77,False,False,ServiceDesk,project_fact_ordenestrabajo_export.csv,2026-06-23T00:00:00,1542
WO001543,20250609,20250613,A004,EQ0005,SV7,R023,WT2,P2,S4,17.51,26.17,True,False,ServiceDesk,project_fact_ordenestrabajo_export.csv,2026-06-23T00:00:00,1543
WO001544,20250614,20250618,A004,EQ0029,SV5,R004,WT3,P3,S4,36.46,24.4,False,True,ERP,project_fact_ordenestrabajo_export.csv,2026-06-23T00:00:00,1544
WO001545,20250127,20250129,A006,EQ0038,SV6,R025,WT6,P1,S4,5.12,9.21,True,False,ServiceDesk,project_fact_ordenestrabajo_export.csv,2026-06-23T00:00:00,1545
WO001546,20250419,20250501,A004,EQ0002,SV8,R007,WT1,P4,S4,52.72,95.58,False,False,ServiceDesk,project_fact_ordenestrabajo_export.csv,2026-06-23T00:00:00,1546
WO001547,20250118,20250119,A003,EQ0022,SV8,R027,WT6,P2,S4,11.54,5.09,True,False,CMMS,project_fact_ordenestrabajo_export.csv,2026-06-23T00:00:00,1547
WO001548,20250509,20250514,A004,EQ0008,SV5,R023,WT5,P3,S4,50.84,37.53,False,False,CMMS,project_fact_ordenestrabajo_export.csv,2026-06-23T00:00:00,1548
WO001549,20250629,,A005,EQ0018,SV4,R028,WT4,P1,S2,6.26,6.94,True,False,CMMS,project_fact_ordenestrabajo_export.csv,2026-06-23T00:00:00,1549
WO001550,20250126,,A006,EQ0038,SV1,R025,WT4,P2,S2,15.99,11.03,True,False,ServiceDesk,project_fact_ordenestrabajo_export.csv,2026-06-23T00:00:00,1550
WO001551,20250605,20250609,A004,EQ0003,SV8,R012,WT1,P4,S4,85.31,31.79,False,False,ERP,project_fact_ordenestrabajo_export.csv,2026-06-23T00:00:00,1551
WO001552,20250101,20250108,A003,EQ0001,SV5,R013,WT1,P3,S4,44.31,55.2,False,False,CMMS,project_fact_ordenestrabajo_export.csv,2026-06-23T00:00:00,1552
WO001553,20250612,20250616,A003,EQ0022,SV1,R009,WT2,P2,S4,21.04,25.46,True,False,ERP,project_fact_ordenestrabajo_export.csv,2026-06-23T00:00:00,1553
WO001554,20250405,,A001,EQ0026,SV8,R002,WT2,P1,S3,5.69,2.67,True,False,ServiceDesk,project_fact_ordenestrabajo_export.csv,2026-06-23T00:00:00,1554
WO001555,20250610,,A004,EQ0008,SV5,R030,WT3,P2,S1,16.56,28.07,True,True,ServiceDesk,project_fact_ordenestrabajo_export.csv,2026-06-23T00:00:00,1555
WO001556,20250524,20250529,A003,EQ0035,SV8,R030,WT1,P3,S4,55.52,35.0,False,True,ServiceDesk,project_fact_ordenestrabajo_export.csv,2026-06-23T00:00:00,1556
WO001557,20250424,,A006,EQ0014,SV5,R006,WT3,P2,S1,12.4,10.76,True,False,ERP,project_fact_ordenestrabajo_export.csv,2026-06-23T00:00:00,1557
WO001558,20250508,,A001,EQ0010,SV4,R020,WT1,P2,S2,12.11,45.98,True,False,ServiceDesk,project_fact_ordenestrabajo_export.csv,2026-06-23T00:00:00,1558
WO001559,20250407,20250430,A001,EQ0010,SV4,R003,WT3,P4,S4,79.82,178.87,False,False,CMMS,project_fact_ordenestrabajo_export.csv,2026-06-23T00:00:00,1559
WO001560,20250515,20250517,A003,EQ0031,SV5,R006,WT2,P2,S4,16.76,10.65,True,False,CMMS,project_fact_ordenestrabajo_export.csv,2026-06-23T00:00:00,1560
WO001561,20250507,20250516,A005,EQ0021,SV8,R004,WT5,P3,S5,61.73,66.61,False,False,CMMS,project_fact_ordenestrabajo_export.csv,2026-06-23T00:00:00,1561
WO001562,20250630,20250630,A001,EQ0026,SV6,R008,WT2,P4,S4,97.79,149.04,False,False,ERP,project_fact_ordenestrabajo_export.csv,2026-06-23T00:00:00,1562
WO001563,20250313,20250318,A005,EQ0021,SV2,R030,WT1,P3,S4,54.07,35.59,False,False,ServiceDesk,project_fact_ordenestrabajo_export.csv,2026-06-23T00:00:00,1563
WO001564,20250606,20250610,A006,EQ0014,SV8,R007,WT6,P2,S4,19.6,28.52,True,False,ERP,project_fact_ordenestrabajo_export.csv,2026-06-23T00:00:00,1564
WO001565,20250302,,A004,EQ0002,SV5,R014,WT2,P1,S3,5.73,8.54,True,False,ServiceDesk,project_fact_ordenestrabajo_export.csv,2026-06-23T00:00:00,1565
WO001566,20250327,,A001,EQ0026,SV6,R018,WT3,P4,S3,81.48,112.1,False,False,CMMS,project_fact_ordenestrabajo_export.csv,2026-06-23T00:00:00,1566
WO001567,20250311,,A001,EQ0026,SV1,R014,WT1,P2,S2,18.3,29.17,True,True,CMMS,project_fact_ordenestrabajo_export.csv,2026-06-23T00:00:00,1567
WO001568,20250222,,A001,EQ0026,SV7,R023,WT1,P3,S1,53.99,69.29,False,True,ServiceDesk,project_fact_ordenestrabajo_export.csv,2026-06-23T00:00:00,1568
WO001569,20250419,20250426,A005,EQ0006,SV3,R007,WT2,P3,S4,37.27,52.1,False,False,CMMS,project_fact_ordenestrabajo_export.csv,2026-06-23T00:00:00,1569
WO001570,20250109,20250116,A006,EQ0024,SV2,R005,WT4,P3,S4,39.16,49.1,False,True,ServiceDesk,project_fact_ordenestrabajo_export.csv,2026-06-23T00:00:00,1570
WO001571,20250625,20250630,A005,EQ0032,SV8,R021,WT5,P3,S5,62.17,92.52,False,False,CMMS,project_fact_ordenestrabajo_export.csv,2026-06-23T00:00:00,1571
WO001572,20250525,20250529,A002,EQ0036,SV3,R012,WT4,P2,S5,19.41,25.0,True,False,ServiceDesk,project_fact_ordenestrabajo_export.csv,2026-06-23T00:00:00,1572
WO001573,20250516,,A005,EQ0039,SV1,R010,WT2,P2,S3,16.55,16.48,True,False,ERP,project_fact_ordenestrabajo_export.csv,2026-06-23T00:00:00,1573
WO001574,20250328,,A002,EQ0015,SV1,R030,WT2,P3,S1,55.49,75.61,False,False,ERP,project_fact_ordenestrabajo_export.csv,2026-06-23T00:00:00,1574
WO001575,20250629,20250630,A004,EQ0005,SV2,R014,WT1,P3,S4,41.46,35.92,False,False,CMMS,project_fact_ordenestrabajo_export.csv,2026-06-23T00:00:00,1575
WO001576,20250220,20250225,A005,EQ0006,SV3,R002,WT1,P3,S4,53.05,38.84,False,False,ERP,project_fact_ordenestrabajo_export.csv,2026-06-23T00:00:00,1576
WO001577,20250213,,A005,EQ0011,SV6,R026,WT2,P3,S3,55.83,59.02,False,False,ServiceDesk,project_fact_ordenestrabajo_export.csv,2026-06-23T00:00:00,1577
WO001578,20250207,20250209,A005,EQ0023,SV2,R008,WT1,P2,S4,12.64,14.57,True,True,ServiceDesk,project_fact_ordenestrabajo_export.csv,2026-06-23T00:00:00,1578
WO001579,20250312,20250320,A006,EQ0027,SV2,R001,WT2,P3,S4,58.35,61.95,False,False,ERP,project_fact_ordenestrabajo_export.csv,2026-06-23T00:00:00,1579
WO001580,20250324,20250331,A003,EQ0040,SV2,R009,WT2,P4,S4,87.96,53.85,False,False,ServiceDesk,project_fact_ordenestrabajo_export.csv,2026-06-23T00:00:00,1580
WO001581,20250115,,A002,EQ0036,SV2,R011,WT2,P3,S2,63.22,102.65,False,True,ERP,project_fact_ordenestrabajo_export.csv,2026-06-23T00:00:00,1581
WO001582,20250528,20250602,A003,EQ0001,SV1,R030,WT2,P3,S4,63.55,33.01,False,True,ERP,project_fact_ordenestrabajo_export.csv,2026-06-23T00:00:00,1582
WO001583,20250402,20250412,A006,EQ0024,SV4,R013,WT2,P3,S4,56.05,79.96,False,False,CMMS,project_fact_ordenestrabajo_export.csv,2026-06-23T00:00:00,1583
WO001584,20250307,20250313,A006,EQ0019,SV1,R014,WT3,P3,S4,49.1,41.77,False,False,ServiceDesk,project_fact_ordenestrabajo_export.csv,2026-06-23T00:00:00,1584
WO001585,20250122,20250127,A003,EQ0035,SV6,R007,WT6,P3,S4,25.97,35.28,False,False,ServiceDesk,project_fact_ordenestrabajo_export.csv,2026-06-23T00:00:00,1585
WO001586,20250601,20250602,A005,EQ0018,SV7,R012,WT4,P2,S4,8.59,6.21,True,False,ServiceDesk,project_fact_ordenestrabajo_export.csv,2026-06-23T00:00:00,1586
WO001587,20250514,,A006,EQ0019,SV3,R004,WT6,P2,S1,10.52,26.18,True,True,ServiceDesk,project_fact_ordenestrabajo_export.csv,2026-06-23T00:00:00,1587
WO001588,20250613,20250614,A003,EQ0035,SV1,R028,WT2,P1,S4,6.0,5.56,True,False,ServiceDesk,project_fact_ordenestrabajo_export.csv,2026-06-23T00:00:00,1588
WO001589,20250603,20250604,A004,EQ0005,SV7,R017,WT2,P2,S5,8.52,6.2,True,False,ServiceDesk,project_fact_ordenestrabajo_export.csv,2026-06-23T00:00:00,1589
WO001590,20250310,,A005,EQ0037,SV5,R005,WT1,P3,S2,54.98,72.76,False,False,ERP,project_fact_ordenestrabajo_export.csv,2026-06-23T00:00:00,1590
WO001591,20250529,,A005,EQ0034,SV2,R002,WT1,P3,S3,33.77,77.42,False,False,ServiceDesk,project_fact_ordenestrabajo_export.csv,2026-06-23T00:00:00,1591
WO001592,20250224,,A005,EQ0006,SV6,R001,WT1,P2,S2,17.92,24.0,True,False,CMMS,project_fact_ordenestrabajo_export.csv,2026-06-23T00:00:00,1592
WO001593,20250603,,A005,EQ0032,SV6,R030,WT1,P2,S2,9.14,18.15,True,False,CMMS,project_fact_ordenestrabajo_export.csv,2026-06-23T00:00:00,1593
WO001594,20250610,,A005,EQ0009,SV8,R012,WT3,P1,S2,4.61,8.73,True,True,CMMS,project_fact_ordenestrabajo_export.csv,2026-06-23T00:00:00,1594
WO001595,20250317,20250322,A001,EQ0028,SV8,R021,WT3,P3,S4,33.6,37.29,False,False,ServiceDesk,project_fact_ordenestrabajo_export.csv,2026-06-23T00:00:00,1595
WO001596,20250126,20250205,A001,EQ0007,SV6,R021,WT3,P3,S4,64.74,79.23,False,False,CMMS,project_fact_ordenestrabajo_export.csv,2026-06-23T00:00:00,1596
WO001597,20250521,,A005,EQ0011,SV6,R016,WT3,P2,S2,13.67,17.05,True,False,ServiceDesk,project_fact_ordenestrabajo_export.csv,2026-06-23T00:00:00,1597
WO001598,20250629,20250630,A006,EQ0038,SV1,R010,WT1,P2,S4,18.76,15.98,True,False,ServiceDesk,project_fact_ordenestrabajo_export.csv,2026-06-23T00:00:00,1598
WO001599,20250204,20250215,A006,EQ0024,SV3,R025,WT1,P4,S4,60.04,85.11,False,False,ServiceDesk,project_fact_ordenestrabajo_export.csv,2026-06-23T00:00:00,1599
WO001600,20250401,,A004,EQ0029,SV7,R006,WT5,P3,S2,61.24,44.92,False,False,ERP,project_fact_ordenestrabajo_export.csv,2026-06-23T00:00:00,1600
WO001601,20250324,,A006,EQ0038,SV3,R012,WT1,P3,S3,35.4,19.93,False,True,CMMS,project_fact_ordenestrabajo_export.csv,2026-06-23T00:00:00,1601
WO001602,20250607,,A005,EQ0018,SV3,R029,WT1,P3,S2,52.52,98.82,False,False,ServiceDesk,project_fact_ordenestrabajo_export.csv,2026-06-23T00:00:00,1602
WO001603,20250406,20250407,A002,EQ0030,SV1,R013,WT2,P1,S4,3.09,6.3,True,False,ERP,project_fact_ordenestrabajo_export.csv,2026-06-23T00:00:00,1603
WO001604,20250206,20250216,A004,EQ0013,SV7,R015,WT1,P3,S4,62.34,79.2,False,False,ServiceDesk,project_fact_ordenestrabajo_export.csv,2026-06-23T00:00:00,1604
WO001605,20250324,,A001,EQ0007,SV3,R013,WT3,P4,S2,107.74,144.45,False,False,CMMS,project_fact_ordenestrabajo_export.csv,2026-06-23T00:00:00,1605
WO001606,20250328,20250330,A003,EQ0001,SV1,R027,WT4,P2,S4,18.92,12.87,True,False,ServiceDesk,project_fact_ordenestrabajo_export.csv,2026-06-23T00:00:00,1606
WO001607,20250525,20250529,A003,EQ0031,SV6,R010,WT4,P2,S4,17.39,26.75,True,True,ERP,project_fact_ordenestrabajo_export.csv,2026-06-23T00:00:00,1607
WO001608,20250226,,A005,EQ0017,SV2,R004,WT5,P3,S2,50.72,69.53,False,False,ServiceDesk,project_fact_ordenestrabajo_export.csv,2026-06-23T00:00:00,1608
WO001609,20250524,,A001,EQ0010,SV5,R018,WT1,P4,S2,52.78,99.0,False,True,CMMS,project_fact_ordenestrabajo_export.csv,2026-06-23T00:00:00,1609
WO001610,20250228,20250303,A005,EQ0009,SV8,R016,WT1,P3,S4,29.34,22.12,False,False,CMMS,project_fact_ordenestrabajo_export.csv,2026-06-23T00:00:00,1610
WO001611,20250227,,A002,EQ0030,SV8,R004,WT2,P2,S2,15.53,11.27,True,False,ServiceDesk,project_fact_ordenestrabajo_export.csv,2026-06-23T00:00:00,1611
WO001612,20250610,,A005,EQ0018,SV2,R007,WT4,P4,S1,83.67,58.41,False,False,CMMS,project_fact_ordenestrabajo_export.csv,2026-06-23T00:00:00,1612
WO001613,20250526,,A005,EQ0032,SV8,R013,WT1,P2,S2,15.54,19.88,True,False,ERP,project_fact_ordenestrabajo_export.csv,2026-06-23T00:00:00,1613
WO001614,20250605,20250606,A001,EQ0010,SV3,R020,WT6,P1,S5,6.49,7.08,True,False,ServiceDesk,project_fact_ordenestrabajo_export.csv,2026-06-23T00:00:00,1614
WO001615,20250425,20250427,A006,EQ0019,SV5,R009,WT1,P2,S4,11.93,13.28,True,False,CMMS,project_fact_ordenestrabajo_export.csv,2026-06-23T00:00:00,1615
WO001616,20250322,20250329,A003,EQ0001,SV7,R002,WT6,P4,S4,66.48,53.59,False,False,ServiceDesk,project_fact_ordenestrabajo_export.csv,2026-06-23T00:00:00,1616
WO001617,20250101,,A004,EQ0002,SV1,R022,WT1,P4,S1,100.76,123.1,False,False,CMMS,project_fact_ordenestrabajo_export.csv,2026-06-23T00:00:00,1617
WO001618,20250408,20250412,A005,EQ0011,SV6,R015,WT5,P3,S4,40.97,24.82,False,False,ERP,project_fact_ordenestrabajo_export.csv,2026-06-23T00:00:00,1618
WO001619,20250208,20250215,A006,EQ0038,SV7,R001,WT5,P3,S4,51.84,53.01,False,False,CMMS,project_fact_ordenestrabajo_export.csv,2026-06-23T00:00:00,1619
WO001620,20250518,,A005,EQ0009,SV2,R004,WT6,P4,S4,65.17,58.44,False,False,ServiceDesk,project_fact_ordenestrabajo_export.csv,2026-06-23T00:00:00,1620
WO001621,20250611,20250621,A005,EQ0023,SV6,R024,WT2,P4,S4,83.57,77.29,False,False,ServiceDesk,project_fact_ordenestrabajo_export.csv,2026-06-23T00:00:00,1621
WO001622,20250323,,A005,EQ0034,SV8,R023,WT1,P2,S2,16.07,10.34,True,False,ServiceDesk,project_fact_ordenestrabajo_export.csv,2026-06-23T00:00:00,1622
WO001623,20250214,20250218,A003,EQ0033,SV3,R011,WT3,P3,S4,33.31,28.16,False,False,ServiceDesk,project_fact_ordenestrabajo_export.csv,2026-06-23T00:00:00,1623
WO001624,20250629,,A005,EQ0006,SV6,R008,WT1,P2,S1,15.71,22.45,True,False,ServiceDesk,project_fact_ordenestrabajo_export.csv,2026-06-23T00:00:00,1624
WO001625,20250322,,A005,EQ0009,SV2,R005,WT4,P2,S1,19.51,38.65,True,False,ServiceDesk,project_fact_ordenestrabajo_export.csv,2026-06-23T00:00:00,1625
WO001626,20250420,20250502,A003,EQ0001,SV4,R002,WT2,P3,S4,61.08,94.71,False,False,CMMS,project_fact_ordenestrabajo_export.csv,2026-06-23T00:00:00,1626
WO001627,20250614,20250617,A004,EQ0012,SV6,R015,WT2,P2,S4,11.98,17.83,True,False,ServiceDesk,project_fact_ordenestrabajo_export.csv,2026-06-23T00:00:00,1627
WO001628,20250214,20250218,A001,EQ0026,SV3,R005,WT6,P2,S4,15.51,26.44,True,False,CMMS,project_fact_ordenestrabajo_export.csv,2026-06-23T00:00:00,1628
WO001629,20250317,,A003,EQ0040,SV1,R003,WT1,P1,S2,6.4,2.31,True,False,ERP,project_fact_ordenestrabajo_export.csv,2026-06-23T00:00:00,1629
WO001630,20250216,,A005,EQ0018,SV2,R004,WT4,P4,S2,83.72,61.87,False,False,CMMS,project_fact_ordenestrabajo_export.csv,2026-06-23T00:00:00,1630
WO001631,20250208,20250213,A003,EQ0031,SV3,R022,WT2,P3,S4,33.04,36.22,False,False,ERP,project_fact_ordenestrabajo_export.csv,2026-06-23T00:00:00,1631
WO001632,20250623,,A005,EQ0006,SV7,R020,WT5,P2,S2,15.79,16.07,True,True,ERP,project_fact_ordenestrabajo_export.csv,2026-06-23T00:00:00,1632
WO001633,20250426,20250501,A004,EQ0004,SV8,R001,WT2,P3,S4,26.49,38.01,False,False,ServiceDesk,project_fact_ordenestrabajo_export.csv,2026-06-23T00:00:00,1633
WO001634,20250401,20250405,A006,EQ0024,SV8,R017,WT2,P3,S4,32.52,29.03,False,False,ERP,project_fact_ordenestrabajo_export.csv,2026-06-23T00:00:00,1634
WO001635,20250531,,A005,EQ0011,SV4,R018,WT2,P3,S3,56.83,148.57,False,False,ServiceDesk,project_fact_ordenestrabajo_export.csv,2026-06-23T00:00:00,1635
WO001636,20250320,20250321,A002,EQ0036,SV5,R008,WT2,P2,S4,9.89,7.78,True,False,CMMS,project_fact_ordenestrabajo_export.csv,2026-06-23T00:00:00,1636
WO001637,20250530,20250531,A005,EQ0009,SV2,R026,WT3,P1,S4,5.74,7.94,True,False,ServiceDesk,project_fact_ordenestrabajo_export.csv,2026-06-23T00:00:00,1637
WO001638,20250629,20250630,A003,EQ0031,SV8,R023,WT3,P1,S4,5.46,7.02,True,False,ERP,project_fact_ordenestrabajo_export.csv,2026-06-23T00:00:00,1638
WO001639,20250624,,A005,EQ0032,SV6,R028,WT1,P4,S2,62.03,53.53,False,False,ServiceDesk,project_fact_ordenestrabajo_export.csv,2026-06-23T00:00:00,1639
WO001640,20250213,,A003,EQ0033,SV7,R024,WT2,P3,S2,52.2,15.98,False,False,CMMS,project_fact_ordenestrabajo_export.csv,2026-06-23T00:00:00,1640
WO001641,20250124,,A005,EQ0009,SV7,R012,WT2,P2,S2,10.82,28.43,True,False,ServiceDesk,project_fact_ordenestrabajo_export.csv,2026-06-23T00:00:00,1641
WO001642,20250226,20250228,A002,EQ0030,SV6,R002,WT4,P3,S5,32.22,15.07,False,False,CMMS,project_fact_ordenestrabajo_export.csv,2026-06-23T00:00:00,1642
WO001643,20250610,20250613,A004,EQ0002,SV5,R017,WT4,P2,S4,19.15,20.04,True,False,ERP,project_fact_ordenestrabajo_export.csv,2026-06-23T00:00:00,1643
WO001644,20250313,,A005,EQ0011,SV7,R003,WT3,P2,S2,20.27,25.01,True,False,CMMS,project_fact_ordenestrabajo_export.csv,2026-06-23T00:00:00,1644
WO001645,20250225,20250309,A004,EQ0012,SV1,R009,WT1,P4,S4,103.59,94.46,False,False,ERP,project_fact_ordenestrabajo_export.csv,2026-06-23T00:00:00,1645
WO001646,20250131,,A005,EQ0021,SV3,R011,WT1,P4,S2,46.43,53.5,False,False,CMMS,project_fact_ordenestrabajo_export.csv,2026-06-23T00:00:00,1646
WO001647,20250106,20250108,A006,EQ0027,SV6,R027,WT2,P2,S4,12.28,10.68,True,False,ServiceDesk,project_fact_ordenestrabajo_export.csv,2026-06-23T00:00:00,1647
WO001648,20250125,20250130,A005,EQ0018,SV7,R013,WT2,P4,S4,96.27,37.92,False,False,ERP,project_fact_ordenestrabajo_export.csv,2026-06-23T00:00:00,1648
WO001649,20250416,20250422,A006,EQ0019,SV5,R004,WT2,P3,S4,43.53,40.38,False,False,CMMS,project_fact_ordenestrabajo_export.csv,2026-06-23T00:00:00,1649
WO001650,20250606,20250613,A005,EQ0011,SV4,R027,WT2,P3,S4,39.09,50.53,False,False,CMMS,project_fact_ordenestrabajo_export.csv,2026-06-23T00:00:00,1650
WO001651,20250310,20250322,A005,EQ0009,SV2,R015,WT1,P4,S4,97.84,89.39,False,False,ERP,project_fact_ordenestrabajo_export.csv,2026-06-23T00:00:00,1651
WO001652,20250610,20250613,A003,EQ0040,SV2,R001,WT2,P2,S5,19.01,23.09,True,False,ERP,project_fact_ordenestrabajo_export.csv,2026-06-23T00:00:00,1652
WO001653,20250623,,A004,EQ0002,SV1,R003,WT6,P1,S3,3.8,3.04,True,True,ERP,project_fact_ordenestrabajo_export.csv,2026-06-23T00:00:00,1653
WO001654,20250311,20250313,A005,EQ0032,SV1,R013,WT2,P2,S5,12.74,10.95,True,False,ERP,project_fact_ordenestrabajo_export.csv,2026-06-23T00:00:00,1654
WO001655,20250213,20250218,A005,EQ0032,SV1,R030,WT1,P2,S4,14.69,34.22,True,False,CMMS,project_fact_ordenestrabajo_export.csv,2026-06-23T00:00:00,1655
WO001656,20250409,20250412,A005,EQ0034,SV5,R028,WT2,P2,S4,13.04,19.06,True,False,CMMS,project_fact_ordenestrabajo_export.csv,2026-06-23T00:00:00,1656
WO001657,20250608,20250610,A002,EQ0036,SV1,R002,WT3,P2,S4,21.45,15.09,True,False,ERP,project_fact_ordenestrabajo_export.csv,2026-06-23T00:00:00,1657
WO001658,20250520,20250521,A005,EQ0011,SV7,R003,WT2,P1,S4,3.57,3.71,True,False,CMMS,project_fact_ordenestrabajo_export.csv,2026-06-23T00:00:00,1658
WO001659,20250414,20250510,A006,EQ0014,SV8,R006,WT6,P4,S4,101.87,203.33,False,False,ServiceDesk,project_fact_ordenestrabajo_export.csv,2026-06-23T00:00:00,1659
WO001660,20250214,20250217,A004,EQ0002,SV4,R028,WT1,P2,S4,17.51,16.72,True,False,ERP,project_fact_ordenestrabajo_export.csv,2026-06-23T00:00:00,1660
WO001661,20250528,20250604,A006,EQ0019,SV1,R016,WT2,P3,S4,62.71,52.14,False,False,ERP,project_fact_ordenestrabajo_export.csv,2026-06-23T00:00:00,1661
WO001662,20250604,20250607,A006,EQ0024,SV5,R026,WT2,P2,S4,13.32,22.28,True,False,CMMS,project_fact_ordenestrabajo_export.csv,2026-06-23T00:00:00,1662
WO001663,20250122,20250130,A006,EQ0027,SV7,R013,WT2,P4,S4,66.92,61.64,False,False,ERP,project_fact_ordenestrabajo_export.csv,2026-06-23T00:00:00,1663
WO001664,20250525,,A004,EQ0002,SV6,R013,WT1,P3,S3,58.03,148.37,False,False,ServiceDesk,project_fact_ordenestrabajo_export.csv,2026-06-23T00:00:00,1664
WO001665,20250320,20250328,A006,EQ0019,SV3,R010,WT6,P3,S4,60.64,63.16,False,False,ServiceDesk,project_fact_ordenestrabajo_export.csv,2026-06-23T00:00:00,1665
WO001666,20250306,20250308,A004,EQ0012,SV6,R021,WT3,P2,S4,13.41,12.35,True,False,ERP,project_fact_ordenestrabajo_export.csv,2026-06-23T00:00:00,1666
WO001667,20250217,20250310,A004,EQ0002,SV4,R020,WT1,P4,S4,49.15,167.33,False,False,ServiceDesk,project_fact_ordenestrabajo_export.csv,2026-06-23T00:00:00,1667
WO001668,20250522,,A006,EQ0024,SV6,R022,WT4,P2,S1,19.22,17.72,True,False,CMMS,project_fact_ordenestrabajo_export.csv,2026-06-23T00:00:00,1668
WO001669,20250505,20250518,A004,EQ0004,SV6,R011,WT2,P3,S4,50.91,99.2,False,False,ERP,project_fact_ordenestrabajo_export.csv,2026-06-23T00:00:00,1669
WO001670,20250312,20250323,A005,EQ0037,SV8,R004,WT3,P3,S4,40.06,80.08,False,False,CMMS,project_fact_ordenestrabajo_export.csv,2026-06-23T00:00:00,1670
WO001671,20250405,20250408,A005,EQ0011,SV4,R018,WT2,P2,S4,15.83,21.02,True,False,ServiceDesk,project_fact_ordenestrabajo_export.csv,2026-06-23T00:00:00,1671
WO001672,20250212,20250214,A005,EQ0011,SV5,R028,WT4,P2,S4,9.85,10.63,True,False,ERP,project_fact_ordenestrabajo_export.csv,2026-06-23T00:00:00,1672
WO001673,20250225,20250226,A005,EQ0021,SV7,R004,WT2,P1,S4,3.75,3.72,True,False,ServiceDesk,project_fact_ordenestrabajo_export.csv,2026-06-23T00:00:00,1673
WO001674,20250323,,A005,EQ0032,SV2,R005,WT1,P3,S2,40.41,36.24,False,False,ERP,project_fact_ordenestrabajo_export.csv,2026-06-23T00:00:00,1674
WO001675,20250416,20250427,A004,EQ0002,SV7,R016,WT3,P4,S4,96.85,86.64,False,False,CMMS,project_fact_ordenestrabajo_export.csv,2026-06-23T00:00:00,1675
WO001676,20250113,20250118,A002,EQ0030,SV7,R022,WT4,P2,S4,19.68,37.65,True,False,CMMS,project_fact_ordenestrabajo_export.csv,2026-06-23T00:00:00,1676
WO001677,20250128,20250202,A003,EQ0033,SV7,R023,WT3,P3,S4,54.86,34.76,False,False,ERP,project_fact_ordenestrabajo_export.csv,2026-06-23T00:00:00,1677
WO001678,20250322,20250325,A005,EQ0032,SV1,R012,WT5,P2,S4,11.39,16.4,True,False,ERP,project_fact_ordenestrabajo_export.csv,2026-06-23T00:00:00,1678
WO001679,20250528,,A005,EQ0023,SV5,R020,WT6,P4,S3,84.33,104.63,False,True,ERP,project_fact_ordenestrabajo_export.csv,2026-06-23T00:00:00,1679
WO001680,20250322,,A005,EQ0011,SV7,R007,WT3,P3,S2,43.28,36.48,False,False,ERP,project_fact_ordenestrabajo_export.csv,2026-06-23T00:00:00,1680
WO001681,20250312,20250326,A002,EQ0015,SV5,R009,WT2,P4,S5,87.95,109.26,False,False,CMMS,project_fact_ordenestrabajo_export.csv,2026-06-23T00:00:00,1681
WO001682,20250111,,A005,EQ0021,SV5,R009,WT2,P3,S3,39.38,25.82,False,True,ERP,project_fact_ordenestrabajo_export.csv,2026-06-23T00:00:00,1682
WO001683,20250228,20250313,A003,EQ0022,SV2,R011,WT4,P3,S4,62.52,102.09,False,False,ERP,project_fact_ordenestrabajo_export.csv,2026-06-23T00:00:00,1683
WO001684,20250528,20250610,A004,EQ0005,SV4,R030,WT2,P3,S4,54.69,102.61,False,True,ERP,project_fact_ordenestrabajo_export.csv,2026-06-23T00:00:00,1684
WO001685,20250504,,A004,EQ0003,SV7,R010,WT3,P2,S2,17.64,33.07,True,False,ERP,project_fact_ordenestrabajo_export.csv,2026-06-23T00:00:00,1685
WO001686,20250506,,A006,EQ0014,SV4,R025,WT2,P1,S1,4.33,10.9,True,False,ERP,project_fact_ordenestrabajo_export.csv,2026-06-23T00:00:00,1686
WO001687,20250611,20250619,A005,EQ0018,SV7,R024,WT3,P3,S4,47.36,62.37,False,False,ServiceDesk,project_fact_ordenestrabajo_export.csv,2026-06-23T00:00:00,1687
WO001688,20250325,20250403,A001,EQ0010,SV5,R024,WT2,P3,S4,29.98,71.33,False,False,CMMS,project_fact_ordenestrabajo_export.csv,2026-06-23T00:00:00,1688
WO001689,20250130,,A001,EQ0028,SV2,R023,WT1,P1,S2,5.05,8.8,True,False,CMMS,project_fact_ordenestrabajo_export.csv,2026-06-23T00:00:00,1689
WO001690,20250426,,A004,EQ0008,SV4,R030,WT4,P3,S2,48.85,31.04,False,False,ServiceDesk,project_fact_ordenestrabajo_export.csv,2026-06-23T00:00:00,1690
WO001691,20250124,,A001,EQ0010,SV2,R019,WT3,P3,S2,32.05,40.8,False,False,ERP,project_fact_ordenestrabajo_export.csv,2026-06-23T00:00:00,1691
WO001692,20250207,,A005,EQ0006,SV5,R008,WT2,P3,S3,38.21,23.83,False,False,ERP,project_fact_ordenestrabajo_export.csv,2026-06-23T00:00:00,1692
WO001693,20250423,,A004,EQ0005,SV1,R012,WT1,P4,S1,59.18,49.02,False,False,ServiceDesk,project_fact_ordenestrabajo_export.csv,2026-06-23T00:00:00,1693
WO001694,20250421,20250427,A004,EQ0029,SV7,R009,WT5,P3,S4,57.88,45.66,False,False,ERP,project_fact_ordenestrabajo_export.csv,2026-06-23T00:00:00,1694
WO001695,20250127,20250129,A002,EQ0030,SV3,R016,WT2,P2,S4,14.77,12.37,True,True,CMMS,project_fact_ordenestrabajo_export.csv,2026-06-23T00:00:00,1695
WO001696,20250430,,A005,EQ0011,SV6,R007,WT1,P1,S1,6.33,3.22,True,True,ServiceDesk,project_fact_ordenestrabajo_export.csv,2026-06-23T00:00:00,1696
WO001697,20250214,20250222,A004,EQ0029,SV4,R015,WT5,P4,S4,90.83,57.22,False,False,ServiceDesk,project_fact_ordenestrabajo_export.csv,2026-06-23T00:00:00,1697
WO001698,20250422,20250425,A003,EQ0033,SV6,R007,WT2,P2,S4,10.95,16.84,True,False,ServiceDesk,project_fact_ordenestrabajo_export.csv,2026-06-23T00:00:00,1698
WO001699,20250619,20250630,A004,EQ0008,SV4,R010,WT2,P3,S4,55.55,95.88,False,False,CMMS,project_fact_ordenestrabajo_export.csv,2026-06-23T00:00:00,1699
WO001700,20250410,20250417,A006,EQ0027,SV2,R004,WT4,P3,S4,31.05,52.2,False,False,ERP,project_fact_ordenestrabajo_export.csv,2026-06-23T00:00:00,1700
WO001701,20250318,20250406,A006,EQ0014,SV5,R027,WT2,P4,S4,98.68,150.78,False,False,ERP,project_fact_ordenestrabajo_export.csv,2026-06-23T00:00:00,1701
WO001702,20250321,20250323,A003,EQ0040,SV4,R013,WT3,P2,S4,15.44,15.3,True,False,ERP,project_fact_ordenestrabajo_export.csv,2026-06-23T00:00:00,1702
WO001703,20250213,20250227,A005,EQ0016,SV8,R028,WT3,P4,S4,82.59,107.52,False,False,CMMS,project_fact_ordenestrabajo_export.csv,2026-06-23T00:00:00,1703
WO001704,20250508,20250523,A001,EQ0007,SV6,R025,WT1,P3,S5,49.67,114.87,False,False,CMMS,project_fact_ordenestrabajo_export.csv,2026-06-23T00:00:00,1704
WO001705,20250118,20250127,A005,EQ0032,SV3,R029,WT2,P4,S4,99.72,67.4,False,False,ServiceDesk,project_fact_ordenestrabajo_export.csv,2026-06-23T00:00:00,1705
WO001706,20250406,,A005,EQ0011,SV5,R016,WT3,P4,S2,52.48,30.49,False,False,ERP,project_fact_ordenestrabajo_export.csv,2026-06-23T00:00:00,1706
WO001707,20250121,20250124,A006,EQ0019,SV6,R016,WT4,P3,S4,27.8,21.27,False,False,ERP,project_fact_ordenestrabajo_export.csv,2026-06-23T00:00:00,1707
WO001708,20250107,20250116,A003,EQ0001,SV6,R024,WT5,P4,S4,84.83,69.07,False,False,ServiceDesk,project_fact_ordenestrabajo_export.csv,2026-06-23T00:00:00,1708
WO001709,20250424,,A003,EQ0033,SV4,R008,WT3,P2,S2,14.04,3.5,True,False,ServiceDesk,project_fact_ordenestrabajo_export.csv,2026-06-23T00:00:00,1709
WO001710,20250501,20250502,A002,EQ0015,SV1,R026,WT3,P1,S4,3.53,3.25,True,False,CMMS,project_fact_ordenestrabajo_export.csv,2026-06-23T00:00:00,1710
WO001711,20250103,20250114,A004,EQ0013,SV4,R017,WT2,P3,S4,54.43,81.1,False,False,ServiceDesk,project_fact_ordenestrabajo_export.csv,2026-06-23T00:00:00,1711
WO001712,20250411,20250413,A005,EQ0017,SV3,R029,WT6,P2,S4,15.59,14.68,True,False,ERP,project_fact_ordenestrabajo_export.csv,2026-06-23T00:00:00,1712
WO001713,20250221,20250305,A005,EQ0006,SV3,R007,WT1,P3,S5,53.47,94.35,False,False,ServiceDesk,project_fact_ordenestrabajo_export.csv,2026-06-23T00:00:00,1713
WO001714,20250501,20250515,A005,EQ0032,SV7,R028,WT1,P3,S4,54.47,105.54,False,False,ServiceDesk,project_fact_ordenestrabajo_export.csv,2026-06-23T00:00:00,1714
WO001715,20250408,20250410,A001,EQ0007,SV2,R026,WT3,P2,S5,14.39,13.6,True,False,CMMS,project_fact_ordenestrabajo_export.csv,2026-06-23T00:00:00,1715
WO001716,20250310,20250312,A004,EQ0029,SV4,R022,WT5,P2,S4,14.76,10.15,True,False,ERP,project_fact_ordenestrabajo_export.csv,2026-06-23T00:00:00,1716
WO001717,20250526,20250613,A003,EQ0031,SV5,R019,WT4,P4,S4,96.44,140.56,False,True,ERP,project_fact_ordenestrabajo_export.csv,2026-06-23T00:00:00,1717
WO001718,20250312,,A004,EQ0003,SV4,R003,WT1,P3,S1,32.55,25.99,False,False,ServiceDesk,project_fact_ordenestrabajo_export.csv,2026-06-23T00:00:00,1718
WO001719,20250528,,A005,EQ0021,SV3,R009,WT1,P3,S3,50.02,94.84,False,True,ERP,project_fact_ordenestrabajo_export.csv,2026-06-23T00:00:00,1719
WO001720,20250108,20250112,A005,EQ0006,SV4,R030,WT3,P3,S4,45.01,24.02,False,False,ERP,project_fact_ordenestrabajo_export.csv,2026-06-23T00:00:00,1720
WO001721,20250127,20250130,A002,EQ0030,SV8,R018,WT3,P2,S4,11.28,17.35,True,False,ServiceDesk,project_fact_ordenestrabajo_export.csv,2026-06-23T00:00:00,1721
WO001722,20250114,,A003,EQ0033,SV5,R023,WT1,P3,S3,44.81,27.37,False,True,ServiceDesk,project_fact_ordenestrabajo_export.csv,2026-06-23T00:00:00,1722
WO001723,20250510,20250522,A005,EQ0023,SV8,R005,WT6,P3,S4,50.34,88.45,False,True,ERP,project_fact_ordenestrabajo_export.csv,2026-06-23T00:00:00,1723
WO001724,20250514,,A006,EQ0019,SV7,R026,WT6,P4,S1,100.63,169.42,False,False,ServiceDesk,project_fact_ordenestrabajo_export.csv,2026-06-23T00:00:00,1724
WO001725,20250515,20250522,A003,EQ0033,SV7,R011,WT5,P4,S4,89.38,49.17,False,False,ServiceDesk,project_fact_ordenestrabajo_export.csv,2026-06-23T00:00:00,1725
WO001726,20250626,20250630,A006,EQ0019,SV3,R022,WT6,P4,S4,80.43,89.73,False,False,ServiceDesk,project_fact_ordenestrabajo_export.csv,2026-06-23T00:00:00,1726
WO001727,20250505,20250512,A001,EQ0010,SV5,R001,WT2,P3,S4,62.82,53.33,False,True,ERP,project_fact_ordenestrabajo_export.csv,2026-06-23T00:00:00,1727
WO001728,20250327,20250329,A003,EQ0033,SV1,R001,WT6,P2,S5,11.55,15.32,True,False,ServiceDesk,project_fact_ordenestrabajo_export.csv,2026-06-23T00:00:00,1728
WO001729,20250516,,A005,EQ0039,SV4,R002,WT4,P2,S1,12.73,18.47,True,False,ERP,project_fact_ordenestrabajo_export.csv,2026-06-23T00:00:00,1729
WO001730,20250213,20250224,A001,EQ0010,SV5,R016,WT1,P3,S4,29.91,84.26,False,False,ERP,project_fact_ordenestrabajo_export.csv,2026-06-23T00:00:00,1730
WO001731,20250316,20250319,A003,EQ0040,SV1,R008,WT1,P2,S4,10.04,16.69,True,False,ERP,project_fact_ordenestrabajo_export.csv,2026-06-23T00:00:00,1731
WO001732,20250407,20250416,A006,EQ0038,SV6,R020,WT2,P4,S4,66.22,69.3,False,False,ERP,project_fact_ordenestrabajo_export.csv,2026-06-23T00:00:00,1732
WO001733,20250508,20250510,A003,EQ0022,SV5,R017,WT1,P1,S4,5.41,12.71,True,False,ServiceDesk,project_fact_ordenestrabajo_export.csv,2026-06-23T00:00:00,1733
WO001734,20250518,20250606,A002,EQ0030,SV7,R012,WT1,P4,S4,101.0,151.87,False,True,CMMS,project_fact_ordenestrabajo_export.csv,2026-06-23T00:00:00,1734
WO001735,20250203,20250209,A004,EQ0005,SV6,R006,WT1,P3,S4,52.63,41.64,False,False,CMMS,project_fact_ordenestrabajo_export.csv,2026-06-23T00:00:00,1735
WO001736,20250522,20250611,A004,EQ0013,SV1,R015,WT3,P4,S4,79.97,158.09,False,True,ServiceDesk,project_fact_ordenestrabajo_export.csv,2026-06-23T00:00:00,1736
WO001737,20250406,20250415,A005,EQ0006,SV2,R020,WT6,P3,S4,60.14,64.16,False,False,CMMS,project_fact_ordenestrabajo_export.csv,2026-06-23T00:00:00,1737
WO001738,20250513,20250516,A006,EQ0014,SV6,R015,WT3,P2,S4,12.67,22.32,True,False,ERP,project_fact_ordenestrabajo_export.csv,2026-06-23T00:00:00,1738
WO001739,20250412,,A006,EQ0019,SV1,R004,WT1,P1,S1,4.83,10.29,True,False,CMMS,project_fact_ordenestrabajo_export.csv,2026-06-23T00:00:00,1739
WO001740,20250101,20250119,A005,EQ0016,SV6,R015,WT3,P3,S4,60.66,141.23,False,False,ERP,project_fact_ordenestrabajo_export.csv,2026-06-23T00:00:00,1740
WO001741,20250211,20250225,A003,EQ0025,SV8,R006,WT5,P4,S4,55.3,108.73,False,False,ERP,project_fact_ordenestrabajo_export.csv,2026-06-23T00:00:00,1741
WO001742,20250317,,A004,EQ0008,SV4,R023,WT2,P4,S2,50.45,29.44,False,False,ServiceDesk,project_fact_ordenestrabajo_export.csv,2026-06-23T00:00:00,1742
WO001743,20250613,20250622,A005,EQ0023,SV7,R021,WT1,P3,S5,58.87,65.52,False,False,ERP,project_fact_ordenestrabajo_export.csv,2026-06-23T00:00:00,1743
WO001744,20250411,20250413,A004,EQ0013,SV3,R003,WT1,P2,S4,10.66,10.01,True,False,CMMS,project_fact_ordenestrabajo_export.csv,2026-06-23T00:00:00,1744
WO001745,20250327,,A003,EQ0040,SV2,R021,WT1,P2,S2,17.16,17.74,True,True,CMMS,project_fact_ordenestrabajo_export.csv,2026-06-23T00:00:00,1745
WO001746,20250323,20250405,A004,EQ0002,SV8,R014,WT2,P3,S5,60.2,99.1,False,False,CMMS,project_fact_ordenestrabajo_export.csv,2026-06-23T00:00:00,1746
WO001747,20250108,,A001,EQ0007,SV5,R028,WT1,P4,S3,82.19,70.81,False,False,CMMS,project_fact_ordenestrabajo_export.csv,2026-06-23T00:00:00,1747
WO001748,20250415,,A005,EQ0034,SV3,R011,WT1,P3,S2,37.11,45.6,False,True,CMMS,project_fact_ordenestrabajo_export.csv,2026-06-23T00:00:00,1748
WO001749,20250519,,A001,EQ0010,SV2,R001,WT2,P3,S3,34.84,28.91,False,False,ServiceDesk,project_fact_ordenestrabajo_export.csv,2026-06-23T00:00:00,1749
WO001750,20250324,20250405,A005,EQ0006,SV5,R024,WT2,P3,S4,62.16,90.89,False,False,ERP,project_fact_ordenestrabajo_export.csv,2026-06-23T00:00:00,1750
WO001751,20250119,20250122,A004,EQ0003,SV3,R005,WT6,P3,S4,61.89,20.34,False,False,CMMS,project_fact_ordenestrabajo_export.csv,2026-06-23T00:00:00,1751
WO001752,20250525,20250527,A001,EQ0007,SV8,R009,WT3,P1,S4,5.17,9.57,True,True,ERP,project_fact_ordenestrabajo_export.csv,2026-06-23T00:00:00,1752
WO001753,20250410,20250416,A006,EQ0027,SV2,R021,WT2,P4,S4,77.75,45.96,False,False,ServiceDesk,project_fact_ordenestrabajo_export.csv,2026-06-23T00:00:00,1753
WO001754,20250315,,A001,EQ0028,SV6,R016,WT6,P2,S2,15.7,28.2,True,True,ERP,project_fact_ordenestrabajo_export.csv,2026-06-23T00:00:00,1754
WO001755,20250611,,A003,EQ0033,SV2,R002,WT6,P2,S2,13.75,31.43,True,True,CMMS,project_fact_ordenestrabajo_export.csv,2026-06-23T00:00:00,1755
WO001756,20250605,20250609,A005,EQ0021,SV5,R021,WT2,P2,S4,17.94,24.86,True,False,ServiceDesk,project_fact_ordenestrabajo_export.csv,2026-06-23T00:00:00,1756
WO001757,20250302,20250306,A006,EQ0038,SV2,R011,WT1,P3,S4,26.62,30.39,False,False,ERP,project_fact_ordenestrabajo_export.csv,2026-06-23T00:00:00,1757
WO001758,20250103,20250119,A006,EQ0038,SV5,R013,WT4,P4,S4,86.44,121.67,False,False,ServiceDesk,project_fact_ordenestrabajo_export.csv,2026-06-23T00:00:00,1758
WO001759,20250621,20250622,A005,EQ0011,SV7,R021,WT3,P2,S5,10.25,5.97,True,False,ERP,project_fact_ordenestrabajo_export.csv,2026-06-23T00:00:00,1759
WO001760,20250523,,A003,EQ0031,SV4,R022,WT1,P4,S2,95.74,108.2,False,False,ERP,project_fact_ordenestrabajo_export.csv,2026-06-23T00:00:00,1760
WO001761,20250218,,A004,EQ0012,SV8,R026,WT1,P2,S3,10.11,7.13,True,False,ServiceDesk,project_fact_ordenestrabajo_export.csv,2026-06-23T00:00:00,1761
WO001762,20250131,,A005,EQ0011,SV2,R007,WT2,P4,S2,100.92,181.21,False,False,CMMS,project_fact_ordenestrabajo_export.csv,2026-06-23T00:00:00,1762
WO001763,20250626,20250629,A005,EQ0021,SV5,R012,WT3,P2,S4,10.72,21.44,True,False,ServiceDesk,project_fact_ordenestrabajo_export.csv,2026-06-23T00:00:00,1763
WO001764,20250213,20250223,A005,EQ0039,SV1,R023,WT1,P3,S4,38.13,73.77,False,False,ERP,project_fact_ordenestrabajo_export.csv,2026-06-23T00:00:00,1764
WO001765,20250215,20250219,A001,EQ0026,SV3,R027,WT6,P3,S4,28.93,27.91,False,False,ServiceDesk,project_fact_ordenestrabajo_export.csv,2026-06-23T00:00:00,1765
WO001766,20250606,,A003,EQ0040,SV7,R028,WT4,P2,S3,10.34,6.94,True,True,ServiceDesk,project_fact_ordenestrabajo_export.csv,2026-06-23T00:00:00,1766
WO001767,20250618,20250628,A003,EQ0033,SV7,R029,WT3,P4,S4,75.16,75.88,False,False,ServiceDesk,project_fact_ordenestrabajo_export.csv,2026-06-23T00:00:00,1767
WO001768,20250308,20250309,A003,EQ0022,SV6,R008,WT2,P1,S4,6.76,4.79,True,False,ServiceDesk,project_fact_ordenestrabajo_export.csv,2026-06-23T00:00:00,1768
WO001769,20250611,20250622,A006,EQ0038,SV6,R013,WT1,P3,S4,55.2,81.38,False,True,ServiceDesk,project_fact_ordenestrabajo_export.csv,2026-06-23T00:00:00,1769
WO001770,20250429,,A004,EQ0029,SV2,R009,WT6,P4,S2,53.24,34.32,False,True,ServiceDesk,project_fact_ordenestrabajo_export.csv,2026-06-23T00:00:00,1770
WO001771,20250513,20250516,A002,EQ0015,SV7,R018,WT2,P2,S4,14.92,16.04,True,False,ERP,project_fact_ordenestrabajo_export.csv,2026-06-23T00:00:00,1771
WO001772,20250604,20250608,A003,EQ0035,SV8,R028,WT3,P3,S4,27.08,30.12,False,False,ServiceDesk,project_fact_ordenestrabajo_export.csv,2026-06-23T00:00:00,1772
WO001773,20250416,20250422,A001,EQ0026,SV6,R020,WT2,P4,S4,61.5,47.08,False,False,CMMS,project_fact_ordenestrabajo_export.csv,2026-06-23T00:00:00,1773
WO001774,20250513,20250529,A004,EQ0012,SV6,R010,WT3,P4,S4,87.01,124.74,False,False,ERP,project_fact_ordenestrabajo_export.csv,2026-06-23T00:00:00,1774
WO001775,20250621,20250624,A004,EQ0002,SV7,R002,WT2,P2,S4,14.83,20.46,True,False,ERP,project_fact_ordenestrabajo_export.csv,2026-06-23T00:00:00,1775
WO001776,20250625,20250630,A001,EQ0026,SV4,R010,WT4,P2,S4,20.94,49.83,True,False,ServiceDesk,project_fact_ordenestrabajo_export.csv,2026-06-23T00:00:00,1776
WO001777,20250409,20250413,A006,EQ0038,SV8,R018,WT1,P2,S4,16.05,25.86,True,False,ServiceDesk,project_fact_ordenestrabajo_export.csv,2026-06-23T00:00:00,1777
WO001778,20250411,,A004,EQ0012,SV7,R020,WT2,P3,S2,32.73,41.77,False,False,ERP,project_fact_ordenestrabajo_export.csv,2026-06-23T00:00:00,1778
WO001779,20250503,,A005,EQ0016,SV8,R014,WT1,P1,S1,5.02,3.77,True,False,ServiceDesk,project_fact_ordenestrabajo_export.csv,2026-06-23T00:00:00,1779
WO001780,20250402,20250405,A003,EQ0025,SV5,R024,WT2,P2,S4,21.49,17.84,True,False,ERP,project_fact_ordenestrabajo_export.csv,2026-06-23T00:00:00,1780
WO001781,20250204,20250217,A004,EQ0029,SV8,R027,WT3,P4,S4,93.23,97.08,False,False,ERP,project_fact_ordenestrabajo_export.csv,2026-06-23T00:00:00,1781
WO001782,20250125,,A005,EQ0023,SV2,R029,WT1,P2,S1,10.56,11.39,True,False,ServiceDesk,project_fact_ordenestrabajo_export.csv,2026-06-23T00:00:00,1782
WO001783,20250318,20250319,A006,EQ0019,SV1,R016,WT4,P1,S4,4.38,7.63,True,True,ServiceDesk,project_fact_ordenestrabajo_export.csv,2026-06-23T00:00:00,1783
WO001784,20250430,20250507,A006,EQ0019,SV4,R017,WT2,P3,S4,44.63,50.54,False,False,ServiceDesk,project_fact_ordenestrabajo_export.csv,2026-06-23T00:00:00,1784
WO001785,20250204,,A006,EQ0019,SV4,R011,WT6,P4,S2,60.58,52.34,False,False,CMMS,project_fact_ordenestrabajo_export.csv,2026-06-23T00:00:00,1785
WO001786,20250207,20250214,A002,EQ0030,SV3,R016,WT2,P3,S4,37.09,55.88,False,False,ERP,project_fact_ordenestrabajo_export.csv,2026-06-23T00:00:00,1786
WO001787,20250324,20250325,A004,EQ0002,SV4,R029,WT5,P1,S4,3.5,3.87,True,True,ERP,project_fact_ordenestrabajo_export.csv,2026-06-23T00:00:00,1787
WO001788,20250416,,A002,EQ0015,SV4,R004,WT2,P4,S1,85.24,131.46,False,False,ERP,project_fact_ordenestrabajo_export.csv,2026-06-23T00:00:00,1788
WO001789,20250515,,A003,EQ0031,SV8,R011,WT2,P3,S3,44.86,40.57,False,False,CMMS,project_fact_ordenestrabajo_export.csv,2026-06-23T00:00:00,1789
WO001790,20250108,,A006,EQ0027,SV4,R006,WT1,P3,S3,50.28,109.82,False,False,ServiceDesk,project_fact_ordenestrabajo_export.csv,2026-06-23T00:00:00,1790
WO001791,20250625,20250630,A005,EQ0034,SV8,R015,WT1,P3,S4,59.67,80.67,False,False,CMMS,project_fact_ordenestrabajo_export.csv,2026-06-23T00:00:00,1791
WO001792,20250219,20250225,A005,EQ0009,SV1,R027,WT2,P3,S5,35.74,40.7,False,False,CMMS,project_fact_ordenestrabajo_export.csv,2026-06-23T00:00:00,1792
WO001793,20250208,,A005,EQ0018,SV7,R013,WT1,P3,S2,42.94,30.83,False,True,ERP,project_fact_ordenestrabajo_export.csv,2026-06-23T00:00:00,1793
WO001794,20250521,,A003,EQ0040,SV2,R029,WT1,P1,S1,4.14,3.66,True,False,ServiceDesk,project_fact_ordenestrabajo_export.csv,2026-06-23T00:00:00,1794
WO001795,20250316,20250324,A003,EQ0035,SV3,R001,WT2,P4,S4,84.94,59.78,False,False,CMMS,project_fact_ordenestrabajo_export.csv,2026-06-23T00:00:00,1795
WO001796,20250119,20250120,A001,EQ0010,SV3,R020,WT1,P1,S5,3.76,5.79,True,False,ServiceDesk,project_fact_ordenestrabajo_export.csv,2026-06-23T00:00:00,1796
WO001797,20250505,20250509,A004,EQ0005,SV5,R023,WT2,P3,S5,44.4,29.89,False,False,CMMS,project_fact_ordenestrabajo_export.csv,2026-06-23T00:00:00,1797
WO001798,20250531,20250609,A004,EQ0029,SV7,R004,WT2,P3,S4,29.63,66.54,False,False,ServiceDesk,project_fact_ordenestrabajo_export.csv,2026-06-23T00:00:00,1798
WO001799,20250424,,A003,EQ0025,SV5,R006,WT3,P2,S2,16.7,25.1,True,True,CMMS,project_fact_ordenestrabajo_export.csv,2026-06-23T00:00:00,1799
WO001800,20250331,,A003,EQ0025,SV8,R002,WT3,P4,S2,50.42,63.67,False,False,ERP,project_fact_ordenestrabajo_export.csv,2026-06-23T00:00:00,1800
WO001801,20250129,20250205,A004,EQ0003,SV7,R002,WT2,P3,S4,53.04,55.1,False,False,CMMS,project_fact_ordenestrabajo_export.csv,2026-06-23T00:00:00,1801
WO001802,20250607,20250623,A003,EQ0001,SV7,R027,WT2,P4,S5,93.99,123.7,False,False,ERP,project_fact_ordenestrabajo_export.csv,2026-06-23T00:00:00,1802
WO001803,20250427,20250504,A005,EQ0016,SV6,R028,WT6,P4,S4,99.49,55.71,False,False,ERP,project_fact_ordenestrabajo_export.csv,2026-06-23T00:00:00,1803
WO001804,20250123,20250128,A005,EQ0034,SV1,R026,WT3,P2,S4,21.17,39.03,True,True,ServiceDesk,project_fact_ordenestrabajo_export.csv,2026-06-23T00:00:00,1804
WO001805,20250129,20250130,A005,EQ0021,SV3,R021,WT1,P1,S5,3.02,4.75,True,False,ERP,project_fact_ordenestrabajo_export.csv,2026-06-23T00:00:00,1805
WO001806,20250618,20250624,A003,EQ0035,SV8,R007,WT1,P3,S4,44.99,43.04,False,False,ServiceDesk,project_fact_ordenestrabajo_export.csv,2026-06-23T00:00:00,1806
WO001807,20250114,20250117,A006,EQ0019,SV6,R029,WT6,P2,S4,18.53,19.46,True,False,CMMS,project_fact_ordenestrabajo_export.csv,2026-06-23T00:00:00,1807
WO001808,20250517,20250530,A005,EQ0006,SV5,R018,WT2,P4,S4,102.27,97.32,False,False,ERP,project_fact_ordenestrabajo_export.csv,2026-06-23T00:00:00,1808
WO001809,20250420,20250422,A003,EQ0025,SV6,R006,WT2,P2,S5,9.4,8.54,True,False,CMMS,project_fact_ordenestrabajo_export.csv,2026-06-23T00:00:00,1809
WO001810,20250214,20250217,A005,EQ0023,SV5,R015,WT6,P3,S4,40.28,19.31,False,False,CMMS,project_fact_ordenestrabajo_export.csv,2026-06-23T00:00:00,1810
WO001811,20250423,20250427,A006,EQ0014,SV6,R011,WT2,P3,S4,32.49,27.9,False,False,ServiceDesk,project_fact_ordenestrabajo_export.csv,2026-06-23T00:00:00,1811
WO001812,20250519,20250531,A005,EQ0017,SV3,R026,WT3,P3,S4,61.1,90.93,False,False,ERP,project_fact_ordenestrabajo_export.csv,2026-06-23T00:00:00,1812
WO001813,20250421,20250506,A006,EQ0038,SV2,R001,WT5,P3,S4,56.97,117.09,False,False,ERP,project_fact_ordenestrabajo_export.csv,2026-06-23T00:00:00,1813
WO001814,20250318,20250320,A004,EQ0012,SV4,R015,WT2,P2,S4,13.48,10.56,True,False,CMMS,project_fact_ordenestrabajo_export.csv,2026-06-23T00:00:00,1814
WO001815,20250531,,A005,EQ0017,SV7,R011,WT3,P3,S1,62.99,72.49,False,True,ERP,project_fact_ordenestrabajo_export.csv,2026-06-23T00:00:00,1815
WO001816,20250215,,A004,EQ0029,SV7,R018,WT2,P1,S2,5.34,4.9,True,False,ERP,project_fact_ordenestrabajo_export.csv,2026-06-23T00:00:00,1816
WO001817,20250625,,A005,EQ0037,SV7,R001,WT2,P4,S1,74.05,87.25,False,False,ServiceDesk,project_fact_ordenestrabajo_export.csv,2026-06-23T00:00:00,1817
WO001818,20250101,20250102,A005,EQ0023,SV1,R014,WT3,P1,S4,4.68,4.53,True,False,ERP,project_fact_ordenestrabajo_export.csv,2026-06-23T00:00:00,1818
WO001819,20250517,20250518,A003,EQ0040,SV3,R010,WT5,P2,S4,12.58,6.01,True,False,ServiceDesk,project_fact_ordenestrabajo_export.csv,2026-06-23T00:00:00,1819
WO001820,20250418,,A005,EQ0032,SV4,R022,WT2,P2,S1,15.09,19.73,True,False,CMMS,project_fact_ordenestrabajo_export.csv,2026-06-23T00:00:00,1820
WO001821,20250410,20250411,A004,EQ0005,SV1,R025,WT2,P1,S4,6.03,5.87,True,True,ServiceDesk,project_fact_ordenestrabajo_export.csv,2026-06-23T00:00:00,1821
WO001822,20250106,20250107,A003,EQ0033,SV4,R003,WT2,P1,S4,3.18,1.17,True,False,ServiceDesk,project_fact_ordenestrabajo_export.csv,2026-06-23T00:00:00,1822
WO001823,20250109,20250120,A003,EQ0022,SV6,R002,WT6,P4,S4,55.0,80.01,False,False,ERP,project_fact_ordenestrabajo_export.csv,2026-06-23T00:00:00,1823
WO001824,20250504,20250507,A005,EQ0032,SV3,R022,WT1,P2,S4,10.75,23.38,True,False,CMMS,project_fact_ordenestrabajo_export.csv,2026-06-23T00:00:00,1824
WO001825,20250426,20250427,A005,EQ0011,SV4,R005,WT2,P1,S4,3.79,5.0,True,False,CMMS,project_fact_ordenestrabajo_export.csv,2026-06-23T00:00:00,1825
WO001826,20250412,,A005,EQ0016,SV2,R019,WT2,P3,S1,42.07,25.3,False,False,ERP,project_fact_ordenestrabajo_export.csv,2026-06-23T00:00:00,1826
WO001827,20250409,,A004,EQ0008,SV4,R008,WT2,P4,S3,73.56,31.98,False,False,ERP,project_fact_ordenestrabajo_export.csv,2026-06-23T00:00:00,1827
WO001828,20250107,20250120,A005,EQ0017,SV7,R001,WT2,P3,S4,50.84,99.2,False,False,CMMS,project_fact_ordenestrabajo_export.csv,2026-06-23T00:00:00,1828
WO001829,20250624,20250629,A006,EQ0027,SV4,R029,WT6,P3,S4,40.82,37.2,False,True,CMMS,project_fact_ordenestrabajo_export.csv,2026-06-23T00:00:00,1829
WO001830,20250223,20250224,A003,EQ0035,SV7,R021,WT3,P1,S4,3.08,3.67,True,False,ServiceDesk,project_fact_ordenestrabajo_export.csv,2026-06-23T00:00:00,1830
WO001831,20250227,20250303,A001,EQ0020,SV4,R020,WT4,P2,S4,19.32,26.32,True,True,CMMS,project_fact_ordenestrabajo_export.csv,2026-06-23T00:00:00,1831
WO001832,20250303,20250312,A005,EQ0017,SV4,R008,WT2,P4,S4,80.1,70.65,False,False,ServiceDesk,project_fact_ordenestrabajo_export.csv,2026-06-23T00:00:00,1832
WO001833,20250411,20250414,A005,EQ0021,SV8,R018,WT3,P3,S4,27.58,19.25,False,False,ERP,project_fact_ordenestrabajo_export.csv,2026-06-23T00:00:00,1833
WO001834,20250421,20250429,A005,EQ0017,SV8,R021,WT2,P3,S4,46.44,56.51,False,False,ServiceDesk,project_fact_ordenestrabajo_export.csv,2026-06-23T00:00:00,1834
WO001835,20250616,20250620,A003,EQ0022,SV5,R004,WT6,P3,S5,41.36,24.74,False,False,ServiceDesk,project_fact_ordenestrabajo_export.csv,2026-06-23T00:00:00,1835
WO001836,20250413,20250419,A005,EQ0009,SV1,R012,WT6,P3,S4,32.44,47.77,False,False,ServiceDesk,project_fact_ordenestrabajo_export.csv,2026-06-23T00:00:00,1836
WO001837,20250223,20250227,A003,EQ0031,SV3,R001,WT3,P2,S4,16.65,26.53,True,False,CMMS,project_fact_ordenestrabajo_export.csv,2026-06-23T00:00:00,1837
WO001838,20250519,20250522,A005,EQ0032,SV5,R023,WT6,P2,S4,11.54,16.55,True,False,CMMS,project_fact_ordenestrabajo_export.csv,2026-06-23T00:00:00,1838
WO001839,20250408,,A005,EQ0021,SV1,R011,WT6,P2,S2,15.94,17.91,True,False,ServiceDesk,project_fact_ordenestrabajo_export.csv,2026-06-23T00:00:00,1839
WO001840,20250307,20250308,A006,EQ0027,SV8,R013,WT1,P1,S5,6.26,7.3,True,False,ServiceDesk,project_fact_ordenestrabajo_export.csv,2026-06-23T00:00:00,1840
WO001841,20250505,,A004,EQ0008,SV2,R007,WT2,P3,S1,56.13,166.77,False,False,CMMS,project_fact_ordenestrabajo_export.csv,2026-06-23T00:00:00,1841
WO001842,20250224,20250303,A004,EQ0012,SV7,R015,WT1,P3,S4,46.01,50.47,False,False,ERP,project_fact_ordenestrabajo_export.csv,2026-06-23T00:00:00,1842
WO001843,20250301,20250303,A005,EQ0023,SV3,R020,WT2,P1,S4,5.99,10.99,True,False,ERP,project_fact_ordenestrabajo_export.csv,2026-06-23T00:00:00,1843
WO001844,20250119,,A003,EQ0040,SV4,R012,WT1,P4,S2,84.87,63.58,False,False,ERP,project_fact_ordenestrabajo_export.csv,2026-06-23T00:00:00,1844
WO001845,20250411,20250415,A002,EQ0015,SV2,R029,WT1,P2,S4,13.91,26.01,True,False,ServiceDesk,project_fact_ordenestrabajo_export.csv,2026-06-23T00:00:00,1845
WO001846,20250326,20250329,A004,EQ0004,SV5,R009,WT4,P2,S4,18.32,22.92,True,False,CMMS,project_fact_ordenestrabajo_export.csv,2026-06-23T00:00:00,1846
WO001847,20250228,20250303,A002,EQ0036,SV3,R030,WT5,P3,S4,29.34,16.13,False,False,ERP,project_fact_ordenestrabajo_export.csv,2026-06-23T00:00:00,1847
WO001848,20250626,,A004,EQ0003,SV3,R019,WT2,P2,S2,13.14,14.89,True,False,CMMS,project_fact_ordenestrabajo_export.csv,2026-06-23T00:00:00,1848
WO001849,20250615,20250617,A001,EQ0028,SV5,R029,WT3,P1,S4,5.48,9.41,True,False,CMMS,project_fact_ordenestrabajo_export.csv,2026-06-23T00:00:00,1849
WO001850,20250118,,A006,EQ0014,SV8,R009,WT5,P2,S1,15.17,28.97,True,False,ERP,project_fact_ordenestrabajo_export.csv,2026-06-23T00:00:00,1850
WO001851,20250615,20250622,A005,EQ0017,SV4,R030,WT1,P3,S4,38.57,53.56,False,False,ERP,project_fact_ordenestrabajo_export.csv,2026-06-23T00:00:00,1851
WO001852,20250417,,A005,EQ0034,SV3,R030,WT3,P3,S1,55.29,53.2,False,False,ERP,project_fact_ordenestrabajo_export.csv,2026-06-23T00:00:00,1852
WO001853,20250605,,A004,EQ0005,SV7,R001,WT2,P3,S2,59.57,43.96,False,False,ServiceDesk,project_fact_ordenestrabajo_export.csv,2026-06-23T00:00:00,1853
WO001854,20250219,,A003,EQ0033,SV5,R015,WT3,P3,S3,28.04,19.88,False,False,CMMS,project_fact_ordenestrabajo_export.csv,2026-06-23T00:00:00,1854
WO001855,20250509,,A005,EQ0034,SV1,R017,WT2,P3,S3,40.82,34.79,False,False,ERP,project_fact_ordenestrabajo_export.csv,2026-06-23T00:00:00,1855
WO001856,20250208,20250209,A004,EQ0013,SV1,R021,WT2,P1,S4,3.14,2.0,True,False,ERP,project_fact_ordenestrabajo_export.csv,2026-06-23T00:00:00,1856
WO001857,20250514,20250518,A006,EQ0027,SV7,R015,WT2,P2,S4,12.13,26.08,True,False,ERP,project_fact_ordenestrabajo_export.csv,2026-06-23T00:00:00,1857
WO001858,20250503,20250516,A005,EQ0018,SV8,R009,WT1,P4,S4,76.36,103.32,False,False,CMMS,project_fact_ordenestrabajo_export.csv,2026-06-23T00:00:00,1858
WO001859,20250131,,A006,EQ0014,SV3,R028,WT1,P4,S1,71.73,77.06,False,False,ServiceDesk,project_fact_ordenestrabajo_export.csv,2026-06-23T00:00:00,1859
WO001860,20250603,20250605,A005,EQ0021,SV6,R007,WT1,P2,S4,14.8,12.53,True,False,ERP,project_fact_ordenestrabajo_export.csv,2026-06-23T00:00:00,1860
WO001861,20250222,20250227,A005,EQ0032,SV1,R007,WT3,P3,S4,31.86,33.95,False,False,ServiceDesk,project_fact_ordenestrabajo_export.csv,2026-06-23T00:00:00,1861
WO001862,20250330,20250407,A003,EQ0001,SV3,R027,WT5,P3,S4,57.11,58.37,False,True,ServiceDesk,project_fact_ordenestrabajo_export.csv,2026-06-23T00:00:00,1862
WO001863,20250621,20250630,A002,EQ0015,SV8,R024,WT2,P3,S4,49.51,90.01,False,False,ERP,project_fact_ordenestrabajo_export.csv,2026-06-23T00:00:00,1863
WO001864,20250412,20250419,A006,EQ0038,SV5,R021,WT2,P3,S4,44.28,51.18,False,False,ServiceDesk,project_fact_ordenestrabajo_export.csv,2026-06-23T00:00:00,1864
WO001865,20250107,20250115,A003,EQ0025,SV8,R022,WT3,P3,S4,55.6,58.77,False,False,ERP,project_fact_ordenestrabajo_export.csv,2026-06-23T00:00:00,1865
WO001866,20250223,,A006,EQ0014,SV7,R018,WT2,P3,S3,58.42,88.75,False,False,ServiceDesk,project_fact_ordenestrabajo_export.csv,2026-06-23T00:00:00,1866
WO001867,20250513,,A003,EQ0022,SV1,R011,WT2,P2,S2,9.52,9.28,True,False,ERP,project_fact_ordenestrabajo_export.csv,2026-06-23T00:00:00,1867
WO001868,20250518,20250525,A003,EQ0040,SV2,R003,WT2,P3,S4,62.14,50.77,False,False,ERP,project_fact_ordenestrabajo_export.csv,2026-06-23T00:00:00,1868
WO001869,20250629,20250630,A005,EQ0032,SV1,R002,WT6,P3,S4,54.59,37.99,False,False,ServiceDesk,project_fact_ordenestrabajo_export.csv,2026-06-23T00:00:00,1869
WO001870,20250109,,A002,EQ0015,SV6,R015,WT2,P1,S2,6.0,7.89,True,True,ServiceDesk,project_fact_ordenestrabajo_export.csv,2026-06-23T00:00:00,1870
WO001871,20250130,20250210,A002,EQ0036,SV4,R012,WT1,P4,S4,86.78,86.02,False,False,ServiceDesk,project_fact_ordenestrabajo_export.csv,2026-06-23T00:00:00,1871
WO001872,20250605,20250607,A004,EQ0012,SV1,R010,WT1,P2,S4,10.42,9.64,True,False,ERP,project_fact_ordenestrabajo_export.csv,2026-06-23T00:00:00,1872
WO001873,20250104,20250109,A005,EQ0032,SV5,R027,WT1,P2,S4,19.45,34.4,True,False,ServiceDesk,project_fact_ordenestrabajo_export.csv,2026-06-23T00:00:00,1873
WO001874,20250107,20250109,A005,EQ0021,SV5,R016,WT4,P2,S4,8.79,9.25,True,False,ServiceDesk,project_fact_ordenestrabajo_export.csv,2026-06-23T00:00:00,1874
WO001875,20250414,,A004,EQ0003,SV1,R014,WT2,P4,S1,43.94,31.86,False,True,ServiceDesk,project_fact_ordenestrabajo_export.csv,2026-06-23T00:00:00,1875
WO001876,20250316,,A005,EQ0009,SV5,R015,WT2,P3,S1,44.33,51.58,False,False,ServiceDesk,project_fact_ordenestrabajo_export.csv,2026-06-23T00:00:00,1876
WO001877,20250321,,A001,EQ0010,SV5,R007,WT1,P2,S2,11.04,20.17,True,True,ERP,project_fact_ordenestrabajo_export.csv,2026-06-23T00:00:00,1877
WO001878,20250205,,A005,EQ0021,SV7,R008,WT1,P3,S1,31.41,23.89,False,False,CMMS,project_fact_ordenestrabajo_export.csv,2026-06-23T00:00:00,1878
WO001879,20250306,20250309,A006,EQ0024,SV1,R024,WT4,P2,S4,20.51,22.13,True,True,CMMS,project_fact_ordenestrabajo_export.csv,2026-06-23T00:00:00,1879
WO001880,20250420,20250423,A005,EQ0039,SV8,R020,WT1,P2,S4,18.76,21.78,True,False,ERP,project_fact_ordenestrabajo_export.csv,2026-06-23T00:00:00,1880
WO001881,20250503,,A005,EQ0017,SV1,R017,WT3,P3,S1,33.05,41.34,False,False,ERP,project_fact_ordenestrabajo_export.csv,2026-06-23T00:00:00,1881
WO001882,20250517,20250518,A001,EQ0007,SV6,R005,WT2,P1,S4,4.92,7.28,True,False,ServiceDesk,project_fact_ordenestrabajo_export.csv,2026-06-23T00:00:00,1882
WO001883,20250102,,A001,EQ0020,SV8,R018,WT1,P3,S1,25.73,28.17,False,True,ServiceDesk,project_fact_ordenestrabajo_export.csv,2026-06-23T00:00:00,1883
WO001884,20250409,20250412,A005,EQ0032,SV8,R030,WT6,P3,S4,26.37,21.19,False,False,CMMS,project_fact_ordenestrabajo_export.csv,2026-06-23T00:00:00,1884
WO001885,20250125,20250126,A004,EQ0008,SV2,R020,WT2,P1,S4,6.08,7.65,True,False,ServiceDesk,project_fact_ordenestrabajo_export.csv,2026-06-23T00:00:00,1885
WO001886,20250210,20250217,A005,EQ0039,SV4,R003,WT2,P4,S4,43.42,50.97,False,False,ServiceDesk,project_fact_ordenestrabajo_export.csv,2026-06-23T00:00:00,1886
WO001887,20250430,,A005,EQ0016,SV6,R013,WT2,P2,S1,18.54,20.71,True,False,CMMS,project_fact_ordenestrabajo_export.csv,2026-06-23T00:00:00,1887
WO001888,20250303,20250331,A001,EQ0026,SV5,R003,WT3,P4,S4,79.89,221.56,False,False,ERP,project_fact_ordenestrabajo_export.csv,2026-06-23T00:00:00,1888
WO001889,20250107,20250112,A005,EQ0017,SV6,R003,WT2,P3,S4,37.42,37.74,False,False,CMMS,project_fact_ordenestrabajo_export.csv,2026-06-23T00:00:00,1889
WO001890,20250429,20250503,A004,EQ0029,SV3,R006,WT4,P3,S4,39.79,24.41,False,False,ServiceDesk,project_fact_ordenestrabajo_export.csv,2026-06-23T00:00:00,1890
WO001891,20250321,20250322,A003,EQ0040,SV3,R018,WT2,P1,S4,3.48,3.44,True,False,CMMS,project_fact_ordenestrabajo_export.csv,2026-06-23T00:00:00,1891
WO001892,20250616,20250624,A005,EQ0032,SV1,R005,WT5,P3,S4,60.07,60.85,False,False,CMMS,project_fact_ordenestrabajo_export.csv,2026-06-23T00:00:00,1892
WO001893,20250107,,A002,EQ0015,SV1,R018,WT2,P3,S2,46.04,64.9,False,False,CMMS,project_fact_ordenestrabajo_export.csv,2026-06-23T00:00:00,1893
WO001894,20250529,20250605,A003,EQ0025,SV8,R018,WT6,P3,S4,37.67,52.74,False,False,ERP,project_fact_ordenestrabajo_export.csv,2026-06-23T00:00:00,1894
WO001895,20250430,20250506,A002,EQ0030,SV2,R005,WT4,P3,S4,56.24,43.81,False,False,CMMS,project_fact_ordenestrabajo_export.csv,2026-06-23T00:00:00,1895
WO001896,20250105,20250116,A006,EQ0027,SV3,R028,WT2,P3,S4,59.97,87.95,False,False,CMMS,project_fact_ordenestrabajo_export.csv,2026-06-23T00:00:00,1896
WO001897,20250402,,A001,EQ0007,SV6,R008,WT1,P4,S1,81.9,134.35,False,False,ServiceDesk,project_fact_ordenestrabajo_export.csv,2026-06-23T00:00:00,1897
WO001898,20250410,20250414,A004,EQ0005,SV4,R007,WT6,P3,S4,27.83,25.59,False,False,ServiceDesk,project_fact_ordenestrabajo_export.csv,2026-06-23T00:00:00,1898
WO001899,20250112,20250122,A004,EQ0005,SV1,R027,WT3,P4,S4,71.41,74.11,False,True,ERP,project_fact_ordenestrabajo_export.csv,2026-06-23T00:00:00,1899
WO001900,20250506,,A004,EQ0002,SV5,R014,WT2,P4,S2,79.98,132.43,False,False,ERP,project_fact_ordenestrabajo_export.csv,2026-06-23T00:00:00,1900
WO001901,20250529,20250601,A004,EQ0002,SV4,R003,WT2,P3,S4,42.41,18.9,False,False,ERP,project_fact_ordenestrabajo_export.csv,2026-06-23T00:00:00,1901
WO001902,20250107,,A005,EQ0039,SV4,R021,WT2,P3,S3,43.0,126.54,False,False,ERP,project_fact_ordenestrabajo_export.csv,2026-06-23T00:00:00,1902
WO001903,20250322,20250324,A001,EQ0010,SV4,R021,WT2,P2,S4,13.29,13.71,True,False,ERP,project_fact_ordenestrabajo_export.csv,2026-06-23T00:00:00,1903
WO001904,20250517,20250522,A001,EQ0028,SV2,R009,WT2,P2,S4,18.03,32.01,True,True,ERP,project_fact_ordenestrabajo_export.csv,2026-06-23T00:00:00,1904
WO001905,20250424,20250427,A005,EQ0009,SV4,R025,WT3,P3,S4,43.87,21.19,False,False,ERP,project_fact_ordenestrabajo_export.csv,2026-06-23T00:00:00,1905
WO001906,20250406,,A001,EQ0028,SV7,R029,WT3,P2,S2,12.1,19.93,True,False,ServiceDesk,project_fact_ordenestrabajo_export.csv,2026-06-23T00:00:00,1906
WO001907,20250423,,A001,EQ0010,SV1,R025,WT1,P4,S2,104.41,169.26,False,False,ServiceDesk,project_fact_ordenestrabajo_export.csv,2026-06-23T00:00:00,1907
WO001908,20250119,,A001,EQ0020,SV1,R001,WT1,P3,S1,58.85,74.76,False,False,CMMS,project_fact_ordenestrabajo_export.csv,2026-06-23T00:00:00,1908
WO001909,20250218,20250220,A003,EQ0001,SV8,R011,WT2,P1,S4,6.37,9.06,True,False,ERP,project_fact_ordenestrabajo_export.csv,2026-06-23T00:00:00,1909
WO001910,20250331,20250402,A005,EQ0032,SV7,R024,WT1,P2,S4,14.72,15.79,True,False,ServiceDesk,project_fact_ordenestrabajo_export.csv,2026-06-23T00:00:00,1910
WO001911,20250323,,A003,EQ0035,SV1,R004,WT1,P2,S4,16.0,35.76,True,False,ERP,project_fact_ordenestrabajo_export.csv,2026-06-23T00:00:00,1911
WO001912,20250626,20250630,A005,EQ0037,SV3,R029,WT1,P3,S4,49.28,58.73,False,False,ServiceDesk,project_fact_ordenestrabajo_export.csv,2026-06-23T00:00:00,1912
WO001913,20250220,20250226,A006,EQ0024,SV1,R017,WT3,P3,S4,45.99,45.18,False,False,CMMS,project_fact_ordenestrabajo_export.csv,2026-06-23T00:00:00,1913
WO001914,20250323,20250327,A005,EQ0011,SV1,R009,WT4,P3,S4,54.71,30.38,False,True,CMMS,project_fact_ordenestrabajo_export.csv,2026-06-23T00:00:00,1914
WO001915,20250209,20250210,A002,EQ0015,SV4,R012,WT4,P1,S5,2.9,1.48,True,False,CMMS,project_fact_ordenestrabajo_export.csv,2026-06-23T00:00:00,1915
WO001916,20250619,,A002,EQ0015,SV1,R022,WT2,P4,S1,52.82,122.78,False,False,CMMS,project_fact_ordenestrabajo_export.csv,2026-06-23T00:00:00,1916
WO001917,20250109,20250117,A002,EQ0036,SV1,R028,WT4,P3,S4,44.74,61.74,False,False,ERP,project_fact_ordenestrabajo_export.csv,2026-06-23T00:00:00,1917
WO001918,20250416,,A005,EQ0009,SV4,R005,WT6,P4,S1,65.23,92.15,False,True,ServiceDesk,project_fact_ordenestrabajo_export.csv,2026-06-23T00:00:00,1918
WO001919,20250325,20250330,A002,EQ0036,SV7,R030,WT6,P3,S4,25.86,36.32,False,False,CMMS,project_fact_ordenestrabajo_export.csv,2026-06-23T00:00:00,1919
WO001920,20250303,20250313,A005,EQ0034,SV4,R025,WT1,P3,S4,63.51,72.33,False,True,CMMS,project_fact_ordenestrabajo_export.csv,2026-06-23T00:00:00,1920
WO001921,20250517,20250519,A002,EQ0036,SV1,R001,WT1,P1,S4,7.1,11.79,True,False,ServiceDesk,project_fact_ordenestrabajo_export.csv,2026-06-23T00:00:00,1921
WO001922,20250104,20250117,A005,EQ0037,SV1,R001,WT4,P3,S4,63.04,97.88,False,False,ERP,project_fact_ordenestrabajo_export.csv,2026-06-23T00:00:00,1922
WO001923,20250207,20250219,A003,EQ0031,SV1,R011,WT1,P3,S4,46.4,88.81,False,True,CMMS,project_fact_ordenestrabajo_export.csv,2026-06-23T00:00:00,1923
WO001924,20250429,20250507,A004,EQ0008,SV7,R016,WT3,P3,S4,63.92,63.93,False,True,ERP,project_fact_ordenestrabajo_export.csv,2026-06-23T00:00:00,1924
WO001925,20250418,,A001,EQ0007,SV3,R012,WT5,P4,S1,87.85,163.14,False,False,CMMS,project_fact_ordenestrabajo_export.csv,2026-06-23T00:00:00,1925
WO001926,20250509,20250511,A005,EQ0006,SV8,R015,WT1,P2,S4,16.52,11.61,True,False,CMMS,project_fact_ordenestrabajo_export.csv,2026-06-23T00:00:00,1926
WO001927,20250221,,A004,EQ0003,SV2,R018,WT4,P2,S2,18.22,27.13,True,True,ERP,project_fact_ordenestrabajo_export.csv,2026-06-23T00:00:00,1927
WO001928,20250422,20250423,A003,EQ0033,SV8,R019,WT2,P2,S4,11.09,5.31,True,False,ServiceDesk,project_fact_ordenestrabajo_export.csv,2026-06-23T00:00:00,1928
WO001929,20250330,20250331,A004,EQ0012,SV2,R024,WT2,P1,S4,3.1,2.77,True,True,ERP,project_fact_ordenestrabajo_export.csv,2026-06-23T00:00:00,1929
WO001930,20250130,20250131,A005,EQ0039,SV4,R016,WT3,P2,S4,12.4,7.4,True,False,CMMS,project_fact_ordenestrabajo_export.csv,2026-06-23T00:00:00,1930
WO001931,20250325,,A001,EQ0026,SV4,R029,WT2,P3,S1,43.6,44.52,False,False,ServiceDesk,project_fact_ordenestrabajo_export.csv,2026-06-23T00:00:00,1931
WO001932,20250302,,A003,EQ0033,SV4,R029,WT1,P3,S2,62.33,79.99,False,True,CMMS,project_fact_ordenestrabajo_export.csv,2026-06-23T00:00:00,1932
WO001933,20250119,,A006,EQ0019,SV8,R002,WT4,P3,S2,64.42,48.2,False,True,ServiceDesk,project_fact_ordenestrabajo_export.csv,2026-06-23T00:00:00,1933
WO001934,20250301,,A004,EQ0012,SV7,R021,WT2,P1,S1,4.49,2.85,True,False,ERP,project_fact_ordenestrabajo_export.csv,2026-06-23T00:00:00,1934
WO001935,20250303,20250312,A002,EQ0015,SV2,R016,WT1,P4,S4,68.57,65.6,False,False,CMMS,project_fact_ordenestrabajo_export.csv,2026-06-23T00:00:00,1935
WO001936,20250118,,A001,EQ0026,SV7,R027,WT3,P4,S1,53.27,79.35,False,False,CMMS,project_fact_ordenestrabajo_export.csv,2026-06-23T00:00:00,1936
WO001937,20250401,20250403,A003,EQ0031,SV7,R021,WT2,P2,S5,11.24,15.3,True,False,CMMS,project_fact_ordenestrabajo_export.csv,2026-06-23T00:00:00,1937
WO001938,20250628,20250630,A001,EQ0028,SV5,R005,WT2,P3,S4,56.07,87.09,False,False,CMMS,project_fact_ordenestrabajo_export.csv,2026-06-23T00:00:00,1938
WO001939,20250223,20250308,A002,EQ0015,SV4,R018,WT6,P3,S4,58.88,96.85,False,False,ERP,project_fact_ordenestrabajo_export.csv,2026-06-23T00:00:00,1939
WO001940,20250522,,A004,EQ0005,SV1,R008,WT6,P2,S2,9.11,13.91,True,False,ServiceDesk,project_fact_ordenestrabajo_export.csv,2026-06-23T00:00:00,1940
WO001941,20250214,20250221,A005,EQ0023,SV1,R017,WT3,P4,S4,44.38,48.35,False,True,ServiceDesk,project_fact_ordenestrabajo_export.csv,2026-06-23T00:00:00,1941
WO001942,20250607,,A004,EQ0012,SV4,R015,WT1,P1,S2,6.67,14.2,True,False,CMMS,project_fact_ordenestrabajo_export.csv,2026-06-23T00:00:00,1942
WO001943,20250520,20250522,A004,EQ0029,SV2,R019,WT1,P2,S4,14.7,10.67,True,True,ServiceDesk,project_fact_ordenestrabajo_export.csv,2026-06-23T00:00:00,1943
WO001944,20250505,,A003,EQ0035,SV2,R016,WT4,P1,S1,5.26,10.06,True,False,CMMS,project_fact_ordenestrabajo_export.csv,2026-06-23T00:00:00,1944
WO001945,20250221,20250224,A005,EQ0034,SV1,R026,WT2,P2,S4,20.75,22.54,True,False,ERP,project_fact_ordenestrabajo_export.csv,2026-06-23T00:00:00,1945
WO001946,20250515,20250523,A003,EQ0022,SV4,R001,WT2,P4,S5,62.28,60.29,False,False,ERP,project_fact_ordenestrabajo_export.csv,2026-06-23T00:00:00,1946
WO001947,20250504,,A004,EQ0005,SV5,R005,WT2,P3,S1,51.72,31.8,False,False,ServiceDesk,project_fact_ordenestrabajo_export.csv,2026-06-23T00:00:00,1947
WO001948,20250503,20250603,A005,EQ0037,SV5,R006,WT5,P4,S4,72.07,247.25,False,False,ERP,project_fact_ordenestrabajo_export.csv,2026-06-23T00:00:00,1948
WO001949,20250518,20250526,A003,EQ0001,SV3,R009,WT1,P3,S4,57.97,58.13,False,False,ServiceDesk,project_fact_ordenestrabajo_export.csv,2026-06-23T00:00:00,1949
WO001950,20250509,20250512,A005,EQ0023,SV7,R013,WT1,P2,S4,18.32,17.13,True,False,ServiceDesk,project_fact_ordenestrabajo_export.csv,2026-06-23T00:00:00,1950
WO001951,20250303,,A006,EQ0038,SV1,R026,WT2,P2,S1,13.35,12.66,True,False,ServiceDesk,project_fact_ordenestrabajo_export.csv,2026-06-23T00:00:00,1951
WO001952,20250322,20250328,A003,EQ0035,SV4,R023,WT2,P3,S4,42.05,47.16,False,False,ServiceDesk,project_fact_ordenestrabajo_export.csv,2026-06-23T00:00:00,1952
WO001953,20250523,20250524,A004,EQ0012,SV8,R013,WT2,P1,S4,4.21,3.26,True,False,CMMS,project_fact_ordenestrabajo_export.csv,2026-06-23T00:00:00,1953
WO001954,20250327,20250402,A003,EQ0025,SV7,R017,WT3,P3,S4,45.62,42.04,False,False,ERP,project_fact_ordenestrabajo_export.csv,2026-06-23T00:00:00,1954
WO001955,20250526,20250604,A005,EQ0011,SV8,R016,WT1,P3,S4,50.25,71.12,False,False,ServiceDesk,project_fact_ordenestrabajo_export.csv,2026-06-23T00:00:00,1955
WO001956,20250307,20250315,A005,EQ0018,SV1,R001,WT2,P4,S4,46.43,61.21,False,False,ServiceDesk,project_fact_ordenestrabajo_export.csv,2026-06-23T00:00:00,1956
WO001957,20250507,,A001,EQ0010,SV5,R006,WT1,P2,S2,19.75,22.85,True,False,ERP,project_fact_ordenestrabajo_export.csv,2026-06-23T00:00:00,1957
WO001958,20250127,20250217,A005,EQ0006,SV5,R011,WT4,P4,S4,91.3,162.92,False,False,CMMS,project_fact_ordenestrabajo_export.csv,2026-06-23T00:00:00,1958
WO001959,20250615,,A002,EQ0030,SV5,R011,WT5,P3,S3,31.61,44.25,False,False,CMMS,project_fact_ordenestrabajo_export.csv,2026-06-23T00:00:00,1959
WO001960,20250308,,A004,EQ0008,SV5,R010,WT2,P3,S2,30.59,18.29,False,False,ServiceDesk,project_fact_ordenestrabajo_export.csv,2026-06-23T00:00:00,1960
WO001961,20250508,,A005,EQ0039,SV2,R005,WT1,P3,S3,30.92,39.82,False,True,CMMS,project_fact_ordenestrabajo_export.csv,2026-06-23T00:00:00,1961
WO001962,20250104,,A003,EQ0022,SV3,R011,WT2,P3,S2,28.67,68.3,False,False,ServiceDesk,project_fact_ordenestrabajo_export.csv,2026-06-23T00:00:00,1962
WO001963,20250228,20250305,A005,EQ0006,SV4,R014,WT1,P4,S4,45.94,35.31,False,False,ServiceDesk,project_fact_ordenestrabajo_export.csv,2026-06-23T00:00:00,1963
WO001964,20250331,,A003,EQ0025,SV8,R022,WT6,P3,S2,31.69,34.06,False,True,ERP,project_fact_ordenestrabajo_export.csv,2026-06-23T00:00:00,1964
WO001965,20250622,20250629,A005,EQ0037,SV3,R024,WT2,P3,S4,51.42,48.66,False,False,ServiceDesk,project_fact_ordenestrabajo_export.csv,2026-06-23T00:00:00,1965
WO001966,20250624,20250626,A003,EQ0031,SV6,R002,WT3,P2,S4,12.06,14.51,True,False,ERP,project_fact_ordenestrabajo_export.csv,2026-06-23T00:00:00,1966
WO001967,20250403,,A004,EQ0004,SV3,R008,WT2,P3,S3,51.94,77.47,False,False,ERP,project_fact_ordenestrabajo_export.csv,2026-06-23T00:00:00,1967
WO001968,20250601,,A003,EQ0022,SV7,R030,WT5,P2,S3,21.23,59.42,True,True,ERP,project_fact_ordenestrabajo_export.csv,2026-06-23T00:00:00,1968
WO001969,20250116,20250120,A003,EQ0025,SV1,R011,WT6,P2,S4,13.0,30.5,True,False,ERP,project_fact_ordenestrabajo_export.csv,2026-06-23T00:00:00,1969
WO001970,20250612,20250629,A002,EQ0030,SV3,R024,WT1,P4,S4,98.48,133.24,False,False,ServiceDesk,project_fact_ordenestrabajo_export.csv,2026-06-23T00:00:00,1970
WO001971,20250102,20250108,A004,EQ0008,SV6,R017,WT2,P3,S4,51.18,44.04,False,False,ERP,project_fact_ordenestrabajo_export.csv,2026-06-23T00:00:00,1971
WO001972,20250514,,A005,EQ0039,SV8,R006,WT1,P2,S1,10.58,10.74,True,False,ERP,project_fact_ordenestrabajo_export.csv,2026-06-23T00:00:00,1972
WO001973,20250124,,A001,EQ0010,SV6,R005,WT2,P4,S2,90.39,138.47,False,False,CMMS,project_fact_ordenestrabajo_export.csv,2026-06-23T00:00:00,1973
WO001974,20250617,20250619,A004,EQ0005,SV3,R016,WT3,P2,S4,9.36,12.96,True,False,ServiceDesk,project_fact_ordenestrabajo_export.csv,2026-06-23T00:00:00,1974
WO001975,20250308,,A006,EQ0014,SV6,R009,WT4,P2,S3,13.58,21.7,True,True,CMMS,project_fact_ordenestrabajo_export.csv,2026-06-23T00:00:00,1975
WO001976,20250510,20250517,A003,EQ0040,SV6,R029,WT4,P3,S4,56.13,52.14,False,False,CMMS,project_fact_ordenestrabajo_export.csv,2026-06-23T00:00:00,1976
WO001977,20250325,20250328,A006,EQ0027,SV7,R021,WT2,P2,S4,14.1,20.13,True,False,ServiceDesk,project_fact_ordenestrabajo_export.csv,2026-06-23T00:00:00,1977
WO001978,20250210,20250219,A005,EQ0018,SV8,R013,WT6,P3,S4,47.86,65.45,False,False,ERP,project_fact_ordenestrabajo_export.csv,2026-06-23T00:00:00,1978
WO001979,20250109,20250110,A005,EQ0006,SV8,R021,WT4,P1,S5,6.25,6.94,True,False,ServiceDesk,project_fact_ordenestrabajo_export.csv,2026-06-23T00:00:00,1979
WO001980,20250401,20250415,A003,EQ0040,SV3,R016,WT2,P4,S4,97.43,108.94,False,True,ERP,project_fact_ordenestrabajo_export.csv,2026-06-23T00:00:00,1980
WO001981,20250401,20250402,A005,EQ0011,SV2,R010,WT2,P2,S4,8.47,7.67,True,False,ServiceDesk,project_fact_ordenestrabajo_export.csv,2026-06-23T00:00:00,1981
WO001982,20250612,20250630,A006,EQ0027,SV7,R001,WT6,P4,S4,86.65,163.8,False,False,CMMS,project_fact_ordenestrabajo_export.csv,2026-06-23T00:00:00,1982
WO001983,20250128,,A004,EQ0012,SV8,R010,WT6,P3,S3,44.57,74.19,False,False,ServiceDesk,project_fact_ordenestrabajo_export.csv,2026-06-23T00:00:00,1983
WO001984,20250521,,A002,EQ0030,SV2,R001,WT3,P3,S1,64.07,106.94,False,False,CMMS,project_fact_ordenestrabajo_export.csv,2026-06-23T00:00:00,1984
WO001985,20250115,20250121,A002,EQ0036,SV2,R005,WT6,P2,S4,19.11,42.65,True,False,ServiceDesk,project_fact_ordenestrabajo_export.csv,2026-06-23T00:00:00,1985
WO001986,20250424,,A005,EQ0016,SV2,R007,WT1,P4,S3,51.34,54.67,False,False,ERP,project_fact_ordenestrabajo_export.csv,2026-06-23T00:00:00,1986
WO001987,20250615,20250618,A004,EQ0002,SV2,R025,WT6,P2,S4,19.31,18.63,True,False,CMMS,project_fact_ordenestrabajo_export.csv,2026-06-23T00:00:00,1987
WO001988,20250114,20250125,A003,EQ0022,SV1,R030,WT3,P3,S4,39.21,87.05,False,False,CMMS,project_fact_ordenestrabajo_export.csv,2026-06-23T00:00:00,1988
WO001989,20250423,20250427,A004,EQ0002,SV5,R018,WT2,P3,S4,28.51,26.43,False,False,ServiceDesk,project_fact_ordenestrabajo_export.csv,2026-06-23T00:00:00,1989
WO001990,20250118,20250202,A005,EQ0009,SV5,R013,WT6,P3,S4,58.52,114.93,False,False,ServiceDesk,project_fact_ordenestrabajo_export.csv,2026-06-23T00:00:00,1990
WO001991,20250402,20250418,A005,EQ0017,SV8,R027,WT6,P4,S4,87.5,125.0,False,False,ERP,project_fact_ordenestrabajo_export.csv,2026-06-23T00:00:00,1991
WO001992,20250210,,A003,EQ0035,SV4,R018,WT2,P3,S3,49.3,51.1,False,True,ERP,project_fact_ordenestrabajo_export.csv,2026-06-23T00:00:00,1992
WO001993,20250619,,A001,EQ0010,SV7,R017,WT2,P2,S1,18.25,40.36,True,True,CMMS,project_fact_ordenestrabajo_export.csv,2026-06-23T00:00:00,1993
WO001994,20250524,20250526,A005,EQ0039,SV8,R017,WT4,P2,S4,18.55,15.34,True,False,CMMS,project_fact_ordenestrabajo_export.csv,2026-06-23T00:00:00,1994
WO001995,20250625,20250627,A006,EQ0038,SV3,R019,WT1,P2,S4,14.64,9.64,True,False,CMMS,project_fact_ordenestrabajo_export.csv,2026-06-23T00:00:00,1995
WO001996,20250629,,A002,EQ0015,SV7,R030,WT5,P1,S2,6.81,4.93,True,True,ServiceDesk,project_fact_ordenestrabajo_export.csv,2026-06-23T00:00:00,1996
WO001997,20250212,20250215,A004,EQ0012,SV3,R010,WT2,P1,S4,6.46,18.88,True,False,ServiceDesk,project_fact_ordenestrabajo_export.csv,2026-06-23T00:00:00,1997
WO001998,20250519,20250525,A005,EQ0023,SV2,R016,WT1,P3,S4,60.46,46.69,False,False,CMMS,project_fact_ordenestrabajo_export.csv,2026-06-23T00:00:00,1998
WO001999,20250405,20250408,A006,EQ0019,SV5,R012,WT2,P2,S4,18.34,20.44,True,False,CMMS,project_fact_ordenestrabajo_export.csv,2026-06-23T00:00:00,1999
WO002000,20250204,20250218,A005,EQ0011,SV6,R023,WT2,P4,S4,60.47,104.23,False,False,ERP,project_fact_ordenestrabajo_export.csv,2026-06-23T00:00:00,2000
WO002001,20250316,20250326,A006,EQ0014,SV2,R005,WT2,P4,S4,75.51,74.36,False,False,ServiceDesk,project_fact_ordenestrabajo_export.csv,2026-06-23T00:00:00,2001
WO002002,20250415,20250416,A005,EQ0017,SV5,R005,WT2,P2,S4,13.17,7.73,True,False,ServiceDesk,project_fact_ordenestrabajo_export.csv,2026-06-23T00:00:00,2002
WO002003,20250107,20250113,A003,EQ0031,SV5,R005,WT1,P3,S4,35.71,47.69,False,False,ERP,project_fact_ordenestrabajo_export.csv,2026-06-23T00:00:00,2003
WO002004,20250202,20250204,A002,EQ0015,SV3,R029,WT2,P2,S4,11.43,8.16,True,True,ERP,project_fact_ordenestrabajo_export.csv,2026-06-23T00:00:00,2004
WO002005,20250101,20250103,A006,EQ0024,SV8,R015,WT5,P2,S5,10.73,8.33,True,False,CMMS,project_fact_ordenestrabajo_export.csv,2026-06-23T00:00:00,2005
WO002006,20250203,,A001,EQ0028,SV1,R015,WT6,P1,S3,3.41,2.83,True,True,CMMS,project_fact_ordenestrabajo_export.csv,2026-06-23T00:00:00,2006
WO002007,20250513,20250516,A002,EQ0015,SV7,R015,WT1,P2,S4,14.92,19.15,True,False,CMMS,project_fact_ordenestrabajo_export.csv,2026-06-23T00:00:00,2007
WO002008,20250611,20250618,A004,EQ0012,SV4,R025,WT2,P3,S4,59.94,53.47,False,True,CMMS,project_fact_ordenestrabajo_export.csv,2026-06-23T00:00:00,2008
WO002009,20250421,20250424,A003,EQ0022,SV7,R001,WT2,P2,S4,16.24,19.05,True,False,CMMS,project_fact_ordenestrabajo_export.csv,2026-06-23T00:00:00,2009
WO002010,20250529,20250530,A005,EQ0017,SV8,R026,WT2,P1,S4,4.06,3.32,True,False,CMMS,project_fact_ordenestrabajo_export.csv,2026-06-23T00:00:00,2010
WO002011,20250620,20250630,A005,EQ0032,SV2,R007,WT1,P4,S4,60.79,141.18,False,True,ERP,project_fact_ordenestrabajo_export.csv,2026-06-23T00:00:00,2011
WO002012,20250220,20250228,A005,EQ0034,SV2,R014,WT6,P4,S4,59.02,59.65,False,False,CMMS,project_fact_ordenestrabajo_export.csv,2026-06-23T00:00:00,2012
WO002013,20250415,,A004,EQ0003,SV7,R005,WT2,P1,S2,6.05,8.52,True,False,ERP,project_fact_ordenestrabajo_export.csv,2026-06-23T00:00:00,2013
WO002014,20250518,20250606,A001,EQ0007,SV3,R022,WT1,P4,S4,79.55,145.8,False,False,ServiceDesk,project_fact_ordenestrabajo_export.csv,2026-06-23T00:00:00,2014
WO002015,20250204,20250223,A001,EQ0007,SV5,R012,WT1,P4,S4,103.43,150.76,False,False,ServiceDesk,project_fact_ordenestrabajo_export.csv,2026-06-23T00:00:00,2015
WO002016,20250612,,A002,EQ0036,SV5,R025,WT5,P3,S2,63.64,53.52,False,False,ERP,project_fact_ordenestrabajo_export.csv,2026-06-23T00:00:00,2016
WO002017,20250530,,A006,EQ0024,SV1,R010,WT4,P3,S2,49.03,49.29,False,False,ERP,project_fact_ordenestrabajo_export.csv,2026-06-23T00:00:00,2017
WO002018,20250117,20250122,A005,EQ0023,SV2,R012,WT2,P3,S4,50.16,35.08,False,False,CMMS,project_fact_ordenestrabajo_export.csv,2026-06-23T00:00:00,2018
WO002019,20250207,20250218,A001,EQ0010,SV2,R028,WT3,P4,S4,65.87,81.95,False,False,CMMS,project_fact_ordenestrabajo_export.csv,2026-06-23T00:00:00,2019
WO002020,20250405,20250408,A005,EQ0037,SV1,R001,WT3,P2,S4,15.97,21.58,True,False,ERP,project_fact_ordenestrabajo_export.csv,2026-06-23T00:00:00,2020
WO002021,20250422,,A006,EQ0027,SV2,R005,WT2,P3,S1,50.46,101.25,False,False,ERP,project_fact_ordenestrabajo_export.csv,2026-06-23T00:00:00,2021
WO002022,20250607,20250610,A005,EQ0039,SV1,R011,WT2,P4,S4,46.43,23.46,False,False,CMMS,project_fact_ordenestrabajo_export.csv,2026-06-23T00:00:00,2022
WO002023,20250606,20250607,A001,EQ0010,SV2,R002,WT1,P2,S4,8.55,5.39,True,False,CMMS,project_fact_ordenestrabajo_export.csv,2026-06-23T00:00:00,2023
WO002024,20250514,20250519,A003,EQ0022,SV8,R006,WT6,P3,S4,35.98,34.37,False,False,CMMS,project_fact_ordenestrabajo_export.csv,2026-06-23T00:00:00,2024
WO002025,20250326,20250327,A002,EQ0030,SV2,R011,WT5,P2,S4,10.06,7.39,True,False,ERP,project_fact_ordenestrabajo_export.csv,2026-06-23T00:00:00,2025
WO002026,20250228,,A005,EQ0039,SV5,R017,WT1,P4,S3,80.95,137.0,False,False,CMMS,project_fact_ordenestrabajo_export.csv,2026-06-23T00:00:00,2026
WO002027,20250612,20250613,A004,EQ0003,SV2,R014,WT1,P1,S4,4.43,3.75,True,False,CMMS,project_fact_ordenestrabajo_export.csv,2026-06-23T00:00:00,2027
WO002028,20250417,20250419,A003,EQ0031,SV1,R011,WT3,P2,S5,19.41,11.44,True,False,ERP,project_fact_ordenestrabajo_export.csv,2026-06-23T00:00:00,2028
WO002029,20250109,20250115,A005,EQ0009,SV8,R014,WT5,P4,S4,83.97,46.34,False,False,ERP,project_fact_ordenestrabajo_export.csv,2026-06-23T00:00:00,2029
WO002030,20250106,20250117,A005,EQ0034,SV2,R028,WT3,P4,S4,99.79,81.12,False,False,ServiceDesk,project_fact_ordenestrabajo_export.csv,2026-06-23T00:00:00,2030
WO002031,20250414,20250416,A006,EQ0019,SV3,R029,WT3,P2,S4,9.83,12.17,True,False,ServiceDesk,project_fact_ordenestrabajo_export.csv,2026-06-23T00:00:00,2031
WO002032,20250418,20250419,A002,EQ0015,SV8,R006,WT2,P1,S4,4.61,6.55,True,False,CMMS,project_fact_ordenestrabajo_export.csv,2026-06-23T00:00:00,2032
WO002033,20250615,20250619,A005,EQ0016,SV6,R008,WT6,P2,S4,17.15,24.53,True,False,ServiceDesk,project_fact_ordenestrabajo_export.csv,2026-06-23T00:00:00,2033
WO002034,20250213,20250214,A003,EQ0040,SV3,R023,WT3,P1,S4,4.43,6.02,True,False,ERP,project_fact_ordenestrabajo_export.csv,2026-06-23T00:00:00,2034
WO002035,20250324,20250325,A006,EQ0019,SV7,R024,WT6,P1,S4,6.02,6.03,True,True,CMMS,project_fact_ordenestrabajo_export.csv,2026-06-23T00:00:00,2035
WO002036,20250406,20250409,A001,EQ0026,SV1,R004,WT1,P2,S4,20.94,19.22,True,False,CMMS,project_fact_ordenestrabajo_export.csv,2026-06-23T00:00:00,2036
WO002037,20250617,20250621,A005,EQ0009,SV8,R017,WT2,P3,S4,59.43,27.41,False,False,CMMS,project_fact_ordenestrabajo_export.csv,2026-06-23T00:00:00,2037
WO002038,20250112,20250120,A001,EQ0020,SV1,R001,WT3,P3,S4,29.43,59.03,False,False,ServiceDesk,project_fact_ordenestrabajo_export.csv,2026-06-23T00:00:00,2038
WO002039,20250509,20250510,A005,EQ0009,SV2,R019,WT2,P1,S4,3.16,3.45,True,False,ServiceDesk,project_fact_ordenestrabajo_export.csv,2026-06-23T00:00:00,2039
WO002040,20250117,20250119,A004,EQ0002,SV3,R018,WT2,P3,S4,33.07,13.76,False,False,ERP,project_fact_ordenestrabajo_export.csv,2026-06-23T00:00:00,2040
WO002041,20250122,20250125,A005,EQ0009,SV4,R030,WT2,P2,S4,11.24,22.44,True,False,ERP,project_fact_ordenestrabajo_export.csv,2026-06-23T00:00:00,2041
WO002042,20250216,20250220,A006,EQ0038,SV1,R018,WT1,P2,S4,17.77,26.02,True,True,CMMS,project_fact_ordenestrabajo_export.csv,2026-06-23T00:00:00,2042
WO002043,20250613,20250629,A005,EQ0006,SV8,R029,WT1,P4,S4,91.08,125.13,False,False,CMMS,project_fact_ordenestrabajo_export.csv,2026-06-23T00:00:00,2043
WO002044,20250217,20250220,A006,EQ0024,SV1,R005,WT2,P3,S4,29.11,16.58,False,False,CMMS,project_fact_ordenestrabajo_export.csv,2026-06-23T00:00:00,2044
WO002045,20250313,,A003,EQ0031,SV5,R029,WT3,P1,S2,6.32,10.09,True,False,CMMS,project_fact_ordenestrabajo_export.csv,2026-06-23T00:00:00,2045
WO002046,20250627,20250630,A001,EQ0020,SV1,R012,WT6,P4,S4,68.95,266.65,False,True,ServiceDesk,project_fact_ordenestrabajo_export.csv,2026-06-23T00:00:00,2046
WO002047,20250409,,A002,EQ0036,SV5,R017,WT1,P2,S3,10.03,15.68,True,False,ServiceDesk,project_fact_ordenestrabajo_export.csv,2026-06-23T00:00:00,2047
WO002048,20250108,20250111,A002,EQ0036,SV2,R027,WT3,P2,S4,19.65,21.44,True,False,CMMS,project_fact_ordenestrabajo_export.csv,2026-06-23T00:00:00,2048
WO002049,20250324,20250331,A003,EQ0022,SV3,R020,WT6,P3,S4,39.64,50.58,False,False,CMMS,project_fact_ordenestrabajo_export.csv,2026-06-23T00:00:00,2049
WO002050,20250530,20250531,A004,EQ0002,SV3,R028,WT1,P1,S5,3.53,5.23,True,False,ERP,project_fact_ordenestrabajo_export.csv,2026-06-23T00:00:00,2050
WO002051,20250509,20250523,A003,EQ0040,SV7,R026,WT4,P4,S5,62.9,108.21,False,False,CMMS,project_fact_ordenestrabajo_export.csv,2026-06-23T00:00:00,2051
WO002052,20250617,,A004,EQ0008,SV2,R021,WT6,P4,S2,57.09,85.16,False,False,ERP,project_fact_ordenestrabajo_export.csv,2026-06-23T00:00:00,2052
WO002053,20250330,,A002,EQ0030,SV2,R029,WT1,P4,S2,59.22,103.32,False,False,CMMS,project_fact_ordenestrabajo_export.csv,2026-06-23T00:00:00,2053
WO002054,20250411,20250417,A004,EQ0013,SV6,R022,WT2,P3,S4,55.69,45.79,False,True,CMMS,project_fact_ordenestrabajo_export.csv,2026-06-23T00:00:00,2054
WO002055,20250413,20250418,A005,EQ0011,SV6,R028,WT1,P3,S4,54.26,37.05,False,False,ServiceDesk,project_fact_ordenestrabajo_export.csv,2026-06-23T00:00:00,2055
WO002056,20250303,20250328,A006,EQ0024,SV8,R014,WT2,P4,S4,76.76,199.87,False,False,ERP,project_fact_ordenestrabajo_export.csv,2026-06-23T00:00:00,2056
WO002057,20250316,20250319,A005,EQ0021,SV8,R025,WT1,P2,S4,11.84,17.26,True,False,ServiceDesk,project_fact_ordenestrabajo_export.csv,2026-06-23T00:00:00,2057
WO002058,20250423,20250506,A003,EQ0001,SV4,R009,WT3,P3,S4,55.73,99.22,False,True,CMMS,project_fact_ordenestrabajo_export.csv,2026-06-23T00:00:00,2058
WO002059,20250404,,A005,EQ0021,SV3,R001,WT2,P2,S3,12.69,18.91,True,False,ERP,project_fact_ordenestrabajo_export.csv,2026-06-23T00:00:00,2059
WO002060,20250614,20250622,A005,EQ0016,SV5,R005,WT5,P4,S4,52.89,57.43,False,False,ServiceDesk,project_fact_ordenestrabajo_export.csv,2026-06-23T00:00:00,2060
WO002061,20250406,20250414,A001,EQ0026,SV7,R016,WT2,P4,S4,87.83,60.09,False,False,CMMS,project_fact_ordenestrabajo_export.csv,2026-06-23T00:00:00,2061
WO002062,20250506,20250509,A005,EQ0017,SV6,R022,WT2,P2,S4,13.52,20.77,True,False,ServiceDesk,project_fact_ordenestrabajo_export.csv,2026-06-23T00:00:00,2062
WO002063,20250629,20250630,A003,EQ0031,SV5,R003,WT1,P3,S4,60.24,71.94,False,False,ServiceDesk,project_fact_ordenestrabajo_export.csv,2026-06-23T00:00:00,2063
WO002064,20250210,20250219,A004,EQ0029,SV4,R020,WT2,P3,S4,45.49,69.93,False,False,ERP,project_fact_ordenestrabajo_export.csv,2026-06-23T00:00:00,2064
WO002065,20250115,,A004,EQ0013,SV6,R008,WT1,P4,S3,60.9,56.28,False,False,CMMS,project_fact_ordenestrabajo_export.csv,2026-06-23T00:00:00,2065
WO002066,20250414,,A005,EQ0037,SV5,R007,WT5,P4,S2,64.09,65.92,False,False,ServiceDesk,project_fact_ordenestrabajo_export.csv,2026-06-23T00:00:00,2066
WO002067,20250206,20250209,A004,EQ0003,SV1,R004,WT2,P2,S4,15.31,16.97,True,False,ServiceDesk,project_fact_ordenestrabajo_export.csv,2026-06-23T00:00:00,2067
WO002068,20250205,,A005,EQ0006,SV1,R028,WT2,P4,S2,46.56,85.89,False,False,CMMS,project_fact_ordenestrabajo_export.csv,2026-06-23T00:00:00,2068
WO002069,20250315,20250318,A005,EQ0011,SV1,R018,WT4,P2,S5,20.34,18.46,True,False,ERP,project_fact_ordenestrabajo_export.csv,2026-06-23T00:00:00,2069
WO002070,20250507,,A005,EQ0037,SV4,R019,WT2,P4,S2,89.38,283.52,False,True,ERP,project_fact_ordenestrabajo_export.csv,2026-06-23T00:00:00,2070
WO002071,20250530,,A005,EQ0009,SV4,R005,WT6,P4,S2,102.13,199.02,False,False,CMMS,project_fact_ordenestrabajo_export.csv,2026-06-23T00:00:00,2071
WO002072,20250614,,A006,EQ0014,SV8,R028,WT2,P3,S2,31.33,20.75,False,False,CMMS,project_fact_ordenestrabajo_export.csv,2026-06-23T00:00:00,2072
WO002073,20250627,20250630,A002,EQ0030,SV4,R014,WT1,P3,S5,53.02,86.64,False,False,ERP,project_fact_ordenestrabajo_export.csv,2026-06-23T00:00:00,2073
WO002074,20250611,,A005,EQ0011,SV6,R011,WT6,P4,S3,81.34,51.7,False,False,ERP,project_fact_ordenestrabajo_export.csv,2026-06-23T00:00:00,2074
WO002075,20250521,20250529,A003,EQ0033,SV4,R025,WT2,P3,S4,48.79,62.83,False,False,ServiceDesk,project_fact_ordenestrabajo_export.csv,2026-06-23T00:00:00,2075
WO002076,20250225,20250227,A006,EQ0027,SV2,R024,WT1,P2,S4,8.69,9.72,True,False,ERP,project_fact_ordenestrabajo_export.csv,2026-06-23T00:00:00,2076
WO002077,20250327,20250412,A001,EQ0010,SV3,R003,WT3,P4,S4,104.24,121.59,False,False,ERP,project_fact_ordenestrabajo_export.csv,2026-06-23T00:00:00,2077
WO002078,20250626,,A004,EQ0029,SV8,R005,WT2,P4,S3,93.01,74.17,False,False,ERP,project_fact_ordenestrabajo_export.csv,2026-06-23T00:00:00,2078
WO002079,20250617,20250624,A006,EQ0014,SV1,R002,WT1,P3,S4,51.61,54.84,False,False,ERP,project_fact_ordenestrabajo_export.csv,2026-06-23T00:00:00,2079
WO002080,20250429,20250430,A005,EQ0037,SV3,R026,WT5,P1,S4,6.43,5.07,True,False,ServiceDesk,project_fact_ordenestrabajo_export.csv,2026-06-23T00:00:00,2080
WO002081,20250219,20250223,A001,EQ0020,SV8,R013,WT2,P2,S4,11.45,29.78,True,False,ERP,project_fact_ordenestrabajo_export.csv,2026-06-23T00:00:00,2081
WO002082,20250329,20250406,A006,EQ0027,SV2,R020,WT2,P4,S4,71.47,61.88,False,False,CMMS,project_fact_ordenestrabajo_export.csv,2026-06-23T00:00:00,2082
WO002083,20250404,20250409,A005,EQ0032,SV2,R013,WT5,P3,S4,55.4,38.43,False,False,ERP,project_fact_ordenestrabajo_export.csv,2026-06-23T00:00:00,2083
WO002084,20250422,,A005,EQ0011,SV3,R025,WT6,P2,S2,15.41,9.92,True,False,CMMS,project_fact_ordenestrabajo_export.csv,2026-06-23T00:00:00,2084
WO002085,20250327,,A004,EQ0029,SV7,R006,WT3,P4,S1,103.13,182.73,False,True,ERP,project_fact_ordenestrabajo_export.csv,2026-06-23T00:00:00,2085
WO002086,20250308,20250320,A002,EQ0030,SV1,R022,WT4,P3,S4,57.6,93.81,False,False,CMMS,project_fact_ordenestrabajo_export.csv,2026-06-23T00:00:00,2086
WO002087,20250325,,A003,EQ0022,SV2,R015,WT1,P2,S1,12.15,12.07,True,False,CMMS,project_fact_ordenestrabajo_export.csv,2026-06-23T00:00:00,2087
WO002088,20250202,20250204,A003,EQ0035,SV3,R007,WT3,P2,S4,13.35,13.73,True,False,ServiceDesk,project_fact_ordenestrabajo_export.csv,2026-06-23T00:00:00,2088
WO002089,20250429,20250502,A001,EQ0028,SV6,R026,WT1,P2,S4,15.92,19.14,True,False,ERP,project_fact_ordenestrabajo_export.csv,2026-06-23T00:00:00,2089
WO002090,20250314,20250323,A002,EQ0015,SV5,R023,WT3,P3,S4,60.21,65.04,False,False,CMMS,project_fact_ordenestrabajo_export.csv,2026-06-23T00:00:00,2090
WO002091,20250408,,A005,EQ0034,SV6,R026,WT3,P3,S1,51.99,42.43,False,False,CMMS,project_fact_ordenestrabajo_export.csv,2026-06-23T00:00:00,2091
WO002092,20250127,20250129,A003,EQ0031,SV8,R014,WT6,P2,S4,14.3,11.9,True,False,ServiceDesk,project_fact_ordenestrabajo_export.csv,2026-06-23T00:00:00,2092
WO002093,20250112,20250122,A005,EQ0037,SV8,R014,WT1,P4,S4,100.56,72.44,False,False,ERP,project_fact_ordenestrabajo_export.csv,2026-06-23T00:00:00,2093
WO002094,20250531,20250611,A004,EQ0004,SV4,R028,WT5,P3,S4,51.07,86.05,False,False,ServiceDesk,project_fact_ordenestrabajo_export.csv,2026-06-23T00:00:00,2094
WO002095,20250127,20250212,A006,EQ0019,SV4,R023,WT2,P3,S4,50.55,124.21,False,False,ServiceDesk,project_fact_ordenestrabajo_export.csv,2026-06-23T00:00:00,2095
WO002096,20250116,,A004,EQ0004,SV5,R024,WT5,P4,S3,85.45,69.67,False,False,ServiceDesk,project_fact_ordenestrabajo_export.csv,2026-06-23T00:00:00,2096
WO002097,20250619,20250630,A005,EQ0039,SV4,R021,WT1,P3,S4,56.0,96.91,False,False,ERP,project_fact_ordenestrabajo_export.csv,2026-06-23T00:00:00,2097
WO002098,20250425,20250429,A005,EQ0011,SV3,R030,WT3,P4,S4,48.54,29.83,False,False,CMMS,project_fact_ordenestrabajo_export.csv,2026-06-23T00:00:00,2098
WO002099,20250531,,A005,EQ0034,SV2,R008,WT3,P4,S2,68.91,106.79,False,True,ERP,project_fact_ordenestrabajo_export.csv,2026-06-23T00:00:00,2099
WO002100,20250606,20250611,A005,EQ0039,SV3,R028,WT3,P3,S4,49.5,34.69,False,True,ERP,project_fact_ordenestrabajo_export.csv,2026-06-23T00:00:00,2100
WO002101,20250621,20250623,A001,EQ0007,SV8,R010,WT2,P1,S4,6.24,10.46,True,False,ERP,project_fact_ordenestrabajo_export.csv,2026-06-23T00:00:00,2101
WO002102,20250209,20250212,A005,EQ0023,SV8,R030,WT2,P2,S4,17.09,18.25,True,False,CMMS,project_fact_ordenestrabajo_export.csv,2026-06-23T00:00:00,2102
WO002103,20250413,,A005,EQ0032,SV1,R029,WT2,P2,S2,13.43,18.38,True,True,CMMS,project_fact_ordenestrabajo_export.csv,2026-06-23T00:00:00,2103
WO002104,20250626,,A005,EQ0018,SV7,R018,WT3,P4,S2,93.29,104.81,False,False,CMMS,project_fact_ordenestrabajo_export.csv,2026-06-23T00:00:00,2104
WO002105,20250417,,A004,EQ0003,SV4,R026,WT1,P3,S1,62.09,49.26,False,False,ERP,project_fact_ordenestrabajo_export.csv,2026-06-23T00:00:00,2105
WO002106,20250112,,A006,EQ0014,SV3,R010,WT4,P4,S1,66.67,82.86,False,False,ERP,project_fact_ordenestrabajo_export.csv,2026-06-23T00:00:00,2106
WO002107,20250330,20250331,A004,EQ0013,SV2,R024,WT1,P1,S4,6.42,7.49,True,False,ERP,project_fact_ordenestrabajo_export.csv,2026-06-23T00:00:00,2107
WO002108,20250301,,A005,EQ0037,SV4,R013,WT6,P3,S2,28.72,24.79,False,True,CMMS,project_fact_ordenestrabajo_export.csv,2026-06-23T00:00:00,2108
WO002109,20250201,,A004,EQ0004,SV8,R023,WT6,P3,S3,48.45,55.58,False,False,CMMS,project_fact_ordenestrabajo_export.csv,2026-06-23T00:00:00,2109
WO002110,20250608,,A003,EQ0022,SV3,R024,WT2,P4,S3,55.83,30.47,False,False,ServiceDesk,project_fact_ordenestrabajo_export.csv,2026-06-23T00:00:00,2110
WO002111,20250412,20250413,A005,EQ0006,SV6,R008,WT3,P1,S4,3.58,3.43,True,False,ServiceDesk,project_fact_ordenestrabajo_export.csv,2026-06-23T00:00:00,2111
WO002112,20250210,,A003,EQ0031,SV1,R011,WT6,P2,S2,8.51,7.45,True,False,ERP,project_fact_ordenestrabajo_export.csv,2026-06-23T00:00:00,2112
WO002113,20250623,20250627,A003,EQ0040,SV1,R007,WT2,P4,S4,58.9,26.99,False,False,ERP,project_fact_ordenestrabajo_export.csv,2026-06-23T00:00:00,2113
WO002114,20250423,,A005,EQ0037,SV5,R023,WT2,P1,S1,4.24,2.55,True,False,CMMS,project_fact_ordenestrabajo_export.csv,2026-06-23T00:00:00,2114
WO002115,20250313,20250316,A006,EQ0019,SV4,R027,WT1,P2,S4,13.52,20.31,True,False,ERP,project_fact_ordenestrabajo_export.csv,2026-06-23T00:00:00,2115
WO002116,20250520,20250604,A004,EQ0002,SV7,R026,WT3,P3,S4,56.4,112.43,False,False,ServiceDesk,project_fact_ordenestrabajo_export.csv,2026-06-23T00:00:00,2116
WO002117,20250608,20250630,A004,EQ0005,SV1,R022,WT6,P3,S4,59.79,193.28,False,False,ERP,project_fact_ordenestrabajo_export.csv,2026-06-23T00:00:00,2117
WO002118,20250211,20250223,A005,EQ0017,SV2,R016,WT3,P3,S4,64.12,93.53,False,False,CMMS,project_fact_ordenestrabajo_export.csv,2026-06-23T00:00:00,2118
WO002119,20250208,,A004,EQ0013,SV4,R019,WT3,P4,S1,90.07,55.32,False,False,ServiceDesk,project_fact_ordenestrabajo_export.csv,2026-06-23T00:00:00,2119
WO002120,20250627,20250628,A001,EQ0010,SV7,R014,WT2,P1,S4,4.73,7.1,True,False,ERP,project_fact_ordenestrabajo_export.csv,2026-06-23T00:00:00,2120
WO002121,20250215,20250218,A003,EQ0033,SV1,R012,WT1,P3,S4,25.88,18.49,False,False,CMMS,project_fact_ordenestrabajo_export.csv,2026-06-23T00:00:00,2121
WO002122,20250622,20250630,A001,EQ0028,SV8,R002,WT2,P4,S4,97.06,91.24,False,False,ServiceDesk,project_fact_ordenestrabajo_export.csv,2026-06-23T00:00:00,2122
WO002123,20250427,20250506,A005,EQ0039,SV4,R011,WT1,P4,S4,58.47,69.11,False,False,ServiceDesk,project_fact_ordenestrabajo_export.csv,2026-06-23T00:00:00,2123
WO002124,20250303,20250307,A003,EQ0040,SV2,R003,WT1,P2,S4,16.76,31.53,True,False,ERP,project_fact_ordenestrabajo_export.csv,2026-06-23T00:00:00,2124
WO002125,20250313,20250315,A001,EQ0007,SV1,R023,WT1,P2,S4,19.05,9.63,True,False,ERP,project_fact_ordenestrabajo_export.csv,2026-06-23T00:00:00,2125
WO002126,20250618,20250624,A005,EQ0016,SV5,R029,WT3,P3,S5,32.78,40.44,False,False,CMMS,project_fact_ordenestrabajo_export.csv,2026-06-23T00:00:00,2126
WO002127,20250403,20250419,A005,EQ0023,SV2,R007,WT1,P4,S4,83.79,125.34,False,False,ERP,project_fact_ordenestrabajo_export.csv,2026-06-23T00:00:00,2127
WO002128,20250620,20250621,A003,EQ0033,SV1,R021,WT2,P1,S4,4.94,5.08,True,False,ServiceDesk,project_fact_ordenestrabajo_export.csv,2026-06-23T00:00:00,2128
WO002129,20250117,20250124,A004,EQ0004,SV7,R027,WT2,P3,S4,44.15,54.63,False,False,CMMS,project_fact_ordenestrabajo_export.csv,2026-06-23T00:00:00,2129
WO002130,20250302,20250305,A001,EQ0007,SV3,R007,WT6,P2,S4,10.95,19.55,True,False,ServiceDesk,project_fact_ordenestrabajo_export.csv,2026-06-23T00:00:00,2130
WO002131,20250116,20250121,A003,EQ0035,SV6,R002,WT3,P3,S4,56.74,32.97,False,False,CMMS,project_fact_ordenestrabajo_export.csv,2026-06-23T00:00:00,2131
WO002132,20250122,,A001,EQ0020,SV7,R006,WT3,P4,S3,95.01,215.48,False,True,ERP,project_fact_ordenestrabajo_export.csv,2026-06-23T00:00:00,2132
WO002133,20250619,20250621,A001,EQ0028,SV2,R022,WT2,P2,S4,8.78,14.76,True,False,ERP,project_fact_ordenestrabajo_export.csv,2026-06-23T00:00:00,2133
WO002134,20250201,20250216,A003,EQ0035,SV4,R005,WT1,P4,S4,69.46,112.29,False,False,CMMS,project_fact_ordenestrabajo_export.csv,2026-06-23T00:00:00,2134
WO002135,20250616,,A004,EQ0029,SV4,R028,WT6,P2,S2,8.81,15.95,True,False,CMMS,project_fact_ordenestrabajo_export.csv,2026-06-23T00:00:00,2135
WO002136,20250621,20250630,A005,EQ0018,SV2,R020,WT3,P3,S4,58.89,74.64,False,False,ServiceDesk,project_fact_ordenestrabajo_export.csv,2026-06-23T00:00:00,2136
WO002137,20250418,20250424,A006,EQ0019,SV8,R012,WT6,P3,S4,33.31,43.97,False,False,ERP,project_fact_ordenestrabajo_export.csv,2026-06-23T00:00:00,2137
WO002138,20250430,,A004,EQ0029,SV3,R001,WT6,P4,S3,76.62,94.02,False,False,CMMS,project_fact_ordenestrabajo_export.csv,2026-06-23T00:00:00,2138
WO002139,20250218,20250224,A005,EQ0009,SV2,R015,WT6,P3,S4,54.81,41.44,False,False,ERP,project_fact_ordenestrabajo_export.csv,2026-06-23T00:00:00,2139
WO002140,20250528,20250530,A003,EQ0025,SV8,R007,WT1,P2,S4,14.76,12.83,True,True,ServiceDesk,project_fact_ordenestrabajo_export.csv,2026-06-23T00:00:00,2140
WO002141,20250501,20250503,A001,EQ0010,SV6,R019,WT1,P1,S4,6.9,10.55,True,False,ERP,project_fact_ordenestrabajo_export.csv,2026-06-23T00:00:00,2141
WO002142,20250104,,A006,EQ0014,SV3,R020,WT2,P1,S2,5.92,4.01,True,False,ERP,project_fact_ordenestrabajo_export.csv,2026-06-23T00:00:00,2142
WO002143,20250127,,A005,EQ0023,SV1,R006,WT2,P4,S2,87.39,82.67,False,False,ERP,project_fact_ordenestrabajo_export.csv,2026-06-23T00:00:00,2143
WO002144,20250620,20250624,A006,EQ0024,SV2,R029,WT2,P3,S4,40.4,31.55,False,False,ServiceDesk,project_fact_ordenestrabajo_export.csv,2026-06-23T00:00:00,2144
WO002145,20250221,,A003,EQ0025,SV5,R011,WT2,P2,S3,20.96,22.06,True,False,ServiceDesk,project_fact_ordenestrabajo_export.csv,2026-06-23T00:00:00,2145
WO002146,20250323,20250325,A003,EQ0025,SV4,R029,WT1,P1,S4,6.32,8.52,True,False,ServiceDesk,project_fact_ordenestrabajo_export.csv,2026-06-23T00:00:00,2146
WO002147,20250411,20250414,A003,EQ0022,SV5,R018,WT2,P3,S4,26.46,20.51,False,False,ERP,project_fact_ordenestrabajo_export.csv,2026-06-23T00:00:00,2147
WO002148,20250604,20250614,A006,EQ0038,SV6,R018,WT1,P3,S4,45.67,72.68,False,False,ServiceDesk,project_fact_ordenestrabajo_export.csv,2026-06-23T00:00:00,2148
WO002149,20250205,20250215,A003,EQ0025,SV6,R015,WT3,P3,S4,58.89,77.96,False,True,CMMS,project_fact_ordenestrabajo_export.csv,2026-06-23T00:00:00,2149
WO002150,20250410,,A005,EQ0037,SV3,R029,WT1,P4,S2,102.62,160.0,False,False,CMMS,project_fact_ordenestrabajo_export.csv,2026-06-23T00:00:00,2150
WO002151,20250329,,A002,EQ0036,SV6,R028,WT6,P4,S2,105.4,57.82,False,False,ERP,project_fact_ordenestrabajo_export.csv,2026-06-23T00:00:00,2151
WO002152,20250409,,A005,EQ0021,SV7,R009,WT2,P1,S2,6.74,7.81,True,False,ERP,project_fact_ordenestrabajo_export.csv,2026-06-23T00:00:00,2152
WO002153,20250619,20250626,A004,EQ0029,SV1,R015,WT3,P3,S5,47.34,49.06,False,False,ERP,project_fact_ordenestrabajo_export.csv,2026-06-23T00:00:00,2153
WO002154,20250525,,A001,EQ0010,SV4,R013,WT3,P3,S2,58.0,91.31,False,False,CMMS,project_fact_ordenestrabajo_export.csv,2026-06-23T00:00:00,2154
WO002155,20250412,20250415,A003,EQ0025,SV8,R019,WT3,P3,S4,47.21,23.65,False,False,CMMS,project_fact_ordenestrabajo_export.csv,2026-06-23T00:00:00,2155
WO002156,20250127,,A001,EQ0020,SV8,R001,WT2,P4,S3,81.64,142.89,False,False,ERP,project_fact_ordenestrabajo_export.csv,2026-06-23T00:00:00,2156
WO002157,20250523,,A002,EQ0036,SV6,R023,WT2,P3,S3,36.0,25.47,False,False,CMMS,project_fact_ordenestrabajo_export.csv,2026-06-23T00:00:00,2157
WO002158,20250509,20250510,A005,EQ0017,SV8,R002,WT4,P2,S4,9.01,6.69,True,False,ERP,project_fact_ordenestrabajo_export.csv,2026-06-23T00:00:00,2158
WO002159,20250620,,A005,EQ0011,SV6,R009,WT6,P3,S2,56.45,92.24,False,False,CMMS,project_fact_ordenestrabajo_export.csv,2026-06-23T00:00:00,2159
WO002160,20250321,,A003,EQ0031,SV5,R012,WT1,P3,S3,41.82,44.18,False,False,CMMS,project_fact_ordenestrabajo_export.csv,2026-06-23T00:00:00,2160
WO002161,20250313,20250314,A005,EQ0034,SV1,R003,WT6,P2,S5,11.51,5.38,True,True,ERP,project_fact_ordenestrabajo_export.csv,2026-06-23T00:00:00,2161
WO002162,20250531,20250605,A005,EQ0037,SV7,R024,WT3,P3,S4,30.55,32.25,False,True,CMMS,project_fact_ordenestrabajo_export.csv,2026-06-23T00:00:00,2162
WO002163,20250322,20250325,A004,EQ0003,SV1,R030,WT2,P2,S4,10.36,17.53,True,False,ServiceDesk,project_fact_ordenestrabajo_export.csv,2026-06-23T00:00:00,2163
WO002164,20250104,20250110,A005,EQ0023,SV5,R020,WT3,P3,S4,38.8,43.31,False,False,ERP,project_fact_ordenestrabajo_export.csv,2026-06-23T00:00:00,2164
WO002165,20250620,20250625,A001,EQ0028,SV2,R028,WT5,P3,S5,28.44,38.43,False,False,CMMS,project_fact_ordenestrabajo_export.csv,2026-06-23T00:00:00,2165
WO002166,20250222,20250228,A003,EQ0040,SV4,R003,WT1,P3,S4,48.46,46.0,False,False,CMMS,project_fact_ordenestrabajo_export.csv,2026-06-23T00:00:00,2166
WO002167,20250608,,A003,EQ0025,SV5,R009,WT5,P3,S3,56.09,34.02,False,False,ERP,project_fact_ordenestrabajo_export.csv,2026-06-23T00:00:00,2167
WO002168,20250525,20250527,A006,EQ0024,SV8,R008,WT2,P2,S4,12.03,8.98,True,False,ERP,project_fact_ordenestrabajo_export.csv,2026-06-23T00:00:00,2168
WO002169,20250206,20250215,A004,EQ0005,SV3,R016,WT2,P3,S4,45.96,66.51,False,False,ERP,project_fact_ordenestrabajo_export.csv,2026-06-23T00:00:00,2169
WO002170,20250617,,A005,EQ0017,SV8,R028,WT3,P3,S3,58.7,37.87,False,False,ServiceDesk,project_fact_ordenestrabajo_export.csv,2026-06-23T00:00:00,2170
WO002171,20250116,,A001,EQ0010,SV8,R017,WT2,P1,S2,4.98,11.9,True,False,ERP,project_fact_ordenestrabajo_export.csv,2026-06-23T00:00:00,2171
WO002172,20250520,20250525,A004,EQ0012,SV5,R001,WT5,P3,S4,34.89,37.73,False,False,CMMS,project_fact_ordenestrabajo_export.csv,2026-06-23T00:00:00,2172
WO002173,20250602,20250608,A005,EQ0017,SV8,R030,WT6,P4,S4,73.48,42.07,False,False,ServiceDesk,project_fact_ordenestrabajo_export.csv,2026-06-23T00:00:00,2173
WO002174,20250209,20250212,A005,EQ0021,SV6,R008,WT2,P2,S4,19.1,22.45,True,True,CMMS,project_fact_ordenestrabajo_export.csv,2026-06-23T00:00:00,2174
WO002175,20250425,20250504,A005,EQ0021,SV1,R002,WT2,P3,S4,63.45,71.3,False,False,ERP,project_fact_ordenestrabajo_export.csv,2026-06-23T00:00:00,2175
WO002176,20250125,,A005,EQ0017,SV8,R026,WT6,P3,S2,50.03,64.09,False,False,ServiceDesk,project_fact_ordenestrabajo_export.csv,2026-06-23T00:00:00,2176
WO002177,20250215,20250226,A006,EQ0014,SV6,R021,WT1,P3,S4,35.35,83.43,False,False,ERP,project_fact_ordenestrabajo_export.csv,2026-06-23T00:00:00,2177
WO002178,20250308,20250313,A002,EQ0015,SV6,R027,WT4,P2,S4,21.04,33.88,True,False,ERP,project_fact_ordenestrabajo_export.csv,2026-06-23T00:00:00,2178
WO002179,20250129,20250131,A005,EQ0034,SV6,R014,WT2,P2,S4,16.2,15.18,True,True,CMMS,project_fact_ordenestrabajo_export.csv,2026-06-23T00:00:00,2179
WO002180,20250418,20250428,A004,EQ0029,SV6,R013,WT5,P4,S4,62.32,74.61,False,False,ERP,project_fact_ordenestrabajo_export.csv,2026-06-23T00:00:00,2180
WO002181,20250318,20250319,A003,EQ0033,SV1,R005,WT2,P2,S4,12.53,7.71,True,False,ERP,project_fact_ordenestrabajo_export.csv,2026-06-23T00:00:00,2181
WO002182,20250405,20250407,A004,EQ0005,SV7,R018,WT2,P2,S5,16.04,11.79,True,False,ServiceDesk,project_fact_ordenestrabajo_export.csv,2026-06-23T00:00:00,2182
WO002183,20250106,20250113,A005,EQ0032,SV4,R011,WT1,P3,S4,27.94,53.37,False,True,ERP,project_fact_ordenestrabajo_export.csv,2026-06-23T00:00:00,2183
WO002184,20250405,20250411,A004,EQ0012,SV6,R003,WT3,P3,S4,44.69,47.72,False,True,ServiceDesk,project_fact_ordenestrabajo_export.csv,2026-06-23T00:00:00,2184
WO002185,20250222,20250304,A004,EQ0002,SV1,R029,WT3,P3,S4,59.19,75.93,False,False,ERP,project_fact_ordenestrabajo_export.csv,2026-06-23T00:00:00,2185
WO002186,20250602,20250605,A006,EQ0038,SV6,R028,WT1,P2,S4,17.59,17.56,True,False,CMMS,project_fact_ordenestrabajo_export.csv,2026-06-23T00:00:00,2186
WO002187,20250223,,A006,EQ0038,SV1,R012,WT3,P3,S1,44.53,27.68,False,False,CMMS,project_fact_ordenestrabajo_export.csv,2026-06-23T00:00:00,2187
WO002188,20250406,20250409,A003,EQ0025,SV4,R018,WT2,P2,S4,15.61,17.99,True,False,ServiceDesk,project_fact_ordenestrabajo_export.csv,2026-06-23T00:00:00,2188
WO002189,20250115,,A003,EQ0001,SV5,R010,WT2,P3,S1,41.77,165.93,False,False,ERP,project_fact_ordenestrabajo_export.csv,2026-06-23T00:00:00,2189
WO002190,20250401,20250423,A001,EQ0026,SV8,R013,WT6,P3,S4,62.66,174.56,False,False,ERP,project_fact_ordenestrabajo_export.csv,2026-06-23T00:00:00,2190
WO002191,20250511,,A006,EQ0038,SV1,R020,WT1,P4,S2,98.07,53.81,False,False,ServiceDesk,project_fact_ordenestrabajo_export.csv,2026-06-23T00:00:00,2191
WO002192,20250213,,A001,EQ0028,SV7,R024,WT2,P2,S3,20.75,65.1,True,False,CMMS,project_fact_ordenestrabajo_export.csv,2026-06-23T00:00:00,2192
WO002193,20250131,20250203,A005,EQ0006,SV2,R027,WT1,P2,S4,13.29,23.92,True,False,ServiceDesk,project_fact_ordenestrabajo_export.csv,2026-06-23T00:00:00,2193
WO002194,20250512,20250520,A005,EQ0009,SV5,R008,WT2,P3,S4,55.47,58.23,False,True,CMMS,project_fact_ordenestrabajo_export.csv,2026-06-23T00:00:00,2194
WO002195,20250607,20250616,A001,EQ0026,SV8,R027,WT1,P3,S4,62.19,70.01,False,False,CMMS,project_fact_ordenestrabajo_export.csv,2026-06-23T00:00:00,2195
WO002196,20250516,,A002,EQ0030,SV6,R016,WT1,P4,S2,106.21,109.65,False,True,ServiceDesk,project_fact_ordenestrabajo_export.csv,2026-06-23T00:00:00,2196
WO002197,20250331,20250401,A005,EQ0016,SV5,R012,WT2,P2,S4,9.7,6.6,True,False,ServiceDesk,project_fact_ordenestrabajo_export.csv,2026-06-23T00:00:00,2197
WO002198,20250315,,A005,EQ0009,SV2,R030,WT3,P3,S3,53.99,45.84,False,False,ServiceDesk,project_fact_ordenestrabajo_export.csv,2026-06-23T00:00:00,2198
WO002199,20250129,20250203,A004,EQ0005,SV7,R019,WT1,P3,S4,30.67,36.98,False,True,CMMS,project_fact_ordenestrabajo_export.csv,2026-06-23T00:00:00,2199
WO002200,20250302,20250306,A002,EQ0030,SV1,R004,WT2,P2,S4,21.22,29.13,True,False,ERP,project_fact_ordenestrabajo_export.csv,2026-06-23T00:00:00,2200
WO002201,20250528,,A005,EQ0023,SV8,R013,WT1,P3,S2,51.26,53.92,False,False,ServiceDesk,project_fact_ordenestrabajo_export.csv,2026-06-23T00:00:00,2201
WO002202,20250130,20250201,A006,EQ0014,SV3,R001,WT1,P2,S5,18.78,10.18,True,False,CMMS,project_fact_ordenestrabajo_export.csv,2026-06-23T00:00:00,2202
WO002203,20250210,,A005,EQ0032,SV5,R017,WT1,P2,S2,16.93,15.11,True,False,CMMS,project_fact_ordenestrabajo_export.csv,2026-06-23T00:00:00,2203
WO002204,20250316,,A003,EQ0001,SV8,R025,WT3,P4,S3,94.65,53.85,False,False,CMMS,project_fact_ordenestrabajo_export.csv,2026-06-23T00:00:00,2204
WO002205,20250602,,A001,EQ0020,SV6,R024,WT6,P2,S1,17.68,16.4,True,False,ERP,project_fact_ordenestrabajo_export.csv,2026-06-23T00:00:00,2205
WO002206,20250125,20250201,A004,EQ0003,SV1,R003,WT6,P4,S5,70.84,48.21,False,False,CMMS,project_fact_ordenestrabajo_export.csv,2026-06-23T00:00:00,2206
WO002207,20250608,,A001,EQ0010,SV7,R015,WT1,P2,S3,12.64,14.46,True,False,ServiceDesk,project_fact_ordenestrabajo_export.csv,2026-06-23T00:00:00,2207
WO002208,20250520,,A004,EQ0029,SV3,R017,WT3,P2,S2,11.29,15.61,True,False,ERP,project_fact_ordenestrabajo_export.csv,2026-06-23T00:00:00,2208
WO002209,20250321,,A004,EQ0029,SV5,R013,WT2,P3,S2,38.46,41.0,False,True,CMMS,project_fact_ordenestrabajo_export.csv,2026-06-23T00:00:00,2209
WO002210,20250127,,A005,EQ0032,SV4,R008,WT1,P3,S1,48.64,46.08,False,False,ERP,project_fact_ordenestrabajo_export.csv,2026-06-23T00:00:00,2210
WO002211,20250624,,A005,EQ0039,SV6,R019,WT2,P2,S1,19.98,15.41,True,False,ERP,project_fact_ordenestrabajo_export.csv,2026-06-23T00:00:00,2211
WO002212,20250314,,A002,EQ0036,SV7,R028,WT3,P1,S3,3.62,5.98,True,False,ERP,project_fact_ordenestrabajo_export.csv,2026-06-23T00:00:00,2212
WO002213,20250624,,A005,EQ0034,SV2,R024,WT6,P3,S2,32.94,47.19,False,False,ERP,project_fact_ordenestrabajo_export.csv,2026-06-23T00:00:00,2213
WO002214,20250408,,A003,EQ0040,SV7,R009,WT1,P2,S2,8.76,7.09,True,False,ServiceDesk,project_fact_ordenestrabajo_export.csv,2026-06-23T00:00:00,2214
WO002215,20250416,20250418,A005,EQ0006,SV4,R008,WT2,P2,S4,10.51,12.65,True,False,ServiceDesk,project_fact_ordenestrabajo_export.csv,2026-06-23T00:00:00,2215
WO002216,20250221,,A005,EQ0011,SV5,R025,WT5,P1,S2,6.24,5.41,True,False,ERP,project_fact_ordenestrabajo_export.csv,2026-06-23T00:00:00,2216
WO002217,20250125,,A005,EQ0034,SV3,R009,WT2,P2,S2,8.63,12.38,True,False,ERP,project_fact_ordenestrabajo_export.csv,2026-06-23T00:00:00,2217
WO002218,20250125,20250127,A004,EQ0004,SV4,R015,WT3,P1,S4,6.46,13.84,True,False,ERP,project_fact_ordenestrabajo_export.csv,2026-06-23T00:00:00,2218
WO002219,20250616,20250630,A002,EQ0015,SV7,R013,WT6,P4,S4,105.78,140.95,False,False,ServiceDesk,project_fact_ordenestrabajo_export.csv,2026-06-23T00:00:00,2219
WO002220,20250528,,A003,EQ0031,SV4,R012,WT6,P3,S2,55.08,25.7,False,False,CMMS,project_fact_ordenestrabajo_export.csv,2026-06-23T00:00:00,2220
WO002221,20250112,20250117,A005,EQ0039,SV4,R029,WT6,P2,S4,20.96,38.27,True,False,ERP,project_fact_ordenestrabajo_export.csv,2026-06-23T00:00:00,2221
WO002222,20250425,20250427,A006,EQ0038,SV4,R007,WT2,P2,S4,10.45,9.46,True,False,CMMS,project_fact_ordenestrabajo_export.csv,2026-06-23T00:00:00,2222
WO002223,20250417,,A004,EQ0012,SV6,R010,WT2,P4,S2,75.94,60.35,False,False,ServiceDesk,project_fact_ordenestrabajo_export.csv,2026-06-23T00:00:00,2223
WO002224,20250328,20250330,A001,EQ0028,SV8,R019,WT1,P2,S4,18.31,12.07,True,False,ERP,project_fact_ordenestrabajo_export.csv,2026-06-23T00:00:00,2224
WO002225,20250205,20250216,A001,EQ0010,SV8,R013,WT3,P3,S4,62.66,85.94,False,False,ServiceDesk,project_fact_ordenestrabajo_export.csv,2026-06-23T00:00:00,2225
WO002226,20250405,20250423,A005,EQ0006,SV8,R009,WT2,P4,S4,104.5,137.0,False,True,ERP,project_fact_ordenestrabajo_export.csv,2026-06-23T00:00:00,2226
WO002227,20250329,20250331,A005,EQ0034,SV4,R020,WT3,P2,S4,10.87,12.66,True,False,ServiceDesk,project_fact_ordenestrabajo_export.csv,2026-06-23T00:00:00,2227
WO002228,20250404,20250407,A003,EQ0025,SV4,R017,WT5,P2,S4,18.93,20.88,True,False,ERP,project_fact_ordenestrabajo_export.csv,2026-06-23T00:00:00,2228
WO002229,20250516,20250517,A001,EQ0020,SV5,R003,WT2,P1,S4,4.08,7.24,True,False,ServiceDesk,project_fact_ordenestrabajo_export.csv,2026-06-23T00:00:00,2229
WO002230,20250505,20250509,A004,EQ0005,SV2,R007,WT6,P3,S4,26.3,24.39,False,False,CMMS,project_fact_ordenestrabajo_export.csv,2026-06-23T00:00:00,2230
WO002231,20250614,20250619,A005,EQ0006,SV1,R006,WT1,P4,S4,43.29,33.96,False,True,ERP,project_fact_ordenestrabajo_export.csv,2026-06-23T00:00:00,2231
WO002232,20250417,20250420,A002,EQ0036,SV8,R009,WT4,P2,S4,10.64,16.09,True,False,CMMS,project_fact_ordenestrabajo_export.csv,2026-06-23T00:00:00,2232
WO002233,20250531,,A006,EQ0024,SV3,R022,WT5,P2,S2,15.86,12.25,True,False,ServiceDesk,project_fact_ordenestrabajo_export.csv,2026-06-23T00:00:00,2233
WO002234,20250504,20250508,A005,EQ0023,SV2,R022,WT3,P2,S4,10.0,26.0,True,False,ERP,project_fact_ordenestrabajo_export.csv,2026-06-23T00:00:00,2234
WO002235,20250318,20250322,A003,EQ0033,SV4,R012,WT1,P3,S4,51.16,31.94,False,False,ERP,project_fact_ordenestrabajo_export.csv,2026-06-23T00:00:00,2235
WO002236,20250630,20250630,A004,EQ0005,SV4,R025,WT1,P3,S4,57.8,47.82,False,False,ERP,project_fact_ordenestrabajo_export.csv,2026-06-23T00:00:00,2236
WO002237,20250617,,A001,EQ0026,SV5,R015,WT1,P2,S1,20.1,96.24,True,False,CMMS,project_fact_ordenestrabajo_export.csv,2026-06-23T00:00:00,2237
WO002238,20250227,,A005,EQ0009,SV5,R017,WT1,P3,S1,62.78,82.38,False,False,CMMS,project_fact_ordenestrabajo_export.csv,2026-06-23T00:00:00,2238
WO002239,20250109,20250125,A004,EQ0003,SV5,R017,WT1,P4,S4,92.13,120.98,False,False,CMMS,project_fact_ordenestrabajo_export.csv,2026-06-23T00:00:00,2239
WO002240,20250322,20250329,A002,EQ0030,SV7,R028,WT1,P4,S4,43.02,55.56,False,True,ERP,project_fact_ordenestrabajo_export.csv,2026-06-23T00:00:00,2240
WO002241,20250503,20250508,A005,EQ0032,SV7,R030,WT4,P2,S4,20.15,38.14,True,True,ERP,project_fact_ordenestrabajo_export.csv,2026-06-23T00:00:00,2241
WO002242,20250626,,A005,EQ0017,SV8,R021,WT1,P2,S2,14.76,13.64,True,False,ServiceDesk,project_fact_ordenestrabajo_export.csv,2026-06-23T00:00:00,2242
WO002243,20250601,20250603,A005,EQ0017,SV2,R005,WT2,P2,S4,13.1,11.15,True,False,ServiceDesk,project_fact_ordenestrabajo_export.csv,2026-06-23T00:00:00,2243
WO002244,20250112,20250119,A005,EQ0037,SV5,R009,WT3,P3,S4,34.89,48.89,False,False,ServiceDesk,project_fact_ordenestrabajo_export.csv,2026-06-23T00:00:00,2244
WO002245,20250510,20250524,A004,EQ0013,SV1,R012,WT6,P3,S4,62.33,104.09,False,False,ERP,project_fact_ordenestrabajo_export.csv,2026-06-23T00:00:00,2245
WO002246,20250618,20250621,A004,EQ0012,SV4,R021,WT1,P2,S4,20.53,23.99,True,False,ServiceDesk,project_fact_ordenestrabajo_export.csv,2026-06-23T00:00:00,2246
WO002247,20250131,,A004,EQ0003,SV8,R014,WT2,P3,S3,46.95,51.88,False,False,ERP,project_fact_ordenestrabajo_export.csv,2026-06-23T00:00:00,2247
WO002248,20250628,20250630,A003,EQ0040,SV1,R015,WT2,P2,S4,20.41,25.78,True,False,ServiceDesk,project_fact_ordenestrabajo_export.csv,2026-06-23T00:00:00,2248
WO002249,20250123,,A005,EQ0034,SV8,R017,WT5,P1,S2,6.21,4.15,True,False,CMMS,project_fact_ordenestrabajo_export.csv,2026-06-23T00:00:00,2249
WO002250,20250421,20250423,A005,EQ0037,SV3,R029,WT2,P2,S4,19.46,14.78,True,False,ServiceDesk,project_fact_ordenestrabajo_export.csv,2026-06-23T00:00:00,2250
WO002251,20250510,20250526,A005,EQ0017,SV2,R017,WT2,P4,S4,101.83,123.79,False,False,ServiceDesk,project_fact_ordenestrabajo_export.csv,2026-06-23T00:00:00,2251
WO002252,20250506,20250509,A003,EQ0035,SV1,R003,WT1,P2,S4,17.67,23.58,True,False,ServiceDesk,project_fact_ordenestrabajo_export.csv,2026-06-23T00:00:00,2252
WO002253,20250208,20250218,A005,EQ0034,SV7,R025,WT2,P4,S4,74.25,73.8,False,False,CMMS,project_fact_ordenestrabajo_export.csv,2026-06-23T00:00:00,2253
WO002254,20250315,,A005,EQ0039,SV7,R015,WT5,P3,S3,30.77,30.17,False,False,ServiceDesk,project_fact_ordenestrabajo_export.csv,2026-06-23T00:00:00,2254
WO002255,20250111,,A004,EQ0002,SV6,R003,WT2,P4,S2,69.64,76.01,False,False,ERP,project_fact_ordenestrabajo_export.csv,2026-06-23T00:00:00,2255
WO002256,20250415,20250416,A004,EQ0029,SV8,R019,WT1,P1,S5,3.4,5.53,True,False,CMMS,project_fact_ordenestrabajo_export.csv,2026-06-23T00:00:00,2256
WO002257,20250327,20250330,A005,EQ0009,SV8,R030,WT4,P3,S4,29.37,18.07,False,False,CMMS,project_fact_ordenestrabajo_export.csv,2026-06-23T00:00:00,2257
WO002258,20250412,20250503,A001,EQ0010,SV3,R027,WT1,P3,S4,63.57,163.06,False,False,CMMS,project_fact_ordenestrabajo_export.csv,2026-06-23T00:00:00,2258
WO002259,20250417,20250418,A003,EQ0031,SV5,R005,WT4,P1,S4,4.35,5.48,True,False,ERP,project_fact_ordenestrabajo_export.csv,2026-06-23T00:00:00,2259
WO002260,20250331,20250414,A003,EQ0022,SV7,R024,WT2,P4,S5,62.91,104.08,False,False,ServiceDesk,project_fact_ordenestrabajo_export.csv,2026-06-23T00:00:00,2260
WO002261,20250426,,A005,EQ0006,SV4,R010,WT2,P2,S2,15.87,10.29,True,False,ServiceDesk,project_fact_ordenestrabajo_export.csv,2026-06-23T00:00:00,2261
WO002262,20250412,,A006,EQ0027,SV6,R021,WT5,P4,S2,91.79,104.61,False,False,ERP,project_fact_ordenestrabajo_export.csv,2026-06-23T00:00:00,2262
WO002263,20250413,,A002,EQ0015,SV5,R023,WT3,P2,S1,13.64,8.37,True,False,ServiceDesk,project_fact_ordenestrabajo_export.csv,2026-06-23T00:00:00,2263
WO002264,20250411,20250419,A001,EQ0020,SV7,R017,WT3,P3,S4,37.75,58.13,False,False,ERP,project_fact_ordenestrabajo_export.csv,2026-06-23T00:00:00,2264
WO002265,20250504,20250508,A001,EQ0028,SV6,R021,WT2,P2,S5,11.0,31.9,True,False,ServiceDesk,project_fact_ordenestrabajo_export.csv,2026-06-23T00:00:00,2265
WO002266,20250118,20250123,A003,EQ0040,SV8,R013,WT1,P3,S4,46.43,35.73,False,False,ServiceDesk,project_fact_ordenestrabajo_export.csv,2026-06-23T00:00:00,2266
WO002267,20250424,20250429,A004,EQ0002,SV6,R029,WT3,P3,S4,56.74,34.95,False,False,ServiceDesk,project_fact_ordenestrabajo_export.csv,2026-06-23T00:00:00,2267
WO002268,20250324,20250331,A003,EQ0040,SV8,R005,WT5,P3,S4,32.45,54.64,False,False,ERP,project_fact_ordenestrabajo_export.csv,2026-06-23T00:00:00,2268
WO002269,20250511,20250516,A002,EQ0015,SV4,R006,WT2,P4,S4,43.6,39.07,False,False,ServiceDesk,project_fact_ordenestrabajo_export.csv,2026-06-23T00:00:00,2269
WO002270,20250311,20250321,A004,EQ0005,SV6,R025,WT4,P4,S4,89.31,72.9,False,False,ERP,project_fact_ordenestrabajo_export.csv,2026-06-23T00:00:00,2270
WO002271,20250427,20250428,A003,EQ0031,SV7,R003,WT3,P1,S4,3.81,2.32,True,False,ERP,project_fact_ordenestrabajo_export.csv,2026-06-23T00:00:00,2271
WO002272,20250423,,A001,EQ0028,SV6,R014,WT6,P3,S3,34.65,95.85,False,False,ERP,project_fact_ordenestrabajo_export.csv,2026-06-23T00:00:00,2272
WO002273,20250115,,A006,EQ0019,SV1,R005,WT4,P4,S2,43.68,117.92,False,False,ServiceDesk,project_fact_ordenestrabajo_export.csv,2026-06-23T00:00:00,2273
WO002274,20250615,,A002,EQ0015,SV2,R010,WT3,P2,S3,15.67,25.43,True,False,ERP,project_fact_ordenestrabajo_export.csv,2026-06-23T00:00:00,2274
WO002275,20250611,20250614,A004,EQ0002,SV7,R017,WT3,P2,S4,11.81,22.15,True,False,ServiceDesk,project_fact_ordenestrabajo_export.csv,2026-06-23T00:00:00,2275
WO002276,20250104,20250108,A005,EQ0006,SV3,R020,WT1,P3,S4,29.5,27.5,False,False,CMMS,project_fact_ordenestrabajo_export.csv,2026-06-23T00:00:00,2276
WO002277,20250407,,A004,EQ0013,SV4,R015,WT1,P3,S1,29.89,15.99,False,True,CMMS,project_fact_ordenestrabajo_export.csv,2026-06-23T00:00:00,2277
WO002278,20250624,,A003,EQ0022,SV8,R014,WT4,P2,S3,21.31,22.04,True,False,ERP,project_fact_ordenestrabajo_export.csv,2026-06-23T00:00:00,2278
WO002279,20250105,20250113,A006,EQ0024,SV5,R003,WT1,P3,S4,60.65,63.34,False,False,ERP,project_fact_ordenestrabajo_export.csv,2026-06-23T00:00:00,2279
WO002280,20250207,,A006,EQ0024,SV6,R014,WT2,P4,S1,107.29,185.02,False,False,CMMS,project_fact_ordenestrabajo_export.csv,2026-06-23T00:00:00,2280
WO002281,20250310,,A005,EQ0039,SV2,R004,WT2,P2,S2,15.26,18.19,True,False,ERP,project_fact_ordenestrabajo_export.csv,2026-06-23T00:00:00,2281
WO002282,20250621,20250624,A003,EQ0022,SV7,R013,WT3,P2,S4,21.11,17.46,True,False,ServiceDesk,project_fact_ordenestrabajo_export.csv,2026-06-23T00:00:00,2282
WO002283,20250105,20250108,A004,EQ0008,SV6,R028,WT2,P2,S4,14.28,16.41,True,False,ServiceDesk,project_fact_ordenestrabajo_export.csv,2026-06-23T00:00:00,2283
WO002284,20250604,20250608,A005,EQ0009,SV3,R017,WT4,P3,S4,41.02,26.01,False,False,CMMS,project_fact_ordenestrabajo_export.csv,2026-06-23T00:00:00,2284
WO002285,20250204,,A005,EQ0016,SV7,R025,WT4,P1,S2,6.15,5.72,True,False,ERP,project_fact_ordenestrabajo_export.csv,2026-06-23T00:00:00,2285
WO002286,20250225,20250304,A004,EQ0013,SV2,R026,WT1,P3,S4,35.34,55.56,False,False,ERP,project_fact_ordenestrabajo_export.csv,2026-06-23T00:00:00,2286
WO002287,20250222,,A005,EQ0023,SV2,R005,WT3,P2,S2,14.49,5.89,True,False,ServiceDesk,project_fact_ordenestrabajo_export.csv,2026-06-23T00:00:00,2287
WO002288,20250327,20250404,A005,EQ0009,SV4,R012,WT4,P3,S4,48.3,59.06,False,False,ServiceDesk,project_fact_ordenestrabajo_export.csv,2026-06-23T00:00:00,2288
WO002289,20250428,,A004,EQ0002,SV6,R027,WT5,P3,S3,56.02,67.11,False,False,ServiceDesk,project_fact_ordenestrabajo_export.csv,2026-06-23T00:00:00,2289
WO002290,20250220,20250223,A004,EQ0003,SV4,R002,WT3,P2,S4,16.64,20.3,True,False,ERP,project_fact_ordenestrabajo_export.csv,2026-06-23T00:00:00,2290
WO002291,20250526,20250613,A003,EQ0001,SV5,R016,WT2,P3,S4,51.07,143.61,False,False,CMMS,project_fact_ordenestrabajo_export.csv,2026-06-23T00:00:00,2291
WO002292,20250510,,A006,EQ0019,SV3,R027,WT5,P1,S2,3.11,6.02,True,False,ServiceDesk,project_fact_ordenestrabajo_export.csv,2026-06-23T00:00:00,2292
WO002293,20250624,20250630,A004,EQ0012,SV1,R004,WT6,P3,S4,34.3,63.18,False,False,ERP,project_fact_ordenestrabajo_export.csv,2026-06-23T00:00:00,2293
WO002294,20250526,,A004,EQ0008,SV1,R009,WT6,P3,S2,45.23,50.01,False,False,CMMS,project_fact_ordenestrabajo_export.csv,2026-06-23T00:00:00,2294
WO002295,20250315,20250405,A004,EQ0003,SV5,R013,WT6,P4,S4,89.3,167.05,False,False,ServiceDesk,project_fact_ordenestrabajo_export.csv,2026-06-23T00:00:00,2295
WO002296,20250303,20250312,A004,EQ0008,SV7,R005,WT3,P4,S4,67.43,65.25,False,False,ERP,project_fact_ordenestrabajo_export.csv,2026-06-23T00:00:00,2296
WO002297,20250423,20250425,A006,EQ0027,SV5,R011,WT1,P1,S4,6.44,10.43,True,True,ServiceDesk,project_fact_ordenestrabajo_export.csv,2026-06-23T00:00:00,2297
WO002298,20250221,,A003,EQ0040,SV8,R002,WT1,P2,S2,10.31,7.82,True,False,ServiceDesk,project_fact_ordenestrabajo_export.csv,2026-06-23T00:00:00,2298
WO002299,20250206,20250209,A006,EQ0019,SV7,R020,WT1,P2,S5,20.64,16.77,True,False,ServiceDesk,project_fact_ordenestrabajo_export.csv,2026-06-23T00:00:00,2299
WO002300,20250131,20250202,A004,EQ0013,SV3,R019,WT1,P2,S4,11.05,13.6,True,False,ServiceDesk,project_fact_ordenestrabajo_export.csv,2026-06-23T00:00:00,2300
WO002301,20250123,20250211,A005,EQ0021,SV3,R005,WT6,P3,S4,49.56,149.47,False,False,ServiceDesk,project_fact_ordenestrabajo_export.csv,2026-06-23T00:00:00,2301
WO002302,20250518,20250521,A004,EQ0004,SV4,R021,WT2,P2,S4,18.02,23.85,True,False,ERP,project_fact_ordenestrabajo_export.csv,2026-06-23T00:00:00,2302
WO002303,20250420,20250427,A006,EQ0019,SV5,R017,WT1,P3,S4,27.59,55.75,False,False,CMMS,project_fact_ordenestrabajo_export.csv,2026-06-23T00:00:00,2303
WO002304,20250516,20250520,A005,EQ0016,SV6,R026,WT5,P3,S4,25.79,28.17,False,False,ServiceDesk,project_fact_ordenestrabajo_export.csv,2026-06-23T00:00:00,2304
WO002305,20250319,20250329,A004,EQ0003,SV3,R003,WT3,P4,S4,70.94,75.16,False,False,ERP,project_fact_ordenestrabajo_export.csv,2026-06-23T00:00:00,2305
WO002306,20250521,,A005,EQ0037,SV6,R012,WT1,P3,S3,37.2,58.01,False,False,ERP,project_fact_ordenestrabajo_export.csv,2026-06-23T00:00:00,2306
WO002307,20250419,20250501,A005,EQ0017,SV6,R030,WT3,P4,S4,57.28,95.21,False,False,ERP,project_fact_ordenestrabajo_export.csv,2026-06-23T00:00:00,2307
WO002308,20250104,,A004,EQ0002,SV6,R021,WT2,P3,S1,44.53,33.7,False,False,ServiceDesk,project_fact_ordenestrabajo_export.csv,2026-06-23T00:00:00,2308
WO002309,20250412,,A005,EQ0011,SV5,R028,WT2,P3,S2,51.19,42.31,False,False,CMMS,project_fact_ordenestrabajo_export.csv,2026-06-23T00:00:00,2309
WO002310,20250613,,A002,EQ0036,SV8,R015,WT4,P4,S3,84.53,109.67,False,False,CMMS,project_fact_ordenestrabajo_export.csv,2026-06-23T00:00:00,2310
WO002311,20250217,,A004,EQ0004,SV2,R025,WT2,P3,S2,36.1,42.85,False,False,ServiceDesk,project_fact_ordenestrabajo_export.csv,2026-06-23T00:00:00,2311
WO002312,20250216,20250228,A005,EQ0006,SV2,R026,WT3,P3,S4,62.44,92.13,False,False,ERP,project_fact_ordenestrabajo_export.csv,2026-06-23T00:00:00,2312
WO002313,20250603,20250605,A006,EQ0027,SV5,R008,WT6,P2,S4,19.21,13.91,True,False,ServiceDesk,project_fact_ordenestrabajo_export.csv,2026-06-23T00:00:00,2313
WO002314,20250425,20250427,A001,EQ0010,SV6,R026,WT2,P2,S4,10.48,10.06,True,False,CMMS,project_fact_ordenestrabajo_export.csv,2026-06-23T00:00:00,2314
WO002315,20250426,20250429,A003,EQ0031,SV7,R001,WT1,P2,S4,18.94,17.25,True,True,CMMS,project_fact_ordenestrabajo_export.csv,2026-06-23T00:00:00,2315
WO002316,20250411,,A005,EQ0021,SV2,R026,WT3,P2,S2,19.47,11.75,True,False,ERP,project_fact_ordenestrabajo_export.csv,2026-06-23T00:00:00,2316
WO002317,20250303,20250306,A005,EQ0018,SV7,R015,WT2,P2,S5,12.49,18.25,True,False,ServiceDesk,project_fact_ordenestrabajo_export.csv,2026-06-23T00:00:00,2317
WO002318,20250417,,A001,EQ0010,SV8,R015,WT5,P2,S2,19.75,32.25,True,False,ERP,project_fact_ordenestrabajo_export.csv,2026-06-23T00:00:00,2318
WO002319,20250401,20250408,A003,EQ0033,SV6,R015,WT1,P3,S4,59.81,50.88,False,False,ServiceDesk,project_fact_ordenestrabajo_export.csv,2026-06-23T00:00:00,2319
WO002320,20250122,20250126,A003,EQ0040,SV8,R010,WT1,P3,S4,33.69,31.26,False,False,ServiceDesk,project_fact_ordenestrabajo_export.csv,2026-06-23T00:00:00,2320
WO002321,20250615,,A003,EQ0040,SV2,R026,WT3,P3,S3,38.66,71.53,False,False,ServiceDesk,project_fact_ordenestrabajo_export.csv,2026-06-23T00:00:00,2321
WO002322,20250203,20250209,A003,EQ0040,SV3,R016,WT1,P3,S5,50.55,41.16,False,False,ERP,project_fact_ordenestrabajo_export.csv,2026-06-23T00:00:00,2322
WO002323,20250216,20250217,A006,EQ0014,SV8,R012,WT3,P1,S4,3.69,3.11,True,False,ServiceDesk,project_fact_ordenestrabajo_export.csv,2026-06-23T00:00:00,2323
WO002324,20250228,20250304,A005,EQ0017,SV7,R016,WT5,P2,S4,10.95,24.01,True,False,ERP,project_fact_ordenestrabajo_export.csv,2026-06-23T00:00:00,2324
WO002325,20250209,,A004,EQ0012,SV4,R017,WT4,P2,S3,19.34,25.39,True,False,ServiceDesk,project_fact_ordenestrabajo_export.csv,2026-06-23T00:00:00,2325
WO002326,20250119,,A005,EQ0037,SV1,R026,WT2,P1,S2,6.57,9.86,True,False,CMMS,project_fact_ordenestrabajo_export.csv,2026-06-23T00:00:00,2326
WO002327,20250411,,A005,EQ0017,SV7,R018,WT1,P1,S2,6.81,3.06,True,False,ServiceDesk,project_fact_ordenestrabajo_export.csv,2026-06-23T00:00:00,2327
WO002328,20250329,20250402,A006,EQ0014,SV3,R022,WT6,P3,S4,32.39,25.63,False,False,CMMS,project_fact_ordenestrabajo_export.csv,2026-06-23T00:00:00,2328
WO002329,20250625,20250630,A005,EQ0034,SV4,R009,WT1,P3,S4,35.52,48.16,False,False,ServiceDesk,project_fact_ordenestrabajo_export.csv,2026-06-23T00:00:00,2329
WO002330,20250509,20250511,A004,EQ0012,SV1,R030,WT1,P2,S4,13.21,14.18,True,False,ERP,project_fact_ordenestrabajo_export.csv,2026-06-23T00:00:00,2330
WO002331,20250509,,A003,EQ0033,SV8,R024,WT1,P1,S2,3.04,2.7,True,False,ServiceDesk,project_fact_ordenestrabajo_export.csv,2026-06-23T00:00:00,2331
WO002332,20250131,,A006,EQ0014,SV6,R007,WT1,P3,S2,35.2,118.43,False,False,CMMS,project_fact_ordenestrabajo_export.csv,2026-06-23T00:00:00,2332
WO002333,20250319,20250321,A005,EQ0034,SV7,R002,WT2,P1,S4,7.08,8.34,True,False,ERP,project_fact_ordenestrabajo_export.csv,2026-06-23T00:00:00,2333
WO002334,20250625,20250630,A005,EQ0009,SV7,R007,WT2,P4,S4,73.73,216.8,False,False,ServiceDesk,project_fact_ordenestrabajo_export.csv,2026-06-23T00:00:00,2334
WO002335,20250330,20250409,A004,EQ0008,SV8,R016,WT1,P3,S4,46.92,72.42,False,True,CMMS,project_fact_ordenestrabajo_export.csv,2026-06-23T00:00:00,2335
WO002336,20250114,20250124,A003,EQ0031,SV3,R007,WT4,P4,S5,101.23,78.86,False,False,ServiceDesk,project_fact_ordenestrabajo_export.csv,2026-06-23T00:00:00,2336
WO002337,20250314,20250317,A003,EQ0035,SV1,R028,WT2,P2,S4,15.77,18.55,True,False,CMMS,project_fact_ordenestrabajo_export.csv,2026-06-23T00:00:00,2337
WO002338,20250226,20250301,A004,EQ0029,SV3,R009,WT1,P2,S4,12.83,17.53,True,False,ERP,project_fact_ordenestrabajo_export.csv,2026-06-23T00:00:00,2338
WO002339,20250413,20250430,A005,EQ0018,SV4,R017,WT3,P4,S4,102.6,130.81,False,False,ServiceDesk,project_fact_ordenestrabajo_export.csv,2026-06-23T00:00:00,2339
WO002340,20250215,20250310,A004,EQ0029,SV2,R023,WT1,P4,S4,97.53,181.34,False,False,ServiceDesk,project_fact_ordenestrabajo_export.csv,2026-06-23T00:00:00,2340
WO002341,20250522,,A003,EQ0022,SV1,R009,WT2,P2,S3,13.38,13.04,True,False,CMMS,project_fact_ordenestrabajo_export.csv,2026-06-23T00:00:00,2341
WO002342,20250204,20250208,A005,EQ0016,SV4,R026,WT2,P3,S4,54.93,29.42,False,False,ERP,project_fact_ordenestrabajo_export.csv,2026-06-23T00:00:00,2342
WO002343,20250427,20250503,A001,EQ0026,SV7,R022,WT1,P3,S4,39.0,45.59,False,False,ServiceDesk,project_fact_ordenestrabajo_export.csv,2026-06-23T00:00:00,2343
WO002344,20250605,,A005,EQ0023,SV7,R030,WT2,P2,S3,18.48,56.19,True,False,CMMS,project_fact_ordenestrabajo_export.csv,2026-06-23T00:00:00,2344
WO002345,20250610,20250611,A001,EQ0026,SV7,R010,WT1,P1,S4,5.8,6.11,True,False,ServiceDesk,project_fact_ordenestrabajo_export.csv,2026-06-23T00:00:00,2345
WO002346,20250130,,A003,EQ0025,SV8,R019,WT2,P3,S3,36.54,30.42,False,False,ServiceDesk,project_fact_ordenestrabajo_export.csv,2026-06-23T00:00:00,2346
WO002347,20250524,20250527,A005,EQ0018,SV7,R021,WT3,P2,S4,20.37,22.98,True,True,CMMS,project_fact_ordenestrabajo_export.csv,2026-06-23T00:00:00,2347
WO002348,20250110,,A006,EQ0019,SV5,R030,WT4,P3,S2,45.33,56.47,False,False,ServiceDesk,project_fact_ordenestrabajo_export.csv,2026-06-23T00:00:00,2348
WO002349,20250529,20250531,A005,EQ0021,SV7,R010,WT5,P2,S4,16.6,10.24,True,False,ERP,project_fact_ordenestrabajo_export.csv,2026-06-23T00:00:00,2349
WO002350,20250309,20250312,A006,EQ0024,SV7,R014,WT3,P2,S4,17.33,19.8,True,False,ServiceDesk,project_fact_ordenestrabajo_export.csv,2026-06-23T00:00:00,2350
WO002351,20250618,20250627,A003,EQ0025,SV2,R016,WT1,P3,S4,59.9,66.86,False,False,ERP,project_fact_ordenestrabajo_export.csv,2026-06-23T00:00:00,2351
WO002352,20250305,,A003,EQ0025,SV6,R015,WT2,P4,S2,97.02,122.95,False,False,CMMS,project_fact_ordenestrabajo_export.csv,2026-06-23T00:00:00,2352
WO002353,20250607,20250609,A002,EQ0015,SV3,R028,WT1,P2,S4,21.47,13.98,True,False,CMMS,project_fact_ordenestrabajo_export.csv,2026-06-23T00:00:00,2353
WO002354,20250402,,A002,EQ0030,SV1,R005,WT1,P2,S1,19.5,69.25,True,True,ServiceDesk,project_fact_ordenestrabajo_export.csv,2026-06-23T00:00:00,2354
WO002355,20250429,20250504,A005,EQ0018,SV7,R002,WT1,P3,S4,49.22,36.7,False,False,CMMS,project_fact_ordenestrabajo_export.csv,2026-06-23T00:00:00,2355
WO002356,20250425,20250504,A005,EQ0037,SV3,R002,WT1,P4,S4,89.95,70.5,False,False,ServiceDesk,project_fact_ordenestrabajo_export.csv,2026-06-23T00:00:00,2356
WO002357,20250210,20250211,A005,EQ0034,SV3,R015,WT6,P1,S4,3.92,4.46,True,False,CMMS,project_fact_ordenestrabajo_export.csv,2026-06-23T00:00:00,2357
WO002358,20250523,20250525,A005,EQ0018,SV1,R021,WT2,P2,S4,12.91,11.3,True,False,ServiceDesk,project_fact_ordenestrabajo_export.csv,2026-06-23T00:00:00,2358
WO002359,20250529,,A005,EQ0009,SV3,R024,WT3,P3,S3,49.36,26.65,False,False,ServiceDesk,project_fact_ordenestrabajo_export.csv,2026-06-23T00:00:00,2359
WO002360,20250513,20250520,A006,EQ0038,SV6,R018,WT5,P3,S4,26.94,50.69,False,False,CMMS,project_fact_ordenestrabajo_export.csv,2026-06-23T00:00:00,2360
WO002361,20250612,20250620,A005,EQ0037,SV8,R003,WT5,P3,S4,59.04,59.09,False,False,CMMS,project_fact_ordenestrabajo_export.csv,2026-06-23T00:00:00,2361
WO002362,20250501,20250504,A006,EQ0038,SV3,R007,WT4,P2,S4,16.61,18.95,True,False,CMMS,project_fact_ordenestrabajo_export.csv,2026-06-23T00:00:00,2362
WO002363,20250416,,A004,EQ0012,SV1,R015,WT4,P3,S1,53.88,47.38,False,True,ERP,project_fact_ordenestrabajo_export.csv,2026-06-23T00:00:00,2363
WO002364,20250119,20250127,A004,EQ0012,SV2,R013,WT6,P4,S4,48.01,61.33,False,False,ERP,project_fact_ordenestrabajo_export.csv,2026-06-23T00:00:00,2364
WO002365,20250217,20250222,A004,EQ0005,SV7,R018,WT4,P3,S4,28.22,37.88,False,False,ERP,project_fact_ordenestrabajo_export.csv,2026-06-23T00:00:00,2365
WO002366,20250401,20250407,A005,EQ0023,SV3,R018,WT2,P3,S5,58.08,45.4,False,False,ServiceDesk,project_fact_ordenestrabajo_export.csv,2026-06-23T00:00:00,2366
WO002367,20250121,20250127,A005,EQ0016,SV2,R024,WT3,P4,S4,103.68,43.91,False,False,ERP,project_fact_ordenestrabajo_export.csv,2026-06-23T00:00:00,2367
WO002368,20250123,20250129,A005,EQ0009,SV1,R021,WT2,P3,S4,52.29,45.4,False,True,CMMS,project_fact_ordenestrabajo_export.csv,2026-06-23T00:00:00,2368
WO002369,20250517,,A003,EQ0031,SV2,R017,WT6,P3,S3,27.01,17.43,False,False,ServiceDesk,project_fact_ordenestrabajo_export.csv,2026-06-23T00:00:00,2369
WO002370,20250218,,A004,EQ0008,SV2,R017,WT2,P2,S3,16.2,31.98,True,False,ServiceDesk,project_fact_ordenestrabajo_export.csv,2026-06-23T00:00:00,2370
WO002371,20250125,20250211,A004,EQ0005,SV5,R004,WT1,P4,S4,84.4,130.94,False,True,CMMS,project_fact_ordenestrabajo_export.csv,2026-06-23T00:00:00,2371
WO002372,20250521,,A005,EQ0039,SV8,R007,WT2,P3,S3,37.05,24.48,False,False,ServiceDesk,project_fact_ordenestrabajo_export.csv,2026-06-23T00:00:00,2372
WO002373,20250311,20250325,A004,EQ0002,SV6,R026,WT3,P3,S4,64.19,109.1,False,False,ERP,project_fact_ordenestrabajo_export.csv,2026-06-23T00:00:00,2373
WO002374,20250404,20250410,A006,EQ0014,SV4,R026,WT5,P3,S4,50.79,43.31,False,False,CMMS,project_fact_ordenestrabajo_export.csv,2026-06-23T00:00:00,2374
WO002375,20250222,20250303,A004,EQ0005,SV6,R014,WT5,P4,S4,56.16,65.93,False,False,ServiceDesk,project_fact_ordenestrabajo_export.csv,2026-06-23T00:00:00,2375
WO002376,20250202,20250210,A004,EQ0002,SV2,R002,WT6,P3,S4,34.46,57.82,False,True,CMMS,project_fact_ordenestrabajo_export.csv,2026-06-23T00:00:00,2376
WO002377,20250621,20250630,A005,EQ0034,SV6,R012,WT5,P4,S4,60.73,86.27,False,False,CMMS,project_fact_ordenestrabajo_export.csv,2026-06-23T00:00:00,2377
WO002378,20250310,20250326,A003,EQ0025,SV5,R014,WT2,P4,S5,76.84,121.44,False,False,ERP,project_fact_ordenestrabajo_export.csv,2026-06-23T00:00:00,2378
WO002379,20250102,,A003,EQ0025,SV4,R024,WT3,P2,S1,11.3,8.12,True,True,CMMS,project_fact_ordenestrabajo_export.csv,2026-06-23T00:00:00,2379
WO002380,20250222,,A004,EQ0013,SV7,R014,WT1,P1,S3,4.11,5.0,True,False,ServiceDesk,project_fact_ordenestrabajo_export.csv,2026-06-23T00:00:00,2380
WO002381,20250420,20250424,A003,EQ0033,SV2,R021,WT3,P4,S4,57.92,30.66,False,False,CMMS,project_fact_ordenestrabajo_export.csv,2026-06-23T00:00:00,2381
WO002382,20250105,20250106,A005,EQ0021,SV1,R028,WT4,P1,S4,4.94,2.94,True,False,ServiceDesk,project_fact_ordenestrabajo_export.csv,2026-06-23T00:00:00,2382
WO002383,20250521,,A002,EQ0036,SV2,R024,WT6,P1,S3,4.55,6.29,True,False,ServiceDesk,project_fact_ordenestrabajo_export.csv,2026-06-23T00:00:00,2383
WO002384,20250613,,A002,EQ0036,SV1,R027,WT1,P2,S2,17.49,23.66,True,False,ServiceDesk,project_fact_ordenestrabajo_export.csv,2026-06-23T00:00:00,2384
WO002385,20250123,20250128,A005,EQ0009,SV7,R013,WT5,P3,S4,25.89,36.18,False,False,ServiceDesk,project_fact_ordenestrabajo_export.csv,2026-06-23T00:00:00,2385
WO002386,20250420,,A005,EQ0017,SV3,R027,WT2,P4,S2,99.36,123.39,False,False,CMMS,project_fact_ordenestrabajo_export.csv,2026-06-23T00:00:00,2386
WO002387,20250509,,A001,EQ0028,SV8,R010,WT6,P4,S2,60.26,101.05,False,False,ServiceDesk,project_fact_ordenestrabajo_export.csv,2026-06-23T00:00:00,2387
WO002388,20250110,20250115,A005,EQ0037,SV1,R016,WT5,P2,S4,13.36,39.79,True,False,ServiceDesk,project_fact_ordenestrabajo_export.csv,2026-06-23T00:00:00,2388
WO002389,20250507,,A001,EQ0028,SV3,R001,WT5,P3,S2,43.74,87.08,False,True,CMMS,project_fact_ordenestrabajo_export.csv,2026-06-23T00:00:00,2389
WO002390,20250427,20250502,A005,EQ0017,SV7,R001,WT3,P3,S4,43.47,37.96,False,False,CMMS,project_fact_ordenestrabajo_export.csv,2026-06-23T00:00:00,2390
WO002391,20250605,20250606,A005,EQ0018,SV3,R023,WT1,P1,S5,5.54,3.34,True,False,ServiceDesk,project_fact_ordenestrabajo_export.csv,2026-06-23T00:00:00,2391
WO002392,20250315,20250321,A001,EQ0020,SV1,R015,WT1,P2,S4,9.48,42.5,True,False,ServiceDesk,project_fact_ordenestrabajo_export.csv,2026-06-23T00:00:00,2392
WO002393,20250630,20250630,A001,EQ0007,SV6,R018,WT1,P2,S4,8.53,19.22,True,False,CMMS,project_fact_ordenestrabajo_export.csv,2026-06-23T00:00:00,2393
WO002394,20250221,20250321,A002,EQ0030,SV4,R006,WT2,P4,S4,89.38,220.55,False,False,ServiceDesk,project_fact_ordenestrabajo_export.csv,2026-06-23T00:00:00,2394
WO002395,20250211,20250213,A005,EQ0021,SV5,R005,WT6,P2,S4,9.49,13.39,True,False,ServiceDesk,project_fact_ordenestrabajo_export.csv,2026-06-23T00:00:00,2395
WO002396,20250609,20250613,A005,EQ0032,SV1,R015,WT3,P3,S4,25.56,30.85,False,False,ServiceDesk,project_fact_ordenestrabajo_export.csv,2026-06-23T00:00:00,2396
WO002397,20250226,20250303,A004,EQ0008,SV8,R004,WT2,P4,S4,48.42,39.69,False,False,ServiceDesk,project_fact_ordenestrabajo_export.csv,2026-06-23T00:00:00,2397
WO002398,20250301,,A006,EQ0038,SV7,R004,WT2,P3,S2,28.62,16.53,False,True,CMMS,project_fact_ordenestrabajo_export.csv,2026-06-23T00:00:00,2398
WO002399,20250113,,A005,EQ0009,SV4,R016,WT1,P3,S2,60.12,37.16,False,True,CMMS,project_fact_ordenestrabajo_export.csv,2026-06-23T00:00:00,2399
WO002400,20250424,20250429,A001,EQ0007,SV4,R010,WT1,P3,S4,51.59,36.59,False,False,ServiceDesk,project_fact_ordenestrabajo_export.csv,2026-06-23T00:00:00,2400
WO002401,20250422,,A005,EQ0017,SV3,R012,WT5,P3,S3,44.07,47.12,False,False,CMMS,project_fact_ordenestrabajo_export.csv,2026-06-23T00:00:00,2401
WO002402,20250108,,A003,EQ0031,SV1,R003,WT5,P2,S2,12.78,10.32,True,False,ERP,project_fact_ordenestrabajo_export.csv,2026-06-23T00:00:00,2402
WO002403,20250130,20250205,A003,EQ0022,SV7,R022,WT3,P3,S4,49.59,41.69,False,False,CMMS,project_fact_ordenestrabajo_export.csv,2026-06-23T00:00:00,2403
WO002404,20250426,20250427,A002,EQ0015,SV7,R021,WT1,P2,S4,8.44,7.62,True,False,ServiceDesk,project_fact_ordenestrabajo_export.csv,2026-06-23T00:00:00,2404
WO002405,20250310,20250316,A003,EQ0040,SV6,R027,WT1,P4,S5,85.92,41.91,False,False,ERP,project_fact_ordenestrabajo_export.csv,2026-06-23T00:00:00,2405
WO002406,20250302,,A001,EQ0007,SV4,R003,WT3,P4,S1,65.25,114.11,False,False,ServiceDesk,project_fact_ordenestrabajo_export.csv,2026-06-23T00:00:00,2406
WO002407,20250327,,A002,EQ0036,SV5,R006,WT3,P3,S2,26.86,43.6,False,False,ServiceDesk,project_fact_ordenestrabajo_export.csv,2026-06-23T00:00:00,2407
WO002408,20250404,20250422,A004,EQ0008,SV1,R024,WT3,P3,S4,52.14,141.91,False,False,CMMS,project_fact_ordenestrabajo_export.csv,2026-06-23T00:00:00,2408
WO002409,20250113,,A001,EQ0026,SV6,R010,WT2,P2,S2,10.8,19.94,True,True,CMMS,project_fact_ordenestrabajo_export.csv,2026-06-23T00:00:00,2409
WO002410,20250526,,A005,EQ0039,SV2,R023,WT1,P4,S2,94.17,143.92,False,False,ERP,project_fact_ordenestrabajo_export.csv,2026-06-23T00:00:00,2410
WO002411,20250606,20250608,A003,EQ0001,SV7,R023,WT1,P2,S4,12.34,10.45,True,False,ServiceDesk,project_fact_ordenestrabajo_export.csv,2026-06-23T00:00:00,2411
WO002412,20250624,,A003,EQ0033,SV4,R023,WT2,P2,S2,9.38,21.61,True,False,ERP,project_fact_ordenestrabajo_export.csv,2026-06-23T00:00:00,2412
WO002413,20250509,,A006,EQ0038,SV1,R012,WT2,P4,S3,61.71,68.81,False,False,CMMS,project_fact_ordenestrabajo_export.csv,2026-06-23T00:00:00,2413
WO002414,20250308,20250315,A006,EQ0038,SV7,R026,WT1,P4,S4,45.65,49.75,False,True,ServiceDesk,project_fact_ordenestrabajo_export.csv,2026-06-23T00:00:00,2414
WO002415,20250426,,A003,EQ0040,SV2,R027,WT1,P1,S2,7.04,8.8,True,False,ERP,project_fact_ordenestrabajo_export.csv,2026-06-23T00:00:00,2415
WO002416,20250525,,A003,EQ0001,SV1,R026,WT3,P2,S2,10.31,20.53,True,False,ERP,project_fact_ordenestrabajo_export.csv,2026-06-23T00:00:00,2416
WO002417,20250512,20250521,A003,EQ0033,SV6,R002,WT1,P3,S4,42.39,65.01,False,False,CMMS,project_fact_ordenestrabajo_export.csv,2026-06-23T00:00:00,2417
WO002418,20250401,20250412,A003,EQ0035,SV7,R019,WT3,P4,S4,105.46,81.59,False,False,ServiceDesk,project_fact_ordenestrabajo_export.csv,2026-06-23T00:00:00,2418
WO002419,20250419,20250505,A006,EQ0027,SV6,R006,WT5,P4,S4,93.84,126.27,False,False,ServiceDesk,project_fact_ordenestrabajo_export.csv,2026-06-23T00:00:00,2419
WO002420,20250410,20250414,A005,EQ0011,SV4,R026,WT2,P3,S4,34.79,31.1,False,False,ERP,project_fact_ordenestrabajo_export.csv,2026-06-23T00:00:00,2420
WO002421,20250416,,A004,EQ0012,SV4,R010,WT2,P3,S2,38.06,75.05,False,False,ERP,project_fact_ordenestrabajo_export.csv,2026-06-23T00:00:00,2421
WO002422,20250523,20250527,A006,EQ0014,SV1,R006,WT3,P3,S4,29.72,25.68,False,False,CMMS,project_fact_ordenestrabajo_export.csv,2026-06-23T00:00:00,2422
WO002423,20250627,20250628,A004,EQ0002,SV8,R002,WT2,P1,S4,3.54,3.05,True,False,CMMS,project_fact_ordenestrabajo_export.csv,2026-06-23T00:00:00,2423
WO002424,20250303,20250312,A001,EQ0010,SV1,R007,WT1,P3,S4,45.37,67.6,False,False,CMMS,project_fact_ordenestrabajo_export.csv,2026-06-23T00:00:00,2424
WO002425,20250422,20250502,A005,EQ0037,SV2,R009,WT1,P3,S4,61.81,78.27,False,True,CMMS,project_fact_ordenestrabajo_export.csv,2026-06-23T00:00:00,2425
WO002426,20250118,20250122,A003,EQ0033,SV4,R028,WT1,P2,S4,19.18,28.83,True,True,ServiceDesk,project_fact_ordenestrabajo_export.csv,2026-06-23T00:00:00,2426
WO002427,20250504,,A001,EQ0007,SV1,R012,WT2,P3,S2,44.44,58.52,False,False,ERP,project_fact_ordenestrabajo_export.csv,2026-06-23T00:00:00,2427
WO002428,20250612,20250627,A004,EQ0008,SV2,R008,WT5,P4,S4,96.35,115.82,False,False,ERP,project_fact_ordenestrabajo_export.csv,2026-06-23T00:00:00,2428
WO002429,20250126,20250129,A004,EQ0003,SV8,R018,WT4,P2,S4,15.22,17.01,True,False,ServiceDesk,project_fact_ordenestrabajo_export.csv,2026-06-23T00:00:00,2429
WO002430,20250624,,A003,EQ0035,SV5,R004,WT6,P2,S2,18.87,26.06,True,False,ERP,project_fact_ordenestrabajo_export.csv,2026-06-23T00:00:00,2430
WO002431,20250513,20250516,A005,EQ0021,SV3,R008,WT3,P1,S4,6.89,18.3,True,False,ERP,project_fact_ordenestrabajo_export.csv,2026-06-23T00:00:00,2431
WO002432,20250203,20250222,A002,EQ0030,SV3,R008,WT5,P4,S4,107.34,147.7,False,False,ERP,project_fact_ordenestrabajo_export.csv,2026-06-23T00:00:00,2432
WO002433,20250122,,A004,EQ0004,SV3,R023,WT1,P3,S3,37.68,24.27,False,False,CMMS,project_fact_ordenestrabajo_export.csv,2026-06-23T00:00:00,2433
WO002434,20250227,20250302,A001,EQ0007,SV2,R023,WT4,P2,S4,9.83,19.11,True,False,CMMS,project_fact_ordenestrabajo_export.csv,2026-06-23T00:00:00,2434
WO002435,20250302,20250309,A006,EQ0014,SV5,R026,WT1,P3,S4,58.92,49.6,False,True,CMMS,project_fact_ordenestrabajo_export.csv,2026-06-23T00:00:00,2435
WO002436,20250130,20250131,A005,EQ0006,SV3,R016,WT1,P1,S5,5.54,6.25,True,False,ERP,project_fact_ordenestrabajo_export.csv,2026-06-23T00:00:00,2436
WO002437,20250404,20250408,A005,EQ0034,SV2,R029,WT6,P3,S4,36.75,27.43,False,False,ERP,project_fact_ordenestrabajo_export.csv,2026-06-23T00:00:00,2437
WO002438,20250109,,A006,EQ0019,SV8,R014,WT2,P3,S1,39.56,55.68,False,False,ServiceDesk,project_fact_ordenestrabajo_export.csv,2026-06-23T00:00:00,2438
WO002439,20250102,20250104,A004,EQ0003,SV2,R010,WT5,P2,S4,13.35,13.26,True,False,ERP,project_fact_ordenestrabajo_export.csv,2026-06-23T00:00:00,2439
WO002440,20250113,20250115,A005,EQ0032,SV1,R011,WT2,P1,S4,5.4,11.46,True,False,CMMS,project_fact_ordenestrabajo_export.csv,2026-06-23T00:00:00,2440
WO002441,20250527,20250531,A005,EQ0023,SV6,R024,WT4,P3,S4,30.09,30.67,False,True,ERP,project_fact_ordenestrabajo_export.csv,2026-06-23T00:00:00,2441
WO002442,20250509,,A004,EQ0005,SV2,R023,WT1,P3,S3,42.55,26.88,False,False,CMMS,project_fact_ordenestrabajo_export.csv,2026-06-23T00:00:00,2442
WO002443,20250521,20250528,A005,EQ0023,SV5,R021,WT1,P3,S4,59.67,53.11,False,False,ERP,project_fact_ordenestrabajo_export.csv,2026-06-23T00:00:00,2443
WO002444,20250610,20250611,A002,EQ0015,SV4,R002,WT4,P1,S4,3.4,3.62,True,False,ServiceDesk,project_fact_ordenestrabajo_export.csv,2026-06-23T00:00:00,2444
WO002445,20250513,20250515,A001,EQ0026,SV3,R025,WT2,P2,S4,13.05,10.8,True,False,ERP,project_fact_ordenestrabajo_export.csv,2026-06-23T00:00:00,2445
WO002446,20250114,,A004,EQ0029,SV2,R021,WT6,P2,S2,12.52,14.32,True,False,ERP,project_fact_ordenestrabajo_export.csv,2026-06-23T00:00:00,2446
WO002447,20250521,,A001,EQ0028,SV3,R026,WT1,P3,S1,26.75,82.39,False,False,ServiceDesk,project_fact_ordenestrabajo_export.csv,2026-06-23T00:00:00,2447
WO002448,20250325,20250402,A005,EQ0017,SV3,R024,WT2,P3,S4,42.52,59.32,False,False,CMMS,project_fact_ordenestrabajo_export.csv,2026-06-23T00:00:00,2448
WO002449,20250410,20250412,A005,EQ0011,SV5,R016,WT1,P2,S4,10.84,10.1,True,False,CMMS,project_fact_ordenestrabajo_export.csv,2026-06-23T00:00:00,2449
WO002450,20250424,20250425,A005,EQ0032,SV8,R008,WT1,P2,S4,11.17,7.19,True,False,ERP,project_fact_ordenestrabajo_export.csv,2026-06-23T00:00:00,2450
WO002451,20250406,20250417,A006,EQ0027,SV8,R010,WT6,P3,S4,57.78,87.71,False,False,ServiceDesk,project_fact_ordenestrabajo_export.csv,2026-06-23T00:00:00,2451
WO002452,20250310,,A001,EQ0010,SV8,R027,WT2,P2,S2,13.42,15.44,True,False,ERP,project_fact_ordenestrabajo_export.csv,2026-06-23T00:00:00,2452
WO002453,20250403,20250416,A004,EQ0002,SV8,R027,WT2,P3,S4,59.63,99.75,False,False,ERP,project_fact_ordenestrabajo_export.csv,2026-06-23T00:00:00,2453
WO002454,20250521,20250528,A003,EQ0031,SV2,R019,WT5,P3,S4,29.67,54.71,False,False,ServiceDesk,project_fact_ordenestrabajo_export.csv,2026-06-23T00:00:00,2454
WO002455,20250102,,A005,EQ0039,SV6,R004,WT1,P3,S2,29.99,45.88,False,False,ERP,project_fact_ordenestrabajo_export.csv,2026-06-23T00:00:00,2455
WO002456,20250515,20250517,A004,EQ0004,SV1,R024,WT3,P2,S4,15.36,12.47,True,False,CMMS,project_fact_ordenestrabajo_export.csv,2026-06-23T00:00:00,2456
WO002457,20250503,20250506,A001,EQ0007,SV7,R009,WT2,P2,S4,14.06,21.19,True,False,CMMS,project_fact_ordenestrabajo_export.csv,2026-06-23T00:00:00,2457
WO002458,20250401,20250402,A006,EQ0014,SV5,R024,WT1,P1,S4,3.53,5.97,True,False,ERP,project_fact_ordenestrabajo_export.csv,2026-06-23T00:00:00,2458
WO002459,20250206,20250208,A003,EQ0033,SV3,R029,WT3,P2,S4,11.66,14.36,True,False,CMMS,project_fact_ordenestrabajo_export.csv,2026-06-23T00:00:00,2459
WO002460,20250206,,A003,EQ0025,SV7,R020,WT4,P2,S3,16.58,44.58,True,False,ServiceDesk,project_fact_ordenestrabajo_export.csv,2026-06-23T00:00:00,2460
WO002461,20250622,,A003,EQ0022,SV1,R023,WT3,P4,S1,49.16,36.6,False,False,CMMS,project_fact_ordenestrabajo_export.csv,2026-06-23T00:00:00,2461
WO002462,20250419,20250420,A003,EQ0025,SV5,R029,WT6,P1,S4,3.79,6.18,True,False,ServiceDesk,project_fact_ordenestrabajo_export.csv,2026-06-23T00:00:00,2462
WO002463,20250531,,A001,EQ0010,SV7,R008,WT1,P1,S3,4.26,6.72,True,False,CMMS,project_fact_ordenestrabajo_export.csv,2026-06-23T00:00:00,2463
WO002464,20250312,,A005,EQ0021,SV7,R024,WT2,P4,S2,94.09,55.86,False,False,ERP,project_fact_ordenestrabajo_export.csv,2026-06-23T00:00:00,2464
WO002465,20250317,20250324,A005,EQ0017,SV1,R020,WT1,P3,S4,32.05,48.63,False,False,CMMS,project_fact_ordenestrabajo_export.csv,2026-06-23T00:00:00,2465
WO002466,20250617,,A003,EQ0035,SV5,R022,WT6,P1,S3,5.21,10.15,True,False,ServiceDesk,project_fact_ordenestrabajo_export.csv,2026-06-23T00:00:00,2466
WO002467,20250628,,A003,EQ0025,SV8,R028,WT6,P3,S1,46.39,86.68,False,False,ERP,project_fact_ordenestrabajo_export.csv,2026-06-23T00:00:00,2467
WO002468,20250603,20250611,A005,EQ0016,SV2,R008,WT1,P3,S4,28.38,62.76,False,False,CMMS,project_fact_ordenestrabajo_export.csv,2026-06-23T00:00:00,2468
WO002469,20250320,20250323,A006,EQ0014,SV1,R009,WT2,P3,S4,29.92,21.58,False,False,ServiceDesk,project_fact_ordenestrabajo_export.csv,2026-06-23T00:00:00,2469
WO002470,20250113,,A005,EQ0009,SV2,R024,WT2,P3,S2,56.35,111.79,False,False,ServiceDesk,project_fact_ordenestrabajo_export.csv,2026-06-23T00:00:00,2470
WO002471,20250514,,A003,EQ0001,SV6,R029,WT5,P3,S1,58.51,58.58,False,False,ServiceDesk,project_fact_ordenestrabajo_export.csv,2026-06-23T00:00:00,2471
WO002472,20250330,,A004,EQ0013,SV5,R020,WT3,P2,S2,18.94,19.58,True,False,CMMS,project_fact_ordenestrabajo_export.csv,2026-06-23T00:00:00,2472
WO002473,20250131,20250203,A005,EQ0023,SV8,R024,WT3,P2,S4,14.4,19.99,True,False,ServiceDesk,project_fact_ordenestrabajo_export.csv,2026-06-23T00:00:00,2473
WO002474,20250622,20250624,A005,EQ0032,SV6,R011,WT2,P3,S4,25.5,15.6,False,False,ERP,project_fact_ordenestrabajo_export.csv,2026-06-23T00:00:00,2474
WO002475,20250127,20250130,A001,EQ0010,SV7,R019,WT1,P2,S4,13.51,16.92,True,False,ERP,project_fact_ordenestrabajo_export.csv,2026-06-23T00:00:00,2475
WO002476,20250429,20250516,A001,EQ0007,SV1,R018,WT4,P4,S5,46.62,129.81,False,False,CMMS,project_fact_ordenestrabajo_export.csv,2026-06-23T00:00:00,2476
WO002477,20250501,,A001,EQ0007,SV3,R013,WT2,P1,S2,5.8,14.71,True,False,ERP,project_fact_ordenestrabajo_export.csv,2026-06-23T00:00:00,2477
WO002478,20250115,20250125,A004,EQ0008,SV1,R027,WT2,P3,S4,51.34,74.69,False,False,ERP,project_fact_ordenestrabajo_export.csv,2026-06-23T00:00:00,2478
WO002479,20250606,20250608,A004,EQ0029,SV7,R005,WT1,P2,S4,11.24,9.87,True,False,CMMS,project_fact_ordenestrabajo_export.csv,2026-06-23T00:00:00,2479
WO002480,20250615,20250620,A001,EQ0020,SV5,R028,WT3,P4,S4,49.26,38.34,False,False,ERP,project_fact_ordenestrabajo_export.csv,2026-06-23T00:00:00,2480
WO002481,20250629,20250630,A004,EQ0002,SV8,R029,WT6,P3,S4,36.51,31.24,False,False,CMMS,project_fact_ordenestrabajo_export.csv,2026-06-23T00:00:00,2481
WO002482,20250622,20250629,A001,EQ0010,SV4,R023,WT1,P2,S5,13.89,55.0,True,False,ERP,project_fact_ordenestrabajo_export.csv,2026-06-23T00:00:00,2482
WO002483,20250627,20250630,A005,EQ0034,SV5,R028,WT1,P4,S4,73.16,77.58,False,False,ERP,project_fact_ordenestrabajo_export.csv,2026-06-23T00:00:00,2483
WO002484,20250622,20250628,A005,EQ0009,SV6,R003,WT2,P3,S4,31.11,44.24,False,False,ERP,project_fact_ordenestrabajo_export.csv,2026-06-23T00:00:00,2484
WO002485,20250219,20250220,A005,EQ0032,SV5,R001,WT1,P2,S4,9.91,7.81,True,False,ServiceDesk,project_fact_ordenestrabajo_export.csv,2026-06-23T00:00:00,2485
WO002486,20250206,20250213,A005,EQ0018,SV5,R021,WT2,P3,S4,57.69,49.43,False,False,ServiceDesk,project_fact_ordenestrabajo_export.csv,2026-06-23T00:00:00,2486
WO002487,20250309,,A004,EQ0012,SV6,R008,WT3,P4,S2,70.29,117.81,False,True,CMMS,project_fact_ordenestrabajo_export.csv,2026-06-23T00:00:00,2487
WO002488,20250613,20250614,A003,EQ0001,SV1,R010,WT4,P2,S4,15.43,6.77,True,False,CMMS,project_fact_ordenestrabajo_export.csv,2026-06-23T00:00:00,2488
WO002489,20250413,20250423,A003,EQ0001,SV2,R027,WT1,P3,S4,45.9,72.02,False,False,CMMS,project_fact_ordenestrabajo_export.csv,2026-06-23T00:00:00,2489
WO002490,20250213,20250218,A001,EQ0020,SV2,R012,WT2,P3,S4,48.44,37.58,False,False,ERP,project_fact_ordenestrabajo_export.csv,2026-06-23T00:00:00,2490
WO002491,20250423,20250425,A003,EQ0031,SV1,R009,WT3,P3,S4,35.29,13.38,False,False,CMMS,project_fact_ordenestrabajo_export.csv,2026-06-23T00:00:00,2491
WO002492,20250530,20250613,A005,EQ0018,SV8,R015,WT2,P3,S4,57.92,111.29,False,False,CMMS,project_fact_ordenestrabajo_export.csv,2026-06-23T00:00:00,2492
WO002493,20250412,20250422,A004,EQ0002,SV4,R006,WT6,P3,S4,40.95,77.4,False,False,CMMS,project_fact_ordenestrabajo_export.csv,2026-06-23T00:00:00,2493
WO002494,20250227,20250308,A006,EQ0027,SV1,R020,WT6,P3,S4,62.85,68.0,False,True,ServiceDesk,project_fact_ordenestrabajo_export.csv,2026-06-23T00:00:00,2494
WO002495,20250102,,A003,EQ0031,SV2,R008,WT1,P3,S2,35.23,11.81,False,True,ServiceDesk,project_fact_ordenestrabajo_export.csv,2026-06-23T00:00:00,2495
WO002496,20250414,20250416,A004,EQ0003,SV4,R012,WT2,P2,S4,12.72,10.28,True,False,ERP,project_fact_ordenestrabajo_export.csv,2026-06-23T00:00:00,2496
WO002497,20250307,,A004,EQ0029,SV2,R021,WT2,P4,S2,43.65,56.25,False,False,ERP,project_fact_ordenestrabajo_export.csv,2026-06-23T00:00:00,2497
WO002498,20250422,20250501,A005,EQ0037,SV7,R017,WT5,P3,S4,34.8,69.62,False,True,ERP,project_fact_ordenestrabajo_export.csv,2026-06-23T00:00:00,2498
WO002499,20250131,,A001,EQ0028,SV1,R015,WT1,P2,S2,18.9,22.02,True,False,CMMS,project_fact_ordenestrabajo_export.csv,2026-06-23T00:00:00,2499
WO002500,20250424,,A006,EQ0019,SV8,R016,WT2,P4,S2,55.41,75.83,False,True,ERP,project_fact_ordenestrabajo_export.csv,2026-06-23T00:00:00,2500
WO002501,20250224,,A003,EQ0001,SV2,R019,WT2,P2,S3,19.48,9.61,True,False,ERP,project_fact_ordenestrabajo_export.csv,2026-06-23T00:00:00,2501
WO002502,20250426,20250429,A004,EQ0005,SV2,R004,WT2,P3,S4,26.66,22.37,False,False,ERP,project_fact_ordenestrabajo_export.csv,2026-06-23T00:00:00,2502
WO002503,20250402,20250410,A004,EQ0005,SV3,R027,WT1,P3,S4,54.97,58.7,False,False,ServiceDesk,project_fact_ordenestrabajo_export.csv,2026-06-23T00:00:00,2503
WO002504,20250515,20250525,A005,EQ0017,SV4,R022,WT2,P3,S4,55.69,74.38,False,False,CMMS,project_fact_ordenestrabajo_export.csv,2026-06-23T00:00:00,2504
WO002505,20250529,20250606,A001,EQ0028,SV3,R009,WT1,P4,S4,76.06,57.68,False,False,ERP,project_fact_ordenestrabajo_export.csv,2026-06-23T00:00:00,2505
WO002506,20250504,20250520,A005,EQ0017,SV3,R009,WT6,P4,S4,97.31,126.99,False,False,CMMS,project_fact_ordenestrabajo_export.csv,2026-06-23T00:00:00,2506
WO002507,20250606,,A003,EQ0031,SV4,R010,WT2,P3,S2,29.27,40.97,False,False,ServiceDesk,project_fact_ordenestrabajo_export.csv,2026-06-23T00:00:00,2507
WO002508,20250203,,A002,EQ0036,SV6,R028,WT3,P3,S1,49.42,39.21,False,False,CMMS,project_fact_ordenestrabajo_export.csv,2026-06-23T00:00:00,2508
WO002509,20250102,20250103,A005,EQ0034,SV7,R003,WT2,P2,S4,8.42,6.88,True,False,ServiceDesk,project_fact_ordenestrabajo_export.csv,2026-06-23T00:00:00,2509
WO002510,20250310,20250312,A004,EQ0008,SV3,R023,WT1,P2,S4,9.98,12.83,True,True,CMMS,project_fact_ordenestrabajo_export.csv,2026-06-23T00:00:00,2510
WO002511,20250308,20250311,A003,EQ0025,SV1,R015,WT3,P3,S4,30.51,18.62,False,True,ServiceDesk,project_fact_ordenestrabajo_export.csv,2026-06-23T00:00:00,2511
WO002512,20250514,,A003,EQ0001,SV7,R017,WT1,P4,S1,46.05,29.97,False,False,CMMS,project_fact_ordenestrabajo_export.csv,2026-06-23T00:00:00,2512
WO002513,20250510,20250515,A004,EQ0002,SV1,R002,WT6,P4,S4,42.61,32.19,False,False,ServiceDesk,project_fact_ordenestrabajo_export.csv,2026-06-23T00:00:00,2513
WO002514,20250223,20250228,A004,EQ0029,SV3,R001,WT1,P2,S4,18.51,35.57,True,False,ServiceDesk,project_fact_ordenestrabajo_export.csv,2026-06-23T00:00:00,2514
WO002515,20250619,,A005,EQ0017,SV6,R001,WT3,P2,S3,17.12,20.36,True,True,ERP,project_fact_ordenestrabajo_export.csv,2026-06-23T00:00:00,2515
WO002516,20250105,20250112,A003,EQ0001,SV5,R015,WT1,P3,S4,63.26,50.87,False,False,CMMS,project_fact_ordenestrabajo_export.csv,2026-06-23T00:00:00,2516
WO002517,20250403,20250406,A002,EQ0015,SV3,R007,WT2,P2,S4,15.68,23.96,True,False,ERP,project_fact_ordenestrabajo_export.csv,2026-06-23T00:00:00,2517
WO002518,20250410,20250412,A003,EQ0035,SV5,R004,WT6,P2,S4,12.94,8.67,True,True,ServiceDesk,project_fact_ordenestrabajo_export.csv,2026-06-23T00:00:00,2518
WO002519,20250210,20250214,A001,EQ0010,SV3,R022,WT1,P3,S5,41.87,28.14,False,False,ServiceDesk,project_fact_ordenestrabajo_export.csv,2026-06-23T00:00:00,2519
WO002520,20250423,20250424,A003,EQ0001,SV1,R002,WT1,P1,S4,2.87,5.67,True,False,ServiceDesk,project_fact_ordenestrabajo_export.csv,2026-06-23T00:00:00,2520
WO002521,20250320,,A002,EQ0036,SV4,R024,WT2,P3,S3,63.98,107.58,False,False,ERP,project_fact_ordenestrabajo_export.csv,2026-06-23T00:00:00,2521
WO002522,20250428,,A004,EQ0013,SV2,R009,WT1,P3,S3,53.15,53.24,False,False,ERP,project_fact_ordenestrabajo_export.csv,2026-06-23T00:00:00,2522
WO002523,20250524,,A003,EQ0031,SV8,R030,WT2,P4,S3,92.15,103.12,False,False,CMMS,project_fact_ordenestrabajo_export.csv,2026-06-23T00:00:00,2523
WO002524,20250520,20250521,A003,EQ0031,SV5,R017,WT2,P1,S4,6.89,5.85,True,False,CMMS,project_fact_ordenestrabajo_export.csv,2026-06-23T00:00:00,2524
WO002525,20250204,,A004,EQ0002,SV8,R015,WT2,P4,S2,86.91,103.34,False,False,CMMS,project_fact_ordenestrabajo_export.csv,2026-06-23T00:00:00,2525
WO002526,20250629,20250630,A003,EQ0035,SV4,R011,WT2,P3,S4,25.53,25.74,False,False,CMMS,project_fact_ordenestrabajo_export.csv,2026-06-23T00:00:00,2526
WO002527,20250301,,A003,EQ0022,SV4,R021,WT2,P4,S2,44.35,69.67,False,False,CMMS,project_fact_ordenestrabajo_export.csv,2026-06-23T00:00:00,2527
WO002528,20250227,20250304,A005,EQ0017,SV2,R023,WT2,P2,S4,20.45,33.83,True,False,ERP,project_fact_ordenestrabajo_export.csv,2026-06-23T00:00:00,2528
WO002529,20250322,20250328,A001,EQ0026,SV6,R014,WT2,P3,S4,31.83,42.81,False,False,CMMS,project_fact_ordenestrabajo_export.csv,2026-06-23T00:00:00,2529
WO002530,20250627,20250630,A002,EQ0030,SV4,R005,WT1,P3,S4,52.5,96.92,False,False,ERP,project_fact_ordenestrabajo_export.csv,2026-06-23T00:00:00,2530
WO002531,20250612,20250615,A005,EQ0011,SV2,R010,WT2,P3,S4,36.16,22.35,False,True,ServiceDesk,project_fact_ordenestrabajo_export.csv,2026-06-23T00:00:00,2531
WO002532,20250508,20250516,A004,EQ0012,SV5,R022,WT5,P4,S4,91.27,59.34,False,False,ServiceDesk,project_fact_ordenestrabajo_export.csv,2026-06-23T00:00:00,2532
WO002533,20250401,,A005,EQ0011,SV8,R021,WT2,P3,S3,35.58,30.4,False,False,CMMS,project_fact_ordenestrabajo_export.csv,2026-06-23T00:00:00,2533
WO002534,20250516,,A005,EQ0006,SV1,R023,WT3,P3,S2,41.93,46.16,False,False,ServiceDesk,project_fact_ordenestrabajo_export.csv,2026-06-23T00:00:00,2534
WO002535,20250314,20250320,A005,EQ0016,SV5,R013,WT6,P3,S4,58.77,43.93,False,False,CMMS,project_fact_ordenestrabajo_export.csv,2026-06-23T00:00:00,2535
WO002536,20250619,,A001,EQ0020,SV5,R019,WT4,P4,S3,43.76,30.02,False,False,ERP,project_fact_ordenestrabajo_export.csv,2026-06-23T00:00:00,2536
WO002537,20250119,,A004,EQ0002,SV2,R020,WT1,P2,S3,20.07,56.14,True,False,ServiceDesk,project_fact_ordenestrabajo_export.csv,2026-06-23T00:00:00,2537
WO002538,20250508,20250509,A004,EQ0012,SV8,R018,WT3,P1,S4,5.42,5.67,True,False,CMMS,project_fact_ordenestrabajo_export.csv,2026-06-23T00:00:00,2538
WO002539,20250507,20250508,A004,EQ0013,SV3,R002,WT2,P1,S5,4.81,4.5,True,False,CMMS,project_fact_ordenestrabajo_export.csv,2026-06-23T00:00:00,2539
WO002540,20250412,,A006,EQ0024,SV1,R015,WT3,P4,S2,103.45,188.75,False,False,ServiceDesk,project_fact_ordenestrabajo_export.csv,2026-06-23T00:00:00,2540
WO002541,20250319,,A005,EQ0034,SV8,R010,WT3,P2,S2,8.76,7.86,True,False,CMMS,project_fact_ordenestrabajo_export.csv,2026-06-23T00:00:00,2541
WO002542,20250222,20250228,A005,EQ0016,SV1,R027,WT1,P3,S4,32.47,44.1,False,False,ERP,project_fact_ordenestrabajo_export.csv,2026-06-23T00:00:00,2542
WO002543,20250104,,A005,EQ0017,SV7,R002,WT1,P1,S2,7.14,3.34,True,False,CMMS,project_fact_ordenestrabajo_export.csv,2026-06-23T00:00:00,2543
WO002544,20250215,,A004,EQ0012,SV4,R018,WT4,P4,S2,61.35,63.35,False,False,ERP,project_fact_ordenestrabajo_export.csv,2026-06-23T00:00:00,2544
WO002545,20250309,20250311,A005,EQ0009,SV4,R011,WT6,P2,S4,13.91,14.52,True,False,CMMS,project_fact_ordenestrabajo_export.csv,2026-06-23T00:00:00,2545
WO002546,20250411,,A004,EQ0012,SV6,R011,WT4,P2,S3,14.23,19.62,True,False,ServiceDesk,project_fact_ordenestrabajo_export.csv,2026-06-23T00:00:00,2546
WO002547,20250509,,A005,EQ0017,SV7,R013,WT1,P3,S1,55.08,63.16,False,False,CMMS,project_fact_ordenestrabajo_export.csv,2026-06-23T00:00:00,2547
WO002548,20250118,20250121,A004,EQ0013,SV2,R006,WT4,P2,S4,20.98,18.95,True,False,CMMS,project_fact_ordenestrabajo_export.csv,2026-06-23T00:00:00,2548
WO002549,20250406,20250408,A005,EQ0021,SV7,R005,WT2,P2,S4,11.01,14.56,True,False,ERP,project_fact_ordenestrabajo_export.csv,2026-06-23T00:00:00,2549
WO002550,20250317,20250324,A004,EQ0029,SV6,R011,WT3,P3,S4,62.36,49.33,False,False,ERP,project_fact_ordenestrabajo_export.csv,2026-06-23T00:00:00,2550
WO002551,20250128,20250215,A006,EQ0038,SV3,R003,WT2,P4,S4,70.36,137.21,False,False,CMMS,project_fact_ordenestrabajo_export.csv,2026-06-23T00:00:00,2551
WO002552,20250207,,A005,EQ0037,SV8,R005,WT2,P2,S3,9.83,10.54,True,True,ServiceDesk,project_fact_ordenestrabajo_export.csv,2026-06-23T00:00:00,2552
WO002553,20250615,20250621,A001,EQ0028,SV6,R014,WT3,P3,S4,37.94,41.52,False,False,ServiceDesk,project_fact_ordenestrabajo_export.csv,2026-06-23T00:00:00,2553
WO002554,20250404,20250407,A006,EQ0024,SV6,R010,WT1,P2,S4,12.64,23.8,True,False,ERP,project_fact_ordenestrabajo_export.csv,2026-06-23T00:00:00,2554
WO002555,20250301,20250307,A005,EQ0023,SV8,R024,WT5,P3,S4,36.35,45.65,False,False,CMMS,project_fact_ordenestrabajo_export.csv,2026-06-23T00:00:00,2555
WO002556,20250417,20250419,A005,EQ0023,SV3,R001,WT1,P2,S4,17.44,13.64,True,False,ERP,project_fact_ordenestrabajo_export.csv,2026-06-23T00:00:00,2556
WO002557,20250227,,A001,EQ0026,SV4,R006,WT3,P4,S2,91.65,274.53,False,False,ERP,project_fact_ordenestrabajo_export.csv,2026-06-23T00:00:00,2557
WO002558,20250515,20250518,A005,EQ0032,SV4,R024,WT4,P2,S4,10.3,16.84,True,False,CMMS,project_fact_ordenestrabajo_export.csv,2026-06-23T00:00:00,2558
WO002559,20250325,,A004,EQ0004,SV5,R027,WT1,P4,S2,44.34,33.68,False,False,CMMS,project_fact_ordenestrabajo_export.csv,2026-06-23T00:00:00,2559
WO002560,20250629,,A004,EQ0029,SV3,R018,WT2,P4,S1,51.77,53.8,False,True,CMMS,project_fact_ordenestrabajo_export.csv,2026-06-23T00:00:00,2560
WO002561,20250228,,A002,EQ0030,SV3,R003,WT5,P3,S1,56.91,85.43,False,False,CMMS,project_fact_ordenestrabajo_export.csv,2026-06-23T00:00:00,2561
WO002562,20250308,20250317,A001,EQ0010,SV1,R026,WT2,P4,S4,64.34,70.61,False,False,CMMS,project_fact_ordenestrabajo_export.csv,2026-06-23T00:00:00,2562
WO002563,20250628,20250630,A003,EQ0022,SV1,R016,WT2,P2,S4,13.3,19.12,True,True,ERP,project_fact_ordenestrabajo_export.csv,2026-06-23T00:00:00,2563
WO002564,20250210,,A006,EQ0024,SV1,R006,WT2,P2,S3,8.68,6.94,True,False,ServiceDesk,project_fact_ordenestrabajo_export.csv,2026-06-23T00:00:00,2564
WO002565,20250218,20250221,A004,EQ0008,SV1,R012,WT1,P2,S4,8.68,17.06,True,False,ServiceDesk,project_fact_ordenestrabajo_export.csv,2026-06-23T00:00:00,2565
WO002566,20250611,,A003,EQ0001,SV2,R005,WT4,P2,S1,21.5,10.86,True,False,ERP,project_fact_ordenestrabajo_export.csv,2026-06-23T00:00:00,2566
WO002567,20250130,20250201,A006,EQ0014,SV6,R026,WT2,P1,S4,6.63,12.0,True,False,CMMS,project_fact_ordenestrabajo_export.csv,2026-06-23T00:00:00,2567
WO002568,20250618,,A004,EQ0004,SV2,R026,WT2,P1,S4,6.4,4.3,True,False,CMMS,project_fact_ordenestrabajo_export.csv,2026-06-23T00:00:00,2568
WO002569,20250213,20250218,A005,EQ0039,SV8,R011,WT2,P3,S4,40.59,38.46,False,False,CMMS,project_fact_ordenestrabajo_export.csv,2026-06-23T00:00:00,2569
WO002570,20250519,20250524,A003,EQ0031,SV4,R010,WT2,P2,S4,21.51,32.99,True,True,ERP,project_fact_ordenestrabajo_export.csv,2026-06-23T00:00:00,2570
WO002571,20250327,,A004,EQ0003,SV1,R014,WT1,P1,S2,3.98,4.19,True,False,ServiceDesk,project_fact_ordenestrabajo_export.csv,2026-06-23T00:00:00,2571
WO002572,20250204,20250211,A006,EQ0038,SV2,R010,WT1,P3,S4,50.59,48.61,False,True,ERP,project_fact_ordenestrabajo_export.csv,2026-06-23T00:00:00,2572
WO002573,20250421,20250425,A005,EQ0023,SV1,R006,WT2,P4,S4,44.17,26.41,False,False,ERP,project_fact_ordenestrabajo_export.csv,2026-06-23T00:00:00,2573
WO002574,20250102,,A004,EQ0029,SV2,R010,WT4,P2,S3,17.62,18.91,True,False,ERP,project_fact_ordenestrabajo_export.csv,2026-06-23T00:00:00,2574
WO002575,20250129,20250222,A005,EQ0021,SV7,R022,WT1,P4,S4,90.35,184.41,False,False,ERP,project_fact_ordenestrabajo_export.csv,2026-06-23T00:00:00,2575
WO002576,20250518,20250524,A004,EQ0008,SV4,R016,WT5,P3,S4,41.73,42.63,False,False,ServiceDesk,project_fact_ordenestrabajo_export.csv,2026-06-23T00:00:00,2576
WO002577,20250213,,A005,EQ0021,SV7,R020,WT3,P2,S3,19.59,8.17,True,False,CMMS,project_fact_ordenestrabajo_export.csv,2026-06-23T00:00:00,2577
WO002578,20250303,20250310,A003,EQ0035,SV7,R001,WT3,P3,S5,64.08,50.71,False,False,ERP,project_fact_ordenestrabajo_export.csv,2026-06-23T00:00:00,2578
WO002579,20250213,20250216,A005,EQ0021,SV2,R010,WT1,P2,S5,15.55,22.75,True,False,ERP,project_fact_ordenestrabajo_export.csv,2026-06-23T00:00:00,2579
WO002580,20250313,20250324,A005,EQ0037,SV1,R027,WT1,P3,S4,31.55,81.56,False,False,ServiceDesk,project_fact_ordenestrabajo_export.csv,2026-06-23T00:00:00,2580
WO002581,20250531,20250608,A006,EQ0019,SV3,R002,WT1,P4,S4,46.39,60.72,False,True,ServiceDesk,project_fact_ordenestrabajo_export.csv,2026-06-23T00:00:00,2581
WO002582,20250306,20250309,A003,EQ0025,SV5,R016,WT3,P2,S4,21.37,21.88,True,False,CMMS,project_fact_ordenestrabajo_export.csv,2026-06-23T00:00:00,2582
WO002583,20250625,,A003,EQ0031,SV2,R025,WT6,P3,S2,50.63,42.71,False,False,ServiceDesk,project_fact_ordenestrabajo_export.csv,2026-06-23T00:00:00,2583
WO002584,20250412,20250430,A003,EQ0033,SV4,R014,WT3,P3,S4,62.27,141.74,False,False,CMMS,project_fact_ordenestrabajo_export.csv,2026-06-23T00:00:00,2584
WO002585,20250430,,A001,EQ0026,SV5,R004,WT5,P1,S2,5.22,8.74,True,False,ServiceDesk,project_fact_ordenestrabajo_export.csv,2026-06-23T00:00:00,2585
WO002586,20250504,20250519,A001,EQ0026,SV7,R015,WT2,P4,S4,88.69,113.13,False,True,CMMS,project_fact_ordenestrabajo_export.csv,2026-06-23T00:00:00,2586
WO002587,20250502,20250507,A003,EQ0033,SV4,R015,WT1,P3,S4,37.36,39.43,False,True,ServiceDesk,project_fact_ordenestrabajo_export.csv,2026-06-23T00:00:00,2587
WO002588,20250202,,A003,EQ0033,SV1,R002,WT2,P3,S2,63.26,102.24,False,False,CMMS,project_fact_ordenestrabajo_export.csv,2026-06-23T00:00:00,2588
WO002589,20250311,20250315,A005,EQ0009,SV2,R003,WT2,P3,S4,47.63,31.06,False,False,ERP,project_fact_ordenestrabajo_export.csv,2026-06-23T00:00:00,2589
WO002590,20250609,20250611,A005,EQ0037,SV8,R014,WT4,P1,S4,6.91,14.38,True,False,ServiceDesk,project_fact_ordenestrabajo_export.csv,2026-06-23T00:00:00,2590
WO002591,20250421,20250501,A005,EQ0021,SV5,R022,WT3,P4,S4,94.87,74.95,False,False,ServiceDesk,project_fact_ordenestrabajo_export.csv,2026-06-23T00:00:00,2591
WO002592,20250613,,A005,EQ0011,SV6,R024,WT2,P3,S1,53.35,49.06,False,False,CMMS,project_fact_ordenestrabajo_export.csv,2026-06-23T00:00:00,2592
WO002593,20250313,20250324,A005,EQ0032,SV6,R018,WT2,P3,S4,50.32,84.83,False,False,ERP,project_fact_ordenestrabajo_export.csv,2026-06-23T00:00:00,2593
WO002594,20250227,20250309,A005,EQ0017,SV7,R021,WT4,P4,S4,79.45,78.98,False,False,CMMS,project_fact_ordenestrabajo_export.csv,2026-06-23T00:00:00,2594
WO002595,20250121,,A002,EQ0030,SV4,R016,WT2,P1,S1,3.04,1.63,True,True,ERP,project_fact_ordenestrabajo_export.csv,2026-06-23T00:00:00,2595
WO002596,20250126,,A001,EQ0028,SV1,R023,WT3,P1,S1,6.76,11.16,True,False,ServiceDesk,project_fact_ordenestrabajo_export.csv,2026-06-23T00:00:00,2596
WO002597,20250530,20250604,A005,EQ0009,SV2,R026,WT4,P3,S4,31.9,33.41,False,False,ERP,project_fact_ordenestrabajo_export.csv,2026-06-23T00:00:00,2597
WO002598,20250521,20250522,A006,EQ0019,SV4,R015,WT6,P2,S4,18.5,6.79,True,False,ERP,project_fact_ordenestrabajo_export.csv,2026-06-23T00:00:00,2598
WO002599,20250212,20250215,A006,EQ0019,SV7,R029,WT1,P2,S4,19.12,23.39,True,False,ERP,project_fact_ordenestrabajo_export.csv,2026-06-23T00:00:00,2599
WO002600,20250128,20250206,A002,EQ0030,SV6,R014,WT4,P3,S5,62.62,68.91,False,False,ERP,project_fact_ordenestrabajo_export.csv,2026-06-23T00:00:00,2600
WO002601,20250306,20250310,A005,EQ0011,SV4,R015,WT1,P3,S4,40.93,28.75,False,False,ERP,project_fact_ordenestrabajo_export.csv,2026-06-23T00:00:00,2601
WO002602,20250106,20250108,A001,EQ0020,SV2,R023,WT2,P2,S4,14.15,13.96,True,False,ERP,project_fact_ordenestrabajo_export.csv,2026-06-23T00:00:00,2602
WO002603,20250626,20250630,A006,EQ0027,SV3,R016,WT1,P3,S4,31.91,28.47,False,False,ERP,project_fact_ordenestrabajo_export.csv,2026-06-23T00:00:00,2603
WO002604,20250608,20250610,A003,EQ0022,SV6,R012,WT1,P1,S5,6.85,14.24,True,False,ERP,project_fact_ordenestrabajo_export.csv,2026-06-23T00:00:00,2604
WO002605,20250131,20250202,A005,EQ0018,SV5,R001,WT6,P2,S4,17.34,11.48,True,False,ERP,project_fact_ordenestrabajo_export.csv,2026-06-23T00:00:00,2605
WO002606,20250421,20250503,A005,EQ0011,SV8,R026,WT6,P4,S4,68.44,92.83,False,False,ERP,project_fact_ordenestrabajo_export.csv,2026-06-23T00:00:00,2606
WO002607,20250329,,A004,EQ0002,SV7,R015,WT2,P4,S2,71.21,152.44,False,False,ServiceDesk,project_fact_ordenestrabajo_export.csv,2026-06-23T00:00:00,2607
WO002608,20250607,20250609,A004,EQ0012,SV6,R015,WT3,P2,S4,17.5,13.75,True,False,ServiceDesk,project_fact_ordenestrabajo_export.csv,2026-06-23T00:00:00,2608
WO002609,20250202,20250205,A005,EQ0017,SV4,R022,WT1,P2,S4,15.88,23.83,True,False,CMMS,project_fact_ordenestrabajo_export.csv,2026-06-23T00:00:00,2609
WO002610,20250420,20250423,A005,EQ0016,SV6,R008,WT3,P2,S4,18.59,16.64,True,True,ERP,project_fact_ordenestrabajo_export.csv,2026-06-23T00:00:00,2610
WO002611,20250210,,A005,EQ0006,SV8,R025,WT3,P1,S1,4.5,8.45,True,False,ERP,project_fact_ordenestrabajo_export.csv,2026-06-23T00:00:00,2611
WO002612,20250226,20250228,A001,EQ0020,SV2,R022,WT1,P1,S4,5.66,9.7,True,False,CMMS,project_fact_ordenestrabajo_export.csv,2026-06-23T00:00:00,2612
WO002613,20250107,20250110,A005,EQ0011,SV7,R009,WT2,P2,S4,19.81,18.32,True,False,ServiceDesk,project_fact_ordenestrabajo_export.csv,2026-06-23T00:00:00,2613
WO002614,20250607,,A005,EQ0037,SV5,R006,WT2,P2,S1,21.55,25.88,True,False,ERP,project_fact_ordenestrabajo_export.csv,2026-06-23T00:00:00,2614
WO002615,20250601,20250604,A005,EQ0021,SV1,R016,WT1,P2,S4,10.46,16.04,True,True,ERP,project_fact_ordenestrabajo_export.csv,2026-06-23T00:00:00,2615
WO002616,20250519,20250522,A005,EQ0021,SV6,R022,WT2,P2,S4,21.37,18.45,True,True,CMMS,project_fact_ordenestrabajo_export.csv,2026-06-23T00:00:00,2616
WO002617,20250504,20250513,A001,EQ0020,SV3,R007,WT2,P4,S4,46.56,64.99,False,True,ServiceDesk,project_fact_ordenestrabajo_export.csv,2026-06-23T00:00:00,2617
WO002618,20250417,,A005,EQ0039,SV7,R023,WT6,P2,S2,12.8,9.04,True,False,CMMS,project_fact_ordenestrabajo_export.csv,2026-06-23T00:00:00,2618
WO002619,20250311,,A004,EQ0005,SV1,R009,WT4,P3,S2,56.0,66.49,False,False,CMMS,project_fact_ordenestrabajo_export.csv,2026-06-23T00:00:00,2619
WO002620,20250215,20250225,A003,EQ0040,SV8,R011,WT2,P3,S4,45.88,75.26,False,False,ServiceDesk,project_fact_ordenestrabajo_export.csv,2026-06-23T00:00:00,2620
WO002621,20250401,20250406,A004,EQ0005,SV7,R030,WT3,P3,S4,56.55,38.83,False,False,ERP,project_fact_ordenestrabajo_export.csv,2026-06-23T00:00:00,2621
WO002622,20250422,20250424,A005,EQ0006,SV7,R011,WT3,P2,S4,10.41,9.54,True,True,CMMS,project_fact_ordenestrabajo_export.csv,2026-06-23T00:00:00,2622
WO002623,20250603,,A003,EQ0031,SV3,R004,WT2,P2,S2,14.47,21.43,True,False,ERP,project_fact_ordenestrabajo_export.csv,2026-06-23T00:00:00,2623
WO002624,20250313,20250315,A005,EQ0011,SV3,R026,WT5,P2,S4,9.05,15.52,True,False,ERP,project_fact_ordenestrabajo_export.csv,2026-06-23T00:00:00,2624
WO002625,20250304,20250305,A004,EQ0013,SV5,R030,WT1,P1,S4,5.52,6.33,True,False,CMMS,project_fact_ordenestrabajo_export.csv,2026-06-23T00:00:00,2625
WO002626,20250514,20250527,A006,EQ0019,SV8,R021,WT1,P4,S4,93.8,101.57,False,True,CMMS,project_fact_ordenestrabajo_export.csv,2026-06-23T00:00:00,2626
WO002627,20250220,,A006,EQ0024,SV4,R023,WT3,P4,S1,63.67,125.06,False,False,ERP,project_fact_ordenestrabajo_export.csv,2026-06-23T00:00:00,2627
WO002628,20250201,,A003,EQ0033,SV7,R011,WT2,P2,S1,12.21,13.55,True,False,CMMS,project_fact_ordenestrabajo_export.csv,2026-06-23T00:00:00,2628
WO002629,20250306,,A005,EQ0009,SV5,R015,WT3,P2,S2,12.96,13.53,True,False,ServiceDesk,project_fact_ordenestrabajo_export.csv,2026-06-23T00:00:00,2629
WO002630,20250401,20250424,A004,EQ0029,SV3,R028,WT1,P4,S4,89.87,180.37,False,False,ERP,project_fact_ordenestrabajo_export.csv,2026-06-23T00:00:00,2630
WO002631,20250501,,A005,EQ0009,SV6,R013,WT1,P3,S1,52.23,58.34,False,False,ERP,project_fact_ordenestrabajo_export.csv,2026-06-23T00:00:00,2631
WO002632,20250406,20250415,A005,EQ0032,SV4,R019,WT3,P3,S4,59.29,68.83,False,False,CMMS,project_fact_ordenestrabajo_export.csv,2026-06-23T00:00:00,2632
WO002633,20250413,20250419,A003,EQ0022,SV1,R025,WT1,P3,S4,32.7,41.94,False,False,ServiceDesk,project_fact_ordenestrabajo_export.csv,2026-06-23T00:00:00,2633
WO002634,20250521,20250524,A004,EQ0005,SV8,R008,WT2,P2,S4,9.35,16.57,True,False,ServiceDesk,project_fact_ordenestrabajo_export.csv,2026-06-23T00:00:00,2634
WO002635,20250216,20250217,A001,EQ0026,SV7,R009,WT4,P1,S4,2.82,4.13,True,False,ERP,project_fact_ordenestrabajo_export.csv,2026-06-23T00:00:00,2635
WO002636,20250516,20250524,A004,EQ0012,SV6,R005,WT2,P3,S5,41.37,60.21,False,False,ServiceDesk,project_fact_ordenestrabajo_export.csv,2026-06-23T00:00:00,2636
WO002637,20250205,,A004,EQ0002,SV2,R012,WT2,P1,S1,5.36,10.58,True,False,CMMS,project_fact_ordenestrabajo_export.csv,2026-06-23T00:00:00,2637
WO002638,20250210,20250215,A005,EQ0017,SV6,R001,WT2,P3,S4,58.07,38.51,False,False,CMMS,project_fact_ordenestrabajo_export.csv,2026-06-23T00:00:00,2638
WO002639,20250106,20250112,A005,EQ0037,SV3,R013,WT4,P3,S5,34.39,47.68,False,True,ServiceDesk,project_fact_ordenestrabajo_export.csv,2026-06-23T00:00:00,2639
WO002640,20250220,20250316,A001,EQ0007,SV1,R001,WT2,P4,S4,91.8,185.03,False,False,ERP,project_fact_ordenestrabajo_export.csv,2026-06-23T00:00:00,2640
WO002641,20250527,,A002,EQ0030,SV5,R007,WT2,P3,S3,44.92,38.46,False,False,ERP,project_fact_ordenestrabajo_export.csv,2026-06-23T00:00:00,2641
WO002642,20250427,20250429,A002,EQ0015,SV3,R017,WT3,P2,S5,16.59,12.19,True,False,ERP,project_fact_ordenestrabajo_export.csv,2026-06-23T00:00:00,2642
WO002643,20250328,20250411,A005,EQ0034,SV2,R014,WT5,P4,S4,45.47,110.21,False,False,ServiceDesk,project_fact_ordenestrabajo_export.csv,2026-06-23T00:00:00,2643
WO002644,20250320,20250325,A002,EQ0015,SV6,R027,WT1,P3,S5,55.4,36.55,False,False,ERP,project_fact_ordenestrabajo_export.csv,2026-06-23T00:00:00,2644
WO002645,20250613,20250616,A006,EQ0027,SV6,R006,WT2,P3,S4,34.78,23.98,False,True,ERP,project_fact_ordenestrabajo_export.csv,2026-06-23T00:00:00,2645
WO002646,20250417,,A001,EQ0028,SV1,R017,WT2,P4,S2,54.93,237.14,False,True,CMMS,project_fact_ordenestrabajo_export.csv,2026-06-23T00:00:00,2646
WO002647,20250313,,A001,EQ0007,SV6,R005,WT5,P4,S1,57.27,61.05,False,True,ServiceDesk,project_fact_ordenestrabajo_export.csv,2026-06-23T00:00:00,2647
WO002648,20250403,20250407,A004,EQ0003,SV2,R012,WT2,P2,S4,17.66,24.2,True,True,ERP,project_fact_ordenestrabajo_export.csv,2026-06-23T00:00:00,2648
WO002649,20250511,,A005,EQ0006,SV4,R021,WT3,P3,S1,56.57,51.85,False,False,ERP,project_fact_ordenestrabajo_export.csv,2026-06-23T00:00:00,2649
WO002650,20250401,,A005,EQ0039,SV8,R007,WT6,P3,S2,49.34,137.05,False,False,ERP,project_fact_ordenestrabajo_export.csv,2026-06-23T00:00:00,2650
WO002651,20250405,20250413,A001,EQ0010,SV3,R026,WT1,P3,S4,38.62,61.83,False,False,ServiceDesk,project_fact_ordenestrabajo_export.csv,2026-06-23T00:00:00,2651
WO002652,20250207,20250214,A004,EQ0012,SV3,R006,WT2,P3,S4,62.13,53.69,False,False,ERP,project_fact_ordenestrabajo_export.csv,2026-06-23T00:00:00,2652
WO002653,20250630,20250630,A003,EQ0022,SV6,R005,WT2,P3,S4,31.61,44.91,False,True,ServiceDesk,project_fact_ordenestrabajo_export.csv,2026-06-23T00:00:00,2653
WO002654,20250208,,A005,EQ0037,SV4,R001,WT3,P3,S3,33.47,33.13,False,False,CMMS,project_fact_ordenestrabajo_export.csv,2026-06-23T00:00:00,2654
WO002655,20250505,,A004,EQ0029,SV3,R003,WT1,P1,S2,3.39,3.2,True,False,CMMS,project_fact_ordenestrabajo_export.csv,2026-06-23T00:00:00,2655
WO002656,20250209,20250213,A004,EQ0005,SV2,R011,WT2,P2,S4,9.6,26.45,True,False,CMMS,project_fact_ordenestrabajo_export.csv,2026-06-23T00:00:00,2656
WO002657,20250110,20250119,A004,EQ0002,SV4,R006,WT1,P4,S4,61.13,64.98,False,False,CMMS,project_fact_ordenestrabajo_export.csv,2026-06-23T00:00:00,2657
WO002658,20250611,20250612,A004,EQ0003,SV2,R027,WT3,P1,S4,3.62,3.23,True,True,ServiceDesk,project_fact_ordenestrabajo_export.csv,2026-06-23T00:00:00,2658
WO002659,20250304,20250307,A005,EQ0011,SV8,R027,WT2,P3,S4,29.94,23.21,False,False,ERP,project_fact_ordenestrabajo_export.csv,2026-06-23T00:00:00,2659
WO002660,20250126,20250207,A001,EQ0007,SV1,R007,WT4,P4,S4,66.47,88.04,False,False,ERP,project_fact_ordenestrabajo_export.csv,2026-06-23T00:00:00,2660
WO002661,20250123,,A001,EQ0020,SV5,R025,WT3,P4,S1,54.84,87.88,False,False,ServiceDesk,project_fact_ordenestrabajo_export.csv,2026-06-23T00:00:00,2661
WO002662,20250107,20250110,A001,EQ0010,SV2,R022,WT2,P2,S4,11.72,23.14,True,False,ServiceDesk,project_fact_ordenestrabajo_export.csv,2026-06-23T00:00:00,2662
WO002663,20250318,20250320,A006,EQ0027,SV3,R016,WT5,P2,S4,13.81,13.7,True,False,ServiceDesk,project_fact_ordenestrabajo_export.csv,2026-06-23T00:00:00,2663
WO002664,20250530,20250601,A002,EQ0036,SV2,R012,WT2,P1,S4,5.51,9.24,True,False,ServiceDesk,project_fact_ordenestrabajo_export.csv,2026-06-23T00:00:00,2664
WO002665,20250221,20250224,A005,EQ0016,SV7,R012,WT1,P2,S5,8.89,16.73,True,True,ERP,project_fact_ordenestrabajo_export.csv,2026-06-23T00:00:00,2665
WO002666,20250514,20250515,A001,EQ0026,SV3,R029,WT1,P1,S4,2.96,3.07,True,False,ServiceDesk,project_fact_ordenestrabajo_export.csv,2026-06-23T00:00:00,2666
WO002667,20250107,20250113,A004,EQ0004,SV5,R007,WT2,P2,S4,16.91,44.58,True,False,CMMS,project_fact_ordenestrabajo_export.csv,2026-06-23T00:00:00,2667
WO002668,20250508,20250510,A006,EQ0027,SV3,R013,WT3,P2,S4,21.42,12.09,True,False,ServiceDesk,project_fact_ordenestrabajo_export.csv,2026-06-23T00:00:00,2668
WO002669,20250302,20250310,A005,EQ0011,SV1,R002,WT4,P3,S4,59.81,63.59,False,False,ServiceDesk,project_fact_ordenestrabajo_export.csv,2026-06-23T00:00:00,2669
WO002670,20250130,20250202,A006,EQ0027,SV7,R026,WT1,P2,S4,13.68,22.48,True,True,ServiceDesk,project_fact_ordenestrabajo_export.csv,2026-06-23T00:00:00,2670
WO002671,20250131,20250205,A006,EQ0024,SV6,R009,WT4,P3,S4,47.42,33.44,False,False,ServiceDesk,project_fact_ordenestrabajo_export.csv,2026-06-23T00:00:00,2671
WO002672,20250508,,A006,EQ0024,SV1,R023,WT3,P3,S2,26.06,26.73,False,False,ServiceDesk,project_fact_ordenestrabajo_export.csv,2026-06-23T00:00:00,2672
WO002673,20250115,20250118,A004,EQ0002,SV1,R007,WT5,P2,S4,17.38,19.76,True,False,ERP,project_fact_ordenestrabajo_export.csv,2026-06-23T00:00:00,2673
WO002674,20250514,20250521,A006,EQ0014,SV4,R030,WT2,P3,S4,58.6,48.77,False,False,CMMS,project_fact_ordenestrabajo_export.csv,2026-06-23T00:00:00,2674
WO002675,20250622,20250626,A003,EQ0035,SV7,R023,WT3,P3,S4,52.26,31.05,False,False,ServiceDesk,project_fact_ordenestrabajo_export.csv,2026-06-23T00:00:00,2675
WO002676,20250525,20250605,A005,EQ0023,SV2,R004,WT3,P3,S4,61.16,85.05,False,False,CMMS,project_fact_ordenestrabajo_export.csv,2026-06-23T00:00:00,2676
WO002677,20250215,20250222,A005,EQ0006,SV6,R030,WT2,P4,S4,62.45,48.45,False,False,CMMS,project_fact_ordenestrabajo_export.csv,2026-06-23T00:00:00,2677
WO002678,20250124,20250130,A005,EQ0018,SV7,R022,WT2,P4,S4,55.0,40.76,False,True,ERP,project_fact_ordenestrabajo_export.csv,2026-06-23T00:00:00,2678
WO002679,20250225,20250314,A004,EQ0002,SV1,R014,WT2,P4,S4,59.93,132.13,False,False,ServiceDesk,project_fact_ordenestrabajo_export.csv,2026-06-23T00:00:00,2679
WO002680,20250408,20250409,A004,EQ0003,SV5,R020,WT2,P1,S4,3.82,5.35,True,False,ServiceDesk,project_fact_ordenestrabajo_export.csv,2026-06-23T00:00:00,2680
WO002681,20250624,,A005,EQ0016,SV8,R016,WT3,P2,S2,17.02,11.82,True,True,CMMS,project_fact_ordenestrabajo_export.csv,2026-06-23T00:00:00,2681
WO002682,20250615,,A005,EQ0018,SV5,R021,WT3,P3,S2,63.84,52.96,False,False,ServiceDesk,project_fact_ordenestrabajo_export.csv,2026-06-23T00:00:00,2682
WO002683,20250615,20250619,A001,EQ0028,SV4,R014,WT2,P2,S4,19.77,26.67,True,False,ERP,project_fact_ordenestrabajo_export.csv,2026-06-23T00:00:00,2683
WO002684,20250204,20250208,A004,EQ0005,SV4,R027,WT1,P3,S4,42.62,27.86,False,True,CMMS,project_fact_ordenestrabajo_export.csv,2026-06-23T00:00:00,2684
WO002685,20250115,20250118,A004,EQ0013,SV1,R027,WT5,P2,S5,18.28,18.95,True,False,CMMS,project_fact_ordenestrabajo_export.csv,2026-06-23T00:00:00,2685
WO002686,20250318,20250322,A006,EQ0019,SV8,R012,WT1,P2,S4,15.81,27.21,True,False,ServiceDesk,project_fact_ordenestrabajo_export.csv,2026-06-23T00:00:00,2686
WO002687,20250217,,A004,EQ0008,SV3,R022,WT2,P4,S2,94.55,128.03,False,False,ServiceDesk,project_fact_ordenestrabajo_export.csv,2026-06-23T00:00:00,2687
WO002688,20250624,20250630,A005,EQ0037,SV5,R027,WT3,P3,S4,64.37,71.2,False,True,CMMS,project_fact_ordenestrabajo_export.csv,2026-06-23T00:00:00,2688
WO002689,20250128,,A004,EQ0029,SV1,R004,WT2,P1,S2,6.9,6.1,True,False,CMMS,project_fact_ordenestrabajo_export.csv,2026-06-23T00:00:00,2689
WO002690,20250601,,A004,EQ0002,SV1,R010,WT1,P4,S3,74.27,91.74,False,True,ERP,project_fact_ordenestrabajo_export.csv,2026-06-23T00:00:00,2690
WO002691,20250203,,A004,EQ0013,SV4,R015,WT2,P3,S2,52.98,42.02,False,True,CMMS,project_fact_ordenestrabajo_export.csv,2026-06-23T00:00:00,2691
WO002692,20250219,,A003,EQ0040,SV6,R030,WT6,P3,S1,46.65,48.11,False,False,ERP,project_fact_ordenestrabajo_export.csv,2026-06-23T00:00:00,2692
WO002693,20250106,,A006,EQ0019,SV3,R015,WT6,P3,S2,44.55,46.94,False,False,ServiceDesk,project_fact_ordenestrabajo_export.csv,2026-06-23T00:00:00,2693
WO002694,20250326,,A006,EQ0024,SV3,R019,WT1,P2,S1,15.47,18.93,True,False,ERP,project_fact_ordenestrabajo_export.csv,2026-06-23T00:00:00,2694
WO002695,20250314,,A004,EQ0012,SV8,R014,WT4,P4,S1,47.11,57.27,False,False,ServiceDesk,project_fact_ordenestrabajo_export.csv,2026-06-23T00:00:00,2695
WO002696,20250203,20250208,A004,EQ0002,SV5,R003,WT2,P3,S5,29.63,36.07,False,True,ERP,project_fact_ordenestrabajo_export.csv,2026-06-23T00:00:00,2696
WO002697,20250304,20250309,A006,EQ0019,SV5,R030,WT2,P3,S4,35.57,32.58,False,False,CMMS,project_fact_ordenestrabajo_export.csv,2026-06-23T00:00:00,2697
WO002698,20250302,20250309,A004,EQ0012,SV5,R030,WT1,P3,S4,56.53,53.08,False,False,ServiceDesk,project_fact_ordenestrabajo_export.csv,2026-06-23T00:00:00,2698
WO002699,20250330,,A003,EQ0031,SV3,R027,WT1,P3,S2,60.98,96.83,False,False,CMMS,project_fact_ordenestrabajo_export.csv,2026-06-23T00:00:00,2699
WO002700,20250407,20250414,A003,EQ0025,SV3,R027,WT5,P3,S4,58.95,54.91,False,True,ServiceDesk,project_fact_ordenestrabajo_export.csv,2026-06-23T00:00:00,2700
WO002701,20250518,20250520,A005,EQ0016,SV7,R029,WT2,P2,S4,9.0,9.6,True,False,ERP,project_fact_ordenestrabajo_export.csv,2026-06-23T00:00:00,2701
WO002702,20250112,20250113,A005,EQ0037,SV3,R020,WT2,P2,S4,10.59,6.06,True,False,CMMS,project_fact_ordenestrabajo_export.csv,2026-06-23T00:00:00,2702
WO002703,20250414,,A004,EQ0013,SV3,R001,WT4,P3,S4,49.1,50.35,False,False,CMMS,project_fact_ordenestrabajo_export.csv,2026-06-23T00:00:00,2703
WO002704,20250630,,A004,EQ0005,SV1,R014,WT1,P4,S1,78.64,76.3,False,False,ERP,project_fact_ordenestrabajo_export.csv,2026-06-23T00:00:00,2704
WO002705,20250129,,A004,EQ0013,SV4,R007,WT3,P3,S2,39.08,31.57,False,False,CMMS,project_fact_ordenestrabajo_export.csv,2026-06-23T00:00:00,2705
WO002706,20250428,,A003,EQ0001,SV8,R028,WT1,P1,S2,3.55,6.25,True,False,ERP,project_fact_ordenestrabajo_export.csv,2026-06-23T00:00:00,2706
WO002707,20250331,20250414,A003,EQ0022,SV3,R021,WT1,P4,S4,95.12,104.6,False,False,CMMS,project_fact_ordenestrabajo_export.csv,2026-06-23T00:00:00,2707
WO002708,20250509,,A004,EQ0005,SV7,R015,WT4,P3,S3,56.88,33.04,False,False,ServiceDesk,project_fact_ordenestrabajo_export.csv,2026-06-23T00:00:00,2708
WO002709,20250527,20250531,A005,EQ0032,SV3,R008,WT6,P2,S4,16.96,24.92,True,False,ServiceDesk,project_fact_ordenestrabajo_export.csv,2026-06-23T00:00:00,2709
WO002710,20250530,20250606,A004,EQ0003,SV3,R016,WT6,P2,S5,19.18,51.7,True,False,ERP,project_fact_ordenestrabajo_export.csv,2026-06-23T00:00:00,2710
WO002711,20250401,,A003,EQ0040,SV4,R017,WT1,P3,S2,47.35,27.11,False,False,ERP,project_fact_ordenestrabajo_export.csv,2026-06-23T00:00:00,2711
WO002712,20250201,,A001,EQ0026,SV1,R025,WT1,P4,S1,76.73,169.07,False,True,CMMS,project_fact_ordenestrabajo_export.csv,2026-06-23T00:00:00,2712
WO002713,20250207,20250208,A005,EQ0034,SV8,R028,WT1,P1,S4,4.21,3.61,True,False,ERP,project_fact_ordenestrabajo_export.csv,2026-06-23T00:00:00,2713
WO002714,20250506,20250509,A003,EQ0031,SV8,R011,WT1,P2,S4,15.99,17.23,True,False,ServiceDesk,project_fact_ordenestrabajo_export.csv,2026-06-23T00:00:00,2714
WO002715,20250314,20250323,A004,EQ0008,SV2,R027,WT2,P3,S5,53.7,70.74,False,False,ERP,project_fact_ordenestrabajo_export.csv,2026-06-23T00:00:00,2715
WO002716,20250211,,A006,EQ0038,SV7,R005,WT3,P3,S2,39.0,89.74,False,False,CMMS,project_fact_ordenestrabajo_export.csv,2026-06-23T00:00:00,2716
WO002717,20250610,,A005,EQ0018,SV8,R003,WT6,P4,S3,57.51,40.98,False,False,CMMS,project_fact_ordenestrabajo_export.csv,2026-06-23T00:00:00,2717
WO002718,20250426,20250427,A005,EQ0006,SV3,R011,WT3,P2,S4,9.3,6.11,True,True,ServiceDesk,project_fact_ordenestrabajo_export.csv,2026-06-23T00:00:00,2718
WO002719,20250312,20250316,A002,EQ0036,SV3,R008,WT4,P2,S4,17.02,25.29,True,True,ServiceDesk,project_fact_ordenestrabajo_export.csv,2026-06-23T00:00:00,2719
WO002720,20250418,20250422,A002,EQ0030,SV5,R015,WT2,P2,S4,19.19,31.19,True,False,ServiceDesk,project_fact_ordenestrabajo_export.csv,2026-06-23T00:00:00,2720
WO002721,20250506,,A004,EQ0003,SV8,R027,WT2,P4,S2,53.8,65.72,False,False,ServiceDesk,project_fact_ordenestrabajo_export.csv,2026-06-23T00:00:00,2721
WO002722,20250530,20250610,A001,EQ0020,SV6,R003,WT1,P3,S4,39.8,82.39,False,False,ERP,project_fact_ordenestrabajo_export.csv,2026-06-23T00:00:00,2722
WO002723,20250513,,A005,EQ0023,SV3,R010,WT6,P2,S3,13.61,18.2,True,False,CMMS,project_fact_ordenestrabajo_export.csv,2026-06-23T00:00:00,2723
WO002724,20250210,,A002,EQ0030,SV8,R003,WT3,P3,S2,52.19,77.68,False,True,ServiceDesk,project_fact_ordenestrabajo_export.csv,2026-06-23T00:00:00,2724
WO002725,20250308,20250317,A005,EQ0037,SV6,R008,WT4,P3,S4,53.64,68.0,False,False,ERP,project_fact_ordenestrabajo_export.csv,2026-06-23T00:00:00,2725
WO002726,20250620,20250630,A001,EQ0020,SV4,R011,WT3,P4,S4,107.22,163.16,False,False,ServiceDesk,project_fact_ordenestrabajo_export.csv,2026-06-23T00:00:00,2726
WO002727,20250111,20250112,A002,EQ0015,SV8,R018,WT1,P1,S4,4.7,3.44,True,False,CMMS,project_fact_ordenestrabajo_export.csv,2026-06-23T00:00:00,2727
WO002728,20250628,,A006,EQ0038,SV4,R018,WT2,P2,S2,10.33,11.1,True,False,CMMS,project_fact_ordenestrabajo_export.csv,2026-06-23T00:00:00,2728
WO002729,20250609,20250611,A001,EQ0026,SV1,R023,WT2,P2,S4,10.12,15.13,True,False,ServiceDesk,project_fact_ordenestrabajo_export.csv,2026-06-23T00:00:00,2729
WO002730,20250604,20250624,A005,EQ0006,SV3,R004,WT2,P4,S4,85.1,158.69,False,False,ERP,project_fact_ordenestrabajo_export.csv,2026-06-23T00:00:00,2730
WO002731,20250319,20250330,A005,EQ0018,SV7,R025,WT1,P3,S4,64.31,82.49,False,True,ServiceDesk,project_fact_ordenestrabajo_export.csv,2026-06-23T00:00:00,2731
WO002732,20250205,20250207,A004,EQ0029,SV2,R009,WT1,P1,S4,6.23,14.03,True,False,CMMS,project_fact_ordenestrabajo_export.csv,2026-06-23T00:00:00,2732
WO002733,20250524,,A005,EQ0032,SV1,R010,WT2,P2,S1,19.79,31.33,True,False,ERP,project_fact_ordenestrabajo_export.csv,2026-06-23T00:00:00,2733
WO002734,20250212,,A004,EQ0002,SV5,R005,WT2,P3,S2,59.39,36.99,False,True,CMMS,project_fact_ordenestrabajo_export.csv,2026-06-23T00:00:00,2734
WO002735,20250125,20250131,A003,EQ0022,SV8,R021,WT1,P3,S4,56.47,44.51,False,False,ServiceDesk,project_fact_ordenestrabajo_export.csv,2026-06-23T00:00:00,2735
WO002736,20250207,20250208,A005,EQ0039,SV4,R019,WT1,P1,S4,3.33,6.0,True,False,CMMS,project_fact_ordenestrabajo_export.csv,2026-06-23T00:00:00,2736
WO002737,20250608,,A001,EQ0010,SV6,R029,WT2,P2,S3,14.79,26.24,True,False,ERP,project_fact_ordenestrabajo_export.csv,2026-06-23T00:00:00,2737
WO002738,20250608,20250626,A003,EQ0022,SV3,R009,WT2,P4,S4,100.97,136.84,False,False,CMMS,project_fact_ordenestrabajo_export.csv,2026-06-23T00:00:00,2738
WO002739,20250112,,A003,EQ0031,SV8,R004,WT2,P3,S2,25.41,14.08,False,False,ERP,project_fact_ordenestrabajo_export.csv,2026-06-23T00:00:00,2739
WO002740,20250622,,A001,EQ0026,SV6,R010,WT2,P4,S3,65.94,72.74,False,False,ServiceDesk,project_fact_ordenestrabajo_export.csv,2026-06-23T00:00:00,2740
WO002741,20250604,,A004,EQ0008,SV3,R017,WT6,P3,S3,61.55,33.9,False,False,ERP,project_fact_ordenestrabajo_export.csv,2026-06-23T00:00:00,2741
WO002742,20250517,,A005,EQ0011,SV2,R015,WT1,P3,S2,53.19,23.1,False,True,CMMS,project_fact_ordenestrabajo_export.csv,2026-06-23T00:00:00,2742
WO002743,20250329,20250405,A003,EQ0031,SV7,R018,WT6,P3,S4,43.99,50.05,False,False,ERP,project_fact_ordenestrabajo_export.csv,2026-06-23T00:00:00,2743
WO002744,20250419,20250509,A004,EQ0029,SV7,R017,WT2,P4,S4,77.19,153.4,False,False,ServiceDesk,project_fact_ordenestrabajo_export.csv,2026-06-23T00:00:00,2744
WO002745,20250404,,A003,EQ0022,SV8,R017,WT3,P2,S2,16.22,9.6,True,False,ServiceDesk,project_fact_ordenestrabajo_export.csv,2026-06-23T00:00:00,2745
WO002746,20250301,20250309,A001,EQ0010,SV4,R026,WT2,P3,S4,35.12,58.72,False,False,CMMS,project_fact_ordenestrabajo_export.csv,2026-06-23T00:00:00,2746
WO002747,20250131,20250205,A004,EQ0003,SV6,R004,WT2,P3,S4,45.71,32.09,False,False,ServiceDesk,project_fact_ordenestrabajo_export.csv,2026-06-23T00:00:00,2747
WO002748,20250603,20250615,A005,EQ0009,SV6,R015,WT2,P3,S4,48.25,90.05,False,False,ERP,project_fact_ordenestrabajo_export.csv,2026-06-23T00:00:00,2748
WO002749,20250619,20250621,A004,EQ0004,SV2,R011,WT2,P2,S4,9.51,15.22,True,False,CMMS,project_fact_ordenestrabajo_export.csv,2026-06-23T00:00:00,2749
WO002750,20250528,,A005,EQ0011,SV5,R003,WT2,P1,S3,6.68,4.79,True,False,ServiceDesk,project_fact_ordenestrabajo_export.csv,2026-06-23T00:00:00,2750
WO002751,20250203,20250207,A005,EQ0034,SV6,R022,WT1,P3,S4,46.08,25.8,False,True,CMMS,project_fact_ordenestrabajo_export.csv,2026-06-23T00:00:00,2751
WO002752,20250428,20250430,A004,EQ0008,SV5,R029,WT1,P1,S4,3.9,9.66,True,True,ServiceDesk,project_fact_ordenestrabajo_export.csv,2026-06-23T00:00:00,2752
WO002753,20250205,20250211,A006,EQ0038,SV7,R018,WT1,P3,S4,51.38,42.22,False,False,ERP,project_fact_ordenestrabajo_export.csv,2026-06-23T00:00:00,2753
WO002754,20250219,20250224,A006,EQ0019,SV2,R027,WT5,P3,S4,31.67,39.95,False,False,CMMS,project_fact_ordenestrabajo_export.csv,2026-06-23T00:00:00,2754
WO002755,20250331,20250405,A005,EQ0011,SV1,R010,WT6,P3,S4,59.97,36.84,False,False,CMMS,project_fact_ordenestrabajo_export.csv,2026-06-23T00:00:00,2755
WO002756,20250204,20250207,A005,EQ0021,SV8,R014,WT2,P2,S4,15.29,18.5,True,False,CMMS,project_fact_ordenestrabajo_export.csv,2026-06-23T00:00:00,2756
WO002757,20250205,20250215,A002,EQ0015,SV7,R021,WT2,P4,S4,53.23,74.84,False,False,ServiceDesk,project_fact_ordenestrabajo_export.csv,2026-06-23T00:00:00,2757
WO002758,20250223,20250227,A006,EQ0024,SV5,R026,WT1,P2,S4,20.95,31.62,True,False,ERP,project_fact_ordenestrabajo_export.csv,2026-06-23T00:00:00,2758
WO002759,20250406,20250501,A005,EQ0011,SV1,R003,WT4,P4,S4,104.89,194.35,False,False,ERP,project_fact_ordenestrabajo_export.csv,2026-06-23T00:00:00,2759
WO002760,20250205,20250211,A002,EQ0036,SV8,R002,WT5,P3,S4,57.4,47.7,False,False,CMMS,project_fact_ordenestrabajo_export.csv,2026-06-23T00:00:00,2760
WO002761,20250209,20250214,A002,EQ0015,SV1,R001,WT1,P4,S4,45.66,34.95,False,False,CMMS,project_fact_ordenestrabajo_export.csv,2026-06-23T00:00:00,2761
WO002762,20250622,,A006,EQ0027,SV2,R005,WT1,P4,S3,79.86,69.41,False,False,ServiceDesk,project_fact_ordenestrabajo_export.csv,2026-06-23T00:00:00,2762
WO002763,20250207,20250219,A005,EQ0037,SV1,R018,WT2,P3,S4,49.93,89.91,False,False,ServiceDesk,project_fact_ordenestrabajo_export.csv,2026-06-23T00:00:00,2763
WO002764,20250515,20250527,A001,EQ0010,SV6,R016,WT2,P4,S4,58.37,88.55,False,False,ERP,project_fact_ordenestrabajo_export.csv,2026-06-23T00:00:00,2764
WO002765,20250412,,A001,EQ0010,SV2,R019,WT4,P2,S2,10.7,27.55,True,False,ServiceDesk,project_fact_ordenestrabajo_export.csv,2026-06-23T00:00:00,2765
WO002766,20250105,20250109,A002,EQ0015,SV3,R022,WT5,P2,S4,16.94,24.59,True,True,CMMS,project_fact_ordenestrabajo_export.csv,2026-06-23T00:00:00,2766
WO002767,20250329,20250331,A003,EQ0040,SV7,R011,WT1,P2,S4,14.22,12.61,True,False,ERP,project_fact_ordenestrabajo_export.csv,2026-06-23T00:00:00,2767
WO002768,20250418,20250424,A004,EQ0003,SV3,R024,WT2,P3,S4,45.17,46.01,False,False,CMMS,project_fact_ordenestrabajo_export.csv,2026-06-23T00:00:00,2768
WO002769,20250405,,A004,EQ0004,SV4,R003,WT2,P1,S2,3.52,5.16,True,False,CMMS,project_fact_ordenestrabajo_export.csv,2026-06-23T00:00:00,2769
WO002770,20250122,20250123,A002,EQ0015,SV3,R010,WT6,P1,S4,6.23,7.84,True,False,ERP,project_fact_ordenestrabajo_export.csv,2026-06-23T00:00:00,2770
WO002771,20250603,20250608,A003,EQ0033,SV3,R022,WT1,P3,S4,48.43,37.05,False,True,CMMS,project_fact_ordenestrabajo_export.csv,2026-06-23T00:00:00,2771
WO002772,20250327,,A005,EQ0011,SV6,R029,WT1,P4,S2,105.7,232.79,False,False,ERP,project_fact_ordenestrabajo_export.csv,2026-06-23T00:00:00,2772
WO002773,20250125,20250204,A004,EQ0013,SV7,R004,WT4,P3,S4,63.89,76.15,False,False,ERP,project_fact_ordenestrabajo_export.csv,2026-06-23T00:00:00,2773
WO002774,20250424,20250429,A003,EQ0022,SV5,R013,WT2,P4,S4,59.29,39.85,False,False,ServiceDesk,project_fact_ordenestrabajo_export.csv,2026-06-23T00:00:00,2774
WO002775,20250130,20250205,A005,EQ0006,SV5,R014,WT2,P3,S4,36.0,40.18,False,False,ERP,project_fact_ordenestrabajo_export.csv,2026-06-23T00:00:00,2775
WO002776,20250414,20250416,A003,EQ0022,SV5,R005,WT2,P2,S4,8.7,13.79,True,False,CMMS,project_fact_ordenestrabajo_export.csv,2026-06-23T00:00:00,2776
WO002777,20250215,20250216,A004,EQ0029,SV1,R020,WT1,P1,S4,7.02,6.75,True,False,ERP,project_fact_ordenestrabajo_export.csv,2026-06-23T00:00:00,2777
WO002778,20250408,,A005,EQ0017,SV6,R013,WT2,P1,S2,7.04,8.78,True,False,ServiceDesk,project_fact_ordenestrabajo_export.csv,2026-06-23T00:00:00,2778
WO002779,20250327,20250401,A001,EQ0007,SV2,R011,WT1,P2,S4,21.03,36.62,True,False,CMMS,project_fact_ordenestrabajo_export.csv,2026-06-23T00:00:00,2779
WO002780,20250423,,A005,EQ0023,SV1,R015,WT6,P1,S2,6.41,6.6,True,True,ERP,project_fact_ordenestrabajo_export.csv,2026-06-23T00:00:00,2780
WO002781,20250130,20250202,A002,EQ0036,SV7,R011,WT3,P2,S4,17.79,19.49,True,False,ServiceDesk,project_fact_ordenestrabajo_export.csv,2026-06-23T00:00:00,2781
WO002782,20250609,,A005,EQ0016,SV3,R018,WT1,P2,S2,19.4,32.11,True,False,ServiceDesk,project_fact_ordenestrabajo_export.csv,2026-06-23T00:00:00,2782
WO002783,20250217,20250301,A006,EQ0019,SV1,R025,WT3,P3,S4,49.55,90.19,False,False,ERP,project_fact_ordenestrabajo_export.csv,2026-06-23T00:00:00,2783
WO002784,20250203,20250209,A004,EQ0029,SV6,R013,WT3,P2,S4,17.46,42.12,True,False,ERP,project_fact_ordenestrabajo_export.csv,2026-06-23T00:00:00,2784
WO002785,20250318,20250319,A003,EQ0033,SV6,R015,WT2,P2,S4,10.21,5.45,True,False,CMMS,project_fact_ordenestrabajo_export.csv,2026-06-23T00:00:00,2785
WO002786,20250317,20250325,A006,EQ0038,SV5,R022,WT4,P3,S4,51.5,59.95,False,False,ERP,project_fact_ordenestrabajo_export.csv,2026-06-23T00:00:00,2786
WO002787,20250129,20250131,A005,EQ0032,SV3,R026,WT5,P2,S4,18.13,11.83,True,False,ERP,project_fact_ordenestrabajo_export.csv,2026-06-23T00:00:00,2787
WO002788,20250509,20250510,A002,EQ0030,SV6,R015,WT1,P2,S4,8.81,6.37,True,False,ERP,project_fact_ordenestrabajo_export.csv,2026-06-23T00:00:00,2788
WO002789,20250511,,A005,EQ0016,SV6,R002,WT4,P3,S1,36.06,63.53,False,False,ServiceDesk,project_fact_ordenestrabajo_export.csv,2026-06-23T00:00:00,2789
WO002790,20250321,,A001,EQ0007,SV4,R011,WT6,P3,S1,61.8,132.01,False,False,ServiceDesk,project_fact_ordenestrabajo_export.csv,2026-06-23T00:00:00,2790
WO002791,20250209,20250210,A006,EQ0024,SV2,R003,WT2,P1,S4,4.61,5.5,True,False,ERP,project_fact_ordenestrabajo_export.csv,2026-06-23T00:00:00,2791
WO002792,20250627,20250630,A002,EQ0015,SV6,R028,WT3,P3,S4,54.81,55.6,False,False,ERP,project_fact_ordenestrabajo_export.csv,2026-06-23T00:00:00,2792
WO002793,20250204,,A003,EQ0022,SV6,R023,WT1,P3,S2,47.44,30.39,False,False,ERP,project_fact_ordenestrabajo_export.csv,2026-06-23T00:00:00,2793
WO002794,20250426,20250428,A003,EQ0040,SV4,R009,WT4,P1,S4,6.83,11.8,True,False,ServiceDesk,project_fact_ordenestrabajo_export.csv,2026-06-23T00:00:00,2794
WO002795,20250421,20250429,A005,EQ0009,SV5,R025,WT3,P4,S4,53.1,57.52,False,False,ServiceDesk,project_fact_ordenestrabajo_export.csv,2026-06-23T00:00:00,2795
WO002796,20250618,,A001,EQ0010,SV1,R014,WT1,P3,S3,45.12,78.06,False,False,CMMS,project_fact_ordenestrabajo_export.csv,2026-06-23T00:00:00,2796
WO002797,20250601,20250605,A003,EQ0031,SV6,R002,WT2,P3,S4,27.02,26.05,False,False,ERP,project_fact_ordenestrabajo_export.csv,2026-06-23T00:00:00,2797
WO002798,20250516,20250519,A005,EQ0017,SV3,R027,WT4,P3,S4,32.31,18.07,False,False,CMMS,project_fact_ordenestrabajo_export.csv,2026-06-23T00:00:00,2798
WO002799,20250610,20250612,A005,EQ0039,SV3,R024,WT3,P2,S4,14.73,10.77,True,False,ERP,project_fact_ordenestrabajo_export.csv,2026-06-23T00:00:00,2799
WO002800,20250521,,A005,EQ0034,SV3,R014,WT1,P3,S3,49.32,56.74,False,False,ServiceDesk,project_fact_ordenestrabajo_export.csv,2026-06-23T00:00:00,2800
WO002801,20250519,20250526,A005,EQ0018,SV2,R019,WT1,P3,S4,39.43,48.04,False,False,CMMS,project_fact_ordenestrabajo_export.csv,2026-06-23T00:00:00,2801
WO002802,20250620,20250625,A004,EQ0003,SV1,R018,WT1,P3,S4,39.56,37.94,False,False,ServiceDesk,project_fact_ordenestrabajo_export.csv,2026-06-23T00:00:00,2802
WO002803,20250316,20250319,A003,EQ0031,SV5,R010,WT3,P3,S4,28.65,21.58,False,False,ServiceDesk,project_fact_ordenestrabajo_export.csv,2026-06-23T00:00:00,2803
WO002804,20250609,,A001,EQ0026,SV1,R026,WT4,P3,S2,32.55,39.4,False,True,ServiceDesk,project_fact_ordenestrabajo_export.csv,2026-06-23T00:00:00,2804
WO002805,20250331,,A005,EQ0018,SV5,R002,WT1,P3,S2,26.6,17.11,False,True,ServiceDesk,project_fact_ordenestrabajo_export.csv,2026-06-23T00:00:00,2805
WO002806,20250525,20250530,A002,EQ0030,SV3,R004,WT2,P2,S4,21.24,35.03,True,True,ServiceDesk,project_fact_ordenestrabajo_export.csv,2026-06-23T00:00:00,2806
WO002807,20250531,20250601,A005,EQ0023,SV4,R022,WT1,P2,S4,20.28,6.88,True,False,ERP,project_fact_ordenestrabajo_export.csv,2026-06-23T00:00:00,2807
WO002808,20250628,20250630,A006,EQ0038,SV6,R013,WT2,P3,S4,60.94,86.05,False,False,CMMS,project_fact_ordenestrabajo_export.csv,2026-06-23T00:00:00,2808
WO002809,20250501,20250507,A004,EQ0012,SV5,R002,WT2,P3,S4,37.8,43.65,False,False,CMMS,project_fact_ordenestrabajo_export.csv,2026-06-23T00:00:00,2809
WO002810,20250107,20250109,A004,EQ0012,SV4,R008,WT4,P2,S4,10.42,9.38,True,False,ServiceDesk,project_fact_ordenestrabajo_export.csv,2026-06-23T00:00:00,2810
WO002811,20250402,20250407,A003,EQ0001,SV1,R003,WT2,P3,S4,53.06,39.44,False,False,ERP,project_fact_ordenestrabajo_export.csv,2026-06-23T00:00:00,2811
WO002812,20250214,,A005,EQ0037,SV1,R010,WT1,P3,S1,45.35,42.0,False,False,CMMS,project_fact_ordenestrabajo_export.csv,2026-06-23T00:00:00,2812
WO002813,20250611,20250619,A005,EQ0032,SV7,R028,WT1,P3,S4,33.54,61.12,False,True,ERP,project_fact_ordenestrabajo_export.csv,2026-06-23T00:00:00,2813
WO002814,20250321,20250323,A004,EQ0013,SV8,R005,WT2,P3,S4,49.53,15.22,False,False,CMMS,project_fact_ordenestrabajo_export.csv,2026-06-23T00:00:00,2814
WO002815,20250520,20250522,A001,EQ0020,SV6,R001,WT1,P2,S4,8.51,9.99,True,False,ServiceDesk,project_fact_ordenestrabajo_export.csv,2026-06-23T00:00:00,2815
WO002816,20250223,,A004,EQ0005,SV1,R022,WT1,P2,S2,10.97,8.29,True,False,ERP,project_fact_ordenestrabajo_export.csv,2026-06-23T00:00:00,2816
WO002817,20250523,20250604,A003,EQ0001,SV1,R002,WT1,P3,S4,59.45,90.58,False,False,ERP,project_fact_ordenestrabajo_export.csv,2026-06-23T00:00:00,2817
WO002818,20250427,20250428,A003,EQ0031,SV4,R020,WT4,P1,S4,6.97,6.68,True,False,ERP,project_fact_ordenestrabajo_export.csv,2026-06-23T00:00:00,2818
WO002819,20250622,20250629,A003,EQ0025,SV1,R019,WT3,P4,S4,51.74,55.01,False,False,ServiceDesk,project_fact_ordenestrabajo_export.csv,2026-06-23T00:00:00,2819
WO002820,20250316,,A004,EQ0008,SV2,R004,WT1,P2,S1,16.64,14.28,True,False,ERP,project_fact_ordenestrabajo_export.csv,2026-06-23T00:00:00,2820
WO002821,20250610,,A002,EQ0036,SV6,R024,WT6,P3,S3,39.95,72.74,False,False,ERP,project_fact_ordenestrabajo_export.csv,2026-06-23T00:00:00,2821
WO002822,20250513,,A004,EQ0013,SV7,R028,WT3,P2,S2,18.7,25.45,True,False,ServiceDesk,project_fact_ordenestrabajo_export.csv,2026-06-23T00:00:00,2822
WO002823,20250501,,A005,EQ0023,SV5,R009,WT3,P3,S2,61.04,75.25,False,False,CMMS,project_fact_ordenestrabajo_export.csv,2026-06-23T00:00:00,2823
WO002824,20250518,20250519,A006,EQ0027,SV5,R019,WT1,P1,S4,6.44,5.93,True,False,CMMS,project_fact_ordenestrabajo_export.csv,2026-06-23T00:00:00,2824
WO002825,20250622,20250628,A004,EQ0002,SV5,R021,WT1,P4,S4,42.27,47.31,False,False,ERP,project_fact_ordenestrabajo_export.csv,2026-06-23T00:00:00,2825
WO002826,20250503,20250518,A001,EQ0026,SV1,R019,WT6,P3,S4,52.91,117.46,False,False,ServiceDesk,project_fact_ordenestrabajo_export.csv,2026-06-23T00:00:00,2826
WO002827,20250314,,A005,EQ0023,SV1,R013,WT3,P3,S1,46.86,32.08,False,False,CMMS,project_fact_ordenestrabajo_export.csv,2026-06-23T00:00:00,2827
WO002828,20250628,20250630,A001,EQ0020,SV2,R015,WT4,P2,S4,9.29,11.92,True,False,ERP,project_fact_ordenestrabajo_export.csv,2026-06-23T00:00:00,2828
WO002829,20250124,20250125,A006,EQ0014,SV7,R030,WT1,P2,S4,9.87,7.98,True,False,ServiceDesk,project_fact_ordenestrabajo_export.csv,2026-06-23T00:00:00,2829
WO002830,20250610,,A003,EQ0025,SV3,R025,WT1,P3,S3,64.28,42.81,False,True,CMMS,project_fact_ordenestrabajo_export.csv,2026-06-23T00:00:00,2830
WO002831,20250302,20250308,A006,EQ0019,SV1,R028,WT1,P3,S4,34.9,45.19,False,False,ERP,project_fact_ordenestrabajo_export.csv,2026-06-23T00:00:00,2831
WO002832,20250209,20250212,A005,EQ0023,SV8,R012,WT2,P2,S4,17.05,22.13,True,False,ERP,project_fact_ordenestrabajo_export.csv,2026-06-23T00:00:00,2832
WO002833,20250117,20250122,A006,EQ0024,SV1,R011,WT3,P3,S4,46.98,37.26,False,False,CMMS,project_fact_ordenestrabajo_export.csv,2026-06-23T00:00:00,2833
WO002834,20250320,,A001,EQ0007,SV8,R010,WT3,P4,S1,52.41,68.79,False,False,ServiceDesk,project_fact_ordenestrabajo_export.csv,2026-06-23T00:00:00,2834
WO002835,20250507,,A005,EQ0021,SV3,R026,WT3,P2,S2,8.76,11.76,True,True,ERP,project_fact_ordenestrabajo_export.csv,2026-06-23T00:00:00,2835
WO002836,20250213,20250221,A005,EQ0017,SV3,R012,WT2,P3,S4,44.12,58.63,False,False,ServiceDesk,project_fact_ordenestrabajo_export.csv,2026-06-23T00:00:00,2836
WO002837,20250214,,A005,EQ0039,SV8,R029,WT1,P4,S2,105.19,309.06,False,False,CMMS,project_fact_ordenestrabajo_export.csv,2026-06-23T00:00:00,2837
WO002838,20250417,20250423,A003,EQ0025,SV1,R004,WT1,P3,S4,61.87,41.43,False,False,ServiceDesk,project_fact_ordenestrabajo_export.csv,2026-06-23T00:00:00,2838
WO002839,20250129,,A001,EQ0020,SV3,R024,WT1,P3,S1,64.61,103.15,False,False,CMMS,project_fact_ordenestrabajo_export.csv,2026-06-23T00:00:00,2839
WO002840,20250201,20250202,A004,EQ0005,SV3,R012,WT6,P2,S4,14.66,7.21,True,False,ERP,project_fact_ordenestrabajo_export.csv,2026-06-23T00:00:00,2840
WO002841,20250218,,A001,EQ0007,SV2,R010,WT1,P4,S3,96.42,79.3,False,True,ServiceDesk,project_fact_ordenestrabajo_export.csv,2026-06-23T00:00:00,2841
WO002842,20250614,20250617,A003,EQ0025,SV8,R021,WT1,P2,S4,16.97,23.71,True,False,ERP,project_fact_ordenestrabajo_export.csv,2026-06-23T00:00:00,2842
WO002843,20250328,20250329,A005,EQ0021,SV8,R022,WT4,P1,S4,3.96,3.94,True,False,CMMS,project_fact_ordenestrabajo_export.csv,2026-06-23T00:00:00,2843
WO002844,20250217,,A006,EQ0038,SV7,R016,WT2,P3,S1,37.39,16.79,False,False,CMMS,project_fact_ordenestrabajo_export.csv,2026-06-23T00:00:00,2844
WO002845,20250302,20250308,A001,EQ0028,SV1,R008,WT1,P3,S4,38.13,42.29,False,False,ServiceDesk,project_fact_ordenestrabajo_export.csv,2026-06-23T00:00:00,2845
WO002846,20250603,20250608,A004,EQ0003,SV3,R028,WT2,P3,S4,45.42,35.48,False,False,ServiceDesk,project_fact_ordenestrabajo_export.csv,2026-06-23T00:00:00,2846
WO002847,20250505,,A004,EQ0029,SV6,R008,WT1,P3,S2,51.45,56.12,False,False,CMMS,project_fact_ordenestrabajo_export.csv,2026-06-23T00:00:00,2847
WO002848,20250111,,A005,EQ0016,SV1,R012,WT2,P1,S2,6.21,7.85,True,False,CMMS,project_fact_ordenestrabajo_export.csv,2026-06-23T00:00:00,2848
WO002849,20250626,,A001,EQ0010,SV7,R020,WT3,P2,S3,14.13,14.48,True,False,CMMS,project_fact_ordenestrabajo_export.csv,2026-06-23T00:00:00,2849
WO002850,20250321,20250323,A001,EQ0020,SV6,R007,WT1,P2,S4,17.3,13.79,True,False,ERP,project_fact_ordenestrabajo_export.csv,2026-06-23T00:00:00,2850
WO002851,20250609,20250610,A006,EQ0024,SV8,R017,WT1,P1,S4,5.2,3.12,True,False,ERP,project_fact_ordenestrabajo_export.csv,2026-06-23T00:00:00,2851
WO002852,20250428,,A001,EQ0026,SV1,R006,WT2,P4,S1,71.75,132.32,False,False,ERP,project_fact_ordenestrabajo_export.csv,2026-06-23T00:00:00,2852
WO002853,20250510,20250512,A001,EQ0028,SV2,R003,WT2,P2,S4,11.26,13.21,True,False,CMMS,project_fact_ordenestrabajo_export.csv,2026-06-23T00:00:00,2853
WO002854,20250416,20250425,A001,EQ0010,SV4,R022,WT6,P3,S4,38.72,67.49,False,False,CMMS,project_fact_ordenestrabajo_export.csv,2026-06-23T00:00:00,2854
WO002855,20250104,20250109,A001,EQ0020,SV2,R009,WT5,P3,S4,26.49,38.8,False,False,ServiceDesk,project_fact_ordenestrabajo_export.csv,2026-06-23T00:00:00,2855
WO002856,20250522,,A006,EQ0024,SV5,R027,WT5,P3,S3,39.84,32.48,False,False,CMMS,project_fact_ordenestrabajo_export.csv,2026-06-23T00:00:00,2856
WO002857,20250605,,A002,EQ0015,SV2,R028,WT6,P2,S1,16.93,13.29,True,False,CMMS,project_fact_ordenestrabajo_export.csv,2026-06-23T00:00:00,2857
WO002858,20250318,,A004,EQ0002,SV4,R007,WT3,P3,S1,35.15,59.99,False,False,CMMS,project_fact_ordenestrabajo_export.csv,2026-06-23T00:00:00,2858
WO002859,20250602,20250609,A005,EQ0032,SV4,R019,WT2,P3,S4,33.21,53.82,False,False,ERP,project_fact_ordenestrabajo_export.csv,2026-06-23T00:00:00,2859
WO002860,20250515,20250520,A006,EQ0014,SV2,R005,WT2,P3,S4,51.56,36.84,False,False,CMMS,project_fact_ordenestrabajo_export.csv,2026-06-23T00:00:00,2860
WO002861,20250211,20250214,A003,EQ0031,SV2,R015,WT1,P2,S4,12.19,17.75,True,False,ServiceDesk,project_fact_ordenestrabajo_export.csv,2026-06-23T00:00:00,2861
WO002862,20250615,,A001,EQ0028,SV4,R029,WT2,P3,S2,26.43,18.13,False,True,ServiceDesk,project_fact_ordenestrabajo_export.csv,2026-06-23T00:00:00,2862
WO002863,20250319,,A001,EQ0028,SV3,R010,WT6,P3,S2,58.66,89.97,False,False,ServiceDesk,project_fact_ordenestrabajo_export.csv,2026-06-23T00:00:00,2863
WO002864,20250127,20250128,A006,EQ0038,SV3,R019,WT4,P1,S4,3.44,5.19,True,False,ERP,project_fact_ordenestrabajo_export.csv,2026-06-23T00:00:00,2864
WO002865,20250121,20250131,A006,EQ0014,SV5,R029,WT1,P3,S4,33.09,72.82,False,False,ERP,project_fact_ordenestrabajo_export.csv,2026-06-23T00:00:00,2865
WO002866,20250417,20250421,A003,EQ0035,SV8,R007,WT4,P2,S4,16.99,27.58,True,False,ERP,project_fact_ordenestrabajo_export.csv,2026-06-23T00:00:00,2866
WO002867,20250105,,A005,EQ0034,SV5,R004,WT3,P3,S2,47.93,68.45,False,False,ServiceDesk,project_fact_ordenestrabajo_export.csv,2026-06-23T00:00:00,2867
WO002868,20250610,20250617,A006,EQ0027,SV7,R025,WT2,P4,S5,69.19,53.58,False,True,ERP,project_fact_ordenestrabajo_export.csv,2026-06-23T00:00:00,2868
WO002869,20250314,20250327,A004,EQ0013,SV3,R014,WT5,P3,S4,62.78,97.31,False,False,CMMS,project_fact_ordenestrabajo_export.csv,2026-06-23T00:00:00,2869
WO002870,20250126,20250127,A006,EQ0019,SV3,R008,WT2,P1,S4,3.44,3.62,True,False,ServiceDesk,project_fact_ordenestrabajo_export.csv,2026-06-23T00:00:00,2870
WO002871,20250306,20250310,A006,EQ0019,SV3,R017,WT6,P2,S4,15.72,24.68,True,False,CMMS,project_fact_ordenestrabajo_export.csv,2026-06-23T00:00:00,2871
WO002872,20250130,20250210,A004,EQ0012,SV6,R008,WT2,P3,S4,56.41,84.58,False,False,ServiceDesk,project_fact_ordenestrabajo_export.csv,2026-06-23T00:00:00,2872
WO002873,20250510,,A003,EQ0025,SV3,R027,WT2,P3,S2,36.38,40.15,False,False,ServiceDesk,project_fact_ordenestrabajo_export.csv,2026-06-23T00:00:00,2873
WO002874,20250318,20250320,A001,EQ0028,SV6,R018,WT3,P2,S4,9.46,8.72,True,True,ERP,project_fact_ordenestrabajo_export.csv,2026-06-23T00:00:00,2874
WO002875,20250621,20250625,A004,EQ0008,SV5,R022,WT2,P2,S4,19.66,25.78,True,False,CMMS,project_fact_ordenestrabajo_export.csv,2026-06-23T00:00:00,2875
WO002876,20250409,,A005,EQ0021,SV5,R022,WT2,P3,S2,62.52,46.96,False,False,CMMS,project_fact_ordenestrabajo_export.csv,2026-06-23T00:00:00,2876
WO002877,20250126,,A005,EQ0011,SV7,R027,WT2,P3,S2,35.36,21.33,False,False,CMMS,project_fact_ordenestrabajo_export.csv,2026-06-23T00:00:00,2877
WO002878,20250529,20250607,A002,EQ0030,SV6,R012,WT3,P4,S4,42.16,70.07,False,False,ERP,project_fact_ordenestrabajo_export.csv,2026-06-23T00:00:00,2878
WO002879,20250328,20250329,A005,EQ0021,SV2,R022,WT3,P1,S4,4.71,7.93,True,False,ERP,project_fact_ordenestrabajo_export.csv,2026-06-23T00:00:00,2879
WO002880,20250522,,A005,EQ0009,SV2,R018,WT1,P4,S2,83.0,39.31,False,False,ServiceDesk,project_fact_ordenestrabajo_export.csv,2026-06-23T00:00:00,2880
WO002881,20250122,20250125,A004,EQ0013,SV6,R023,WT2,P3,S4,28.86,19.47,False,False,ERP,project_fact_ordenestrabajo_export.csv,2026-06-23T00:00:00,2881
WO002882,20250515,20250517,A005,EQ0032,SV1,R005,WT6,P1,S4,6.82,10.86,True,False,ERP,project_fact_ordenestrabajo_export.csv,2026-06-23T00:00:00,2882
WO002883,20250204,20250212,A005,EQ0011,SV7,R029,WT2,P3,S4,35.69,63.46,False,False,ServiceDesk,project_fact_ordenestrabajo_export.csv,2026-06-23T00:00:00,2883
WO002884,20250619,20250621,A005,EQ0023,SV1,R024,WT4,P2,S4,20.27,15.32,True,False,CMMS,project_fact_ordenestrabajo_export.csv,2026-06-23T00:00:00,2884
WO002885,20250615,20250624,A003,EQ0040,SV4,R002,WT6,P3,S4,36.18,67.78,False,False,CMMS,project_fact_ordenestrabajo_export.csv,2026-06-23T00:00:00,2885
WO002886,20250508,,A001,EQ0020,SV7,R006,WT1,P3,S3,63.57,81.04,False,False,ERP,project_fact_ordenestrabajo_export.csv,2026-06-23T00:00:00,2886
WO002887,20250430,20250506,A001,EQ0007,SV1,R024,WT6,P4,S4,53.19,42.36,False,False,ERP,project_fact_ordenestrabajo_export.csv,2026-06-23T00:00:00,2887
WO002888,20250601,20250615,A004,EQ0029,SV4,R020,WT3,P3,S5,57.99,108.87,False,False,ERP,project_fact_ordenestrabajo_export.csv,2026-06-23T00:00:00,2888
WO002889,20250108,20250109,A005,EQ0006,SV7,R027,WT3,P1,S4,4.9,7.76,True,False,CMMS,project_fact_ordenestrabajo_export.csv,2026-06-23T00:00:00,2889
WO002890,20250305,20250306,A002,EQ0030,SV1,R018,WT5,P1,S4,4.48,7.62,True,False,ServiceDesk,project_fact_ordenestrabajo_export.csv,2026-06-23T00:00:00,2890
WO002891,20250514,20250519,A005,EQ0032,SV6,R029,WT2,P3,S4,29.2,39.49,False,False,ServiceDesk,project_fact_ordenestrabajo_export.csv,2026-06-23T00:00:00,2891
WO002892,20250330,,A006,EQ0014,SV4,R016,WT3,P3,S3,52.3,59.2,False,True,ServiceDesk,project_fact_ordenestrabajo_export.csv,2026-06-23T00:00:00,2892
WO002893,20250421,20250430,A001,EQ0020,SV2,R014,WT1,P3,S4,53.8,64.28,False,False,ServiceDesk,project_fact_ordenestrabajo_export.csv,2026-06-23T00:00:00,2893
WO002894,20250330,,A006,EQ0027,SV4,R027,WT6,P1,S2,2.95,3.27,True,False,ERP,project_fact_ordenestrabajo_export.csv,2026-06-23T00:00:00,2894
WO002895,20250102,,A002,EQ0030,SV1,R026,WT2,P3,S3,43.62,53.94,False,False,ServiceDesk,project_fact_ordenestrabajo_export.csv,2026-06-23T00:00:00,2895
WO002896,20250622,,A005,EQ0009,SV7,R010,WT1,P3,S2,47.96,49.4,False,False,ERP,project_fact_ordenestrabajo_export.csv,2026-06-23T00:00:00,2896
WO002897,20250217,20250224,A001,EQ0028,SV2,R030,WT2,P3,S4,31.01,54.19,False,False,CMMS,project_fact_ordenestrabajo_export.csv,2026-06-23T00:00:00,2897
WO002898,20250302,20250304,A003,EQ0035,SV5,R004,WT1,P2,S4,10.95,10.13,True,False,CMMS,project_fact_ordenestrabajo_export.csv,2026-06-23T00:00:00,2898
WO002899,20250529,,A006,EQ0024,SV1,R008,WT2,P2,S1,9.63,10.72,True,False,ERP,project_fact_ordenestrabajo_export.csv,2026-06-23T00:00:00,2899
WO002900,20250314,,A004,EQ0012,SV4,R021,WT3,P2,S3,10.1,23.8,True,False,CMMS,project_fact_ordenestrabajo_export.csv,2026-06-23T00:00:00,2900
WO002901,20250601,20250605,A001,EQ0026,SV8,R006,WT3,P2,S4,12.33,24.96,True,False,ServiceDesk,project_fact_ordenestrabajo_export.csv,2026-06-23T00:00:00,2901
WO002902,20250301,20250306,A004,EQ0005,SV2,R023,WT2,P3,S4,35.21,36.2,False,False,CMMS,project_fact_ordenestrabajo_export.csv,2026-06-23T00:00:00,2902
WO002903,20250619,,A005,EQ0006,SV2,R005,WT6,P1,S3,6.43,9.19,True,False,ERP,project_fact_ordenestrabajo_export.csv,2026-06-23T00:00:00,2903
WO002904,20250118,20250131,A004,EQ0004,SV2,R026,WT1,P3,S4,63.96,99.29,False,False,ServiceDesk,project_fact_ordenestrabajo_export.csv,2026-06-23T00:00:00,2904
WO002905,20250116,20250119,A001,EQ0020,SV1,R005,WT2,P2,S4,14.66,23.72,True,False,ERP,project_fact_ordenestrabajo_export.csv,2026-06-23T00:00:00,2905
WO002906,20250507,20250514,A003,EQ0040,SV1,R011,WT6,P3,S4,61.44,48.51,False,False,CMMS,project_fact_ordenestrabajo_export.csv,2026-06-23T00:00:00,2906
WO002907,20250617,20250630,A001,EQ0028,SV8,R012,WT3,P4,S4,83.19,209.34,False,False,ServiceDesk,project_fact_ordenestrabajo_export.csv,2026-06-23T00:00:00,2907
WO002908,20250407,20250418,A005,EQ0037,SV3,R020,WT2,P3,S4,48.23,86.45,False,False,CMMS,project_fact_ordenestrabajo_export.csv,2026-06-23T00:00:00,2908
WO002909,20250323,,A005,EQ0009,SV3,R024,WT2,P2,S2,20.07,33.46,True,True,ERP,project_fact_ordenestrabajo_export.csv,2026-06-23T00:00:00,2909
WO002910,20250226,20250303,A005,EQ0016,SV6,R008,WT2,P3,S4,41.48,38.43,False,False,ERP,project_fact_ordenestrabajo_export.csv,2026-06-23T00:00:00,2910
WO002911,20250114,20250116,A003,EQ0025,SV7,R013,WT2,P2,S4,15.5,14.92,True,False,ERP,project_fact_ordenestrabajo_export.csv,2026-06-23T00:00:00,2911
WO002912,20250308,,A005,EQ0009,SV5,R002,WT2,P4,S1,87.68,183.62,False,True,ServiceDesk,project_fact_ordenestrabajo_export.csv,2026-06-23T00:00:00,2912
WO002913,20250613,20250614,A005,EQ0034,SV2,R030,WT3,P2,S4,9.86,7.84,True,False,ERP,project_fact_ordenestrabajo_export.csv,2026-06-23T00:00:00,2913
WO002914,20250209,,A002,EQ0036,SV5,R008,WT2,P4,S2,47.94,30.51,False,True,CMMS,project_fact_ordenestrabajo_export.csv,2026-06-23T00:00:00,2914
WO002915,20250103,20250114,A005,EQ0017,SV4,R013,WT1,P4,S4,102.22,87.01,False,False,ERP,project_fact_ordenestrabajo_export.csv,2026-06-23T00:00:00,2915
WO002916,20250601,20250609,A003,EQ0033,SV2,R016,WT6,P3,S4,27.39,63.87,False,False,ServiceDesk,project_fact_ordenestrabajo_export.csv,2026-06-23T00:00:00,2916
WO002917,20250601,,A005,EQ0009,SV8,R029,WT1,P2,S1,15.3,16.4,True,False,ERP,project_fact_ordenestrabajo_export.csv,2026-06-23T00:00:00,2917
WO002918,20250421,20250505,A005,EQ0009,SV2,R008,WT6,P3,S4,55.06,104.94,False,False,CMMS,project_fact_ordenestrabajo_export.csv,2026-06-23T00:00:00,2918
WO002919,20250518,,A003,EQ0001,SV2,R030,WT2,P3,S2,44.37,47.43,False,True,ERP,project_fact_ordenestrabajo_export.csv,2026-06-23T00:00:00,2919
WO002920,20250217,,A003,EQ0025,SV3,R004,WT4,P4,S3,79.57,51.18,False,False,ServiceDesk,project_fact_ordenestrabajo_export.csv,2026-06-23T00:00:00,2920
WO002921,20250117,20250118,A001,EQ0028,SV3,R014,WT1,P1,S4,4.46,6.14,True,True,ServiceDesk,project_fact_ordenestrabajo_export.csv,2026-06-23T00:00:00,2921
WO002922,20250219,20250220,A005,EQ0037,SV6,R018,WT2,P2,S4,8.44,5.88,True,False,ServiceDesk,project_fact_ordenestrabajo_export.csv,2026-06-23T00:00:00,2922
WO002923,20250204,20250215,A005,EQ0037,SV5,R017,WT2,P4,S4,84.27,81.21,False,False,ERP,project_fact_ordenestrabajo_export.csv,2026-06-23T00:00:00,2923
WO002924,20250106,20250120,A003,EQ0001,SV6,R014,WT3,P3,S4,48.04,104.44,False,False,ERP,project_fact_ordenestrabajo_export.csv,2026-06-23T00:00:00,2924
WO002925,20250211,,A005,EQ0017,SV1,R029,WT1,P4,S2,82.5,61.24,False,False,ERP,project_fact_ordenestrabajo_export.csv,2026-06-23T00:00:00,2925
WO002926,20250316,,A006,EQ0019,SV5,R023,WT2,P3,S1,31.6,52.01,False,False,ServiceDesk,project_fact_ordenestrabajo_export.csv,2026-06-23T00:00:00,2926
WO002927,20250329,,A003,EQ0022,SV4,R026,WT1,P3,S2,34.76,23.15,False,False,ServiceDesk,project_fact_ordenestrabajo_export.csv,2026-06-23T00:00:00,2927
WO002928,20250424,,A004,EQ0012,SV7,R009,WT3,P3,S3,36.63,52.55,False,False,CMMS,project_fact_ordenestrabajo_export.csv,2026-06-23T00:00:00,2928
WO002929,20250428,20250501,A002,EQ0015,SV8,R024,WT1,P2,S4,10.6,17.15,True,False,ERP,project_fact_ordenestrabajo_export.csv,2026-06-23T00:00:00,2929
WO002930,20250216,20250227,A001,EQ0028,SV4,R021,WT2,P3,S4,33.33,83.81,False,True,ServiceDesk,project_fact_ordenestrabajo_export.csv,2026-06-23T00:00:00,2930
WO002931,20250329,20250405,A001,EQ0028,SV7,R027,WT1,P2,S4,21.15,49.39,True,False,ERP,project_fact_ordenestrabajo_export.csv,2026-06-23T00:00:00,2931
WO002932,20250331,,A004,EQ0013,SV6,R016,WT4,P4,S2,61.27,127.65,False,False,CMMS,project_fact_ordenestrabajo_export.csv,2026-06-23T00:00:00,2932
WO002933,20250103,20250108,A005,EQ0037,SV3,R027,WT1,P3,S5,27.26,34.44,False,True,CMMS,project_fact_ordenestrabajo_export.csv,2026-06-23T00:00:00,2933
WO002934,20250118,20250127,A005,EQ0018,SV1,R015,WT2,P4,S4,72.93,64.84,False,False,ServiceDesk,project_fact_ordenestrabajo_export.csv,2026-06-23T00:00:00,2934
WO002935,20250226,20250320,A004,EQ0008,SV7,R010,WT2,P4,S5,83.73,174.96,False,False,ServiceDesk,project_fact_ordenestrabajo_export.csv,2026-06-23T00:00:00,2935
WO002936,20250527,20250529,A004,EQ0005,SV6,R013,WT1,P2,S4,11.49,8.68,True,False,ServiceDesk,project_fact_ordenestrabajo_export.csv,2026-06-23T00:00:00,2936
WO002937,20250621,,A002,EQ0030,SV2,R013,WT4,P2,S2,16.17,9.76,True,True,ServiceDesk,project_fact_ordenestrabajo_export.csv,2026-06-23T00:00:00,2937
WO002938,20250225,20250303,A003,EQ0025,SV7,R027,WT2,P3,S4,32.04,47.15,False,False,ERP,project_fact_ordenestrabajo_export.csv,2026-06-23T00:00:00,2938
WO002939,20250203,20250205,A003,EQ0035,SV7,R006,WT1,P2,S4,19.74,14.32,True,False,ERP,project_fact_ordenestrabajo_export.csv,2026-06-23T00:00:00,2939
WO002940,20250123,20250204,A005,EQ0011,SV3,R017,WT3,P4,S4,79.24,92.99,False,False,ServiceDesk,project_fact_ordenestrabajo_export.csv,2026-06-23T00:00:00,2940
WO002941,20250312,,A004,EQ0003,SV6,R010,WT1,P1,S1,6.23,7.64,True,True,CMMS,project_fact_ordenestrabajo_export.csv,2026-06-23T00:00:00,2941
WO002942,20250607,20250612,A003,EQ0025,SV1,R010,WT5,P4,S4,54.37,39.02,False,False,ERP,project_fact_ordenestrabajo_export.csv,2026-06-23T00:00:00,2942
WO002943,20250522,20250524,A001,EQ0026,SV4,R022,WT2,P2,S4,12.55,13.73,True,False,CMMS,project_fact_ordenestrabajo_export.csv,2026-06-23T00:00:00,2943
WO002944,20250422,20250423,A005,EQ0023,SV8,R019,WT3,P1,S4,3.15,3.14,True,True,ERP,project_fact_ordenestrabajo_export.csv,2026-06-23T00:00:00,2944
WO002945,20250106,20250201,A002,EQ0015,SV3,R002,WT2,P3,S5,56.7,206.57,False,False,ERP,project_fact_ordenestrabajo_export.csv,2026-06-23T00:00:00,2945
WO002946,20250310,20250323,A005,EQ0034,SV4,R025,WT2,P3,S4,47.48,98.07,False,False,ERP,project_fact_ordenestrabajo_export.csv,2026-06-23T00:00:00,2946
WO002947,20250102,20250111,A004,EQ0004,SV1,R005,WT2,P4,S4,59.73,66.46,False,False,ServiceDesk,project_fact_ordenestrabajo_export.csv,2026-06-23T00:00:00,2947
WO002948,20250411,20250417,A001,EQ0026,SV3,R018,WT6,P4,S5,42.95,47.39,False,False,ServiceDesk,project_fact_ordenestrabajo_export.csv,2026-06-23T00:00:00,2948
WO002949,20250312,,A001,EQ0020,SV8,R012,WT2,P2,S2,21.34,46.98,True,False,ERP,project_fact_ordenestrabajo_export.csv,2026-06-23T00:00:00,2949
WO002950,20250114,20250118,A006,EQ0027,SV1,R022,WT2,P2,S4,17.37,28.79,True,False,ERP,project_fact_ordenestrabajo_export.csv,2026-06-23T00:00:00,2950
WO002951,20250316,,A002,EQ0036,SV3,R008,WT1,P3,S2,61.59,169.21,False,False,CMMS,project_fact_ordenestrabajo_export.csv,2026-06-23T00:00:00,2951
WO002952,20250213,20250215,A005,EQ0011,SV1,R011,WT2,P1,S4,5.52,8.67,True,False,ServiceDesk,project_fact_ordenestrabajo_export.csv,2026-06-23T00:00:00,2952
WO002953,20250114,,A004,EQ0013,SV7,R004,WT2,P2,S3,19.69,37.65,True,False,CMMS,project_fact_ordenestrabajo_export.csv,2026-06-23T00:00:00,2953
WO002954,20250320,20250326,A004,EQ0003,SV6,R009,WT1,P3,S4,55.63,47.63,False,False,ERP,project_fact_ordenestrabajo_export.csv,2026-06-23T00:00:00,2954
WO002955,20250609,,A003,EQ0040,SV5,R018,WT1,P3,S1,33.17,29.39,False,False,ServiceDesk,project_fact_ordenestrabajo_export.csv,2026-06-23T00:00:00,2955
WO002956,20250126,,A003,EQ0001,SV4,R012,WT2,P2,S3,14.85,25.08,True,True,CMMS,project_fact_ordenestrabajo_export.csv,2026-06-23T00:00:00,2956
WO002957,20250215,,A006,EQ0014,SV4,R023,WT6,P2,S2,11.78,18.72,True,False,ServiceDesk,project_fact_ordenestrabajo_export.csv,2026-06-23T00:00:00,2957
WO002958,20250625,20250630,A005,EQ0032,SV8,R016,WT3,P3,S4,63.37,112.53,False,False,ERP,project_fact_ordenestrabajo_export.csv,2026-06-23T00:00:00,2958
WO002959,20250625,20250627,A005,EQ0006,SV1,R029,WT6,P1,S4,6.85,8.36,True,False,CMMS,project_fact_ordenestrabajo_export.csv,2026-06-23T00:00:00,2959
WO002960,20250328,20250411,A005,EQ0034,SV6,R002,WT6,P3,S4,60.45,109.12,False,False,ServiceDesk,project_fact_ordenestrabajo_export.csv,2026-06-23T00:00:00,2960
WO002961,20250222,,A004,EQ0005,SV6,R004,WT1,P3,S2,62.46,71.51,False,True,ERP,project_fact_ordenestrabajo_export.csv,2026-06-23T00:00:00,2961
WO002962,20250429,,A001,EQ0020,SV4,R014,WT3,P3,S3,36.29,46.93,False,True,ERP,project_fact_ordenestrabajo_export.csv,2026-06-23T00:00:00,2962
WO002963,20250126,,A003,EQ0001,SV8,R020,WT1,P3,S3,51.91,96.86,False,False,ServiceDesk,project_fact_ordenestrabajo_export.csv,2026-06-23T00:00:00,2963
WO002964,20250402,,A005,EQ0021,SV8,R026,WT2,P2,S2,10.19,14.7,True,False,ServiceDesk,project_fact_ordenestrabajo_export.csv,2026-06-23T00:00:00,2964
WO002965,20250314,,A001,EQ0020,SV5,R023,WT3,P3,S2,58.9,113.66,False,False,ERP,project_fact_ordenestrabajo_export.csv,2026-06-23T00:00:00,2965
WO002966,20250415,,A006,EQ0027,SV3,R021,WT6,P4,S1,105.2,110.8,False,False,ERP,project_fact_ordenestrabajo_export.csv,2026-06-23T00:00:00,2966
WO002967,20250122,20250131,A003,EQ0040,SV4,R014,WT3,P3,S4,48.35,66.07,False,False,ERP,project_fact_ordenestrabajo_export.csv,2026-06-23T00:00:00,2967
WO002968,20250308,20250310,A005,EQ0009,SV7,R005,WT3,P2,S4,8.63,11.61,True,False,ServiceDesk,project_fact_ordenestrabajo_export.csv,2026-06-23T00:00:00,2968
WO002969,20250127,,A004,EQ0004,SV7,R014,WT1,P4,S2,52.76,54.62,False,False,ERP,project_fact_ordenestrabajo_export.csv,2026-06-23T00:00:00,2969
WO002970,20250512,20250513,A006,EQ0027,SV8,R023,WT1,P2,S4,11.67,7.39,True,False,ServiceDesk,project_fact_ordenestrabajo_export.csv,2026-06-23T00:00:00,2970
WO002971,20250423,20250427,A005,EQ0034,SV7,R011,WT2,P2,S4,19.26,25.35,True,False,CMMS,project_fact_ordenestrabajo_export.csv,2026-06-23T00:00:00,2971
WO002972,20250323,20250418,A001,EQ0026,SV1,R026,WT4,P3,S4,46.13,201.02,False,True,CMMS,project_fact_ordenestrabajo_export.csv,2026-06-23T00:00:00,2972
WO002973,20250323,,A003,EQ0035,SV2,R017,WT4,P2,S2,21.35,19.47,True,False,ServiceDesk,project_fact_ordenestrabajo_export.csv,2026-06-23T00:00:00,2973
WO002974,20250213,,A006,EQ0027,SV3,R004,WT2,P4,S3,81.55,29.27,False,False,CMMS,project_fact_ordenestrabajo_export.csv,2026-06-23T00:00:00,2974
WO002975,20250516,20250518,A001,EQ0010,SV7,R005,WT2,P2,S4,9.31,13.47,True,True,ServiceDesk,project_fact_ordenestrabajo_export.csv,2026-06-23T00:00:00,2975
WO002976,20250222,20250224,A001,EQ0026,SV4,R003,WT2,P2,S4,9.75,15.31,True,False,ServiceDesk,project_fact_ordenestrabajo_export.csv,2026-06-23T00:00:00,2976
WO002977,20250105,,A005,EQ0006,SV4,R012,WT3,P3,S3,53.06,63.29,False,True,ServiceDesk,project_fact_ordenestrabajo_export.csv,2026-06-23T00:00:00,2977
WO002978,20250623,20250626,A004,EQ0012,SV4,R005,WT4,P3,S4,33.9,22.32,False,False,ERP,project_fact_ordenestrabajo_export.csv,2026-06-23T00:00:00,2978
WO002979,20250624,20250629,A005,EQ0017,SV4,R005,WT2,P3,S4,42.03,34.86,False,False,CMMS,project_fact_ordenestrabajo_export.csv,2026-06-23T00:00:00,2979
WO002980,20250601,,A005,EQ0009,SV8,R007,WT4,P3,S2,38.28,59.27,False,False,ServiceDesk,project_fact_ordenestrabajo_export.csv,2026-06-23T00:00:00,2980
WO002981,20250501,20250505,A004,EQ0002,SV2,R014,WT2,P3,S4,34.13,29.52,False,True,ERP,project_fact_ordenestrabajo_export.csv,2026-06-23T00:00:00,2981
WO002982,20250507,,A003,EQ0040,SV3,R009,WT2,P1,S2,7.13,5.11,True,False,ERP,project_fact_ordenestrabajo_export.csv,2026-06-23T00:00:00,2982
WO002983,20250504,,A004,EQ0008,SV1,R005,WT3,P4,S1,46.9,36.1,False,False,ERP,project_fact_ordenestrabajo_export.csv,2026-06-23T00:00:00,2983
WO002984,20250503,,A003,EQ0022,SV1,R024,WT1,P2,S1,10.25,17.74,True,False,CMMS,project_fact_ordenestrabajo_export.csv,2026-06-23T00:00:00,2984
WO002985,20250310,,A004,EQ0005,SV1,R011,WT1,P2,S1,10.71,10.6,True,True,ServiceDesk,project_fact_ordenestrabajo_export.csv,2026-06-23T00:00:00,2985
WO002986,20250103,20250114,A005,EQ0034,SV5,R008,WT2,P4,S4,81.42,86.62,False,False,CMMS,project_fact_ordenestrabajo_export.csv,2026-06-23T00:00:00,2986
WO002987,20250216,,A005,EQ0011,SV5,R007,WT4,P2,S3,18.31,12.9,True,False,ERP,project_fact_ordenestrabajo_export.csv,2026-06-23T00:00:00,2987
WO002988,20250430,,A005,EQ0009,SV7,R021,WT2,P1,S2,3.9,3.41,True,False,ServiceDesk,project_fact_ordenestrabajo_export.csv,2026-06-23T00:00:00,2988
WO002989,20250221,20250225,A005,EQ0037,SV1,R022,WT2,P3,S4,43.62,31.87,False,False,CMMS,project_fact_ordenestrabajo_export.csv,2026-06-23T00:00:00,2989
WO002990,20250112,,A003,EQ0025,SV7,R007,WT2,P1,S4,6.4,7.87,True,True,ServiceDesk,project_fact_ordenestrabajo_export.csv,2026-06-23T00:00:00,2990
WO002991,20250206,20250209,A005,EQ0023,SV5,R016,WT2,P2,S4,16.23,18.51,True,True,ServiceDesk,project_fact_ordenestrabajo_export.csv,2026-06-23T00:00:00,2991
WO002992,20250412,20250413,A006,EQ0038,SV4,R007,WT3,P1,S4,6.0,5.46,True,False,ServiceDesk,project_fact_ordenestrabajo_export.csv,2026-06-23T00:00:00,2992
WO002993,20250324,20250327,A002,EQ0036,SV4,R027,WT1,P2,S4,13.87,23.47,True,False,CMMS,project_fact_ordenestrabajo_export.csv,2026-06-23T00:00:00,2993
WO002994,20250429,20250501,A005,EQ0016,SV1,R003,WT1,P2,S4,14.22,8.92,True,False,ERP,project_fact_ordenestrabajo_export.csv,2026-06-23T00:00:00,2994
WO002995,20250127,20250128,A003,EQ0035,SV2,R023,WT1,P1,S4,4.47,7.71,True,False,ERP,project_fact_ordenestrabajo_export.csv,2026-06-23T00:00:00,2995
WO002996,20250412,20250417,A006,EQ0014,SV2,R005,WT3,P3,S4,36.09,35.47,False,True,ERP,project_fact_ordenestrabajo_export.csv,2026-06-23T00:00:00,2996
WO002997,20250125,20250202,A003,EQ0040,SV6,R022,WT2,P3,S5,60.4,61.22,False,False,ERP,project_fact_ordenestrabajo_export.csv,2026-06-23T00:00:00,2997
WO002998,20250314,,A003,EQ0035,SV7,R027,WT1,P3,S2,60.11,47.97,False,False,ServiceDesk,project_fact_ordenestrabajo_export.csv,2026-06-23T00:00:00,2998
WO002999,20250603,20250616,A001,EQ0010,SV1,R002,WT2,P4,S4,99.58,102.21,False,False,ERP,project_fact_ordenestrabajo_export.csv,2026-06-23T00:00:00,2999
WO003000,20250416,20250420,A004,EQ0003,SV6,R028,WT2,P2,S4,18.31,24.9,True,False,ERP,project_fact_ordenestrabajo_export.csv,2026-06-23T00:00:00,3000
WO003001,20250120,20250124,A005,EQ0021,SV6,R023,WT6,P2,S4,21.01,28.23,True,False,ERP,project_fact_ordenestrabajo_export.csv,2026-06-23T00:00:00,3001
WO003002,20250225,20250308,A001,EQ0020,SV7,R021,WT2,P3,S4,46.94,86.78,False,False,CMMS,project_fact_ordenestrabajo_export.csv,2026-06-23T00:00:00,3002
WO003003,20250502,,A006,EQ0024,SV3,R016,WT3,P4,S3,60.6,46.67,False,False,ERP,project_fact_ordenestrabajo_export.csv,2026-06-23T00:00:00,3003
WO003004,20250207,,A004,EQ0013,SV1,R008,WT3,P3,S3,52.96,70.14,False,False,ERP,project_fact_ordenestrabajo_export.csv,2026-06-23T00:00:00,3004
WO003005,20250115,20250116,A006,EQ0027,SV7,R026,WT2,P1,S4,3.92,4.27,True,False,ERP,project_fact_ordenestrabajo_export.csv,2026-06-23T00:00:00,3005
WO003006,20250209,,A005,EQ0023,SV1,R017,WT6,P1,S1,5.7,9.57,True,False,ServiceDesk,project_fact_ordenestrabajo_export.csv,2026-06-23T00:00:00,3006
WO003007,20250118,20250208,A004,EQ0002,SV5,R007,WT3,P4,S4,101.67,164.83,False,True,CMMS,project_fact_ordenestrabajo_export.csv,2026-06-23T00:00:00,3007
WO003008,20250420,,A003,EQ0033,SV8,R007,WT1,P4,S2,70.34,99.94,False,False,ServiceDesk,project_fact_ordenestrabajo_export.csv,2026-06-23T00:00:00,3008
WO003009,20250103,20250104,A006,EQ0014,SV1,R004,WT2,P1,S4,4.93,5.4,True,False,CMMS,project_fact_ordenestrabajo_export.csv,2026-06-23T00:00:00,3009
WO003010,20250526,20250603,A004,EQ0002,SV3,R018,WT1,P4,S4,68.96,63.09,False,True,CMMS,project_fact_ordenestrabajo_export.csv,2026-06-23T00:00:00,3010
WO003011,20250319,20250326,A001,EQ0010,SV6,R002,WT4,P3,S4,57.73,49.66,False,False,ERP,project_fact_ordenestrabajo_export.csv,2026-06-23T00:00:00,3011
WO003012,20250509,20250511,A005,EQ0021,SV7,R011,WT2,P3,S4,32.46,14.37,False,False,CMMS,project_fact_ordenestrabajo_export.csv,2026-06-23T00:00:00,3012
WO003013,20250225,20250302,A005,EQ0017,SV3,R015,WT3,P3,S4,52.33,36.93,False,False,ERP,project_fact_ordenestrabajo_export.csv,2026-06-23T00:00:00,3013
WO003014,20250211,20250215,A003,EQ0040,SV4,R009,WT2,P3,S4,52.89,29.65,False,False,CMMS,project_fact_ordenestrabajo_export.csv,2026-06-23T00:00:00,3014
WO003015,20250322,,A002,EQ0030,SV7,R018,WT6,P3,S2,31.74,50.72,False,False,ServiceDesk,project_fact_ordenestrabajo_export.csv,2026-06-23T00:00:00,3015
WO003016,20250519,20250521,A005,EQ0018,SV3,R014,WT6,P2,S4,18.75,8.93,True,True,CMMS,project_fact_ordenestrabajo_export.csv,2026-06-23T00:00:00,3016
WO003017,20250105,20250108,A005,EQ0021,SV5,R021,WT5,P3,S4,25.99,20.94,False,True,CMMS,project_fact_ordenestrabajo_export.csv,2026-06-23T00:00:00,3017
WO003018,20250216,20250218,A002,EQ0036,SV3,R026,WT1,P2,S4,12.17,15.72,True,False,CMMS,project_fact_ordenestrabajo_export.csv,2026-06-23T00:00:00,3018
WO003019,20250228,20250303,A003,EQ0025,SV7,R026,WT2,P2,S4,12.62,16.79,True,False,ERP,project_fact_ordenestrabajo_export.csv,2026-06-23T00:00:00,3019
WO003020,20250618,20250628,A005,EQ0034,SV4,R020,WT6,P3,S4,56.93,76.06,False,True,ServiceDesk,project_fact_ordenestrabajo_export.csv,2026-06-23T00:00:00,3020
WO003021,20250415,20250505,A005,EQ0016,SV6,R025,WT2,P4,S4,106.14,159.4,False,False,ERP,project_fact_ordenestrabajo_export.csv,2026-06-23T00:00:00,3021
WO003022,20250611,20250622,A004,EQ0008,SV8,R001,WT4,P4,S4,79.91,84.68,False,True,CMMS,project_fact_ordenestrabajo_export.csv,2026-06-23T00:00:00,3022
WO003023,20250129,,A005,EQ0011,SV1,R017,WT6,P3,S3,57.88,50.73,False,True,ERP,project_fact_ordenestrabajo_export.csv,2026-06-23T00:00:00,3023
WO003024,20250218,20250302,A001,EQ0028,SV1,R021,WT3,P4,S4,68.31,93.95,False,False,ERP,project_fact_ordenestrabajo_export.csv,2026-06-23T00:00:00,3024
WO003025,20250504,20250508,A001,EQ0026,SV1,R030,WT6,P2,S4,21.57,24.9,True,False,ServiceDesk,project_fact_ordenestrabajo_export.csv,2026-06-23T00:00:00,3025
WO003026,20250525,20250602,A006,EQ0014,SV1,R007,WT1,P3,S4,32.97,62.31,False,True,ServiceDesk,project_fact_ordenestrabajo_export.csv,2026-06-23T00:00:00,3026
WO003027,20250205,20250210,A004,EQ0003,SV3,R005,WT1,P4,S4,52.11,39.02,False,False,ServiceDesk,project_fact_ordenestrabajo_export.csv,2026-06-23T00:00:00,3027
WO003028,20250114,,A004,EQ0004,SV6,R010,WT4,P3,S3,59.58,48.64,False,True,ServiceDesk,project_fact_ordenestrabajo_export.csv,2026-06-23T00:00:00,3028
WO003029,20250327,,A004,EQ0012,SV3,R028,WT3,P3,S3,29.83,33.72,False,True,CMMS,project_fact_ordenestrabajo_export.csv,2026-06-23T00:00:00,3029
WO003030,20250630,,A005,EQ0011,SV3,R010,WT1,P4,S2,53.49,32.69,False,False,ServiceDesk,project_fact_ordenestrabajo_export.csv,2026-06-23T00:00:00,3030
WO003031,20250629,,A003,EQ0033,SV4,R012,WT2,P2,S3,17.61,8.72,True,False,ERP,project_fact_ordenestrabajo_export.csv,2026-06-23T00:00:00,3031
WO003032,20250424,20250430,A001,EQ0020,SV7,R009,WT2,P3,S4,47.19,42.88,False,False,ServiceDesk,project_fact_ordenestrabajo_export.csv,2026-06-23T00:00:00,3032
WO003033,20250228,20250313,A003,EQ0035,SV8,R029,WT1,P4,S4,62.76,101.83,False,False,ERP,project_fact_ordenestrabajo_export.csv,2026-06-23T00:00:00,3033
WO003034,20250624,20250629,A005,EQ0009,SV3,R023,WT1,P3,S4,37.91,39.2,False,False,CMMS,project_fact_ordenestrabajo_export.csv,2026-06-23T00:00:00,3034
WO003035,20250413,,A004,EQ0004,SV3,R004,WT6,P2,S1,13.51,14.99,True,False,CMMS,project_fact_ordenestrabajo_export.csv,2026-06-23T00:00:00,3035
WO003036,20250304,20250307,A003,EQ0031,SV2,R005,WT6,P2,S4,16.59,17.7,True,True,CMMS,project_fact_ordenestrabajo_export.csv,2026-06-23T00:00:00,3036
WO003037,20250507,,A003,EQ0035,SV5,R022,WT1,P4,S1,92.6,73.25,False,False,ServiceDesk,project_fact_ordenestrabajo_export.csv,2026-06-23T00:00:00,3037
WO003038,20250129,20250208,A006,EQ0014,SV1,R027,WT4,P3,S4,59.63,73.0,False,False,CMMS,project_fact_ordenestrabajo_export.csv,2026-06-23T00:00:00,3038
WO003039,20250328,20250330,A005,EQ0032,SV5,R003,WT1,P2,S4,11.47,15.9,True,False,ERP,project_fact_ordenestrabajo_export.csv,2026-06-23T00:00:00,3039
WO003040,20250206,20250214,A005,EQ0023,SV2,R016,WT2,P3,S5,37.99,58.76,False,False,ServiceDesk,project_fact_ordenestrabajo_export.csv,2026-06-23T00:00:00,3040
WO003041,20250419,,A006,EQ0019,SV2,R016,WT2,P4,S1,87.3,99.11,False,False,ERP,project_fact_ordenestrabajo_export.csv,2026-06-23T00:00:00,3041
WO003042,20250427,,A001,EQ0020,SV3,R004,WT2,P3,S1,49.58,91.58,False,False,ERP,project_fact_ordenestrabajo_export.csv,2026-06-23T00:00:00,3042
WO003043,20250119,,A004,EQ0004,SV3,R008,WT2,P1,S3,5.81,5.21,True,False,CMMS,project_fact_ordenestrabajo_export.csv,2026-06-23T00:00:00,3043
WO003044,20250116,20250122,A004,EQ0004,SV5,R027,WT4,P2,S4,21.54,45.09,True,True,ERP,project_fact_ordenestrabajo_export.csv,2026-06-23T00:00:00,3044
WO003045,20250327,,A004,EQ0003,SV6,R026,WT4,P3,S2,45.08,39.61,False,True,ERP,project_fact_ordenestrabajo_export.csv,2026-06-23T00:00:00,3045
WO003046,20250518,20250607,A003,EQ0035,SV8,R010,WT3,P4,S4,106.37,156.23,False,False,CMMS,project_fact_ordenestrabajo_export.csv,2026-06-23T00:00:00,3046
WO003047,20250520,20250531,A003,EQ0035,SV3,R023,WT3,P4,S4,97.41,83.79,False,False,CMMS,project_fact_ordenestrabajo_export.csv,2026-06-23T00:00:00,3047
WO003048,20250304,20250331,A001,EQ0007,SV2,R018,WT2,P3,S4,57.1,213.08,False,False,ERP,project_fact_ordenestrabajo_export.csv,2026-06-23T00:00:00,3048
WO003049,20250429,20250502,A005,EQ0009,SV5,R011,WT5,P2,S4,12.09,19.17,True,False,ERP,project_fact_ordenestrabajo_export.csv,2026-06-23T00:00:00,3049
WO003050,20250619,20250623,A001,EQ0028,SV4,R013,WT1,P3,S4,42.69,28.28,False,False,ServiceDesk,project_fact_ordenestrabajo_export.csv,2026-06-23T00:00:00,3050
WO003051,20250410,20250412,A004,EQ0029,SV7,R016,WT6,P2,S4,19.55,13.48,True,False,ServiceDesk,project_fact_ordenestrabajo_export.csv,2026-06-23T00:00:00,3051
WO003052,20250518,20250524,A004,EQ0002,SV6,R022,WT5,P3,S4,53.67,43.11,False,False,CMMS,project_fact_ordenestrabajo_export.csv,2026-06-23T00:00:00,3052
WO003053,20250515,,A001,EQ0028,SV2,R012,WT2,P1,S2,3.23,7.32,True,False,ERP,project_fact_ordenestrabajo_export.csv,2026-06-23T00:00:00,3053
WO003054,20250215,20250224,A005,EQ0021,SV5,R005,WT1,P3,S4,56.6,66.38,False,False,ERP,project_fact_ordenestrabajo_export.csv,2026-06-23T00:00:00,3054
WO003055,20250415,20250416,A005,EQ0039,SV4,R012,WT3,P1,S4,4.6,6.72,True,True,ERP,project_fact_ordenestrabajo_export.csv,2026-06-23T00:00:00,3055
WO003056,20250222,20250224,A006,EQ0027,SV5,R008,WT4,P1,S4,6.17,13.38,True,False,ERP,project_fact_ordenestrabajo_export.csv,2026-06-23T00:00:00,3056
WO003057,20250619,,A003,EQ0022,SV5,R019,WT6,P3,S2,39.31,105.43,False,True,ServiceDesk,project_fact_ordenestrabajo_export.csv,2026-06-23T00:00:00,3057
WO003058,20250423,20250501,A005,EQ0034,SV4,R005,WT1,P3,S4,51.86,60.36,False,False,CMMS,project_fact_ordenestrabajo_export.csv,2026-06-23T00:00:00,3058
WO003059,20250424,20250503,A004,EQ0012,SV3,R009,WT6,P3,S4,58.88,64.62,False,False,ERP,project_fact_ordenestrabajo_export.csv,2026-06-23T00:00:00,3059
WO003060,20250424,,A005,EQ0009,SV8,R018,WT1,P3,S2,53.65,78.21,False,True,ERP,project_fact_ordenestrabajo_export.csv,2026-06-23T00:00:00,3060
WO003061,20250219,,A004,EQ0008,SV7,R006,WT4,P4,S2,61.99,129.91,False,False,ERP,project_fact_ordenestrabajo_export.csv,2026-06-23T00:00:00,3061
WO003062,20250221,20250304,A002,EQ0015,SV5,R029,WT6,P4,S4,89.93,84.67,False,False,ERP,project_fact_ordenestrabajo_export.csv,2026-06-23T00:00:00,3062
WO003063,20250414,,A001,EQ0020,SV3,R030,WT1,P4,S1,75.66,174.25,False,False,CMMS,project_fact_ordenestrabajo_export.csv,2026-06-23T00:00:00,3063
WO003064,20250123,20250126,A005,EQ0037,SV2,R029,WT1,P2,S5,12.86,20.33,True,False,ServiceDesk,project_fact_ordenestrabajo_export.csv,2026-06-23T00:00:00,3064
WO003065,20250531,,A003,EQ0001,SV6,R007,WT1,P2,S2,18.12,26.29,True,False,ServiceDesk,project_fact_ordenestrabajo_export.csv,2026-06-23T00:00:00,3065
WO003066,20250311,20250313,A003,EQ0025,SV1,R014,WT2,P2,S5,21.34,12.35,True,False,ServiceDesk,project_fact_ordenestrabajo_export.csv,2026-06-23T00:00:00,3066
WO003067,20250627,20250630,A005,EQ0037,SV6,R015,WT1,P3,S4,57.07,26.72,False,False,CMMS,project_fact_ordenestrabajo_export.csv,2026-06-23T00:00:00,3067
WO003068,20250620,20250630,A003,EQ0031,SV6,R022,WT2,P4,S4,64.66,81.3,False,True,ServiceDesk,project_fact_ordenestrabajo_export.csv,2026-06-23T00:00:00,3068
WO003069,20250620,20250621,A005,EQ0016,SV5,R025,WT1,P1,S4,4.99,3.5,True,True,CMMS,project_fact_ordenestrabajo_export.csv,2026-06-23T00:00:00,3069
WO003070,20250527,20250604,A005,EQ0018,SV3,R014,WT4,P4,S4,71.82,59.85,False,False,ServiceDesk,project_fact_ordenestrabajo_export.csv,2026-06-23T00:00:00,3070
WO003071,20250418,20250419,A003,EQ0025,SV3,R017,WT2,P1,S4,2.85,4.77,True,False,CMMS,project_fact_ordenestrabajo_export.csv,2026-06-23T00:00:00,3071
WO003072,20250606,,A005,EQ0032,SV1,R002,WT3,P3,S2,49.94,39.89,False,False,CMMS,project_fact_ordenestrabajo_export.csv,2026-06-23T00:00:00,3072
WO003073,20250521,,A002,EQ0036,SV8,R005,WT6,P2,S2,11.2,15.93,True,False,ServiceDesk,project_fact_ordenestrabajo_export.csv,2026-06-23T00:00:00,3073
WO003074,20250510,20250512,A004,EQ0005,SV2,R029,WT5,P2,S4,15.47,13.08,True,False,ServiceDesk,project_fact_ordenestrabajo_export.csv,2026-06-23T00:00:00,3074
WO003075,20250422,,A005,EQ0011,SV6,R011,WT2,P3,S3,39.54,43.32,False,False,ERP,project_fact_ordenestrabajo_export.csv,2026-06-23T00:00:00,3075
WO003076,20250428,20250430,A005,EQ0011,SV2,R018,WT2,P2,S4,13.82,14.85,True,False,ServiceDesk,project_fact_ordenestrabajo_export.csv,2026-06-23T00:00:00,3076
WO003077,20250612,20250616,A005,EQ0034,SV3,R026,WT3,P3,S4,26.17,25.97,False,False,ERP,project_fact_ordenestrabajo_export.csv,2026-06-23T00:00:00,3077
WO003078,20250129,,A001,EQ0028,SV3,R020,WT1,P4,S2,88.27,46.8,False,False,ServiceDesk,project_fact_ordenestrabajo_export.csv,2026-06-23T00:00:00,3078
WO003079,20250625,20250630,A005,EQ0021,SV3,R025,WT2,P4,S4,72.39,91.53,False,True,ERP,project_fact_ordenestrabajo_export.csv,2026-06-23T00:00:00,3079
WO003080,20250525,20250526,A003,EQ0001,SV6,R013,WT2,P1,S4,3.03,4.37,True,False,CMMS,project_fact_ordenestrabajo_export.csv,2026-06-23T00:00:00,3080
WO003081,20250418,20250421,A005,EQ0034,SV6,R030,WT1,P3,S4,38.93,19.55,False,True,ServiceDesk,project_fact_ordenestrabajo_export.csv,2026-06-23T00:00:00,3081
WO003082,20250623,,A005,EQ0037,SV5,R011,WT2,P4,S2,74.27,207.55,False,False,ServiceDesk,project_fact_ordenestrabajo_export.csv,2026-06-23T00:00:00,3082
WO003083,20250426,20250501,A003,EQ0022,SV3,R001,WT6,P3,S4,51.34,39.93,False,False,CMMS,project_fact_ordenestrabajo_export.csv,2026-06-23T00:00:00,3083
WO003084,20250412,20250426,A005,EQ0037,SV2,R029,WT4,P4,S5,106.84,104.85,False,False,ERP,project_fact_ordenestrabajo_export.csv,2026-06-23T00:00:00,3084
WO003085,20250524,20250601,A004,EQ0004,SV8,R003,WT1,P4,S4,60.46,62.16,False,False,ERP,project_fact_ordenestrabajo_export.csv,2026-06-23T00:00:00,3085
WO003086,20250102,20250105,A003,EQ0031,SV1,R027,WT5,P3,S4,43.63,20.27,False,False,CMMS,project_fact_ordenestrabajo_export.csv,2026-06-23T00:00:00,3086
WO003087,20250609,20250616,A003,EQ0022,SV4,R005,WT6,P3,S4,46.43,48.47,False,False,CMMS,project_fact_ordenestrabajo_export.csv,2026-06-23T00:00:00,3087
WO003088,20250312,20250316,A006,EQ0014,SV1,R009,WT2,P2,S4,15.4,24.49,True,False,ERP,project_fact_ordenestrabajo_export.csv,2026-06-23T00:00:00,3088
WO003089,20250318,20250330,A006,EQ0014,SV1,R020,WT1,P4,S4,57.92,93.51,False,False,ServiceDesk,project_fact_ordenestrabajo_export.csv,2026-06-23T00:00:00,3089
WO003090,20250105,,A004,EQ0013,SV4,R012,WT6,P3,S2,64.64,94.15,False,False,ERP,project_fact_ordenestrabajo_export.csv,2026-06-23T00:00:00,3090
WO003091,20250328,,A003,EQ0022,SV2,R007,WT1,P3,S1,34.79,69.82,False,True,ERP,project_fact_ordenestrabajo_export.csv,2026-06-23T00:00:00,3091
WO003092,20250315,20250320,A006,EQ0027,SV3,R001,WT1,P3,S4,30.79,33.51,False,False,CMMS,project_fact_ordenestrabajo_export.csv,2026-06-23T00:00:00,3092
WO003093,20250420,,A005,EQ0021,SV7,R020,WT2,P3,S1,36.72,40.89,False,False,ERP,project_fact_ordenestrabajo_export.csv,2026-06-23T00:00:00,3093
WO003094,20250619,,A005,EQ0011,SV5,R028,WT1,P3,S2,41.32,113.03,False,False,CMMS,project_fact_ordenestrabajo_export.csv,2026-06-23T00:00:00,3094
WO003095,20250108,20250115,A005,EQ0039,SV2,R022,WT2,P3,S4,41.72,53.83,False,False,ServiceDesk,project_fact_ordenestrabajo_export.csv,2026-06-23T00:00:00,3095
WO003096,20250508,20250513,A005,EQ0018,SV5,R015,WT2,P3,S4,42.0,34.23,False,False,CMMS,project_fact_ordenestrabajo_export.csv,2026-06-23T00:00:00,3096
WO003097,20250610,20250615,A005,EQ0034,SV2,R030,WT1,P3,S4,34.58,37.9,False,False,CMMS,project_fact_ordenestrabajo_export.csv,2026-06-23T00:00:00,3097
WO003098,20250401,20250409,A004,EQ0005,SV7,R017,WT2,P4,S4,57.81,61.45,False,True,ERP,project_fact_ordenestrabajo_export.csv,2026-06-23T00:00:00,3098
WO003099,20250309,,A005,EQ0021,SV7,R024,WT2,P3,S2,39.81,111.04,False,False,ERP,project_fact_ordenestrabajo_export.csv,2026-06-23T00:00:00,3099
WO003100,20250314,20250315,A005,EQ0011,SV3,R012,WT5,P1,S4,3.76,5.77,True,False,ServiceDesk,project_fact_ordenestrabajo_export.csv,2026-06-23T00:00:00,3100
WO003101,20250131,20250202,A005,EQ0016,SV3,R028,WT2,P2,S4,12.25,13.97,True,True,ServiceDesk,project_fact_ordenestrabajo_export.csv,2026-06-23T00:00:00,3101
WO003102,20250516,20250519,A001,EQ0007,SV2,R023,WT6,P2,S4,12.8,21.13,True,False,ERP,project_fact_ordenestrabajo_export.csv,2026-06-23T00:00:00,3102
WO003103,20250423,,A001,EQ0028,SV4,R026,WT1,P3,S3,57.57,79.43,False,False,ServiceDesk,project_fact_ordenestrabajo_export.csv,2026-06-23T00:00:00,3103
WO003104,20250121,20250122,A003,EQ0001,SV6,R003,WT2,P2,S4,15.25,6.0,True,False,ERP,project_fact_ordenestrabajo_export.csv,2026-06-23T00:00:00,3104
WO003105,20250326,20250329,A005,EQ0018,SV5,R015,WT2,P2,S4,15.75,22.84,True,False,ServiceDesk,project_fact_ordenestrabajo_export.csv,2026-06-23T00:00:00,3105
WO003106,20250210,20250214,A004,EQ0002,SV8,R007,WT2,P3,S4,29.12,31.57,False,False,CMMS,project_fact_ordenestrabajo_export.csv,2026-06-23T00:00:00,3106
WO003107,20250506,20250508,A005,EQ0034,SV5,R024,WT1,P1,S4,6.78,9.85,True,False,ServiceDesk,project_fact_ordenestrabajo_export.csv,2026-06-23T00:00:00,3107
WO003108,20250507,,A005,EQ0011,SV4,R014,WT1,P3,S1,46.5,68.45,False,False,ERP,project_fact_ordenestrabajo_export.csv,2026-06-23T00:00:00,3108
WO003109,20250317,20250325,A006,EQ0014,SV5,R025,WT1,P3,S4,57.69,62.47,False,False,CMMS,project_fact_ordenestrabajo_export.csv,2026-06-23T00:00:00,3109
WO003110,20250521,20250524,A005,EQ0017,SV3,R013,WT2,P2,S5,12.98,23.44,True,False,CMMS,project_fact_ordenestrabajo_export.csv,2026-06-23T00:00:00,3110
WO003111,20250630,,A004,EQ0029,SV5,R019,WT1,P3,S3,61.26,37.45,False,False,ServiceDesk,project_fact_ordenestrabajo_export.csv,2026-06-23T00:00:00,3111
WO003112,20250115,20250116,A001,EQ0010,SV1,R006,WT2,P1,S4,2.92,4.96,True,True,CMMS,project_fact_ordenestrabajo_export.csv,2026-06-23T00:00:00,3112
WO003113,20250602,20250608,A006,EQ0038,SV7,R015,WT3,P3,S4,39.95,46.16,False,False,CMMS,project_fact_ordenestrabajo_export.csv,2026-06-23T00:00:00,3113
WO003114,20250108,,A001,EQ0010,SV2,R030,WT2,P4,S2,45.72,116.63,False,False,ERP,project_fact_ordenestrabajo_export.csv,2026-06-23T00:00:00,3114
WO003115,20250219,,A003,EQ0040,SV6,R008,WT2,P4,S2,59.07,24.28,False,True,ServiceDesk,project_fact_ordenestrabajo_export.csv,2026-06-23T00:00:00,3115
WO003116,20250506,20250514,A004,EQ0012,SV1,R008,WT5,P4,S4,87.17,61.68,False,False,ServiceDesk,project_fact_ordenestrabajo_export.csv,2026-06-23T00:00:00,3116
WO003117,20250522,,A003,EQ0022,SV5,R007,WT1,P2,S2,20.17,21.88,True,False,CMMS,project_fact_ordenestrabajo_export.csv,2026-06-23T00:00:00,3117
WO003118,20250307,20250311,A001,EQ0026,SV2,R015,WT1,P1,S4,6.45,26.44,True,True,ServiceDesk,project_fact_ordenestrabajo_export.csv,2026-06-23T00:00:00,3118
WO003119,20250323,20250331,A004,EQ0008,SV2,R011,WT1,P3,S4,53.95,62.55,False,False,ERP,project_fact_ordenestrabajo_export.csv,2026-06-23T00:00:00,3119
WO003120,20250107,20250111,A005,EQ0009,SV4,R013,WT2,P3,S4,34.62,26.03,False,False,ERP,project_fact_ordenestrabajo_export.csv,2026-06-23T00:00:00,3120
WO003121,20250109,20250111,A005,EQ0021,SV8,R014,WT6,P1,S4,7.16,8.24,True,False,ServiceDesk,project_fact_ordenestrabajo_export.csv,2026-06-23T00:00:00,3121
WO003122,20250422,20250428,A006,EQ0038,SV3,R008,WT6,P3,S4,53.41,45.15,False,False,CMMS,project_fact_ordenestrabajo_export.csv,2026-06-23T00:00:00,3122
WO003123,20250327,,A006,EQ0014,SV8,R012,WT5,P3,S1,37.52,33.96,False,False,ServiceDesk,project_fact_ordenestrabajo_export.csv,2026-06-23T00:00:00,3123
WO003124,20250523,,A002,EQ0015,SV5,R012,WT2,P3,S2,48.53,44.47,False,False,CMMS,project_fact_ordenestrabajo_export.csv,2026-06-23T00:00:00,3124
WO003125,20250512,,A005,EQ0011,SV1,R001,WT1,P3,S2,61.71,59.0,False,False,CMMS,project_fact_ordenestrabajo_export.csv,2026-06-23T00:00:00,3125
WO003126,20250210,20250214,A003,EQ0022,SV7,R001,WT3,P3,S4,30.86,30.71,False,False,ERP,project_fact_ordenestrabajo_export.csv,2026-06-23T00:00:00,3126
WO003127,20250203,,A004,EQ0012,SV4,R021,WT3,P2,S2,15.69,37.5,True,False,CMMS,project_fact_ordenestrabajo_export.csv,2026-06-23T00:00:00,3127
WO003128,20250601,20250604,A005,EQ0017,SV1,R024,WT2,P2,S4,14.49,19.96,True,False,CMMS,project_fact_ordenestrabajo_export.csv,2026-06-23T00:00:00,3128
WO003129,20250606,20250608,A005,EQ0017,SV7,R008,WT2,P2,S5,14.74,11.21,True,False,ServiceDesk,project_fact_ordenestrabajo_export.csv,2026-06-23T00:00:00,3129
WO003130,20250220,,A006,EQ0024,SV4,R006,WT4,P3,S2,62.43,73.79,False,False,ServiceDesk,project_fact_ordenestrabajo_export.csv,2026-06-23T00:00:00,3130
WO003131,20250311,20250331,A001,EQ0028,SV5,R029,WT2,P4,S4,104.02,158.53,False,False,ServiceDesk,project_fact_ordenestrabajo_export.csv,2026-06-23T00:00:00,3131
WO003132,20250418,20250513,A005,EQ0039,SV2,R004,WT2,P4,S4,62.2,196.67,False,True,ERP,project_fact_ordenestrabajo_export.csv,2026-06-23T00:00:00,3132
WO003133,20250309,20250326,A005,EQ0017,SV3,R025,WT6,P3,S4,54.43,133.09,False,True,ServiceDesk,project_fact_ordenestrabajo_export.csv,2026-06-23T00:00:00,3133
WO003134,20250122,,A005,EQ0017,SV6,R004,WT2,P2,S2,18.11,22.94,True,True,ERP,project_fact_ordenestrabajo_export.csv,2026-06-23T00:00:00,3134
WO003135,20250316,20250318,A004,EQ0013,SV1,R019,WT5,P2,S5,9.52,8.57,True,False,ServiceDesk,project_fact_ordenestrabajo_export.csv,2026-06-23T00:00:00,3135
WO003136,20250417,20250429,A003,EQ0033,SV7,R028,WT2,P4,S4,47.8,93.74,False,True,CMMS,project_fact_ordenestrabajo_export.csv,2026-06-23T00:00:00,3136
WO003137,20250320,20250327,A005,EQ0016,SV8,R008,WT3,P3,S4,61.95,49.45,False,False,CMMS,project_fact_ordenestrabajo_export.csv,2026-06-23T00:00:00,3137
WO003138,20250413,,A005,EQ0039,SV2,R016,WT1,P4,S1,63.19,97.35,False,True,CMMS,project_fact_ordenestrabajo_export.csv,2026-06-23T00:00:00,3138
WO003139,20250114,,A003,EQ0033,SV3,R019,WT2,P3,S1,30.54,54.23,False,False,ERP,project_fact_ordenestrabajo_export.csv,2026-06-23T00:00:00,3139
WO003140,20250317,20250321,A003,EQ0022,SV2,R022,WT6,P2,S4,20.18,30.95,True,False,CMMS,project_fact_ordenestrabajo_export.csv,2026-06-23T00:00:00,3140
WO003141,20250426,,A003,EQ0040,SV8,R021,WT6,P4,S2,78.08,97.53,False,False,ServiceDesk,project_fact_ordenestrabajo_export.csv,2026-06-23T00:00:00,3141
WO003142,20250105,,A005,EQ0006,SV4,R007,WT1,P2,S2,17.12,17.73,True,False,ERP,project_fact_ordenestrabajo_export.csv,2026-06-23T00:00:00,3142
WO003143,20250610,20250613,A003,EQ0031,SV8,R017,WT5,P2,S4,14.61,18.14,True,False,CMMS,project_fact_ordenestrabajo_export.csv,2026-06-23T00:00:00,3143
WO003144,20250111,20250118,A005,EQ0023,SV8,R027,WT2,P3,S4,28.56,48.18,False,False,ServiceDesk,project_fact_ordenestrabajo_export.csv,2026-06-23T00:00:00,3144
WO003145,20250605,,A004,EQ0002,SV1,R023,WT1,P2,S2,15.3,27.5,True,True,CMMS,project_fact_ordenestrabajo_export.csv,2026-06-23T00:00:00,3145
WO003146,20250207,20250212,A005,EQ0039,SV5,R009,WT2,P3,S4,49.69,37.46,False,False,ServiceDesk,project_fact_ordenestrabajo_export.csv,2026-06-23T00:00:00,3146
WO003147,20250313,,A001,EQ0026,SV2,R014,WT1,P3,S1,58.52,144.92,False,False,CMMS,project_fact_ordenestrabajo_export.csv,2026-06-23T00:00:00,3147
WO003148,20250326,20250402,A005,EQ0009,SV3,R030,WT2,P3,S4,34.89,51.16,False,False,ERP,project_fact_ordenestrabajo_export.csv,2026-06-23T00:00:00,3148
WO003149,20250408,20250425,A004,EQ0004,SV1,R023,WT4,P4,S4,106.93,131.85,False,False,ServiceDesk,project_fact_ordenestrabajo_export.csv,2026-06-23T00:00:00,3149
WO003150,20250307,20250308,A002,EQ0030,SV2,R013,WT3,P1,S4,5.2,4.77,True,False,ERP,project_fact_ordenestrabajo_export.csv,2026-06-23T00:00:00,3150
WO003151,20250213,20250217,A005,EQ0032,SV6,R010,WT1,P3,S4,48.53,29.16,False,False,CMMS,project_fact_ordenestrabajo_export.csv,2026-06-23T00:00:00,3151
WO003152,20250404,20250405,A005,EQ0018,SV7,R001,WT1,P1,S4,3.54,3.4,True,False,ERP,project_fact_ordenestrabajo_export.csv,2026-06-23T00:00:00,3152
WO003153,20250629,20250630,A005,EQ0037,SV7,R004,WT6,P3,S4,30.78,29.88,False,False,CMMS,project_fact_ordenestrabajo_export.csv,2026-06-23T00:00:00,3153
WO003154,20250209,20250219,A003,EQ0031,SV1,R027,WT3,P3,S4,49.65,75.75,False,False,ServiceDesk,project_fact_ordenestrabajo_export.csv,2026-06-23T00:00:00,3154
WO003155,20250227,20250301,A005,EQ0016,SV5,R028,WT6,P2,S4,13.9,12.62,True,False,ServiceDesk,project_fact_ordenestrabajo_export.csv,2026-06-23T00:00:00,3155
WO003156,20250427,,A001,EQ0028,SV5,R021,WT1,P3,S3,50.08,160.25,False,False,ServiceDesk,project_fact_ordenestrabajo_export.csv,2026-06-23T00:00:00,3156
WO003157,20250505,20250506,A006,EQ0038,SV6,R013,WT2,P1,S4,3.3,3.87,True,False,ERP,project_fact_ordenestrabajo_export.csv,2026-06-23T00:00:00,3157
WO003158,20250101,,A005,EQ0017,SV7,R013,WT2,P3,S3,39.22,56.28,False,False,ERP,project_fact_ordenestrabajo_export.csv,2026-06-23T00:00:00,3158
WO003159,20250313,,A001,EQ0010,SV3,R015,WT1,P3,S2,42.94,32.12,False,False,CMMS,project_fact_ordenestrabajo_export.csv,2026-06-23T00:00:00,3159
WO003160,20250424,,A005,EQ0011,SV1,R022,WT4,P4,S3,102.37,196.07,False,False,ServiceDesk,project_fact_ordenestrabajo_export.csv,2026-06-23T00:00:00,3160
WO003161,20250612,20250613,A006,EQ0014,SV6,R008,WT4,P1,S4,6.74,4.46,True,True,CMMS,project_fact_ordenestrabajo_export.csv,2026-06-23T00:00:00,3161
WO003162,20250112,,A005,EQ0018,SV5,R012,WT3,P3,S3,36.12,50.71,False,True,ERP,project_fact_ordenestrabajo_export.csv,2026-06-23T00:00:00,3162
WO003163,20250222,20250225,A006,EQ0024,SV2,R027,WT5,P2,S4,15.17,20.26,True,False,CMMS,project_fact_ordenestrabajo_export.csv,2026-06-23T00:00:00,3163
WO003164,20250411,20250422,A005,EQ0034,SV4,R024,WT5,P3,S4,35.3,85.29,False,False,ServiceDesk,project_fact_ordenestrabajo_export.csv,2026-06-23T00:00:00,3164
WO003165,20250217,20250221,A004,EQ0013,SV2,R024,WT1,P3,S4,51.17,31.28,False,True,CMMS,project_fact_ordenestrabajo_export.csv,2026-06-23T00:00:00,3165
WO003166,20250208,,A006,EQ0014,SV5,R020,WT6,P1,S3,6.24,13.2,True,False,ServiceDesk,project_fact_ordenestrabajo_export.csv,2026-06-23T00:00:00,3166
WO003167,20250303,,A004,EQ0029,SV4,R014,WT2,P1,S3,5.59,5.2,True,False,ERP,project_fact_ordenestrabajo_export.csv,2026-06-23T00:00:00,3167
WO003168,20250406,20250413,A005,EQ0032,SV6,R007,WT3,P3,S4,44.64,49.25,False,False,ERP,project_fact_ordenestrabajo_export.csv,2026-06-23T00:00:00,3168
WO003169,20250606,,A003,EQ0031,SV3,R002,WT2,P2,S2,12.27,23.4,True,False,ERP,project_fact_ordenestrabajo_export.csv,2026-06-23T00:00:00,3169
WO003170,20250613,,A002,EQ0030,SV8,R027,WT2,P2,S2,20.47,37.68,True,False,ERP,project_fact_ordenestrabajo_export.csv,2026-06-23T00:00:00,3170
WO003171,20250501,20250506,A001,EQ0026,SV5,R013,WT2,P4,S4,51.67,36.19,False,False,CMMS,project_fact_ordenestrabajo_export.csv,2026-06-23T00:00:00,3171
WO003172,20250318,,A001,EQ0026,SV1,R016,WT2,P2,S2,20.63,31.98,True,False,CMMS,project_fact_ordenestrabajo_export.csv,2026-06-23T00:00:00,3172
WO003173,20250225,20250306,A003,EQ0001,SV3,R007,WT1,P4,S4,57.06,66.69,False,False,CMMS,project_fact_ordenestrabajo_export.csv,2026-06-23T00:00:00,3173
WO003174,20250608,,A005,EQ0021,SV2,R027,WT3,P3,S3,42.46,45.89,False,False,CMMS,project_fact_ordenestrabajo_export.csv,2026-06-23T00:00:00,3174
WO003175,20250524,,A004,EQ0002,SV6,R001,WT2,P3,S1,51.56,58.49,False,False,ServiceDesk,project_fact_ordenestrabajo_export.csv,2026-06-23T00:00:00,3175
WO003176,20250417,,A003,EQ0025,SV2,R013,WT5,P3,S3,59.59,137.44,False,False,ServiceDesk,project_fact_ordenestrabajo_export.csv,2026-06-23T00:00:00,3176
WO003177,20250429,20250508,A002,EQ0036,SV1,R012,WT1,P3,S4,52.65,68.23,False,False,ServiceDesk,project_fact_ordenestrabajo_export.csv,2026-06-23T00:00:00,3177
WO003178,20250505,20250510,A005,EQ0034,SV5,R023,WT1,P2,S4,14.5,33.94,True,False,CMMS,project_fact_ordenestrabajo_export.csv,2026-06-23T00:00:00,3178
WO003179,20250629,,A001,EQ0020,SV1,R021,WT3,P3,S1,61.37,68.49,False,True,ERP,project_fact_ordenestrabajo_export.csv,2026-06-23T00:00:00,3179
WO003180,20250426,20250502,A004,EQ0012,SV3,R028,WT2,P3,S4,41.9,47.85,False,False,ServiceDesk,project_fact_ordenestrabajo_export.csv,2026-06-23T00:00:00,3180
WO003181,20250301,,A001,EQ0026,SV8,R017,WT2,P3,S3,52.76,74.29,False,False,CMMS,project_fact_ordenestrabajo_export.csv,2026-06-23T00:00:00,3181
WO003182,20250120,20250124,A001,EQ0007,SV8,R012,WT3,P3,S4,28.61,27.45,False,False,ERP,project_fact_ordenestrabajo_export.csv,2026-06-23T00:00:00,3182
WO003183,20250216,,A005,EQ0034,SV7,R021,WT2,P2,S3,12.61,16.12,True,False,CMMS,project_fact_ordenestrabajo_export.csv,2026-06-23T00:00:00,3183
WO003184,20250329,20250330,A004,EQ0005,SV6,R019,WT3,P1,S4,6.68,5.14,True,False,ServiceDesk,project_fact_ordenestrabajo_export.csv,2026-06-23T00:00:00,3184
WO003185,20250221,20250308,A001,EQ0010,SV8,R008,WT4,P3,S4,41.13,119.08,False,False,ERP,project_fact_ordenestrabajo_export.csv,2026-06-23T00:00:00,3185
WO003186,20250405,,A002,EQ0030,SV3,R008,WT1,P4,S2,81.01,64.74,False,True,ERP,project_fact_ordenestrabajo_export.csv,2026-06-23T00:00:00,3186
WO003187,20250524,,A004,EQ0004,SV6,R021,WT5,P3,S2,25.33,26.31,False,False,CMMS,project_fact_ordenestrabajo_export.csv,2026-06-23T00:00:00,3187
WO003188,20250301,20250302,A004,EQ0002,SV7,R006,WT3,P1,S5,3.76,4.38,True,False,ServiceDesk,project_fact_ordenestrabajo_export.csv,2026-06-23T00:00:00,3188
WO003189,20250409,20250410,A006,EQ0027,SV2,R002,WT2,P2,S4,11.32,5.79,True,False,ServiceDesk,project_fact_ordenestrabajo_export.csv,2026-06-23T00:00:00,3189
WO003190,20250619,20250630,A005,EQ0006,SV8,R007,WT6,P3,S4,60.93,113.21,False,False,ServiceDesk,project_fact_ordenestrabajo_export.csv,2026-06-23T00:00:00,3190
WO003191,20250505,20250516,A003,EQ0025,SV4,R006,WT2,P3,S4,48.3,83.51,False,False,ERP,project_fact_ordenestrabajo_export.csv,2026-06-23T00:00:00,3191
WO003192,20250304,,A001,EQ0028,SV3,R027,WT3,P3,S2,29.2,61.96,False,False,ServiceDesk,project_fact_ordenestrabajo_export.csv,2026-06-23T00:00:00,3192
WO003193,20250527,,A004,EQ0003,SV6,R013,WT3,P2,S2,19.65,22.43,True,False,ERP,project_fact_ordenestrabajo_export.csv,2026-06-23T00:00:00,3193
WO003194,20250216,20250224,A003,EQ0040,SV6,R013,WT2,P3,S4,61.15,59.36,False,False,ERP,project_fact_ordenestrabajo_export.csv,2026-06-23T00:00:00,3194
WO003195,20250413,20250414,A003,EQ0031,SV1,R008,WT2,P1,S4,4.96,3.44,True,False,CMMS,project_fact_ordenestrabajo_export.csv,2026-06-23T00:00:00,3195
WO003196,20250523,20250524,A005,EQ0016,SV4,R030,WT5,P2,S4,12.69,7.41,True,True,ERP,project_fact_ordenestrabajo_export.csv,2026-06-23T00:00:00,3196
WO003197,20250607,,A002,EQ0015,SV4,R005,WT2,P3,S2,61.79,31.9,False,False,ServiceDesk,project_fact_ordenestrabajo_export.csv,2026-06-23T00:00:00,3197
WO003198,20250602,20250614,A004,EQ0008,SV7,R029,WT2,P4,S4,64.56,94.56,False,False,ServiceDesk,project_fact_ordenestrabajo_export.csv,2026-06-23T00:00:00,3198
WO003199,20250607,20250616,A005,EQ0034,SV5,R021,WT3,P3,S4,59.12,68.95,False,False,CMMS,project_fact_ordenestrabajo_export.csv,2026-06-23T00:00:00,3199
WO003200,20250323,20250328,A005,EQ0016,SV4,R010,WT5,P3,S5,40.98,38.34,False,False,ServiceDesk,project_fact_ordenestrabajo_export.csv,2026-06-23T00:00:00,3200
WO003201,20250309,,A004,EQ0003,SV8,R024,WT3,P3,S1,35.23,44.98,False,False,CMMS,project_fact_ordenestrabajo_export.csv,2026-06-23T00:00:00,3201
WO003202,20250307,20250315,A001,EQ0026,SV5,R019,WT1,P4,S4,82.44,58.17,False,False,ServiceDesk,project_fact_ordenestrabajo_export.csv,2026-06-23T00:00:00,3202
WO003203,20250514,20250524,A004,EQ0012,SV6,R002,WT1,P3,S4,58.37,73.74,False,False,CMMS,project_fact_ordenestrabajo_export.csv,2026-06-23T00:00:00,3203
WO003204,20250428,20250506,A003,EQ0040,SV5,R021,WT1,P4,S4,64.14,57.11,False,False,ServiceDesk,project_fact_ordenestrabajo_export.csv,2026-06-23T00:00:00,3204
WO003205,20250407,,A005,EQ0023,SV4,R024,WT1,P3,S1,42.05,87.61,False,False,ERP,project_fact_ordenestrabajo_export.csv,2026-06-23T00:00:00,3205
WO003206,20250530,,A004,EQ0013,SV5,R022,WT1,P3,S2,64.05,58.72,False,False,ERP,project_fact_ordenestrabajo_export.csv,2026-06-23T00:00:00,3206
WO003207,20250410,20250412,A004,EQ0005,SV8,R030,WT1,P1,S5,5.84,13.21,True,False,CMMS,project_fact_ordenestrabajo_export.csv,2026-06-23T00:00:00,3207
WO003208,20250325,20250327,A002,EQ0036,SV5,R027,WT2,P2,S4,14.13,11.84,True,False,ERP,project_fact_ordenestrabajo_export.csv,2026-06-23T00:00:00,3208
WO003209,20250511,20250515,A004,EQ0005,SV8,R008,WT1,P2,S4,18.89,25.29,True,True,ERP,project_fact_ordenestrabajo_export.csv,2026-06-23T00:00:00,3209
WO003210,20250331,20250409,A003,EQ0040,SV4,R023,WT3,P3,S4,52.14,70.41,False,False,CMMS,project_fact_ordenestrabajo_export.csv,2026-06-23T00:00:00,3210
WO003211,20250311,20250317,A003,EQ0040,SV3,R010,WT3,P3,S4,36.03,45.49,False,False,ERP,project_fact_ordenestrabajo_export.csv,2026-06-23T00:00:00,3211
WO003212,20250624,20250630,A006,EQ0019,SV1,R001,WT3,P4,S4,74.41,72.25,False,False,ServiceDesk,project_fact_ordenestrabajo_export.csv,2026-06-23T00:00:00,3212
WO003213,20250202,,A001,EQ0026,SV1,R016,WT2,P3,S2,64.28,85.5,False,True,CMMS,project_fact_ordenestrabajo_export.csv,2026-06-23T00:00:00,3213
WO003214,20250512,,A005,EQ0039,SV6,R019,WT3,P4,S2,83.14,124.2,False,False,ServiceDesk,project_fact_ordenestrabajo_export.csv,2026-06-23T00:00:00,3214
WO003215,20250325,,A005,EQ0037,SV7,R029,WT3,P4,S1,104.7,57.37,False,False,ERP,project_fact_ordenestrabajo_export.csv,2026-06-23T00:00:00,3215
WO003216,20250225,20250228,A005,EQ0039,SV2,R024,WT2,P2,S4,15.4,20.75,True,True,ERP,project_fact_ordenestrabajo_export.csv,2026-06-23T00:00:00,3216
WO003217,20250114,,A002,EQ0036,SV8,R013,WT2,P2,S2,10.94,14.98,True,False,ERP,project_fact_ordenestrabajo_export.csv,2026-06-23T00:00:00,3217
WO003218,20250605,20250607,A004,EQ0003,SV2,R016,WT2,P2,S4,20.42,11.33,True,False,ServiceDesk,project_fact_ordenestrabajo_export.csv,2026-06-23T00:00:00,3218
WO003219,20250205,20250214,A005,EQ0011,SV1,R021,WT1,P3,S4,41.51,66.87,False,False,ServiceDesk,project_fact_ordenestrabajo_export.csv,2026-06-23T00:00:00,3219
WO003220,20250128,20250129,A003,EQ0022,SV4,R026,WT1,P1,S4,5.14,6.04,True,False,ServiceDesk,project_fact_ordenestrabajo_export.csv,2026-06-23T00:00:00,3220
WO003221,20250210,,A004,EQ0029,SV7,R015,WT4,P1,S2,2.89,3.39,True,False,CMMS,project_fact_ordenestrabajo_export.csv,2026-06-23T00:00:00,3221
WO003222,20250416,20250423,A005,EQ0021,SV3,R019,WT1,P3,S4,48.1,53.74,False,False,ERP,project_fact_ordenestrabajo_export.csv,2026-06-23T00:00:00,3222
WO003223,20250620,20250622,A003,EQ0025,SV4,R029,WT5,P2,S4,11.11,11.44,True,True,CMMS,project_fact_ordenestrabajo_export.csv,2026-06-23T00:00:00,3223
WO003224,20250228,20250314,A002,EQ0015,SV5,R017,WT2,P4,S5,104.37,108.26,False,True,ERP,project_fact_ordenestrabajo_export.csv,2026-06-23T00:00:00,3224
WO003225,20250429,20250502,A001,EQ0007,SV8,R004,WT2,P2,S4,21.03,23.57,True,False,ERP,project_fact_ordenestrabajo_export.csv,2026-06-23T00:00:00,3225
WO003226,20250522,20250602,A003,EQ0025,SV2,R028,WT6,P4,S4,80.84,82.0,False,False,CMMS,project_fact_ordenestrabajo_export.csv,2026-06-23T00:00:00,3226
WO003227,20250313,20250316,A005,EQ0023,SV2,R005,WT3,P2,S4,20.5,18.34,True,False,ERP,project_fact_ordenestrabajo_export.csv,2026-06-23T00:00:00,3227
WO003228,20250510,20250514,A003,EQ0031,SV7,R007,WT2,P3,S4,29.09,30.13,False,False,ServiceDesk,project_fact_ordenestrabajo_export.csv,2026-06-23T00:00:00,3228
WO003229,20250602,,A003,EQ0040,SV5,R001,WT1,P2,S2,14.29,20.44,True,True,ServiceDesk,project_fact_ordenestrabajo_export.csv,2026-06-23T00:00:00,3229
WO003230,20250428,,A001,EQ0007,SV8,R029,WT1,P2,S1,18.17,24.23,True,False,CMMS,project_fact_ordenestrabajo_export.csv,2026-06-23T00:00:00,3230
WO003231,20250309,,A003,EQ0031,SV1,R008,WT2,P2,S2,17.03,17.98,True,False,CMMS,project_fact_ordenestrabajo_export.csv,2026-06-23T00:00:00,3231
WO003232,20250405,,A006,EQ0014,SV2,R024,WT3,P3,S2,55.83,40.13,False,True,CMMS,project_fact_ordenestrabajo_export.csv,2026-06-23T00:00:00,3232
WO003233,20250219,,A005,EQ0034,SV3,R020,WT2,P4,S2,61.61,65.45,False,False,CMMS,project_fact_ordenestrabajo_export.csv,2026-06-23T00:00:00,3233
WO003234,20250505,20250509,A002,EQ0015,SV4,R006,WT2,P2,S4,17.01,26.38,True,False,ERP,project_fact_ordenestrabajo_export.csv,2026-06-23T00:00:00,3234
WO003235,20250313,20250318,A006,EQ0024,SV1,R020,WT2,P3,S4,52.94,33.58,False,False,ServiceDesk,project_fact_ordenestrabajo_export.csv,2026-06-23T00:00:00,3235
WO003236,20250207,20250219,A003,EQ0001,SV3,R016,WT1,P3,S4,37.71,88.06,False,False,ERP,project_fact_ordenestrabajo_export.csv,2026-06-23T00:00:00,3236
WO003237,20250518,,A004,EQ0012,SV2,R029,WT1,P2,S2,15.22,21.97,True,False,ERP,project_fact_ordenestrabajo_export.csv,2026-06-23T00:00:00,3237
WO003238,20250511,20250513,A005,EQ0023,SV4,R011,WT5,P2,S5,14.85,11.91,True,False,CMMS,project_fact_ordenestrabajo_export.csv,2026-06-23T00:00:00,3238
WO003239,20250612,,A001,EQ0020,SV7,R015,WT3,P3,S1,39.14,54.11,False,False,ERP,project_fact_ordenestrabajo_export.csv,2026-06-23T00:00:00,3239
WO003240,20250523,20250603,A005,EQ0016,SV8,R006,WT6,P4,S4,78.71,80.26,False,False,ERP,project_fact_ordenestrabajo_export.csv,2026-06-23T00:00:00,3240
WO003241,20250621,,A001,EQ0007,SV4,R024,WT3,P4,S2,92.04,80.8,False,False,ERP,project_fact_ordenestrabajo_export.csv,2026-06-23T00:00:00,3241
WO003242,20250619,20250621,A001,EQ0010,SV6,R029,WT2,P2,S4,14.05,15.85,True,False,ServiceDesk,project_fact_ordenestrabajo_export.csv,2026-06-23T00:00:00,3242
WO003243,20250112,20250126,A005,EQ0018,SV5,R018,WT1,P4,S4,97.31,105.07,False,True,ServiceDesk,project_fact_ordenestrabajo_export.csv,2026-06-23T00:00:00,3243
WO003244,20250501,,A002,EQ0030,SV3,R014,WT5,P2,S2,15.72,22.49,True,True,CMMS,project_fact_ordenestrabajo_export.csv,2026-06-23T00:00:00,3244
WO003245,20250623,,A005,EQ0011,SV6,R029,WT1,P2,S3,15.32,24.7,True,False,ERP,project_fact_ordenestrabajo_export.csv,2026-06-23T00:00:00,3245
WO003246,20250528,20250530,A006,EQ0038,SV5,R009,WT2,P2,S4,15.75,10.1,True,False,ServiceDesk,project_fact_ordenestrabajo_export.csv,2026-06-23T00:00:00,3246
WO003247,20250124,20250126,A006,EQ0027,SV5,R012,WT1,P2,S5,8.56,11.32,True,True,ERP,project_fact_ordenestrabajo_export.csv,2026-06-23T00:00:00,3247
WO003248,20250423,,A003,EQ0033,SV5,R013,WT4,P4,S2,104.93,200.18,False,False,ERP,project_fact_ordenestrabajo_export.csv,2026-06-23T00:00:00,3248
WO003249,20250208,20250213,A006,EQ0014,SV3,R028,WT1,P3,S4,33.61,36.51,False,True,CMMS,project_fact_ordenestrabajo_export.csv,2026-06-23T00:00:00,3249
WO003250,20250330,,A004,EQ0004,SV5,R029,WT6,P3,S3,40.92,29.29,False,False,ServiceDesk,project_fact_ordenestrabajo_export.csv,2026-06-23T00:00:00,3250
WO003251,20250604,20250605,A003,EQ0035,SV8,R023,WT2,P1,S4,6.01,6.75,True,False,CMMS,project_fact_ordenestrabajo_export.csv,2026-06-23T00:00:00,3251
WO003252,20250524,,A004,EQ0012,SV3,R014,WT2,P4,S1,79.35,134.36,False,False,CMMS,project_fact_ordenestrabajo_export.csv,2026-06-23T00:00:00,3252
WO003253,20250330,20250401,A005,EQ0037,SV2,R029,WT1,P2,S4,10.19,9.71,True,False,CMMS,project_fact_ordenestrabajo_export.csv,2026-06-23T00:00:00,3253
WO003254,20250605,20250606,A004,EQ0003,SV5,R002,WT1,P2,S4,16.29,7.41,True,False,ServiceDesk,project_fact_ordenestrabajo_export.csv,2026-06-23T00:00:00,3254
WO003255,20250225,20250301,A004,EQ0029,SV4,R003,WT1,P3,S4,32.95,27.34,False,False,CMMS,project_fact_ordenestrabajo_export.csv,2026-06-23T00:00:00,3255
WO003256,20250518,20250520,A005,EQ0009,SV5,R020,WT2,P2,S4,9.07,10.18,True,False,ServiceDesk,project_fact_ordenestrabajo_export.csv,2026-06-23T00:00:00,3256
WO003257,20250504,20250506,A006,EQ0014,SV4,R008,WT1,P2,S4,15.7,12.13,True,False,ERP,project_fact_ordenestrabajo_export.csv,2026-06-23T00:00:00,3257
WO003258,20250420,20250429,A003,EQ0035,SV3,R027,WT2,P3,S4,60.81,64.67,False,False,CMMS,project_fact_ordenestrabajo_export.csv,2026-06-23T00:00:00,3258
WO003259,20250318,,A004,EQ0008,SV6,R004,WT2,P2,S3,15.68,22.27,True,False,ServiceDesk,project_fact_ordenestrabajo_export.csv,2026-06-23T00:00:00,3259
WO003260,20250426,20250502,A005,EQ0021,SV1,R001,WT3,P3,S4,42.71,42.8,False,False,ServiceDesk,project_fact_ordenestrabajo_export.csv,2026-06-23T00:00:00,3260
WO003261,20250514,20250601,A005,EQ0023,SV5,R001,WT3,P4,S4,96.01,143.37,False,False,ServiceDesk,project_fact_ordenestrabajo_export.csv,2026-06-23T00:00:00,3261
WO003262,20250628,20250630,A006,EQ0024,SV6,R010,WT3,P2,S4,16.86,13.21,True,False,CMMS,project_fact_ordenestrabajo_export.csv,2026-06-23T00:00:00,3262
WO003263,20250322,,A006,EQ0024,SV3,R019,WT1,P4,S2,91.99,154.29,False,False,ServiceDesk,project_fact_ordenestrabajo_export.csv,2026-06-23T00:00:00,3263
WO003264,20250529,20250603,A002,EQ0030,SV4,R006,WT6,P4,S4,61.75,37.68,False,False,CMMS,project_fact_ordenestrabajo_export.csv,2026-06-23T00:00:00,3264
WO003265,20250130,20250209,A001,EQ0020,SV5,R021,WT1,P4,S4,70.08,77.46,False,False,ServiceDesk,project_fact_ordenestrabajo_export.csv,2026-06-23T00:00:00,3265
WO003266,20250601,,A002,EQ0015,SV3,R009,WT1,P3,S3,48.87,60.49,False,False,CMMS,project_fact_ordenestrabajo_export.csv,2026-06-23T00:00:00,3266
WO003267,20250506,20250510,A004,EQ0008,SV4,R029,WT2,P3,S4,33.33,25.3,False,True,CMMS,project_fact_ordenestrabajo_export.csv,2026-06-23T00:00:00,3267
WO003268,20250216,,A006,EQ0024,SV6,R021,WT6,P2,S1,19.62,22.82,True,False,ERP,project_fact_ordenestrabajo_export.csv,2026-06-23T00:00:00,3268
WO003269,20250402,20250405,A004,EQ0005,SV8,R006,WT3,P2,S4,19.26,16.76,True,False,CMMS,project_fact_ordenestrabajo_export.csv,2026-06-23T00:00:00,3269
WO003270,20250519,20250520,A005,EQ0011,SV4,R021,WT1,P1,S5,4.96,3.08,True,False,CMMS,project_fact_ordenestrabajo_export.csv,2026-06-23T00:00:00,3270
WO003271,20250620,20250629,A003,EQ0025,SV3,R028,WT3,P4,S4,76.25,70.88,False,False,ServiceDesk,project_fact_ordenestrabajo_export.csv,2026-06-23T00:00:00,3271
WO003272,20250220,,A003,EQ0025,SV4,R017,WT3,P3,S2,50.2,72.33,False,False,ERP,project_fact_ordenestrabajo_export.csv,2026-06-23T00:00:00,3272
WO003273,20250302,20250309,A005,EQ0017,SV4,R015,WT3,P3,S4,64.06,50.38,False,False,CMMS,project_fact_ordenestrabajo_export.csv,2026-06-23T00:00:00,3273
WO003274,20250501,20250505,A002,EQ0030,SV1,R025,WT2,P2,S4,20.96,25.16,True,True,ServiceDesk,project_fact_ordenestrabajo_export.csv,2026-06-23T00:00:00,3274
WO003275,20250203,20250213,A006,EQ0024,SV3,R013,WT4,P3,S4,56.62,72.81,False,False,ServiceDesk,project_fact_ordenestrabajo_export.csv,2026-06-23T00:00:00,3275
WO003276,20250111,,A005,EQ0018,SV6,R021,WT3,P2,S2,14.09,7.97,True,False,ERP,project_fact_ordenestrabajo_export.csv,2026-06-23T00:00:00,3276
WO003277,20250228,20250304,A006,EQ0024,SV7,R004,WT2,P2,S4,12.93,24.43,True,False,ServiceDesk,project_fact_ordenestrabajo_export.csv,2026-06-23T00:00:00,3277
WO003278,20250115,,A004,EQ0002,SV7,R019,WT2,P4,S2,83.23,194.23,False,False,CMMS,project_fact_ordenestrabajo_export.csv,2026-06-23T00:00:00,3278
WO003279,20250514,20250522,A006,EQ0019,SV5,R022,WT3,P3,S4,62.2,59.33,False,True,ERP,project_fact_ordenestrabajo_export.csv,2026-06-23T00:00:00,3279
WO003280,20250124,20250127,A002,EQ0015,SV1,R015,WT2,P2,S4,16.3,22.02,True,False,CMMS,project_fact_ordenestrabajo_export.csv,2026-06-23T00:00:00,3280
WO003281,20250210,20250213,A002,EQ0015,SV8,R028,WT2,P3,S4,35.95,21.37,False,False,ERP,project_fact_ordenestrabajo_export.csv,2026-06-23T00:00:00,3281
WO003282,20250430,20250507,A006,EQ0019,SV6,R026,WT2,P3,S4,41.84,53.08,False,False,CMMS,project_fact_ordenestrabajo_export.csv,2026-06-23T00:00:00,3282
WO003283,20250424,20250427,A004,EQ0003,SV5,R022,WT1,P2,S4,14.43,22.38,True,False,CMMS,project_fact_ordenestrabajo_export.csv,2026-06-23T00:00:00,3283
WO003284,20250310,20250313,A002,EQ0030,SV7,R028,WT1,P2,S4,8.74,20.55,True,False,ERP,project_fact_ordenestrabajo_export.csv,2026-06-23T00:00:00,3284
WO003285,20250119,,A003,EQ0025,SV6,R016,WT4,P4,S1,65.91,57.55,False,False,ERP,project_fact_ordenestrabajo_export.csv,2026-06-23T00:00:00,3285
WO003286,20250322,20250406,A003,EQ0033,SV7,R006,WT4,P3,S4,45.18,118.84,False,False,ServiceDesk,project_fact_ordenestrabajo_export.csv,2026-06-23T00:00:00,3286
WO003287,20250331,,A004,EQ0002,SV4,R016,WT2,P1,S3,4.36,3.18,True,True,ERP,project_fact_ordenestrabajo_export.csv,2026-06-23T00:00:00,3287
WO003288,20250118,,A004,EQ0004,SV7,R014,WT3,P4,S1,49.84,67.09,False,True,CMMS,project_fact_ordenestrabajo_export.csv,2026-06-23T00:00:00,3288
WO003289,20250502,,A005,EQ0017,SV1,R028,WT1,P3,S2,62.03,68.52,False,False,ServiceDesk,project_fact_ordenestrabajo_export.csv,2026-06-23T00:00:00,3289
WO003290,20250512,20250514,A006,EQ0038,SV7,R005,WT1,P2,S4,10.49,10.72,True,True,ERP,project_fact_ordenestrabajo_export.csv,2026-06-23T00:00:00,3290
WO003291,20250502,20250503,A006,EQ0024,SV4,R025,WT1,P1,S4,5.23,6.08,True,False,ServiceDesk,project_fact_ordenestrabajo_export.csv,2026-06-23T00:00:00,3291
WO003292,20250119,20250126,A002,EQ0015,SV6,R029,WT1,P3,S4,43.89,55.56,False,False,ServiceDesk,project_fact_ordenestrabajo_export.csv,2026-06-23T00:00:00,3292
WO003293,20250310,,A005,EQ0039,SV8,R022,WT2,P3,S3,58.39,59.06,False,False,ServiceDesk,project_fact_ordenestrabajo_export.csv,2026-06-23T00:00:00,3293
WO003294,20250429,20250501,A005,EQ0021,SV7,R007,WT2,P1,S4,7.11,12.3,True,False,CMMS,project_fact_ordenestrabajo_export.csv,2026-06-23T00:00:00,3294
WO003295,20250408,,A005,EQ0018,SV8,R020,WT2,P2,S3,15.15,16.67,True,False,ServiceDesk,project_fact_ordenestrabajo_export.csv,2026-06-23T00:00:00,3295
WO003296,20250107,,A003,EQ0031,SV1,R009,WT4,P1,S1,5.67,8.45,True,False,CMMS,project_fact_ordenestrabajo_export.csv,2026-06-23T00:00:00,3296
WO003297,20250504,20250514,A004,EQ0004,SV7,R016,WT1,P3,S4,54.83,76.22,False,True,ServiceDesk,project_fact_ordenestrabajo_export.csv,2026-06-23T00:00:00,3297
WO003298,20250119,20250123,A004,EQ0029,SV2,R021,WT1,P2,S4,19.89,26.11,True,False,ServiceDesk,project_fact_ordenestrabajo_export.csv,2026-06-23T00:00:00,3298
WO003299,20250527,,A001,EQ0010,SV7,R016,WT6,P4,S2,68.51,75.91,False,False,ERP,project_fact_ordenestrabajo_export.csv,2026-06-23T00:00:00,3299
WO003300,20250104,20250110,A006,EQ0038,SV8,R009,WT5,P3,S4,46.23,47.4,False,False,CMMS,project_fact_ordenestrabajo_export.csv,2026-06-23T00:00:00,3300
WO003301,20250314,20250320,A004,EQ0003,SV8,R029,WT2,P4,S4,46.54,45.1,False,False,CMMS,project_fact_ordenestrabajo_export.csv,2026-06-23T00:00:00,3301
WO003302,20250319,,A005,EQ0039,SV6,R005,WT6,P3,S3,64.58,58.11,False,False,ERP,project_fact_ordenestrabajo_export.csv,2026-06-23T00:00:00,3302
WO003303,20250622,20250630,A001,EQ0010,SV2,R008,WT5,P3,S4,58.22,130.96,False,False,ServiceDesk,project_fact_ordenestrabajo_export.csv,2026-06-23T00:00:00,3303
WO003304,20250127,20250213,A006,EQ0024,SV4,R027,WT1,P4,S4,82.15,135.88,False,False,CMMS,project_fact_ordenestrabajo_export.csv,2026-06-23T00:00:00,3304
WO003305,20250305,20250307,A005,EQ0009,SV1,R003,WT3,P2,S4,14.81,12.24,True,False,CMMS,project_fact_ordenestrabajo_export.csv,2026-06-23T00:00:00,3305
WO003306,20250506,20250516,A005,EQ0034,SV7,R022,WT3,P4,S4,94.01,77.46,False,False,ERP,project_fact_ordenestrabajo_export.csv,2026-06-23T00:00:00,3306
WO003307,20250130,,A003,EQ0022,SV8,R003,WT1,P2,S2,20.54,23.48,True,False,ServiceDesk,project_fact_ordenestrabajo_export.csv,2026-06-23T00:00:00,3307
WO003308,20250425,,A001,EQ0007,SV2,R001,WT1,P3,S2,32.1,39.11,False,False,CMMS,project_fact_ordenestrabajo_export.csv,2026-06-23T00:00:00,3308
WO003309,20250601,20250602,A005,EQ0037,SV7,R019,WT1,P1,S4,3.1,5.2,True,False,ERP,project_fact_ordenestrabajo_export.csv,2026-06-23T00:00:00,3309
WO003310,20250128,20250131,A002,EQ0036,SV5,R022,WT3,P2,S4,19.31,21.57,True,False,ServiceDesk,project_fact_ordenestrabajo_export.csv,2026-06-23T00:00:00,3310
WO003311,20250225,,A004,EQ0004,SV1,R002,WT3,P4,S1,61.79,40.41,False,False,ServiceDesk,project_fact_ordenestrabajo_export.csv,2026-06-23T00:00:00,3311
WO003312,20250406,20250418,A001,EQ0020,SV8,R017,WT2,P3,S5,39.1,92.25,False,False,ServiceDesk,project_fact_ordenestrabajo_export.csv,2026-06-23T00:00:00,3312
WO003313,20250422,20250424,A003,EQ0040,SV2,R006,WT3,P3,S4,25.24,10.07,False,False,CMMS,project_fact_ordenestrabajo_export.csv,2026-06-23T00:00:00,3313
WO003314,20250629,20250630,A004,EQ0003,SV6,R020,WT1,P3,S4,52.59,38.73,False,False,CMMS,project_fact_ordenestrabajo_export.csv,2026-06-23T00:00:00,3314
WO003315,20250106,20250111,A005,EQ0016,SV2,R005,WT5,P3,S4,36.89,32.07,False,False,CMMS,project_fact_ordenestrabajo_export.csv,2026-06-23T00:00:00,3315
WO003316,20250612,,A003,EQ0025,SV2,R009,WT2,P2,S1,17.93,26.02,True,False,ERP,project_fact_ordenestrabajo_export.csv,2026-06-23T00:00:00,3316
WO003317,20250409,20250410,A004,EQ0012,SV4,R018,WT3,P1,S4,5.94,5.71,True,True,CMMS,project_fact_ordenestrabajo_export.csv,2026-06-23T00:00:00,3317
WO003318,20250528,,A001,EQ0026,SV1,R027,WT5,P3,S2,57.61,88.57,False,True,ERP,project_fact_ordenestrabajo_export.csv,2026-06-23T00:00:00,3318
WO003319,20250113,20250127,A005,EQ0023,SV1,R021,WT2,P4,S4,72.7,110.75,False,False,CMMS,project_fact_ordenestrabajo_export.csv,2026-06-23T00:00:00,3319
WO003320,20250102,20250112,A003,EQ0035,SV6,R022,WT1,P3,S4,59.93,78.77,False,False,ERP,project_fact_ordenestrabajo_export.csv,2026-06-23T00:00:00,3320
WO003321,20250629,,A001,EQ0010,SV7,R004,WT3,P1,S2,5.99,5.41,True,False,ERP,project_fact_ordenestrabajo_export.csv,2026-06-23T00:00:00,3321
WO003322,20250624,,A004,EQ0004,SV4,R025,WT3,P3,S3,61.15,75.32,False,False,ERP,project_fact_ordenestrabajo_export.csv,2026-06-23T00:00:00,3322
WO003323,20250225,20250302,A005,EQ0039,SV5,R015,WT1,P3,S4,29.85,38.33,False,False,CMMS,project_fact_ordenestrabajo_export.csv,2026-06-23T00:00:00,3323
WO003324,20250307,20250308,A004,EQ0008,SV4,R024,WT2,P1,S4,5.44,4.48,True,False,ServiceDesk,project_fact_ordenestrabajo_export.csv,2026-06-23T00:00:00,3324
WO003325,20250122,20250202,A004,EQ0029,SV5,R001,WT5,P3,S4,40.35,82.49,False,False,ServiceDesk,project_fact_ordenestrabajo_export.csv,2026-06-23T00:00:00,3325
WO003326,20250611,20250617,A004,EQ0003,SV1,R029,WT1,P2,S4,16.51,47.36,True,False,ERP,project_fact_ordenestrabajo_export.csv,2026-06-23T00:00:00,3326
WO003327,20250523,20250524,A005,EQ0021,SV4,R005,WT1,P1,S5,7.07,4.26,True,False,ServiceDesk,project_fact_ordenestrabajo_export.csv,2026-06-23T00:00:00,3327
WO003328,20250207,,A006,EQ0014,SV7,R005,WT2,P1,S2,5.44,6.94,True,False,ERP,project_fact_ordenestrabajo_export.csv,2026-06-23T00:00:00,3328
WO003329,20250615,20250621,A006,EQ0038,SV5,R002,WT1,P3,S4,35.7,43.6,False,False,ERP,project_fact_ordenestrabajo_export.csv,2026-06-23T00:00:00,3329
WO003330,20250615,20250619,A004,EQ0005,SV6,R020,WT1,P2,S4,12.7,24.96,True,False,CMMS,project_fact_ordenestrabajo_export.csv,2026-06-23T00:00:00,3330
WO003331,20250128,20250130,A003,EQ0025,SV4,R007,WT1,P2,S4,9.45,9.78,True,False,ServiceDesk,project_fact_ordenestrabajo_export.csv,2026-06-23T00:00:00,3331
WO003332,20250330,,A001,EQ0026,SV1,R030,WT4,P2,S2,18.28,37.06,True,False,CMMS,project_fact_ordenestrabajo_export.csv,2026-06-23T00:00:00,3332
WO003333,20250524,20250525,A003,EQ0040,SV6,R023,WT1,P1,S4,6.63,6.94,True,False,CMMS,project_fact_ordenestrabajo_export.csv,2026-06-23T00:00:00,3333
WO003334,20250406,20250408,A001,EQ0007,SV4,R022,WT4,P1,S4,5.03,8.98,True,False,ServiceDesk,project_fact_ordenestrabajo_export.csv,2026-06-23T00:00:00,3334
WO003335,20250401,20250504,A002,EQ0015,SV2,R003,WT2,P4,S4,106.4,257.25,False,False,ServiceDesk,project_fact_ordenestrabajo_export.csv,2026-06-23T00:00:00,3335
WO003336,20250110,20250114,A005,EQ0037,SV7,R023,WT2,P3,S4,27.16,27.29,False,False,ServiceDesk,project_fact_ordenestrabajo_export.csv,2026-06-23T00:00:00,3336
WO003337,20250313,20250316,A003,EQ0022,SV6,R002,WT4,P2,S4,17.52,22.44,True,False,CMMS,project_fact_ordenestrabajo_export.csv,2026-06-23T00:00:00,3337
WO003338,20250302,,A004,EQ0013,SV5,R008,WT1,P4,S2,42.2,50.09,False,False,ServiceDesk,project_fact_ordenestrabajo_export.csv,2026-06-23T00:00:00,3338
WO003339,20250201,20250204,A004,EQ0012,SV6,R008,WT3,P3,S4,27.48,21.73,False,False,ServiceDesk,project_fact_ordenestrabajo_export.csv,2026-06-23T00:00:00,3339
WO003340,20250508,,A001,EQ0010,SV1,R021,WT3,P3,S1,51.87,58.75,False,False,CMMS,project_fact_ordenestrabajo_export.csv,2026-06-23T00:00:00,3340
WO003341,20250216,20250218,A005,EQ0006,SV3,R011,WT5,P3,S4,47.68,14.87,False,True,ServiceDesk,project_fact_ordenestrabajo_export.csv,2026-06-23T00:00:00,3341
WO003342,20250526,20250603,A003,EQ0031,SV5,R004,WT2,P3,S4,25.84,62.16,False,False,ServiceDesk,project_fact_ordenestrabajo_export.csv,2026-06-23T00:00:00,3342
WO003343,20250628,20250630,A002,EQ0030,SV8,R002,WT2,P3,S5,30.11,38.03,False,False,ERP,project_fact_ordenestrabajo_export.csv,2026-06-23T00:00:00,3343
WO003344,20250525,20250527,A005,EQ0034,SV5,R019,WT6,P2,S4,10.98,8.63,True,False,CMMS,project_fact_ordenestrabajo_export.csv,2026-06-23T00:00:00,3344
WO003345,20250120,,A004,EQ0003,SV6,R012,WT2,P3,S2,54.58,42.07,False,False,ServiceDesk,project_fact_ordenestrabajo_export.csv,2026-06-23T00:00:00,3345
WO003346,20250508,20250519,A005,EQ0023,SV1,R009,WT3,P3,S4,60.85,82.88,False,True,ERP,project_fact_ordenestrabajo_export.csv,2026-06-23T00:00:00,3346
WO003347,20250502,20250504,A002,EQ0030,SV4,R015,WT2,P3,S4,25.53,11.01,False,False,ServiceDesk,project_fact_ordenestrabajo_export.csv,2026-06-23T00:00:00,3347
WO003348,20250205,20250216,A004,EQ0002,SV6,R030,WT6,P4,S4,76.6,85.93,False,True,ERP,project_fact_ordenestrabajo_export.csv,2026-06-23T00:00:00,3348
WO003349,20250615,20250617,A005,EQ0006,SV2,R018,WT3,P2,S4,14.5,15.89,True,False,ERP,project_fact_ordenestrabajo_export.csv,2026-06-23T00:00:00,3349
WO003350,20250210,20250215,A003,EQ0033,SV8,R006,WT6,P2,S5,20.29,32.43,True,False,ERP,project_fact_ordenestrabajo_export.csv,2026-06-23T00:00:00,3350
WO003351,20250321,,A004,EQ0004,SV3,R017,WT1,P4,S2,76.05,98.07,False,False,ServiceDesk,project_fact_ordenestrabajo_export.csv,2026-06-23T00:00:00,3351
WO003352,20250521,,A003,EQ0025,SV3,R019,WT2,P3,S2,28.12,44.6,False,False,ERP,project_fact_ordenestrabajo_export.csv,2026-06-23T00:00:00,3352
WO003353,20250417,,A001,EQ0028,SV6,R016,WT2,P2,S3,9.21,25.85,True,False,CMMS,project_fact_ordenestrabajo_export.csv,2026-06-23T00:00:00,3353
WO003354,20250602,,A004,EQ0003,SV7,R012,WT2,P1,S2,4.31,6.69,True,False,CMMS,project_fact_ordenestrabajo_export.csv,2026-06-23T00:00:00,3354
WO003355,20250218,20250228,A005,EQ0011,SV5,R022,WT6,P3,S4,63.75,79.95,False,False,CMMS,project_fact_ordenestrabajo_export.csv,2026-06-23T00:00:00,3355
WO003356,20250124,20250202,A004,EQ0013,SV1,R010,WT4,P4,S4,50.16,64.77,False,False,ERP,project_fact_ordenestrabajo_export.csv,2026-06-23T00:00:00,3356
WO003357,20250628,20250630,A005,EQ0023,SV4,R024,WT5,P2,S4,17.85,18.81,True,True,ServiceDesk,project_fact_ordenestrabajo_export.csv,2026-06-23T00:00:00,3357
WO003358,20250131,,A006,EQ0038,SV5,R023,WT1,P2,S2,11.87,8.71,True,False,ServiceDesk,project_fact_ordenestrabajo_export.csv,2026-06-23T00:00:00,3358
WO003359,20250425,20250518,A002,EQ0030,SV3,R010,WT6,P4,S4,95.7,180.74,False,True,ServiceDesk,project_fact_ordenestrabajo_export.csv,2026-06-23T00:00:00,3359
WO003360,20250507,20250509,A004,EQ0005,SV7,R028,WT3,P1,S4,6.69,8.58,True,False,CMMS,project_fact_ordenestrabajo_export.csv,2026-06-23T00:00:00,3360
WO003361,20250211,,A004,EQ0012,SV5,R029,WT3,P2,S2,17.31,17.35,True,True,ServiceDesk,project_fact_ordenestrabajo_export.csv,2026-06-23T00:00:00,3361
WO003362,20250530,20250603,A003,EQ0025,SV7,R026,WT1,P3,S4,39.55,26.18,False,False,ServiceDesk,project_fact_ordenestrabajo_export.csv,2026-06-23T00:00:00,3362
WO003363,20250130,20250208,A003,EQ0035,SV2,R024,WT5,P4,S4,70.93,69.53,False,False,CMMS,project_fact_ordenestrabajo_export.csv,2026-06-23T00:00:00,3363
WO003364,20250506,,A006,EQ0027,SV2,R001,WT2,P3,S2,57.38,117.95,False,False,ServiceDesk,project_fact_ordenestrabajo_export.csv,2026-06-23T00:00:00,3364
WO003365,20250225,,A001,EQ0020,SV2,R021,WT5,P1,S2,2.97,8.4,True,False,ServiceDesk,project_fact_ordenestrabajo_export.csv,2026-06-23T00:00:00,3365
WO003366,20250205,20250211,A003,EQ0040,SV2,R016,WT1,P3,S4,32.45,44.09,False,False,ServiceDesk,project_fact_ordenestrabajo_export.csv,2026-06-23T00:00:00,3366
WO003367,20250616,20250620,A001,EQ0028,SV1,R010,WT4,P4,S4,50.56,26.83,False,False,ServiceDesk,project_fact_ordenestrabajo_export.csv,2026-06-23T00:00:00,3367
WO003368,20250302,20250305,A004,EQ0003,SV1,R009,WT2,P2,S4,18.78,21.08,True,False,ERP,project_fact_ordenestrabajo_export.csv,2026-06-23T00:00:00,3368
WO003369,20250417,20250425,A002,EQ0015,SV5,R027,WT2,P4,S4,43.15,59.94,False,True,ServiceDesk,project_fact_ordenestrabajo_export.csv,2026-06-23T00:00:00,3369
WO003370,20250218,20250220,A001,EQ0028,SV8,R012,WT4,P1,S4,6.5,12.04,True,False,CMMS,project_fact_ordenestrabajo_export.csv,2026-06-23T00:00:00,3370
WO003371,20250109,,A004,EQ0008,SV3,R027,WT5,P4,S1,92.19,132.9,False,False,ServiceDesk,project_fact_ordenestrabajo_export.csv,2026-06-23T00:00:00,3371
WO003372,20250225,20250303,A005,EQ0032,SV2,R008,WT2,P3,S4,27.46,46.81,False,False,ServiceDesk,project_fact_ordenestrabajo_export.csv,2026-06-23T00:00:00,3372
WO003373,20250118,20250127,A006,EQ0038,SV7,R001,WT3,P4,S4,104.45,71.9,False,False,ServiceDesk,project_fact_ordenestrabajo_export.csv,2026-06-23T00:00:00,3373
WO003374,20250420,20250427,A006,EQ0019,SV4,R009,WT1,P3,S4,41.62,54.08,False,False,CMMS,project_fact_ordenestrabajo_export.csv,2026-06-23T00:00:00,3374
WO003375,20250320,20250327,A005,EQ0017,SV6,R009,WT1,P3,S4,34.86,48.18,False,False,CMMS,project_fact_ordenestrabajo_export.csv,2026-06-23T00:00:00,3375
WO003376,20250526,,A001,EQ0020,SV5,R010,WT1,P4,S2,102.66,142.9,False,False,CMMS,project_fact_ordenestrabajo_export.csv,2026-06-23T00:00:00,3376
WO003377,20250616,,A003,EQ0025,SV8,R012,WT2,P3,S1,27.03,21.08,False,True,CMMS,project_fact_ordenestrabajo_export.csv,2026-06-23T00:00:00,3377
WO003378,20250503,20250504,A004,EQ0012,SV7,R001,WT2,P1,S4,4.01,5.46,True,False,ServiceDesk,project_fact_ordenestrabajo_export.csv,2026-06-23T00:00:00,3378
WO003379,20250510,20250512,A005,EQ0011,SV5,R022,WT1,P2,S4,17.2,12.04,True,False,CMMS,project_fact_ordenestrabajo_export.csv,2026-06-23T00:00:00,3379
WO003380,20250426,,A004,EQ0002,SV8,R022,WT3,P2,S3,18.59,27.5,True,False,ERP,project_fact_ordenestrabajo_export.csv,2026-06-23T00:00:00,3380
WO003381,20250321,,A006,EQ0038,SV5,R008,WT1,P2,S1,14.45,14.73,True,False,ERP,project_fact_ordenestrabajo_export.csv,2026-06-23T00:00:00,3381
WO003382,20250623,20250630,A005,EQ0037,SV1,R004,WT6,P3,S4,51.37,52.97,False,False,ServiceDesk,project_fact_ordenestrabajo_export.csv,2026-06-23T00:00:00,3382
WO003383,20250226,20250227,A001,EQ0028,SV4,R012,WT2,P1,S4,6.6,4.46,True,False,ERP,project_fact_ordenestrabajo_export.csv,2026-06-23T00:00:00,3383
WO003384,20250129,20250204,A004,EQ0013,SV6,R022,WT2,P3,S4,48.75,41.4,False,False,CMMS,project_fact_ordenestrabajo_export.csv,2026-06-23T00:00:00,3384
WO003385,20250603,20250606,A005,EQ0016,SV7,R020,WT1,P2,S4,10.76,18.6,True,False,ServiceDesk,project_fact_ordenestrabajo_export.csv,2026-06-23T00:00:00,3385
WO003386,20250529,,A006,EQ0019,SV1,R009,WT1,P4,S3,105.93,113.51,False,False,ServiceDesk,project_fact_ordenestrabajo_export.csv,2026-06-23T00:00:00,3386
WO003387,20250406,20250408,A002,EQ0015,SV1,R022,WT1,P2,S4,19.13,13.25,True,False,ERP,project_fact_ordenestrabajo_export.csv,2026-06-23T00:00:00,3387
WO003388,20250128,20250204,A004,EQ0008,SV8,R022,WT5,P3,S4,51.76,51.04,False,False,ServiceDesk,project_fact_ordenestrabajo_export.csv,2026-06-23T00:00:00,3388
WO003389,20250614,20250621,A005,EQ0011,SV7,R008,WT3,P4,S4,65.58,54.78,False,False,ERP,project_fact_ordenestrabajo_export.csv,2026-06-23T00:00:00,3389
WO003390,20250507,20250513,A002,EQ0030,SV5,R005,WT1,P4,S5,62.12,42.3,False,False,CMMS,project_fact_ordenestrabajo_export.csv,2026-06-23T00:00:00,3390
WO003391,20250207,20250215,A005,EQ0039,SV8,R006,WT2,P3,S4,44.07,62.37,False,False,ERP,project_fact_ordenestrabajo_export.csv,2026-06-23T00:00:00,3391
WO003392,20250504,,A004,EQ0029,SV6,R009,WT6,P2,S2,15.8,18.74,True,False,ServiceDesk,project_fact_ordenestrabajo_export.csv,2026-06-23T00:00:00,3392
WO003393,20250418,,A001,EQ0026,SV6,R020,WT6,P1,S2,4.37,5.65,True,False,ERP,project_fact_ordenestrabajo_export.csv,2026-06-23T00:00:00,3393
WO003394,20250401,,A004,EQ0029,SV2,R014,WT1,P2,S1,20.55,49.9,True,False,ServiceDesk,project_fact_ordenestrabajo_export.csv,2026-06-23T00:00:00,3394
WO003395,20250609,,A005,EQ0032,SV3,R005,WT1,P3,S2,38.75,126.16,False,False,ServiceDesk,project_fact_ordenestrabajo_export.csv,2026-06-23T00:00:00,3395
WO003396,20250221,,A001,EQ0028,SV3,R020,WT1,P4,S3,55.71,86.98,False,True,ServiceDesk,project_fact_ordenestrabajo_export.csv,2026-06-23T00:00:00,3396
WO003397,20250527,20250610,A003,EQ0040,SV2,R027,WT3,P4,S4,87.51,107.35,False,False,ServiceDesk,project_fact_ordenestrabajo_export.csv,2026-06-23T00:00:00,3397
WO003398,20250303,20250319,A004,EQ0005,SV6,R009,WT1,P4,S4,107.4,120.53,False,False,ServiceDesk,project_fact_ordenestrabajo_export.csv,2026-06-23T00:00:00,3398
WO003399,20250130,20250208,A006,EQ0014,SV3,R011,WT3,P4,S4,91.22,67.93,False,False,ERP,project_fact_ordenestrabajo_export.csv,2026-06-23T00:00:00,3399
WO003400,20250107,,A004,EQ0002,SV5,R011,WT4,P3,S2,27.4,15.65,False,False,ServiceDesk,project_fact_ordenestrabajo_export.csv,2026-06-23T00:00:00,3400
WO003401,20250607,20250618,A005,EQ0034,SV4,R021,WT3,P3,S4,63.84,83.26,False,False,ServiceDesk,project_fact_ordenestrabajo_export.csv,2026-06-23T00:00:00,3401
WO003402,20250404,20250410,A005,EQ0016,SV3,R011,WT6,P3,S4,57.16,46.81,False,False,ERP,project_fact_ordenestrabajo_export.csv,2026-06-23T00:00:00,3402
WO003403,20250107,,A004,EQ0008,SV3,R012,WT5,P2,S3,11.51,12.28,True,False,CMMS,project_fact_ordenestrabajo_export.csv,2026-06-23T00:00:00,3403
WO003404,20250503,,A004,EQ0029,SV4,R009,WT1,P2,S2,19.57,13.61,True,False,CMMS,project_fact_ordenestrabajo_export.csv,2026-06-23T00:00:00,3404
WO003405,20250202,20250204,A003,EQ0001,SV4,R029,WT2,P2,S4,9.94,12.45,True,False,ERP,project_fact_ordenestrabajo_export.csv,2026-06-23T00:00:00,3405
WO003406,20250113,20250117,A001,EQ0020,SV5,R030,WT2,P2,S4,18.99,29.11,True,False,ServiceDesk,project_fact_ordenestrabajo_export.csv,2026-06-23T00:00:00,3406
WO003407,20250219,20250226,A003,EQ0035,SV8,R027,WT1,P4,S4,49.68,48.2,False,False,ServiceDesk,project_fact_ordenestrabajo_export.csv,2026-06-23T00:00:00,3407
WO003408,20250115,20250118,A003,EQ0001,SV2,R030,WT2,P2,S4,12.76,19.17,True,False,ERP,project_fact_ordenestrabajo_export.csv,2026-06-23T00:00:00,3408
WO003409,20250406,20250412,A001,EQ0020,SV2,R029,WT2,P3,S4,60.66,47.6,False,False,CMMS,project_fact_ordenestrabajo_export.csv,2026-06-23T00:00:00,3409
WO003410,20250219,20250220,A005,EQ0009,SV8,R006,WT6,P1,S4,4.71,6.28,True,False,CMMS,project_fact_ordenestrabajo_export.csv,2026-06-23T00:00:00,3410
WO003411,20250116,20250124,A003,EQ0022,SV7,R011,WT2,P3,S4,40.7,59.23,False,False,CMMS,project_fact_ordenestrabajo_export.csv,2026-06-23T00:00:00,3411
WO003412,20250226,,A005,EQ0016,SV1,R030,WT1,P2,S3,18.8,20.72,True,False,ERP,project_fact_ordenestrabajo_export.csv,2026-06-23T00:00:00,3412
WO003413,20250203,20250207,A002,EQ0030,SV8,R015,WT1,P3,S4,38.15,27.01,False,False,ServiceDesk,project_fact_ordenestrabajo_export.csv,2026-06-23T00:00:00,3413
WO003414,20250531,,A005,EQ0018,SV4,R030,WT4,P2,S3,11.07,6.97,True,False,ServiceDesk,project_fact_ordenestrabajo_export.csv,2026-06-23T00:00:00,3414
WO003415,20250217,,A005,EQ0032,SV5,R005,WT1,P3,S2,42.66,53.83,False,False,CMMS,project_fact_ordenestrabajo_export.csv,2026-06-23T00:00:00,3415
WO003416,20250612,20250616,A004,EQ0002,SV7,R017,WT3,P2,S4,12.73,31.44,True,True,ServiceDesk,project_fact_ordenestrabajo_export.csv,2026-06-23T00:00:00,3416
WO003417,20250202,,A001,EQ0028,SV2,R016,WT2,P2,S1,15.29,18.95,True,False,CMMS,project_fact_ordenestrabajo_export.csv,2026-06-23T00:00:00,3417
WO003418,20250604,,A003,EQ0040,SV1,R015,WT1,P3,S2,58.99,44.73,False,False,ServiceDesk,project_fact_ordenestrabajo_export.csv,2026-06-23T00:00:00,3418
WO003419,20250122,,A005,EQ0037,SV1,R021,WT2,P2,S2,10.7,7.13,True,False,CMMS,project_fact_ordenestrabajo_export.csv,2026-06-23T00:00:00,3419
WO003420,20250501,20250506,A001,EQ0028,SV3,R018,WT6,P2,S4,18.29,36.81,True,False,ServiceDesk,project_fact_ordenestrabajo_export.csv,2026-06-23T00:00:00,3420
WO003421,20250102,20250203,A005,EQ0037,SV8,R004,WT2,P3,S4,60.34,253.78,False,False,CMMS,project_fact_ordenestrabajo_export.csv,2026-06-23T00:00:00,3421
WO003422,20250624,20250630,A004,EQ0029,SV3,R011,WT2,P3,S4,54.11,49.66,False,False,CMMS,project_fact_ordenestrabajo_export.csv,2026-06-23T00:00:00,3422
WO003423,20250523,20250604,A005,EQ0032,SV8,R026,WT2,P4,S4,94.7,88.13,False,False,ERP,project_fact_ordenestrabajo_export.csv,2026-06-23T00:00:00,3423
WO003424,20250511,20250515,A005,EQ0011,SV3,R004,WT6,P2,S4,19.05,24.88,True,False,CMMS,project_fact_ordenestrabajo_export.csv,2026-06-23T00:00:00,3424
WO003425,20250528,20250604,A005,EQ0039,SV1,R017,WT2,P4,S4,91.08,50.35,False,False,ERP,project_fact_ordenestrabajo_export.csv,2026-06-23T00:00:00,3425
WO003426,20250215,20250220,A006,EQ0019,SV1,R008,WT3,P3,S5,40.04,33.28,False,False,ServiceDesk,project_fact_ordenestrabajo_export.csv,2026-06-23T00:00:00,3426
WO003427,20250429,20250502,A003,EQ0033,SV1,R012,WT2,P3,S4,26.36,16.47,False,False,CMMS,project_fact_ordenestrabajo_export.csv,2026-06-23T00:00:00,3427
WO003428,20250324,,A005,EQ0011,SV8,R011,WT5,P3,S2,38.43,33.42,False,False,CMMS,project_fact_ordenestrabajo_export.csv,2026-06-23T00:00:00,3428
WO003429,20250525,20250531,A006,EQ0038,SV1,R001,WT6,P3,S4,46.88,43.71,False,False,ERP,project_fact_ordenestrabajo_export.csv,2026-06-23T00:00:00,3429
WO003430,20250527,,A006,EQ0014,SV6,R011,WT1,P2,S1,15.92,21.83,True,False,CMMS,project_fact_ordenestrabajo_export.csv,2026-06-23T00:00:00,3430
WO003431,20250603,20250608,A003,EQ0035,SV4,R004,WT4,P3,S4,38.93,39.93,False,False,ERP,project_fact_ordenestrabajo_export.csv,2026-06-23T00:00:00,3431
WO003432,20250601,,A006,EQ0024,SV6,R002,WT2,P3,S3,46.87,34.17,False,False,ERP,project_fact_ordenestrabajo_export.csv,2026-06-23T00:00:00,3432
WO003433,20250520,20250605,A001,EQ0020,SV1,R024,WT2,P3,S4,33.09,125.75,False,False,ERP,project_fact_ordenestrabajo_export.csv,2026-06-23T00:00:00,3433
WO003434,20250424,20250506,A001,EQ0026,SV6,R021,WT2,P3,S4,44.55,90.59,False,True,ERP,project_fact_ordenestrabajo_export.csv,2026-06-23T00:00:00,3434
WO003435,20250419,20250501,A001,EQ0010,SV2,R027,WT3,P3,S4,52.88,95.25,False,False,ServiceDesk,project_fact_ordenestrabajo_export.csv,2026-06-23T00:00:00,3435
WO003436,20250322,,A005,EQ0018,SV7,R003,WT2,P2,S1,8.6,6.24,True,False,CMMS,project_fact_ordenestrabajo_export.csv,2026-06-23T00:00:00,3436
WO003437,20250517,20250521,A005,EQ0017,SV5,R017,WT6,P3,S4,25.83,27.61,False,False,ERP,project_fact_ordenestrabajo_export.csv,2026-06-23T00:00:00,3437
WO003438,20250609,,A006,EQ0027,SV7,R017,WT2,P1,S2,6.34,6.94,True,False,ERP,project_fact_ordenestrabajo_export.csv,2026-06-23T00:00:00,3438
WO003439,20250424,20250502,A002,EQ0030,SV7,R014,WT6,P4,S4,57.99,58.92,False,False,CMMS,project_fact_ordenestrabajo_export.csv,2026-06-23T00:00:00,3439
WO003440,20250525,,A005,EQ0009,SV2,R028,WT2,P3,S3,26.78,75.0,False,False,ServiceDesk,project_fact_ordenestrabajo_export.csv,2026-06-23T00:00:00,3440
WO003441,20250213,20250214,A003,EQ0033,SV2,R020,WT6,P1,S4,3.65,5.47,True,False,CMMS,project_fact_ordenestrabajo_export.csv,2026-06-23T00:00:00,3441
WO003442,20250115,,A001,EQ0007,SV1,R019,WT2,P2,S2,14.49,37.26,True,False,CMMS,project_fact_ordenestrabajo_export.csv,2026-06-23T00:00:00,3442
WO003443,20250101,,A003,EQ0025,SV3,R017,WT1,P1,S1,2.9,1.75,True,False,ERP,project_fact_ordenestrabajo_export.csv,2026-06-23T00:00:00,3443
WO003444,20250531,,A006,EQ0027,SV7,R022,WT2,P3,S2,27.83,44.02,False,False,ERP,project_fact_ordenestrabajo_export.csv,2026-06-23T00:00:00,3444
WO003445,20250406,20250407,A001,EQ0026,SV7,R029,WT6,P1,S5,6.44,5.8,True,False,ServiceDesk,project_fact_ordenestrabajo_export.csv,2026-06-23T00:00:00,3445
WO003446,20250120,20250126,A005,EQ0009,SV7,R030,WT1,P3,S5,29.62,46.07,False,False,ServiceDesk,project_fact_ordenestrabajo_export.csv,2026-06-23T00:00:00,3446
WO003447,20250520,20250521,A004,EQ0004,SV2,R025,WT3,P1,S4,3.5,2.68,True,False,CMMS,project_fact_ordenestrabajo_export.csv,2026-06-23T00:00:00,3447
WO003448,20250104,20250114,A006,EQ0038,SV6,R008,WT2,P3,S4,45.74,74.18,False,False,ServiceDesk,project_fact_ordenestrabajo_export.csv,2026-06-23T00:00:00,3448
WO003449,20250328,20250406,A005,EQ0023,SV1,R028,WT4,P3,S4,54.52,71.07,False,False,ERP,project_fact_ordenestrabajo_export.csv,2026-06-23T00:00:00,3449
WO003450,20250328,,A006,EQ0024,SV2,R012,WT2,P2,S3,10.22,13.42,True,False,ServiceDesk,project_fact_ordenestrabajo_export.csv,2026-06-23T00:00:00,3450
WO003451,20250513,,A003,EQ0001,SV7,R021,WT4,P3,S2,46.31,24.98,False,False,ServiceDesk,project_fact_ordenestrabajo_export.csv,2026-06-23T00:00:00,3451
WO003452,20250129,20250202,A005,EQ0023,SV6,R006,WT2,P3,S4,33.22,29.91,False,False,CMMS,project_fact_ordenestrabajo_export.csv,2026-06-23T00:00:00,3452
WO003453,20250303,20250314,A004,EQ0004,SV6,R029,WT6,P4,S4,50.32,82.75,False,False,CMMS,project_fact_ordenestrabajo_export.csv,2026-06-23T00:00:00,3453
WO003454,20250414,,A006,EQ0027,SV6,R012,WT2,P3,S3,26.44,69.09,False,False,ERP,project_fact_ordenestrabajo_export.csv,2026-06-23T00:00:00,3454
WO003455,20250205,,A005,EQ0032,SV6,R022,WT3,P4,S3,70.44,77.79,False,False,ERP,project_fact_ordenestrabajo_export.csv,2026-06-23T00:00:00,3455
WO003456,20250208,20250217,A005,EQ0021,SV4,R020,WT2,P2,S4,18.21,66.13,True,False,ServiceDesk,project_fact_ordenestrabajo_export.csv,2026-06-23T00:00:00,3456
WO003457,20250117,20250203,A003,EQ0035,SV2,R025,WT3,P4,S4,88.92,133.4,False,True,ERP,project_fact_ordenestrabajo_export.csv,2026-06-23T00:00:00,3457
WO003458,20250524,20250605,A004,EQ0029,SV2,R015,WT2,P4,S4,86.18,92.55,False,True,ERP,project_fact_ordenestrabajo_export.csv,2026-06-23T00:00:00,3458
WO003459,20250318,20250326,A001,EQ0020,SV6,R003,WT3,P3,S4,40.86,62.34,False,False,ERP,project_fact_ordenestrabajo_export.csv,2026-06-23T00:00:00,3459
WO003460,20250331,,A004,EQ0013,SV3,R025,WT2,P2,S2,20.25,19.67,True,False,CMMS,project_fact_ordenestrabajo_export.csv,2026-06-23T00:00:00,3460
WO003461,20250130,,A005,EQ0037,SV3,R010,WT6,P3,S1,25.88,19.91,False,True,CMMS,project_fact_ordenestrabajo_export.csv,2026-06-23T00:00:00,3461
WO003462,20250627,20250630,A005,EQ0037,SV5,R013,WT4,P3,S4,43.2,29.99,False,False,ERP,project_fact_ordenestrabajo_export.csv,2026-06-23T00:00:00,3462
WO003463,20250521,20250527,A006,EQ0019,SV3,R005,WT2,P3,S4,58.55,44.65,False,False,CMMS,project_fact_ordenestrabajo_export.csv,2026-06-23T00:00:00,3463
WO003464,20250129,20250205,A005,EQ0034,SV4,R008,WT1,P4,S4,58.39,48.32,False,False,CMMS,project_fact_ordenestrabajo_export.csv,2026-06-23T00:00:00,3464
WO003465,20250226,,A001,EQ0026,SV5,R018,WT6,P1,S2,4.82,8.0,True,False,CMMS,project_fact_ordenestrabajo_export.csv,2026-06-23T00:00:00,3465
WO003466,20250503,20250512,A005,EQ0009,SV7,R029,WT2,P4,S4,50.72,64.38,False,True,ERP,project_fact_ordenestrabajo_export.csv,2026-06-23T00:00:00,3466
WO003467,20250324,,A001,EQ0007,SV8,R025,WT6,P1,S2,4.94,6.24,True,False,ERP,project_fact_ordenestrabajo_export.csv,2026-06-23T00:00:00,3467
WO003468,20250522,20250528,A006,EQ0019,SV3,R004,WT2,P3,S4,48.76,43.34,False,False,ServiceDesk,project_fact_ordenestrabajo_export.csv,2026-06-23T00:00:00,3468
WO003469,20250512,20250514,A005,EQ0016,SV4,R005,WT1,P2,S5,10.4,14.52,True,False,ServiceDesk,project_fact_ordenestrabajo_export.csv,2026-06-23T00:00:00,3469
WO003470,20250121,20250129,A001,EQ0026,SV6,R004,WT6,P3,S4,35.3,58.38,False,True,CMMS,project_fact_ordenestrabajo_export.csv,2026-06-23T00:00:00,3470
WO003471,20250406,,A002,EQ0036,SV5,R015,WT1,P3,S3,30.26,31.73,False,False,ERP,project_fact_ordenestrabajo_export.csv,2026-06-23T00:00:00,3471
WO003472,20250511,20250515,A004,EQ0003,SV6,R015,WT4,P2,S4,20.06,31.7,True,False,ServiceDesk,project_fact_ordenestrabajo_export.csv,2026-06-23T00:00:00,3472
WO003473,20250215,20250216,A002,EQ0036,SV6,R021,WT1,P1,S4,3.47,3.78,True,False,CMMS,project_fact_ordenestrabajo_export.csv,2026-06-23T00:00:00,3473
WO003474,20250602,20250605,A003,EQ0001,SV1,R005,WT1,P2,S4,11.77,22.26,True,False,CMMS,project_fact_ordenestrabajo_export.csv,2026-06-23T00:00:00,3474
WO003475,20250225,20250303,A002,EQ0036,SV8,R008,WT2,P3,S4,41.38,43.36,False,True,ERP,project_fact_ordenestrabajo_export.csv,2026-06-23T00:00:00,3475
WO003476,20250529,20250530,A003,EQ0022,SV5,R022,WT6,P1,S4,4.9,5.62,True,True,ERP,project_fact_ordenestrabajo_export.csv,2026-06-23T00:00:00,3476
WO003477,20250625,,A005,EQ0006,SV5,R024,WT1,P4,S2,79.67,88.15,False,False,ERP,project_fact_ordenestrabajo_export.csv,2026-06-23T00:00:00,3477
WO003478,20250422,20250424,A006,EQ0038,SV1,R010,WT6,P2,S4,14.27,9.18,True,False,ServiceDesk,project_fact_ordenestrabajo_export.csv,2026-06-23T00:00:00,3478
WO003479,20250514,,A003,EQ0035,SV1,R003,WT1,P1,S1,4.93,10.87,True,False,ERP,project_fact_ordenestrabajo_export.csv,2026-06-23T00:00:00,3479
WO003480,20250324,,A005,EQ0016,SV1,R012,WT2,P2,S2,14.81,23.38,True,False,ServiceDesk,project_fact_ordenestrabajo_export.csv,2026-06-23T00:00:00,3480
WO003481,20250611,20250613,A001,EQ0028,SV1,R024,WT2,P2,S4,11.01,12.79,True,False,ERP,project_fact_ordenestrabajo_export.csv,2026-06-23T00:00:00,3481
WO003482,20250114,20250118,A001,EQ0010,SV5,R029,WT2,P2,S4,13.34,24.67,True,False,ERP,project_fact_ordenestrabajo_export.csv,2026-06-23T00:00:00,3482
WO003483,20250417,20250418,A003,EQ0022,SV8,R013,WT1,P1,S4,7.19,5.21,True,False,ServiceDesk,project_fact_ordenestrabajo_export.csv,2026-06-23T00:00:00,3483
WO003484,20250106,20250115,A001,EQ0007,SV2,R023,WT3,P3,S4,35.09,69.41,False,False,ServiceDesk,project_fact_ordenestrabajo_export.csv,2026-06-23T00:00:00,3484
WO003485,20250111,20250113,A005,EQ0021,SV8,R012,WT1,P2,S4,15.93,10.94,True,False,ERP,project_fact_ordenestrabajo_export.csv,2026-06-23T00:00:00,3485
WO003486,20250116,20250126,A005,EQ0011,SV8,R021,WT2,P4,S4,47.85,74.1,False,False,ServiceDesk,project_fact_ordenestrabajo_export.csv,2026-06-23T00:00:00,3486
WO003487,20250614,20250616,A004,EQ0008,SV8,R001,WT5,P2,S5,17.72,14.51,True,False,ERP,project_fact_ordenestrabajo_export.csv,2026-06-23T00:00:00,3487
WO003488,20250511,,A005,EQ0018,SV6,R022,WT2,P2,S2,10.75,8.47,True,False,ServiceDesk,project_fact_ordenestrabajo_export.csv,2026-06-23T00:00:00,3488
WO003489,20250125,20250127,A004,EQ0004,SV1,R004,WT3,P1,S4,6.53,11.2,True,False,CMMS,project_fact_ordenestrabajo_export.csv,2026-06-23T00:00:00,3489
WO003490,20250127,,A004,EQ0002,SV5,R018,WT2,P3,S2,60.94,46.1,False,False,CMMS,project_fact_ordenestrabajo_export.csv,2026-06-23T00:00:00,3490
WO003491,20250415,20250505,A004,EQ0003,SV7,R005,WT2,P4,S4,103.6,158.82,False,True,ERP,project_fact_ordenestrabajo_export.csv,2026-06-23T00:00:00,3491
WO003492,20250627,20250630,A001,EQ0026,SV7,R007,WT6,P3,S4,33.41,40.83,False,False,CMMS,project_fact_ordenestrabajo_export.csv,2026-06-23T00:00:00,3492
WO003493,20250410,,A003,EQ0025,SV4,R022,WT2,P2,S3,16.35,29.12,True,False,CMMS,project_fact_ordenestrabajo_export.csv,2026-06-23T00:00:00,3493
WO003494,20250110,20250113,A005,EQ0034,SV4,R008,WT3,P2,S4,16.21,23.44,True,False,ERP,project_fact_ordenestrabajo_export.csv,2026-06-23T00:00:00,3494
WO003495,20250403,,A003,EQ0031,SV2,R021,WT1,P3,S2,52.06,13.42,False,False,ERP,project_fact_ordenestrabajo_export.csv,2026-06-23T00:00:00,3495
WO003496,20250612,20250619,A005,EQ0021,SV4,R012,WT1,P3,S4,31.37,53.22,False,True,CMMS,project_fact_ordenestrabajo_export.csv,2026-06-23T00:00:00,3496
WO003497,20250117,,A005,EQ0034,SV5,R001,WT6,P2,S2,17.2,24.27,True,False,CMMS,project_fact_ordenestrabajo_export.csv,2026-06-23T00:00:00,3497
WO003498,20250301,20250305,A006,EQ0014,SV5,R005,WT1,P2,S4,13.1,29.04,True,False,ERP,project_fact_ordenestrabajo_export.csv,2026-06-23T00:00:00,3498
WO003499,20250223,20250301,A005,EQ0032,SV5,R006,WT3,P3,S4,39.62,40.25,False,False,ERP,project_fact_ordenestrabajo_export.csv,2026-06-23T00:00:00,3499
WO003500,20250630,20250630,A003,EQ0031,SV8,R011,WT2,P3,S4,38.71,21.83,False,True,CMMS,project_fact_ordenestrabajo_export.csv,2026-06-23T00:00:00,3500
WO003501,20250414,,A005,EQ0032,SV4,R021,WT2,P2,S1,12.93,30.1,True,False,CMMS,project_fact_ordenestrabajo_export.csv,2026-06-23T00:00:00,3501
WO003502,20250114,20250125,A002,EQ0015,SV4,R001,WT1,P3,S4,61.96,87.21,False,False,CMMS,project_fact_ordenestrabajo_export.csv,2026-06-23T00:00:00,3502
WO003503,20250225,,A003,EQ0040,SV3,R012,WT2,P2,S1,17.27,14.31,True,False,ServiceDesk,project_fact_ordenestrabajo_export.csv,2026-06-23T00:00:00,3503
WO003504,20250403,,A005,EQ0017,SV5,R006,WT1,P4,S2,62.15,54.15,False,False,CMMS,project_fact_ordenestrabajo_export.csv,2026-06-23T00:00:00,3504
WO003505,20250222,,A001,EQ0007,SV8,R001,WT3,P3,S1,57.99,47.66,False,False,CMMS,project_fact_ordenestrabajo_export.csv,2026-06-23T00:00:00,3505
WO003506,20250513,,A002,EQ0036,SV6,R008,WT6,P3,S2,63.5,118.59,False,False,CMMS,project_fact_ordenestrabajo_export.csv,2026-06-23T00:00:00,3506
WO003507,20250402,,A004,EQ0005,SV6,R027,WT2,P4,S3,82.65,141.7,False,True,ERP,project_fact_ordenestrabajo_export.csv,2026-06-23T00:00:00,3507
WO003508,20250212,,A004,EQ0029,SV3,R026,WT2,P3,S3,59.91,72.64,False,False,ERP,project_fact_ordenestrabajo_export.csv,2026-06-23T00:00:00,3508
WO003509,20250215,20250222,A006,EQ0024,SV5,R015,WT4,P3,S4,53.96,55.73,False,False,ERP,project_fact_ordenestrabajo_export.csv,2026-06-23T00:00:00,3509
WO003510,20250603,20250606,A005,EQ0021,SV4,R008,WT3,P2,S4,16.03,20.72,True,False,ERP,project_fact_ordenestrabajo_export.csv,2026-06-23T00:00:00,3510
WO003511,20250327,20250401,A003,EQ0035,SV6,R001,WT2,P3,S4,55.36,36.51,False,False,ERP,project_fact_ordenestrabajo_export.csv,2026-06-23T00:00:00,3511
WO003512,20250215,,A003,EQ0022,SV7,R019,WT3,P2,S3,13.91,31.97,True,True,ServiceDesk,project_fact_ordenestrabajo_export.csv,2026-06-23T00:00:00,3512
WO003513,20250106,20250108,A006,EQ0014,SV7,R003,WT1,P2,S4,20.4,13.51,True,False,ERP,project_fact_ordenestrabajo_export.csv,2026-06-23T00:00:00,3513
WO003514,20250505,20250506,A003,EQ0022,SV3,R014,WT6,P1,S4,6.69,4.47,True,False,ERP,project_fact_ordenestrabajo_export.csv,2026-06-23T00:00:00,3514
WO003515,20250412,20250418,A004,EQ0029,SV1,R021,WT6,P2,S4,19.71,41.84,True,False,CMMS,project_fact_ordenestrabajo_export.csv,2026-06-23T00:00:00,3515
WO003516,20250225,20250303,A004,EQ0008,SV8,R016,WT1,P3,S4,33.13,42.31,False,False,CMMS,project_fact_ordenestrabajo_export.csv,2026-06-23T00:00:00,3516
WO003517,20250629,20250630,A005,EQ0039,SV2,R005,WT1,P2,S4,12.28,16.54,True,False,ERP,project_fact_ordenestrabajo_export.csv,2026-06-23T00:00:00,3517
WO003518,20250619,,A002,EQ0030,SV5,R007,WT1,P3,S2,31.56,46.05,False,False,ServiceDesk,project_fact_ordenestrabajo_export.csv,2026-06-23T00:00:00,3518
WO003519,20250327,20250331,A003,EQ0001,SV6,R030,WT1,P2,S4,21.57,24.41,True,True,CMMS,project_fact_ordenestrabajo_export.csv,2026-06-23T00:00:00,3519
WO003520,20250219,20250220,A001,EQ0026,SV4,R020,WT2,P1,S4,5.32,7.2,True,False,ERP,project_fact_ordenestrabajo_export.csv,2026-06-23T00:00:00,3520
WO003521,20250107,20250109,A003,EQ0035,SV8,R029,WT2,P2,S4,19.41,15.55,True,False,ERP,project_fact_ordenestrabajo_export.csv,2026-06-23T00:00:00,3521
WO003522,20250418,,A006,EQ0019,SV6,R009,WT4,P3,S1,54.54,40.75,False,False,ServiceDesk,project_fact_ordenestrabajo_export.csv,2026-06-23T00:00:00,3522
WO003523,20250331,,A003,EQ0040,SV6,R002,WT2,P2,S2,14.85,42.83,True,False,ServiceDesk,project_fact_ordenestrabajo_export.csv,2026-06-23T00:00:00,3523
WO003524,20250126,20250130,A002,EQ0015,SV8,R014,WT3,P2,S4,17.4,28.72,True,False,ServiceDesk,project_fact_ordenestrabajo_export.csv,2026-06-23T00:00:00,3524
WO003525,20250410,20250512,A001,EQ0028,SV8,R007,WT6,P4,S4,77.99,252.54,False,False,ERP,project_fact_ordenestrabajo_export.csv,2026-06-23T00:00:00,3525
WO003526,20250414,,A004,EQ0003,SV7,R002,WT5,P1,S2,5.3,6.57,True,False,ERP,project_fact_ordenestrabajo_export.csv,2026-06-23T00:00:00,3526
WO003527,20250308,,A001,EQ0010,SV5,R019,WT5,P2,S1,17.64,15.39,True,False,CMMS,project_fact_ordenestrabajo_export.csv,2026-06-23T00:00:00,3527
WO003528,20250512,20250609,A001,EQ0007,SV6,R012,WT2,P4,S4,107.34,218.32,False,False,ServiceDesk,project_fact_ordenestrabajo_export.csv,2026-06-23T00:00:00,3528
WO003529,20250104,20250110,A004,EQ0013,SV1,R001,WT2,P3,S4,58.02,41.15,False,False,ERP,project_fact_ordenestrabajo_export.csv,2026-06-23T00:00:00,3529
WO003530,20250314,20250321,A003,EQ0033,SV5,R006,WT2,P3,S4,61.15,50.93,False,False,ERP,project_fact_ordenestrabajo_export.csv,2026-06-23T00:00:00,3530
WO003531,20250515,20250519,A003,EQ0033,SV2,R029,WT6,P3,S4,34.73,25.94,False,False,ServiceDesk,project_fact_ordenestrabajo_export.csv,2026-06-23T00:00:00,3531
WO003532,20250203,20250225,A001,EQ0007,SV6,R007,WT2,P3,S4,58.38,169.36,False,False,ERP,project_fact_ordenestrabajo_export.csv,2026-06-23T00:00:00,3532
WO003533,20250607,20250609,A001,EQ0007,SV6,R010,WT3,P1,S4,6.01,10.64,True,True,ERP,project_fact_ordenestrabajo_export.csv,2026-06-23T00:00:00,3533
WO003534,20250604,20250606,A004,EQ0029,SV7,R002,WT1,P2,S4,13.78,13.48,True,False,ServiceDesk,project_fact_ordenestrabajo_export.csv,2026-06-23T00:00:00,3534
WO003535,20250621,,A003,EQ0035,SV2,R026,WT4,P3,S2,62.98,45.12,False,False,ERP,project_fact_ordenestrabajo_export.csv,2026-06-23T00:00:00,3535
WO003536,20250128,,A006,EQ0019,SV6,R017,WT1,P3,S2,50.83,31.28,False,False,ServiceDesk,project_fact_ordenestrabajo_export.csv,2026-06-23T00:00:00,3536
WO003537,20250130,20250206,A005,EQ0039,SV4,R020,WT1,P2,S4,20.05,50.07,True,False,ServiceDesk,project_fact_ordenestrabajo_export.csv,2026-06-23T00:00:00,3537
WO003538,20250220,,A003,EQ0031,SV7,R028,WT6,P3,S2,62.74,103.01,False,False,ServiceDesk,project_fact_ordenestrabajo_export.csv,2026-06-23T00:00:00,3538
WO003539,20250515,,A006,EQ0019,SV7,R002,WT6,P3,S2,41.95,47.1,False,False,ServiceDesk,project_fact_ordenestrabajo_export.csv,2026-06-23T00:00:00,3539
WO003540,20250211,20250215,A004,EQ0029,SV5,R018,WT2,P2,S4,18.66,25.78,True,False,ERP,project_fact_ordenestrabajo_export.csv,2026-06-23T00:00:00,3540
WO003541,20250121,,A001,EQ0007,SV2,R011,WT4,P2,S1,12.72,29.98,True,False,CMMS,project_fact_ordenestrabajo_export.csv,2026-06-23T00:00:00,3541
WO003542,20250630,,A004,EQ0003,SV6,R014,WT4,P2,S3,20.47,34.69,True,False,ERP,project_fact_ordenestrabajo_export.csv,2026-06-23T00:00:00,3542
WO003543,20250315,,A006,EQ0027,SV1,R001,WT1,P1,S1,4.99,7.94,True,False,ERP,project_fact_ordenestrabajo_export.csv,2026-06-23T00:00:00,3543
WO003544,20250409,,A004,EQ0008,SV2,R028,WT3,P2,S2,13.84,23.12,True,False,ERP,project_fact_ordenestrabajo_export.csv,2026-06-23T00:00:00,3544
WO003545,20250329,,A005,EQ0016,SV5,R006,WT2,P3,S3,36.55,28.69,False,False,CMMS,project_fact_ordenestrabajo_export.csv,2026-06-23T00:00:00,3545
WO003546,20250503,20250520,A005,EQ0006,SV7,R027,WT2,P3,S4,62.42,128.44,False,False,ERP,project_fact_ordenestrabajo_export.csv,2026-06-23T00:00:00,3546
WO003547,20250206,,A005,EQ0017,SV7,R024,WT6,P2,S3,19.14,11.99,True,False,CMMS,project_fact_ordenestrabajo_export.csv,2026-06-23T00:00:00,3547
WO003548,20250619,20250626,A005,EQ0011,SV7,R001,WT1,P4,S4,72.89,55.04,False,False,ERP,project_fact_ordenestrabajo_export.csv,2026-06-23T00:00:00,3548
WO003549,20250323,,A005,EQ0009,SV4,R011,WT2,P4,S3,77.14,65.53,False,True,ERP,project_fact_ordenestrabajo_export.csv,2026-06-23T00:00:00,3549
WO003550,20250315,,A004,EQ0012,SV2,R015,WT3,P3,S1,59.74,96.21,False,False,CMMS,project_fact_ordenestrabajo_export.csv,2026-06-23T00:00:00,3550
WO003551,20250617,,A004,EQ0005,SV2,R013,WT2,P3,S2,60.4,81.98,False,False,ERP,project_fact_ordenestrabajo_export.csv,2026-06-23T00:00:00,3551
WO003552,20250115,20250117,A005,EQ0011,SV7,R002,WT1,P2,S4,10.02,8.63,True,False,ERP,project_fact_ordenestrabajo_export.csv,2026-06-23T00:00:00,3552
WO003553,20250220,20250223,A004,EQ0013,SV8,R003,WT1,P3,S4,32.09,21.32,False,False,ServiceDesk,project_fact_ordenestrabajo_export.csv,2026-06-23T00:00:00,3553
WO003554,20250414,,A003,EQ0025,SV7,R024,WT3,P3,S2,59.43,60.9,False,False,ServiceDesk,project_fact_ordenestrabajo_export.csv,2026-06-23T00:00:00,3554
WO003555,20250512,,A001,EQ0028,SV7,R016,WT1,P3,S1,27.32,31.14,False,False,ServiceDesk,project_fact_ordenestrabajo_export.csv,2026-06-23T00:00:00,3555
WO003556,20250504,,A006,EQ0027,SV5,R019,WT3,P3,S2,43.09,105.37,False,False,CMMS,project_fact_ordenestrabajo_export.csv,2026-06-23T00:00:00,3556
WO003557,20250301,20250303,A001,EQ0020,SV8,R027,WT6,P2,S4,13.2,14.08,True,False,ERP,project_fact_ordenestrabajo_export.csv,2026-06-23T00:00:00,3557
WO003558,20250612,,A005,EQ0037,SV8,R020,WT6,P2,S3,19.7,17.27,True,False,ERP,project_fact_ordenestrabajo_export.csv,2026-06-23T00:00:00,3558
WO003559,20250512,,A006,EQ0027,SV8,R011,WT6,P2,S1,14.46,14.35,True,False,ServiceDesk,project_fact_ordenestrabajo_export.csv,2026-06-23T00:00:00,3559
WO003560,20250210,20250214,A006,EQ0019,SV8,R005,WT2,P2,S4,20.69,29.62,True,True,ServiceDesk,project_fact_ordenestrabajo_export.csv,2026-06-23T00:00:00,3560
WO003561,20250203,,A003,EQ0033,SV7,R006,WT2,P4,S2,44.1,57.33,False,False,CMMS,project_fact_ordenestrabajo_export.csv,2026-06-23T00:00:00,3561
WO003562,20250128,,A006,EQ0027,SV6,R004,WT1,P3,S2,38.46,39.6,False,False,CMMS,project_fact_ordenestrabajo_export.csv,2026-06-23T00:00:00,3562
WO003563,20250226,20250316,A005,EQ0032,SV3,R027,WT2,P4,S4,81.08,142.04,False,True,ServiceDesk,project_fact_ordenestrabajo_export.csv,2026-06-23T00:00:00,3563
WO003564,20250305,,A003,EQ0001,SV2,R017,WT2,P2,S2,18.47,15.67,True,False,ServiceDesk,project_fact_ordenestrabajo_export.csv,2026-06-23T00:00:00,3564
WO003565,20250319,20250322,A003,EQ0040,SV4,R024,WT2,P2,S4,17.54,18.41,True,False,ERP,project_fact_ordenestrabajo_export.csv,2026-06-23T00:00:00,3565
WO003566,20250208,20250212,A004,EQ0004,SV2,R001,WT6,P3,S4,44.52,29.02,False,False,CMMS,project_fact_ordenestrabajo_export.csv,2026-06-23T00:00:00,3566
WO003567,20250331,20250402,A005,EQ0021,SV8,R017,WT4,P2,S4,12.19,15.35,True,False,ServiceDesk,project_fact_ordenestrabajo_export.csv,2026-06-23T00:00:00,3567
WO003568,20250513,20250524,A004,EQ0004,SV6,R023,WT6,P4,S4,51.69,86.95,False,False,ServiceDesk,project_fact_ordenestrabajo_export.csv,2026-06-23T00:00:00,3568
WO003569,20250424,20250506,A001,EQ0028,SV1,R018,WT6,P3,S4,45.23,92.51,False,True,ServiceDesk,project_fact_ordenestrabajo_export.csv,2026-06-23T00:00:00,3569
WO003570,20250505,,A001,EQ0010,SV7,R003,WT6,P1,S2,3.95,5.85,True,False,ServiceDesk,project_fact_ordenestrabajo_export.csv,2026-06-23T00:00:00,3570
WO003571,20250505,20250507,A005,EQ0011,SV7,R028,WT2,P2,S4,12.79,13.31,True,False,CMMS,project_fact_ordenestrabajo_export.csv,2026-06-23T00:00:00,3571
WO003572,20250413,20250419,A002,EQ0015,SV5,R003,WT2,P2,S4,17.71,41.78,True,False,ServiceDesk,project_fact_ordenestrabajo_export.csv,2026-06-23T00:00:00,3572
WO003573,20250324,20250328,A005,EQ0034,SV6,R009,WT1,P3,S4,52.91,25.03,False,False,CMMS,project_fact_ordenestrabajo_export.csv,2026-06-23T00:00:00,3573
WO003574,20250604,,A001,EQ0007,SV4,R024,WT6,P3,S2,61.48,71.51,False,False,ServiceDesk,project_fact_ordenestrabajo_export.csv,2026-06-23T00:00:00,3574
WO003575,20250325,,A003,EQ0035,SV8,R011,WT5,P2,S1,21.0,63.94,True,False,ERP,project_fact_ordenestrabajo_export.csv,2026-06-23T00:00:00,3575
WO003576,20250510,20250511,A005,EQ0032,SV4,R028,WT3,P1,S4,3.73,3.56,True,True,CMMS,project_fact_ordenestrabajo_export.csv,2026-06-23T00:00:00,3576
WO003577,20250110,,A004,EQ0012,SV5,R005,WT2,P3,S1,30.0,30.6,False,False,ServiceDesk,project_fact_ordenestrabajo_export.csv,2026-06-23T00:00:00,3577
WO003578,20250124,20250211,A001,EQ0010,SV5,R020,WT1,P3,S4,63.61,137.94,False,False,ERP,project_fact_ordenestrabajo_export.csv,2026-06-23T00:00:00,3578
WO003579,20250506,20250509,A003,EQ0035,SV6,R004,WT4,P3,S4,52.53,23.31,False,False,ServiceDesk,project_fact_ordenestrabajo_export.csv,2026-06-23T00:00:00,3579
WO003580,20250523,20250528,A003,EQ0033,SV3,R026,WT2,P3,S4,34.43,36.62,False,True,ERP,project_fact_ordenestrabajo_export.csv,2026-06-23T00:00:00,3580
WO003581,20250423,20250506,A001,EQ0007,SV6,R014,WT1,P3,S4,46.44,96.04,False,True,ERP,project_fact_ordenestrabajo_export.csv,2026-06-23T00:00:00,3581
WO003582,20250629,,A006,EQ0019,SV8,R001,WT6,P3,S2,31.54,11.33,False,False,ERP,project_fact_ordenestrabajo_export.csv,2026-06-23T00:00:00,3582
WO003583,20250301,,A004,EQ0012,SV1,R011,WT2,P3,S1,38.47,30.44,False,False,ServiceDesk,project_fact_ordenestrabajo_export.csv,2026-06-23T00:00:00,3583
WO003584,20250426,,A003,EQ0022,SV1,R012,WT4,P4,S2,103.18,75.95,False,False,CMMS,project_fact_ordenestrabajo_export.csv,2026-06-23T00:00:00,3584
WO003585,20250520,,A005,EQ0034,SV7,R007,WT1,P2,S1,10.9,14.35,True,True,ERP,project_fact_ordenestrabajo_export.csv,2026-06-23T00:00:00,3585
WO003586,20250117,20250118,A003,EQ0033,SV4,R030,WT1,P2,S5,11.76,7.16,True,False,CMMS,project_fact_ordenestrabajo_export.csv,2026-06-23T00:00:00,3586
WO003587,20250226,,A005,EQ0023,SV2,R018,WT1,P3,S2,56.82,49.86,False,False,ERP,project_fact_ordenestrabajo_export.csv,2026-06-23T00:00:00,3587
WO003588,20250425,,A003,EQ0031,SV5,R029,WT1,P3,S2,50.95,54.56,False,False,ServiceDesk,project_fact_ordenestrabajo_export.csv,2026-06-23T00:00:00,3588
WO003589,20250419,20250421,A005,EQ0021,SV4,R015,WT1,P1,S5,6.62,10.17,True,False,ERP,project_fact_ordenestrabajo_export.csv,2026-06-23T00:00:00,3589
WO003590,20250529,20250601,A005,EQ0006,SV4,R011,WT4,P2,S4,13.14,20.84,True,True,ServiceDesk,project_fact_ordenestrabajo_export.csv,2026-06-23T00:00:00,3590
WO003591,20250511,,A005,EQ0032,SV8,R004,WT2,P3,S3,59.01,71.21,False,False,ERP,project_fact_ordenestrabajo_export.csv,2026-06-23T00:00:00,3591
WO003592,20250218,,A005,EQ0009,SV1,R008,WT3,P2,S2,14.07,27.42,True,False,CMMS,project_fact_ordenestrabajo_export.csv,2026-06-23T00:00:00,3592
WO003593,20250505,20250516,A003,EQ0040,SV8,R009,WT2,P4,S4,84.56,87.42,False,False,ServiceDesk,project_fact_ordenestrabajo_export.csv,2026-06-23T00:00:00,3593
WO003594,20250523,20250529,A004,EQ0005,SV4,R014,WT1,P3,S4,54.67,42.83,False,False,ERP,project_fact_ordenestrabajo_export.csv,2026-06-23T00:00:00,3594
WO003595,20250102,20250106,A003,EQ0025,SV4,R008,WT2,P3,S4,35.72,30.95,False,False,CMMS,project_fact_ordenestrabajo_export.csv,2026-06-23T00:00:00,3595
WO003596,20250512,20250526,A004,EQ0013,SV2,R001,WT2,P4,S4,93.87,105.79,False,False,ServiceDesk,project_fact_ordenestrabajo_export.csv,2026-06-23T00:00:00,3596
WO003597,20250531,20250603,A003,EQ0025,SV6,R006,WT1,P2,S4,21.36,20.61,True,False,ServiceDesk,project_fact_ordenestrabajo_export.csv,2026-06-23T00:00:00,3597
WO003598,20250206,20250224,A001,EQ0020,SV4,R022,WT2,P3,S4,58.35,137.03,False,False,ServiceDesk,project_fact_ordenestrabajo_export.csv,2026-06-23T00:00:00,3598
WO003599,20250505,,A003,EQ0031,SV7,R024,WT1,P3,S2,46.62,30.67,False,False,ServiceDesk,project_fact_ordenestrabajo_export.csv,2026-06-23T00:00:00,3599
WO003600,20250601,20250612,A005,EQ0011,SV7,R028,WT6,P3,S4,61.3,87.64,False,False,CMMS,project_fact_ordenestrabajo_export.csv,2026-06-23T00:00:00,3600
WO003601,20250305,,A006,EQ0014,SV4,R020,WT5,P4,S1,92.23,168.98,False,False,ServiceDesk,project_fact_ordenestrabajo_export.csv,2026-06-23T00:00:00,3601
WO003602,20250406,,A006,EQ0038,SV4,R002,WT6,P2,S1,21.0,35.86,True,False,CMMS,project_fact_ordenestrabajo_export.csv,2026-06-23T00:00:00,3602
WO003603,20250105,20250117,A003,EQ0040,SV6,R026,WT3,P3,S4,33.46,92.38,False,False,ERP,project_fact_ordenestrabajo_export.csv,2026-06-23T00:00:00,3603
WO003604,20250522,,A001,EQ0007,SV2,R018,WT3,P3,S1,28.38,60.26,False,False,ServiceDesk,project_fact_ordenestrabajo_export.csv,2026-06-23T00:00:00,3604
WO003605,20250424,20250425,A006,EQ0027,SV6,R024,WT3,P1,S4,3.44,4.33,True,False,ServiceDesk,project_fact_ordenestrabajo_export.csv,2026-06-23T00:00:00,3605
WO003606,20250402,20250406,A003,EQ0001,SV5,R020,WT2,P2,S4,19.97,24.98,True,False,ServiceDesk,project_fact_ordenestrabajo_export.csv,2026-06-23T00:00:00,3606
WO003607,20250423,20250427,A005,EQ0018,SV5,R015,WT1,P3,S4,52.49,28.21,False,False,ERP,project_fact_ordenestrabajo_export.csv,2026-06-23T00:00:00,3607
WO003608,20250225,20250305,A005,EQ0006,SV1,R016,WT1,P3,S4,59.63,57.84,False,False,CMMS,project_fact_ordenestrabajo_export.csv,2026-06-23T00:00:00,3608
WO003609,20250621,,A005,EQ0023,SV7,R010,WT2,P2,S3,11.69,15.44,True,True,ServiceDesk,project_fact_ordenestrabajo_export.csv,2026-06-23T00:00:00,3609
WO003610,20250214,20250226,A003,EQ0001,SV3,R024,WT3,P4,S4,83.66,93.91,False,False,ERP,project_fact_ordenestrabajo_export.csv,2026-06-23T00:00:00,3610
WO003611,20250213,20250217,A004,EQ0003,SV5,R001,WT5,P2,S4,18.31,25.52,True,False,CMMS,project_fact_ordenestrabajo_export.csv,2026-06-23T00:00:00,3611
WO003612,20250120,20250121,A003,EQ0031,SV2,R005,WT4,P2,S4,8.97,5.27,True,False,ServiceDesk,project_fact_ordenestrabajo_export.csv,2026-06-23T00:00:00,3612
WO003613,20250306,20250313,A003,EQ0040,SV5,R017,WT3,P3,S4,45.93,52.97,False,True,CMMS,project_fact_ordenestrabajo_export.csv,2026-06-23T00:00:00,3613
WO003614,20250509,20250514,A006,EQ0014,SV8,R009,WT2,P3,S4,42.35,36.2,False,False,CMMS,project_fact_ordenestrabajo_export.csv,2026-06-23T00:00:00,3614
WO003615,20250525,20250602,A001,EQ0010,SV4,R028,WT1,P3,S4,33.61,56.25,False,False,ServiceDesk,project_fact_ordenestrabajo_export.csv,2026-06-23T00:00:00,3615
WO003616,20250430,20250520,A006,EQ0038,SV3,R015,WT6,P4,S4,63.62,153.82,False,True,ServiceDesk,project_fact_ordenestrabajo_export.csv,2026-06-23T00:00:00,3616
WO003617,20250409,20250418,A006,EQ0027,SV4,R029,WT2,P4,S4,72.67,71.49,False,False,CMMS,project_fact_ordenestrabajo_export.csv,2026-06-23T00:00:00,3617
WO003618,20250506,20250517,A004,EQ0008,SV3,R012,WT2,P4,S4,88.58,86.22,False,False,ServiceDesk,project_fact_ordenestrabajo_export.csv,2026-06-23T00:00:00,3618
WO003619,20250501,20250515,A001,EQ0020,SV7,R010,WT5,P3,S4,46.38,106.67,False,False,CMMS,project_fact_ordenestrabajo_export.csv,2026-06-23T00:00:00,3619
WO003620,20250210,20250219,A005,EQ0011,SV7,R004,WT1,P3,S4,51.63,66.57,False,False,ERP,project_fact_ordenestrabajo_export.csv,2026-06-23T00:00:00,3620
WO003621,20250427,,A003,EQ0001,SV7,R024,WT4,P4,S2,68.83,48.21,False,False,ServiceDesk,project_fact_ordenestrabajo_export.csv,2026-06-23T00:00:00,3621
WO003622,20250511,,A001,EQ0007,SV3,R009,WT1,P3,S3,47.19,67.09,False,False,ERP,project_fact_ordenestrabajo_export.csv,2026-06-23T00:00:00,3622
WO003623,20250228,20250303,A004,EQ0013,SV1,R006,WT2,P2,S4,18.72,18.72,True,False,CMMS,project_fact_ordenestrabajo_export.csv,2026-06-23T00:00:00,3623
WO003624,20250401,,A004,EQ0002,SV8,R015,WT2,P1,S2,7.16,11.58,True,False,ERP,project_fact_ordenestrabajo_export.csv,2026-06-23T00:00:00,3624
WO003625,20250203,20250206,A005,EQ0037,SV4,R004,WT2,P2,S4,14.14,16.37,True,False,ERP,project_fact_ordenestrabajo_export.csv,2026-06-23T00:00:00,3625
WO003626,20250121,,A005,EQ0023,SV7,R009,WT2,P2,S3,17.45,13.91,True,False,ERP,project_fact_ordenestrabajo_export.csv,2026-06-23T00:00:00,3626
WO003627,20250518,20250520,A005,EQ0006,SV2,R026,WT2,P2,S4,13.06,12.4,True,False,ServiceDesk,project_fact_ordenestrabajo_export.csv,2026-06-23T00:00:00,3627
WO003628,20250402,20250414,A004,EQ0012,SV5,R026,WT1,P4,S4,107.12,92.93,False,True,ERP,project_fact_ordenestrabajo_export.csv,2026-06-23T00:00:00,3628
WO003629,20250301,,A002,EQ0036,SV2,R030,WT2,P2,S3,11.29,15.98,True,False,ServiceDesk,project_fact_ordenestrabajo_export.csv,2026-06-23T00:00:00,3629
WO003630,20250319,20250325,A003,EQ0001,SV1,R013,WT4,P3,S5,45.52,45.15,False,False,CMMS,project_fact_ordenestrabajo_export.csv,2026-06-23T00:00:00,3630
WO003631,20250501,20250506,A003,EQ0001,SV5,R021,WT2,P3,S4,39.39,32.83,False,False,CMMS,project_fact_ordenestrabajo_export.csv,2026-06-23T00:00:00,3631
WO003632,20250205,,A005,EQ0034,SV1,R011,WT2,P3,S2,52.17,92.89,False,False,ServiceDesk,project_fact_ordenestrabajo_export.csv,2026-06-23T00:00:00,3632
WO003633,20250210,20250213,A004,EQ0002,SV3,R028,WT4,P2,S4,20.75,23.47,True,False,CMMS,project_fact_ordenestrabajo_export.csv,2026-06-23T00:00:00,3633
WO003634,20250616,,A003,EQ0040,SV5,R012,WT2,P4,S2,44.44,86.27,False,False,ServiceDesk,project_fact_ordenestrabajo_export.csv,2026-06-23T00:00:00,3634
WO003635,20250118,20250119,A003,EQ0033,SV8,R003,WT1,P1,S4,3.47,4.84,True,False,CMMS,project_fact_ordenestrabajo_export.csv,2026-06-23T00:00:00,3635
WO003636,20250222,20250301,A006,EQ0014,SV6,R010,WT3,P3,S4,59.39,48.52,False,False,ServiceDesk,project_fact_ordenestrabajo_export.csv,2026-06-23T00:00:00,3636
WO003637,20250115,,A005,EQ0037,SV7,R022,WT4,P3,S2,63.62,107.68,False,False,ERP,project_fact_ordenestrabajo_export.csv,2026-06-23T00:00:00,3637
WO003638,20250319,20250321,A005,EQ0009,SV1,R016,WT2,P2,S4,18.04,14.29,True,False,ServiceDesk,project_fact_ordenestrabajo_export.csv,2026-06-23T00:00:00,3638
WO003639,20250222,20250307,A005,EQ0023,SV2,R018,WT3,P4,S4,90.23,101.82,False,False,CMMS,project_fact_ordenestrabajo_export.csv,2026-06-23T00:00:00,3639
WO003640,20250517,20250519,A005,EQ0018,SV5,R029,WT6,P2,S4,17.14,11.36,True,False,ERP,project_fact_ordenestrabajo_export.csv,2026-06-23T00:00:00,3640
WO003641,20250331,,A005,EQ0039,SV1,R012,WT6,P1,S2,3.07,1.88,True,False,ERP,project_fact_ordenestrabajo_export.csv,2026-06-23T00:00:00,3641
WO003642,20250612,20250619,A003,EQ0022,SV2,R016,WT5,P3,S4,52.48,55.11,False,False,ERP,project_fact_ordenestrabajo_export.csv,2026-06-23T00:00:00,3642
WO003643,20250614,20250619,A003,EQ0001,SV7,R026,WT3,P3,S4,27.87,36.33,False,False,ERP,project_fact_ordenestrabajo_export.csv,2026-06-23T00:00:00,3643
WO003644,20250621,20250630,A005,EQ0023,SV5,R008,WT1,P3,S4,58.07,75.88,False,False,ServiceDesk,project_fact_ordenestrabajo_export.csv,2026-06-23T00:00:00,3644
WO003645,20250105,20250108,A006,EQ0014,SV1,R013,WT1,P2,S4,13.9,22.98,True,False,CMMS,project_fact_ordenestrabajo_export.csv,2026-06-23T00:00:00,3645
WO003646,20250116,,A003,EQ0031,SV1,R025,WT1,P2,S2,21.22,17.53,True,False,CMMS,project_fact_ordenestrabajo_export.csv,2026-06-23T00:00:00,3646
WO003647,20250427,20250428,A005,EQ0006,SV1,R012,WT6,P2,S4,8.63,7.62,True,False,ServiceDesk,project_fact_ordenestrabajo_export.csv,2026-06-23T00:00:00,3647
WO003648,20250330,20250401,A003,EQ0031,SV1,R030,WT2,P2,S4,9.75,9.03,True,True,ServiceDesk,project_fact_ordenestrabajo_export.csv,2026-06-23T00:00:00,3648
WO003649,20250211,20250216,A005,EQ0009,SV6,R011,WT1,P3,S4,63.35,33.6,False,True,ServiceDesk,project_fact_ordenestrabajo_export.csv,2026-06-23T00:00:00,3649
WO003650,20250213,20250218,A004,EQ0003,SV8,R001,WT6,P3,S4,26.41,36.67,False,False,ServiceDesk,project_fact_ordenestrabajo_export.csv,2026-06-23T00:00:00,3650
WO003651,20250629,,A005,EQ0021,SV4,R010,WT1,P4,S2,92.34,81.53,False,False,ERP,project_fact_ordenestrabajo_export.csv,2026-06-23T00:00:00,3651
WO003652,20250325,20250330,A006,EQ0014,SV1,R020,WT1,P2,S4,9.07,36.8,True,False,CMMS,project_fact_ordenestrabajo_export.csv,2026-06-23T00:00:00,3652
WO003653,20250625,,A005,EQ0016,SV4,R030,WT2,P4,S2,79.5,100.32,False,False,ServiceDesk,project_fact_ordenestrabajo_export.csv,2026-06-23T00:00:00,3653
WO003654,20250419,,A005,EQ0023,SV4,R003,WT1,P2,S1,14.59,13.7,True,True,ERP,project_fact_ordenestrabajo_export.csv,2026-06-23T00:00:00,3654
WO003655,20250611,,A003,EQ0025,SV6,R015,WT4,P4,S3,101.8,99.49,False,False,CMMS,project_fact_ordenestrabajo_export.csv,2026-06-23T00:00:00,3655
WO003656,20250223,20250228,A004,EQ0002,SV5,R007,WT3,P2,S4,16.85,37.57,True,False,ERP,project_fact_ordenestrabajo_export.csv,2026-06-23T00:00:00,3656
WO003657,20250126,20250202,A005,EQ0039,SV8,R006,WT1,P4,S4,76.9,51.39,False,False,CMMS,project_fact_ordenestrabajo_export.csv,2026-06-23T00:00:00,3657
WO003658,20250228,20250304,A006,EQ0024,SV7,R027,WT4,P2,S4,19.98,24.22,True,False,ERP,project_fact_ordenestrabajo_export.csv,2026-06-23T00:00:00,3658
WO003659,20250122,,A005,EQ0032,SV2,R029,WT2,P2,S1,20.84,21.27,True,False,ERP,project_fact_ordenestrabajo_export.csv,2026-06-23T00:00:00,3659
WO003660,20250531,20250606,A006,EQ0019,SV8,R017,WT1,P3,S4,62.75,46.26,False,False,CMMS,project_fact_ordenestrabajo_export.csv,2026-06-23T00:00:00,3660
WO003661,20250502,20250510,A001,EQ0028,SV7,R002,WT4,P3,S4,49.01,59.7,False,True,CMMS,project_fact_ordenestrabajo_export.csv,2026-06-23T00:00:00,3661
WO003662,20250513,,A003,EQ0001,SV8,R016,WT2,P2,S2,9.47,11.81,True,False,ServiceDesk,project_fact_ordenestrabajo_export.csv,2026-06-23T00:00:00,3662
WO003663,20250117,,A006,EQ0038,SV6,R005,WT2,P1,S3,6.74,13.72,True,False,ERP,project_fact_ordenestrabajo_export.csv,2026-06-23T00:00:00,3663
WO003664,20250615,,A002,EQ0036,SV8,R018,WT2,P2,S2,13.85,15.24,True,False,ERP,project_fact_ordenestrabajo_export.csv,2026-06-23T00:00:00,3664
WO003665,20250207,20250210,A005,EQ0039,SV3,R005,WT1,P2,S4,18.61,17.92,True,False,ERP,project_fact_ordenestrabajo_export.csv,2026-06-23T00:00:00,3665
WO003666,20250608,,A005,EQ0018,SV5,R022,WT5,P4,S2,81.15,90.05,False,False,CMMS,project_fact_ordenestrabajo_export.csv,2026-06-23T00:00:00,3666
WO003667,20250527,20250602,A004,EQ0012,SV1,R017,WT3,P3,S4,37.07,40.34,False,False,CMMS,project_fact_ordenestrabajo_export.csv,2026-06-23T00:00:00,3667
WO003668,20250131,20250205,A005,EQ0006,SV4,R007,WT5,P3,S4,27.65,34.19,False,True,ERP,project_fact_ordenestrabajo_export.csv,2026-06-23T00:00:00,3668
WO003669,20250629,20250630,A004,EQ0012,SV3,R001,WT1,P3,S4,51.8,61.77,False,False,CMMS,project_fact_ordenestrabajo_export.csv,2026-06-23T00:00:00,3669
WO003670,20250309,20250314,A005,EQ0034,SV6,R022,WT3,P3,S4,56.92,38.26,False,False,ServiceDesk,project_fact_ordenestrabajo_export.csv,2026-06-23T00:00:00,3670
WO003671,20250428,20250511,A003,EQ0025,SV4,R016,WT2,P4,S4,63.88,98.86,False,False,ERP,project_fact_ordenestrabajo_export.csv,2026-06-23T00:00:00,3671
WO003672,20250521,20250526,A004,EQ0029,SV5,R022,WT6,P3,S4,38.03,33.08,False,False,ServiceDesk,project_fact_ordenestrabajo_export.csv,2026-06-23T00:00:00,3672
WO003673,20250203,,A003,EQ0033,SV4,R003,WT4,P3,S2,48.08,19.94,False,False,CMMS,project_fact_ordenestrabajo_export.csv,2026-06-23T00:00:00,3673
WO003674,20250526,,A004,EQ0012,SV8,R024,WT2,P2,S2,11.09,15.56,True,False,ERP,project_fact_ordenestrabajo_export.csv,2026-06-23T00:00:00,3674
WO003675,20250326,20250327,A006,EQ0019,SV4,R001,WT2,P1,S4,2.84,1.81,True,False,ERP,project_fact_ordenestrabajo_export.csv,2026-06-23T00:00:00,3675
WO003676,20250304,20250309,A005,EQ0032,SV2,R019,WT1,P3,S4,36.27,39.29,False,False,ERP,project_fact_ordenestrabajo_export.csv,2026-06-23T00:00:00,3676
WO003677,20250131,,A003,EQ0022,SV1,R002,WT1,P2,S2,12.98,15.81,True,False,CMMS,project_fact_ordenestrabajo_export.csv,2026-06-23T00:00:00,3677
WO003678,20250528,20250530,A004,EQ0008,SV3,R028,WT2,P2,S4,14.38,15.37,True,False,ERP,project_fact_ordenestrabajo_export.csv,2026-06-23T00:00:00,3678
WO003679,20250503,20250520,A001,EQ0028,SV1,R030,WT1,P4,S4,77.19,129.25,False,False,ERP,project_fact_ordenestrabajo_export.csv,2026-06-23T00:00:00,3679
WO003680,20250301,,A004,EQ0003,SV7,R010,WT3,P4,S2,51.78,64.94,False,False,ERP,project_fact_ordenestrabajo_export.csv,2026-06-23T00:00:00,3680
WO003681,20250527,20250606,A005,EQ0006,SV2,R027,WT2,P4,S4,57.6,73.73,False,False,ERP,project_fact_ordenestrabajo_export.csv,2026-06-23T00:00:00,3681
WO003682,20250301,,A004,EQ0029,SV4,R012,WT6,P2,S3,14.42,13.07,True,False,CMMS,project_fact_ordenestrabajo_export.csv,2026-06-23T00:00:00,3682
WO003683,20250416,20250425,A004,EQ0012,SV4,R002,WT1,P3,S4,31.62,66.49,False,False,CMMS,project_fact_ordenestrabajo_export.csv,2026-06-23T00:00:00,3683
WO003684,20250509,20250514,A001,EQ0026,SV8,R006,WT2,P3,S5,55.74,39.76,False,False,ServiceDesk,project_fact_ordenestrabajo_export.csv,2026-06-23T00:00:00,3684
WO003685,20250319,20250320,A005,EQ0016,SV7,R016,WT6,P1,S4,5.37,7.86,True,True,ServiceDesk,project_fact_ordenestrabajo_export.csv,2026-06-23T00:00:00,3685
WO003686,20250109,,A005,EQ0016,SV3,R003,WT2,P3,S2,64.19,97.65,False,False,ServiceDesk,project_fact_ordenestrabajo_export.csv,2026-06-23T00:00:00,3686
WO003687,20250614,20250616,A003,EQ0035,SV5,R016,WT1,P2,S4,8.47,12.65,True,True,ERP,project_fact_ordenestrabajo_export.csv,2026-06-23T00:00:00,3687
WO003688,20250216,,A003,EQ0035,SV2,R030,WT5,P2,S1,19.65,20.13,True,False,ERP,project_fact_ordenestrabajo_export.csv,2026-06-23T00:00:00,3688
WO003689,20250630,20250630,A005,EQ0016,SV4,R015,WT2,P3,S4,57.87,91.02,False,False,CMMS,project_fact_ordenestrabajo_export.csv,2026-06-23T00:00:00,3689
WO003690,20250221,20250223,A005,EQ0032,SV4,R027,WT5,P2,S4,13.92,9.06,True,False,ERP,project_fact_ordenestrabajo_export.csv,2026-06-23T00:00:00,3690
WO003691,20250304,20250306,A005,EQ0032,SV4,R016,WT2,P2,S4,9.66,11.09,True,False,ServiceDesk,project_fact_ordenestrabajo_export.csv,2026-06-23T00:00:00,3691
WO003692,20250518,20250523,A004,EQ0029,SV6,R025,WT1,P3,S4,60.12,36.26,False,False,CMMS,project_fact_ordenestrabajo_export.csv,2026-06-23T00:00:00,3692
WO003693,20250617,20250630,A004,EQ0029,SV5,R014,WT1,P3,S4,64.01,115.84,False,False,ServiceDesk,project_fact_ordenestrabajo_export.csv,2026-06-23T00:00:00,3693
WO003694,20250227,,A006,EQ0019,SV4,R010,WT3,P2,S3,9.76,10.31,True,True,ServiceDesk,project_fact_ordenestrabajo_export.csv,2026-06-23T00:00:00,3694
WO003695,20250508,20250510,A005,EQ0034,SV6,R012,WT1,P2,S4,16.61,13.35,True,False,ServiceDesk,project_fact_ordenestrabajo_export.csv,2026-06-23T00:00:00,3695
WO003696,20250508,20250511,A005,EQ0032,SV8,R017,WT5,P2,S5,14.57,20.72,True,False,CMMS,project_fact_ordenestrabajo_export.csv,2026-06-23T00:00:00,3696
WO003697,20250214,20250304,A005,EQ0017,SV7,R024,WT6,P4,S4,95.75,142.84,False,False,ERP,project_fact_ordenestrabajo_export.csv,2026-06-23T00:00:00,3697
WO003698,20250520,,A006,EQ0038,SV7,R002,WT1,P1,S2,4.74,3.72,True,False,CMMS,project_fact_ordenestrabajo_export.csv,2026-06-23T00:00:00,3698
WO003699,20250401,20250419,A003,EQ0040,SV4,R005,WT2,P4,S4,85.93,138.92,False,False,ERP,project_fact_ordenestrabajo_export.csv,2026-06-23T00:00:00,3699
WO003700,20250624,20250630,A006,EQ0014,SV3,R004,WT3,P4,S4,93.75,124.98,False,False,CMMS,project_fact_ordenestrabajo_export.csv,2026-06-23T00:00:00,3700
WO003701,20250617,20250619,A006,EQ0027,SV8,R017,WT1,P2,S4,9.3,9.43,True,False,ServiceDesk,project_fact_ordenestrabajo_export.csv,2026-06-23T00:00:00,3701
WO003702,20250619,20250624,A006,EQ0027,SV2,R013,WT1,P3,S4,31.48,32.22,False,False,ServiceDesk,project_fact_ordenestrabajo_export.csv,2026-06-23T00:00:00,3702
WO003703,20250416,20250424,A005,EQ0017,SV2,R027,WT2,P3,S4,51.87,60.62,False,False,ServiceDesk,project_fact_ordenestrabajo_export.csv,2026-06-23T00:00:00,3703
WO003704,20250411,,A001,EQ0010,SV4,R007,WT2,P2,S3,9.86,4.21,True,False,ServiceDesk,project_fact_ordenestrabajo_export.csv,2026-06-23T00:00:00,3704
WO003705,20250625,20250630,A004,EQ0003,SV7,R018,WT2,P3,S4,38.7,67.56,False,False,CMMS,project_fact_ordenestrabajo_export.csv,2026-06-23T00:00:00,3705
WO003706,20250210,20250215,A005,EQ0034,SV4,R024,WT2,P3,S4,35.61,36.43,False,True,ServiceDesk,project_fact_ordenestrabajo_export.csv,2026-06-23T00:00:00,3706
WO003707,20250522,20250619,A003,EQ0022,SV5,R012,WT1,P4,S4,102.5,217.13,False,False,ServiceDesk,project_fact_ordenestrabajo_export.csv,2026-06-23T00:00:00,3707
WO003708,20250520,20250523,A004,EQ0004,SV8,R018,WT2,P2,S4,16.02,17.07,True,False,ERP,project_fact_ordenestrabajo_export.csv,2026-06-23T00:00:00,3708
WO003709,20250227,20250301,A005,EQ0037,SV5,R028,WT5,P2,S4,9.76,11.37,True,False,CMMS,project_fact_ordenestrabajo_export.csv,2026-06-23T00:00:00,3709
WO003710,20250310,20250323,A001,EQ0028,SV5,R013,WT1,P3,S4,57.19,97.6,False,False,ERP,project_fact_ordenestrabajo_export.csv,2026-06-23T00:00:00,3710
WO003711,20250115,,A004,EQ0004,SV1,R009,WT1,P3,S2,28.77,69.06,False,False,ERP,project_fact_ordenestrabajo_export.csv,2026-06-23T00:00:00,3711
WO003712,20250103,20250107,A005,EQ0032,SV7,R021,WT1,P3,S4,36.09,31.94,False,True,ERP,project_fact_ordenestrabajo_export.csv,2026-06-23T00:00:00,3712
WO003713,20250214,20250227,A001,EQ0026,SV5,R024,WT2,P3,S4,29.47,97.79,False,False,ERP,project_fact_ordenestrabajo_export.csv,2026-06-23T00:00:00,3713
WO003714,20250326,20250329,A004,EQ0002,SV5,R024,WT2,P2,S4,18.39,19.23,True,False,CMMS,project_fact_ordenestrabajo_export.csv,2026-06-23T00:00:00,3714
WO003715,20250126,20250129,A006,EQ0038,SV6,R022,WT2,P2,S4,15.1,20.98,True,True,ServiceDesk,project_fact_ordenestrabajo_export.csv,2026-06-23T00:00:00,3715
WO003716,20250606,20250611,A001,EQ0007,SV5,R017,WT3,P2,S4,13.24,34.68,True,False,ERP,project_fact_ordenestrabajo_export.csv,2026-06-23T00:00:00,3716
WO003717,20250131,,A002,EQ0015,SV4,R015,WT1,P3,S2,43.95,49.5,False,False,ERP,project_fact_ordenestrabajo_export.csv,2026-06-23T00:00:00,3717
WO003718,20250509,20250518,A004,EQ0002,SV5,R009,WT1,P3,S4,49.16,64.64,False,False,ERP,project_fact_ordenestrabajo_export.csv,2026-06-23T00:00:00,3718
WO003719,20250517,,A006,EQ0027,SV3,R003,WT1,P3,S3,61.31,64.95,False,False,ServiceDesk,project_fact_ordenestrabajo_export.csv,2026-06-23T00:00:00,3719
WO003720,20250102,20250103,A003,EQ0033,SV4,R009,WT3,P2,S4,10.72,4.48,True,False,CMMS,project_fact_ordenestrabajo_export.csv,2026-06-23T00:00:00,3720
WO003721,20250219,20250220,A006,EQ0038,SV5,R018,WT2,P1,S4,4.89,6.25,True,False,CMMS,project_fact_ordenestrabajo_export.csv,2026-06-23T00:00:00,3721
WO003722,20250404,20250418,A004,EQ0002,SV4,R007,WT2,P4,S4,93.77,105.37,False,False,CMMS,project_fact_ordenestrabajo_export.csv,2026-06-23T00:00:00,3722
WO003723,20250111,20250112,A006,EQ0024,SV6,R015,WT2,P1,S4,3.27,3.02,True,False,ERP,project_fact_ordenestrabajo_export.csv,2026-06-23T00:00:00,3723
WO003724,20250116,20250122,A004,EQ0005,SV5,R011,WT1,P3,S4,50.79,46.57,False,False,CMMS,project_fact_ordenestrabajo_export.csv,2026-06-23T00:00:00,3724
WO003725,20250628,20250629,A005,EQ0032,SV3,R016,WT2,P1,S4,3.99,5.92,True,False,CMMS,project_fact_ordenestrabajo_export.csv,2026-06-23T00:00:00,3725
WO003726,20250101,,A005,EQ0023,SV1,R027,WT3,P3,S1,50.05,30.54,False,False,CMMS,project_fact_ordenestrabajo_export.csv,2026-06-23T00:00:00,3726
WO003727,20250320,20250326,A003,EQ0031,SV4,R004,WT1,P3,S4,51.98,44.35,False,False,ServiceDesk,project_fact_ordenestrabajo_export.csv,2026-06-23T00:00:00,3727
WO003728,20250314,20250317,A001,EQ0026,SV3,R021,WT2,P2,S4,17.41,16.93,True,False,ERP,project_fact_ordenestrabajo_export.csv,2026-06-23T00:00:00,3728
WO003729,20250627,,A002,EQ0030,SV2,R011,WT1,P3,S2,46.4,55.66,False,False,ERP,project_fact_ordenestrabajo_export.csv,2026-06-23T00:00:00,3729
WO003730,20250116,20250122,A002,EQ0030,SV4,R005,WT2,P4,S5,47.46,43.43,False,True,CMMS,project_fact_ordenestrabajo_export.csv,2026-06-23T00:00:00,3730
WO003731,20250101,20250123,A005,EQ0006,SV2,R028,WT1,P3,S4,58.73,168.88,False,False,CMMS,project_fact_ordenestrabajo_export.csv,2026-06-23T00:00:00,3731
WO003732,20250311,,A005,EQ0011,SV8,R024,WT1,P2,S2,19.58,28.23,True,False,ServiceDesk,project_fact_ordenestrabajo_export.csv,2026-06-23T00:00:00,3732
WO003733,20250430,20250505,A004,EQ0013,SV3,R015,WT3,P3,S4,52.38,33.68,False,True,ServiceDesk,project_fact_ordenestrabajo_export.csv,2026-06-23T00:00:00,3733
WO003734,20250220,20250304,A001,EQ0010,SV1,R020,WT2,P4,S5,100.77,89.96,False,True,ServiceDesk,project_fact_ordenestrabajo_export.csv,2026-06-23T00:00:00,3734
WO003735,20250603,,A006,EQ0014,SV3,R011,WT2,P4,S1,57.46,75.51,False,False,CMMS,project_fact_ordenestrabajo_export.csv,2026-06-23T00:00:00,3735
WO003736,20250213,20250222,A005,EQ0039,SV4,R001,WT2,P3,S4,50.94,64.82,False,False,CMMS,project_fact_ordenestrabajo_export.csv,2026-06-23T00:00:00,3736
WO003737,20250323,,A005,EQ0023,SV7,R001,WT1,P4,S2,84.66,77.27,False,True,ServiceDesk,project_fact_ordenestrabajo_export.csv,2026-06-23T00:00:00,3737
WO003738,20250525,,A005,EQ0006,SV4,R005,WT2,P3,S2,44.96,89.44,False,False,ServiceDesk,project_fact_ordenestrabajo_export.csv,2026-06-23T00:00:00,3738
WO003739,20250618,20250627,A002,EQ0030,SV5,R029,WT1,P4,S5,60.06,71.69,False,False,ERP,project_fact_ordenestrabajo_export.csv,2026-06-23T00:00:00,3739
WO003740,20250119,20250121,A003,EQ0025,SV7,R009,WT3,P2,S4,9.82,12.08,True,False,CMMS,project_fact_ordenestrabajo_export.csv,2026-06-23T00:00:00,3740
WO003741,20250402,,A005,EQ0009,SV3,R022,WT5,P3,S2,40.8,42.32,False,True,ERP,project_fact_ordenestrabajo_export.csv,2026-06-23T00:00:00,3741
WO003742,20250317,20250327,A001,EQ0020,SV8,R006,WT2,P3,S4,60.56,77.44,False,False,ERP,project_fact_ordenestrabajo_export.csv,2026-06-23T00:00:00,3742
WO003743,20250513,,A001,EQ0026,SV2,R018,WT1,P2,S2,14.77,26.13,True,False,ServiceDesk,project_fact_ordenestrabajo_export.csv,2026-06-23T00:00:00,3743
WO003744,20250618,20250623,A005,EQ0034,SV7,R001,WT3,P3,S4,28.39,37.15,False,False,CMMS,project_fact_ordenestrabajo_export.csv,2026-06-23T00:00:00,3744
WO003745,20250604,,A003,EQ0033,SV3,R016,WT6,P2,S2,11.09,14.39,True,False,ServiceDesk,project_fact_ordenestrabajo_export.csv,2026-06-23T00:00:00,3745
WO003746,20250130,,A001,EQ0028,SV1,R024,WT6,P4,S2,82.04,91.33,False,False,ServiceDesk,project_fact_ordenestrabajo_export.csv,2026-06-23T00:00:00,3746
WO003747,20250607,20250611,A004,EQ0013,SV3,R018,WT2,P2,S4,17.12,26.53,True,False,CMMS,project_fact_ordenestrabajo_export.csv,2026-06-23T00:00:00,3747
WO003748,20250613,20250621,A004,EQ0004,SV8,R007,WT1,P3,S4,36.26,57.7,False,False,ServiceDesk,project_fact_ordenestrabajo_export.csv,2026-06-23T00:00:00,3748
WO003749,20250625,20250627,A001,EQ0010,SV4,R001,WT5,P2,S4,10.3,8.99,True,False,ServiceDesk,project_fact_ordenestrabajo_export.csv,2026-06-23T00:00:00,3749
WO003750,20250308,20250311,A004,EQ0012,SV7,R022,WT2,P2,S4,19.0,19.22,True,False,ERP,project_fact_ordenestrabajo_export.csv,2026-06-23T00:00:00,3750
WO003751,20250214,,A003,EQ0001,SV7,R029,WT1,P1,S2,6.47,5.2,True,False,ERP,project_fact_ordenestrabajo_export.csv,2026-06-23T00:00:00,3751
WO003752,20250622,20250630,A005,EQ0018,SV8,R021,WT6,P3,S5,50.01,77.64,False,False,CMMS,project_fact_ordenestrabajo_export.csv,2026-06-23T00:00:00,3752
WO003753,20250123,,A001,EQ0026,SV6,R028,WT1,P4,S2,57.61,214.05,False,False,CMMS,project_fact_ordenestrabajo_export.csv,2026-06-23T00:00:00,3753
WO003754,20250414,20250418,A005,EQ0021,SV1,R012,WT2,P2,S4,11.76,27.41,True,False,ServiceDesk,project_fact_ordenestrabajo_export.csv,2026-06-23T00:00:00,3754
WO003755,20250303,20250305,A003,EQ0001,SV7,R020,WT2,P2,S4,18.87,12.17,True,True,ServiceDesk,project_fact_ordenestrabajo_export.csv,2026-06-23T00:00:00,3755
WO003756,20250601,20250605,A003,EQ0033,SV3,R009,WT1,P2,S4,19.64,29.29,True,True,CMMS,project_fact_ordenestrabajo_export.csv,2026-06-23T00:00:00,3756
WO003757,20250315,20250322,A006,EQ0027,SV2,R026,WT2,P3,S4,46.25,51.86,False,False,CMMS,project_fact_ordenestrabajo_export.csv,2026-06-23T00:00:00,3757
WO003758,20250310,20250313,A005,EQ0006,SV4,R005,WT2,P2,S4,15.41,20.47,True,False,ServiceDesk,project_fact_ordenestrabajo_export.csv,2026-06-23T00:00:00,3758
WO003759,20250426,,A003,EQ0033,SV8,R018,WT2,P4,S2,77.0,64.76,False,False,ERP,project_fact_ordenestrabajo_export.csv,2026-06-23T00:00:00,3759
WO003760,20250407,,A006,EQ0038,SV4,R024,WT2,P4,S2,44.28,40.66,False,True,ERP,project_fact_ordenestrabajo_export.csv,2026-06-23T00:00:00,3760
WO003761,20250407,20250414,A003,EQ0031,SV3,R027,WT2,P3,S4,35.03,48.63,False,False,ERP,project_fact_ordenestrabajo_export.csv,2026-06-23T00:00:00,3761
WO003762,20250103,20250110,A003,EQ0001,SV7,R007,WT6,P2,S4,18.12,50.14,True,False,CMMS,project_fact_ordenestrabajo_export.csv,2026-06-23T00:00:00,3762
WO003763,20250208,20250226,A005,EQ0032,SV5,R018,WT6,P3,S4,58.43,141.23,False,True,ERP,project_fact_ordenestrabajo_export.csv,2026-06-23T00:00:00,3763
WO003764,20250109,20250110,A004,EQ0005,SV4,R016,WT2,P1,S4,2.86,2.82,True,False,CMMS,project_fact_ordenestrabajo_export.csv,2026-06-23T00:00:00,3764
WO003765,20250312,20250323,A006,EQ0014,SV7,R006,WT3,P4,S4,52.33,82.47,False,True,ServiceDesk,project_fact_ordenestrabajo_export.csv,2026-06-23T00:00:00,3765
WO003766,20250203,,A002,EQ0030,SV5,R029,WT1,P3,S3,60.71,72.85,False,False,ServiceDesk,project_fact_ordenestrabajo_export.csv,2026-06-23T00:00:00,3766
WO003767,20250120,,A004,EQ0012,SV5,R021,WT1,P3,S2,45.2,37.44,False,False,CMMS,project_fact_ordenestrabajo_export.csv,2026-06-23T00:00:00,3767
WO003768,20250422,20250430,A004,EQ0003,SV4,R025,WT5,P3,S4,43.08,61.81,False,False,CMMS,project_fact_ordenestrabajo_export.csv,2026-06-23T00:00:00,3768
WO003769,20250214,20250217,A004,EQ0004,SV1,R030,WT6,P3,S4,30.69,18.91,False,False,CMMS,project_fact_ordenestrabajo_export.csv,2026-06-23T00:00:00,3769
WO003770,20250225,20250301,A003,EQ0040,SV3,R005,WT2,P2,S4,11.08,29.5,True,False,ServiceDesk,project_fact_ordenestrabajo_export.csv,2026-06-23T00:00:00,3770
WO003771,20250121,,A003,EQ0022,SV2,R016,WT2,P2,S2,10.71,11.92,True,True,CMMS,project_fact_ordenestrabajo_export.csv,2026-06-23T00:00:00,3771
WO003772,20250501,20250505,A002,EQ0036,SV6,R023,WT6,P2,S4,16.84,30.99,True,False,ERP,project_fact_ordenestrabajo_export.csv,2026-06-23T00:00:00,3772
WO003773,20250320,,A003,EQ0035,SV4,R018,WT3,P2,S3,11.66,12.06,True,False,CMMS,project_fact_ordenestrabajo_export.csv,2026-06-23T00:00:00,3773
WO003774,20250104,20250105,A005,EQ0039,SV2,R007,WT1,P1,S4,6.83,4.25,True,False,ServiceDesk,project_fact_ordenestrabajo_export.csv,2026-06-23T00:00:00,3774
WO003775,20250429,,A004,EQ0003,SV2,R019,WT1,P3,S2,56.66,44.74,False,False,ServiceDesk,project_fact_ordenestrabajo_export.csv,2026-06-23T00:00:00,3775
WO003776,20250520,20250527,A006,EQ0024,SV8,R029,WT2,P3,S4,36.78,48.4,False,False,CMMS,project_fact_ordenestrabajo_export.csv,2026-06-23T00:00:00,3776
WO003777,20250627,20250630,A005,EQ0006,SV4,R010,WT2,P4,S4,97.91,120.15,False,False,ServiceDesk,project_fact_ordenestrabajo_export.csv,2026-06-23T00:00:00,3777
WO003778,20250321,,A001,EQ0010,SV7,R026,WT1,P3,S2,57.59,68.48,False,False,ServiceDesk,project_fact_ordenestrabajo_export.csv,2026-06-23T00:00:00,3778
WO003779,20250220,,A004,EQ0004,SV7,R018,WT1,P2,S1,10.44,12.97,True,False,ERP,project_fact_ordenestrabajo_export.csv,2026-06-23T00:00:00,3779
WO003780,20250324,20250401,A001,EQ0020,SV3,R019,WT1,P3,S4,30.77,63.97,False,False,ERP,project_fact_ordenestrabajo_export.csv,2026-06-23T00:00:00,3780
WO003781,20250219,20250223,A005,EQ0032,SV8,R005,WT1,P2,S4,14.33,29.89,True,False,CMMS,project_fact_ordenestrabajo_export.csv,2026-06-23T00:00:00,3781
WO003782,20250626,20250628,A003,EQ0031,SV1,R014,WT3,P2,S4,14.19,14.21,True,True,ERP,project_fact_ordenestrabajo_export.csv,2026-06-23T00:00:00,3782
WO003783,20250128,,A005,EQ0009,SV6,R017,WT2,P3,S1,56.49,47.29,False,False,ServiceDesk,project_fact_ordenestrabajo_export.csv,2026-06-23T00:00:00,3783
WO003784,20250426,20250505,A003,EQ0035,SV1,R028,WT3,P3,S4,44.38,66.36,False,False,ERP,project_fact_ordenestrabajo_export.csv,2026-06-23T00:00:00,3784
WO003785,20250418,,A006,EQ0027,SV5,R011,WT1,P2,S1,15.26,15.61,True,False,ServiceDesk,project_fact_ordenestrabajo_export.csv,2026-06-23T00:00:00,3785
WO003786,20250121,20250201,A002,EQ0030,SV6,R006,WT6,P3,S4,57.55,82.84,False,False,CMMS,project_fact_ordenestrabajo_export.csv,2026-06-23T00:00:00,3786
WO003787,20250626,20250630,A002,EQ0030,SV3,R023,WT3,P3,S4,44.92,27.28,False,False,CMMS,project_fact_ordenestrabajo_export.csv,2026-06-23T00:00:00,3787
WO003788,20250625,20250626,A005,EQ0017,SV7,R030,WT2,P1,S4,7.05,5.27,True,False,CMMS,project_fact_ordenestrabajo_export.csv,2026-06-23T00:00:00,3788
WO003789,20250627,20250630,A006,EQ0027,SV6,R004,WT3,P4,S4,76.8,53.84,False,False,ERP,project_fact_ordenestrabajo_export.csv,2026-06-23T00:00:00,3789
WO003790,20250630,20250630,A004,EQ0003,SV5,R022,WT4,P3,S4,32.3,16.93,False,False,ERP,project_fact_ordenestrabajo_export.csv,2026-06-23T00:00:00,3790
WO003791,20250611,20250615,A005,EQ0032,SV3,R024,WT2,P2,S4,12.99,26.61,True,False,ServiceDesk,project_fact_ordenestrabajo_export.csv,2026-06-23T00:00:00,3791
WO003792,20250416,20250418,A002,EQ0015,SV3,R025,WT2,P2,S4,11.8,15.58,True,False,ERP,project_fact_ordenestrabajo_export.csv,2026-06-23T00:00:00,3792
WO003793,20250620,20250622,A001,EQ0026,SV7,R019,WT2,P1,S4,6.24,9.55,True,True,ERP,project_fact_ordenestrabajo_export.csv,2026-06-23T00:00:00,3793
WO003794,20250506,,A003,EQ0033,SV5,R008,WT6,P2,S2,14.33,17.76,True,False,CMMS,project_fact_ordenestrabajo_export.csv,2026-06-23T00:00:00,3794
WO003795,20250411,,A001,EQ0028,SV7,R025,WT1,P4,S3,61.55,85.61,False,False,ERP,project_fact_ordenestrabajo_export.csv,2026-06-23T00:00:00,3795
WO003796,20250601,20250610,A001,EQ0026,SV5,R001,WT5,P4,S4,57.89,65.63,False,False,ServiceDesk,project_fact_ordenestrabajo_export.csv,2026-06-23T00:00:00,3796
WO003797,20250417,,A003,EQ0040,SV5,R021,WT3,P3,S2,28.02,51.32,False,False,CMMS,project_fact_ordenestrabajo_export.csv,2026-06-23T00:00:00,3797
WO003798,20250524,20250525,A001,EQ0020,SV3,R001,WT2,P1,S4,6.5,6.23,True,True,CMMS,project_fact_ordenestrabajo_export.csv,2026-06-23T00:00:00,3798
WO003799,20250316,20250322,A005,EQ0032,SV2,R016,WT6,P3,S4,58.21,40.3,False,False,ERP,project_fact_ordenestrabajo_export.csv,2026-06-23T00:00:00,3799
WO003800,20250318,20250324,A003,EQ0031,SV3,R025,WT4,P4,S4,46.03,42.48,False,False,CMMS,project_fact_ordenestrabajo_export.csv,2026-06-23T00:00:00,3800
WO003801,20250109,20250112,A006,EQ0024,SV4,R002,WT1,P3,S4,47.76,19.58,False,False,ERP,project_fact_ordenestrabajo_export.csv,2026-06-23T00:00:00,3801
WO003802,20250514,,A001,EQ0007,SV6,R014,WT2,P3,S3,64.51,76.27,False,False,ServiceDesk,project_fact_ordenestrabajo_export.csv,2026-06-23T00:00:00,3802
WO003803,20250207,20250218,A001,EQ0028,SV7,R014,WT4,P4,S4,107.78,84.96,False,True,ERP,project_fact_ordenestrabajo_export.csv,2026-06-23T00:00:00,3803
WO003804,20250214,20250216,A005,EQ0011,SV3,R021,WT2,P2,S4,20.25,15.59,True,True,CMMS,project_fact_ordenestrabajo_export.csv,2026-06-23T00:00:00,3804
WO003805,20250326,,A004,EQ0002,SV8,R013,WT3,P3,S3,36.24,28.17,False,False,ERP,project_fact_ordenestrabajo_export.csv,2026-06-23T00:00:00,3805
WO003806,20250124,,A001,EQ0010,SV6,R009,WT6,P4,S1,61.37,89.48,False,True,ServiceDesk,project_fact_ordenestrabajo_export.csv,2026-06-23T00:00:00,3806
WO003807,20250119,20250121,A006,EQ0019,SV5,R026,WT3,P2,S4,13.78,8.1,True,False,ERP,project_fact_ordenestrabajo_export.csv,2026-06-23T00:00:00,3807
WO003808,20250217,20250218,A003,EQ0022,SV4,R012,WT3,P1,S4,5.51,6.05,True,False,CMMS,project_fact_ordenestrabajo_export.csv,2026-06-23T00:00:00,3808
WO003809,20250219,,A005,EQ0016,SV2,R024,WT3,P2,S2,20.31,7.55,True,False,CMMS,project_fact_ordenestrabajo_export.csv,2026-06-23T00:00:00,3809
WO003810,20250401,20250405,A004,EQ0008,SV1,R007,WT2,P2,S5,21.2,28.56,True,False,ServiceDesk,project_fact_ordenestrabajo_export.csv,2026-06-23T00:00:00,3810
WO003811,20250517,20250519,A005,EQ0023,SV5,R019,WT3,P2,S4,18.24,12.91,True,False,CMMS,project_fact_ordenestrabajo_export.csv,2026-06-23T00:00:00,3811
WO003812,20250625,20250629,A005,EQ0017,SV6,R008,WT2,P3,S4,27.66,31.82,False,True,ERP,project_fact_ordenestrabajo_export.csv,2026-06-23T00:00:00,3812
WO003813,20250512,20250520,A003,EQ0025,SV7,R029,WT2,P3,S4,48.28,62.37,False,True,ServiceDesk,project_fact_ordenestrabajo_export.csv,2026-06-23T00:00:00,3813
WO003814,20250228,,A006,EQ0038,SV8,R002,WT6,P3,S1,43.98,49.6,False,True,ERP,project_fact_ordenestrabajo_export.csv,2026-06-23T00:00:00,3814
WO003815,20250621,,A005,EQ0039,SV2,R011,WT6,P2,S2,9.24,26.77,True,False,CMMS,project_fact_ordenestrabajo_export.csv,2026-06-23T00:00:00,3815
WO003816,20250414,,A004,EQ0003,SV8,R001,WT3,P2,S3,8.45,8.61,True,False,ERP,project_fact_ordenestrabajo_export.csv,2026-06-23T00:00:00,3816
WO003817,20250524,,A004,EQ0005,SV5,R009,WT1,P2,S1,18.09,12.36,True,False,CMMS,project_fact_ordenestrabajo_export.csv,2026-06-23T00:00:00,3817
WO003818,20250205,20250211,A005,EQ0009,SV3,R012,WT6,P4,S4,87.02,44.55,False,True,ServiceDesk,project_fact_ordenestrabajo_export.csv,2026-06-23T00:00:00,3818
WO003819,20250310,20250317,A004,EQ0005,SV5,R008,WT1,P3,S4,52.49,49.36,False,False,ServiceDesk,project_fact_ordenestrabajo_export.csv,2026-06-23T00:00:00,3819
WO003820,20250222,20250226,A006,EQ0038,SV6,R006,WT3,P3,S4,34.73,24.06,False,True,CMMS,project_fact_ordenestrabajo_export.csv,2026-06-23T00:00:00,3820
WO003821,20250322,20250324,A006,EQ0024,SV5,R009,WT4,P2,S5,11.5,11.67,True,False,ServiceDesk,project_fact_ordenestrabajo_export.csv,2026-06-23T00:00:00,3821
WO003822,20250618,,A005,EQ0011,SV7,R024,WT1,P3,S2,37.3,24.16,False,False,ERP,project_fact_ordenestrabajo_export.csv,2026-06-23T00:00:00,3822
WO003823,20250529,,A001,EQ0028,SV1,R027,WT1,P1,S3,6.05,10.47,True,False,ServiceDesk,project_fact_ordenestrabajo_export.csv,2026-06-23T00:00:00,3823
WO003824,20250509,20250526,A004,EQ0008,SV7,R029,WT6,P4,S4,67.79,133.09,False,False,ERP,project_fact_ordenestrabajo_export.csv,2026-06-23T00:00:00,3824
WO003825,20250612,20250618,A005,EQ0016,SV5,R004,WT1,P3,S4,27.55,42.94,False,False,ERP,project_fact_ordenestrabajo_export.csv,2026-06-23T00:00:00,3825
WO003826,20250118,20250203,A005,EQ0006,SV7,R003,WT2,P4,S4,101.93,125.06,False,False,ERP,project_fact_ordenestrabajo_export.csv,2026-06-23T00:00:00,3826
WO003827,20250329,,A003,EQ0033,SV4,R018,WT1,P2,S2,16.32,15.88,True,False,ERP,project_fact_ordenestrabajo_export.csv,2026-06-23T00:00:00,3827
WO003828,20250425,20250523,A003,EQ0001,SV1,R015,WT2,P3,S4,52.23,221.01,False,False,CMMS,project_fact_ordenestrabajo_export.csv,2026-06-23T00:00:00,3828
WO003829,20250612,20250614,A005,EQ0006,SV7,R004,WT1,P2,S4,13.26,10.49,True,False,ServiceDesk,project_fact_ordenestrabajo_export.csv,2026-06-23T00:00:00,3829
WO003830,20250501,20250504,A004,EQ0005,SV6,R011,WT3,P2,S4,20.65,20.85,True,False,CMMS,project_fact_ordenestrabajo_export.csv,2026-06-23T00:00:00,3830
WO003831,20250322,20250326,A003,EQ0033,SV8,R002,WT2,P3,S4,56.27,29.05,False,False,CMMS,project_fact_ordenestrabajo_export.csv,2026-06-23T00:00:00,3831
WO003832,20250621,20250626,A003,EQ0033,SV2,R006,WT2,P3,S4,46.12,36.09,False,False,CMMS,project_fact_ordenestrabajo_export.csv,2026-06-23T00:00:00,3832
WO003833,20250510,,A003,EQ0033,SV4,R009,WT1,P4,S1,55.28,101.26,False,False,ServiceDesk,project_fact_ordenestrabajo_export.csv,2026-06-23T00:00:00,3833
WO003834,20250408,,A004,EQ0012,SV1,R025,WT2,P3,S2,56.96,29.68,False,False,CMMS,project_fact_ordenestrabajo_export.csv,2026-06-23T00:00:00,3834
WO003835,20250531,20250605,A004,EQ0004,SV6,R010,WT6,P3,S4,26.99,32.78,False,False,ERP,project_fact_ordenestrabajo_export.csv,2026-06-23T00:00:00,3835
WO003836,20250508,20250517,A004,EQ0012,SV7,R005,WT6,P4,S4,51.7,71.91,False,False,ERP,project_fact_ordenestrabajo_export.csv,2026-06-23T00:00:00,3836
WO003837,20250526,20250531,A005,EQ0023,SV1,R011,WT3,P2,S4,20.18,39.1,True,True,ServiceDesk,project_fact_ordenestrabajo_export.csv,2026-06-23T00:00:00,3837
WO003838,20250321,,A004,EQ0003,SV8,R001,WT6,P4,S2,55.0,69.07,False,False,CMMS,project_fact_ordenestrabajo_export.csv,2026-06-23T00:00:00,3838
WO003839,20250217,20250219,A001,EQ0007,SV1,R027,WT3,P1,S4,6.75,11.38,True,False,CMMS,project_fact_ordenestrabajo_export.csv,2026-06-23T00:00:00,3839
WO003840,20250418,,A005,EQ0023,SV3,R019,WT5,P4,S2,62.09,50.88,False,False,ServiceDesk,project_fact_ordenestrabajo_export.csv,2026-06-23T00:00:00,3840
WO003841,20250123,20250124,A005,EQ0006,SV7,R022,WT3,P1,S4,4.48,5.58,True,False,CMMS,project_fact_ordenestrabajo_export.csv,2026-06-23T00:00:00,3841
WO003842,20250519,20250531,A002,EQ0015,SV2,R019,WT2,P4,S4,88.87,90.73,False,True,CMMS,project_fact_ordenestrabajo_export.csv,2026-06-23T00:00:00,3842
WO003843,20250411,,A003,EQ0035,SV7,R026,WT1,P3,S2,49.51,71.56,False,False,ERP,project_fact_ordenestrabajo_export.csv,2026-06-23T00:00:00,3843
WO003844,20250119,,A006,EQ0038,SV2,R024,WT3,P4,S1,104.47,68.86,False,False,ServiceDesk,project_fact_ordenestrabajo_export.csv,2026-06-23T00:00:00,3844
WO003845,20250528,,A004,EQ0002,SV1,R017,WT3,P1,S1,6.48,6.54,True,False,CMMS,project_fact_ordenestrabajo_export.csv,2026-06-23T00:00:00,3845
WO003846,20250317,20250318,A005,EQ0039,SV4,R026,WT5,P1,S4,6.06,7.28,True,True,ServiceDesk,project_fact_ordenestrabajo_export.csv,2026-06-23T00:00:00,3846
WO003847,20250407,20250420,A006,EQ0024,SV3,R019,WT5,P4,S4,51.05,101.93,False,False,ServiceDesk,project_fact_ordenestrabajo_export.csv,2026-06-23T00:00:00,3847
WO003848,20250111,20250113,A003,EQ0001,SV5,R028,WT1,P2,S4,13.83,15.12,True,False,ServiceDesk,project_fact_ordenestrabajo_export.csv,2026-06-23T00:00:00,3848
WO003849,20250430,20250502,A005,EQ0039,SV3,R002,WT6,P3,S4,32.24,13.64,False,True,ERP,project_fact_ordenestrabajo_export.csv,2026-06-23T00:00:00,3849
WO003850,20250128,,A004,EQ0002,SV6,R030,WT6,P3,S2,36.74,55.08,False,False,ServiceDesk,project_fact_ordenestrabajo_export.csv,2026-06-23T00:00:00,3850
WO003851,20250313,20250320,A005,EQ0032,SV2,R005,WT6,P3,S5,26.41,50.69,False,False,CMMS,project_fact_ordenestrabajo_export.csv,2026-06-23T00:00:00,3851
WO003852,20250503,20250506,A004,EQ0003,SV6,R004,WT2,P2,S4,17.48,18.56,True,False,CMMS,project_fact_ordenestrabajo_export.csv,2026-06-23T00:00:00,3852
WO003853,20250109,,A005,EQ0016,SV8,R023,WT6,P2,S2,13.1,9.83,True,False,CMMS,project_fact_ordenestrabajo_export.csv,2026-06-23T00:00:00,3853
WO003854,20250116,20250123,A001,EQ0028,SV6,R014,WT2,P3,S4,35.54,54.17,False,False,CMMS,project_fact_ordenestrabajo_export.csv,2026-06-23T00:00:00,3854
WO003855,20250331,,A005,EQ0034,SV7,R009,WT6,P3,S1,54.83,75.16,False,False,ServiceDesk,project_fact_ordenestrabajo_export.csv,2026-06-23T00:00:00,3855
WO003856,20250216,,A001,EQ0007,SV6,R005,WT1,P3,S1,62.02,74.88,False,False,ServiceDesk,project_fact_ordenestrabajo_export.csv,2026-06-23T00:00:00,3856
WO003857,20250608,20250616,A005,EQ0016,SV4,R015,WT6,P3,S4,43.15,60.55,False,False,ServiceDesk,project_fact_ordenestrabajo_export.csv,2026-06-23T00:00:00,3857
WO003858,20250305,,A005,EQ0032,SV5,R014,WT2,P2,S1,12.24,25.5,True,True,ERP,project_fact_ordenestrabajo_export.csv,2026-06-23T00:00:00,3858
WO003859,20250213,20250222,A006,EQ0024,SV7,R010,WT4,P3,S4,53.44,67.56,False,False,ServiceDesk,project_fact_ordenestrabajo_export.csv,2026-06-23T00:00:00,3859
WO003860,20250504,20250511,A004,EQ0005,SV6,R002,WT1,P3,S4,50.25,48.93,False,False,ERP,project_fact_ordenestrabajo_export.csv,2026-06-23T00:00:00,3860
WO003861,20250424,20250426,A003,EQ0031,SV1,R004,WT2,P2,S4,16.02,8.58,True,False,ERP,project_fact_ordenestrabajo_export.csv,2026-06-23T00:00:00,3861
WO003862,20250113,20250114,A004,EQ0005,SV1,R014,WT4,P1,S4,2.91,2.56,True,False,ServiceDesk,project_fact_ordenestrabajo_export.csv,2026-06-23T00:00:00,3862
WO003863,20250105,,A006,EQ0019,SV1,R019,WT1,P2,S1,16.91,14.59,True,False,CMMS,project_fact_ordenestrabajo_export.csv,2026-06-23T00:00:00,3863
WO003864,20250308,20250310,A005,EQ0011,SV5,R030,WT1,P1,S4,4.49,9.01,True,False,ServiceDesk,project_fact_ordenestrabajo_export.csv,2026-06-23T00:00:00,3864
WO003865,20250609,20250622,A005,EQ0011,SV8,R007,WT5,P3,S4,50.16,101.1,False,False,ServiceDesk,project_fact_ordenestrabajo_export.csv,2026-06-23T00:00:00,3865
WO003866,20250307,,A003,EQ0033,SV8,R022,WT6,P2,S2,14.31,20.36,True,False,ServiceDesk,project_fact_ordenestrabajo_export.csv,2026-06-23T00:00:00,3866
WO003867,20250629,20250630,A002,EQ0015,SV8,R003,WT6,P1,S4,6.99,5.21,True,False,CMMS,project_fact_ordenestrabajo_export.csv,2026-06-23T00:00:00,3867
WO003868,20250614,20250619,A006,EQ0014,SV2,R027,WT4,P3,S4,38.92,39.99,False,False,ERP,project_fact_ordenestrabajo_export.csv,2026-06-23T00:00:00,3868
WO003869,20250517,20250524,A006,EQ0024,SV5,R007,WT4,P3,S4,34.17,50.48,False,False,CMMS,project_fact_ordenestrabajo_export.csv,2026-06-23T00:00:00,3869
WO003870,20250201,20250211,A004,EQ0029,SV7,R016,WT2,P3,S4,34.97,75.44,False,False,ServiceDesk,project_fact_ordenestrabajo_export.csv,2026-06-23T00:00:00,3870
WO003871,20250514,20250515,A003,EQ0035,SV7,R010,WT1,P1,S4,6.31,5.47,True,False,ServiceDesk,project_fact_ordenestrabajo_export.csv,2026-06-23T00:00:00,3871
WO003872,20250321,20250323,A006,EQ0024,SV5,R006,WT2,P2,S4,15.46,10.63,True,False,ERP,project_fact_ordenestrabajo_export.csv,2026-06-23T00:00:00,3872
WO003873,20250318,,A004,EQ0003,SV3,R027,WT5,P3,S2,39.51,22.77,False,True,ERP,project_fact_ordenestrabajo_export.csv,2026-06-23T00:00:00,3873
WO003874,20250206,20250209,A003,EQ0040,SV6,R029,WT1,P3,S4,28.22,20.16,False,False,ERP,project_fact_ordenestrabajo_export.csv,2026-06-23T00:00:00,3874
WO003875,20250617,20250619,A003,EQ0040,SV4,R029,WT1,P2,S4,9.21,14.49,True,False,ServiceDesk,project_fact_ordenestrabajo_export.csv,2026-06-23T00:00:00,3875
WO003876,20250521,20250606,A001,EQ0028,SV4,R009,WT1,P3,S4,64.77,123.45,False,False,ERP,project_fact_ordenestrabajo_export.csv,2026-06-23T00:00:00,3876
WO003877,20250604,,A005,EQ0017,SV2,R018,WT3,P1,S2,3.69,2.44,True,False,ServiceDesk,project_fact_ordenestrabajo_export.csv,2026-06-23T00:00:00,3877
WO003878,20250115,,A006,EQ0024,SV4,R025,WT2,P2,S2,15.11,14.8,True,False,CMMS,project_fact_ordenestrabajo_export.csv,2026-06-23T00:00:00,3878
WO003879,20250216,,A004,EQ0008,SV8,R006,WT4,P4,S3,107.04,105.27,False,True,CMMS,project_fact_ordenestrabajo_export.csv,2026-06-23T00:00:00,3879
WO003880,20250130,20250204,A006,EQ0024,SV6,R007,WT5,P3,S4,36.94,32.72,False,False,ERP,project_fact_ordenestrabajo_export.csv,2026-06-23T00:00:00,3880
WO003881,20250122,20250209,A005,EQ0039,SV3,R005,WT6,P4,S4,82.89,141.56,False,True,CMMS,project_fact_ordenestrabajo_export.csv,2026-06-23T00:00:00,3881
WO003882,20250408,20250417,A004,EQ0008,SV5,R023,WT2,P3,S4,57.78,65.97,False,False,CMMS,project_fact_ordenestrabajo_export.csv,2026-06-23T00:00:00,3882
WO003883,20250501,,A002,EQ0015,SV3,R007,WT3,P2,S2,10.85,6.76,True,True,CMMS,project_fact_ordenestrabajo_export.csv,2026-06-23T00:00:00,3883
WO003884,20250118,20250122,A002,EQ0036,SV8,R027,WT3,P2,S4,17.3,29.36,True,False,ServiceDesk,project_fact_ordenestrabajo_export.csv,2026-06-23T00:00:00,3884
WO003885,20250321,,A006,EQ0019,SV1,R028,WT2,P2,S3,13.32,17.06,True,False,ERP,project_fact_ordenestrabajo_export.csv,2026-06-23T00:00:00,3885
WO003886,20250606,20250630,A006,EQ0024,SV8,R004,WT4,P4,S4,77.85,193.73,False,False,CMMS,project_fact_ordenestrabajo_export.csv,2026-06-23T00:00:00,3886
WO003887,20250227,20250302,A005,EQ0037,SV2,R005,WT1,P2,S4,12.02,17.62,True,False,CMMS,project_fact_ordenestrabajo_export.csv,2026-06-23T00:00:00,3887
WO003888,20250208,20250222,A004,EQ0002,SV8,R010,WT2,P4,S4,46.73,105.8,False,False,ServiceDesk,project_fact_ordenestrabajo_export.csv,2026-06-23T00:00:00,3888
WO003889,20250428,20250501,A005,EQ0011,SV8,R030,WT2,P2,S4,13.03,19.39,True,False,CMMS,project_fact_ordenestrabajo_export.csv,2026-06-23T00:00:00,3889
WO003890,20250115,,A005,EQ0011,SV4,R021,WT4,P3,S1,25.3,35.53,False,False,ServiceDesk,project_fact_ordenestrabajo_export.csv,2026-06-23T00:00:00,3890
WO003891,20250223,20250224,A004,EQ0008,SV1,R002,WT2,P1,S4,5.51,4.89,True,False,CMMS,project_fact_ordenestrabajo_export.csv,2026-06-23T00:00:00,3891
WO003892,20250627,20250629,A001,EQ0026,SV5,R029,WT3,P1,S4,3.89,9.88,True,False,ServiceDesk,project_fact_ordenestrabajo_export.csv,2026-06-23T00:00:00,3892
WO003893,20250427,20250429,A003,EQ0022,SV1,R021,WT2,P1,S4,4.94,10.32,True,True,ERP,project_fact_ordenestrabajo_export.csv,2026-06-23T00:00:00,3893
WO003894,20250523,20250524,A005,EQ0006,SV3,R003,WT2,P1,S4,5.95,4.6,True,False,CMMS,project_fact_ordenestrabajo_export.csv,2026-06-23T00:00:00,3894
WO003895,20250101,20250111,A005,EQ0006,SV1,R023,WT2,P3,S4,47.08,74.88,False,False,ServiceDesk,project_fact_ordenestrabajo_export.csv,2026-06-23T00:00:00,3895
WO003896,20250107,,A003,EQ0031,SV6,R013,WT2,P2,S2,14.66,13.05,True,False,ERP,project_fact_ordenestrabajo_export.csv,2026-06-23T00:00:00,3896
WO003897,20250527,,A006,EQ0019,SV4,R006,WT2,P2,S1,11.98,8.74,True,False,ServiceDesk,project_fact_ordenestrabajo_export.csv,2026-06-23T00:00:00,3897
WO003898,20250602,,A003,EQ0001,SV5,R012,WT2,P2,S2,15.76,29.61,True,False,ServiceDesk,project_fact_ordenestrabajo_export.csv,2026-06-23T00:00:00,3898
WO003899,20250418,20250427,A005,EQ0037,SV4,R019,WT5,P3,S4,47.84,64.7,False,False,ERP,project_fact_ordenestrabajo_export.csv,2026-06-23T00:00:00,3899
WO003900,20250217,,A003,EQ0040,SV8,R027,WT4,P2,S1,15.04,17.54,True,False,ServiceDesk,project_fact_ordenestrabajo_export.csv,2026-06-23T00:00:00,3900
WO003901,20250404,,A005,EQ0006,SV7,R023,WT3,P4,S3,46.16,31.64,False,False,CMMS,project_fact_ordenestrabajo_export.csv,2026-06-23T00:00:00,3901
WO003902,20250329,20250409,A003,EQ0022,SV6,R008,WT4,P4,S4,51.81,86.87,False,False,CMMS,project_fact_ordenestrabajo_export.csv,2026-06-23T00:00:00,3902
WO003903,20250227,20250304,A006,EQ0019,SV7,R005,WT3,P3,S4,37.63,37.15,False,False,CMMS,project_fact_ordenestrabajo_export.csv,2026-06-23T00:00:00,3903
WO003904,20250525,,A003,EQ0025,SV8,R016,WT1,P2,S3,9.6,13.03,True,False,ServiceDesk,project_fact_ordenestrabajo_export.csv,2026-06-23T00:00:00,3904
WO003905,20250121,20250127,A001,EQ0026,SV4,R018,WT3,P2,S5,15.0,45.75,True,True,CMMS,project_fact_ordenestrabajo_export.csv,2026-06-23T00:00:00,3905
WO003906,20250422,20250424,A002,EQ0030,SV6,R018,WT4,P2,S4,10.2,14.98,True,False,ServiceDesk,project_fact_ordenestrabajo_export.csv,2026-06-23T00:00:00,3906
WO003907,20250616,20250623,A005,EQ0032,SV7,R015,WT3,P3,S4,45.26,51.38,False,False,CMMS,project_fact_ordenestrabajo_export.csv,2026-06-23T00:00:00,3907
WO003908,20250125,,A004,EQ0004,SV2,R002,WT6,P3,S3,36.03,45.09,False,False,ERP,project_fact_ordenestrabajo_export.csv,2026-06-23T00:00:00,3908
WO003909,20250507,20250514,A005,EQ0032,SV5,R010,WT5,P3,S4,41.47,53.25,False,True,ServiceDesk,project_fact_ordenestrabajo_export.csv,2026-06-23T00:00:00,3909
WO003910,20250518,20250519,A006,EQ0027,SV6,R021,WT1,P1,S4,6.88,7.1,True,True,ServiceDesk,project_fact_ordenestrabajo_export.csv,2026-06-23T00:00:00,3910
WO003911,20250331,20250408,A001,EQ0010,SV4,R024,WT3,P3,S4,37.1,59.96,False,True,ServiceDesk,project_fact_ordenestrabajo_export.csv,2026-06-23T00:00:00,3911
WO003912,20250214,,A005,EQ0009,SV8,R005,WT4,P3,S3,42.97,25.88,False,False,ERP,project_fact_ordenestrabajo_export.csv,2026-06-23T00:00:00,3912
WO003913,20250415,20250421,A002,EQ0015,SV8,R010,WT3,P3,S5,62.87,40.96,False,False,ServiceDesk,project_fact_ordenestrabajo_export.csv,2026-06-23T00:00:00,3913
WO003914,20250603,20250606,A003,EQ0022,SV2,R001,WT1,P2,S4,13.58,16.61,True,False,ERP,project_fact_ordenestrabajo_export.csv,2026-06-23T00:00:00,3914
WO003915,20250408,,A005,EQ0037,SV6,R023,WT5,P2,S2,19.02,45.04,True,False,ERP,project_fact_ordenestrabajo_export.csv,2026-06-23T00:00:00,3915
WO003916,20250101,20250109,A001,EQ0028,SV7,R012,WT2,P3,S4,60.98,56.49,False,False,ServiceDesk,project_fact_ordenestrabajo_export.csv,2026-06-23T00:00:00,3916
WO003917,20250409,,A001,EQ0026,SV4,R019,WT6,P3,S2,58.93,51.69,False,False,ERP,project_fact_ordenestrabajo_export.csv,2026-06-23T00:00:00,3917
WO003918,20250429,,A005,EQ0034,SV8,R012,WT2,P4,S2,76.34,51.61,False,False,ERP,project_fact_ordenestrabajo_export.csv,2026-06-23T00:00:00,3918
WO003919,20250113,,A005,EQ0017,SV8,R005,WT5,P4,S2,51.01,24.89,False,False,CMMS,project_fact_ordenestrabajo_export.csv,2026-06-23T00:00:00,3919
WO003920,20250114,20250120,A005,EQ0037,SV3,R027,WT5,P4,S4,54.86,44.55,False,False,ERP,project_fact_ordenestrabajo_export.csv,2026-06-23T00:00:00,3920
WO003921,20250409,,A002,EQ0036,SV1,R009,WT2,P1,S2,3.13,5.53,True,True,ERP,project_fact_ordenestrabajo_export.csv,2026-06-23T00:00:00,3921
WO003922,20250204,20250212,A005,EQ0023,SV6,R030,WT2,P4,S4,60.15,58.92,False,False,ERP,project_fact_ordenestrabajo_export.csv,2026-06-23T00:00:00,3922
WO003923,20250626,20250630,A004,EQ0012,SV3,R017,WT4,P3,S4,52.78,92.62,False,False,ServiceDesk,project_fact_ordenestrabajo_export.csv,2026-06-23T00:00:00,3923
WO003924,20250611,20250613,A005,EQ0006,SV3,R007,WT1,P1,S4,5.46,10.84,True,True,CMMS,project_fact_ordenestrabajo_export.csv,2026-06-23T00:00:00,3924
WO003925,20250225,20250228,A006,EQ0019,SV3,R028,WT1,P2,S4,17.46,20.57,True,False,ERP,project_fact_ordenestrabajo_export.csv,2026-06-23T00:00:00,3925
WO003926,20250630,20250630,A006,EQ0038,SV4,R006,WT2,P3,S5,28.08,24.69,False,False,ERP,project_fact_ordenestrabajo_export.csv,2026-06-23T00:00:00,3926
WO003927,20250414,20250424,A006,EQ0019,SV5,R015,WT2,P3,S4,57.79,74.59,False,False,ERP,project_fact_ordenestrabajo_export.csv,2026-06-23T00:00:00,3927
WO003928,20250611,20250620,A003,EQ0001,SV4,R018,WT2,P4,S4,57.99,65.08,False,False,CMMS,project_fact_ordenestrabajo_export.csv,2026-06-23T00:00:00,3928
WO003929,20250303,20250326,A006,EQ0024,SV7,R007,WT6,P4,S4,77.85,182.89,False,False,ERP,project_fact_ordenestrabajo_export.csv,2026-06-23T00:00:00,3929
WO003930,20250207,,A003,EQ0025,SV8,R028,WT2,P3,S2,62.22,40.88,False,False,CMMS,project_fact_ordenestrabajo_export.csv,2026-06-23T00:00:00,3930
WO003931,20250501,20250504,A005,EQ0039,SV6,R009,WT2,P2,S4,14.77,23.94,True,False,CMMS,project_fact_ordenestrabajo_export.csv,2026-06-23T00:00:00,3931
WO003932,20250303,20250305,A005,EQ0018,SV6,R029,WT2,P1,S4,6.76,14.32,True,False,ERP,project_fact_ordenestrabajo_export.csv,2026-06-23T00:00:00,3932
WO003933,20250222,20250228,A004,EQ0003,SV7,R013,WT6,P2,S4,21.5,47.43,True,False,ServiceDesk,project_fact_ordenestrabajo_export.csv,2026-06-23T00:00:00,3933
WO003934,20250110,20250207,A002,EQ0036,SV3,R015,WT3,P4,S4,104.48,223.82,False,False,ERP,project_fact_ordenestrabajo_export.csv,2026-06-23T00:00:00,3934
WO003935,20250323,20250407,A005,EQ0006,SV8,R025,WT3,P3,S4,61.12,119.91,False,False,ERP,project_fact_ordenestrabajo_export.csv,2026-06-23T00:00:00,3935
WO003936,20250216,20250228,A006,EQ0019,SV6,R027,WT2,P4,S4,72.14,90.96,False,False,ServiceDesk,project_fact_ordenestrabajo_export.csv,2026-06-23T00:00:00,3936
WO003937,20250313,20250314,A006,EQ0024,SV7,R016,WT1,P1,S4,6.1,6.61,True,False,CMMS,project_fact_ordenestrabajo_export.csv,2026-06-23T00:00:00,3937
WO003938,20250426,20250511,A003,EQ0025,SV8,R027,WT5,P3,S4,50.17,118.78,False,False,ERP,project_fact_ordenestrabajo_export.csv,2026-06-23T00:00:00,3938
WO003939,20250622,20250628,A005,EQ0032,SV1,R010,WT5,P3,S4,50.64,46.39,False,False,ERP,project_fact_ordenestrabajo_export.csv,2026-06-23T00:00:00,3939
WO003940,20250304,20250307,A004,EQ0029,SV4,R011,WT2,P2,S4,18.7,16.25,True,False,CMMS,project_fact_ordenestrabajo_export.csv,2026-06-23T00:00:00,3940
WO003941,20250615,20250618,A004,EQ0002,SV7,R017,WT2,P2,S4,12.71,19.21,True,False,ServiceDesk,project_fact_ordenestrabajo_export.csv,2026-06-23T00:00:00,3941
WO003942,20250608,20250612,A004,EQ0002,SV4,R002,WT1,P3,S4,31.13,30.2,False,False,ServiceDesk,project_fact_ordenestrabajo_export.csv,2026-06-23T00:00:00,3942
WO003943,20250425,20250428,A004,EQ0003,SV5,R030,WT2,P2,S4,17.14,22.14,True,False,CMMS,project_fact_ordenestrabajo_export.csv,2026-06-23T00:00:00,3943
WO003944,20250615,,A004,EQ0012,SV7,R002,WT1,P2,S2,15.32,27.18,True,False,ERP,project_fact_ordenestrabajo_export.csv,2026-06-23T00:00:00,3944
WO003945,20250416,20250424,A006,EQ0024,SV3,R026,WT3,P4,S4,47.99,59.78,False,True,CMMS,project_fact_ordenestrabajo_export.csv,2026-06-23T00:00:00,3945
WO003946,20250320,20250321,A005,EQ0037,SV5,R010,WT5,P1,S4,7.02,4.21,True,False,ServiceDesk,project_fact_ordenestrabajo_export.csv,2026-06-23T00:00:00,3946
WO003947,20250629,20250630,A006,EQ0027,SV2,R026,WT2,P4,S4,52.54,49.02,False,False,ERP,project_fact_ordenestrabajo_export.csv,2026-06-23T00:00:00,3947
WO003948,20250122,20250128,A006,EQ0024,SV7,R014,WT5,P3,S4,29.62,45.13,False,False,ServiceDesk,project_fact_ordenestrabajo_export.csv,2026-06-23T00:00:00,3948
WO003949,20250429,20250506,A003,EQ0035,SV6,R007,WT2,P3,S4,59.5,51.95,False,False,CMMS,project_fact_ordenestrabajo_export.csv,2026-06-23T00:00:00,3949
WO003950,20250424,20250426,A003,EQ0025,SV1,R020,WT6,P2,S4,13.56,12.86,True,False,ServiceDesk,project_fact_ordenestrabajo_export.csv,2026-06-23T00:00:00,3950
WO003951,20250208,,A005,EQ0023,SV2,R029,WT2,P3,S3,55.44,90.72,False,True,ServiceDesk,project_fact_ordenestrabajo_export.csv,2026-06-23T00:00:00,3951
WO003952,20250624,20250626,A003,EQ0033,SV8,R025,WT1,P2,S5,10.78,11.75,True,False,ServiceDesk,project_fact_ordenestrabajo_export.csv,2026-06-23T00:00:00,3952
WO003953,20250108,20250109,A006,EQ0019,SV2,R017,WT2,P1,S4,3.21,6.76,True,False,CMMS,project_fact_ordenestrabajo_export.csv,2026-06-23T00:00:00,3953
WO003954,20250613,,A002,EQ0015,SV1,R022,WT3,P3,S2,29.37,66.04,False,False,ServiceDesk,project_fact_ordenestrabajo_export.csv,2026-06-23T00:00:00,3954
WO003955,20250325,,A005,EQ0017,SV2,R009,WT2,P2,S3,11.76,16.89,True,False,CMMS,project_fact_ordenestrabajo_export.csv,2026-06-23T00:00:00,3955
WO003956,20250426,,A003,EQ0031,SV2,R016,WT2,P4,S3,45.58,26.43,False,True,CMMS,project_fact_ordenestrabajo_export.csv,2026-06-23T00:00:00,3956
WO003957,20250122,20250123,A002,EQ0036,SV6,R024,WT2,P1,S4,4.03,3.51,True,False,CMMS,project_fact_ordenestrabajo_export.csv,2026-06-23T00:00:00,3957
WO003958,20250415,20250425,A004,EQ0013,SV8,R025,WT3,P3,S4,62.42,75.98,False,False,ERP,project_fact_ordenestrabajo_export.csv,2026-06-23T00:00:00,3958
WO003959,20250124,,A005,EQ0009,SV8,R005,WT1,P3,S3,47.74,58.61,False,False,CMMS,project_fact_ordenestrabajo_export.csv,2026-06-23T00:00:00,3959
WO003960,20250116,,A001,EQ0010,SV8,R028,WT1,P1,S3,3.12,3.71,True,True,ServiceDesk,project_fact_ordenestrabajo_export.csv,2026-06-23T00:00:00,3960
WO003961,20250401,,A004,EQ0005,SV1,R001,WT6,P3,S1,38.38,38.76,False,False,ServiceDesk,project_fact_ordenestrabajo_export.csv,2026-06-23T00:00:00,3961
WO003962,20250128,,A002,EQ0015,SV1,R004,WT3,P2,S2,14.11,13.26,True,False,CMMS,project_fact_ordenestrabajo_export.csv,2026-06-23T00:00:00,3962
WO003963,20250603,20250615,A005,EQ0039,SV3,R012,WT1,P3,S4,60.9,94.09,False,False,ERP,project_fact_ordenestrabajo_export.csv,2026-06-23T00:00:00,3963
WO003964,20250111,20250120,A001,EQ0028,SV7,R013,WT3,P3,S4,49.33,67.25,False,False,CMMS,project_fact_ordenestrabajo_export.csv,2026-06-23T00:00:00,3964
WO003965,20250409,,A004,EQ0029,SV7,R025,WT2,P2,S3,19.16,19.03,True,False,ERP,project_fact_ordenestrabajo_export.csv,2026-06-23T00:00:00,3965
WO003966,20250302,,A005,EQ0009,SV8,R005,WT2,P1,S2,6.22,3.64,True,True,ERP,project_fact_ordenestrabajo_export.csv,2026-06-23T00:00:00,3966
WO003967,20250518,,A001,EQ0010,SV3,R006,WT1,P3,S3,57.14,137.77,False,False,CMMS,project_fact_ordenestrabajo_export.csv,2026-06-23T00:00:00,3967
WO003968,20250103,20250106,A004,EQ0004,SV7,R017,WT3,P2,S4,11.08,17.02,True,False,ServiceDesk,project_fact_ordenestrabajo_export.csv,2026-06-23T00:00:00,3968
WO003969,20250406,20250408,A005,EQ0023,SV1,R006,WT5,P2,S4,14.56,13.32,True,False,CMMS,project_fact_ordenestrabajo_export.csv,2026-06-23T00:00:00,3969
WO003970,20250621,20250630,A004,EQ0004,SV3,R016,WT1,P4,S4,49.58,72.7,False,False,CMMS,project_fact_ordenestrabajo_export.csv,2026-06-23T00:00:00,3970
WO003971,20250228,,A005,EQ0006,SV7,R026,WT3,P3,S2,26.27,23.03,False,False,ServiceDesk,project_fact_ordenestrabajo_export.csv,2026-06-23T00:00:00,3971
WO003972,20250314,,A005,EQ0037,SV8,R005,WT6,P3,S1,29.16,34.19,False,False,ServiceDesk,project_fact_ordenestrabajo_export.csv,2026-06-23T00:00:00,3972
WO003973,20250619,,A001,EQ0020,SV3,R017,WT5,P3,S2,35.39,39.69,False,True,ServiceDesk,project_fact_ordenestrabajo_export.csv,2026-06-23T00:00:00,3973
WO003974,20250116,20250121,A005,EQ0032,SV8,R030,WT2,P3,S4,30.13,35.88,False,False,ServiceDesk,project_fact_ordenestrabajo_export.csv,2026-06-23T00:00:00,3974
WO003975,20250423,20250424,A002,EQ0030,SV5,R020,WT1,P1,S4,6.13,6.15,True,True,ServiceDesk,project_fact_ordenestrabajo_export.csv,2026-06-23T00:00:00,3975
WO003976,20250107,20250114,A004,EQ0012,SV6,R022,WT2,P3,S4,53.57,48.68,False,False,ServiceDesk,project_fact_ordenestrabajo_export.csv,2026-06-23T00:00:00,3976
WO003977,20250607,20250617,A002,EQ0015,SV2,R019,WT1,P3,S4,60.91,77.85,False,False,CMMS,project_fact_ordenestrabajo_export.csv,2026-06-23T00:00:00,3977
WO003978,20250509,,A005,EQ0037,SV3,R014,WT6,P4,S2,72.13,50.08,False,False,ServiceDesk,project_fact_ordenestrabajo_export.csv,2026-06-23T00:00:00,3978
WO003979,20250204,20250214,A003,EQ0001,SV8,R029,WT1,P4,S4,79.29,79.77,False,False,CMMS,project_fact_ordenestrabajo_export.csv,2026-06-23T00:00:00,3979
WO003980,20250512,,A005,EQ0017,SV3,R021,WT2,P3,S2,64.74,72.73,False,False,ERP,project_fact_ordenestrabajo_export.csv,2026-06-23T00:00:00,3980
WO003981,20250126,20250128,A004,EQ0008,SV2,R023,WT2,P1,S4,4.82,9.33,True,False,ServiceDesk,project_fact_ordenestrabajo_export.csv,2026-06-23T00:00:00,3981
WO003982,20250603,,A005,EQ0017,SV2,R020,WT1,P1,S2,6.89,9.35,True,False,ERP,project_fact_ordenestrabajo_export.csv,2026-06-23T00:00:00,3982
WO003983,20250525,20250529,A005,EQ0011,SV8,R026,WT6,P2,S4,21.26,29.0,True,False,ServiceDesk,project_fact_ordenestrabajo_export.csv,2026-06-23T00:00:00,3983
WO003984,20250417,,A005,EQ0009,SV2,R016,WT2,P1,S3,5.09,9.99,True,False,CMMS,project_fact_ordenestrabajo_export.csv,2026-06-23T00:00:00,3984
WO003985,20250404,,A006,EQ0024,SV2,R009,WT2,P2,S3,10.7,10.55,True,False,CMMS,project_fact_ordenestrabajo_export.csv,2026-06-23T00:00:00,3985
WO003986,20250529,20250605,A004,EQ0013,SV2,R016,WT5,P2,S4,17.86,51.94,True,False,ERP,project_fact_ordenestrabajo_export.csv,2026-06-23T00:00:00,3986
WO003987,20250512,20250515,A004,EQ0002,SV5,R024,WT6,P3,S4,28.75,22.83,False,False,ServiceDesk,project_fact_ordenestrabajo_export.csv,2026-06-23T00:00:00,3987
WO003988,20250512,20250514,A003,EQ0001,SV1,R013,WT2,P2,S4,16.8,15.0,True,False,ServiceDesk,project_fact_ordenestrabajo_export.csv,2026-06-23T00:00:00,3988
WO003989,20250106,,A004,EQ0013,SV6,R023,WT4,P1,S2,5.77,6.88,True,False,CMMS,project_fact_ordenestrabajo_export.csv,2026-06-23T00:00:00,3989
WO003990,20250320,20250323,A004,EQ0003,SV8,R026,WT4,P2,S4,18.85,21.34,True,False,ERP,project_fact_ordenestrabajo_export.csv,2026-06-23T00:00:00,3990
WO003991,20250430,,A005,EQ0037,SV1,R015,WT2,P3,S2,46.12,62.83,False,False,ServiceDesk,project_fact_ordenestrabajo_export.csv,2026-06-23T00:00:00,3991
WO003992,20250212,20250213,A002,EQ0036,SV5,R022,WT2,P1,S4,4.03,6.04,True,True,CMMS,project_fact_ordenestrabajo_export.csv,2026-06-23T00:00:00,3992
WO003993,20250202,20250205,A005,EQ0023,SV2,R006,WT4,P2,S4,17.16,22.76,True,False,ERP,project_fact_ordenestrabajo_export.csv,2026-06-23T00:00:00,3993
WO003994,20250603,20250615,A005,EQ0009,SV8,R014,WT2,P3,S4,63.0,88.97,False,False,ERP,project_fact_ordenestrabajo_export.csv,2026-06-23T00:00:00,3994
WO003995,20250428,,A003,EQ0040,SV5,R022,WT3,P2,S3,9.18,9.43,True,False,ServiceDesk,project_fact_ordenestrabajo_export.csv,2026-06-23T00:00:00,3995
WO003996,20250128,20250206,A003,EQ0001,SV6,R018,WT1,P3,S4,50.8,70.78,False,False,CMMS,project_fact_ordenestrabajo_export.csv,2026-06-23T00:00:00,3996
WO003997,20250409,20250415,A004,EQ0003,SV7,R013,WT2,P3,S4,42.72,46.04,False,True,CMMS,project_fact_ordenestrabajo_export.csv,2026-06-23T00:00:00,3997
WO003998,20250125,20250129,A004,EQ0002,SV6,R014,WT1,P2,S5,13.23,27.17,True,False,CMMS,project_fact_ordenestrabajo_export.csv,2026-06-23T00:00:00,3998
WO003999,20250519,,A005,EQ0021,SV6,R013,WT2,P1,S3,7.01,12.55,True,False,ERP,project_fact_ordenestrabajo_export.csv,2026-06-23T00:00:00,3999
WO004000,20250212,,A001,EQ0028,SV6,R026,WT2,P3,S2,54.86,42.33,False,False,CMMS,project_fact_ordenestrabajo_export.csv,2026-06-23T00:00:00,4000
WO004001,20250413,,A005,EQ0021,SV8,R019,WT6,P2,S2,18.03,16.25,True,False,ERP,project_fact_ordenestrabajo_export.csv,2026-06-23T00:00:00,4001
WO004002,20250118,,A004,EQ0029,SV2,R027,WT6,P3,S1,41.1,78.41,False,False,ServiceDesk,project_fact_ordenestrabajo_export.csv,2026-06-23T00:00:00,4002
WO004003,20250507,20250524,A004,EQ0002,SV3,R018,WT6,P4,S4,85.8,129.06,False,True,ServiceDesk,project_fact_ordenestrabajo_export.csv,2026-06-23T00:00:00,4003
WO004004,20250516,,A005,EQ0023,SV5,R029,WT2,P1,S3,6.82,9.32,True,False,CMMS,project_fact_ordenestrabajo_export.csv,2026-06-23T00:00:00,4004
WO004005,20250416,20250418,A004,EQ0005,SV2,R025,WT4,P1,S5,6.1,12.81,True,False,CMMS,project_fact_ordenestrabajo_export.csv,2026-06-23T00:00:00,4005
WO004006,20250313,20250315,A004,EQ0029,SV4,R009,WT3,P1,S4,3.98,9.41,True,False,CMMS,project_fact_ordenestrabajo_export.csv,2026-06-23T00:00:00,4006
WO004007,20250418,,A005,EQ0039,SV2,R019,WT3,P4,S1,44.78,22.82,False,False,ERP,project_fact_ordenestrabajo_export.csv,2026-06-23T00:00:00,4007
WO004008,20250308,20250314,A006,EQ0024,SV1,R016,WT2,P3,S4,60.58,44.98,False,False,ServiceDesk,project_fact_ordenestrabajo_export.csv,2026-06-23T00:00:00,4008
WO004009,20250316,20250327,A003,EQ0040,SV2,R025,WT2,P3,S4,56.06,82.03,False,False,CMMS,project_fact_ordenestrabajo_export.csv,2026-06-23T00:00:00,4009
WO004010,20250325,20250413,A001,EQ0010,SV8,R009,WT2,P3,S4,47.68,146.45,False,False,ERP,project_fact_ordenestrabajo_export.csv,2026-06-23T00:00:00,4010
WO004011,20250330,20250331,A004,EQ0012,SV8,R021,WT3,P2,S4,8.61,7.13,True,False,ERP,project_fact_ordenestrabajo_export.csv,2026-06-23T00:00:00,4011
WO004012,20250320,20250322,A003,EQ0025,SV5,R013,WT3,P2,S4,14.39,13.98,True,False,ServiceDesk,project_fact_ordenestrabajo_export.csv,2026-06-23T00:00:00,4012
WO004013,20250303,,A005,EQ0009,SV2,R001,WT2,P4,S2,81.13,110.9,False,False,ServiceDesk,project_fact_ordenestrabajo_export.csv,2026-06-23T00:00:00,4013
WO004014,20250117,,A004,EQ0004,SV2,R014,WT2,P4,S1,88.7,134.72,False,False,ERP,project_fact_ordenestrabajo_export.csv,2026-06-23T00:00:00,4014
WO004015,20250226,,A003,EQ0001,SV5,R029,WT3,P1,S3,6.01,6.86,True,False,ServiceDesk,project_fact_ordenestrabajo_export.csv,2026-06-23T00:00:00,4015
WO004016,20250420,20250428,A005,EQ0006,SV8,R014,WT2,P4,S4,69.31,56.66,False,False,CMMS,project_fact_ordenestrabajo_export.csv,2026-06-23T00:00:00,4016
WO004017,20250528,20250603,A001,EQ0028,SV6,R021,WT6,P3,S4,52.93,42.65,False,True,ServiceDesk,project_fact_ordenestrabajo_export.csv,2026-06-23T00:00:00,4017
WO004018,20250302,,A005,EQ0032,SV2,R014,WT1,P4,S2,66.65,50.36,False,True,CMMS,project_fact_ordenestrabajo_export.csv,2026-06-23T00:00:00,4018
WO004019,20250404,,A004,EQ0029,SV2,R012,WT4,P1,S1,4.3,3.59,True,False,ServiceDesk,project_fact_ordenestrabajo_export.csv,2026-06-23T00:00:00,4019
WO004020,20250406,20250408,A005,EQ0037,SV3,R027,WT1,P1,S4,5.91,8.5,True,False,ERP,project_fact_ordenestrabajo_export.csv,2026-06-23T00:00:00,4020
WO004021,20250409,20250416,A005,EQ0011,SV8,R004,WT2,P3,S4,45.21,49.91,False,False,ServiceDesk,project_fact_ordenestrabajo_export.csv,2026-06-23T00:00:00,4021
WO004022,20250630,,A004,EQ0008,SV3,R017,WT3,P3,S2,62.74,127.57,False,False,CMMS,project_fact_ordenestrabajo_export.csv,2026-06-23T00:00:00,4022
WO004023,20250308,20250311,A005,EQ0032,SV6,R026,WT6,P2,S4,9.47,22.59,True,False,ServiceDesk,project_fact_ordenestrabajo_export.csv,2026-06-23T00:00:00,4023
WO004024,20250628,,A006,EQ0024,SV7,R029,WT2,P2,S4,12.22,9.39,True,True,CMMS,project_fact_ordenestrabajo_export.csv,2026-06-23T00:00:00,4024
WO004025,20250418,,A004,EQ0004,SV3,R021,WT6,P2,S2,9.41,9.82,True,False,ERP,project_fact_ordenestrabajo_export.csv,2026-06-23T00:00:00,4025
WO004026,20250107,,A005,EQ0011,SV2,R024,WT2,P2,S2,20.12,22.63,True,True,ServiceDesk,project_fact_ordenestrabajo_export.csv,2026-06-23T00:00:00,4026
WO004027,20250218,20250222,A002,EQ0015,SV7,R021,WT3,P3,S5,27.02,26.89,False,True,ERP,project_fact_ordenestrabajo_export.csv,2026-06-23T00:00:00,4027
WO004028,20250410,20250412,A003,EQ0001,SV7,R014,WT2,P2,S4,15.17,10.01,True,False,ServiceDesk,project_fact_ordenestrabajo_export.csv,2026-06-23T00:00:00,4028
WO004029,20250607,,A004,EQ0002,SV6,R029,WT2,P2,S2,15.18,9.94,True,False,CMMS,project_fact_ordenestrabajo_export.csv,2026-06-23T00:00:00,4029
WO004030,20250113,20250118,A005,EQ0006,SV2,R018,WT2,P3,S4,58.19,38.88,False,False,ERP,project_fact_ordenestrabajo_export.csv,2026-06-23T00:00:00,4030
WO004031,20250321,20250323,A005,EQ0037,SV8,R029,WT3,P2,S4,8.49,10.97,True,False,ServiceDesk,project_fact_ordenestrabajo_export.csv,2026-06-23T00:00:00,4031
WO004032,20250303,20250317,A001,EQ0007,SV5,R029,WT2,P3,S4,60.03,109.55,False,False,ServiceDesk,project_fact_ordenestrabajo_export.csv,2026-06-23T00:00:00,4032
WO004033,20250615,20250621,A006,EQ0024,SV5,R021,WT2,P3,S4,25.47,43.75,False,False,CMMS,project_fact_ordenestrabajo_export.csv,2026-06-23T00:00:00,4033
WO004034,20250122,20250125,A005,EQ0006,SV7,R029,WT3,P2,S4,16.56,20.85,True,False,ServiceDesk,project_fact_ordenestrabajo_export.csv,2026-06-23T00:00:00,4034
WO004035,20250422,20250505,A003,EQ0031,SV8,R003,WT2,P3,S4,62.79,99.07,False,True,CMMS,project_fact_ordenestrabajo_export.csv,2026-06-23T00:00:00,4035
WO004036,20250402,20250404,A005,EQ0039,SV1,R002,WT1,P1,S4,6.15,15.93,True,False,CMMS,project_fact_ordenestrabajo_export.csv,2026-06-23T00:00:00,4036
WO004037,20250212,20250220,A005,EQ0032,SV3,R006,WT2,P3,S5,32.94,63.75,False,False,ServiceDesk,project_fact_ordenestrabajo_export.csv,2026-06-23T00:00:00,4037
WO004038,20250606,20250609,A001,EQ0020,SV8,R007,WT6,P3,S4,45.84,18.97,False,True,ERP,project_fact_ordenestrabajo_export.csv,2026-06-23T00:00:00,4038
WO004039,20250626,20250630,A005,EQ0023,SV4,R018,WT5,P3,S4,62.29,42.0,False,False,ServiceDesk,project_fact_ordenestrabajo_export.csv,2026-06-23T00:00:00,4039
WO004040,20250529,20250531,A005,EQ0021,SV8,R006,WT6,P2,S4,11.69,15.82,True,False,CMMS,project_fact_ordenestrabajo_export.csv,2026-06-23T00:00:00,4040
WO004041,20250218,,A002,EQ0036,SV7,R024,WT2,P3,S1,44.22,25.24,False,False,ERP,project_fact_ordenestrabajo_export.csv,2026-06-23T00:00:00,4041
WO004042,20250109,20250127,A001,EQ0007,SV8,R017,WT3,P3,S4,59.21,140.73,False,False,ERP,project_fact_ordenestrabajo_export.csv,2026-06-23T00:00:00,4042
WO004043,20250520,20250526,A003,EQ0031,SV6,R027,WT3,P3,S4,47.63,47.0,False,False,CMMS,project_fact_ordenestrabajo_export.csv,2026-06-23T00:00:00,4043
WO004044,20250213,20250216,A003,EQ0001,SV8,R029,WT4,P3,S4,51.86,19.04,False,True,CMMS,project_fact_ordenestrabajo_export.csv,2026-06-23T00:00:00,4044
WO004045,20250304,20250311,A002,EQ0036,SV5,R029,WT6,P3,S4,54.43,55.35,False,False,ERP,project_fact_ordenestrabajo_export.csv,2026-06-23T00:00:00,4045
WO004046,20250624,,A006,EQ0014,SV1,R012,WT6,P3,S2,37.09,46.89,False,False,ServiceDesk,project_fact_ordenestrabajo_export.csv,2026-06-23T00:00:00,4046
WO004047,20250215,,A003,EQ0033,SV8,R001,WT5,P3,S1,29.48,25.93,False,True,ERP,project_fact_ordenestrabajo_export.csv,2026-06-23T00:00:00,4047
WO004048,20250629,20250630,A004,EQ0013,SV1,R010,WT6,P3,S4,57.73,63.32,False,True,ERP,project_fact_ordenestrabajo_export.csv,2026-06-23T00:00:00,4048
WO004049,20250611,20250614,A006,EQ0014,SV1,R001,WT5,P2,S4,12.94,22.49,True,False,ERP,project_fact_ordenestrabajo_export.csv,2026-06-23T00:00:00,4049
WO004050,20250510,20250527,A002,EQ0030,SV2,R029,WT1,P4,S4,76.75,131.03,False,False,ServiceDesk,project_fact_ordenestrabajo_export.csv,2026-06-23T00:00:00,4050
WO004051,20250608,,A006,EQ0024,SV5,R025,WT2,P2,S2,9.02,6.71,True,False,ERP,project_fact_ordenestrabajo_export.csv,2026-06-23T00:00:00,4051
WO004052,20250117,20250122,A005,EQ0018,SV8,R028,WT5,P3,S4,41.38,38.92,False,True,ServiceDesk,project_fact_ordenestrabajo_export.csv,2026-06-23T00:00:00,4052
WO004053,20250501,20250511,A006,EQ0019,SV2,R005,WT5,P3,S4,27.94,72.65,False,False,ERP,project_fact_ordenestrabajo_export.csv,2026-06-23T00:00:00,4053
WO004054,20250602,20250611,A006,EQ0014,SV3,R023,WT1,P3,S4,59.69,65.49,False,False,ServiceDesk,project_fact_ordenestrabajo_export.csv,2026-06-23T00:00:00,4054
WO004055,20250121,20250122,A004,EQ0029,SV2,R016,WT3,P1,S4,4.16,5.88,True,False,ERP,project_fact_ordenestrabajo_export.csv,2026-06-23T00:00:00,4055
WO004056,20250617,,A004,EQ0005,SV8,R001,WT4,P3,S2,43.95,46.15,False,False,CMMS,project_fact_ordenestrabajo_export.csv,2026-06-23T00:00:00,4056
WO004057,20250324,20250330,A005,EQ0018,SV5,R011,WT2,P3,S4,34.83,45.55,False,False,ERP,project_fact_ordenestrabajo_export.csv,2026-06-23T00:00:00,4057
WO004058,20250414,,A003,EQ0022,SV5,R013,WT4,P2,S2,16.66,14.71,True,False,ERP,project_fact_ordenestrabajo_export.csv,2026-06-23T00:00:00,4058
WO004059,20250403,,A004,EQ0004,SV4,R025,WT5,P2,S2,15.04,9.13,True,True,CMMS,project_fact_ordenestrabajo_export.csv,2026-06-23T00:00:00,4059
WO004060,20250226,,A005,EQ0016,SV3,R016,WT3,P3,S1,26.0,36.32,False,False,CMMS,project_fact_ordenestrabajo_export.csv,2026-06-23T00:00:00,4060
WO004061,20250131,,A005,EQ0011,SV1,R001,WT1,P3,S2,64.17,66.96,False,False,ERP,project_fact_ordenestrabajo_export.csv,2026-06-23T00:00:00,4061
WO004062,20250207,20250210,A005,EQ0021,SV7,R004,WT4,P2,S4,15.44,17.43,True,False,CMMS,project_fact_ordenestrabajo_export.csv,2026-06-23T00:00:00,4062
WO004063,20250509,,A005,EQ0009,SV3,R004,WT2,P2,S2,10.76,11.46,True,True,ServiceDesk,project_fact_ordenestrabajo_export.csv,2026-06-23T00:00:00,4063
WO004064,20250520,20250523,A005,EQ0021,SV6,R022,WT1,P3,S4,45.15,20.26,False,True,CMMS,project_fact_ordenestrabajo_export.csv,2026-06-23T00:00:00,4064
WO004065,20250131,20250203,A003,EQ0035,SV7,R028,WT1,P3,S4,57.81,22.39,False,False,ERP,project_fact_ordenestrabajo_export.csv,2026-06-23T00:00:00,4065
WO004066,20250408,,A004,EQ0005,SV7,R027,WT1,P2,S2,14.49,8.97,True,False,ServiceDesk,project_fact_ordenestrabajo_export.csv,2026-06-23T00:00:00,4066
WO004067,20250220,20250309,A003,EQ0022,SV2,R017,WT2,P3,S4,64.35,134.16,False,True,ServiceDesk,project_fact_ordenestrabajo_export.csv,2026-06-23T00:00:00,4067
WO004068,20250304,20250307,A003,EQ0022,SV8,R022,WT2,P2,S5,14.69,19.29,True,False,ServiceDesk,project_fact_ordenestrabajo_export.csv,2026-06-23T00:00:00,4068
WO004069,20250603,20250614,A001,EQ0007,SV7,R023,WT3,P3,S4,40.18,84.08,False,True,ServiceDesk,project_fact_ordenestrabajo_export.csv,2026-06-23T00:00:00,4069
WO004070,20250413,20250415,A001,EQ0026,SV3,R025,WT1,P2,S4,8.99,14.2,True,False,ServiceDesk,project_fact_ordenestrabajo_export.csv,2026-06-23T00:00:00,4070
WO004071,20250625,20250626,A005,EQ0023,SV6,R013,WT1,P1,S4,3.48,3.45,True,False,ServiceDesk,project_fact_ordenestrabajo_export.csv,2026-06-23T00:00:00,4071
WO004072,20250212,,A003,EQ0001,SV1,R019,WT3,P1,S1,4.67,3.32,True,True,ServiceDesk,project_fact_ordenestrabajo_export.csv,2026-06-23T00:00:00,4072
WO004073,20250603,20250605,A005,EQ0009,SV5,R025,WT2,P2,S4,11.01,14.65,True,False,ServiceDesk,project_fact_ordenestrabajo_export.csv,2026-06-23T00:00:00,4073
WO004074,20250331,20250407,A005,EQ0011,SV3,R018,WT1,P2,S4,16.81,51.18,True,False,CMMS,project_fact_ordenestrabajo_export.csv,2026-06-23T00:00:00,4074
WO004075,20250513,20250514,A004,EQ0013,SV4,R030,WT2,P2,S4,9.64,7.33,True,True,ServiceDesk,project_fact_ordenestrabajo_export.csv,2026-06-23T00:00:00,4075
WO004076,20250419,20250424,A005,EQ0037,SV6,R009,WT1,P3,S4,48.41,34.02,False,False,ServiceDesk,project_fact_ordenestrabajo_export.csv,2026-06-23T00:00:00,4076
WO004077,20250601,,A005,EQ0034,SV4,R012,WT4,P4,S1,82.76,50.81,False,False,ERP,project_fact_ordenestrabajo_export.csv,2026-06-23T00:00:00,4077
WO004078,20250115,20250125,A006,EQ0019,SV5,R011,WT6,P4,S4,77.3,75.39,False,False,CMMS,project_fact_ordenestrabajo_export.csv,2026-06-23T00:00:00,4078
WO004079,20250224,20250226,A004,EQ0005,SV3,R026,WT2,P2,S4,12.28,13.13,True,True,ERP,project_fact_ordenestrabajo_export.csv,2026-06-23T00:00:00,4079
WO004080,20250302,20250307,A003,EQ0033,SV7,R030,WT2,P3,S4,37.45,37.6,False,True,ERP,project_fact_ordenestrabajo_export.csv,2026-06-23T00:00:00,4080
WO004081,20250606,,A001,EQ0020,SV5,R009,WT1,P1,S1,5.99,7.58,True,False,CMMS,project_fact_ordenestrabajo_export.csv,2026-06-23T00:00:00,4081
WO004082,20250105,20250110,A002,EQ0036,SV2,R003,WT2,P3,S4,63.56,39.74,False,False,CMMS,project_fact_ordenestrabajo_export.csv,2026-06-23T00:00:00,4082
WO004083,20250309,,A004,EQ0012,SV4,R025,WT3,P3,S3,36.46,44.99,False,False,ERP,project_fact_ordenestrabajo_export.csv,2026-06-23T00:00:00,4083
WO004084,20250131,20250204,A005,EQ0016,SV3,R027,WT1,P2,S4,12.41,27.65,True,False,ServiceDesk,project_fact_ordenestrabajo_export.csv,2026-06-23T00:00:00,4084
WO004085,20250110,20250117,A001,EQ0020,SV7,R016,WT2,P3,S4,32.92,48.69,False,False,ERP,project_fact_ordenestrabajo_export.csv,2026-06-23T00:00:00,4085
WO004086,20250105,,A001,EQ0020,SV1,R007,WT3,P3,S2,27.87,25.33,False,False,ERP,project_fact_ordenestrabajo_export.csv,2026-06-23T00:00:00,4086
WO004087,20250225,20250226,A006,EQ0019,SV6,R002,WT1,P1,S4,4.86,3.74,True,False,ERP,project_fact_ordenestrabajo_export.csv,2026-06-23T00:00:00,4087
WO004088,20250401,,A005,EQ0023,SV2,R029,WT3,P3,S1,57.02,32.71,False,True,CMMS,project_fact_ordenestrabajo_export.csv,2026-06-23T00:00:00,4088
WO004089,20250212,20250215,A005,EQ0009,SV2,R014,WT5,P2,S4,13.97,21.84,True,False,CMMS,project_fact_ordenestrabajo_export.csv,2026-06-23T00:00:00,4089
WO004090,20250414,,A004,EQ0013,SV3,R006,WT1,P2,S1,20.53,27.91,True,False,CMMS,project_fact_ordenestrabajo_export.csv,2026-06-23T00:00:00,4090
WO004091,20250120,20250129,A001,EQ0028,SV1,R020,WT2,P3,S4,63.35,70.64,False,False,ServiceDesk,project_fact_ordenestrabajo_export.csv,2026-06-23T00:00:00,4091
WO004092,20250126,,A005,EQ0009,SV7,R024,WT3,P3,S1,31.92,43.12,False,False,CMMS,project_fact_ordenestrabajo_export.csv,2026-06-23T00:00:00,4092
WO004093,20250622,,A005,EQ0023,SV5,R011,WT3,P2,S2,11.97,10.07,True,False,CMMS,project_fact_ordenestrabajo_export.csv,2026-06-23T00:00:00,4093
WO004094,20250214,,A003,EQ0022,SV2,R026,WT2,P4,S2,66.23,35.94,False,False,ServiceDesk,project_fact_ordenestrabajo_export.csv,2026-06-23T00:00:00,4094
WO004095,20250506,,A004,EQ0029,SV5,R023,WT4,P4,S3,59.54,74.32,False,False,ERP,project_fact_ordenestrabajo_export.csv,2026-06-23T00:00:00,4095
WO004096,20250323,20250331,A005,EQ0034,SV7,R023,WT2,P3,S4,62.26,60.14,False,True,CMMS,project_fact_ordenestrabajo_export.csv,2026-06-23T00:00:00,4096
WO004097,20250518,20250606,A001,EQ0026,SV2,R001,WT2,P3,S5,42.16,146.03,False,False,CMMS,project_fact_ordenestrabajo_export.csv,2026-06-23T00:00:00,4097
WO004098,20250111,20250114,A005,EQ0006,SV4,R021,WT6,P3,S4,29.35,19.9,False,False,CMMS,project_fact_ordenestrabajo_export.csv,2026-06-23T00:00:00,4098
WO004099,20250224,,A002,EQ0036,SV8,R016,WT2,P2,S2,9.54,6.16,True,False,ERP,project_fact_ordenestrabajo_export.csv,2026-06-23T00:00:00,4099
WO004100,20250507,,A005,EQ0017,SV8,R008,WT4,P1,S2,5.53,6.75,True,False,ServiceDesk,project_fact_ordenestrabajo_export.csv,2026-06-23T00:00:00,4100
WO004101,20250601,20250611,A001,EQ0007,SV1,R007,WT1,P4,S4,62.87,74.48,False,False,ERP,project_fact_ordenestrabajo_export.csv,2026-06-23T00:00:00,4101
WO004102,20250512,20250521,A004,EQ0013,SV8,R016,WT6,P3,S4,64.54,67.35,False,False,ERP,project_fact_ordenestrabajo_export.csv,2026-06-23T00:00:00,4102
WO004103,20250620,,A001,EQ0007,SV3,R002,WT1,P4,S2,71.29,121.53,False,False,ServiceDesk,project_fact_ordenestrabajo_export.csv,2026-06-23T00:00:00,4103
WO004104,20250220,20250223,A001,EQ0028,SV2,R005,WT3,P3,S4,46.99,22.73,False,False,ServiceDesk,project_fact_ordenestrabajo_export.csv,2026-06-23T00:00:00,4104
WO004105,20250424,20250501,A002,EQ0036,SV6,R025,WT1,P3,S4,28.11,51.39,False,False,ERP,project_fact_ordenestrabajo_export.csv,2026-06-23T00:00:00,4105
WO004106,20250223,20250224,A005,EQ0034,SV5,R022,WT2,P1,S4,5.4,4.35,True,False,CMMS,project_fact_ordenestrabajo_export.csv,2026-06-23T00:00:00,4106
WO004107,20250219,20250226,A006,EQ0014,SV3,R018,WT3,P3,S5,30.44,54.88,False,False,CMMS,project_fact_ordenestrabajo_export.csv,2026-06-23T00:00:00,4107
WO004108,20250405,,A002,EQ0036,SV6,R017,WT1,P4,S1,99.49,104.92,False,False,CMMS,project_fact_ordenestrabajo_export.csv,2026-06-23T00:00:00,4108
WO004109,20250406,20250418,A001,EQ0026,SV2,R030,WT2,P4,S4,97.58,95.29,False,False,CMMS,project_fact_ordenestrabajo_export.csv,2026-06-23T00:00:00,4109
WO004110,20250108,,A005,EQ0018,SV3,R002,WT1,P2,S3,10.61,13.9,True,False,ServiceDesk,project_fact_ordenestrabajo_export.csv,2026-06-23T00:00:00,4110
WO004111,20250115,,A001,EQ0020,SV7,R025,WT4,P4,S2,100.2,71.68,False,False,ERP,project_fact_ordenestrabajo_export.csv,2026-06-23T00:00:00,4111
WO004112,20250109,20250115,A004,EQ0013,SV5,R022,WT2,P3,S4,50.57,41.7,False,False,CMMS,project_fact_ordenestrabajo_export.csv,2026-06-23T00:00:00,4112
WO004113,20250606,20250617,A006,EQ0014,SV2,R008,WT2,P3,S4,38.32,81.5,False,False,ERP,project_fact_ordenestrabajo_export.csv,2026-06-23T00:00:00,4113
WO004114,20250521,20250622,A002,EQ0036,SV2,R028,WT2,P4,S4,107.96,249.07,False,True,ERP,project_fact_ordenestrabajo_export.csv,2026-06-23T00:00:00,4114
WO004115,20250218,,A001,EQ0026,SV6,R001,WT1,P2,S3,8.86,10.1,True,False,CMMS,project_fact_ordenestrabajo_export.csv,2026-06-23T00:00:00,4115
WO004116,20250516,20250527,A001,EQ0020,SV5,R015,WT2,P3,S4,61.9,80.83,False,False,CMMS,project_fact_ordenestrabajo_export.csv,2026-06-23T00:00:00,4116
WO004117,20250221,,A004,EQ0004,SV3,R003,WT4,P2,S2,14.95,18.15,True,False,CMMS,project_fact_ordenestrabajo_export.csv,2026-06-23T00:00:00,4117
WO004118,20250107,,A006,EQ0027,SV3,R023,WT5,P3,S1,56.06,53.52,False,False,ServiceDesk,project_fact_ordenestrabajo_export.csv,2026-06-23T00:00:00,4118
WO004119,20250607,,A002,EQ0015,SV4,R003,WT2,P2,S3,19.2,11.16,True,False,ERP,project_fact_ordenestrabajo_export.csv,2026-06-23T00:00:00,4119
WO004120,20250102,20250105,A004,EQ0008,SV8,R019,WT2,P2,S4,9.14,19.29,True,False,CMMS,project_fact_ordenestrabajo_export.csv,2026-06-23T00:00:00,4120
WO004121,20250318,,A004,EQ0029,SV6,R028,WT3,P2,S2,18.78,19.02,True,False,ERP,project_fact_ordenestrabajo_export.csv,2026-06-23T00:00:00,4121
WO004122,20250611,,A001,EQ0020,SV1,R003,WT2,P4,S2,64.62,197.5,False,False,ServiceDesk,project_fact_ordenestrabajo_export.csv,2026-06-23T00:00:00,4122
WO004123,20250503,20250507,A003,EQ0033,SV2,R014,WT5,P2,S4,21.23,26.97,True,False,ServiceDesk,project_fact_ordenestrabajo_export.csv,2026-06-23T00:00:00,4123
WO004124,20250306,,A002,EQ0015,SV8,R012,WT2,P3,S1,28.8,27.04,False,False,ERP,project_fact_ordenestrabajo_export.csv,2026-06-23T00:00:00,4124
WO004125,20250418,,A001,EQ0026,SV6,R013,WT1,P2,S1,17.92,27.26,True,True,ERP,project_fact_ordenestrabajo_export.csv,2026-06-23T00:00:00,4125
WO004126,20250405,,A005,EQ0011,SV1,R007,WT3,P1,S2,4.24,3.84,True,False,CMMS,project_fact_ordenestrabajo_export.csv,2026-06-23T00:00:00,4126
WO004127,20250226,20250303,A004,EQ0013,SV4,R013,WT1,P3,S4,54.71,34.38,False,False,ERP,project_fact_ordenestrabajo_export.csv,2026-06-23T00:00:00,4127
WO004128,20250307,,A003,EQ0022,SV8,R022,WT5,P1,S2,3.13,2.78,True,False,CMMS,project_fact_ordenestrabajo_export.csv,2026-06-23T00:00:00,4128
WO004129,20250609,,A005,EQ0037,SV7,R006,WT2,P3,S1,33.84,98.32,False,False,ServiceDesk,project_fact_ordenestrabajo_export.csv,2026-06-23T00:00:00,4129
WO004130,20250412,20250420,A004,EQ0002,SV2,R019,WT2,P3,S4,26.4,58.3,False,False,ServiceDesk,project_fact_ordenestrabajo_export.csv,2026-06-23T00:00:00,4130
WO004131,20250114,20250128,A005,EQ0018,SV1,R020,WT1,P3,S4,51.65,109.76,False,True,ServiceDesk,project_fact_ordenestrabajo_export.csv,2026-06-23T00:00:00,4131
WO004132,20250107,20250127,A003,EQ0033,SV7,R014,WT4,P3,S4,54.04,157.58,False,False,ERP,project_fact_ordenestrabajo_export.csv,2026-06-23T00:00:00,4132
WO004133,20250125,,A001,EQ0010,SV8,R018,WT5,P2,S2,16.9,19.76,True,False,CMMS,project_fact_ordenestrabajo_export.csv,2026-06-23T00:00:00,4133
WO004134,20250523,,A004,EQ0002,SV5,R007,WT3,P2,S3,13.58,12.66,True,False,ServiceDesk,project_fact_ordenestrabajo_export.csv,2026-06-23T00:00:00,4134
WO004135,20250209,,A005,EQ0021,SV2,R018,WT2,P3,S2,45.04,29.93,False,True,ServiceDesk,project_fact_ordenestrabajo_export.csv,2026-06-23T00:00:00,4135
WO004136,20250102,20250107,A004,EQ0005,SV5,R027,WT4,P3,S4,50.02,32.67,False,False,ERP,project_fact_ordenestrabajo_export.csv,2026-06-23T00:00:00,4136
WO004137,20250404,20250406,A002,EQ0036,SV2,R022,WT6,P1,S4,6.24,9.99,True,False,CMMS,project_fact_ordenestrabajo_export.csv,2026-06-23T00:00:00,4137
WO004138,20250309,20250312,A002,EQ0015,SV6,R028,WT1,P2,S4,14.41,23.69,True,False,CMMS,project_fact_ordenestrabajo_export.csv,2026-06-23T00:00:00,4138
WO004139,20250224,,A006,EQ0027,SV5,R007,WT3,P2,S3,16.17,12.97,True,False,ServiceDesk,project_fact_ordenestrabajo_export.csv,2026-06-23T00:00:00,4139
WO004140,20250428,20250430,A005,EQ0039,SV7,R019,WT4,P2,S4,14.32,11.95,True,False,ServiceDesk,project_fact_ordenestrabajo_export.csv,2026-06-23T00:00:00,4140
WO004141,20250509,20250518,A006,EQ0038,SV7,R029,WT1,P3,S4,56.87,64.9,False,False,ERP,project_fact_ordenestrabajo_export.csv,2026-06-23T00:00:00,4141
WO004142,20250317,,A006,EQ0014,SV8,R010,WT1,P3,S2,53.15,64.83,False,False,ERP,project_fact_ordenestrabajo_export.csv,2026-06-23T00:00:00,4142
WO004143,20250327,,A003,EQ0033,SV3,R001,WT3,P3,S3,54.52,90.26,False,False,CMMS,project_fact_ordenestrabajo_export.csv,2026-06-23T00:00:00,4143
WO004144,20250411,20250413,A003,EQ0040,SV3,R028,WT6,P2,S4,18.44,11.42,True,False,ERP,project_fact_ordenestrabajo_export.csv,2026-06-23T00:00:00,4144
WO004145,20250120,20250121,A003,EQ0035,SV8,R014,WT1,P1,S4,6.87,4.35,True,False,CMMS,project_fact_ordenestrabajo_export.csv,2026-06-23T00:00:00,4145
WO004146,20250516,,A005,EQ0032,SV4,R021,WT1,P3,S2,47.53,63.41,False,False,CMMS,project_fact_ordenestrabajo_export.csv,2026-06-23T00:00:00,4146
WO004147,20250509,,A006,EQ0027,SV6,R006,WT3,P1,S3,3.66,3.35,True,True,CMMS,project_fact_ordenestrabajo_export.csv,2026-06-23T00:00:00,4147
WO004148,20250505,20250508,A005,EQ0039,SV8,R007,WT1,P2,S4,21.26,18.89,True,False,ServiceDesk,project_fact_ordenestrabajo_export.csv,2026-06-23T00:00:00,4148
WO004149,20250419,20250420,A003,EQ0033,SV7,R011,WT5,P1,S4,3.22,3.28,True,False,ERP,project_fact_ordenestrabajo_export.csv,2026-06-23T00:00:00,4149
WO004150,20250124,,A005,EQ0037,SV3,R010,WT6,P3,S2,64.41,118.96,False,False,CMMS,project_fact_ordenestrabajo_export.csv,2026-06-23T00:00:00,4150
WO004151,20250504,20250507,A002,EQ0015,SV1,R023,WT2,P3,S4,40.96,20.52,False,False,CMMS,project_fact_ordenestrabajo_export.csv,2026-06-23T00:00:00,4151
WO004152,20250313,20250317,A005,EQ0037,SV4,R006,WT4,P3,S4,32.23,29.35,False,False,CMMS,project_fact_ordenestrabajo_export.csv,2026-06-23T00:00:00,4152
WO004153,20250426,20250430,A004,EQ0004,SV6,R025,WT6,P2,S4,19.02,28.17,True,False,CMMS,project_fact_ordenestrabajo_export.csv,2026-06-23T00:00:00,4153
WO004154,20250218,20250220,A004,EQ0012,SV7,R017,WT3,P2,S4,11.3,10.11,True,False,ERP,project_fact_ordenestrabajo_export.csv,2026-06-23T00:00:00,4154
WO004155,20250103,20250105,A004,EQ0005,SV5,R006,WT1,P3,S4,25.7,13.08,False,False,ServiceDesk,project_fact_ordenestrabajo_export.csv,2026-06-23T00:00:00,4155
WO004156,20250331,20250404,A006,EQ0024,SV1,R021,WT6,P2,S4,19.86,27.5,True,False,ERP,project_fact_ordenestrabajo_export.csv,2026-06-23T00:00:00,4156
WO004157,20250121,20250129,A001,EQ0007,SV7,R008,WT2,P3,S4,51.09,60.06,False,False,ERP,project_fact_ordenestrabajo_export.csv,2026-06-23T00:00:00,4157
WO004158,20250506,20250514,A003,EQ0001,SV6,R028,WT2,P3,S4,48.62,58.36,False,False,ServiceDesk,project_fact_ordenestrabajo_export.csv,2026-06-23T00:00:00,4158
WO004159,20250116,20250129,A005,EQ0016,SV3,R004,WT5,P4,S4,67.7,97.65,False,False,CMMS,project_fact_ordenestrabajo_export.csv,2026-06-23T00:00:00,4159
WO004160,20250509,20250510,A001,EQ0026,SV4,R030,WT3,P1,S4,6.77,6.27,True,False,ERP,project_fact_ordenestrabajo_export.csv,2026-06-23T00:00:00,4160
WO004161,20250104,20250107,A006,EQ0014,SV2,R021,WT1,P2,S4,15.07,23.11,True,False,ServiceDesk,project_fact_ordenestrabajo_export.csv,2026-06-23T00:00:00,4161
WO004162,20250530,20250607,A006,EQ0038,SV8,R030,WT1,P3,S4,54.1,56.43,False,False,CMMS,project_fact_ordenestrabajo_export.csv,2026-06-23T00:00:00,4162
WO004163,20250430,,A005,EQ0037,SV7,R015,WT1,P3,S1,55.04,143.37,False,True,ServiceDesk,project_fact_ordenestrabajo_export.csv,2026-06-23T00:00:00,4163
WO004164,20250226,20250323,A003,EQ0031,SV6,R012,WT1,P4,S4,92.8,195.18,False,False,ServiceDesk,project_fact_ordenestrabajo_export.csv,2026-06-23T00:00:00,4164
WO004165,20250507,20250511,A005,EQ0018,SV1,R012,WT3,P2,S4,19.92,31.21,True,False,CMMS,project_fact_ordenestrabajo_export.csv,2026-06-23T00:00:00,4165
WO004166,20250501,,A004,EQ0013,SV6,R030,WT1,P3,S3,63.87,81.03,False,False,ServiceDesk,project_fact_ordenestrabajo_export.csv,2026-06-23T00:00:00,4166
WO004167,20250310,20250327,A001,EQ0026,SV7,R020,WT2,P4,S4,103.48,132.56,False,False,ServiceDesk,project_fact_ordenestrabajo_export.csv,2026-06-23T00:00:00,4167
WO004168,20250215,,A004,EQ0029,SV6,R027,WT1,P3,S2,26.13,23.23,False,True,ERP,project_fact_ordenestrabajo_export.csv,2026-06-23T00:00:00,4168
WO004169,20250625,,A003,EQ0033,SV3,R007,WT6,P2,S1,20.01,6.48,True,True,ServiceDesk,project_fact_ordenestrabajo_export.csv,2026-06-23T00:00:00,4169
WO004170,20250205,20250208,A001,EQ0028,SV3,R023,WT2,P2,S4,16.34,21.48,True,False,ERP,project_fact_ordenestrabajo_export.csv,2026-06-23T00:00:00,4170
WO004171,20250318,20250321,A001,EQ0026,SV3,R022,WT2,P3,S5,39.66,23.87,False,False,ERP,project_fact_ordenestrabajo_export.csv,2026-06-23T00:00:00,4171
WO004172,20250530,20250604,A005,EQ0011,SV6,R011,WT2,P3,S4,30.77,32.86,False,True,ERP,project_fact_ordenestrabajo_export.csv,2026-06-23T00:00:00,4172
WO004173,20250111,20250112,A003,EQ0001,SV2,R030,WT1,P1,S4,5.87,6.96,True,False,ServiceDesk,project_fact_ordenestrabajo_export.csv,2026-06-23T00:00:00,4173
WO004174,20250527,,A004,EQ0013,SV7,R026,WT1,P4,S2,102.9,107.36,False,False,ServiceDesk,project_fact_ordenestrabajo_export.csv,2026-06-23T00:00:00,4174
WO004175,20250210,20250212,A004,EQ0002,SV3,R012,WT1,P2,S4,15.82,12.26,True,False,ERP,project_fact_ordenestrabajo_export.csv,2026-06-23T00:00:00,4175
WO004176,20250502,20250503,A001,EQ0028,SV4,R002,WT6,P1,S4,4.17,3.9,True,False,ERP,project_fact_ordenestrabajo_export.csv,2026-06-23T00:00:00,4176
WO004177,20250622,20250630,A001,EQ0020,SV2,R016,WT1,P3,S4,56.29,95.45,False,False,ServiceDesk,project_fact_ordenestrabajo_export.csv,2026-06-23T00:00:00,4177
WO004178,20250626,,A001,EQ0020,SV1,R030,WT1,P3,S2,53.49,95.44,False,False,ERP,project_fact_ordenestrabajo_export.csv,2026-06-23T00:00:00,4178
WO004179,20250427,20250430,A006,EQ0038,SV4,R024,WT2,P2,S4,14.64,21.36,True,True,CMMS,project_fact_ordenestrabajo_export.csv,2026-06-23T00:00:00,4179
WO004180,20250130,20250202,A006,EQ0019,SV7,R025,WT6,P3,S4,30.61,20.26,False,False,CMMS,project_fact_ordenestrabajo_export.csv,2026-06-23T00:00:00,4180
WO004181,20250607,20250618,A005,EQ0037,SV8,R027,WT3,P4,S4,100.2,85.03,False,False,CMMS,project_fact_ordenestrabajo_export.csv,2026-06-23T00:00:00,4181
WO004182,20250514,20250530,A005,EQ0023,SV6,R017,WT6,P4,S4,103.67,120.78,False,False,CMMS,project_fact_ordenestrabajo_export.csv,2026-06-23T00:00:00,4182
WO004183,20250401,20250402,A003,EQ0035,SV1,R025,WT1,P1,S4,3.73,4.14,True,False,ERP,project_fact_ordenestrabajo_export.csv,2026-06-23T00:00:00,4183
WO004184,20250228,,A003,EQ0035,SV5,R025,WT1,P1,S2,3.6,3.59,True,False,CMMS,project_fact_ordenestrabajo_export.csv,2026-06-23T00:00:00,4184
WO004185,20250401,20250407,A001,EQ0026,SV2,R001,WT3,P2,S4,18.75,42.78,True,False,ERP,project_fact_ordenestrabajo_export.csv,2026-06-23T00:00:00,4185
WO004186,20250410,,A004,EQ0013,SV2,R005,WT1,P3,S2,63.3,53.31,False,False,CMMS,project_fact_ordenestrabajo_export.csv,2026-06-23T00:00:00,4186
WO004187,20250317,20250323,A006,EQ0038,SV2,R019,WT1,P3,S4,42.66,43.15,False,False,CMMS,project_fact_ordenestrabajo_export.csv,2026-06-23T00:00:00,4187
WO004188,20250109,,A005,EQ0017,SV2,R029,WT2,P4,S2,84.63,66.17,False,False,ServiceDesk,project_fact_ordenestrabajo_export.csv,2026-06-23T00:00:00,4188
WO004189,20250317,,A004,EQ0008,SV4,R010,WT5,P1,S1,3.56,4.68,True,True,ERP,project_fact_ordenestrabajo_export.csv,2026-06-23T00:00:00,4189
WO004190,20250111,20250114,A001,EQ0010,SV5,R014,WT1,P2,S4,10.04,17.09,True,False,CMMS,project_fact_ordenestrabajo_export.csv,2026-06-23T00:00:00,4190
WO004191,20250119,20250120,A005,EQ0018,SV2,R015,WT1,P1,S4,3.29,5.57,True,False,ServiceDesk,project_fact_ordenestrabajo_export.csv,2026-06-23T00:00:00,4191
WO004192,20250521,20250528,A005,EQ0037,SV7,R023,WT2,P3,S4,52.06,53.27,False,False,ERP,project_fact_ordenestrabajo_export.csv,2026-06-23T00:00:00,4192
WO004193,20250429,20250502,A004,EQ0008,SV7,R025,WT6,P2,S4,19.21,16.56,True,False,ERP,project_fact_ordenestrabajo_export.csv,2026-06-23T00:00:00,4193
WO004194,20250502,20250509,A004,EQ0029,SV6,R023,WT2,P3,S4,47.69,51.46,False,False,ERP,project_fact_ordenestrabajo_export.csv,2026-06-23T00:00:00,4194
WO004195,20250305,,A001,EQ0007,SV1,R027,WT3,P2,S3,16.72,28.21,True,True,CMMS,project_fact_ordenestrabajo_export.csv,2026-06-23T00:00:00,4195
WO004196,20250123,,A001,EQ0028,SV2,R014,WT3,P1,S2,5.27,6.9,True,False,ERP,project_fact_ordenestrabajo_export.csv,2026-06-23T00:00:00,4196
WO004197,20250331,20250402,A005,EQ0021,SV7,R008,WT2,P2,S4,12.35,14.2,True,False,ERP,project_fact_ordenestrabajo_export.csv,2026-06-23T00:00:00,4197
WO004198,20250103,20250105,A005,EQ0011,SV4,R003,WT2,P2,S5,9.95,14.33,True,False,ERP,project_fact_ordenestrabajo_export.csv,2026-06-23T00:00:00,4198
WO004199,20250201,,A003,EQ0001,SV2,R021,WT1,P3,S1,42.62,66.45,False,False,CMMS,project_fact_ordenestrabajo_export.csv,2026-06-23T00:00:00,4199
WO004200,20250103,20250113,A005,EQ0018,SV7,R020,WT2,P4,S5,50.22,72.17,False,False,ERP,project_fact_ordenestrabajo_export.csv,2026-06-23T00:00:00,4200
WO004201,20250621,20250622,A005,EQ0011,SV3,R023,WT5,P1,S4,6.24,3.96,True,False,ServiceDesk,project_fact_ordenestrabajo_export.csv,2026-06-23T00:00:00,4201
WO004202,20250520,,A001,EQ0010,SV3,R026,WT6,P3,S1,62.36,64.54,False,False,ERP,project_fact_ordenestrabajo_export.csv,2026-06-23T00:00:00,4202
WO004203,20250502,20250505,A003,EQ0040,SV4,R027,WT3,P2,S4,18.04,18.67,True,False,ServiceDesk,project_fact_ordenestrabajo_export.csv,2026-06-23T00:00:00,4203
WO004204,20250210,,A006,EQ0038,SV6,R019,WT6,P1,S3,5.43,10.61,True,False,CMMS,project_fact_ordenestrabajo_export.csv,2026-06-23T00:00:00,4204
WO004205,20250319,20250325,A006,EQ0019,SV6,R014,WT2,P2,S4,19.81,45.35,True,True,ServiceDesk,project_fact_ordenestrabajo_export.csv,2026-06-23T00:00:00,4205
WO004206,20250627,20250630,A006,EQ0038,SV3,R017,WT1,P2,S4,13.28,16.66,True,False,ERP,project_fact_ordenestrabajo_export.csv,2026-06-23T00:00:00,4206
WO004207,20250317,,A004,EQ0008,SV4,R009,WT6,P2,S2,18.91,24.64,True,False,CMMS,project_fact_ordenestrabajo_export.csv,2026-06-23T00:00:00,4207
WO004208,20250529,20250601,A004,EQ0002,SV1,R018,WT2,P2,S4,14.99,18.65,True,False,ServiceDesk,project_fact_ordenestrabajo_export.csv,2026-06-23T00:00:00,4208
WO004209,20250111,20250114,A005,EQ0017,SV3,R019,WT2,P2,S5,15.42,19.34,True,False,ServiceDesk,project_fact_ordenestrabajo_export.csv,2026-06-23T00:00:00,4209
WO004210,20250401,20250427,A003,EQ0031,SV7,R016,WT3,P4,S4,66.55,200.46,False,False,CMMS,project_fact_ordenestrabajo_export.csv,2026-06-23T00:00:00,4210
WO004211,20250505,20250506,A005,EQ0034,SV1,R029,WT1,P1,S4,4.17,2.04,True,False,CMMS,project_fact_ordenestrabajo_export.csv,2026-06-23T00:00:00,4211
WO004212,20250628,,A003,EQ0031,SV3,R018,WT2,P2,S1,16.01,14.74,True,False,ServiceDesk,project_fact_ordenestrabajo_export.csv,2026-06-23T00:00:00,4212
WO004213,20250501,20250505,A002,EQ0015,SV4,R030,WT1,P2,S4,13.32,27.14,True,True,ERP,project_fact_ordenestrabajo_export.csv,2026-06-23T00:00:00,4213
WO004214,20250321,20250329,A004,EQ0008,SV5,R025,WT4,P4,S4,68.43,62.18,False,True,ServiceDesk,project_fact_ordenestrabajo_export.csv,2026-06-23T00:00:00,4214
WO004215,20250301,20250303,A004,EQ0029,SV3,R005,WT1,P2,S4,12.02,8.96,True,False,ERP,project_fact_ordenestrabajo_export.csv,2026-06-23T00:00:00,4215
WO004216,20250307,20250311,A004,EQ0005,SV3,R002,WT2,P3,S4,49.05,31.71,False,False,ERP,project_fact_ordenestrabajo_export.csv,2026-06-23T00:00:00,4216
WO004217,20250405,,A004,EQ0012,SV2,R004,WT5,P2,S3,20.95,9.35,True,False,ServiceDesk,project_fact_ordenestrabajo_export.csv,2026-06-23T00:00:00,4217
WO004218,20250506,20250508,A005,EQ0034,SV6,R005,WT1,P2,S4,19.96,12.56,True,False,ServiceDesk,project_fact_ordenestrabajo_export.csv,2026-06-23T00:00:00,4218
WO004219,20250106,20250111,A004,EQ0003,SV6,R005,WT1,P4,S4,53.54,34.54,False,False,ServiceDesk,project_fact_ordenestrabajo_export.csv,2026-06-23T00:00:00,4219
WO004220,20250118,20250123,A001,EQ0007,SV1,R016,WT5,P3,S5,28.3,36.84,False,False,CMMS,project_fact_ordenestrabajo_export.csv,2026-06-23T00:00:00,4220
WO004221,20250329,20250408,A005,EQ0037,SV2,R006,WT2,P3,S5,45.84,77.45,False,False,CMMS,project_fact_ordenestrabajo_export.csv,2026-06-23T00:00:00,4221
WO004222,20250308,,A001,EQ0020,SV5,R018,WT1,P3,S2,55.04,49.19,False,False,CMMS,project_fact_ordenestrabajo_export.csv,2026-06-23T00:00:00,4222
WO004223,20250109,,A005,EQ0011,SV1,R007,WT5,P2,S2,8.8,11.22,True,False,ERP,project_fact_ordenestrabajo_export.csv,2026-06-23T00:00:00,4223
WO004224,20250228,20250310,A005,EQ0017,SV4,R011,WT6,P4,S4,66.16,76.0,False,False,ERP,project_fact_ordenestrabajo_export.csv,2026-06-23T00:00:00,4224
WO004225,20250221,20250223,A006,EQ0027,SV8,R022,WT2,P2,S4,9.08,9.64,True,False,ServiceDesk,project_fact_ordenestrabajo_export.csv,2026-06-23T00:00:00,4225
WO004226,20250209,20250212,A002,EQ0036,SV5,R017,WT6,P2,S5,14.84,19.16,True,False,ERP,project_fact_ordenestrabajo_export.csv,2026-06-23T00:00:00,4226
WO004227,20250104,20250124,A002,EQ0036,SV5,R022,WT1,P4,S4,78.37,156.13,False,False,ServiceDesk,project_fact_ordenestrabajo_export.csv,2026-06-23T00:00:00,4227
WO004228,20250208,,A005,EQ0011,SV6,R026,WT5,P3,S2,47.33,48.07,False,False,ERP,project_fact_ordenestrabajo_export.csv,2026-06-23T00:00:00,4228
WO004229,20250629,20250630,A006,EQ0027,SV4,R012,WT3,P2,S4,10.3,16.37,True,False,CMMS,project_fact_ordenestrabajo_export.csv,2026-06-23T00:00:00,4229
WO004230,20250111,,A006,EQ0038,SV5,R016,WT3,P1,S2,5.51,4.6,True,False,ERP,project_fact_ordenestrabajo_export.csv,2026-06-23T00:00:00,4230
WO004231,20250203,,A003,EQ0033,SV5,R013,WT3,P1,S3,5.71,10.22,True,False,ERP,project_fact_ordenestrabajo_export.csv,2026-06-23T00:00:00,4231
WO004232,20250525,,A005,EQ0009,SV4,R019,WT1,P2,S2,18.33,11.68,True,False,CMMS,project_fact_ordenestrabajo_export.csv,2026-06-23T00:00:00,4232
WO004233,20250622,20250627,A003,EQ0025,SV7,R015,WT3,P3,S4,43.21,33.12,False,False,ERP,project_fact_ordenestrabajo_export.csv,2026-06-23T00:00:00,4233
WO004234,20250620,20250630,A005,EQ0009,SV4,R028,WT2,P3,S4,62.26,88.31,False,False,ServiceDesk,project_fact_ordenestrabajo_export.csv,2026-06-23T00:00:00,4234
WO004235,20250317,,A003,EQ0025,SV5,R023,WT6,P2,S2,17.26,12.01,True,False,ERP,project_fact_ordenestrabajo_export.csv,2026-06-23T00:00:00,4235
WO004236,20250522,20250602,A001,EQ0007,SV6,R027,WT5,P3,S4,64.38,84.26,False,False,CMMS,project_fact_ordenestrabajo_export.csv,2026-06-23T00:00:00,4236
WO004237,20250309,20250312,A003,EQ0001,SV5,R020,WT6,P2,S5,15.92,21.68,True,False,ERP,project_fact_ordenestrabajo_export.csv,2026-06-23T00:00:00,4237
WO004238,20250209,20250212,A003,EQ0033,SV7,R019,WT2,P3,S4,32.78,20.55,False,False,ERP,project_fact_ordenestrabajo_export.csv,2026-06-23T00:00:00,4238
WO004239,20250614,20250620,A004,EQ0013,SV7,R028,WT4,P3,S4,33.44,43.86,False,True,CMMS,project_fact_ordenestrabajo_export.csv,2026-06-23T00:00:00,4239
WO004240,20250311,20250313,A001,EQ0020,SV6,R018,WT2,P1,S4,6.15,8.44,True,False,CMMS,project_fact_ordenestrabajo_export.csv,2026-06-23T00:00:00,4240
WO004241,20250105,20250118,A001,EQ0028,SV8,R025,WT1,P3,S4,43.34,99.28,False,False,ERP,project_fact_ordenestrabajo_export.csv,2026-06-23T00:00:00,4241
WO004242,20250130,20250224,A005,EQ0017,SV5,R029,WT2,P4,S4,80.16,197.71,False,False,ERP,project_fact_ordenestrabajo_export.csv,2026-06-23T00:00:00,4242
WO004243,20250616,,A002,EQ0036,SV3,R024,WT1,P4,S2,68.73,75.55,False,False,ERP,project_fact_ordenestrabajo_export.csv,2026-06-23T00:00:00,4243
WO004244,20250202,,A006,EQ0024,SV3,R026,WT1,P4,S2,75.84,97.09,False,False,ServiceDesk,project_fact_ordenestrabajo_export.csv,2026-06-23T00:00:00,4244
WO004245,20250325,20250402,A001,EQ0010,SV6,R026,WT4,P3,S4,34.76,62.1,False,False,ERP,project_fact_ordenestrabajo_export.csv,2026-06-23T00:00:00,4245
WO004246,20250519,,A006,EQ0014,SV6,R016,WT2,P4,S2,89.49,50.17,False,False,ERP,project_fact_ordenestrabajo_export.csv,2026-06-23T00:00:00,4246
WO004247,20250404,20250410,A005,EQ0021,SV8,R025,WT2,P2,S5,20.32,44.0,True,False,ServiceDesk,project_fact_ordenestrabajo_export.csv,2026-06-23T00:00:00,4247
WO004248,20250101,20250104,A003,EQ0040,SV3,R010,WT2,P3,S4,26.46,19.85,False,False,ServiceDesk,project_fact_ordenestrabajo_export.csv,2026-06-23T00:00:00,4248
WO004249,20250417,,A002,EQ0030,SV1,R017,WT5,P1,S3,5.22,4.23,True,False,ERP,project_fact_ordenestrabajo_export.csv,2026-06-23T00:00:00,4249
WO004250,20250303,20250304,A006,EQ0019,SV4,R013,WT1,P1,S4,6.26,7.28,True,False,CMMS,project_fact_ordenestrabajo_export.csv,2026-06-23T00:00:00,4250
WO004251,20250404,,A005,EQ0009,SV2,R010,WT1,P3,S2,45.61,65.58,False,False,ServiceDesk,project_fact_ordenestrabajo_export.csv,2026-06-23T00:00:00,4251
WO004252,20250109,20250111,A006,EQ0027,SV8,R016,WT5,P2,S4,10.14,9.39,True,True,ServiceDesk,project_fact_ordenestrabajo_export.csv,2026-06-23T00:00:00,4252
WO004253,20250204,,A001,EQ0028,SV8,R028,WT2,P3,S1,50.05,83.86,False,False,ServiceDesk,project_fact_ordenestrabajo_export.csv,2026-06-23T00:00:00,4253
WO004254,20250205,20250207,A005,EQ0016,SV1,R020,WT1,P2,S4,11.4,13.29,True,False,ServiceDesk,project_fact_ordenestrabajo_export.csv,2026-06-23T00:00:00,4254
WO004255,20250324,,A005,EQ0017,SV3,R001,WT1,P4,S2,66.96,79.98,False,True,CMMS,project_fact_ordenestrabajo_export.csv,2026-06-23T00:00:00,4255
WO004256,20250419,20250501,A005,EQ0006,SV4,R029,WT5,P4,S4,96.85,95.82,False,False,ERP,project_fact_ordenestrabajo_export.csv,2026-06-23T00:00:00,4256
WO004257,20250429,,A004,EQ0005,SV3,R013,WT3,P1,S2,6.22,9.39,True,False,CMMS,project_fact_ordenestrabajo_export.csv,2026-06-23T00:00:00,4257
WO004258,20250117,20250119,A003,EQ0001,SV5,R029,WT4,P2,S5,15.26,11.72,True,False,CMMS,project_fact_ordenestrabajo_export.csv,2026-06-23T00:00:00,4258
WO004259,20250109,20250113,A004,EQ0002,SV8,R007,WT2,P3,S4,30.52,30.63,False,False,ServiceDesk,project_fact_ordenestrabajo_export.csv,2026-06-23T00:00:00,4259
WO004260,20250327,,A005,EQ0006,SV7,R015,WT1,P4,S1,50.78,27.58,False,False,ServiceDesk,project_fact_ordenestrabajo_export.csv,2026-06-23T00:00:00,4260
WO004261,20250228,20250303,A004,EQ0008,SV6,R023,WT4,P2,S4,14.7,20.19,True,False,CMMS,project_fact_ordenestrabajo_export.csv,2026-06-23T00:00:00,4261
WO004262,20250307,20250310,A002,EQ0015,SV7,R015,WT5,P2,S4,18.84,23.47,True,True,CMMS,project_fact_ordenestrabajo_export.csv,2026-06-23T00:00:00,4262
WO004263,20250610,,A001,EQ0028,SV2,R013,WT6,P2,S2,14.84,34.23,True,False,CMMS,project_fact_ordenestrabajo_export.csv,2026-06-23T00:00:00,4263
WO004264,20250628,,A005,EQ0018,SV5,R028,WT1,P1,S1,4.1,1.82,True,False,ServiceDesk,project_fact_ordenestrabajo_export.csv,2026-06-23T00:00:00,4264
WO004265,20250114,20250116,A005,EQ0034,SV8,R014,WT2,P2,S4,12.99,15.15,True,True,ERP,project_fact_ordenestrabajo_export.csv,2026-06-23T00:00:00,4265
WO004266,20250123,20250124,A005,EQ0039,SV3,R018,WT1,P1,S4,3.34,3.19,True,True,ERP,project_fact_ordenestrabajo_export.csv,2026-06-23T00:00:00,4266
WO004267,20250124,,A005,EQ0011,SV5,R011,WT6,P3,S2,38.29,33.5,False,True,CMMS,project_fact_ordenestrabajo_export.csv,2026-06-23T00:00:00,4267
WO004268,20250430,,A002,EQ0036,SV8,R006,WT1,P3,S1,26.44,19.97,False,False,CMMS,project_fact_ordenestrabajo_export.csv,2026-06-23T00:00:00,4268
WO004269,20250329,20250425,A001,EQ0026,SV7,R028,WT3,P4,S4,104.74,209.99,False,False,CMMS,project_fact_ordenestrabajo_export.csv,2026-06-23T00:00:00,4269
WO004270,20250207,20250218,A005,EQ0018,SV3,R005,WT1,P3,S4,61.14,81.99,False,False,CMMS,project_fact_ordenestrabajo_export.csv,2026-06-23T00:00:00,4270
WO004271,20250217,,A005,EQ0009,SV4,R021,WT3,P2,S2,18.9,21.88,True,True,ServiceDesk,project_fact_ordenestrabajo_export.csv,2026-06-23T00:00:00,4271
WO004272,20250113,20250118,A005,EQ0009,SV8,R008,WT1,P3,S4,26.11,33.54,False,True,CMMS,project_fact_ordenestrabajo_export.csv,2026-06-23T00:00:00,4272
WO004273,20250604,20250605,A005,EQ0017,SV1,R027,WT2,P1,S4,3.33,2.83,True,False,CMMS,project_fact_ordenestrabajo_export.csv,2026-06-23T00:00:00,4273
WO004274,20250122,20250123,A004,EQ0012,SV5,R005,WT4,P1,S4,6.88,5.09,True,False,ServiceDesk,project_fact_ordenestrabajo_export.csv,2026-06-23T00:00:00,4274
WO004275,20250514,20250524,A003,EQ0025,SV1,R021,WT5,P3,S4,51.25,77.65,False,False,ERP,project_fact_ordenestrabajo_export.csv,2026-06-23T00:00:00,4275
WO004276,20250613,20250615,A006,EQ0014,SV3,R010,WT1,P1,S4,3.98,9.35,True,False,CMMS,project_fact_ordenestrabajo_export.csv,2026-06-23T00:00:00,4276
WO004277,20250502,20250531,A004,EQ0008,SV2,R001,WT6,P4,S5,106.54,229.02,False,False,ERP,project_fact_ordenestrabajo_export.csv,2026-06-23T00:00:00,4277
WO004278,20250315,20250322,A001,EQ0028,SV8,R014,WT2,P3,S5,26.83,54.4,False,False,CMMS,project_fact_ordenestrabajo_export.csv,2026-06-23T00:00:00,4278
WO004279,20250420,20250425,A004,EQ0029,SV1,R008,WT1,P4,S4,54.12,32.3,False,False,CMMS,project_fact_ordenestrabajo_export.csv,2026-06-23T00:00:00,4279
WO004280,20250201,,A005,EQ0037,SV5,R015,WT2,P2,S2,12.53,10.48,True,False,CMMS,project_fact_ordenestrabajo_export.csv,2026-06-23T00:00:00,4280
WO004281,20250523,20250602,A003,EQ0022,SV6,R025,WT2,P3,S4,49.96,78.65,False,True,CMMS,project_fact_ordenestrabajo_export.csv,2026-06-23T00:00:00,4281
WO004282,20250429,20250503,A005,EQ0011,SV8,R004,WT2,P3,S4,26.64,30.18,False,False,ServiceDesk,project_fact_ordenestrabajo_export.csv,2026-06-23T00:00:00,4282
WO004283,20250309,20250315,A001,EQ0007,SV2,R008,WT1,P3,S4,44.77,43.42,False,False,CMMS,project_fact_ordenestrabajo_export.csv,2026-06-23T00:00:00,4283
WO004284,20250419,20250428,A006,EQ0019,SV3,R019,WT6,P3,S4,50.78,68.17,False,False,ERP,project_fact_ordenestrabajo_export.csv,2026-06-23T00:00:00,4284
WO004285,20250623,20250624,A005,EQ0023,SV6,R008,WT5,P1,S4,2.99,2.69,True,False,ServiceDesk,project_fact_ordenestrabajo_export.csv,2026-06-23T00:00:00,4285
WO004286,20250227,,A005,EQ0017,SV5,R003,WT1,P3,S2,54.37,68.51,False,False,ERP,project_fact_ordenestrabajo_export.csv,2026-06-23T00:00:00,4286
WO004287,20250224,20250305,A002,EQ0030,SV8,R019,WT3,P3,S4,37.7,69.76,False,False,ServiceDesk,project_fact_ordenestrabajo_export.csv,2026-06-23T00:00:00,4287
WO004288,20250302,20250314,A004,EQ0002,SV8,R017,WT6,P3,S4,45.66,88.46,False,True,ERP,project_fact_ordenestrabajo_export.csv,2026-06-23T00:00:00,4288
WO004289,20250604,,A006,EQ0038,SV2,R014,WT2,P3,S2,31.77,21.46,False,True,CMMS,project_fact_ordenestrabajo_export.csv,2026-06-23T00:00:00,4289
WO004290,20250514,20250524,A002,EQ0015,SV5,R010,WT1,P3,S4,51.65,75.32,False,False,ERP,project_fact_ordenestrabajo_export.csv,2026-06-23T00:00:00,4290
WO004291,20250608,20250614,A004,EQ0005,SV6,R017,WT3,P3,S4,40.88,45.89,False,True,ServiceDesk,project_fact_ordenestrabajo_export.csv,2026-06-23T00:00:00,4291
WO004292,20250120,20250129,A005,EQ0021,SV4,R014,WT3,P3,S4,51.81,65.14,False,False,CMMS,project_fact_ordenestrabajo_export.csv,2026-06-23T00:00:00,4292
WO004293,20250617,20250621,A004,EQ0003,SV5,R024,WT2,P3,S4,43.85,24.6,False,True,CMMS,project_fact_ordenestrabajo_export.csv,2026-06-23T00:00:00,4293
WO004294,20250123,20250124,A003,EQ0001,SV2,R008,WT5,P1,S4,6.39,2.65,True,True,ServiceDesk,project_fact_ordenestrabajo_export.csv,2026-06-23T00:00:00,4294
WO004295,20250208,20250212,A004,EQ0012,SV8,R015,WT2,P3,S4,30.85,31.1,False,False,ERP,project_fact_ordenestrabajo_export.csv,2026-06-23T00:00:00,4295
WO004296,20250107,20250113,A005,EQ0009,SV7,R001,WT2,P3,S4,27.97,40.17,False,False,ERP,project_fact_ordenestrabajo_export.csv,2026-06-23T00:00:00,4296
WO004297,20250413,20250419,A003,EQ0001,SV6,R016,WT6,P3,S4,50.08,45.0,False,False,CMMS,project_fact_ordenestrabajo_export.csv,2026-06-23T00:00:00,4297
WO004298,20250312,20250315,A005,EQ0034,SV1,R014,WT2,P2,S4,13.65,20.08,True,False,ServiceDesk,project_fact_ordenestrabajo_export.csv,2026-06-23T00:00:00,4298
WO004299,20250502,20250510,A006,EQ0027,SV7,R002,WT1,P3,S4,38.92,56.39,False,False,CMMS,project_fact_ordenestrabajo_export.csv,2026-06-23T00:00:00,4299
WO004300,20250125,,A005,EQ0034,SV1,R028,WT2,P3,S5,41.17,69.88,False,False,ServiceDesk,project_fact_ordenestrabajo_export.csv,2026-06-23T00:00:00,4300
WO004301,20250213,20250216,A003,EQ0025,SV7,R026,WT3,P2,S4,20.11,19.56,True,False,ServiceDesk,project_fact_ordenestrabajo_export.csv,2026-06-23T00:00:00,4301
WO004302,20250606,,A004,EQ0013,SV8,R020,WT4,P1,S2,5.87,8.55,True,False,ERP,project_fact_ordenestrabajo_export.csv,2026-06-23T00:00:00,4302
WO004303,20250113,,A006,EQ0024,SV2,R005,WT2,P3,S2,46.16,36.55,False,False,ERP,project_fact_ordenestrabajo_export.csv,2026-06-23T00:00:00,4303
WO004304,20250218,,A001,EQ0028,SV8,R010,WT1,P2,S3,11.11,11.21,True,False,CMMS,project_fact_ordenestrabajo_export.csv,2026-06-23T00:00:00,4304
WO004305,20250201,,A003,EQ0022,SV8,R004,WT3,P4,S2,58.69,59.93,False,False,CMMS,project_fact_ordenestrabajo_export.csv,2026-06-23T00:00:00,4305
WO004306,20250315,,A006,EQ0027,SV1,R002,WT3,P2,S1,12.28,22.99,True,False,ERP,project_fact_ordenestrabajo_export.csv,2026-06-23T00:00:00,4306
WO004307,20250312,,A002,EQ0036,SV2,R018,WT1,P2,S2,10.54,10.43,True,False,ServiceDesk,project_fact_ordenestrabajo_export.csv,2026-06-23T00:00:00,4307
WO004308,20250130,,A005,EQ0006,SV6,R016,WT6,P2,S3,9.38,13.68,True,False,ERP,project_fact_ordenestrabajo_export.csv,2026-06-23T00:00:00,4308
WO004309,20250409,20250414,A002,EQ0036,SV1,R029,WT3,P2,S4,18.25,33.95,True,False,CMMS,project_fact_ordenestrabajo_export.csv,2026-06-23T00:00:00,4309
WO004310,20250325,20250329,A005,EQ0018,SV7,R029,WT2,P3,S4,40.53,24.73,False,False,CMMS,project_fact_ordenestrabajo_export.csv,2026-06-23T00:00:00,4310
WO004311,20250514,20250520,A005,EQ0023,SV3,R003,WT2,P3,S4,45.74,45.76,False,False,CMMS,project_fact_ordenestrabajo_export.csv,2026-06-23T00:00:00,4311
WO004312,20250327,20250329,A004,EQ0003,SV6,R017,WT3,P2,S4,10.44,10.37,True,False,ERP,project_fact_ordenestrabajo_export.csv,2026-06-23T00:00:00,4312
WO004313,20250402,20250403,A005,EQ0006,SV7,R025,WT3,P1,S4,6.52,5.51,True,True,CMMS,project_fact_ordenestrabajo_export.csv,2026-06-23T00:00:00,4313
WO004314,20250227,20250315,A001,EQ0010,SV4,R027,WT2,P3,S4,45.44,122.68,False,False,CMMS,project_fact_ordenestrabajo_export.csv,2026-06-23T00:00:00,4314
WO004315,20250603,20250607,A004,EQ0012,SV3,R029,WT2,P2,S4,19.22,25.59,True,False,ServiceDesk,project_fact_ordenestrabajo_export.csv,2026-06-23T00:00:00,4315
WO004316,20250304,,A006,EQ0024,SV2,R030,WT1,P2,S2,17.94,16.97,True,False,CMMS,project_fact_ordenestrabajo_export.csv,2026-06-23T00:00:00,4316
WO004317,20250423,,A006,EQ0024,SV4,R008,WT2,P3,S2,26.54,37.05,False,False,CMMS,project_fact_ordenestrabajo_export.csv,2026-06-23T00:00:00,4317
WO004318,20250627,20250630,A005,EQ0016,SV1,R029,WT3,P4,S4,75.99,225.69,False,False,ERP,project_fact_ordenestrabajo_export.csv,2026-06-23T00:00:00,4318
WO004319,20250323,20250324,A003,EQ0040,SV3,R014,WT5,P1,S4,4.46,5.39,True,False,CMMS,project_fact_ordenestrabajo_export.csv,2026-06-23T00:00:00,4319
WO004320,20250505,20250506,A003,EQ0025,SV7,R014,WT6,P2,S4,9.55,7.09,True,False,ServiceDesk,project_fact_ordenestrabajo_export.csv,2026-06-23T00:00:00,4320
WO004321,20250326,20250329,A001,EQ0007,SV6,R023,WT2,P2,S4,12.79,22.46,True,False,CMMS,project_fact_ordenestrabajo_export.csv,2026-06-23T00:00:00,4321
WO004322,20250426,20250427,A005,EQ0021,SV4,R009,WT1,P1,S4,3.41,3.42,True,False,ServiceDesk,project_fact_ordenestrabajo_export.csv,2026-06-23T00:00:00,4322
WO004323,20250311,,A005,EQ0016,SV5,R005,WT3,P1,S2,5.43,5.14,True,False,ServiceDesk,project_fact_ordenestrabajo_export.csv,2026-06-23T00:00:00,4323
WO004324,20250322,20250325,A005,EQ0034,SV2,R008,WT5,P3,S4,36.12,22.08,False,False,CMMS,project_fact_ordenestrabajo_export.csv,2026-06-23T00:00:00,4324
WO004325,20250220,,A005,EQ0034,SV2,R012,WT2,P2,S3,17.93,31.62,True,False,ERP,project_fact_ordenestrabajo_export.csv,2026-06-23T00:00:00,4325
WO004326,20250402,,A005,EQ0018,SV7,R007,WT3,P2,S3,16.77,23.2,True,False,CMMS,project_fact_ordenestrabajo_export.csv,2026-06-23T00:00:00,4326
WO004327,20250306,,A003,EQ0035,SV1,R013,WT6,P3,S2,35.7,21.23,False,False,ServiceDesk,project_fact_ordenestrabajo_export.csv,2026-06-23T00:00:00,4327
WO004328,20250207,20250224,A005,EQ0039,SV1,R013,WT2,P3,S4,50.06,133.69,False,False,ERP,project_fact_ordenestrabajo_export.csv,2026-06-23T00:00:00,4328
WO004329,20250629,20250630,A006,EQ0014,SV6,R021,WT1,P2,S4,10.26,9.76,True,False,ERP,project_fact_ordenestrabajo_export.csv,2026-06-23T00:00:00,4329
WO004330,20250612,,A004,EQ0008,SV2,R007,WT1,P3,S1,58.05,71.09,False,False,ServiceDesk,project_fact_ordenestrabajo_export.csv,2026-06-23T00:00:00,4330
WO004331,20250319,20250322,A003,EQ0025,SV3,R001,WT4,P2,S4,17.01,17.41,True,True,CMMS,project_fact_ordenestrabajo_export.csv,2026-06-23T00:00:00,4331
WO004332,20250421,20250423,A006,EQ0019,SV6,R008,WT1,P2,S4,12.72,10.35,True,False,ServiceDesk,project_fact_ordenestrabajo_export.csv,2026-06-23T00:00:00,4332
WO004333,20250401,20250409,A006,EQ0014,SV5,R013,WT2,P3,S4,39.58,61.54,False,True,CMMS,project_fact_ordenestrabajo_export.csv,2026-06-23T00:00:00,4333
WO004334,20250222,20250225,A004,EQ0013,SV2,R026,WT3,P3,S4,26.09,18.3,False,False,CMMS,project_fact_ordenestrabajo_export.csv,2026-06-23T00:00:00,4334
WO004335,20250305,,A005,EQ0017,SV8,R011,WT5,P3,S2,60.56,72.12,False,False,ServiceDesk,project_fact_ordenestrabajo_export.csv,2026-06-23T00:00:00,4335
WO004336,20250213,20250217,A004,EQ0012,SV1,R003,WT3,P3,S4,43.22,24.35,False,False,ServiceDesk,project_fact_ordenestrabajo_export.csv,2026-06-23T00:00:00,4336
WO004337,20250503,20250511,A002,EQ0036,SV8,R027,WT3,P3,S4,58.35,58.75,False,False,CMMS,project_fact_ordenestrabajo_export.csv,2026-06-23T00:00:00,4337
WO004338,20250226,,A001,EQ0026,SV1,R029,WT5,P1,S1,6.92,6.88,True,True,ServiceDesk,project_fact_ordenestrabajo_export.csv,2026-06-23T00:00:00,4338
WO004339,20250317,20250322,A003,EQ0022,SV2,R018,WT6,P2,S4,16.03,32.94,True,False,ERP,project_fact_ordenestrabajo_export.csv,2026-06-23T00:00:00,4339
WO004340,20250510,,A001,EQ0007,SV7,R009,WT2,P3,S2,47.11,84.59,False,False,CMMS,project_fact_ordenestrabajo_export.csv,2026-06-23T00:00:00,4340
WO004341,20250526,20250627,A006,EQ0019,SV5,R023,WT2,P4,S5,96.52,253.01,False,True,ERP,project_fact_ordenestrabajo_export.csv,2026-06-23T00:00:00,4341
WO004342,20250113,20250117,A001,EQ0028,SV3,R025,WT2,P3,S4,25.78,27.71,False,True,CMMS,project_fact_ordenestrabajo_export.csv,2026-06-23T00:00:00,4342
WO004343,20250218,20250221,A001,EQ0026,SV4,R001,WT6,P2,S4,10.68,18.08,True,False,ERP,project_fact_ordenestrabajo_export.csv,2026-06-23T00:00:00,4343
WO004344,20250503,20250504,A003,EQ0031,SV3,R029,WT6,P3,S4,30.27,7.9,False,False,CMMS,project_fact_ordenestrabajo_export.csv,2026-06-23T00:00:00,4344
WO004345,20250209,,A005,EQ0017,SV5,R010,WT2,P2,S2,16.04,17.9,True,False,ServiceDesk,project_fact_ordenestrabajo_export.csv,2026-06-23T00:00:00,4345
WO004346,20250128,20250130,A004,EQ0012,SV6,R016,WT6,P1,S4,6.49,10.07,True,True,CMMS,project_fact_ordenestrabajo_export.csv,2026-06-23T00:00:00,4346
WO004347,20250218,20250225,A003,EQ0033,SV6,R029,WT2,P3,S4,46.8,48.83,False,False,ERP,project_fact_ordenestrabajo_export.csv,2026-06-23T00:00:00,4347
WO004348,20250217,20250227,A006,EQ0024,SV7,R019,WT6,P3,S4,51.2,74.24,False,False,CMMS,project_fact_ordenestrabajo_export.csv,2026-06-23T00:00:00,4348
WO004349,20250505,,A004,EQ0002,SV8,R027,WT1,P1,S3,3.5,4.66,True,False,CMMS,project_fact_ordenestrabajo_export.csv,2026-06-23T00:00:00,4349
WO004350,20250123,,A004,EQ0029,SV3,R029,WT5,P2,S3,14.41,25.15,True,False,CMMS,project_fact_ordenestrabajo_export.csv,2026-06-23T00:00:00,4350
WO004351,20250608,20250613,A004,EQ0005,SV6,R005,WT2,P4,S4,43.91,39.53,False,False,ServiceDesk,project_fact_ordenestrabajo_export.csv,2026-06-23T00:00:00,4351
WO004352,20250310,20250312,A003,EQ0031,SV2,R011,WT1,P1,S4,3.66,8.08,True,True,CMMS,project_fact_ordenestrabajo_export.csv,2026-06-23T00:00:00,4352
WO004353,20250511,20250512,A005,EQ0037,SV5,R007,WT6,P2,S4,8.56,6.74,True,False,CMMS,project_fact_ordenestrabajo_export.csv,2026-06-23T00:00:00,4353
WO004354,20250214,20250215,A004,EQ0003,SV6,R017,WT4,P1,S4,3.63,3.15,True,False,CMMS,project_fact_ordenestrabajo_export.csv,2026-06-23T00:00:00,4354
WO004355,20250602,20250607,A003,EQ0031,SV8,R001,WT2,P3,S4,40.47,35.53,False,False,CMMS,project_fact_ordenestrabajo_export.csv,2026-06-23T00:00:00,4355
WO004356,20250117,20250120,A004,EQ0008,SV3,R020,WT6,P3,S4,27.48,20.97,False,False,ERP,project_fact_ordenestrabajo_export.csv,2026-06-23T00:00:00,4356
WO004357,20250107,,A005,EQ0021,SV8,R012,WT1,P3,S1,48.69,37.8,False,False,CMMS,project_fact_ordenestrabajo_export.csv,2026-06-23T00:00:00,4357
WO004358,20250323,20250328,A006,EQ0024,SV6,R003,WT1,P4,S4,83.28,36.46,False,False,CMMS,project_fact_ordenestrabajo_export.csv,2026-06-23T00:00:00,4358
WO004359,20250628,20250630,A003,EQ0031,SV7,R007,WT1,P3,S4,31.31,21.54,False,False,CMMS,project_fact_ordenestrabajo_export.csv,2026-06-23T00:00:00,4359
WO004360,20250116,,A004,EQ0012,SV7,R003,WT2,P4,S2,57.09,45.01,False,False,CMMS,project_fact_ordenestrabajo_export.csv,2026-06-23T00:00:00,4360
WO004361,20250128,,A005,EQ0016,SV6,R005,WT6,P4,S1,73.75,39.64,False,False,ERP,project_fact_ordenestrabajo_export.csv,2026-06-23T00:00:00,4361
WO004362,20250116,20250124,A001,EQ0026,SV7,R015,WT2,P3,S4,28.24,63.42,False,False,ERP,project_fact_ordenestrabajo_export.csv,2026-06-23T00:00:00,4362
WO004363,20250427,20250509,A003,EQ0031,SV5,R024,WT1,P3,S4,49.7,88.58,False,False,ERP,project_fact_ordenestrabajo_export.csv,2026-06-23T00:00:00,4363
WO004364,20250423,20250424,A004,EQ0005,SV7,R001,WT2,P1,S4,3.12,1.58,True,False,CMMS,project_fact_ordenestrabajo_export.csv,2026-06-23T00:00:00,4364
WO004365,20250120,20250125,A001,EQ0010,SV3,R004,WT2,P2,S4,17.63,38.68,True,False,ServiceDesk,project_fact_ordenestrabajo_export.csv,2026-06-23T00:00:00,4365
WO004366,20250326,,A002,EQ0015,SV8,R007,WT3,P1,S2,2.82,2.47,True,False,ServiceDesk,project_fact_ordenestrabajo_export.csv,2026-06-23T00:00:00,4366
WO004367,20250422,20250423,A003,EQ0022,SV4,R006,WT2,P1,S4,3.45,1.72,True,False,ServiceDesk,project_fact_ordenestrabajo_export.csv,2026-06-23T00:00:00,4367
WO004368,20250428,20250505,A004,EQ0012,SV4,R005,WT2,P3,S4,31.5,49.18,False,True,ERP,project_fact_ordenestrabajo_export.csv,2026-06-23T00:00:00,4368
WO004369,20250509,20250517,A001,EQ0020,SV2,R008,WT1,P3,S4,59.19,56.7,False,False,CMMS,project_fact_ordenestrabajo_export.csv,2026-06-23T00:00:00,4369
WO004370,20250427,,A003,EQ0001,SV5,R023,WT2,P2,S2,14.38,21.77,True,False,ERP,project_fact_ordenestrabajo_export.csv,2026-06-23T00:00:00,4370
WO004371,20250520,20250522,A005,EQ0023,SV7,R019,WT2,P2,S4,11.02,9.22,True,False,CMMS,project_fact_ordenestrabajo_export.csv,2026-06-23T00:00:00,4371
WO004372,20250117,20250131,A002,EQ0015,SV5,R010,WT1,P4,S4,90.86,111.13,False,False,CMMS,project_fact_ordenestrabajo_export.csv,2026-06-23T00:00:00,4372
WO004373,20250304,20250317,A005,EQ0016,SV2,R030,WT1,P4,S4,86.19,99.19,False,False,CMMS,project_fact_ordenestrabajo_export.csv,2026-06-23T00:00:00,4373
WO004374,20250413,20250415,A005,EQ0006,SV8,R029,WT5,P2,S4,10.41,8.35,True,False,ERP,project_fact_ordenestrabajo_export.csv,2026-06-23T00:00:00,4374
WO004375,20250403,20250409,A005,EQ0006,SV8,R007,WT1,P3,S4,30.08,46.88,False,False,ServiceDesk,project_fact_ordenestrabajo_export.csv,2026-06-23T00:00:00,4375
WO004376,20250216,,A001,EQ0007,SV3,R018,WT3,P2,S3,16.28,15.67,True,True,ServiceDesk,project_fact_ordenestrabajo_export.csv,2026-06-23T00:00:00,4376
WO004377,20250226,20250228,A003,EQ0035,SV1,R027,WT2,P2,S4,10.07,11.97,True,False,ERP,project_fact_ordenestrabajo_export.csv,2026-06-23T00:00:00,4377
WO004378,20250622,20250624,A005,EQ0016,SV7,R006,WT1,P2,S4,15.53,11.43,True,False,ServiceDesk,project_fact_ordenestrabajo_export.csv,2026-06-23T00:00:00,4378
WO004379,20250302,,A006,EQ0038,SV3,R010,WT4,P1,S2,5.42,7.23,True,False,ServiceDesk,project_fact_ordenestrabajo_export.csv,2026-06-23T00:00:00,4379
WO004380,20250317,,A005,EQ0018,SV5,R018,WT1,P3,S1,39.77,55.4,False,False,ServiceDesk,project_fact_ordenestrabajo_export.csv,2026-06-23T00:00:00,4380
WO004381,20250622,,A006,EQ0014,SV3,R024,WT6,P2,S2,14.22,8.26,True,False,ERP,project_fact_ordenestrabajo_export.csv,2026-06-23T00:00:00,4381
WO004382,20250113,,A005,EQ0009,SV3,R025,WT3,P3,S2,30.42,51.1,False,False,CMMS,project_fact_ordenestrabajo_export.csv,2026-06-23T00:00:00,4382
WO004383,20250605,,A005,EQ0011,SV3,R021,WT2,P3,S2,57.52,151.92,False,False,ERP,project_fact_ordenestrabajo_export.csv,2026-06-23T00:00:00,4383
WO004384,20250512,20250513,A006,EQ0024,SV7,R030,WT2,P1,S4,6.48,7.43,True,False,ERP,project_fact_ordenestrabajo_export.csv,2026-06-23T00:00:00,4384
WO004385,20250304,,A003,EQ0033,SV6,R004,WT6,P1,S1,6.32,4.76,True,False,ServiceDesk,project_fact_ordenestrabajo_export.csv,2026-06-23T00:00:00,4385
WO004386,20250321,20250329,A004,EQ0008,SV5,R025,WT1,P3,S4,54.23,63.51,False,False,ERP,project_fact_ordenestrabajo_export.csv,2026-06-23T00:00:00,4386
WO004387,20250103,,A005,EQ0009,SV5,R018,WT1,P1,S3,4.84,5.69,True,False,ServiceDesk,project_fact_ordenestrabajo_export.csv,2026-06-23T00:00:00,4387
WO004388,20250417,20250421,A004,EQ0003,SV6,R013,WT1,P2,S4,21.01,29.11,True,False,CMMS,project_fact_ordenestrabajo_export.csv,2026-06-23T00:00:00,4388
WO004389,20250415,20250423,A006,EQ0024,SV6,R001,WT4,P3,S4,52.61,63.0,False,False,CMMS,project_fact_ordenestrabajo_export.csv,2026-06-23T00:00:00,4389
WO004390,20250326,20250329,A006,EQ0027,SV4,R019,WT2,P2,S4,14.21,20.76,True,False,ServiceDesk,project_fact_ordenestrabajo_export.csv,2026-06-23T00:00:00,4390
WO004391,20250303,,A004,EQ0013,SV5,R009,WT2,P3,S1,55.42,50.96,False,False,ERP,project_fact_ordenestrabajo_export.csv,2026-06-23T00:00:00,4391
WO004392,20250503,20250515,A003,EQ0035,SV1,R020,WT1,P3,S4,63.95,90.73,False,True,CMMS,project_fact_ordenestrabajo_export.csv,2026-06-23T00:00:00,4392
WO004393,20250511,20250517,A004,EQ0004,SV4,R022,WT5,P3,S4,53.06,47.95,False,False,ERP,project_fact_ordenestrabajo_export.csv,2026-06-23T00:00:00,4393
WO004394,20250413,20250424,A005,EQ0037,SV2,R002,WT2,P3,S5,58.66,82.41,False,True,ERP,project_fact_ordenestrabajo_export.csv,2026-06-23T00:00:00,4394
WO004395,20250108,,A006,EQ0038,SV6,R009,WT2,P2,S1,19.74,27.26,True,True,ServiceDesk,project_fact_ordenestrabajo_export.csv,2026-06-23T00:00:00,4395
WO004396,20250225,20250311,A002,EQ0015,SV8,R015,WT5,P3,S5,53.72,106.15,False,False,CMMS,project_fact_ordenestrabajo_export.csv,2026-06-23T00:00:00,4396
WO004397,20250620,,A004,EQ0002,SV2,R010,WT2,P4,S1,45.71,91.47,False,False,ServiceDesk,project_fact_ordenestrabajo_export.csv,2026-06-23T00:00:00,4397
WO004398,20250403,20250406,A003,EQ0001,SV8,R022,WT6,P3,S4,26.9,23.62,False,False,ServiceDesk,project_fact_ordenestrabajo_export.csv,2026-06-23T00:00:00,4398
WO004399,20250206,20250217,A005,EQ0011,SV4,R003,WT2,P3,S4,57.78,84.49,False,False,ServiceDesk,project_fact_ordenestrabajo_export.csv,2026-06-23T00:00:00,4399
WO004400,20250630,20250630,A003,EQ0022,SV6,R023,WT3,P2,S4,17.29,11.73,True,False,ServiceDesk,project_fact_ordenestrabajo_export.csv,2026-06-23T00:00:00,4400
WO004401,20250511,20250524,A003,EQ0022,SV7,R019,WT1,P4,S4,90.23,96.61,False,True,ERP,project_fact_ordenestrabajo_export.csv,2026-06-23T00:00:00,4401
WO004402,20250223,20250225,A001,EQ0020,SV8,R001,WT3,P2,S4,13.72,10.74,True,False,ERP,project_fact_ordenestrabajo_export.csv,2026-06-23T00:00:00,4402
WO004403,20250302,20250318,A001,EQ0028,SV3,R020,WT1,P4,S4,100.23,123.14,False,False,ServiceDesk,project_fact_ordenestrabajo_export.csv,2026-06-23T00:00:00,4403
WO004404,20250615,,A006,EQ0024,SV2,R027,WT2,P3,S2,44.87,133.49,False,False,ERP,project_fact_ordenestrabajo_export.csv,2026-06-23T00:00:00,4404
WO004405,20250106,,A005,EQ0021,SV6,R020,WT1,P3,S2,51.55,29.0,False,False,ERP,project_fact_ordenestrabajo_export.csv,2026-06-23T00:00:00,4405
WO004406,20250319,,A002,EQ0030,SV3,R002,WT3,P2,S2,13.91,8.94,True,False,ERP,project_fact_ordenestrabajo_export.csv,2026-06-23T00:00:00,4406
WO004407,20250505,20250514,A006,EQ0027,SV2,R016,WT2,P3,S4,59.84,64.08,False,False,ServiceDesk,project_fact_ordenestrabajo_export.csv,2026-06-23T00:00:00,4407
WO004408,20250617,20250625,A005,EQ0006,SV5,R023,WT2,P3,S4,52.89,60.22,False,False,ERP,project_fact_ordenestrabajo_export.csv,2026-06-23T00:00:00,4408
WO004409,20250201,,A006,EQ0014,SV3,R020,WT2,P4,S3,67.49,77.06,False,False,CMMS,project_fact_ordenestrabajo_export.csv,2026-06-23T00:00:00,4409
WO004410,20250604,,A005,EQ0018,SV1,R023,WT3,P1,S2,5.49,2.62,True,False,ServiceDesk,project_fact_ordenestrabajo_export.csv,2026-06-23T00:00:00,4410
WO004411,20250215,,A003,EQ0035,SV5,R008,WT4,P3,S2,41.01,60.29,False,False,CMMS,project_fact_ordenestrabajo_export.csv,2026-06-23T00:00:00,4411
WO004412,20250516,,A005,EQ0037,SV2,R013,WT1,P4,S3,101.3,76.81,False,False,ServiceDesk,project_fact_ordenestrabajo_export.csv,2026-06-23T00:00:00,4412
WO004413,20250605,,A005,EQ0017,SV5,R001,WT2,P3,S2,40.56,47.78,False,False,CMMS,project_fact_ordenestrabajo_export.csv,2026-06-23T00:00:00,4413
WO004414,20250205,20250214,A003,EQ0022,SV4,R022,WT3,P4,S4,62.19,68.89,False,True,ServiceDesk,project_fact_ordenestrabajo_export.csv,2026-06-23T00:00:00,4414
WO004415,20250406,20250418,A005,EQ0017,SV4,R023,WT3,P4,S4,98.07,88.58,False,True,CMMS,project_fact_ordenestrabajo_export.csv,2026-06-23T00:00:00,4415
WO004416,20250419,,A002,EQ0036,SV6,R018,WT1,P4,S1,42.22,25.05,False,False,CMMS,project_fact_ordenestrabajo_export.csv,2026-06-23T00:00:00,4416
WO004417,20250419,20250421,A005,EQ0037,SV3,R009,WT4,P2,S4,10.92,9.09,True,False,ServiceDesk,project_fact_ordenestrabajo_export.csv,2026-06-23T00:00:00,4417
WO004418,20250324,,A002,EQ0030,SV6,R019,WT1,P4,S1,105.09,116.99,False,False,ServiceDesk,project_fact_ordenestrabajo_export.csv,2026-06-23T00:00:00,4418
WO004419,20250325,20250328,A004,EQ0008,SV6,R009,WT2,P2,S5,17.73,16.66,True,True,ERP,project_fact_ordenestrabajo_export.csv,2026-06-23T00:00:00,4419
WO004420,20250214,,A003,EQ0031,SV8,R019,WT3,P3,S1,46.32,51.55,False,False,ERP,project_fact_ordenestrabajo_export.csv,2026-06-23T00:00:00,4420
WO004421,20250131,20250212,A003,EQ0031,SV6,R006,WT2,P3,S4,54.83,93.28,False,False,ERP,project_fact_ordenestrabajo_export.csv,2026-06-23T00:00:00,4421
WO004422,20250109,20250112,A002,EQ0015,SV3,R016,WT1,P2,S4,17.45,16.02,True,True,ServiceDesk,project_fact_ordenestrabajo_export.csv,2026-06-23T00:00:00,4422
WO004423,20250129,20250217,A003,EQ0035,SV1,R029,WT1,P3,S4,56.72,145.24,False,False,ServiceDesk,project_fact_ordenestrabajo_export.csv,2026-06-23T00:00:00,4423
WO004424,20250409,,A003,EQ0033,SV1,R006,WT1,P3,S2,58.24,37.99,False,False,ServiceDesk,project_fact_ordenestrabajo_export.csv,2026-06-23T00:00:00,4424
WO004425,20250401,20250414,A006,EQ0027,SV8,R001,WT4,P4,S4,72.25,99.86,False,False,ServiceDesk,project_fact_ordenestrabajo_export.csv,2026-06-23T00:00:00,4425
WO004426,20250628,20250630,A005,EQ0006,SV2,R015,WT1,P2,S4,12.6,16.28,True,False,CMMS,project_fact_ordenestrabajo_export.csv,2026-06-23T00:00:00,4426
WO004427,20250507,,A005,EQ0011,SV3,R007,WT4,P3,S1,45.99,68.88,False,False,CMMS,project_fact_ordenestrabajo_export.csv,2026-06-23T00:00:00,4427
WO004428,20250302,,A005,EQ0032,SV7,R008,WT5,P4,S2,74.28,76.42,False,False,ServiceDesk,project_fact_ordenestrabajo_export.csv,2026-06-23T00:00:00,4428
WO004429,20250614,,A002,EQ0036,SV5,R010,WT4,P4,S2,90.14,67.13,False,False,ERP,project_fact_ordenestrabajo_export.csv,2026-06-23T00:00:00,4429
WO004430,20250613,20250614,A005,EQ0037,SV2,R007,WT1,P1,S5,6.23,5.5,True,False,ERP,project_fact_ordenestrabajo_export.csv,2026-06-23T00:00:00,4430
WO004431,20250204,20250206,A003,EQ0035,SV4,R003,WT1,P2,S4,20.11,13.35,True,False,ERP,project_fact_ordenestrabajo_export.csv,2026-06-23T00:00:00,4431
WO004432,20250316,20250317,A005,EQ0006,SV1,R012,WT2,P1,S4,4.16,4.34,True,False,CMMS,project_fact_ordenestrabajo_export.csv,2026-06-23T00:00:00,4432
WO004433,20250609,,A004,EQ0029,SV1,R024,WT2,P4,S2,96.05,121.64,False,False,ERP,project_fact_ordenestrabajo_export.csv,2026-06-23T00:00:00,4433
WO004434,20250131,20250210,A005,EQ0039,SV4,R006,WT2,P4,S4,72.58,73.98,False,False,ERP,project_fact_ordenestrabajo_export.csv,2026-06-23T00:00:00,4434
WO004435,20250214,20250216,A004,EQ0005,SV3,R023,WT2,P3,S5,55.44,15.99,False,False,ServiceDesk,project_fact_ordenestrabajo_export.csv,2026-06-23T00:00:00,4435
WO004436,20250115,20250120,A003,EQ0033,SV6,R012,WT3,P2,S4,19.56,33.11,True,False,ServiceDesk,project_fact_ordenestrabajo_export.csv,2026-06-23T00:00:00,4436
WO004437,20250120,20250125,A003,EQ0031,SV3,R020,WT6,P2,S5,19.01,32.5,True,False,CMMS,project_fact_ordenestrabajo_export.csv,2026-06-23T00:00:00,4437
WO004438,20250322,,A004,EQ0004,SV2,R019,WT2,P2,S2,14.26,17.2,True,True,ServiceDesk,project_fact_ordenestrabajo_export.csv,2026-06-23T00:00:00,4438
WO004439,20250614,,A003,EQ0035,SV8,R024,WT6,P4,S2,77.4,107.67,False,False,ServiceDesk,project_fact_ordenestrabajo_export.csv,2026-06-23T00:00:00,4439
WO004440,20250407,,A001,EQ0010,SV7,R013,WT2,P3,S1,26.13,27.9,False,False,CMMS,project_fact_ordenestrabajo_export.csv,2026-06-23T00:00:00,4440
WO004441,20250104,,A005,EQ0009,SV8,R006,WT5,P3,S3,28.28,13.57,False,False,ServiceDesk,project_fact_ordenestrabajo_export.csv,2026-06-23T00:00:00,4441
WO004442,20250522,20250524,A005,EQ0034,SV7,R010,WT2,P1,S4,4.51,11.62,True,False,CMMS,project_fact_ordenestrabajo_export.csv,2026-06-23T00:00:00,4442
WO004443,20250120,20250122,A001,EQ0020,SV6,R024,WT1,P2,S4,12.52,13.74,True,False,ServiceDesk,project_fact_ordenestrabajo_export.csv,2026-06-23T00:00:00,4443
WO004444,20250321,,A001,EQ0020,SV8,R008,WT6,P4,S2,70.1,67.54,False,True,CMMS,project_fact_ordenestrabajo_export.csv,2026-06-23T00:00:00,4444
WO004445,20250414,20250416,A004,EQ0004,SV5,R023,WT1,P2,S4,11.87,13.48,True,False,ServiceDesk,project_fact_ordenestrabajo_export.csv,2026-06-23T00:00:00,4445
WO004446,20250423,20250530,A005,EQ0034,SV3,R011,WT4,P4,S4,93.6,288.88,False,False,ServiceDesk,project_fact_ordenestrabajo_export.csv,2026-06-23T00:00:00,4446
WO004447,20250406,20250409,A005,EQ0006,SV4,R017,WT2,P2,S4,21.53,20.55,True,True,CMMS,project_fact_ordenestrabajo_export.csv,2026-06-23T00:00:00,4447
WO004448,20250228,20250304,A003,EQ0001,SV7,R024,WT2,P3,S4,37.84,29.96,False,False,ServiceDesk,project_fact_ordenestrabajo_export.csv,2026-06-23T00:00:00,4448
WO004449,20250327,20250331,A005,EQ0021,SV6,R009,WT2,P2,S4,19.17,27.84,True,False,CMMS,project_fact_ordenestrabajo_export.csv,2026-06-23T00:00:00,4449
WO004450,20250612,20250624,A003,EQ0035,SV4,R023,WT6,P4,S4,91.72,89.99,False,False,ERP,project_fact_ordenestrabajo_export.csv,2026-06-23T00:00:00,4450
WO004451,20250605,20250606,A001,EQ0020,SV1,R015,WT6,P1,S4,3.43,5.27,True,False,ServiceDesk,project_fact_ordenestrabajo_export.csv,2026-06-23T00:00:00,4451
WO004452,20250119,20250130,A005,EQ0006,SV1,R025,WT3,P3,S4,54.08,84.51,False,True,ERP,project_fact_ordenestrabajo_export.csv,2026-06-23T00:00:00,4452
WO004453,20250326,,A004,EQ0029,SV3,R023,WT2,P2,S1,12.11,16.62,True,False,ERP,project_fact_ordenestrabajo_export.csv,2026-06-23T00:00:00,4453
WO004454,20250515,20250524,A005,EQ0006,SV7,R027,WT1,P4,S4,78.98,70.42,False,False,ServiceDesk,project_fact_ordenestrabajo_export.csv,2026-06-23T00:00:00,4454
WO004455,20250415,20250417,A005,EQ0039,SV5,R002,WT5,P2,S4,20.49,9.61,True,False,CMMS,project_fact_ordenestrabajo_export.csv,2026-06-23T00:00:00,4455
WO004456,20250401,20250407,A005,EQ0017,SV6,R013,WT1,P3,S4,29.88,42.82,False,False,ServiceDesk,project_fact_ordenestrabajo_export.csv,2026-06-23T00:00:00,4456
WO004457,20250628,20250630,A005,EQ0017,SV7,R004,WT4,P3,S4,32.68,17.13,False,False,ERP,project_fact_ordenestrabajo_export.csv,2026-06-23T00:00:00,4457
WO004458,20250503,,A004,EQ0013,SV8,R016,WT3,P4,S2,44.07,30.71,False,False,ERP,project_fact_ordenestrabajo_export.csv,2026-06-23T00:00:00,4458
WO004459,20250326,20250328,A004,EQ0004,SV8,R025,WT3,P2,S4,15.83,10.63,True,False,CMMS,project_fact_ordenestrabajo_export.csv,2026-06-23T00:00:00,4459
WO004460,20250309,,A006,EQ0014,SV5,R027,WT1,P3,S1,29.38,31.01,False,False,ERP,project_fact_ordenestrabajo_export.csv,2026-06-23T00:00:00,4460
WO004461,20250408,,A003,EQ0035,SV4,R018,WT4,P4,S3,63.58,83.37,False,False,CMMS,project_fact_ordenestrabajo_export.csv,2026-06-23T00:00:00,4461
WO004462,20250323,20250401,A004,EQ0013,SV6,R025,WT2,P3,S5,64.11,64.08,False,False,ServiceDesk,project_fact_ordenestrabajo_export.csv,2026-06-23T00:00:00,4462
WO004463,20250606,,A003,EQ0001,SV8,R004,WT1,P3,S1,63.77,39.21,False,False,CMMS,project_fact_ordenestrabajo_export.csv,2026-06-23T00:00:00,4463
WO004464,20250326,20250328,A003,EQ0025,SV1,R014,WT6,P2,S4,9.87,8.3,True,True,ServiceDesk,project_fact_ordenestrabajo_export.csv,2026-06-23T00:00:00,4464
WO004465,20250212,20250218,A006,EQ0038,SV2,R014,WT6,P3,S4,37.28,47.89,False,False,CMMS,project_fact_ordenestrabajo_export.csv,2026-06-23T00:00:00,4465
WO004466,20250131,20250211,A003,EQ0022,SV7,R025,WT6,P4,S4,52.74,85.46,False,False,ERP,project_fact_ordenestrabajo_export.csv,2026-06-23T00:00:00,4466
WO004467,20250506,20250509,A002,EQ0015,SV7,R012,WT2,P2,S4,19.5,17.77,True,True,ServiceDesk,project_fact_ordenestrabajo_export.csv,2026-06-23T00:00:00,4467
WO004468,20250227,20250308,A004,EQ0005,SV2,R005,WT3,P4,S4,45.82,68.74,False,True,ServiceDesk,project_fact_ordenestrabajo_export.csv,2026-06-23T00:00:00,4468
WO004469,20250512,,A003,EQ0001,SV1,R021,WT4,P4,S2,101.26,82.82,False,True,ServiceDesk,project_fact_ordenestrabajo_export.csv,2026-06-23T00:00:00,4469
WO004470,20250225,,A006,EQ0019,SV3,R022,WT2,P1,S1,4.77,3.66,True,False,CMMS,project_fact_ordenestrabajo_export.csv,2026-06-23T00:00:00,4470
WO004471,20250508,20250512,A005,EQ0017,SV3,R011,WT2,P2,S4,19.44,25.15,True,False,ERP,project_fact_ordenestrabajo_export.csv,2026-06-23T00:00:00,4471
WO004472,20250627,20250630,A004,EQ0003,SV1,R025,WT1,P2,S4,12.3,18.1,True,False,ERP,project_fact_ordenestrabajo_export.csv,2026-06-23T00:00:00,4472
WO004473,20250201,,A003,EQ0025,SV6,R009,WT6,P3,S2,39.0,44.07,False,False,ERP,project_fact_ordenestrabajo_export.csv,2026-06-23T00:00:00,4473
WO004474,20250204,20250205,A003,EQ0031,SV6,R023,WT1,P1,S4,4.56,3.89,True,False,CMMS,project_fact_ordenestrabajo_export.csv,2026-06-23T00:00:00,4474
WO004475,20250129,20250227,A001,EQ0020,SV7,R029,WT2,P4,S4,92.33,231.74,False,False,ERP,project_fact_ordenestrabajo_export.csv,2026-06-23T00:00:00,4475
WO004476,20250126,,A006,EQ0014,SV3,R022,WT1,P3,S2,55.48,158.03,False,False,ServiceDesk,project_fact_ordenestrabajo_export.csv,2026-06-23T00:00:00,4476
WO004477,20250130,,A006,EQ0014,SV5,R026,WT1,P3,S2,34.91,80.35,False,False,ServiceDesk,project_fact_ordenestrabajo_export.csv,2026-06-23T00:00:00,4477
WO004478,20250224,20250226,A006,EQ0024,SV8,R020,WT2,P2,S4,14.26,10.97,True,False,ERP,project_fact_ordenestrabajo_export.csv,2026-06-23T00:00:00,4478
WO004479,20250321,20250323,A002,EQ0036,SV7,R013,WT6,P2,S4,18.04,13.98,True,True,ERP,project_fact_ordenestrabajo_export.csv,2026-06-23T00:00:00,4479
WO004480,20250311,,A004,EQ0003,SV6,R019,WT3,P2,S3,14.34,17.5,True,False,ERP,project_fact_ordenestrabajo_export.csv,2026-06-23T00:00:00,4480
WO004481,20250131,20250207,A005,EQ0017,SV5,R028,WT1,P3,S4,59.1,53.75,False,False,CMMS,project_fact_ordenestrabajo_export.csv,2026-06-23T00:00:00,4481
WO004482,20250619,20250627,A004,EQ0003,SV8,R028,WT2,P4,S4,57.51,57.54,False,True,CMMS,project_fact_ordenestrabajo_export.csv,2026-06-23T00:00:00,4482
WO004483,20250531,20250602,A004,EQ0029,SV3,R008,WT1,P2,S4,14.41,11.49,True,False,ServiceDesk,project_fact_ordenestrabajo_export.csv,2026-06-23T00:00:00,4483
WO004484,20250206,,A005,EQ0037,SV6,R025,WT5,P3,S1,31.79,29.61,False,True,CMMS,project_fact_ordenestrabajo_export.csv,2026-06-23T00:00:00,4484
WO004485,20250505,20250512,A005,EQ0037,SV2,R029,WT2,P4,S4,79.36,51.66,False,False,CMMS,project_fact_ordenestrabajo_export.csv,2026-06-23T00:00:00,4485
WO004486,20250623,20250628,A003,EQ0040,SV3,R026,WT2,P3,S4,26.15,32.26,False,True,ServiceDesk,project_fact_ordenestrabajo_export.csv,2026-06-23T00:00:00,4486
WO004487,20250114,20250121,A004,EQ0029,SV3,R029,WT1,P3,S4,60.47,51.76,False,False,CMMS,project_fact_ordenestrabajo_export.csv,2026-06-23T00:00:00,4487
WO004488,20250617,20250619,A004,EQ0003,SV7,R002,WT2,P2,S4,14.16,11.82,True,False,CMMS,project_fact_ordenestrabajo_export.csv,2026-06-23T00:00:00,4488
WO004489,20250325,,A004,EQ0012,SV8,R010,WT2,P3,S2,28.63,16.29,False,False,CMMS,project_fact_ordenestrabajo_export.csv,2026-06-23T00:00:00,4489
WO004490,20250414,20250415,A004,EQ0004,SV2,R013,WT5,P1,S4,6.85,7.21,True,False,ServiceDesk,project_fact_ordenestrabajo_export.csv,2026-06-23T00:00:00,4490
WO004491,20250104,20250125,A002,EQ0036,SV8,R011,WT3,P3,S4,59.83,164.62,False,False,ServiceDesk,project_fact_ordenestrabajo_export.csv,2026-06-23T00:00:00,4491
WO004492,20250215,20250218,A001,EQ0007,SV1,R017,WT2,P2,S4,20.81,22.11,True,False,ERP,project_fact_ordenestrabajo_export.csv,2026-06-23T00:00:00,4492
WO004493,20250131,20250204,A006,EQ0027,SV8,R008,WT2,P3,S4,39.36,31.19,False,False,ERP,project_fact_ordenestrabajo_export.csv,2026-06-23T00:00:00,4493
WO004494,20250308,20250317,A006,EQ0019,SV2,R023,WT2,P4,S4,78.74,68.27,False,False,CMMS,project_fact_ordenestrabajo_export.csv,2026-06-23T00:00:00,4494
WO004495,20250511,,A005,EQ0017,SV4,R018,WT2,P4,S3,66.4,74.69,False,False,ServiceDesk,project_fact_ordenestrabajo_export.csv,2026-06-23T00:00:00,4495
WO004496,20250506,20250523,A005,EQ0021,SV4,R019,WT4,P3,S4,55.78,129.2,False,False,ERP,project_fact_ordenestrabajo_export.csv,2026-06-23T00:00:00,4496
WO004497,20250105,20250107,A003,EQ0033,SV4,R029,WT3,P2,S4,14.24,9.98,True,True,CMMS,project_fact_ordenestrabajo_export.csv,2026-06-23T00:00:00,4497
WO004498,20250319,20250322,A003,EQ0035,SV8,R014,WT5,P2,S4,14.53,16.56,True,False,ERP,project_fact_ordenestrabajo_export.csv,2026-06-23T00:00:00,4498
WO004499,20250121,,A005,EQ0017,SV7,R005,WT1,P2,S2,11.08,7.53,True,False,CMMS,project_fact_ordenestrabajo_export.csv,2026-06-23T00:00:00,4499
WO004500,20250222,,A005,EQ0037,SV8,R023,WT6,P4,S3,52.55,66.51,False,False,ServiceDesk,project_fact_ordenestrabajo_export.csv,2026-06-23T00:00:00,4500
WO004501,20250411,20250412,A005,EQ0017,SV3,R007,WT3,P1,S4,3.69,4.52,True,False,ERP,project_fact_ordenestrabajo_export.csv,2026-06-23T00:00:00,4501
WO004502,20250627,,A005,EQ0006,SV4,R028,WT2,P3,S3,38.06,20.84,False,False,ServiceDesk,project_fact_ordenestrabajo_export.csv,2026-06-23T00:00:00,4502
WO004503,20250408,20250411,A005,EQ0037,SV4,R009,WT2,P2,S4,19.75,18.31,True,False,ServiceDesk,project_fact_ordenestrabajo_export.csv,2026-06-23T00:00:00,4503
WO004504,20250319,,A003,EQ0025,SV7,R019,WT3,P3,S1,63.39,76.15,False,False,CMMS,project_fact_ordenestrabajo_export.csv,2026-06-23T00:00:00,4504
WO004505,20250123,,A002,EQ0036,SV5,R023,WT2,P4,S1,55.13,45.18,False,False,ERP,project_fact_ordenestrabajo_export.csv,2026-06-23T00:00:00,4505
WO004506,20250216,20250224,A003,EQ0025,SV4,R025,WT3,P3,S4,59.92,58.74,False,False,ServiceDesk,project_fact_ordenestrabajo_export.csv,2026-06-23T00:00:00,4506
WO004507,20250627,20250630,A005,EQ0034,SV4,R018,WT1,P3,S4,55.08,112.22,False,False,ERP,project_fact_ordenestrabajo_export.csv,2026-06-23T00:00:00,4507
WO004508,20250421,20250428,A004,EQ0012,SV2,R020,WT6,P3,S4,60.55,48.02,False,False,ServiceDesk,project_fact_ordenestrabajo_export.csv,2026-06-23T00:00:00,4508
WO004509,20250123,,A004,EQ0002,SV8,R001,WT2,P4,S1,95.01,185.17,False,False,ServiceDesk,project_fact_ordenestrabajo_export.csv,2026-06-23T00:00:00,4509
WO004510,20250404,20250410,A001,EQ0026,SV6,R004,WT2,P3,S4,25.3,41.88,False,True,ERP,project_fact_ordenestrabajo_export.csv,2026-06-23T00:00:00,4510
WO004511,20250202,20250205,A005,EQ0017,SV5,R014,WT3,P2,S4,11.34,17.66,True,True,CMMS,project_fact_ordenestrabajo_export.csv,2026-06-23T00:00:00,4511
WO004512,20250426,,A005,EQ0034,SV2,R028,WT4,P4,S3,51.5,48.97,False,False,ServiceDesk,project_fact_ordenestrabajo_export.csv,2026-06-23T00:00:00,4512
WO004513,20250622,20250630,A001,EQ0026,SV8,R001,WT4,P3,S4,38.74,65.7,False,False,ServiceDesk,project_fact_ordenestrabajo_export.csv,2026-06-23T00:00:00,4513
WO004514,20250604,,A005,EQ0021,SV7,R007,WT1,P1,S3,3.03,4.92,True,False,CMMS,project_fact_ordenestrabajo_export.csv,2026-06-23T00:00:00,4514
WO004515,20250424,20250425,A005,EQ0016,SV8,R005,WT1,P1,S4,6.18,7.48,True,True,ServiceDesk,project_fact_ordenestrabajo_export.csv,2026-06-23T00:00:00,4515
WO004516,20250409,20250414,A005,EQ0039,SV8,R025,WT2,P3,S5,35.29,36.11,False,False,ServiceDesk,project_fact_ordenestrabajo_export.csv,2026-06-23T00:00:00,4516
WO004517,20250104,,A002,EQ0030,SV6,R019,WT1,P1,S3,6.27,4.73,True,False,CMMS,project_fact_ordenestrabajo_export.csv,2026-06-23T00:00:00,4517
WO004518,20250505,,A005,EQ0018,SV3,R004,WT1,P3,S2,43.86,39.72,False,False,ServiceDesk,project_fact_ordenestrabajo_export.csv,2026-06-23T00:00:00,4518
WO004519,20250602,20250613,A006,EQ0014,SV1,R022,WT3,P3,S4,61.64,83.71,False,False,ServiceDesk,project_fact_ordenestrabajo_export.csv,2026-06-23T00:00:00,4519
WO004520,20250228,,A001,EQ0026,SV5,R006,WT2,P3,S3,44.8,46.26,False,False,CMMS,project_fact_ordenestrabajo_export.csv,2026-06-23T00:00:00,4520
WO004521,20250601,20250614,A004,EQ0008,SV1,R002,WT4,P3,S4,59.21,99.31,False,False,ERP,project_fact_ordenestrabajo_export.csv,2026-06-23T00:00:00,4521
WO004522,20250606,20250609,A005,EQ0009,SV5,R027,WT1,P2,S4,21.25,21.72,True,True,CMMS,project_fact_ordenestrabajo_export.csv,2026-06-23T00:00:00,4522
WO004523,20250212,,A003,EQ0031,SV4,R005,WT5,P2,S3,13.27,16.02,True,False,ERP,project_fact_ordenestrabajo_export.csv,2026-06-23T00:00:00,4523
WO004524,20250528,,A005,EQ0037,SV8,R013,WT5,P2,S1,16.45,22.55,True,True,ERP,project_fact_ordenestrabajo_export.csv,2026-06-23T00:00:00,4524
WO004525,20250113,,A005,EQ0021,SV4,R017,WT5,P3,S1,60.27,72.75,False,False,CMMS,project_fact_ordenestrabajo_export.csv,2026-06-23T00:00:00,4525
WO004526,20250519,20250523,A005,EQ0009,SV5,R002,WT2,P2,S4,20.73,27.51,True,False,ServiceDesk,project_fact_ordenestrabajo_export.csv,2026-06-23T00:00:00,4526
WO004527,20250522,20250523,A005,EQ0023,SV3,R030,WT1,P1,S4,4.82,5.72,True,False,ERP,project_fact_ordenestrabajo_export.csv,2026-06-23T00:00:00,4527
WO004528,20250519,20250523,A003,EQ0035,SV3,R014,WT2,P3,S4,26.09,28.05,False,True,ServiceDesk,project_fact_ordenestrabajo_export.csv,2026-06-23T00:00:00,4528
WO004529,20250321,,A003,EQ0031,SV5,R019,WT3,P3,S2,57.15,91.54,False,False,ERP,project_fact_ordenestrabajo_export.csv,2026-06-23T00:00:00,4529
WO004530,20250213,20250216,A005,EQ0011,SV3,R029,WT2,P2,S4,17.92,17.82,True,False,ERP,project_fact_ordenestrabajo_export.csv,2026-06-23T00:00:00,4530
WO004531,20250103,20250112,A005,EQ0006,SV7,R023,WT6,P4,S4,81.25,65.94,False,False,ServiceDesk,project_fact_ordenestrabajo_export.csv,2026-06-23T00:00:00,4531
WO004532,20250207,20250219,A002,EQ0015,SV3,R029,WT2,P3,S4,57.36,93.37,False,False,CMMS,project_fact_ordenestrabajo_export.csv,2026-06-23T00:00:00,4532
WO004533,20250216,,A003,EQ0031,SV8,R023,WT5,P3,S2,60.79,124.51,False,False,CMMS,project_fact_ordenestrabajo_export.csv,2026-06-23T00:00:00,4533
WO004534,20250226,,A004,EQ0008,SV7,R007,WT1,P4,S2,54.89,88.41,False,False,CMMS,project_fact_ordenestrabajo_export.csv,2026-06-23T00:00:00,4534
WO004535,20250623,20250630,A004,EQ0002,SV1,R006,WT5,P4,S4,78.45,65.34,False,False,ServiceDesk,project_fact_ordenestrabajo_export.csv,2026-06-23T00:00:00,4535
WO004536,20250118,20250128,A005,EQ0006,SV6,R005,WT6,P3,S4,51.21,73.05,False,True,ServiceDesk,project_fact_ordenestrabajo_export.csv,2026-06-23T00:00:00,4536
WO004537,20250218,,A006,EQ0027,SV2,R023,WT2,P2,S3,19.76,25.57,True,False,CMMS,project_fact_ordenestrabajo_export.csv,2026-06-23T00:00:00,4537
WO004538,20250529,,A003,EQ0033,SV3,R020,WT1,P4,S3,92.88,186.51,False,False,CMMS,project_fact_ordenestrabajo_export.csv,2026-06-23T00:00:00,4538
WO004539,20250228,20250301,A005,EQ0037,SV7,R011,WT6,P1,S4,2.82,2.77,True,True,ERP,project_fact_ordenestrabajo_export.csv,2026-06-23T00:00:00,4539
WO004540,20250222,,A004,EQ0002,SV7,R021,WT2,P2,S2,17.69,26.79,True,False,ERP,project_fact_ordenestrabajo_export.csv,2026-06-23T00:00:00,4540
WO004541,20250102,,A005,EQ0037,SV1,R002,WT3,P3,S1,63.53,90.88,False,False,ERP,project_fact_ordenestrabajo_export.csv,2026-06-23T00:00:00,4541
WO004542,20250627,,A005,EQ0018,SV2,R021,WT2,P4,S1,42.16,42.96,False,False,ServiceDesk,project_fact_ordenestrabajo_export.csv,2026-06-23T00:00:00,4542
WO004543,20250226,,A001,EQ0010,SV7,R021,WT5,P3,S2,46.6,69.73,False,False,ERP,project_fact_ordenestrabajo_export.csv,2026-06-23T00:00:00,4543
WO004544,20250305,20250307,A005,EQ0018,SV7,R019,WT1,P1,S4,6.08,11.01,True,False,ERP,project_fact_ordenestrabajo_export.csv,2026-06-23T00:00:00,4544
WO004545,20250119,20250120,A005,EQ0023,SV5,R017,WT4,P1,S4,4.27,5.11,True,False,ERP,project_fact_ordenestrabajo_export.csv,2026-06-23T00:00:00,4545
WO004546,20250628,20250630,A004,EQ0008,SV3,R007,WT2,P3,S4,29.94,52.83,False,False,ServiceDesk,project_fact_ordenestrabajo_export.csv,2026-06-23T00:00:00,4546
WO004547,20250306,20250310,A003,EQ0035,SV1,R025,WT2,P3,S4,44.48,31.26,False,False,ServiceDesk,project_fact_ordenestrabajo_export.csv,2026-06-23T00:00:00,4547
WO004548,20250415,,A001,EQ0007,SV6,R030,WT1,P3,S3,49.16,91.18,False,False,ERP,project_fact_ordenestrabajo_export.csv,2026-06-23T00:00:00,4548
WO004549,20250107,20250116,A006,EQ0024,SV4,R008,WT3,P4,S4,46.66,64.32,False,False,ERP,project_fact_ordenestrabajo_export.csv,2026-06-23T00:00:00,4549
WO004550,20250519,,A005,EQ0016,SV4,R001,WT3,P3,S2,29.66,37.3,False,False,ERP,project_fact_ordenestrabajo_export.csv,2026-06-23T00:00:00,4550
WO004551,20250611,,A004,EQ0012,SV3,R026,WT4,P3,S1,35.63,42.24,False,False,ERP,project_fact_ordenestrabajo_export.csv,2026-06-23T00:00:00,4551
WO004552,20250226,20250313,A006,EQ0038,SV3,R019,WT2,P4,S4,74.38,119.67,False,False,ServiceDesk,project_fact_ordenestrabajo_export.csv,2026-06-23T00:00:00,4552
WO004553,20250411,,A006,EQ0019,SV4,R005,WT1,P4,S3,63.56,72.85,False,False,CMMS,project_fact_ordenestrabajo_export.csv,2026-06-23T00:00:00,4553
WO004554,20250323,,A003,EQ0001,SV3,R020,WT1,P3,S3,58.45,94.3,False,False,ERP,project_fact_ordenestrabajo_export.csv,2026-06-23T00:00:00,4554
WO004555,20250504,20250511,A005,EQ0009,SV7,R024,WT5,P3,S4,53.36,53.58,False,False,ERP,project_fact_ordenestrabajo_export.csv,2026-06-23T00:00:00,4555
WO004556,20250130,20250203,A004,EQ0012,SV3,R014,WT3,P3,S4,42.31,25.51,False,True,CMMS,project_fact_ordenestrabajo_export.csv,2026-06-23T00:00:00,4556
WO004557,20250205,20250206,A006,EQ0024,SV7,R002,WT6,P1,S4,4.08,1.94,True,False,ERP,project_fact_ordenestrabajo_export.csv,2026-06-23T00:00:00,4557
WO004558,20250118,20250119,A004,EQ0005,SV6,R029,WT3,P1,S4,4.61,7.41,True,False,CMMS,project_fact_ordenestrabajo_export.csv,2026-06-23T00:00:00,4558
WO004559,20250312,20250318,A004,EQ0013,SV4,R018,WT2,P3,S4,49.47,45.56,False,False,ServiceDesk,project_fact_ordenestrabajo_export.csv,2026-06-23T00:00:00,4559
WO004560,20250301,20250303,A005,EQ0009,SV3,R001,WT1,P2,S4,10.9,11.58,True,False,ServiceDesk,project_fact_ordenestrabajo_export.csv,2026-06-23T00:00:00,4560
WO004561,20250404,,A003,EQ0033,SV1,R013,WT3,P2,S3,13.83,12.35,True,False,ServiceDesk,project_fact_ordenestrabajo_export.csv,2026-06-23T00:00:00,4561
WO004562,20250116,20250123,A004,EQ0003,SV4,R001,WT5,P3,S5,50.48,48.1,False,True,CMMS,project_fact_ordenestrabajo_export.csv,2026-06-23T00:00:00,4562
WO004563,20250218,20250222,A004,EQ0008,SV3,R013,WT2,P2,S4,11.94,30.41,True,False,CMMS,project_fact_ordenestrabajo_export.csv,2026-06-23T00:00:00,4563
WO004564,20250126,,A001,EQ0026,SV1,R011,WT2,P1,S2,4.17,8.1,True,False,ServiceDesk,project_fact_ordenestrabajo_export.csv,2026-06-23T00:00:00,4564
WO004565,20250115,20250119,A004,EQ0004,SV5,R012,WT3,P3,S4,30.99,26.82,False,True,CMMS,project_fact_ordenestrabajo_export.csv,2026-06-23T00:00:00,4565
WO004566,20250411,20250417,A003,EQ0035,SV4,R007,WT1,P3,S4,32.85,44.66,False,True,ServiceDesk,project_fact_ordenestrabajo_export.csv,2026-06-23T00:00:00,4566
WO004567,20250122,,A002,EQ0015,SV6,R016,WT2,P2,S2,8.42,14.37,True,False,CMMS,project_fact_ordenestrabajo_export.csv,2026-06-23T00:00:00,4567
WO004568,20250301,20250311,A004,EQ0005,SV6,R006,WT1,P4,S4,65.82,77.92,False,False,ServiceDesk,project_fact_ordenestrabajo_export.csv,2026-06-23T00:00:00,4568
WO004569,20250307,20250316,A004,EQ0002,SV2,R026,WT1,P4,S4,54.66,69.49,False,True,ERP,project_fact_ordenestrabajo_export.csv,2026-06-23T00:00:00,4569
WO004570,20250407,20250427,A003,EQ0022,SV5,R013,WT4,P4,S4,76.4,159.83,False,False,ServiceDesk,project_fact_ordenestrabajo_export.csv,2026-06-23T00:00:00,4570
WO004571,20250629,,A003,EQ0001,SV5,R005,WT1,P4,S3,46.34,138.1,False,False,ERP,project_fact_ordenestrabajo_export.csv,2026-06-23T00:00:00,4571
WO004572,20250524,20250530,A005,EQ0032,SV3,R027,WT3,P3,S4,40.73,43.74,False,False,ERP,project_fact_ordenestrabajo_export.csv,2026-06-23T00:00:00,4572
WO004573,20250502,20250517,A002,EQ0030,SV1,R020,WT6,P4,S4,102.38,112.04,False,False,ERP,project_fact_ordenestrabajo_export.csv,2026-06-23T00:00:00,4573
WO004574,20250210,20250217,A005,EQ0021,SV3,R020,WT1,P3,S4,29.74,51.33,False,False,ServiceDesk,project_fact_ordenestrabajo_export.csv,2026-06-23T00:00:00,4574
WO004575,20250412,,A004,EQ0003,SV8,R016,WT1,P4,S2,103.32,129.19,False,False,CMMS,project_fact_ordenestrabajo_export.csv,2026-06-23T00:00:00,4575
WO004576,20250430,20250506,A006,EQ0019,SV4,R012,WT5,P2,S4,20.37,44.81,True,False,CMMS,project_fact_ordenestrabajo_export.csv,2026-06-23T00:00:00,4576
WO004577,20250507,20250509,A004,EQ0002,SV2,R023,WT2,P2,S4,10.21,14.76,True,False,ServiceDesk,project_fact_ordenestrabajo_export.csv,2026-06-23T00:00:00,4577
WO004578,20250425,,A002,EQ0030,SV3,R016,WT1,P2,S1,9.3,8.42,True,False,ERP,project_fact_ordenestrabajo_export.csv,2026-06-23T00:00:00,4578
WO004579,20250108,20250124,A002,EQ0030,SV8,R018,WT1,P4,S4,91.21,124.19,False,False,ServiceDesk,project_fact_ordenestrabajo_export.csv,2026-06-23T00:00:00,4579
WO004580,20250613,20250619,A005,EQ0037,SV3,R011,WT1,P3,S4,32.17,43.27,False,False,ServiceDesk,project_fact_ordenestrabajo_export.csv,2026-06-23T00:00:00,4580
WO004581,20250430,20250519,A003,EQ0001,SV2,R004,WT1,P4,S4,103.73,147.58,False,False,ERP,project_fact_ordenestrabajo_export.csv,2026-06-23T00:00:00,4581
WO004582,20250512,20250513,A004,EQ0004,SV4,R020,WT2,P1,S4,4.67,4.58,True,False,ServiceDesk,project_fact_ordenestrabajo_export.csv,2026-06-23T00:00:00,4582
WO004583,20250612,,A001,EQ0020,SV6,R026,WT3,P1,S1,5.96,6.61,True,True,ERP,project_fact_ordenestrabajo_export.csv,2026-06-23T00:00:00,4583
WO004584,20250224,,A005,EQ0006,SV5,R011,WT1,P2,S2,20.53,37.36,True,False,ServiceDesk,project_fact_ordenestrabajo_export.csv,2026-06-23T00:00:00,4584
WO004585,20250603,20250604,A006,EQ0027,SV4,R024,WT2,P1,S4,3.3,4.6,True,False,ERP,project_fact_ordenestrabajo_export.csv,2026-06-23T00:00:00,4585
WO004586,20250202,20250207,A001,EQ0010,SV2,R030,WT1,P2,S4,15.11,39.65,True,False,ERP,project_fact_ordenestrabajo_export.csv,2026-06-23T00:00:00,4586
WO004587,20250118,,A005,EQ0009,SV4,R009,WT4,P2,S2,21.59,21.2,True,False,ERP,project_fact_ordenestrabajo_export.csv,2026-06-23T00:00:00,4587
WO004588,20250529,,A005,EQ0016,SV5,R011,WT3,P3,S2,42.71,32.35,False,False,ERP,project_fact_ordenestrabajo_export.csv,2026-06-23T00:00:00,4588
WO004589,20250419,20250423,A003,EQ0040,SV7,R021,WT5,P2,S4,19.17,30.39,True,False,ERP,project_fact_ordenestrabajo_export.csv,2026-06-23T00:00:00,4589
WO004590,20250623,20250630,A003,EQ0031,SV4,R020,WT1,P3,S4,51.68,54.04,False,False,ERP,project_fact_ordenestrabajo_export.csv,2026-06-23T00:00:00,4590
WO004591,20250625,20250627,A002,EQ0036,SV5,R004,WT2,P2,S4,20.74,14.06,True,True,CMMS,project_fact_ordenestrabajo_export.csv,2026-06-23T00:00:00,4591
WO004592,20250112,20250114,A001,EQ0020,SV5,R009,WT2,P1,S4,5.21,11.34,True,False,CMMS,project_fact_ordenestrabajo_export.csv,2026-06-23T00:00:00,4592
WO004593,20250115,20250117,A004,EQ0002,SV2,R009,WT4,P2,S4,8.7,12.93,True,False,ERP,project_fact_ordenestrabajo_export.csv,2026-06-23T00:00:00,4593
WO004594,20250621,20250630,A005,EQ0034,SV2,R024,WT4,P4,S4,107.64,95.84,False,False,ServiceDesk,project_fact_ordenestrabajo_export.csv,2026-06-23T00:00:00,4594
WO004595,20250328,20250401,A005,EQ0039,SV6,R011,WT2,P3,S4,36.49,26.49,False,False,ServiceDesk,project_fact_ordenestrabajo_export.csv,2026-06-23T00:00:00,4595
WO004596,20250411,20250419,A003,EQ0025,SV2,R030,WT6,P3,S4,42.48,59.16,False,False,ServiceDesk,project_fact_ordenestrabajo_export.csv,2026-06-23T00:00:00,4596
WO004597,20250624,,A002,EQ0030,SV1,R026,WT1,P3,S3,56.3,55.06,False,False,ServiceDesk,project_fact_ordenestrabajo_export.csv,2026-06-23T00:00:00,4597
WO004598,20250310,20250320,A005,EQ0039,SV4,R020,WT2,P3,S4,49.92,79.19,False,False,CMMS,project_fact_ordenestrabajo_export.csv,2026-06-23T00:00:00,4598
WO004599,20250511,20250513,A002,EQ0015,SV1,R007,WT3,P2,S4,17.23,15.79,True,False,CMMS,project_fact_ordenestrabajo_export.csv,2026-06-23T00:00:00,4599
WO004600,20250618,20250624,A006,EQ0019,SV6,R027,WT4,P3,S4,35.59,45.5,False,False,CMMS,project_fact_ordenestrabajo_export.csv,2026-06-23T00:00:00,4600
WO004601,20250315,,A005,EQ0023,SV2,R027,WT2,P3,S2,28.9,50.2,False,False,ERP,project_fact_ordenestrabajo_export.csv,2026-06-23T00:00:00,4601
WO004602,20250506,20250517,A002,EQ0030,SV2,R006,WT3,P3,S4,30.35,81.82,False,False,CMMS,project_fact_ordenestrabajo_export.csv,2026-06-23T00:00:00,4602
WO004603,20250418,20250420,A004,EQ0008,SV1,R017,WT1,P2,S4,11.64,15.07,True,False,ERP,project_fact_ordenestrabajo_export.csv,2026-06-23T00:00:00,4603
WO004604,20250507,,A003,EQ0033,SV7,R003,WT4,P3,S1,35.77,48.08,False,False,CMMS,project_fact_ordenestrabajo_export.csv,2026-06-23T00:00:00,4604
WO004605,20250419,20250426,A005,EQ0039,SV2,R013,WT4,P3,S4,58.29,49.05,False,False,ERP,project_fact_ordenestrabajo_export.csv,2026-06-23T00:00:00,4605
WO004606,20250117,20250128,A001,EQ0020,SV8,R007,WT4,P3,S4,64.1,80.37,False,False,ERP,project_fact_ordenestrabajo_export.csv,2026-06-23T00:00:00,4606
WO004607,20250624,20250630,A005,EQ0032,SV1,R017,WT5,P4,S5,77.25,70.13,False,True,CMMS,project_fact_ordenestrabajo_export.csv,2026-06-23T00:00:00,4607
WO004608,20250422,,A003,EQ0035,SV3,R023,WT1,P1,S2,5.86,12.31,True,False,ERP,project_fact_ordenestrabajo_export.csv,2026-06-23T00:00:00,4608
WO004609,20250402,20250407,A006,EQ0014,SV2,R030,WT4,P3,S5,47.03,38.14,False,False,ServiceDesk,project_fact_ordenestrabajo_export.csv,2026-06-23T00:00:00,4609
WO004610,20250310,20250315,A005,EQ0021,SV8,R012,WT2,P3,S4,32.51,35.17,False,False,CMMS,project_fact_ordenestrabajo_export.csv,2026-06-23T00:00:00,4610
WO004611,20250515,20250523,A006,EQ0014,SV5,R019,WT2,P3,S5,42.35,58.55,False,False,ServiceDesk,project_fact_ordenestrabajo_export.csv,2026-06-23T00:00:00,4611
WO004612,20250623,20250628,A003,EQ0001,SV7,R029,WT3,P3,S4,28.94,35.05,False,False,ServiceDesk,project_fact_ordenestrabajo_export.csv,2026-06-23T00:00:00,4612
WO004613,20250523,20250524,A004,EQ0029,SV8,R030,WT3,P1,S4,3.37,3.69,True,False,ServiceDesk,project_fact_ordenestrabajo_export.csv,2026-06-23T00:00:00,4613
WO004614,20250423,20250424,A002,EQ0030,SV3,R026,WT3,P1,S4,3.72,7.11,True,False,CMMS,project_fact_ordenestrabajo_export.csv,2026-06-23T00:00:00,4614
WO004615,20250516,,A001,EQ0028,SV1,R007,WT3,P3,S3,59.67,61.83,False,False,CMMS,project_fact_ordenestrabajo_export.csv,2026-06-23T00:00:00,4615
WO004616,20250506,20250528,A003,EQ0040,SV6,R009,WT1,P3,S4,47.71,174.84,False,False,CMMS,project_fact_ordenestrabajo_export.csv,2026-06-23T00:00:00,4616
WO004617,20250601,,A005,EQ0009,SV7,R018,WT2,P4,S2,62.55,86.15,False,False,CMMS,project_fact_ordenestrabajo_export.csv,2026-06-23T00:00:00,4617
WO004618,20250106,20250111,A005,EQ0023,SV2,R012,WT2,P2,S4,21.32,33.35,True,False,ServiceDesk,project_fact_ordenestrabajo_export.csv,2026-06-23T00:00:00,4618
WO004619,20250111,20250118,A004,EQ0008,SV2,R007,WT6,P3,S4,28.71,48.0,False,True,ERP,project_fact_ordenestrabajo_export.csv,2026-06-23T00:00:00,4619
WO004620,20250228,20250319,A005,EQ0039,SV3,R015,WT1,P4,S4,106.87,146.72,False,False,ServiceDesk,project_fact_ordenestrabajo_export.csv,2026-06-23T00:00:00,4620
WO004621,20250223,,A005,EQ0016,SV3,R020,WT1,P1,S3,5.16,3.22,True,False,CMMS,project_fact_ordenestrabajo_export.csv,2026-06-23T00:00:00,4621
WO004622,20250622,20250625,A004,EQ0008,SV2,R020,WT6,P2,S4,15.63,17.0,True,False,ServiceDesk,project_fact_ordenestrabajo_export.csv,2026-06-23T00:00:00,4622
WO004623,20250515,20250526,A003,EQ0025,SV3,R008,WT3,P4,S4,74.12,85.59,False,False,ServiceDesk,project_fact_ordenestrabajo_export.csv,2026-06-23T00:00:00,4623
WO004624,20250326,20250403,A005,EQ0021,SV6,R026,WT6,P3,S4,47.43,61.53,False,False,ServiceDesk,project_fact_ordenestrabajo_export.csv,2026-06-23T00:00:00,4624
WO004625,20250330,,A005,EQ0016,SV7,R018,WT4,P2,S2,18.38,13.89,True,False,CMMS,project_fact_ordenestrabajo_export.csv,2026-06-23T00:00:00,4625
WO004626,20250506,,A004,EQ0002,SV7,R030,WT3,P1,S2,7.16,5.47,True,False,ERP,project_fact_ordenestrabajo_export.csv,2026-06-23T00:00:00,4626
WO004627,20250601,20250607,A004,EQ0012,SV3,R016,WT1,P3,S4,26.73,44.18,False,False,ERP,project_fact_ordenestrabajo_export.csv,2026-06-23T00:00:00,4627
WO004628,20250329,20250403,A001,EQ0026,SV8,R026,WT3,P3,S5,52.61,37.66,False,False,CMMS,project_fact_ordenestrabajo_export.csv,2026-06-23T00:00:00,4628
WO004629,20250628,20250630,A004,EQ0003,SV4,R010,WT3,P3,S4,49.03,74.46,False,False,CMMS,project_fact_ordenestrabajo_export.csv,2026-06-23T00:00:00,4629
WO004630,20250318,,A005,EQ0037,SV3,R011,WT1,P4,S1,65.75,100.48,False,False,CMMS,project_fact_ordenestrabajo_export.csv,2026-06-23T00:00:00,4630
WO004631,20250614,20250617,A001,EQ0020,SV6,R024,WT1,P2,S4,10.85,18.77,True,True,ServiceDesk,project_fact_ordenestrabajo_export.csv,2026-06-23T00:00:00,4631
WO004632,20250622,20250630,A004,EQ0002,SV1,R004,WT2,P4,S4,83.03,83.18,False,False,ServiceDesk,project_fact_ordenestrabajo_export.csv,2026-06-23T00:00:00,4632
WO004633,20250209,20250214,A004,EQ0004,SV1,R030,WT2,P3,S4,54.1,37.15,False,True,CMMS,project_fact_ordenestrabajo_export.csv,2026-06-23T00:00:00,4633
WO004634,20250501,20250516,A004,EQ0005,SV8,R013,WT5,P3,S4,57.08,114.38,False,True,ServiceDesk,project_fact_ordenestrabajo_export.csv,2026-06-23T00:00:00,4634
WO004635,20250101,,A003,EQ0033,SV6,R011,WT1,P3,S2,58.24,79.23,False,False,ServiceDesk,project_fact_ordenestrabajo_export.csv,2026-06-23T00:00:00,4635
WO004636,20250226,,A005,EQ0023,SV3,R012,WT2,P2,S1,11.29,20.63,True,False,CMMS,project_fact_ordenestrabajo_export.csv,2026-06-23T00:00:00,4636
WO004637,20250304,20250311,A001,EQ0026,SV6,R025,WT3,P3,S4,31.15,49.86,False,False,ERP,project_fact_ordenestrabajo_export.csv,2026-06-23T00:00:00,4637
WO004638,20250106,20250109,A005,EQ0018,SV3,R025,WT2,P3,S4,28.57,19.96,False,False,ServiceDesk,project_fact_ordenestrabajo_export.csv,2026-06-23T00:00:00,4638
WO004639,20250108,,A006,EQ0038,SV1,R028,WT2,P3,S3,58.75,38.59,False,False,ERP,project_fact_ordenestrabajo_export.csv,2026-06-23T00:00:00,4639
WO004640,20250128,,A004,EQ0008,SV2,R011,WT2,P3,S3,46.18,75.18,False,False,ERP,project_fact_ordenestrabajo_export.csv,2026-06-23T00:00:00,4640
WO004641,20250329,20250403,A005,EQ0006,SV3,R024,WT4,P3,S4,28.38,33.67,False,False,ERP,project_fact_ordenestrabajo_export.csv,2026-06-23T00:00:00,4641
WO004642,20250117,,A004,EQ0029,SV3,R010,WT2,P2,S2,9.01,10.04,True,False,ERP,project_fact_ordenestrabajo_export.csv,2026-06-23T00:00:00,4642
WO004643,20250624,20250630,A004,EQ0013,SV6,R029,WT1,P3,S4,48.48,40.81,False,False,ServiceDesk,project_fact_ordenestrabajo_export.csv,2026-06-23T00:00:00,4643
WO004644,20250620,,A005,EQ0037,SV5,R015,WT5,P2,S3,10.13,5.27,True,True,ERP,project_fact_ordenestrabajo_export.csv,2026-06-23T00:00:00,4644
WO004645,20250428,20250430,A004,EQ0003,SV8,R022,WT1,P2,S4,10.67,15.55,True,False,ERP,project_fact_ordenestrabajo_export.csv,2026-06-23T00:00:00,4645
WO004646,20250206,20250208,A004,EQ0004,SV2,R022,WT4,P2,S4,11.67,11.69,True,False,ERP,project_fact_ordenestrabajo_export.csv,2026-06-23T00:00:00,4646
WO004647,20250614,,A003,EQ0031,SV4,R012,WT1,P4,S3,80.43,134.04,False,False,ERP,project_fact_ordenestrabajo_export.csv,2026-06-23T00:00:00,4647
WO004648,20250122,20250129,A005,EQ0039,SV1,R020,WT3,P3,S4,46.81,53.67,False,True,ERP,project_fact_ordenestrabajo_export.csv,2026-06-23T00:00:00,4648
WO004649,20250409,20250411,A004,EQ0003,SV7,R021,WT2,P2,S4,14.26,12.65,True,True,ServiceDesk,project_fact_ordenestrabajo_export.csv,2026-06-23T00:00:00,4649
WO004650,20250616,20250617,A005,EQ0032,SV8,R026,WT2,P1,S4,3.56,3.13,True,False,CMMS,project_fact_ordenestrabajo_export.csv,2026-06-23T00:00:00,4650
WO004651,20250413,20250424,A005,EQ0032,SV2,R024,WT2,P3,S5,61.27,83.45,False,False,CMMS,project_fact_ordenestrabajo_export.csv,2026-06-23T00:00:00,4651
WO004652,20250510,,A005,EQ0032,SV4,R016,WT1,P3,S3,56.9,92.41,False,False,CMMS,project_fact_ordenestrabajo_export.csv,2026-06-23T00:00:00,4652
WO004653,20250211,,A001,EQ0010,SV2,R012,WT3,P2,S2,17.21,52.3,True,False,ServiceDesk,project_fact_ordenestrabajo_export.csv,2026-06-23T00:00:00,4653
WO004654,20250301,,A006,EQ0027,SV1,R009,WT3,P4,S1,46.21,61.04,False,False,CMMS,project_fact_ordenestrabajo_export.csv,2026-06-23T00:00:00,4654
WO004655,20250602,20250611,A005,EQ0034,SV4,R008,WT6,P4,S4,90.96,64.94,False,False,ERP,project_fact_ordenestrabajo_export.csv,2026-06-23T00:00:00,4655
WO004656,20250102,20250104,A003,EQ0022,SV3,R028,WT2,P1,S4,7.07,9.42,True,False,CMMS,project_fact_ordenestrabajo_export.csv,2026-06-23T00:00:00,4656
WO004657,20250316,20250320,A002,EQ0030,SV7,R006,WT3,P2,S4,19.97,25.14,True,False,ServiceDesk,project_fact_ordenestrabajo_export.csv,2026-06-23T00:00:00,4657
WO004658,20250610,20250621,A003,EQ0022,SV7,R026,WT3,P4,S4,82.48,80.27,False,False,CMMS,project_fact_ordenestrabajo_export.csv,2026-06-23T00:00:00,4658
WO004659,20250324,20250328,A002,EQ0015,SV5,R008,WT2,P3,S4,25.64,30.99,False,False,CMMS,project_fact_ordenestrabajo_export.csv,2026-06-23T00:00:00,4659
WO004660,20250405,20250407,A005,EQ0021,SV7,R016,WT5,P2,S4,17.73,15.89,True,False,CMMS,project_fact_ordenestrabajo_export.csv,2026-06-23T00:00:00,4660
WO004661,20250401,,A005,EQ0021,SV5,R027,WT2,P3,S2,45.0,90.18,False,False,CMMS,project_fact_ordenestrabajo_export.csv,2026-06-23T00:00:00,4661
WO004662,20250521,20250525,A004,EQ0002,SV6,R011,WT2,P3,S4,30.73,28.98,False,False,ServiceDesk,project_fact_ordenestrabajo_export.csv,2026-06-23T00:00:00,4662
WO004663,20250506,20250516,A004,EQ0005,SV5,R019,WT5,P4,S5,70.32,77.79,False,True,CMMS,project_fact_ordenestrabajo_export.csv,2026-06-23T00:00:00,4663
WO004664,20250426,20250508,A005,EQ0037,SV8,R005,WT1,P4,S4,80.53,94.26,False,False,CMMS,project_fact_ordenestrabajo_export.csv,2026-06-23T00:00:00,4664
WO004665,20250630,20250630,A005,EQ0016,SV6,R017,WT4,P2,S4,18.62,28.67,True,False,ERP,project_fact_ordenestrabajo_export.csv,2026-06-23T00:00:00,4665
WO004666,20250611,20250630,A005,EQ0011,SV5,R020,WT1,P4,S4,70.38,149.06,False,False,CMMS,project_fact_ordenestrabajo_export.csv,2026-06-23T00:00:00,4666
WO004667,20250220,,A005,EQ0011,SV7,R017,WT5,P3,S2,33.71,26.21,False,True,ServiceDesk,project_fact_ordenestrabajo_export.csv,2026-06-23T00:00:00,4667
WO004668,20250228,,A001,EQ0007,SV2,R028,WT3,P2,S2,16.95,21.35,True,False,ServiceDesk,project_fact_ordenestrabajo_export.csv,2026-06-23T00:00:00,4668
WO004669,20250308,20250312,A003,EQ0033,SV2,R014,WT2,P2,S4,17.5,24.5,True,True,CMMS,project_fact_ordenestrabajo_export.csv,2026-06-23T00:00:00,4669
WO004670,20250317,20250318,A004,EQ0005,SV3,R022,WT2,P1,S4,4.52,5.12,True,True,CMMS,project_fact_ordenestrabajo_export.csv,2026-06-23T00:00:00,4670
WO004671,20250426,,A003,EQ0025,SV2,R024,WT1,P3,S2,38.73,36.75,False,False,ServiceDesk,project_fact_ordenestrabajo_export.csv,2026-06-23T00:00:00,4671
WO004672,20250402,20250410,A005,EQ0011,SV8,R023,WT1,P3,S4,48.53,61.28,False,False,CMMS,project_fact_ordenestrabajo_export.csv,2026-06-23T00:00:00,4672
WO004673,20250218,20250226,A003,EQ0033,SV7,R019,WT2,P3,S4,40.85,58.48,False,False,ERP,project_fact_ordenestrabajo_export.csv,2026-06-23T00:00:00,4673
WO004674,20250113,20250119,A002,EQ0036,SV5,R006,WT6,P3,S4,48.36,40.83,False,False,ServiceDesk,project_fact_ordenestrabajo_export.csv,2026-06-23T00:00:00,4674
WO004675,20250603,20250606,A004,EQ0004,SV3,R013,WT4,P2,S4,20.91,21.39,True,False,ERP,project_fact_ordenestrabajo_export.csv,2026-06-23T00:00:00,4675
WO004676,20250312,20250318,A005,EQ0011,SV4,R029,WT2,P4,S4,71.18,46.97,False,False,ERP,project_fact_ordenestrabajo_export.csv,2026-06-23T00:00:00,4676
WO004677,20250511,,A005,EQ0032,SV5,R018,WT1,P3,S2,35.79,20.5,False,True,CMMS,project_fact_ordenestrabajo_export.csv,2026-06-23T00:00:00,4677
WO004678,20250225,20250226,A005,EQ0039,SV4,R020,WT6,P1,S4,3.8,3.77,True,False,ServiceDesk,project_fact_ordenestrabajo_export.csv,2026-06-23T00:00:00,4678
WO004679,20250211,20250220,A003,EQ0031,SV3,R018,WT1,P3,S4,60.41,65.7,False,False,ServiceDesk,project_fact_ordenestrabajo_export.csv,2026-06-23T00:00:00,4679
WO004680,20250106,,A005,EQ0023,SV5,R013,WT3,P2,S2,17.74,25.57,True,False,ServiceDesk,project_fact_ordenestrabajo_export.csv,2026-06-23T00:00:00,4680
WO004681,20250321,,A005,EQ0039,SV4,R023,WT4,P3,S2,36.73,58.04,False,False,ServiceDesk,project_fact_ordenestrabajo_export.csv,2026-06-23T00:00:00,4681
WO004682,20250526,20250529,A006,EQ0038,SV5,R003,WT1,P2,S4,14.48,21.81,True,True,ServiceDesk,project_fact_ordenestrabajo_export.csv,2026-06-23T00:00:00,4682
WO004683,20250612,,A005,EQ0006,SV4,R005,WT1,P3,S2,38.32,47.72,False,False,CMMS,project_fact_ordenestrabajo_export.csv,2026-06-23T00:00:00,4683
WO004684,20250214,20250226,A005,EQ0039,SV2,R029,WT5,P3,S4,47.95,90.34,False,False,ServiceDesk,project_fact_ordenestrabajo_export.csv,2026-06-23T00:00:00,4684
WO004685,20250309,,A003,EQ0025,SV3,R005,WT3,P1,S2,2.91,1.62,True,False,ServiceDesk,project_fact_ordenestrabajo_export.csv,2026-06-23T00:00:00,4685
WO004686,20250123,20250124,A003,EQ0025,SV8,R027,WT2,P1,S4,4.16,2.5,True,False,ServiceDesk,project_fact_ordenestrabajo_export.csv,2026-06-23T00:00:00,4686
WO004687,20250521,,A004,EQ0008,SV3,R018,WT4,P4,S3,99.71,112.65,False,False,ERP,project_fact_ordenestrabajo_export.csv,2026-06-23T00:00:00,4687
WO004688,20250305,20250315,A006,EQ0027,SV1,R012,WT3,P4,S4,65.76,75.32,False,False,CMMS,project_fact_ordenestrabajo_export.csv,2026-06-23T00:00:00,4688
WO004689,20250503,20250521,A006,EQ0019,SV8,R016,WT1,P4,S4,54.72,141.72,False,False,CMMS,project_fact_ordenestrabajo_export.csv,2026-06-23T00:00:00,4689
WO004690,20250227,20250309,A005,EQ0039,SV1,R020,WT3,P3,S4,53.68,76.75,False,True,ServiceDesk,project_fact_ordenestrabajo_export.csv,2026-06-23T00:00:00,4690
WO004691,20250201,,A005,EQ0039,SV6,R008,WT2,P3,S2,42.47,20.72,False,True,ServiceDesk,project_fact_ordenestrabajo_export.csv,2026-06-23T00:00:00,4691
WO004692,20250618,,A004,EQ0005,SV2,R022,WT3,P4,S3,48.0,37.87,False,True,CMMS,project_fact_ordenestrabajo_export.csv,2026-06-23T00:00:00,4692
WO004693,20250125,,A005,EQ0034,SV3,R014,WT2,P4,S2,91.77,150.87,False,False,CMMS,project_fact_ordenestrabajo_export.csv,2026-06-23T00:00:00,4693
WO004694,20250411,20250419,A005,EQ0016,SV4,R007,WT2,P3,S4,28.89,56.39,False,False,ServiceDesk,project_fact_ordenestrabajo_export.csv,2026-06-23T00:00:00,4694
WO004695,20250223,,A006,EQ0038,SV2,R026,WT6,P4,S1,64.96,50.56,False,False,ServiceDesk,project_fact_ordenestrabajo_export.csv,2026-06-23T00:00:00,4695
WO004696,20250412,20250413,A003,EQ0001,SV4,R025,WT1,P1,S4,3.4,7.99,True,False,ServiceDesk,project_fact_ordenestrabajo_export.csv,2026-06-23T00:00:00,4696
WO004697,20250405,20250410,A006,EQ0019,SV7,R001,WT6,P2,S4,19.86,34.18,True,False,ERP,project_fact_ordenestrabajo_export.csv,2026-06-23T00:00:00,4697
WO004698,20250213,,A004,EQ0029,SV4,R015,WT1,P3,S2,63.25,81.26,False,True,ServiceDesk,project_fact_ordenestrabajo_export.csv,2026-06-23T00:00:00,4698
WO004699,20250108,,A005,EQ0011,SV2,R030,WT2,P2,S2,19.81,12.26,True,False,ServiceDesk,project_fact_ordenestrabajo_export.csv,2026-06-23T00:00:00,4699
WO004700,20250509,,A005,EQ0039,SV5,R013,WT1,P3,S2,46.75,57.2,False,False,ServiceDesk,project_fact_ordenestrabajo_export.csv,2026-06-23T00:00:00,4700
WO004701,20250108,,A002,EQ0036,SV8,R003,WT1,P3,S3,29.69,18.9,False,False,ServiceDesk,project_fact_ordenestrabajo_export.csv,2026-06-23T00:00:00,4701
WO004702,20250130,20250210,A005,EQ0037,SV2,R009,WT3,P3,S4,52.66,82.99,False,False,ERP,project_fact_ordenestrabajo_export.csv,2026-06-23T00:00:00,4702
WO004703,20250130,20250201,A003,EQ0040,SV7,R019,WT3,P2,S4,16.52,10.5,True,False,ServiceDesk,project_fact_ordenestrabajo_export.csv,2026-06-23T00:00:00,4703
WO004704,20250221,20250304,A002,EQ0030,SV2,R016,WT2,P3,S4,47.73,80.16,False,False,ERP,project_fact_ordenestrabajo_export.csv,2026-06-23T00:00:00,4704
WO004705,20250109,20250111,A001,EQ0007,SV8,R006,WT1,P1,S4,5.41,10.14,True,False,ServiceDesk,project_fact_ordenestrabajo_export.csv,2026-06-23T00:00:00,4705
WO004706,20250503,20250512,A003,EQ0022,SV1,R009,WT6,P4,S4,83.4,64.64,False,False,ERP,project_fact_ordenestrabajo_export.csv,2026-06-23T00:00:00,4706
WO004707,20250430,20250504,A005,EQ0034,SV2,R008,WT2,P2,S4,14.29,25.56,True,False,ERP,project_fact_ordenestrabajo_export.csv,2026-06-23T00:00:00,4707
WO004708,20250628,20250630,A002,EQ0030,SV1,R017,WT5,P2,S4,11.55,15.56,True,False,ServiceDesk,project_fact_ordenestrabajo_export.csv,2026-06-23T00:00:00,4708
WO004709,20250604,,A005,EQ0039,SV7,R025,WT2,P1,S2,4.06,3.02,True,False,ServiceDesk,project_fact_ordenestrabajo_export.csv,2026-06-23T00:00:00,4709
WO004710,20250208,20250213,A006,EQ0019,SV7,R030,WT1,P3,S4,56.85,36.83,False,True,ServiceDesk,project_fact_ordenestrabajo_export.csv,2026-06-23T00:00:00,4710
WO004711,20250529,20250601,A003,EQ0033,SV5,R028,WT6,P3,S4,31.06,20.01,False,False,CMMS,project_fact_ordenestrabajo_export.csv,2026-06-23T00:00:00,4711
WO004712,20250216,,A003,EQ0033,SV3,R021,WT6,P2,S2,14.38,14.83,True,False,ERP,project_fact_ordenestrabajo_export.csv,2026-06-23T00:00:00,4712
WO004713,20250212,,A005,EQ0018,SV8,R021,WT2,P2,S3,10.34,39.08,True,True,ERP,project_fact_ordenestrabajo_export.csv,2026-06-23T00:00:00,4713
WO004714,20250129,,A004,EQ0029,SV3,R017,WT4,P2,S1,14.53,15.62,True,True,ERP,project_fact_ordenestrabajo_export.csv,2026-06-23T00:00:00,4714
WO004715,20250611,20250616,A005,EQ0009,SV7,R024,WT2,P3,S4,62.54,34.57,False,False,ServiceDesk,project_fact_ordenestrabajo_export.csv,2026-06-23T00:00:00,4715
WO004716,20250209,20250210,A001,EQ0007,SV3,R003,WT3,P1,S4,3.64,3.73,True,False,ERP,project_fact_ordenestrabajo_export.csv,2026-06-23T00:00:00,4716
WO004717,20250522,20250604,A003,EQ0025,SV7,R026,WT6,P4,S4,77.25,101.9,False,True,ERP,project_fact_ordenestrabajo_export.csv,2026-06-23T00:00:00,4717
WO004718,20250619,20250621,A002,EQ0036,SV7,R027,WT2,P1,S5,6.8,10.71,True,False,ERP,project_fact_ordenestrabajo_export.csv,2026-06-23T00:00:00,4718
WO004719,20250619,20250630,A002,EQ0015,SV7,R009,WT1,P4,S4,87.96,159.42,False,True,ServiceDesk,project_fact_ordenestrabajo_export.csv,2026-06-23T00:00:00,4719
WO004720,20250411,20250413,A006,EQ0019,SV2,R003,WT2,P2,S4,9.14,8.83,True,False,ERP,project_fact_ordenestrabajo_export.csv,2026-06-23T00:00:00,4720
WO004721,20250306,20250324,A005,EQ0032,SV3,R009,WT3,P4,S4,92.1,137.72,False,False,CMMS,project_fact_ordenestrabajo_export.csv,2026-06-23T00:00:00,4721
WO004722,20250216,20250218,A002,EQ0015,SV8,R015,WT2,P2,S4,12.22,12.34,True,False,ServiceDesk,project_fact_ordenestrabajo_export.csv,2026-06-23T00:00:00,4722
WO004723,20250108,20250110,A004,EQ0008,SV2,R024,WT2,P2,S4,16.64,14.11,True,False,ServiceDesk,project_fact_ordenestrabajo_export.csv,2026-06-23T00:00:00,4723
WO004724,20250622,20250624,A005,EQ0016,SV8,R022,WT4,P2,S4,14.79,14.69,True,False,ERP,project_fact_ordenestrabajo_export.csv,2026-06-23T00:00:00,4724
WO004725,20250506,20250509,A003,EQ0001,SV1,R026,WT4,P3,S4,35.66,20.37,False,True,CMMS,project_fact_ordenestrabajo_export.csv,2026-06-23T00:00:00,4725
WO004726,20250530,,A005,EQ0009,SV6,R027,WT2,P3,S2,47.86,87.76,False,False,ERP,project_fact_ordenestrabajo_export.csv,2026-06-23T00:00:00,4726
WO004727,20250501,,A003,EQ0025,SV7,R020,WT3,P3,S1,47.93,34.72,False,True,ServiceDesk,project_fact_ordenestrabajo_export.csv,2026-06-23T00:00:00,4727
WO004728,20250126,20250128,A002,EQ0030,SV3,R022,WT6,P2,S5,13.3,12.35,True,False,ServiceDesk,project_fact_ordenestrabajo_export.csv,2026-06-23T00:00:00,4728
WO004729,20250202,20250205,A003,EQ0025,SV4,R022,WT4,P2,S4,20.44,16.84,True,False,CMMS,project_fact_ordenestrabajo_export.csv,2026-06-23T00:00:00,4729
WO004730,20250411,20250414,A003,EQ0031,SV5,R025,WT2,P2,S4,10.23,17.08,True,False,ServiceDesk,project_fact_ordenestrabajo_export.csv,2026-06-23T00:00:00,4730
WO004731,20250313,,A005,EQ0039,SV6,R027,WT4,P2,S1,17.57,59.42,True,True,CMMS,project_fact_ordenestrabajo_export.csv,2026-06-23T00:00:00,4731
WO004732,20250630,20250630,A006,EQ0027,SV2,R019,WT2,P3,S4,33.13,28.55,False,False,ERP,project_fact_ordenestrabajo_export.csv,2026-06-23T00:00:00,4732
WO004733,20250624,,A005,EQ0037,SV3,R018,WT1,P3,S3,64.06,77.76,False,False,CMMS,project_fact_ordenestrabajo_export.csv,2026-06-23T00:00:00,4733
WO004734,20250511,20250526,A001,EQ0020,SV7,R021,WT1,P4,S4,47.89,119.38,False,False,ServiceDesk,project_fact_ordenestrabajo_export.csv,2026-06-23T00:00:00,4734
WO004735,20250406,,A003,EQ0033,SV3,R012,WT2,P2,S1,10.8,17.12,True,False,ServiceDesk,project_fact_ordenestrabajo_export.csv,2026-06-23T00:00:00,4735
WO004736,20250530,20250607,A005,EQ0039,SV8,R007,WT1,P3,S4,38.23,62.17,False,False,CMMS,project_fact_ordenestrabajo_export.csv,2026-06-23T00:00:00,4736
WO004737,20250623,,A003,EQ0033,SV4,R025,WT3,P2,S2,18.58,36.18,True,False,ERP,project_fact_ordenestrabajo_export.csv,2026-06-23T00:00:00,4737
WO004738,20250513,20250515,A003,EQ0025,SV1,R008,WT2,P2,S4,11.54,12.6,True,False,ServiceDesk,project_fact_ordenestrabajo_export.csv,2026-06-23T00:00:00,4738
WO004739,20250529,20250604,A003,EQ0033,SV1,R005,WT3,P3,S4,30.38,45.74,False,False,ERP,project_fact_ordenestrabajo_export.csv,2026-06-23T00:00:00,4739
WO004740,20250503,20250505,A006,EQ0014,SV7,R015,WT2,P1,S4,6.67,8.58,True,True,CMMS,project_fact_ordenestrabajo_export.csv,2026-06-23T00:00:00,4740
WO004741,20250516,20250520,A001,EQ0028,SV6,R025,WT2,P2,S4,18.75,28.67,True,False,CMMS,project_fact_ordenestrabajo_export.csv,2026-06-23T00:00:00,4741
WO004742,20250206,20250214,A005,EQ0023,SV7,R001,WT3,P4,S5,52.55,58.21,False,False,CMMS,project_fact_ordenestrabajo_export.csv,2026-06-23T00:00:00,4742
WO004743,20250128,20250209,A004,EQ0005,SV1,R030,WT5,P3,S4,51.57,91.03,False,False,CMMS,project_fact_ordenestrabajo_export.csv,2026-06-23T00:00:00,4743
WO004744,20250414,20250424,A004,EQ0002,SV8,R023,WT2,P4,S5,97.31,77.11,False,False,ServiceDesk,project_fact_ordenestrabajo_export.csv,2026-06-23T00:00:00,4744
WO004745,20250319,20250331,A001,EQ0026,SV4,R024,WT4,P3,S4,55.69,90.4,False,False,ERP,project_fact_ordenestrabajo_export.csv,2026-06-23T00:00:00,4745
WO004746,20250327,20250402,A003,EQ0022,SV1,R010,WT2,P4,S4,46.41,45.9,False,False,ERP,project_fact_ordenestrabajo_export.csv,2026-06-23T00:00:00,4746
WO004747,20250614,,A002,EQ0030,SV5,R010,WT1,P2,S1,20.23,15.22,True,False,ERP,project_fact_ordenestrabajo_export.csv,2026-06-23T00:00:00,4747
WO004748,20250122,20250123,A004,EQ0005,SV1,R019,WT4,P2,S4,9.8,4.29,True,False,ServiceDesk,project_fact_ordenestrabajo_export.csv,2026-06-23T00:00:00,4748
WO004749,20250626,20250627,A005,EQ0023,SV2,R014,WT2,P1,S4,5.44,6.14,True,False,ServiceDesk,project_fact_ordenestrabajo_export.csv,2026-06-23T00:00:00,4749
WO004750,20250221,20250224,A006,EQ0019,SV2,R024,WT2,P2,S5,16.02,17.42,True,False,CMMS,project_fact_ordenestrabajo_export.csv,2026-06-23T00:00:00,4750
WO004751,20250129,,A001,EQ0010,SV2,R006,WT1,P3,S1,53.88,44.55,False,False,ServiceDesk,project_fact_ordenestrabajo_export.csv,2026-06-23T00:00:00,4751
WO004752,20250511,,A004,EQ0004,SV3,R022,WT1,P4,S1,86.34,182.76,False,False,ServiceDesk,project_fact_ordenestrabajo_export.csv,2026-06-23T00:00:00,4752
WO004753,20250301,20250303,A005,EQ0006,SV6,R010,WT2,P2,S4,11.85,10.57,True,False,ERP,project_fact_ordenestrabajo_export.csv,2026-06-23T00:00:00,4753
WO004754,20250206,20250208,A003,EQ0035,SV8,R019,WT2,P1,S4,5.98,14.77,True,False,ERP,project_fact_ordenestrabajo_export.csv,2026-06-23T00:00:00,4754
WO004755,20250307,,A003,EQ0040,SV6,R026,WT2,P3,S1,30.99,66.47,False,False,CMMS,project_fact_ordenestrabajo_export.csv,2026-06-23T00:00:00,4755
WO004756,20250414,,A006,EQ0019,SV2,R004,WT4,P2,S1,18.67,23.27,True,False,ServiceDesk,project_fact_ordenestrabajo_export.csv,2026-06-23T00:00:00,4756
WO004757,20250601,,A004,EQ0008,SV1,R015,WT1,P1,S3,6.41,3.4,True,False,ERP,project_fact_ordenestrabajo_export.csv,2026-06-23T00:00:00,4757
WO004758,20250129,,A006,EQ0019,SV6,R007,WT4,P2,S2,15.23,14.29,True,True,CMMS,project_fact_ordenestrabajo_export.csv,2026-06-23T00:00:00,4758
WO004759,20250507,,A006,EQ0027,SV8,R002,WT1,P3,S2,60.84,57.86,False,False,ERP,project_fact_ordenestrabajo_export.csv,2026-06-23T00:00:00,4759
WO004760,20250213,20250218,A003,EQ0022,SV4,R003,WT6,P2,S4,18.65,32.45,True,False,ServiceDesk,project_fact_ordenestrabajo_export.csv,2026-06-23T00:00:00,4760
WO004761,20250611,,A004,EQ0012,SV2,R021,WT2,P2,S2,21.17,9.24,True,False,ERP,project_fact_ordenestrabajo_export.csv,2026-06-23T00:00:00,4761
WO004762,20250313,,A004,EQ0013,SV2,R013,WT2,P1,S4,5.35,4.59,True,False,CMMS,project_fact_ordenestrabajo_export.csv,2026-06-23T00:00:00,4762
WO004763,20250128,20250201,A005,EQ0032,SV2,R013,WT1,P2,S4,11.8,25.7,True,False,ServiceDesk,project_fact_ordenestrabajo_export.csv,2026-06-23T00:00:00,4763
WO004764,20250525,20250526,A006,EQ0038,SV2,R015,WT1,P1,S4,4.74,4.16,True,True,ServiceDesk,project_fact_ordenestrabajo_export.csv,2026-06-23T00:00:00,4764
WO004765,20250526,20250613,A005,EQ0034,SV5,R010,WT1,P4,S4,99.43,142.13,False,False,ERP,project_fact_ordenestrabajo_export.csv,2026-06-23T00:00:00,4765
WO004766,20250320,20250408,A005,EQ0032,SV3,R025,WT1,P4,S4,93.18,147.66,False,False,CMMS,project_fact_ordenestrabajo_export.csv,2026-06-23T00:00:00,4766
WO004767,20250427,20250506,A004,EQ0004,SV6,R020,WT2,P4,S4,101.02,68.59,False,True,ServiceDesk,project_fact_ordenestrabajo_export.csv,2026-06-23T00:00:00,4767
WO004768,20250607,20250614,A005,EQ0032,SV6,R002,WT2,P4,S4,51.44,48.94,False,True,ServiceDesk,project_fact_ordenestrabajo_export.csv,2026-06-23T00:00:00,4768
WO004769,20250520,20250522,A002,EQ0030,SV5,R012,WT2,P2,S4,9.64,15.57,True,False,ERP,project_fact_ordenestrabajo_export.csv,2026-06-23T00:00:00,4769
WO004770,20250628,20250630,A006,EQ0019,SV8,R029,WT4,P3,S4,59.8,64.63,False,False,ERP,project_fact_ordenestrabajo_export.csv,2026-06-23T00:00:00,4770
WO004771,20250312,,A001,EQ0028,SV6,R028,WT2,P4,S3,107.81,531.19,False,False,CMMS,project_fact_ordenestrabajo_export.csv,2026-06-23T00:00:00,4771
WO004772,20250130,,A001,EQ0028,SV6,R004,WT4,P3,S2,56.56,87.68,False,False,CMMS,project_fact_ordenestrabajo_export.csv,2026-06-23T00:00:00,4772
WO004773,20250226,20250305,A005,EQ0037,SV6,R022,WT4,P4,S4,82.03,52.38,False,False,ERP,project_fact_ordenestrabajo_export.csv,2026-06-23T00:00:00,4773
WO004774,20250124,20250207,A005,EQ0006,SV5,R007,WT1,P4,S4,87.17,110.29,False,False,ERP,project_fact_ordenestrabajo_export.csv,2026-06-23T00:00:00,4774
WO004775,20250628,,A004,EQ0013,SV7,R025,WT1,P2,S1,10.87,8.03,True,False,ERP,project_fact_ordenestrabajo_export.csv,2026-06-23T00:00:00,4775
WO004776,20250608,,A003,EQ0022,SV5,R007,WT3,P3,S3,25.89,32.44,False,False,ServiceDesk,project_fact_ordenestrabajo_export.csv,2026-06-23T00:00:00,4776
WO004777,20250617,20250624,A001,EQ0020,SV7,R010,WT2,P3,S4,58.91,49.83,False,False,CMMS,project_fact_ordenestrabajo_export.csv,2026-06-23T00:00:00,4777
WO004778,20250308,20250316,A003,EQ0025,SV8,R030,WT2,P3,S4,36.2,58.32,False,True,ERP,project_fact_ordenestrabajo_export.csv,2026-06-23T00:00:00,4778
WO004779,20250605,20250608,A004,EQ0008,SV7,R011,WT6,P2,S4,13.72,18.32,True,False,ERP,project_fact_ordenestrabajo_export.csv,2026-06-23T00:00:00,4779
WO004780,20250606,,A005,EQ0017,SV8,R007,WT4,P3,S1,33.35,20.72,False,True,CMMS,project_fact_ordenestrabajo_export.csv,2026-06-23T00:00:00,4780
WO004781,20250329,,A005,EQ0009,SV3,R011,WT2,P2,S1,15.58,12.56,True,False,ERP,project_fact_ordenestrabajo_export.csv,2026-06-23T00:00:00,4781
WO004782,20250415,,A001,EQ0026,SV5,R007,WT2,P3,S2,58.12,127.6,False,False,ServiceDesk,project_fact_ordenestrabajo_export.csv,2026-06-23T00:00:00,4782
WO004783,20250528,20250607,A001,EQ0028,SV2,R030,WT4,P4,S4,51.68,72.4,False,True,ServiceDesk,project_fact_ordenestrabajo_export.csv,2026-06-23T00:00:00,4783
WO004784,20250625,20250630,A003,EQ0025,SV2,R011,WT6,P4,S4,47.13,39.5,False,False,ServiceDesk,project_fact_ordenestrabajo_export.csv,2026-06-23T00:00:00,4784
WO004785,20250211,20250213,A006,EQ0038,SV6,R007,WT2,P2,S5,10.06,12.59,True,False,CMMS,project_fact_ordenestrabajo_export.csv,2026-06-23T00:00:00,4785
WO004786,20250102,,A005,EQ0023,SV3,R014,WT2,P4,S2,63.63,107.17,False,False,ServiceDesk,project_fact_ordenestrabajo_export.csv,2026-06-23T00:00:00,4786
WO004787,20250118,,A006,EQ0027,SV6,R023,WT3,P4,S3,104.1,170.49,False,False,CMMS,project_fact_ordenestrabajo_export.csv,2026-06-23T00:00:00,4787
WO004788,20250208,20250211,A005,EQ0018,SV3,R006,WT5,P2,S4,12.07,21.33,True,False,ERP,project_fact_ordenestrabajo_export.csv,2026-06-23T00:00:00,4788
WO004789,20250204,20250207,A006,EQ0024,SV7,R007,WT2,P2,S4,19.75,16.3,True,False,CMMS,project_fact_ordenestrabajo_export.csv,2026-06-23T00:00:00,4789
WO004790,20250428,20250502,A004,EQ0008,SV8,R006,WT1,P2,S5,21.51,30.65,True,True,ERP,project_fact_ordenestrabajo_export.csv,2026-06-23T00:00:00,4790
WO004791,20250117,20250127,A001,EQ0007,SV6,R025,WT1,P3,S4,51.71,74.76,False,False,ServiceDesk,project_fact_ordenestrabajo_export.csv,2026-06-23T00:00:00,4791
WO004792,20250320,20250329,A001,EQ0010,SV6,R019,WT3,P3,S4,39.83,67.54,False,False,ERP,project_fact_ordenestrabajo_export.csv,2026-06-23T00:00:00,4792
WO004793,20250522,20250524,A006,EQ0024,SV7,R025,WT6,P2,S4,12.91,10.76,True,False,CMMS,project_fact_ordenestrabajo_export.csv,2026-06-23T00:00:00,4793
WO004794,20250501,,A005,EQ0039,SV1,R015,WT3,P2,S2,20.38,22.36,True,False,ERP,project_fact_ordenestrabajo_export.csv,2026-06-23T00:00:00,4794
WO004795,20250525,,A002,EQ0036,SV8,R011,WT2,P3,S1,34.13,16.73,False,False,ERP,project_fact_ordenestrabajo_export.csv,2026-06-23T00:00:00,4795
WO004796,20250403,,A004,EQ0003,SV1,R027,WT5,P4,S1,89.66,137.26,False,False,ERP,project_fact_ordenestrabajo_export.csv,2026-06-23T00:00:00,4796
WO004797,20250626,,A005,EQ0009,SV4,R015,WT1,P2,S2,20.03,24.06,True,False,CMMS,project_fact_ordenestrabajo_export.csv,2026-06-23T00:00:00,4797
WO004798,20250302,20250308,A003,EQ0031,SV6,R023,WT1,P3,S4,50.02,41.29,False,True,CMMS,project_fact_ordenestrabajo_export.csv,2026-06-23T00:00:00,4798
WO004799,20250605,20250606,A005,EQ0032,SV5,R028,WT2,P1,S4,3.52,4.0,True,False,ERP,project_fact_ordenestrabajo_export.csv,2026-06-23T00:00:00,4799
WO004800,20250221,,A004,EQ0005,SV1,R003,WT1,P1,S3,3.97,3.81,True,False,CMMS,project_fact_ordenestrabajo_export.csv,2026-06-23T00:00:00,4800
WO004801,20250514,,A005,EQ0021,SV6,R023,WT3,P4,S1,84.7,90.21,False,False,ServiceDesk,project_fact_ordenestrabajo_export.csv,2026-06-23T00:00:00,4801
WO004802,20250612,20250621,A006,EQ0027,SV4,R024,WT2,P3,S4,43.5,65.21,False,False,ERP,project_fact_ordenestrabajo_export.csv,2026-06-23T00:00:00,4802
WO004803,20250626,20250630,A003,EQ0040,SV6,R012,WT3,P3,S4,52.16,38.67,False,False,CMMS,project_fact_ordenestrabajo_export.csv,2026-06-23T00:00:00,4803
WO004804,20250509,,A003,EQ0033,SV8,R029,WT2,P1,S3,2.98,1.72,True,False,ServiceDesk,project_fact_ordenestrabajo_export.csv,2026-06-23T00:00:00,4804
WO004805,20250219,20250223,A004,EQ0002,SV8,R029,WT5,P3,S4,31.3,26.56,False,False,ServiceDesk,project_fact_ordenestrabajo_export.csv,2026-06-23T00:00:00,4805
WO004806,20250310,,A006,EQ0024,SV8,R012,WT2,P3,S1,46.72,48.62,False,True,CMMS,project_fact_ordenestrabajo_export.csv,2026-06-23T00:00:00,4806
WO004807,20250602,20250609,A002,EQ0015,SV8,R003,WT3,P3,S5,64.18,51.42,False,False,ERP,project_fact_ordenestrabajo_export.csv,2026-06-23T00:00:00,4807
WO004808,20250223,,A005,EQ0016,SV6,R007,WT1,P3,S3,52.14,69.4,False,False,CMMS,project_fact_ordenestrabajo_export.csv,2026-06-23T00:00:00,4808
WO004809,20250529,20250531,A005,EQ0034,SV7,R008,WT6,P2,S4,8.69,9.09,True,False,CMMS,project_fact_ordenestrabajo_export.csv,2026-06-23T00:00:00,4809
WO004810,20250420,,A004,EQ0008,SV3,R017,WT2,P2,S1,11.93,22.4,True,False,CMMS,project_fact_ordenestrabajo_export.csv,2026-06-23T00:00:00,4810
WO004811,20250320,,A006,EQ0024,SV3,R015,WT1,P3,S3,45.1,71.27,False,False,ServiceDesk,project_fact_ordenestrabajo_export.csv,2026-06-23T00:00:00,4811
WO004812,20250207,,A004,EQ0029,SV6,R001,WT3,P3,S1,26.95,40.61,False,False,ERP,project_fact_ordenestrabajo_export.csv,2026-06-23T00:00:00,4812
WO004813,20250107,20250124,A005,EQ0021,SV1,R021,WT5,P4,S4,98.48,134.64,False,False,ERP,project_fact_ordenestrabajo_export.csv,2026-06-23T00:00:00,4813
WO004814,20250519,,A006,EQ0019,SV7,R009,WT4,P3,S3,59.88,82.11,False,False,CMMS,project_fact_ordenestrabajo_export.csv,2026-06-23T00:00:00,4814
WO004815,20250421,20250423,A005,EQ0011,SV7,R004,WT2,P2,S4,14.78,8.82,True,False,ERP,project_fact_ordenestrabajo_export.csv,2026-06-23T00:00:00,4815
WO004816,20250103,20250110,A005,EQ0006,SV6,R026,WT3,P3,S4,62.18,49.11,False,False,ERP,project_fact_ordenestrabajo_export.csv,2026-06-23T00:00:00,4816
WO004817,20250226,20250301,A006,EQ0027,SV3,R011,WT3,P2,S4,10.69,17.29,True,False,ERP,project_fact_ordenestrabajo_export.csv,2026-06-23T00:00:00,4817
WO004818,20250604,,A005,EQ0039,SV7,R009,WT3,P2,S2,14.47,15.68,True,False,ServiceDesk,project_fact_ordenestrabajo_export.csv,2026-06-23T00:00:00,4818
WO004819,20250304,20250312,A005,EQ0017,SV4,R030,WT1,P3,S4,51.63,57.55,False,False,ServiceDesk,project_fact_ordenestrabajo_export.csv,2026-06-23T00:00:00,4819
WO004820,20250126,20250201,A001,EQ0007,SV6,R019,WT1,P3,S4,37.62,45.63,False,True,ServiceDesk,project_fact_ordenestrabajo_export.csv,2026-06-23T00:00:00,4820
WO004821,20250119,,A001,EQ0007,SV2,R005,WT6,P4,S1,56.98,56.04,False,False,ServiceDesk,project_fact_ordenestrabajo_export.csv,2026-06-23T00:00:00,4821
WO004822,20250628,20250630,A001,EQ0010,SV8,R009,WT1,P2,S4,15.17,23.55,True,False,ServiceDesk,project_fact_ordenestrabajo_export.csv,2026-06-23T00:00:00,4822
WO004823,20250329,,A001,EQ0028,SV7,R030,WT3,P2,S1,18.18,36.36,True,False,ERP,project_fact_ordenestrabajo_export.csv,2026-06-23T00:00:00,4823
WO004824,20250205,20250207,A003,EQ0025,SV5,R012,WT5,P2,S4,15.96,9.79,True,False,ServiceDesk,project_fact_ordenestrabajo_export.csv,2026-06-23T00:00:00,4824
WO004825,20250116,20250130,A004,EQ0013,SV7,R003,WT3,P4,S4,103.79,107.58,False,False,ServiceDesk,project_fact_ordenestrabajo_export.csv,2026-06-23T00:00:00,4825
WO004826,20250410,20250419,A005,EQ0016,SV1,R012,WT6,P3,S4,44.04,68.15,False,False,ServiceDesk,project_fact_ordenestrabajo_export.csv,2026-06-23T00:00:00,4826
WO004827,20250108,20250110,A005,EQ0017,SV3,R023,WT5,P2,S4,18.68,13.92,True,True,CMMS,project_fact_ordenestrabajo_export.csv,2026-06-23T00:00:00,4827
WO004828,20250514,20250519,A005,EQ0016,SV2,R014,WT1,P3,S4,25.46,33.95,False,False,ERP,project_fact_ordenestrabajo_export.csv,2026-06-23T00:00:00,4828
WO004829,20250131,,A005,EQ0011,SV2,R029,WT1,P4,S2,74.42,108.46,False,False,ERP,project_fact_ordenestrabajo_export.csv,2026-06-23T00:00:00,4829
WO004830,20250629,20250630,A002,EQ0036,SV7,R015,WT1,P1,S4,3.46,17.86,True,False,CMMS,project_fact_ordenestrabajo_export.csv,2026-06-23T00:00:00,4830
WO004831,20250318,20250323,A002,EQ0036,SV3,R002,WT3,P3,S4,43.16,34.21,False,True,ServiceDesk,project_fact_ordenestrabajo_export.csv,2026-06-23T00:00:00,4831
WO004832,20250420,20250425,A005,EQ0006,SV5,R028,WT1,P2,S4,15.06,33.67,True,False,CMMS,project_fact_ordenestrabajo_export.csv,2026-06-23T00:00:00,4832
WO004833,20250509,20250515,A004,EQ0013,SV4,R005,WT4,P3,S4,52.79,44.22,False,False,ServiceDesk,project_fact_ordenestrabajo_export.csv,2026-06-23T00:00:00,4833
WO004834,20250222,20250225,A002,EQ0015,SV8,R003,WT5,P2,S4,18.65,17.75,True,False,ServiceDesk,project_fact_ordenestrabajo_export.csv,2026-06-23T00:00:00,4834
WO004835,20250620,,A001,EQ0028,SV6,R001,WT6,P3,S3,46.06,67.75,False,False,ServiceDesk,project_fact_ordenestrabajo_export.csv,2026-06-23T00:00:00,4835
WO004836,20250613,,A003,EQ0033,SV1,R007,WT5,P3,S1,58.92,147.7,False,False,ServiceDesk,project_fact_ordenestrabajo_export.csv,2026-06-23T00:00:00,4836
WO004837,20250204,20250205,A003,EQ0035,SV6,R030,WT4,P1,S4,5.47,5.32,True,False,CMMS,project_fact_ordenestrabajo_export.csv,2026-06-23T00:00:00,4837
WO004838,20250326,20250329,A002,EQ0030,SV1,R013,WT4,P2,S4,15.8,23.73,True,False,ERP,project_fact_ordenestrabajo_export.csv,2026-06-23T00:00:00,4838
WO004839,20250516,20250521,A002,EQ0036,SV8,R026,WT2,P2,S4,18.07,36.1,True,False,ERP,project_fact_ordenestrabajo_export.csv,2026-06-23T00:00:00,4839
WO004840,20250502,20250511,A004,EQ0029,SV6,R001,WT2,P3,S4,49.94,68.27,False,True,ERP,project_fact_ordenestrabajo_export.csv,2026-06-23T00:00:00,4840
WO004841,20250314,,A004,EQ0029,SV2,R023,WT1,P4,S2,100.64,79.11,False,False,ServiceDesk,project_fact_ordenestrabajo_export.csv,2026-06-23T00:00:00,4841
WO004842,20250224,,A003,EQ0033,SV2,R001,WT3,P3,S2,50.32,37.55,False,False,ERP,project_fact_ordenestrabajo_export.csv,2026-06-23T00:00:00,4842
WO004843,20250509,,A003,EQ0025,SV7,R020,WT1,P3,S2,32.02,56.24,False,True,CMMS,project_fact_ordenestrabajo_export.csv,2026-06-23T00:00:00,4843
WO004844,20250319,20250322,A002,EQ0015,SV3,R016,WT6,P2,S4,10.28,21.48,True,False,ServiceDesk,project_fact_ordenestrabajo_export.csv,2026-06-23T00:00:00,4844
WO004845,20250625,20250627,A004,EQ0003,SV8,R025,WT5,P2,S5,17.87,14.31,True,False,ServiceDesk,project_fact_ordenestrabajo_export.csv,2026-06-23T00:00:00,4845
WO004846,20250105,,A004,EQ0003,SV5,R018,WT4,P4,S2,85.37,152.42,False,False,ERP,project_fact_ordenestrabajo_export.csv,2026-06-23T00:00:00,4846
WO004847,20250423,20250424,A005,EQ0023,SV4,R002,WT2,P1,S4,3.08,3.7,True,False,CMMS,project_fact_ordenestrabajo_export.csv,2026-06-23T00:00:00,4847
WO004848,20250313,20250315,A003,EQ0040,SV6,R012,WT6,P2,S4,16.38,15.42,True,False,ServiceDesk,project_fact_ordenestrabajo_export.csv,2026-06-23T00:00:00,4848
WO004849,20250315,,A003,EQ0033,SV4,R028,WT6,P2,S2,8.57,10.37,True,False,CMMS,project_fact_ordenestrabajo_export.csv,2026-06-23T00:00:00,4849
WO004850,20250623,20250628,A004,EQ0029,SV5,R015,WT2,P3,S4,49.6,32.26,False,False,CMMS,project_fact_ordenestrabajo_export.csv,2026-06-23T00:00:00,4850
WO004851,20250326,20250331,A002,EQ0015,SV7,R006,WT2,P3,S4,47.53,39.57,False,True,CMMS,project_fact_ordenestrabajo_export.csv,2026-06-23T00:00:00,4851
WO004852,20250216,,A002,EQ0036,SV5,R016,WT3,P1,S2,4.82,11.22,True,False,ServiceDesk,project_fact_ordenestrabajo_export.csv,2026-06-23T00:00:00,4852
WO004853,20250307,20250311,A002,EQ0030,SV6,R015,WT1,P2,S4,16.37,27.16,True,False,ERP,project_fact_ordenestrabajo_export.csv,2026-06-23T00:00:00,4853
WO004854,20250305,20250315,A004,EQ0005,SV3,R011,WT6,P3,S4,59.13,73.96,False,True,ServiceDesk,project_fact_ordenestrabajo_export.csv,2026-06-23T00:00:00,4854
WO004855,20250606,20250610,A006,EQ0027,SV6,R019,WT1,P3,S4,27.0,31.85,False,True,ERP,project_fact_ordenestrabajo_export.csv,2026-06-23T00:00:00,4855
WO004856,20250221,,A002,EQ0015,SV4,R007,WT6,P4,S2,52.58,40.43,False,False,ServiceDesk,project_fact_ordenestrabajo_export.csv,2026-06-23T00:00:00,4856
WO004857,20250523,,A002,EQ0015,SV2,R004,WT1,P3,S3,59.53,111.56,False,True,ERP,project_fact_ordenestrabajo_export.csv,2026-06-23T00:00:00,4857
WO004858,20250114,20250115,A006,EQ0019,SV8,R027,WT2,P1,S4,5.05,4.18,True,True,ServiceDesk,project_fact_ordenestrabajo_export.csv,2026-06-23T00:00:00,4858
WO004859,20250623,20250625,A004,EQ0008,SV3,R029,WT4,P2,S5,19.26,11.79,True,True,CMMS,project_fact_ordenestrabajo_export.csv,2026-06-23T00:00:00,4859
WO004860,20250317,,A004,EQ0012,SV7,R001,WT2,P2,S2,8.69,8.89,True,False,CMMS,project_fact_ordenestrabajo_export.csv,2026-06-23T00:00:00,4860
WO004861,20250107,20250109,A004,EQ0008,SV7,R018,WT2,P2,S4,12.48,9.98,True,False,ERP,project_fact_ordenestrabajo_export.csv,2026-06-23T00:00:00,4861
WO004862,20250109,20250115,A001,EQ0020,SV6,R012,WT6,P4,S4,57.69,43.55,False,True,ServiceDesk,project_fact_ordenestrabajo_export.csv,2026-06-23T00:00:00,4862
WO004863,20250430,20250503,A004,EQ0004,SV5,R004,WT2,P2,S4,21.0,18.17,True,False,CMMS,project_fact_ordenestrabajo_export.csv,2026-06-23T00:00:00,4863
WO004864,20250310,20250316,A004,EQ0013,SV3,R019,WT2,P3,S4,41.67,44.14,False,False,ServiceDesk,project_fact_ordenestrabajo_export.csv,2026-06-23T00:00:00,4864
WO004865,20250417,,A003,EQ0040,SV4,R030,WT2,P2,S3,16.5,30.51,True,False,ERP,project_fact_ordenestrabajo_export.csv,2026-06-23T00:00:00,4865
WO004866,20250523,,A006,EQ0024,SV7,R009,WT3,P2,S2,19.28,8.97,True,True,CMMS,project_fact_ordenestrabajo_export.csv,2026-06-23T00:00:00,4866
WO004867,20250403,,A001,EQ0020,SV4,R002,WT5,P2,S3,20.03,43.54,True,True,ServiceDesk,project_fact_ordenestrabajo_export.csv,2026-06-23T00:00:00,4867
WO004868,20250326,20250401,A003,EQ0001,SV8,R010,WT4,P3,S4,25.84,45.98,False,False,CMMS,project_fact_ordenestrabajo_export.csv,2026-06-23T00:00:00,4868
WO004869,20250301,20250302,A006,EQ0014,SV6,R008,WT2,P1,S4,5.09,5.62,True,False,CMMS,project_fact_ordenestrabajo_export.csv,2026-06-23T00:00:00,4869
WO004870,20250126,20250128,A006,EQ0019,SV5,R020,WT1,P2,S4,20.07,10.0,True,False,CMMS,project_fact_ordenestrabajo_export.csv,2026-06-23T00:00:00,4870
WO004871,20250612,,A005,EQ0037,SV1,R008,WT3,P3,S3,60.29,44.7,False,True,ERP,project_fact_ordenestrabajo_export.csv,2026-06-23T00:00:00,4871
WO004872,20250221,20250224,A003,EQ0031,SV6,R001,WT6,P2,S4,20.87,20.17,True,True,ServiceDesk,project_fact_ordenestrabajo_export.csv,2026-06-23T00:00:00,4872
WO004873,20250126,,A006,EQ0019,SV6,R022,WT1,P3,S2,60.66,42.4,False,True,CMMS,project_fact_ordenestrabajo_export.csv,2026-06-23T00:00:00,4873
WO004874,20250409,,A005,EQ0016,SV6,R004,WT2,P4,S2,64.2,129.53,False,False,CMMS,project_fact_ordenestrabajo_export.csv,2026-06-23T00:00:00,4874
WO004875,20250111,20250118,A004,EQ0004,SV2,R025,WT6,P3,S4,44.24,54.32,False,False,ServiceDesk,project_fact_ordenestrabajo_export.csv,2026-06-23T00:00:00,4875
WO004876,20250415,20250416,A001,EQ0020,SV6,R015,WT4,P1,S4,3.81,2.47,True,False,ERP,project_fact_ordenestrabajo_export.csv,2026-06-23T00:00:00,4876
WO004877,20250609,20250614,A004,EQ0004,SV1,R007,WT6,P3,S4,27.82,39.06,False,False,CMMS,project_fact_ordenestrabajo_export.csv,2026-06-23T00:00:00,4877
WO004878,20250305,,A002,EQ0036,SV7,R002,WT1,P1,S2,4.96,4.54,True,False,ServiceDesk,project_fact_ordenestrabajo_export.csv,2026-06-23T00:00:00,4878
WO004879,20250306,20250401,A005,EQ0018,SV2,R020,WT6,P4,S4,87.56,201.32,False,True,ServiceDesk,project_fact_ordenestrabajo_export.csv,2026-06-23T00:00:00,4879
WO004880,20250414,20250423,A006,EQ0019,SV6,R008,WT2,P3,S4,51.86,66.53,False,False,CMMS,project_fact_ordenestrabajo_export.csv,2026-06-23T00:00:00,4880
WO004881,20250612,20250614,A005,EQ0016,SV4,R021,WT2,P2,S4,13.0,13.41,True,False,ServiceDesk,project_fact_ordenestrabajo_export.csv,2026-06-23T00:00:00,4881
WO004882,20250324,20250401,A001,EQ0007,SV7,R027,WT4,P3,S5,26.79,56.96,False,False,ServiceDesk,project_fact_ordenestrabajo_export.csv,2026-06-23T00:00:00,4882
WO004883,20250504,20250511,A004,EQ0004,SV7,R004,WT2,P3,S5,51.66,50.22,False,False,ServiceDesk,project_fact_ordenestrabajo_export.csv,2026-06-23T00:00:00,4883
WO004884,20250306,,A005,EQ0039,SV7,R029,WT2,P3,S1,28.41,23.31,False,False,CMMS,project_fact_ordenestrabajo_export.csv,2026-06-23T00:00:00,4884
WO004885,20250322,,A001,EQ0020,SV5,R005,WT2,P4,S2,62.93,114.52,False,True,ServiceDesk,project_fact_ordenestrabajo_export.csv,2026-06-23T00:00:00,4885
WO004886,20250305,,A004,EQ0013,SV7,R015,WT4,P3,S1,44.69,37.48,False,False,CMMS,project_fact_ordenestrabajo_export.csv,2026-06-23T00:00:00,4886
WO004887,20250415,,A006,EQ0014,SV4,R020,WT3,P4,S3,94.37,79.75,False,False,CMMS,project_fact_ordenestrabajo_export.csv,2026-06-23T00:00:00,4887
WO004888,20250531,20250607,A003,EQ0031,SV5,R005,WT1,P3,S4,63.71,48.46,False,True,ERP,project_fact_ordenestrabajo_export.csv,2026-06-23T00:00:00,4888
WO004889,20250505,20250509,A006,EQ0027,SV7,R006,WT1,P3,S4,40.0,29.6,False,False,ServiceDesk,project_fact_ordenestrabajo_export.csv,2026-06-23T00:00:00,4889
WO004890,20250402,20250410,A002,EQ0030,SV3,R023,WT6,P4,S4,47.7,60.19,False,True,CMMS,project_fact_ordenestrabajo_export.csv,2026-06-23T00:00:00,4890
WO004891,20250508,,A001,EQ0028,SV6,R013,WT2,P4,S2,107.18,115.19,False,False,ERP,project_fact_ordenestrabajo_export.csv,2026-06-23T00:00:00,4891
WO004892,20250214,20250220,A001,EQ0020,SV4,R028,WT1,P4,S4,44.76,40.2,False,False,CMMS,project_fact_ordenestrabajo_export.csv,2026-06-23T00:00:00,4892
WO004893,20250220,,A001,EQ0026,SV5,R029,WT2,P3,S2,57.64,135.52,False,False,ERP,project_fact_ordenestrabajo_export.csv,2026-06-23T00:00:00,4893
WO004894,20250607,20250615,A006,EQ0014,SV1,R019,WT2,P4,S4,86.35,62.64,False,False,CMMS,project_fact_ordenestrabajo_export.csv,2026-06-23T00:00:00,4894
WO004895,20250301,20250310,A005,EQ0018,SV8,R005,WT1,P4,S4,81.19,64.82,False,False,CMMS,project_fact_ordenestrabajo_export.csv,2026-06-23T00:00:00,4895
WO004896,20250429,20250501,A005,EQ0032,SV2,R006,WT2,P1,S4,4.73,8.98,True,True,ServiceDesk,project_fact_ordenestrabajo_export.csv,2026-06-23T00:00:00,4896
WO004897,20250129,20250206,A003,EQ0035,SV2,R026,WT5,P3,S4,57.61,58.72,False,False,ServiceDesk,project_fact_ordenestrabajo_export.csv,2026-06-23T00:00:00,4897
WO004898,20250201,20250206,A003,EQ0040,SV2,R029,WT2,P3,S4,42.71,36.68,False,False,ServiceDesk,project_fact_ordenestrabajo_export.csv,2026-06-23T00:00:00,4898
WO004899,20250204,20250215,A004,EQ0012,SV2,R030,WT1,P4,S4,85.88,80.64,False,False,ERP,project_fact_ordenestrabajo_export.csv,2026-06-23T00:00:00,4899
WO004900,20250203,20250205,A004,EQ0013,SV6,R029,WT3,P2,S4,8.65,8.53,True,True,CMMS,project_fact_ordenestrabajo_export.csv,2026-06-23T00:00:00,4900
WO004901,20250123,20250128,A004,EQ0029,SV4,R029,WT1,P3,S4,39.26,32.93,False,False,ServiceDesk,project_fact_ordenestrabajo_export.csv,2026-06-23T00:00:00,4901
WO004902,20250611,20250623,A006,EQ0027,SV2,R024,WT2,P4,S4,100.57,91.66,False,False,ServiceDesk,project_fact_ordenestrabajo_export.csv,2026-06-23T00:00:00,4902
WO004903,20250413,20250418,A003,EQ0022,SV1,R028,WT2,P3,S4,55.67,38.97,False,False,CMMS,project_fact_ordenestrabajo_export.csv,2026-06-23T00:00:00,4903
WO004904,20250426,20250501,A005,EQ0039,SV2,R027,WT4,P3,S4,43.84,39.33,False,False,CMMS,project_fact_ordenestrabajo_export.csv,2026-06-23T00:00:00,4904
WO004905,20250521,20250524,A003,EQ0031,SV6,R018,WT2,P3,S4,36.49,16.83,False,False,ServiceDesk,project_fact_ordenestrabajo_export.csv,2026-06-23T00:00:00,4905
WO004906,20250624,20250630,A002,EQ0030,SV2,R028,WT2,P4,S4,105.77,176.95,False,True,CMMS,project_fact_ordenestrabajo_export.csv,2026-06-23T00:00:00,4906
WO004907,20250217,20250224,A006,EQ0024,SV5,R030,WT4,P3,S4,51.55,49.23,False,False,ERP,project_fact_ordenestrabajo_export.csv,2026-06-23T00:00:00,4907
WO004908,20250625,20250630,A005,EQ0037,SV4,R010,WT3,P3,S4,47.51,101.51,False,False,ERP,project_fact_ordenestrabajo_export.csv,2026-06-23T00:00:00,4908
WO004909,20250504,20250515,A005,EQ0037,SV3,R011,WT2,P3,S4,45.36,83.29,False,False,ServiceDesk,project_fact_ordenestrabajo_export.csv,2026-06-23T00:00:00,4909
WO004910,20250215,20250220,A001,EQ0028,SV2,R003,WT1,P2,S4,19.5,32.01,True,True,CMMS,project_fact_ordenestrabajo_export.csv,2026-06-23T00:00:00,4910
WO004911,20250323,20250324,A001,EQ0010,SV5,R006,WT2,P1,S4,6.4,4.76,True,False,ERP,project_fact_ordenestrabajo_export.csv,2026-06-23T00:00:00,4911
WO004912,20250201,20250203,A006,EQ0014,SV6,R013,WT6,P2,S4,19.7,9.03,True,False,ERP,project_fact_ordenestrabajo_export.csv,2026-06-23T00:00:00,4912
WO004913,20250510,20250511,A003,EQ0001,SV1,R018,WT3,P1,S4,5.63,3.49,True,False,ServiceDesk,project_fact_ordenestrabajo_export.csv,2026-06-23T00:00:00,4913
WO004914,20250401,20250405,A005,EQ0034,SV7,R028,WT2,P3,S4,26.57,27.86,False,False,ServiceDesk,project_fact_ordenestrabajo_export.csv,2026-06-23T00:00:00,4914
WO004915,20250511,,A004,EQ0004,SV7,R026,WT1,P3,S1,30.12,51.23,False,False,ERP,project_fact_ordenestrabajo_export.csv,2026-06-23T00:00:00,4915
WO004916,20250122,20250208,A001,EQ0007,SV1,R018,WT1,P4,S4,100.36,130.23,False,False,ERP,project_fact_ordenestrabajo_export.csv,2026-06-23T00:00:00,4916
WO004917,20250301,20250303,A004,EQ0004,SV6,R029,WT3,P2,S5,11.79,8.1,True,False,CMMS,project_fact_ordenestrabajo_export.csv,2026-06-23T00:00:00,4917
WO004918,20250406,20250410,A003,EQ0022,SV5,R027,WT1,P3,S4,26.09,29.37,False,False,ERP,project_fact_ordenestrabajo_export.csv,2026-06-23T00:00:00,4918
WO004919,20250224,20250226,A006,EQ0014,SV5,R013,WT6,P2,S4,13.63,12.41,True,False,ERP,project_fact_ordenestrabajo_export.csv,2026-06-23T00:00:00,4919
WO004920,20250327,20250401,A005,EQ0009,SV6,R029,WT1,P3,S4,50.16,34.11,False,False,ERP,project_fact_ordenestrabajo_export.csv,2026-06-23T00:00:00,4920
WO004921,20250523,20250524,A006,EQ0027,SV2,R027,WT2,P1,S4,6.66,4.35,True,False,CMMS,project_fact_ordenestrabajo_export.csv,2026-06-23T00:00:00,4921
WO004922,20250119,20250122,A005,EQ0039,SV5,R021,WT6,P2,S4,18.24,20.66,True,False,CMMS,project_fact_ordenestrabajo_export.csv,2026-06-23T00:00:00,4922
WO004923,20250302,20250303,A002,EQ0015,SV4,R013,WT6,P1,S4,3.28,2.46,True,False,ERP,project_fact_ordenestrabajo_export.csv,2026-06-23T00:00:00,4923
WO004924,20250604,20250605,A005,EQ0032,SV2,R026,WT2,P2,S4,8.8,7.76,True,False,ServiceDesk,project_fact_ordenestrabajo_export.csv,2026-06-23T00:00:00,4924
WO004925,20250517,,A005,EQ0032,SV8,R015,WT1,P1,S4,5.72,10.03,True,False,ERP,project_fact_ordenestrabajo_export.csv,2026-06-23T00:00:00,4925
WO004926,20250623,20250626,A005,EQ0034,SV7,R027,WT1,P2,S4,13.56,18.03,True,False,CMMS,project_fact_ordenestrabajo_export.csv,2026-06-23T00:00:00,4926
WO004927,20250219,20250220,A002,EQ0036,SV6,R019,WT4,P1,S4,4.45,6.08,True,False,ERP,project_fact_ordenestrabajo_export.csv,2026-06-23T00:00:00,4927
WO004928,20250419,20250421,A004,EQ0003,SV8,R005,WT2,P2,S4,17.41,15.09,True,False,ServiceDesk,project_fact_ordenestrabajo_export.csv,2026-06-23T00:00:00,4928
WO004929,20250410,20250413,A003,EQ0033,SV6,R005,WT2,P2,S4,16.61,23.18,True,False,CMMS,project_fact_ordenestrabajo_export.csv,2026-06-23T00:00:00,4929
WO004930,20250516,20250520,A005,EQ0034,SV7,R024,WT4,P3,S4,27.99,25.55,False,False,CMMS,project_fact_ordenestrabajo_export.csv,2026-06-23T00:00:00,4930
WO004931,20250128,,A004,EQ0002,SV2,R022,WT5,P2,S3,14.64,7.26,True,True,ERP,project_fact_ordenestrabajo_export.csv,2026-06-23T00:00:00,4931
WO004932,20250131,,A005,EQ0021,SV5,R019,WT3,P4,S2,86.08,99.75,False,False,CMMS,project_fact_ordenestrabajo_export.csv,2026-06-23T00:00:00,4932
WO004933,20250411,20250413,A004,EQ0029,SV5,R002,WT3,P2,S4,10.44,12.61,True,False,CMMS,project_fact_ordenestrabajo_export.csv,2026-06-23T00:00:00,4933
WO004934,20250607,20250614,A004,EQ0003,SV5,R029,WT4,P4,S4,48.67,48.52,False,False,ERP,project_fact_ordenestrabajo_export.csv,2026-06-23T00:00:00,4934
WO004935,20250324,,A002,EQ0015,SV1,R009,WT5,P2,S2,12.66,8.33,True,True,ServiceDesk,project_fact_ordenestrabajo_export.csv,2026-06-23T00:00:00,4935
WO004936,20250303,,A002,EQ0030,SV4,R025,WT3,P3,S2,63.5,119.5,False,True,CMMS,project_fact_ordenestrabajo_export.csv,2026-06-23T00:00:00,4936
WO004937,20250603,20250622,A001,EQ0010,SV1,R004,WT2,P4,S4,85.54,148.67,False,False,CMMS,project_fact_ordenestrabajo_export.csv,2026-06-23T00:00:00,4937
WO004938,20250103,20250104,A005,EQ0011,SV7,R005,WT2,P1,S5,5.9,6.65,True,False,CMMS,project_fact_ordenestrabajo_export.csv,2026-06-23T00:00:00,4938
WO004939,20250127,,A005,EQ0032,SV2,R030,WT3,P3,S2,63.78,55.08,False,False,ServiceDesk,project_fact_ordenestrabajo_export.csv,2026-06-23T00:00:00,4939
WO004940,20250527,,A003,EQ0001,SV3,R020,WT1,P3,S1,60.71,170.76,False,False,ERP,project_fact_ordenestrabajo_export.csv,2026-06-23T00:00:00,4940
WO004941,20250630,20250630,A003,EQ0022,SV4,R015,WT6,P1,S4,6.84,7.14,True,False,ServiceDesk,project_fact_ordenestrabajo_export.csv,2026-06-23T00:00:00,4941
WO004942,20250506,20250508,A002,EQ0030,SV3,R002,WT2,P2,S4,20.86,10.26,True,False,CMMS,project_fact_ordenestrabajo_export.csv,2026-06-23T00:00:00,4942
WO004943,20250217,20250221,A005,EQ0032,SV3,R013,WT3,P2,S4,16.36,24.55,True,False,CMMS,project_fact_ordenestrabajo_export.csv,2026-06-23T00:00:00,4943
WO004944,20250615,20250618,A001,EQ0007,SV3,R019,WT5,P2,S4,18.47,21.91,True,False,ServiceDesk,project_fact_ordenestrabajo_export.csv,2026-06-23T00:00:00,4944
WO004945,20250412,20250416,A004,EQ0004,SV5,R018,WT2,P3,S4,50.05,29.98,False,False,CMMS,project_fact_ordenestrabajo_export.csv,2026-06-23T00:00:00,4945
WO004946,20250312,20250320,A002,EQ0015,SV5,R019,WT1,P3,S4,26.12,59.4,False,False,ServiceDesk,project_fact_ordenestrabajo_export.csv,2026-06-23T00:00:00,4946
WO004947,20250613,20250616,A003,EQ0040,SV4,R005,WT3,P2,S4,18.34,20.04,True,False,ServiceDesk,project_fact_ordenestrabajo_export.csv,2026-06-23T00:00:00,4947
WO004948,20250101,20250108,A004,EQ0005,SV4,R003,WT4,P3,S4,44.71,55.64,False,False,ServiceDesk,project_fact_ordenestrabajo_export.csv,2026-06-23T00:00:00,4948
WO004949,20250310,,A001,EQ0007,SV1,R012,WT1,P3,S2,54.56,101.81,False,False,ServiceDesk,project_fact_ordenestrabajo_export.csv,2026-06-23T00:00:00,4949
WO004950,20250228,20250317,A003,EQ0001,SV8,R024,WT6,P4,S4,105.98,131.28,False,False,ERP,project_fact_ordenestrabajo_export.csv,2026-06-23T00:00:00,4950
WO004951,20250122,20250130,A005,EQ0011,SV6,R021,WT2,P3,S4,33.47,59.9,False,False,ServiceDesk,project_fact_ordenestrabajo_export.csv,2026-06-23T00:00:00,4951
WO004952,20250621,,A006,EQ0019,SV8,R008,WT6,P3,S2,46.75,66.67,False,False,ServiceDesk,project_fact_ordenestrabajo_export.csv,2026-06-23T00:00:00,4952
WO004953,20250420,20250429,A004,EQ0008,SV3,R006,WT6,P3,S4,35.71,69.97,False,False,ServiceDesk,project_fact_ordenestrabajo_export.csv,2026-06-23T00:00:00,4953
WO004954,20250203,20250208,A001,EQ0007,SV4,R016,WT2,P4,S4,56.92,32.41,False,False,ServiceDesk,project_fact_ordenestrabajo_export.csv,2026-06-23T00:00:00,4954
WO004955,20250524,,A006,EQ0027,SV4,R015,WT6,P2,S2,17.25,14.43,True,False,ERP,project_fact_ordenestrabajo_export.csv,2026-06-23T00:00:00,4955
WO004956,20250308,,A004,EQ0004,SV3,R028,WT2,P2,S1,13.3,12.25,True,False,CMMS,project_fact_ordenestrabajo_export.csv,2026-06-23T00:00:00,4956
WO004957,20250424,,A004,EQ0029,SV3,R010,WT6,P3,S2,56.52,35.89,False,False,ServiceDesk,project_fact_ordenestrabajo_export.csv,2026-06-23T00:00:00,4957
WO004958,20250501,,A003,EQ0001,SV2,R005,WT1,P2,S2,9.75,17.47,True,False,CMMS,project_fact_ordenestrabajo_export.csv,2026-06-23T00:00:00,4958
WO004959,20250105,,A002,EQ0015,SV2,R025,WT2,P4,S3,84.08,111.2,False,True,ServiceDesk,project_fact_ordenestrabajo_export.csv,2026-06-23T00:00:00,4959
WO004960,20250501,20250506,A005,EQ0017,SV7,R012,WT1,P2,S4,19.7,37.8,True,False,ERP,project_fact_ordenestrabajo_export.csv,2026-06-23T00:00:00,4960
WO004961,20250524,,A005,EQ0016,SV7,R024,WT6,P3,S3,56.27,81.5,False,False,CMMS,project_fact_ordenestrabajo_export.csv,2026-06-23T00:00:00,4961
WO004962,20250103,20250107,A005,EQ0011,SV6,R020,WT1,P2,S4,20.66,24.26,True,False,ERP,project_fact_ordenestrabajo_export.csv,2026-06-23T00:00:00,4962
WO004963,20250216,20250219,A002,EQ0015,SV3,R017,WT3,P2,S4,11.94,23.54,True,False,ServiceDesk,project_fact_ordenestrabajo_export.csv,2026-06-23T00:00:00,4963
WO004964,20250305,,A004,EQ0008,SV6,R004,WT3,P3,S3,31.33,53.47,False,False,ERP,project_fact_ordenestrabajo_export.csv,2026-06-23T00:00:00,4964
WO004965,20250403,20250406,A006,EQ0024,SV4,R017,WT2,P3,S4,31.79,22.48,False,False,CMMS,project_fact_ordenestrabajo_export.csv,2026-06-23T00:00:00,4965
WO004966,20250514,,A005,EQ0018,SV7,R011,WT1,P4,S2,81.83,119.29,False,False,ServiceDesk,project_fact_ordenestrabajo_export.csv,2026-06-23T00:00:00,4966
WO004967,20250214,20250219,A001,EQ0028,SV1,R023,WT4,P2,S4,14.73,34.59,True,False,ERP,project_fact_ordenestrabajo_export.csv,2026-06-23T00:00:00,4967
WO004968,20250623,20250630,A003,EQ0031,SV7,R025,WT2,P3,S4,63.73,106.46,False,False,ERP,project_fact_ordenestrabajo_export.csv,2026-06-23T00:00:00,4968
WO004969,20250607,,A005,EQ0018,SV7,R009,WT2,P2,S2,12.81,11.15,True,False,ServiceDesk,project_fact_ordenestrabajo_export.csv,2026-06-23T00:00:00,4969
WO004970,20250322,20250323,A003,EQ0035,SV8,R009,WT6,P1,S4,3.32,3.17,True,False,ERP,project_fact_ordenestrabajo_export.csv,2026-06-23T00:00:00,4970
WO004971,20250126,,A005,EQ0032,SV2,R026,WT2,P2,S3,15.47,38.5,True,False,CMMS,project_fact_ordenestrabajo_export.csv,2026-06-23T00:00:00,4971
WO004972,20250130,20250131,A002,EQ0015,SV2,R009,WT5,P1,S4,2.82,4.28,True,True,ERP,project_fact_ordenestrabajo_export.csv,2026-06-23T00:00:00,4972
WO004973,20250215,20250217,A006,EQ0024,SV2,R026,WT3,P2,S4,10.34,12.16,True,False,ServiceDesk,project_fact_ordenestrabajo_export.csv,2026-06-23T00:00:00,4973
WO004974,20250225,20250228,A003,EQ0001,SV8,R016,WT4,P2,S4,20.92,23.82,True,True,ERP,project_fact_ordenestrabajo_export.csv,2026-06-23T00:00:00,4974
WO004975,20250215,20250219,A001,EQ0010,SV7,R019,WT1,P3,S4,53.04,26.7,False,True,CMMS,project_fact_ordenestrabajo_export.csv,2026-06-23T00:00:00,4975
WO004976,20250516,20250531,A002,EQ0030,SV3,R004,WT2,P4,S4,93.19,112.8,False,False,ServiceDesk,project_fact_ordenestrabajo_export.csv,2026-06-23T00:00:00,4976
WO004977,20250215,20250223,A001,EQ0020,SV7,R004,WT4,P3,S4,45.48,56.72,False,False,ServiceDesk,project_fact_ordenestrabajo_export.csv,2026-06-23T00:00:00,4977
WO004978,20250621,,A005,EQ0037,SV1,R020,WT5,P3,S2,43.2,73.43,False,False,ERP,project_fact_ordenestrabajo_export.csv,2026-06-23T00:00:00,4978
WO004979,20250325,20250329,A004,EQ0002,SV8,R029,WT3,P2,S4,19.2,27.52,True,False,ServiceDesk,project_fact_ordenestrabajo_export.csv,2026-06-23T00:00:00,4979
WO004980,20250301,20250312,A003,EQ0031,SV1,R005,WT2,P3,S4,33.69,87.55,False,False,ServiceDesk,project_fact_ordenestrabajo_export.csv,2026-06-23T00:00:00,4980
WO004981,20250309,20250317,A001,EQ0007,SV2,R021,WT3,P3,S4,29.95,63.27,False,False,ServiceDesk,project_fact_ordenestrabajo_export.csv,2026-06-23T00:00:00,4981
WO004982,20250315,20250317,A006,EQ0014,SV2,R021,WT1,P2,S4,20.08,12.27,True,False,ServiceDesk,project_fact_ordenestrabajo_export.csv,2026-06-23T00:00:00,4982
WO004983,20250304,,A006,EQ0014,SV5,R022,WT2,P3,S2,32.92,23.98,False,False,CMMS,project_fact_ordenestrabajo_export.csv,2026-06-23T00:00:00,4983
WO004984,20250105,20250110,A005,EQ0023,SV6,R023,WT1,P2,S4,18.32,35.76,True,False,ServiceDesk,project_fact_ordenestrabajo_export.csv,2026-06-23T00:00:00,4984
WO004985,20250407,20250411,A005,EQ0034,SV7,R022,WT2,P2,S4,21.4,31.9,True,False,ERP,project_fact_ordenestrabajo_export.csv,2026-06-23T00:00:00,4985
WO004986,20250616,,A002,EQ0030,SV2,R020,WT3,P3,S2,40.82,41.22,False,False,CMMS,project_fact_ordenestrabajo_export.csv,2026-06-23T00:00:00,4986
WO004987,20250220,,A005,EQ0037,SV2,R025,WT2,P4,S3,88.55,158.82,False,False,ERP,project_fact_ordenestrabajo_export.csv,2026-06-23T00:00:00,4987
WO004988,20250305,20250317,A005,EQ0039,SV7,R014,WT2,P4,S4,89.24,88.79,False,False,ERP,project_fact_ordenestrabajo_export.csv,2026-06-23T00:00:00,4988
WO004989,20250423,,A006,EQ0038,SV2,R008,WT2,P3,S2,34.14,47.85,False,False,CMMS,project_fact_ordenestrabajo_export.csv,2026-06-23T00:00:00,4989
WO004990,20250116,20250118,A004,EQ0013,SV2,R015,WT1,P2,S4,9.49,11.51,True,False,ERP,project_fact_ordenestrabajo_export.csv,2026-06-23T00:00:00,4990
WO004991,20250106,20250111,A006,EQ0024,SV7,R011,WT2,P3,S4,26.17,32.41,False,False,ERP,project_fact_ordenestrabajo_export.csv,2026-06-23T00:00:00,4991
WO004992,20250619,,A003,EQ0033,SV4,R019,WT2,P4,S2,93.23,158.02,False,False,CMMS,project_fact_ordenestrabajo_export.csv,2026-06-23T00:00:00,4992
WO004993,20250624,20250627,A004,EQ0003,SV1,R005,WT6,P2,S4,12.85,19.34,True,False,ERP,project_fact_ordenestrabajo_export.csv,2026-06-23T00:00:00,4993
WO004994,20250429,,A005,EQ0011,SV7,R018,WT4,P1,S3,4.93,5.55,True,False,ERP,project_fact_ordenestrabajo_export.csv,2026-06-23T00:00:00,4994
WO004995,20250322,,A005,EQ0021,SV7,R007,WT5,P3,S2,31.52,45.55,False,False,ServiceDesk,project_fact_ordenestrabajo_export.csv,2026-06-23T00:00:00,4995
WO004996,20250303,,A006,EQ0024,SV8,R018,WT6,P2,S2,8.71,12.14,True,False,ERP,project_fact_ordenestrabajo_export.csv,2026-06-23T00:00:00,4996
WO004997,20250410,,A005,EQ0011,SV3,R003,WT5,P2,S2,15.11,8.11,True,False,ERP,project_fact_ordenestrabajo_export.csv,2026-06-23T00:00:00,4997
WO004998,20250619,20250624,A005,EQ0011,SV6,R002,WT2,P4,S4,44.85,34.21,False,False,CMMS,project_fact_ordenestrabajo_export.csv,2026-06-23T00:00:00,4998
WO004999,20250124,20250129,A005,EQ0006,SV8,R014,WT3,P3,S4,58.29,33.45,False,False,CMMS,project_fact_ordenestrabajo_export.csv,2026-06-23T00:00:00,4999
WO005000,20250514,20250523,A006,EQ0019,SV8,R029,WT1,P3,S4,57.23,70.41,False,False,CMMS,project_fact_ordenestrabajo_export.csv,2026-06-23T00:00:00,5000
WO000001,20250328,20250404,A006,EQ0014,SV3,R024,WT2,P3,S4,63.01,51.57,False,True,ServiceDesk,project_workorders_duplicate_export.csv,2026-06-23T00:00:00,1
WO000002,20250424,20250428,A003,EQ0033,SV1,R011,WT6,P3,S4,33.77,28.19,False,True,ERP,project_workorders_duplicate_export.csv,2026-06-23T00:00:00,2
WO000003,20250201,20250208,A001,EQ0010,SV6,R011,WT5,P3,S4,27.81,54.16,False,False,ERP,project_workorders_duplicate_export.csv,2026-06-23T00:00:00,3
WO000004,20250318,20250327,A003,EQ0001,SV6,R028,WT6,P3,S4,51.53,68.73,False,False,ERP,project_workorders_duplicate_export.csv,2026-06-23T00:00:00,4
WO000005,20250213,20250215,A001,EQ0007,SV3,R019,WT5,P2,S4,8.64,11.6,True,True,CMMS,project_workorders_duplicate_export.csv,2026-06-23T00:00:00,5
WO000006,20250306,,A002,EQ0036,SV1,R001,WT1,P4,S1,68.98,174.74,False,False,CMMS,project_workorders_duplicate_export.csv,2026-06-23T00:00:00,6
WO000007,20250112,,A006,EQ0027,SV7,R025,WT1,P4,S2,71.39,171.27,False,True,ERP,project_workorders_duplicate_export.csv,2026-06-23T00:00:00,7
WO000008,20250517,,A002,EQ0036,SV8,R018,WT1,P2,S2,11.93,13.38,True,False,ERP,project_workorders_duplicate_export.csv,2026-06-23T00:00:00,8
WO000009,20250204,,A005,EQ0032,SV5,R016,WT1,P4,S2,103.64,132.08,False,False,ERP,project_workorders_duplicate_export.csv,2026-06-23T00:00:00,9
WO000010,20250105,20250119,A005,EQ0037,SV8,R026,WT2,P3,S4,57.19,105.63,False,False,ServiceDesk,project_workorders_duplicate_export.csv,2026-06-23T00:00:00,10
WO000011,20250426,20250505,A005,EQ0018,SV5,R002,WT1,P4,S4,96.56,70.01,False,False,ServiceDesk,project_workorders_duplicate_export.csv,2026-06-23T00:00:00,11
WO000012,20250430,,A004,EQ0004,SV5,R029,WT5,P2,S2,14.62,26.96,True,False,CMMS,project_workorders_duplicate_export.csv,2026-06-23T00:00:00,12
WO000013,20250507,20250508,A004,EQ0003,SV5,R027,WT3,P1,S4,4.81,6.32,True,False,CMMS,project_workorders_duplicate_export.csv,2026-06-23T00:00:00,13
WO000014,20250614,,A006,EQ0014,SV8,R017,WT2,P3,S2,40.97,48.33,False,False,ERP,project_workorders_duplicate_export.csv,2026-06-23T00:00:00,14
WO000015,20250317,,A001,EQ0028,SV4,R029,WT2,P4,S2,78.04,149.98,False,False,ServiceDesk,project_workorders_duplicate_export.csv,2026-06-23T00:00:00,15
WO000016,20250408,,A006,EQ0038,SV7,R022,WT6,P3,S1,26.51,28.07,False,True,CMMS,project_workorders_duplicate_export.csv,2026-06-23T00:00:00,16
WO000017,20250612,20250623,A005,EQ0017,SV4,R029,WT6,P3,S4,64.45,87.17,False,True,ServiceDesk,project_workorders_duplicate_export.csv,2026-06-23T00:00:00,17
WO000018,20250328,20250401,A006,EQ0038,SV7,R022,WT4,P2,S4,20.97,29.27,True,False,CMMS,project_workorders_duplicate_export.csv,2026-06-23T00:00:00,18
WO000019,20250119,20250122,A004,EQ0003,SV2,R030,WT5,P3,S4,25.81,19.54,False,False,ERP,project_workorders_duplicate_export.csv,2026-06-23T00:00:00,19
WO000020,20250321,20250401,A003,EQ0031,SV2,R014,WT4,P4,S4,59.6,84.11,False,False,CMMS,project_workorders_duplicate_export.csv,2026-06-23T00:00:00,20
WO000021,20250221,20250225,A005,EQ0017,SV2,R028,WT3,P3,S4,36.75,28.06,False,True,ServiceDesk,project_workorders_duplicate_export.csv,2026-06-23T00:00:00,21
WO000022,20250205,,A002,EQ0015,SV8,R019,WT3,P2,S1,10.59,10.54,True,False,CMMS,project_workorders_duplicate_export.csv,2026-06-23T00:00:00,22
WO000023,20250624,,A002,EQ0015,SV6,R021,WT3,P3,S2,59.61,59.79,False,False,CMMS,project_workorders_duplicate_export.csv,2026-06-23T00:00:00,23
WO000024,20250301,,A001,EQ0028,SV6,R009,WT1,P4,S2,68.72,170.46,False,False,ServiceDesk,project_workorders_duplicate_export.csv,2026-06-23T00:00:00,24
WO000025,20250506,20250601,A003,EQ0035,SV8,R006,WT2,P4,S4,106.6,200.39,False,True,CMMS,project_workorders_duplicate_export.csv,2026-06-23T00:00:00,25
