SLAID,WorkOrderID,ClientID,ServiceID,AreaID,PriorityID,CreatedDateKey,CommittedDateKey,ResolvedDateKey,TargetHours,ActualHours,SLAMetFlag,BreachHours,_SourceFile,_ExportedAt,_LegacyRowNumber
SLA000001,WO003853,C015,SV8,A005,P2,20250109,20250110,20250110,24,9.83,True,0.0,project_fact_sla_export.csv,2026-06-23T00:00:00,1
SLA000002,WO001577,C020,SV6,A005,P3,20250213,20250216,20250216,72,59.02,True,0.0,project_fact_sla_export.csv,2026-06-23T00:00:00,2
SLA000003,WO001055,C008,SV1,A005,P3,20250520,20250523,20250524,72,80.25,False,8.25,project_fact_sla_export.csv,2026-06-23T00:00:00,3
SLA000004,WO004333,C001,SV5,A006,P3,20250401,20250404,20250404,72,61.54,True,0.0,project_fact_sla_export.csv,2026-06-23T00:00:00,4
SLA000005,WO002085,C009,SV7,A004,P4,20250327,20250401,20250404,120,182.73,False,62.73,project_fact_sla_export.csv,2026-06-23T00:00:00,5
SLA000006,WO000988,C012,SV1,A006,P4,20250225,20250302,20250227,120,43.71,True,0.0,project_fact_sla_export.csv,2026-06-23T00:00:00,6
SLA000007,WO004562,C018,SV4,A004,P3,20250116,20250119,20250119,72,48.1,True,0.0,project_fact_sla_export.csv,2026-06-23T00:00:00,7
SLA000008,WO000034,C014,SV8,A004,P3,20250424,20250427,20250426,72,40.07,True,0.0,project_fact_sla_export.csv,2026-06-23T00:00:00,8
SLA000009,WO001126,C003,SV5,A003,P2,20250223,20250224,20250224,24,18.3,True,0.0,project_fact_sla_export.csv,2026-06-23T00:00:00,9
SLA000010,WO004468,C013,SV2,A004,P4,20250227,20250304,20250302,120,68.74,True,0.0,project_fact_sla_export.csv,2026-06-23T00:00:00,10
SLA000011,WO001496,C002,SV3,A005,P2,20250508,20250509,20250509,24,16.19,True,0.0,project_fact_sla_export.csv,2026-06-23T00:00:00,11
SLA000012,WO004758,C001,SV6,A006,P2,20250129,20250130,20250130,24,14.29,True,0.0,project_fact_sla_export.csv,2026-06-23T00:00:00,12
SLA000013,WO001625,C002,SV2,A005,P2,20250322,20250323,20250324,24,38.65,False,14.65,project_fact_sla_export.csv,2026-06-23T00:00:00,13
SLA000014,WO003955,C003,SV2,A005,P2,20250325,20250326,20250326,24,16.89,True,0.0,project_fact_sla_export.csv,2026-06-23T00:00:00,14
SLA000015,WO000443,C006,SV1,A003,P2,20250426,20250427,20250427,24,6.89,True,0.0,project_fact_sla_export.csv,2026-06-23T00:00:00,15
SLA000016,WO003969,C005,SV1,A005,P2,20250406,20250407,20250407,24,13.32,True,0.0,project_fact_sla_export.csv,2026-06-23T00:00:00,16
SLA000017,WO003031,C008,SV4,A003,P2,20250629,20250630,20250630,24,8.72,True,0.0,project_fact_sla_export.csv,2026-06-23T00:00:00,17
SLA000018,WO001809,C015,SV6,A003,P2,20250420,20250421,20250421,24,8.54,True,0.0,project_fact_sla_export.csv,2026-06-23T00:00:00,18
SLA000019,WO003550,C017,SV2,A004,P3,20250315,20250318,20250320,72,96.21,False,24.21,project_fact_sla_export.csv,2026-06-23T00:00:00,19
SLA000020,WO000715,C011,SV4,A001,P3,20250111,20250114,20250113,72,38.17,True,0.0,project_fact_sla_export.csv,2026-06-23T00:00:00,20
SLA000021,WO001784,C016,SV4,A006,P3,20250430,20250503,20250503,72,50.54,True,0.0,project_fact_sla_export.csv,2026-06-23T00:00:00,21
SLA000022,WO003720,C020,SV4,A003,P2,20250102,20250103,20250103,24,4.48,True,0.0,project_fact_sla_export.csv,2026-06-23T00:00:00,22
SLA000023,WO002773,C014,SV7,A004,P3,20250125,20250128,20250129,72,76.15,False,4.15,project_fact_sla_export.csv,2026-06-23T00:00:00,23
SLA000024,WO004167,C016,SV7,A001,P4,20250310,20250315,20250316,120,132.56,False,12.56,project_fact_sla_export.csv,2026-06-23T00:00:00,24
SLA000025,WO002064,C018,SV4,A004,P3,20250210,20250213,20250213,72,69.93,True,0.0,project_fact_sla_export.csv,2026-06-23T00:00:00,25
SLA000026,WO003371,C010,SV3,A004,P4,20250109,20250114,20250115,120,132.9,False,12.9,project_fact_sla_export.csv,2026-06-23T00:00:00,26
SLA000027,WO002225,C003,SV8,A001,P3,20250205,20250208,20250209,72,85.94,False,13.94,project_fact_sla_export.csv,2026-06-23T00:00:00,27
SLA000028,WO000415,C018,SV1,A001,P4,20250123,20250128,20250202,120,231.95,False,111.95,project_fact_sla_export.csv,2026-06-23T00:00:00,28
SLA000029,WO001172,C016,SV8,A005,P3,20250318,20250321,20250320,72,29.0,True,0.0,project_fact_sla_export.csv,2026-06-23T00:00:00,29
SLA000030,WO000244,C020,SV1,A005,P4,20250111,20250116,20250118,120,166.49,False,46.49,project_fact_sla_export.csv,2026-06-23T00:00:00,30
SLA000031,WO004726,C006,SV6,A005,P3,20250530,20250602,20250603,72,87.76,False,15.76,project_fact_sla_export.csv,2026-06-23T00:00:00,31
SLA000032,WO004452,C017,SV1,A005,P3,20250119,20250122,20250123,72,84.51,False,12.51,project_fact_sla_export.csv,2026-06-23T00:00:00,32
SLA000033,WO000976,C003,SV3,A003,P3,20250110,20250113,20250112,72,47.38,True,0.0,project_fact_sla_export.csv,2026-06-23T00:00:00,33
SLA000034,WO002759,C012,SV1,A005,P4,20250406,20250411,20250415,120,194.35,False,74.35,project_fact_sla_export.csv,2026-06-23T00:00:00,34
SLA000035,WO000142,C002,SV7,A003,P4,20250616,20250621,20250618,120,42.06,True,0.0,project_fact_sla_export.csv,2026-06-23T00:00:00,35
SLA000036,WO004157,C002,SV7,A001,P3,20250121,20250124,20250124,72,60.06,True,0.0,project_fact_sla_export.csv,2026-06-23T00:00:00,36
SLA000037,WO004750,C007,SV2,A006,P2,20250221,20250222,20250222,24,17.42,True,0.0,project_fact_sla_export.csv,2026-06-23T00:00:00,37
SLA000038,WO003827,C001,SV4,A003,P2,20250329,20250330,20250330,24,15.88,True,0.0,project_fact_sla_export.csv,2026-06-23T00:00:00,38
SLA000039,WO002462,C004,SV5,A003,P1,20250419,20250419,20250420,8,6.18,True,0.0,project_fact_sla_export.csv,2026-06-23T00:00:00,39
SLA000040,WO002837,C011,SV8,A005,P4,20250214,20250219,20250227,120,309.06,False,189.06,project_fact_sla_export.csv,2026-06-23T00:00:00,40
SLA000041,WO003259,C007,SV6,A004,P2,20250318,20250319,20250319,24,22.27,True,0.0,project_fact_sla_export.csv,2026-06-23T00:00:00,41
SLA000042,WO003578,C007,SV5,A001,P3,20250124,20250127,20250130,72,137.94,False,65.94,project_fact_sla_export.csv,2026-06-23T00:00:00,42
SLA000043,WO004135,C019,SV2,A005,P3,20250209,20250212,20250211,72,29.93,True,0.0,project_fact_sla_export.csv,2026-06-23T00:00:00,43
SLA000044,WO001271,C018,SV2,A001,P2,20250318,20250319,20250319,24,7.86,True,0.0,project_fact_sla_export.csv,2026-06-23T00:00:00,44
SLA000045,WO003227,C017,SV2,A005,P2,20250313,20250314,20250314,24,18.34,True,0.0,project_fact_sla_export.csv,2026-06-23T00:00:00,45
SLA000046,WO001191,C009,SV5,A005,P3,20250403,20250406,20250408,72,98.26,False,26.26,project_fact_sla_export.csv,2026-06-23T00:00:00,46
SLA000047,WO002770,C014,SV3,A002,P1,20250122,20250122,20250123,8,7.84,True,0.0,project_fact_sla_export.csv,2026-06-23T00:00:00,47
SLA000048,WO004290,C004,SV5,A002,P3,20250514,20250517,20250518,72,75.32,False,3.32,project_fact_sla_export.csv,2026-06-23T00:00:00,48
SLA000049,WO003228,C016,SV7,A003,P3,20250510,20250513,20250512,72,30.13,True,0.0,project_fact_sla_export.csv,2026-06-23T00:00:00,49
SLA000050,WO001219,C010,SV5,A004,P2,20250415,20250416,20250416,24,9.32,True,0.0,project_fact_sla_export.csv,2026-06-23T00:00:00,50
SLA000051,WO001548,C001,SV5,A004,P3,20250509,20250512,20250511,72,37.53,True,0.0,project_fact_sla_export.csv,2026-06-23T00:00:00,51
SLA000052,WO004865,C013,SV4,A003,P2,20250417,20250418,20250419,24,30.51,False,6.51,project_fact_sla_export.csv,2026-06-23T00:00:00,52
SLA000053,WO003038,C020,SV1,A006,P3,20250129,20250201,20250202,72,73.0,False,1.0,project_fact_sla_export.csv,2026-06-23T00:00:00,53
SLA000054,WO004143,C019,SV3,A003,P3,20250327,20250330,20250331,72,90.26,False,18.26,project_fact_sla_export.csv,2026-06-23T00:00:00,54
SLA000055,WO001908,C018,SV1,A001,P3,20250119,20250122,20250123,72,74.76,False,2.76,project_fact_sla_export.csv,2026-06-23T00:00:00,55
SLA000056,WO002862,C011,SV4,A001,P3,20250615,20250618,20250616,72,18.13,True,0.0,project_fact_sla_export.csv,2026-06-23T00:00:00,56
SLA000057,WO001402,C003,SV7,A005,P4,20250129,20250203,20250207,120,196.69,False,76.69,project_fact_sla_export.csv,2026-06-23T00:00:00,57
SLA000058,WO000117,C002,SV1,A003,P2,20250409,20250410,20250411,24,37.64,False,13.64,project_fact_sla_export.csv,2026-06-23T00:00:00,58
SLA000059,WO001078,C016,SV6,A005,P2,20250228,20250301,20250301,24,11.29,True,0.0,project_fact_sla_export.csv,2026-06-23T00:00:00,59
SLA000060,WO003543,C016,SV1,A006,P1,20250315,20250315,20250316,8,7.94,True,0.0,project_fact_sla_export.csv,2026-06-23T00:00:00,60
SLA000061,WO002767,C002,SV7,A003,P2,20250329,20250330,20250330,24,12.61,True,0.0,project_fact_sla_export.csv,2026-06-23T00:00:00,61
SLA000062,WO004962,C006,SV6,A005,P2,20250103,20250104,20250105,24,24.26,False,0.26,project_fact_sla_export.csv,2026-06-23T00:00:00,62
SLA000063,WO002849,C007,SV7,A001,P2,20250626,20250627,20250627,24,14.48,True,0.0,project_fact_sla_export.csv,2026-06-23T00:00:00,63
SLA000064,WO001025,C002,SV6,A001,P3,20250422,20250425,20250424,72,28.89,True,0.0,project_fact_sla_export.csv,2026-06-23T00:00:00,64
SLA000065,WO003666,C005,SV5,A005,P4,20250608,20250613,20250612,120,90.05,True,0.0,project_fact_sla_export.csv,2026-06-23T00:00:00,65
SLA000066,WO000568,C013,SV1,A005,P2,20250403,20250404,20250404,24,9.82,True,0.0,project_fact_sla_export.csv,2026-06-23T00:00:00,66
SLA000067,WO000720,C013,SV4,A005,P1,20250509,20250509,20250510,8,5.7,True,0.0,project_fact_sla_export.csv,2026-06-23T00:00:00,67
SLA000068,WO002508,C008,SV6,A002,P3,20250203,20250206,20250205,72,39.21,True,0.0,project_fact_sla_export.csv,2026-06-23T00:00:00,68
SLA000069,WO001637,C004,SV2,A005,P1,20250530,20250530,20250531,8,7.94,True,0.0,project_fact_sla_export.csv,2026-06-23T00:00:00,69
SLA000070,WO002000,C008,SV6,A005,P4,20250204,20250209,20250209,120,104.23,True,0.0,project_fact_sla_export.csv,2026-06-23T00:00:00,70
SLA000071,WO001107,C018,SV2,A003,P1,20250215,20250215,20250216,8,4.91,True,0.0,project_fact_sla_export.csv,2026-06-23T00:00:00,71
SLA000072,WO000433,C009,SV5,A004,P2,20250620,20250621,20250622,24,30.7,False,6.7,project_fact_sla_export.csv,2026-06-23T00:00:00,72
SLA000073,WO003162,C002,SV5,A005,P3,20250112,20250115,20250115,72,50.71,True,0.0,project_fact_sla_export.csv,2026-06-23T00:00:00,73
SLA000074,WO001523,C015,SV2,A001,P2,20250226,20250227,20250227,24,19.33,True,0.0,project_fact_sla_export.csv,2026-06-23T00:00:00,74
SLA000075,WO001369,C002,SV6,A006,P3,20250403,20250406,20250406,72,51.44,True,0.0,project_fact_sla_export.csv,2026-06-23T00:00:00,75
SLA000076,WO004066,C012,SV7,A004,P2,20250408,20250409,20250409,24,8.97,True,0.0,project_fact_sla_export.csv,2026-06-23T00:00:00,76
SLA000077,WO004350,C007,SV3,A004,P2,20250123,20250124,20250125,24,25.15,False,1.15,project_fact_sla_export.csv,2026-06-23T00:00:00,77
SLA000078,WO004556,C010,SV3,A004,P3,20250130,20250202,20250201,72,25.51,True,0.0,project_fact_sla_export.csv,2026-06-23T00:00:00,78
SLA000079,WO000154,C015,SV8,A005,P1,20250407,20250407,20250408,8,3.88,True,0.0,project_fact_sla_export.csv,2026-06-23T00:00:00,79
SLA000080,WO003256,C017,SV5,A005,P2,20250518,20250519,20250519,24,10.18,True,0.0,project_fact_sla_export.csv,2026-06-23T00:00:00,80
SLA000081,WO001683,C001,SV2,A003,P3,20250228,20250303,20250305,72,102.09,False,30.09,project_fact_sla_export.csv,2026-06-23T00:00:00,81
SLA000082,WO001819,C019,SV3,A003,P2,20250517,20250518,20250518,24,6.01,True,0.0,project_fact_sla_export.csv,2026-06-23T00:00:00,82
SLA000083,WO001120,C010,SV8,A003,P4,20250301,20250306,20250306,120,97.63,True,0.0,project_fact_sla_export.csv,2026-06-23T00:00:00,83
SLA000084,WO002460,C010,SV7,A003,P2,20250206,20250207,20250208,24,44.58,False,20.58,project_fact_sla_export.csv,2026-06-23T00:00:00,84
SLA000085,WO001186,C007,SV8,A006,P2,20250323,20250324,20250324,24,9.5,True,0.0,project_fact_sla_export.csv,2026-06-23T00:00:00,85
SLA000086,WO004417,C007,SV3,A005,P2,20250419,20250420,20250420,24,9.09,True,0.0,project_fact_sla_export.csv,2026-06-23T00:00:00,86
SLA000087,WO000472,C017,SV7,A002,P2,20250516,20250517,20250517,24,8.88,True,0.0,project_fact_sla_export.csv,2026-06-23T00:00:00,87
SLA000088,WO003235,C018,SV1,A006,P3,20250313,20250316,20250315,72,33.58,True,0.0,project_fact_sla_export.csv,2026-06-23T00:00:00,88
SLA000089,WO002529,C011,SV6,A001,P3,20250322,20250325,20250324,72,42.81,True,0.0,project_fact_sla_export.csv,2026-06-23T00:00:00,89
SLA000090,WO003200,C019,SV4,A005,P3,20250323,20250326,20250325,72,38.34,True,0.0,project_fact_sla_export.csv,2026-06-23T00:00:00,90
SLA000091,WO001230,C004,SV6,A004,P4,20250210,20250215,20250213,120,66.27,True,0.0,project_fact_sla_export.csv,2026-06-23T00:00:00,91
SLA000092,WO002363,C019,SV1,A004,P3,20250416,20250419,20250418,72,47.38,True,0.0,project_fact_sla_export.csv,2026-06-23T00:00:00,92
SLA000093,WO001466,C020,SV7,A005,P3,20250304,20250307,20250306,72,29.41,True,0.0,project_fact_sla_export.csv,2026-06-23T00:00:00,93
SLA000094,WO003839,C009,SV1,A001,P1,20250217,20250217,20250218,8,11.38,False,3.38,project_fact_sla_export.csv,2026-06-23T00:00:00,94
SLA000095,WO002089,C018,SV6,A001,P2,20250429,20250430,20250430,24,19.14,True,0.0,project_fact_sla_export.csv,2026-06-23T00:00:00,95
SLA000096,WO000901,C014,SV5,A004,P3,20250422,20250425,20250424,72,29.79,True,0.0,project_fact_sla_export.csv,2026-06-23T00:00:00,96
SLA000097,WO004037,C007,SV3,A005,P3,20250212,20250215,20250215,72,63.75,True,0.0,project_fact_sla_export.csv,2026-06-23T00:00:00,97
SLA000098,WO002518,C015,SV5,A003,P2,20250410,20250411,20250411,24,8.67,True,0.0,project_fact_sla_export.csv,2026-06-23T00:00:00,98
SLA000099,WO001467,C014,SV2,A004,P2,20250425,20250426,20250427,24,27.59,False,3.59,project_fact_sla_export.csv,2026-06-23T00:00:00,99
SLA000100,WO000929,C001,SV8,A004,P2,20250323,20250324,20250324,24,20.37,True,0.0,project_fact_sla_export.csv,2026-06-23T00:00:00,100
SLA000101,WO001005,C008,SV6,A004,P2,20250422,20250423,20250424,24,33.4,False,9.4,project_fact_sla_export.csv,2026-06-23T00:00:00,101
SLA000102,WO004667,C002,SV7,A005,P3,20250220,20250223,20250222,72,26.21,True,0.0,project_fact_sla_export.csv,2026-06-23T00:00:00,102
SLA000103,WO002405,C002,SV6,A003,P4,20250310,20250315,20250312,120,41.91,True,0.0,project_fact_sla_export.csv,2026-06-23T00:00:00,103
SLA000104,WO004827,C008,SV3,A005,P2,20250108,20250109,20250109,24,13.92,True,0.0,project_fact_sla_export.csv,2026-06-23T00:00:00,104
SLA000105,WO002210,C019,SV4,A005,P3,20250127,20250130,20250129,72,46.08,True,0.0,project_fact_sla_export.csv,2026-06-23T00:00:00,105
SLA000106,WO000616,C017,SV7,A005,P3,20250223,20250226,20250225,72,31.68,True,0.0,project_fact_sla_export.csv,2026-06-23T00:00:00,106
SLA000107,WO000166,C005,SV6,A002,P2,20250317,20250318,20250318,24,13.14,True,0.0,project_fact_sla_export.csv,2026-06-23T00:00:00,107
SLA000108,WO002157,C011,SV6,A002,P3,20250523,20250526,20250525,72,25.47,True,0.0,project_fact_sla_export.csv,2026-06-23T00:00:00,108
SLA000109,WO003419,C019,SV1,A005,P2,20250122,20250123,20250123,24,7.13,True,0.0,project_fact_sla_export.csv,2026-06-23T00:00:00,109
SLA000110,WO000422,C007,SV2,A003,P1,20250118,20250118,20250119,8,4.04,True,0.0,project_fact_sla_export.csv,2026-06-23T00:00:00,110
SLA000111,WO000527,C006,SV8,A006,P2,20250614,20250615,20250615,24,19.46,True,0.0,project_fact_sla_export.csv,2026-06-23T00:00:00,111
SLA000112,WO003432,C007,SV6,A006,P3,20250601,20250604,20250603,72,34.17,True,0.0,project_fact_sla_export.csv,2026-06-23T00:00:00,112
SLA000113,WO004419,C007,SV6,A004,P2,20250325,20250326,20250326,24,16.66,True,0.0,project_fact_sla_export.csv,2026-06-23T00:00:00,113
SLA000114,WO000097,C020,SV5,A005,P2,20250205,20250206,20250206,24,5.54,True,0.0,project_fact_sla_export.csv,2026-06-23T00:00:00,114
SLA000115,WO000246,C014,SV2,A006,P3,20250628,20250701,20250630,72,33.2,True,0.0,project_fact_sla_export.csv,2026-06-23T00:00:00,115
SLA000116,WO001167,C015,SV8,A002,P3,20250426,20250429,20250430,72,92.32,False,20.32,project_fact_sla_export.csv,2026-06-23T00:00:00,116
SLA000117,WO000297,C001,SV3,A005,P3,20250127,20250130,20250129,72,33.78,True,0.0,project_fact_sla_export.csv,2026-06-23T00:00:00,117
SLA000118,WO004281,C018,SV6,A003,P3,20250523,20250526,20250527,72,78.65,False,6.65,project_fact_sla_export.csv,2026-06-23T00:00:00,118
SLA000119,WO002236,C001,SV4,A004,P3,20250630,20250703,20250630,72,47.82,True,0.0,project_fact_sla_export.csv,2026-06-23T00:00:00,119
SLA000120,WO003861,C016,SV1,A003,P2,20250424,20250425,20250425,24,8.58,True,0.0,project_fact_sla_export.csv,2026-06-23T00:00:00,120
SLA000121,WO001267,C006,SV2,A004,P4,20250516,20250521,20250521,120,102.58,True,0.0,project_fact_sla_export.csv,2026-06-23T00:00:00,121
SLA000122,WO002106,C006,SV3,A006,P4,20250112,20250117,20250116,120,82.86,True,0.0,project_fact_sla_export.csv,2026-06-23T00:00:00,122
SLA000123,WO004679,C017,SV3,A003,P3,20250211,20250214,20250214,72,65.7,True,0.0,project_fact_sla_export.csv,2026-06-23T00:00:00,123
SLA000124,WO000130,C012,SV3,A004,P4,20250627,20250702,20250630,120,114.57,True,0.0,project_fact_sla_export.csv,2026-06-23T00:00:00,124
SLA000125,WO002906,C002,SV1,A003,P3,20250507,20250510,20250510,72,48.51,True,0.0,project_fact_sla_export.csv,2026-06-23T00:00:00,125
SLA000126,WO002880,C009,SV2,A005,P4,20250522,20250527,20250524,120,39.31,True,0.0,project_fact_sla_export.csv,2026-06-23T00:00:00,126
SLA000127,WO000652,C008,SV7,A003,P4,20250410,20250415,20250414,120,92.61,True,0.0,project_fact_sla_export.csv,2026-06-23T00:00:00,127
SLA000128,WO003125,C014,SV1,A005,P3,20250512,20250515,20250515,72,59.0,True,0.0,project_fact_sla_export.csv,2026-06-23T00:00:00,128
SLA000129,WO002385,C007,SV7,A005,P3,20250123,20250126,20250125,72,36.18,True,0.0,project_fact_sla_export.csv,2026-06-23T00:00:00,129
SLA000130,WO004115,C014,SV6,A001,P2,20250218,20250219,20250219,24,10.1,True,0.0,project_fact_sla_export.csv,2026-06-23T00:00:00,130
SLA000131,WO003667,C007,SV1,A004,P3,20250527,20250530,20250529,72,40.34,True,0.0,project_fact_sla_export.csv,2026-06-23T00:00:00,131
SLA000132,WO001473,C016,SV7,A004,P3,20250602,20250605,20250604,72,39.06,True,0.0,project_fact_sla_export.csv,2026-06-23T00:00:00,132
SLA000133,WO000815,C015,SV4,A002,P3,20250615,20250618,20250617,72,31.0,True,0.0,project_fact_sla_export.csv,2026-06-23T00:00:00,133
SLA000134,WO003135,C003,SV1,A004,P2,20250316,20250317,20250317,24,8.57,True,0.0,project_fact_sla_export.csv,2026-06-23T00:00:00,134
SLA000135,WO003177,C016,SV1,A002,P3,20250429,20250502,20250502,72,68.23,True,0.0,project_fact_sla_export.csv,2026-06-23T00:00:00,135
SLA000136,WO004617,C004,SV7,A005,P4,20250601,20250606,20250605,120,86.15,True,0.0,project_fact_sla_export.csv,2026-06-23T00:00:00,136
SLA000137,WO002982,C004,SV3,A003,P1,20250507,20250507,20250508,8,5.11,True,0.0,project_fact_sla_export.csv,2026-06-23T00:00:00,137
SLA000138,WO002618,C008,SV7,A005,P2,20250417,20250418,20250418,24,9.04,True,0.0,project_fact_sla_export.csv,2026-06-23T00:00:00,138
SLA000139,WO000118,C012,SV6,A002,P2,20250129,20250130,20250130,24,19.98,True,0.0,project_fact_sla_export.csv,2026-06-23T00:00:00,139
SLA000140,WO003142,C011,SV4,A005,P2,20250105,20250106,20250106,24,17.73,True,0.0,project_fact_sla_export.csv,2026-06-23T00:00:00,140
SLA000141,WO003894,C011,SV3,A005,P1,20250523,20250523,20250524,8,4.6,True,0.0,project_fact_sla_export.csv,2026-06-23T00:00:00,141
SLA000142,WO002353,C012,SV3,A002,P2,20250607,20250608,20250608,24,13.98,True,0.0,project_fact_sla_export.csv,2026-06-23T00:00:00,142
SLA000143,WO003915,C001,SV6,A005,P2,20250408,20250409,20250410,24,45.04,False,21.04,project_fact_sla_export.csv,2026-06-23T00:00:00,143
SLA000144,WO001810,C013,SV5,A005,P3,20250214,20250217,20250215,72,19.31,True,0.0,project_fact_sla_export.csv,2026-06-23T00:00:00,144
SLA000145,WO000985,C019,SV1,A005,P4,20250118,20250123,20250125,120,159.51,False,39.51,project_fact_sla_export.csv,2026-06-23T00:00:00,145
SLA000146,WO004697,C007,SV7,A006,P2,20250405,20250406,20250407,24,34.18,False,10.18,project_fact_sla_export.csv,2026-06-23T00:00:00,146
SLA000147,WO002161,C013,SV1,A005,P2,20250313,20250314,20250314,24,5.38,True,0.0,project_fact_sla_export.csv,2026-06-23T00:00:00,147
SLA000148,WO002920,C015,SV3,A003,P4,20250217,20250222,20250220,120,51.18,True,0.0,project_fact_sla_export.csv,2026-06-23T00:00:00,148
SLA000149,WO003593,C014,SV8,A003,P4,20250505,20250510,20250509,120,87.42,True,0.0,project_fact_sla_export.csv,2026-06-23T00:00:00,149
SLA000150,WO002971,C015,SV7,A005,P2,20250423,20250424,20250425,24,25.35,False,1.35,project_fact_sla_export.csv,2026-06-23T00:00:00,150
SLA000151,WO003369,C013,SV5,A002,P4,20250417,20250422,20250420,120,59.94,True,0.0,project_fact_sla_export.csv,2026-06-23T00:00:00,151
SLA000152,WO001697,C010,SV4,A004,P4,20250214,20250219,20250217,120,57.22,True,0.0,project_fact_sla_export.csv,2026-06-23T00:00:00,152
SLA000153,WO000384,C012,SV5,A003,P1,20250215,20250215,20250216,8,7.12,True,0.0,project_fact_sla_export.csv,2026-06-23T00:00:00,153
SLA000154,WO001895,C002,SV2,A002,P3,20250430,20250503,20250502,72,43.81,True,0.0,project_fact_sla_export.csv,2026-06-23T00:00:00,154
SLA000155,WO004085,C018,SV7,A001,P3,20250110,20250113,20250113,72,48.69,True,0.0,project_fact_sla_export.csv,2026-06-23T00:00:00,155
SLA000156,WO001298,C019,SV5,A005,P1,20250515,20250515,20250516,8,3.22,True,0.0,project_fact_sla_export.csv,2026-06-23T00:00:00,156
SLA000157,WO004439,C011,SV8,A003,P4,20250614,20250619,20250619,120,107.67,True,0.0,project_fact_sla_export.csv,2026-06-23T00:00:00,157
SLA000158,WO002390,C012,SV7,A005,P3,20250427,20250430,20250429,72,37.96,True,0.0,project_fact_sla_export.csv,2026-06-23T00:00:00,158
SLA000159,WO000067,C007,SV6,A005,P1,20250116,20250116,20250117,8,5.22,True,0.0,project_fact_sla_export.csv,2026-06-23T00:00:00,159
SLA000160,WO001714,C013,SV7,A005,P3,20250501,20250504,20250506,72,105.54,False,33.54,project_fact_sla_export.csv,2026-06-23T00:00:00,160
SLA000161,WO000425,C003,SV4,A001,P4,20250206,20250211,20250214,120,177.24,False,57.24,project_fact_sla_export.csv,2026-06-23T00:00:00,161
SLA000162,WO001011,C011,SV4,A001,P3,20250118,20250121,20250123,72,96.47,False,24.47,project_fact_sla_export.csv,2026-06-23T00:00:00,162
SLA000163,WO002262,C003,SV6,A006,P4,20250412,20250417,20250417,120,104.61,True,0.0,project_fact_sla_export.csv,2026-06-23T00:00:00,163
SLA000164,WO002486,C018,SV5,A005,P3,20250206,20250209,20250209,72,49.43,True,0.0,project_fact_sla_export.csv,2026-06-23T00:00:00,164
SLA000165,WO002347,C015,SV7,A005,P2,20250524,20250525,20250525,24,22.98,True,0.0,project_fact_sla_export.csv,2026-06-23T00:00:00,165
SLA000166,WO001870,C017,SV6,A002,P1,20250109,20250109,20250110,8,7.89,True,0.0,project_fact_sla_export.csv,2026-06-23T00:00:00,166
SLA000167,WO001512,C014,SV3,A005,P3,20250517,20250520,20250520,72,66.3,True,0.0,project_fact_sla_export.csv,2026-06-23T00:00:00,167
SLA000168,WO000178,C011,SV4,A004,P1,20250627,20250627,20250628,8,6.02,True,0.0,project_fact_sla_export.csv,2026-06-23T00:00:00,168
SLA000169,WO000897,C008,SV5,A001,P4,20250218,20250223,20250221,120,66.36,True,0.0,project_fact_sla_export.csv,2026-06-23T00:00:00,169
SLA000170,WO004212,C004,SV3,A003,P2,20250628,20250629,20250629,24,14.74,True,0.0,project_fact_sla_export.csv,2026-06-23T00:00:00,170
SLA000171,WO001986,C018,SV2,A005,P4,20250424,20250429,20250427,120,54.67,True,0.0,project_fact_sla_export.csv,2026-06-23T00:00:00,171
SLA000172,WO000894,C003,SV7,A004,P2,20250630,20250701,20250630,24,11.74,True,0.0,project_fact_sla_export.csv,2026-06-23T00:00:00,172
SLA000173,WO000331,C007,SV7,A005,P2,20250526,20250527,20250527,24,6.81,True,0.0,project_fact_sla_export.csv,2026-06-23T00:00:00,173
SLA000174,WO000478,C019,SV5,A005,P2,20250425,20250426,20250426,24,10.97,True,0.0,project_fact_sla_export.csv,2026-06-23T00:00:00,174
SLA000175,WO003312,C002,SV8,A001,P3,20250406,20250409,20250410,72,92.25,False,20.25,project_fact_sla_export.csv,2026-06-23T00:00:00,175
SLA000176,WO002976,C008,SV4,A001,P2,20250222,20250223,20250223,24,15.31,True,0.0,project_fact_sla_export.csv,2026-06-23T00:00:00,176
SLA000177,WO000801,C010,SV5,A003,P3,20250123,20250126,20250125,72,31.98,True,0.0,project_fact_sla_export.csv,2026-06-23T00:00:00,177
SLA000178,WO001795,C001,SV3,A003,P4,20250316,20250321,20250319,120,59.78,True,0.0,project_fact_sla_export.csv,2026-06-23T00:00:00,178
SLA000179,WO002752,C012,SV5,A004,P1,20250428,20250428,20250429,8,9.66,False,1.66,project_fact_sla_export.csv,2026-06-23T00:00:00,179
SLA000180,WO002585,C016,SV5,A001,P1,20250430,20250430,20250501,8,8.74,False,0.74,project_fact_sla_export.csv,2026-06-23T00:00:00,180
SLA000181,WO002537,C015,SV2,A004,P2,20250119,20250120,20250122,24,56.14,False,32.14,project_fact_sla_export.csv,2026-06-23T00:00:00,181
SLA000182,WO003785,C011,SV5,A006,P2,20250418,20250419,20250419,24,15.61,True,0.0,project_fact_sla_export.csv,2026-06-23T00:00:00,182
SLA000183,WO004666,C004,SV5,A005,P4,20250611,20250616,20250618,120,149.06,False,29.06,project_fact_sla_export.csv,2026-06-23T00:00:00,183
SLA000184,WO003287,C019,SV4,A004,P1,20250331,20250331,20250401,8,3.18,True,0.0,project_fact_sla_export.csv,2026-06-23T00:00:00,184
SLA000185,WO004011,C012,SV8,A004,P2,20250330,20250331,20250331,24,7.13,True,0.0,project_fact_sla_export.csv,2026-06-23T00:00:00,185
SLA000186,WO000581,C017,SV1,A005,P3,20250407,20250410,20250409,72,37.38,True,0.0,project_fact_sla_export.csv,2026-06-23T00:00:00,186
SLA000187,WO001715,C001,SV2,A001,P2,20250408,20250409,20250409,24,13.6,True,0.0,project_fact_sla_export.csv,2026-06-23T00:00:00,187
SLA000188,WO001680,C007,SV7,A005,P3,20250322,20250325,20250324,72,36.48,True,0.0,project_fact_sla_export.csv,2026-06-23T00:00:00,188
SLA000189,WO002846,C011,SV3,A004,P3,20250603,20250606,20250605,72,35.48,True,0.0,project_fact_sla_export.csv,2026-06-23T00:00:00,189
SLA000190,WO001739,C020,SV1,A006,P1,20250412,20250412,20250413,8,10.29,False,2.29,project_fact_sla_export.csv,2026-06-23T00:00:00,190
SLA000191,WO001437,C007,SV8,A004,P3,20250501,20250504,20250503,72,46.5,True,0.0,project_fact_sla_export.csv,2026-06-23T00:00:00,191
SLA000192,WO000597,C011,SV1,A003,P3,20250215,20250218,20250218,72,71.21,True,0.0,project_fact_sla_export.csv,2026-06-23T00:00:00,192
SLA000193,WO003394,C020,SV2,A004,P2,20250401,20250402,20250404,24,49.9,False,25.9,project_fact_sla_export.csv,2026-06-23T00:00:00,193
SLA000194,WO004611,C013,SV5,A006,P3,20250515,20250518,20250518,72,58.55,True,0.0,project_fact_sla_export.csv,2026-06-23T00:00:00,194
SLA000195,WO002965,C001,SV5,A001,P3,20250314,20250317,20250319,72,113.66,False,41.66,project_fact_sla_export.csv,2026-06-23T00:00:00,195
SLA000196,WO003682,C008,SV4,A004,P2,20250301,20250302,20250302,24,13.07,True,0.0,project_fact_sla_export.csv,2026-06-23T00:00:00,196
SLA000197,WO004150,C017,SV3,A005,P3,20250124,20250127,20250129,72,118.96,False,46.96,project_fact_sla_export.csv,2026-06-23T00:00:00,197
SLA000198,WO000885,C005,SV8,A003,P2,20250128,20250129,20250129,24,6.06,True,0.0,project_fact_sla_export.csv,2026-06-23T00:00:00,198
SLA000199,WO000253,C007,SV7,A005,P3,20250629,20250702,20250630,72,61.96,True,0.0,project_fact_sla_export.csv,2026-06-23T00:00:00,199
SLA000200,WO003660,C015,SV8,A006,P3,20250531,20250603,20250602,72,46.26,True,0.0,project_fact_sla_export.csv,2026-06-23T00:00:00,200
SLA000201,WO002503,C015,SV3,A004,P3,20250402,20250405,20250405,72,58.7,True,0.0,project_fact_sla_export.csv,2026-06-23T00:00:00,201
SLA000202,WO001022,C011,SV5,A005,P3,20250628,20250701,20250630,72,55.81,True,0.0,project_fact_sla_export.csv,2026-06-23T00:00:00,202
SLA000203,WO004971,C004,SV2,A005,P2,20250126,20250127,20250128,24,38.5,False,14.5,project_fact_sla_export.csv,2026-06-23T00:00:00,203
SLA000204,WO003918,C014,SV8,A005,P4,20250429,20250504,20250502,120,51.61,True,0.0,project_fact_sla_export.csv,2026-06-23T00:00:00,204
SLA000205,WO001155,C013,SV7,A004,P4,20250423,20250428,20250425,120,42.53,True,0.0,project_fact_sla_export.csv,2026-06-23T00:00:00,205
SLA000206,WO002966,C003,SV3,A006,P4,20250415,20250420,20250420,120,110.8,True,0.0,project_fact_sla_export.csv,2026-06-23T00:00:00,206
SLA000207,WO002164,C016,SV5,A005,P3,20250104,20250107,20250106,72,43.31,True,0.0,project_fact_sla_export.csv,2026-06-23T00:00:00,207
SLA000208,WO000701,C004,SV3,A006,P2,20250121,20250122,20250122,24,19.24,True,0.0,project_fact_sla_export.csv,2026-06-23T00:00:00,208
SLA000209,WO004760,C010,SV4,A003,P2,20250213,20250214,20250215,24,32.45,False,8.45,project_fact_sla_export.csv,2026-06-23T00:00:00,209
SLA000210,WO002492,C008,SV8,A005,P3,20250530,20250602,20250604,72,111.29,False,39.29,project_fact_sla_export.csv,2026-06-23T00:00:00,210
SLA000211,WO001384,C001,SV2,A004,P3,20250516,20250519,20250521,72,101.63,False,29.63,project_fact_sla_export.csv,2026-06-23T00:00:00,211
SLA000212,WO001962,C009,SV3,A003,P3,20250104,20250107,20250107,72,68.3,True,0.0,project_fact_sla_export.csv,2026-06-23T00:00:00,212
SLA000213,WO003665,C010,SV3,A005,P2,20250207,20250208,20250208,24,17.92,True,0.0,project_fact_sla_export.csv,2026-06-23T00:00:00,213
SLA000214,WO003167,C001,SV4,A004,P1,20250303,20250303,20250304,8,5.2,True,0.0,project_fact_sla_export.csv,2026-06-23T00:00:00,214
SLA000215,WO004794,C014,SV1,A005,P2,20250501,20250502,20250502,24,22.36,True,0.0,project_fact_sla_export.csv,2026-06-23T00:00:00,215
SLA000216,WO002269,C013,SV4,A002,P4,20250511,20250516,20250513,120,39.07,True,0.0,project_fact_sla_export.csv,2026-06-23T00:00:00,216
SLA000217,WO003687,C019,SV5,A003,P2,20250614,20250615,20250615,24,12.65,True,0.0,project_fact_sla_export.csv,2026-06-23T00:00:00,217
SLA000218,WO004264,C013,SV5,A005,P1,20250628,20250628,20250629,8,1.82,True,0.0,project_fact_sla_export.csv,2026-06-23T00:00:00,218
SLA000219,WO000100,C006,SV8,A006,P2,20250416,20250417,20250418,24,25.32,False,1.32,project_fact_sla_export.csv,2026-06-23T00:00:00,219
SLA000220,WO004954,C003,SV4,A001,P4,20250203,20250208,20250205,120,32.41,True,0.0,project_fact_sla_export.csv,2026-06-23T00:00:00,220
SLA000221,WO000878,C012,SV2,A005,P2,20250125,20250126,20250126,24,14.87,True,0.0,project_fact_sla_export.csv,2026-06-23T00:00:00,221
SLA000222,WO001264,C006,SV5,A001,P3,20250301,20250304,20250305,72,77.59,False,5.59,project_fact_sla_export.csv,2026-06-23T00:00:00,222
SLA000223,WO004542,C017,SV2,A005,P4,20250627,20250702,20250629,120,42.96,True,0.0,project_fact_sla_export.csv,2026-06-23T00:00:00,223
SLA000224,WO001761,C008,SV8,A004,P2,20250218,20250219,20250219,24,7.13,True,0.0,project_fact_sla_export.csv,2026-06-23T00:00:00,224
SLA000225,WO001565,C016,SV5,A004,P1,20250302,20250302,20250303,8,8.54,False,0.54,project_fact_sla_export.csv,2026-06-23T00:00:00,225
SLA000226,WO001089,C020,SV4,A004,P4,20250220,20250225,20250223,120,53.3,True,0.0,project_fact_sla_export.csv,2026-06-23T00:00:00,226
SLA000227,WO003914,C010,SV2,A003,P2,20250603,20250604,20250604,24,16.61,True,0.0,project_fact_sla_export.csv,2026-06-23T00:00:00,227
SLA000228,WO001551,C003,SV8,A004,P4,20250605,20250610,20250607,120,31.79,True,0.0,project_fact_sla_export.csv,2026-06-23T00:00:00,228
SLA000229,WO003879,C010,SV8,A004,P4,20250216,20250221,20250221,120,105.27,True,0.0,project_fact_sla_export.csv,2026-06-23T00:00:00,229
SLA000230,WO004322,C019,SV4,A005,P1,20250426,20250426,20250427,8,3.42,True,0.0,project_fact_sla_export.csv,2026-06-23T00:00:00,230
SLA000231,WO001392,C007,SV8,A006,P3,20250321,20250324,20250323,72,34.7,True,0.0,project_fact_sla_export.csv,2026-06-23T00:00:00,231
SLA000232,WO001596,C007,SV6,A001,P3,20250126,20250129,20250130,72,79.23,False,7.23,project_fact_sla_export.csv,2026-06-23T00:00:00,232
SLA000233,WO002177,C010,SV6,A006,P3,20250215,20250218,20250219,72,83.43,False,11.43,project_fact_sla_export.csv,2026-06-23T00:00:00,233
SLA000234,WO002398,C013,SV7,A006,P3,20250301,20250304,20250302,72,16.53,True,0.0,project_fact_sla_export.csv,2026-06-23T00:00:00,234
SLA000235,WO003121,C015,SV8,A005,P1,20250109,20250109,20250110,8,8.24,False,0.24,project_fact_sla_export.csv,2026-06-23T00:00:00,235
SLA000236,WO003595,C004,SV4,A003,P3,20250102,20250105,20250104,72,30.95,True,0.0,project_fact_sla_export.csv,2026-06-23T00:00:00,236
SLA000237,WO002942,C007,SV1,A003,P4,20250607,20250612,20250609,120,39.02,True,0.0,project_fact_sla_export.csv,2026-06-23T00:00:00,237
SLA000238,WO004946,C006,SV5,A002,P3,20250312,20250315,20250315,72,59.4,True,0.0,project_fact_sla_export.csv,2026-06-23T00:00:00,238
SLA000239,WO004429,C011,SV5,A002,P4,20250614,20250619,20250617,120,67.13,True,0.0,project_fact_sla_export.csv,2026-06-23T00:00:00,239
SLA000240,WO003089,C010,SV1,A006,P4,20250318,20250323,20250322,120,93.51,True,0.0,project_fact_sla_export.csv,2026-06-23T00:00:00,240
SLA000241,WO002571,C012,SV1,A004,P1,20250327,20250327,20250328,8,4.19,True,0.0,project_fact_sla_export.csv,2026-06-23T00:00:00,241
SLA000242,WO000268,C005,SV8,A005,P3,20250204,20250207,20250206,72,32.01,True,0.0,project_fact_sla_export.csv,2026-06-23T00:00:00,242
SLA000243,WO004693,C007,SV3,A005,P4,20250125,20250130,20250201,120,150.87,False,30.87,project_fact_sla_export.csv,2026-06-23T00:00:00,243
SLA000244,WO003001,C020,SV6,A005,P2,20250120,20250121,20250122,24,28.23,False,4.23,project_fact_sla_export.csv,2026-06-23T00:00:00,244
SLA000245,WO001572,C007,SV3,A002,P2,20250525,20250526,20250527,24,25.0,False,1.0,project_fact_sla_export.csv,2026-06-23T00:00:00,245
SLA000246,WO001635,C018,SV4,A005,P3,20250531,20250603,20250607,72,148.57,False,76.57,project_fact_sla_export.csv,2026-06-23T00:00:00,246
SLA000247,WO004687,C002,SV3,A004,P4,20250521,20250526,20250526,120,112.65,True,0.0,project_fact_sla_export.csv,2026-06-23T00:00:00,247
SLA000248,WO001381,C017,SV4,A002,P4,20250126,20250131,20250129,120,68.15,True,0.0,project_fact_sla_export.csv,2026-06-23T00:00:00,248
SLA000249,WO001595,C013,SV8,A001,P3,20250317,20250320,20250319,72,37.29,True,0.0,project_fact_sla_export.csv,2026-06-23T00:00:00,249
SLA000250,WO004613,C014,SV8,A004,P1,20250523,20250523,20250524,8,3.69,True,0.0,project_fact_sla_export.csv,2026-06-23T00:00:00,250
SLA000251,WO002992,C003,SV4,A006,P1,20250412,20250412,20250413,8,5.46,True,0.0,project_fact_sla_export.csv,2026-06-23T00:00:00,251
SLA000252,WO000429,C012,SV5,A005,P2,20250318,20250319,20250319,24,22.83,True,0.0,project_fact_sla_export.csv,2026-06-23T00:00:00,252
SLA000253,WO003145,C003,SV1,A004,P2,20250605,20250606,20250607,24,27.5,False,3.5,project_fact_sla_export.csv,2026-06-23T00:00:00,253
SLA000254,WO003615,C011,SV4,A001,P3,20250525,20250528,20250528,72,56.25,True,0.0,project_fact_sla_export.csv,2026-06-23T00:00:00,254
SLA000255,WO002364,C004,SV2,A004,P4,20250119,20250124,20250122,120,61.33,True,0.0,project_fact_sla_export.csv,2026-06-23T00:00:00,255
SLA000256,WO000394,C002,SV7,A005,P4,20250609,20250614,20250613,120,83.1,True,0.0,project_fact_sla_export.csv,2026-06-23T00:00:00,256
SLA000257,WO001241,C013,SV3,A004,P3,20250318,20250321,20250320,72,35.45,True,0.0,project_fact_sla_export.csv,2026-06-23T00:00:00,257
SLA000258,WO001633,C005,SV8,A004,P3,20250426,20250429,20250428,72,38.01,True,0.0,project_fact_sla_export.csv,2026-06-23T00:00:00,258
SLA000259,WO004373,C007,SV2,A005,P4,20250304,20250309,20250309,120,99.19,True,0.0,project_fact_sla_export.csv,2026-06-23T00:00:00,259
SLA000260,WO001622,C013,SV8,A005,P2,20250323,20250324,20250324,24,10.34,True,0.0,project_fact_sla_export.csv,2026-06-23T00:00:00,260
SLA000261,WO004752,C009,SV3,A004,P4,20250511,20250516,20250519,120,182.76,False,62.76,project_fact_sla_export.csv,2026-06-23T00:00:00,261
SLA000262,WO001272,C009,SV4,A003,P4,20250312,20250317,20250315,120,51.29,True,0.0,project_fact_sla_export.csv,2026-06-23T00:00:00,262
SLA000263,WO002332,C009,SV6,A006,P3,20250131,20250203,20250205,72,118.43,False,46.43,project_fact_sla_export.csv,2026-06-23T00:00:00,263
SLA000264,WO001521,C017,SV2,A005,P3,20250506,20250509,20250508,72,36.2,True,0.0,project_fact_sla_export.csv,2026-06-23T00:00:00,264
SLA000265,WO003729,C013,SV2,A002,P3,20250627,20250630,20250630,72,55.66,True,0.0,project_fact_sla_export.csv,2026-06-23T00:00:00,265
SLA000266,WO001462,C007,SV2,A004,P3,20250205,20250208,20250208,72,66.59,True,0.0,project_fact_sla_export.csv,2026-06-23T00:00:00,266
SLA000267,WO000591,C007,SV7,A004,P3,20250429,20250502,20250501,72,46.04,True,0.0,project_fact_sla_export.csv,2026-06-23T00:00:00,267
SLA000268,WO001509,C009,SV3,A003,P2,20250603,20250604,20250605,24,31.15,False,7.15,project_fact_sla_export.csv,2026-06-23T00:00:00,268
SLA000269,WO001251,C013,SV6,A001,P4,20250307,20250312,20250312,120,107.27,True,0.0,project_fact_sla_export.csv,2026-06-23T00:00:00,269
SLA000270,WO001547,C008,SV8,A003,P2,20250118,20250119,20250119,24,5.09,True,0.0,project_fact_sla_export.csv,2026-06-23T00:00:00,270
SLA000271,WO000202,C017,SV3,A005,P3,20250414,20250417,20250416,72,45.17,True,0.0,project_fact_sla_export.csv,2026-06-23T00:00:00,271
SLA000272,WO001642,C011,SV6,A002,P3,20250226,20250301,20250227,72,15.07,True,0.0,project_fact_sla_export.csv,2026-06-23T00:00:00,272
SLA000273,WO004192,C008,SV7,A005,P3,20250521,20250524,20250524,72,53.27,True,0.0,project_fact_sla_export.csv,2026-06-23T00:00:00,273
SLA000274,WO003487,C017,SV8,A004,P2,20250614,20250615,20250615,24,14.51,True,0.0,project_fact_sla_export.csv,2026-06-23T00:00:00,274
SLA000275,WO002694,C017,SV3,A006,P2,20250326,20250327,20250327,24,18.93,True,0.0,project_fact_sla_export.csv,2026-06-23T00:00:00,275
SLA000276,WO001173,C005,SV2,A004,P4,20250108,20250113,20250112,120,91.96,True,0.0,project_fact_sla_export.csv,2026-06-23T00:00:00,276
SLA000277,WO000946,C002,SV8,A006,P4,20250425,20250430,20250428,120,52.99,True,0.0,project_fact_sla_export.csv,2026-06-23T00:00:00,277
SLA000278,WO003053,C018,SV2,A001,P1,20250515,20250515,20250516,8,7.32,True,0.0,project_fact_sla_export.csv,2026-06-23T00:00:00,278
SLA000279,WO001980,C011,SV3,A003,P4,20250401,20250406,20250406,120,108.94,True,0.0,project_fact_sla_export.csv,2026-06-23T00:00:00,279
SLA000280,WO003934,C002,SV3,A002,P4,20250110,20250115,20250120,120,223.82,False,103.82,project_fact_sla_export.csv,2026-06-23T00:00:00,280
SLA000281,WO000814,C019,SV1,A005,P3,20250414,20250417,20250418,72,86.51,False,14.51,project_fact_sla_export.csv,2026-06-23T00:00:00,281
SLA000282,WO000381,C004,SV5,A002,P3,20250416,20250419,20250418,72,41.24,True,0.0,project_fact_sla_export.csv,2026-06-23T00:00:00,282
SLA000283,WO002646,C007,SV1,A001,P4,20250417,20250422,20250427,120,237.14,False,117.14,project_fact_sla_export.csv,2026-06-23T00:00:00,283
SLA000284,WO003527,C007,SV5,A001,P2,20250308,20250309,20250309,24,15.39,True,0.0,project_fact_sla_export.csv,2026-06-23T00:00:00,284
SLA000285,WO003908,C013,SV2,A004,P3,20250125,20250128,20250127,72,45.09,True,0.0,project_fact_sla_export.csv,2026-06-23T00:00:00,285
SLA000286,WO001319,C007,SV3,A005,P3,20250519,20250522,20250521,72,37.51,True,0.0,project_fact_sla_export.csv,2026-06-23T00:00:00,286
SLA000287,WO002748,C002,SV6,A005,P3,20250603,20250606,20250607,72,90.05,False,18.05,project_fact_sla_export.csv,2026-06-23T00:00:00,287
SLA000288,WO004404,C012,SV2,A006,P3,20250615,20250618,20250621,72,133.49,False,61.49,project_fact_sla_export.csv,2026-06-23T00:00:00,288
SLA000289,WO001987,C015,SV2,A004,P2,20250615,20250616,20250616,24,18.63,True,0.0,project_fact_sla_export.csv,2026-06-23T00:00:00,289
SLA000290,WO004178,C011,SV1,A001,P3,20250626,20250629,20250630,72,95.44,False,23.44,project_fact_sla_export.csv,2026-06-23T00:00:00,290
SLA000291,WO000120,C007,SV6,A003,P1,20250314,20250314,20250315,8,8.58,False,0.58,project_fact_sla_export.csv,2026-06-23T00:00:00,291
SLA000292,WO002308,C011,SV6,A004,P3,20250104,20250107,20250106,72,33.7,True,0.0,project_fact_sla_export.csv,2026-06-23T00:00:00,292
SLA000293,WO004992,C014,SV4,A003,P4,20250619,20250624,20250626,120,158.02,False,38.02,project_fact_sla_export.csv,2026-06-23T00:00:00,293
SLA000294,WO000668,C020,SV2,A004,P1,20250114,20250114,20250115,8,8.12,False,0.12,project_fact_sla_export.csv,2026-06-23T00:00:00,294
SLA000295,WO004732,C011,SV2,A006,P3,20250630,20250703,20250630,72,28.55,True,0.0,project_fact_sla_export.csv,2026-06-23T00:00:00,295
SLA000296,WO002099,C006,SV2,A005,P4,20250531,20250605,20250605,120,106.79,True,0.0,project_fact_sla_export.csv,2026-06-23T00:00:00,296
SLA000297,WO004764,C003,SV2,A006,P1,20250525,20250525,20250526,8,4.16,True,0.0,project_fact_sla_export.csv,2026-06-23T00:00:00,297
SLA000298,WO000963,C008,SV7,A005,P2,20250513,20250514,20250514,24,17.65,True,0.0,project_fact_sla_export.csv,2026-06-23T00:00:00,298
SLA000299,WO003454,C018,SV6,A006,P3,20250414,20250417,20250417,72,69.09,True,0.0,project_fact_sla_export.csv,2026-06-23T00:00:00,299
SLA000300,WO004689,C011,SV8,A006,P4,20250503,20250508,20250509,120,141.72,False,21.72,project_fact_sla_export.csv,2026-06-23T00:00:00,300
SLA000301,WO004380,C005,SV5,A005,P3,20250317,20250320,20250320,72,55.4,True,0.0,project_fact_sla_export.csv,2026-06-23T00:00:00,301
SLA000302,WO004949,C013,SV1,A001,P3,20250310,20250313,20250315,72,101.81,False,29.81,project_fact_sla_export.csv,2026-06-23T00:00:00,302
SLA000303,WO002024,C005,SV8,A003,P3,20250514,20250517,20250516,72,34.37,True,0.0,project_fact_sla_export.csv,2026-06-23T00:00:00,303
SLA000304,WO002456,C011,SV1,A004,P2,20250515,20250516,20250516,24,12.47,True,0.0,project_fact_sla_export.csv,2026-06-23T00:00:00,304
SLA000305,WO002451,C019,SV8,A006,P3,20250406,20250409,20250410,72,87.71,False,15.71,project_fact_sla_export.csv,2026-06-23T00:00:00,305
SLA000306,WO003030,C018,SV3,A005,P4,20250630,20250705,20250630,120,32.69,True,0.0,project_fact_sla_export.csv,2026-06-23T00:00:00,306
SLA000307,WO002502,C019,SV2,A004,P3,20250426,20250429,20250427,72,22.37,True,0.0,project_fact_sla_export.csv,2026-06-23T00:00:00,307
SLA000308,WO000231,C008,SV1,A004,P3,20250509,20250512,20250511,72,47.24,True,0.0,project_fact_sla_export.csv,2026-06-23T00:00:00,308
SLA000309,WO004495,C010,SV4,A005,P4,20250511,20250516,20250515,120,74.69,True,0.0,project_fact_sla_export.csv,2026-06-23T00:00:00,309
SLA000310,WO003199,C015,SV5,A005,P3,20250607,20250610,20250610,72,68.95,True,0.0,project_fact_sla_export.csv,2026-06-23T00:00:00,310
SLA000311,WO004703,C018,SV7,A003,P2,20250130,20250131,20250131,24,10.5,True,0.0,project_fact_sla_export.csv,2026-06-23T00:00:00,311
SLA000312,WO002094,C012,SV4,A004,P3,20250531,20250603,20250604,72,86.05,False,14.05,project_fact_sla_export.csv,2026-06-23T00:00:00,312
SLA000313,WO000032,C011,SV5,A004,P4,20250113,20250118,20250121,120,187.58,False,67.58,project_fact_sla_export.csv,2026-06-23T00:00:00,313
SLA000314,WO000590,C005,SV6,A001,P4,20250102,20250107,20250109,120,155.18,False,35.18,project_fact_sla_export.csv,2026-06-23T00:00:00,314
SLA000315,WO001688,C020,SV5,A001,P3,20250325,20250328,20250328,72,71.33,True,0.0,project_fact_sla_export.csv,2026-06-23T00:00:00,315
SLA000316,WO002411,C006,SV7,A003,P2,20250606,20250607,20250607,24,10.45,True,0.0,project_fact_sla_export.csv,2026-06-23T00:00:00,316
SLA000317,WO004740,C018,SV7,A006,P1,20250503,20250503,20250504,8,8.58,False,0.58,project_fact_sla_export.csv,2026-06-23T00:00:00,317
SLA000318,WO003728,C018,SV3,A001,P2,20250314,20250315,20250315,24,16.93,True,0.0,project_fact_sla_export.csv,2026-06-23T00:00:00,318
SLA000319,WO000023,C020,SV6,A002,P3,20250624,20250627,20250627,72,59.79,True,0.0,project_fact_sla_export.csv,2026-06-23T00:00:00,319
SLA000320,WO004132,C013,SV7,A003,P3,20250107,20250110,20250114,72,157.58,False,85.58,project_fact_sla_export.csv,2026-06-23T00:00:00,320
SLA000321,WO000198,C011,SV5,A002,P3,20250302,20250305,20250305,72,51.51,True,0.0,project_fact_sla_export.csv,2026-06-23T00:00:00,321
SLA000322,WO003670,C014,SV6,A005,P3,20250309,20250312,20250311,72,38.26,True,0.0,project_fact_sla_export.csv,2026-06-23T00:00:00,322
SLA000323,WO004087,C009,SV6,A006,P1,20250225,20250225,20250226,8,3.74,True,0.0,project_fact_sla_export.csv,2026-06-23T00:00:00,323
SLA000324,WO000364,C003,SV1,A004,P2,20250515,20250516,20250516,24,14.74,True,0.0,project_fact_sla_export.csv,2026-06-23T00:00:00,324
SLA000325,WO000040,C008,SV1,A003,P2,20250222,20250223,20250224,24,46.76,False,22.76,project_fact_sla_export.csv,2026-06-23T00:00:00,325
SLA000326,WO004416,C014,SV6,A002,P4,20250419,20250424,20250421,120,25.05,True,0.0,project_fact_sla_export.csv,2026-06-23T00:00:00,326
SLA000327,WO003182,C007,SV8,A001,P3,20250120,20250123,20250122,72,27.45,True,0.0,project_fact_sla_export.csv,2026-06-23T00:00:00,327
SLA000328,WO002706,C017,SV8,A003,P1,20250428,20250428,20250429,8,6.25,True,0.0,project_fact_sla_export.csv,2026-06-23T00:00:00,328
SLA000329,WO000644,C015,SV7,A004,P4,20250426,20250501,20250501,120,115.09,True,0.0,project_fact_sla_export.csv,2026-06-23T00:00:00,329
SLA000330,WO003739,C006,SV5,A002,P4,20250618,20250623,20250621,120,71.69,True,0.0,project_fact_sla_export.csv,2026-06-23T00:00:00,330
SLA000331,WO002339,C011,SV4,A005,P4,20250413,20250418,20250419,120,130.81,False,10.81,project_fact_sla_export.csv,2026-06-23T00:00:00,331
SLA000332,WO004293,C004,SV5,A004,P3,20250617,20250620,20250619,72,24.6,True,0.0,project_fact_sla_export.csv,2026-06-23T00:00:00,332
SLA000333,WO001362,C003,SV8,A004,P1,20250616,20250616,20250617,8,5.19,True,0.0,project_fact_sla_export.csv,2026-06-23T00:00:00,333
SLA000334,WO004496,C007,SV4,A005,P3,20250506,20250509,20250512,72,129.2,False,57.2,project_fact_sla_export.csv,2026-06-23T00:00:00,334
SLA000335,WO002654,C007,SV4,A005,P3,20250208,20250211,20250210,72,33.13,True,0.0,project_fact_sla_export.csv,2026-06-23T00:00:00,335
SLA000336,WO002442,C003,SV2,A004,P3,20250509,20250512,20250511,72,26.88,True,0.0,project_fact_sla_export.csv,2026-06-23T00:00:00,336
SLA000337,WO003326,C010,SV1,A004,P2,20250611,20250612,20250613,24,47.36,False,23.36,project_fact_sla_export.csv,2026-06-23T00:00:00,337
SLA000338,WO002439,C017,SV2,A004,P2,20250102,20250103,20250103,24,13.26,True,0.0,project_fact_sla_export.csv,2026-06-23T00:00:00,338
SLA000339,WO002925,C007,SV1,A005,P4,20250211,20250216,20250214,120,61.24,True,0.0,project_fact_sla_export.csv,2026-06-23T00:00:00,339
SLA000340,WO000073,C001,SV3,A005,P2,20250516,20250517,20250517,24,14.6,True,0.0,project_fact_sla_export.csv,2026-06-23T00:00:00,340
SLA000341,WO002626,C006,SV8,A006,P4,20250514,20250519,20250519,120,101.57,True,0.0,project_fact_sla_export.csv,2026-06-23T00:00:00,341
SLA000342,WO000583,C004,SV7,A004,P4,20250511,20250516,20250514,120,68.0,True,0.0,project_fact_sla_export.csv,2026-06-23T00:00:00,342
SLA000343,WO004013,C007,SV2,A005,P4,20250303,20250308,20250308,120,110.9,True,0.0,project_fact_sla_export.csv,2026-06-23T00:00:00,343
SLA000344,WO001321,C012,SV7,A002,P3,20250410,20250413,20250412,72,47.19,True,0.0,project_fact_sla_export.csv,2026-06-23T00:00:00,344
SLA000345,WO004461,C010,SV4,A003,P4,20250408,20250413,20250412,120,83.37,True,0.0,project_fact_sla_export.csv,2026-06-23T00:00:00,345
SLA000346,WO001607,C018,SV6,A003,P2,20250525,20250526,20250527,24,26.75,False,2.75,project_fact_sla_export.csv,2026-06-23T00:00:00,346
SLA000347,WO001933,C016,SV8,A006,P3,20250119,20250122,20250122,72,48.2,True,0.0,project_fact_sla_export.csv,2026-06-23T00:00:00,347
SLA000348,WO002753,C002,SV7,A006,P3,20250205,20250208,20250207,72,42.22,True,0.0,project_fact_sla_export.csv,2026-06-23T00:00:00,348
SLA000349,WO004722,C009,SV8,A002,P2,20250216,20250217,20250217,24,12.34,True,0.0,project_fact_sla_export.csv,2026-06-23T00:00:00,349
SLA000350,WO004030,C005,SV2,A005,P3,20250113,20250116,20250115,72,38.88,True,0.0,project_fact_sla_export.csv,2026-06-23T00:00:00,350
SLA000351,WO004802,C010,SV4,A006,P3,20250612,20250615,20250615,72,65.21,True,0.0,project_fact_sla_export.csv,2026-06-23T00:00:00,351
SLA000352,WO000953,C001,SV8,A001,P3,20250616,20250619,20250618,72,29.13,True,0.0,project_fact_sla_export.csv,2026-06-23T00:00:00,352
SLA000353,WO000773,C015,SV4,A004,P4,20250413,20250418,20250424,120,260.4,False,140.4,project_fact_sla_export.csv,2026-06-23T00:00:00,353
SLA000354,WO000477,C008,SV1,A003,P3,20250411,20250414,20250413,72,30.23,True,0.0,project_fact_sla_export.csv,2026-06-23T00:00:00,354
SLA000355,WO004199,C007,SV2,A003,P3,20250201,20250204,20250204,72,66.45,True,0.0,project_fact_sla_export.csv,2026-06-23T00:00:00,355
SLA000356,WO003805,C010,SV8,A004,P3,20250326,20250329,20250328,72,28.17,True,0.0,project_fact_sla_export.csv,2026-06-23T00:00:00,356
SLA000357,WO004624,C007,SV6,A005,P3,20250326,20250329,20250329,72,61.53,True,0.0,project_fact_sla_export.csv,2026-06-23T00:00:00,357
SLA000358,WO003668,C019,SV4,A005,P3,20250131,20250203,20250202,72,34.19,True,0.0,project_fact_sla_export.csv,2026-06-23T00:00:00,358
SLA000359,WO003851,C017,SV2,A005,P3,20250313,20250316,20250316,72,50.69,True,0.0,project_fact_sla_export.csv,2026-06-23T00:00:00,359
SLA000360,WO003034,C003,SV3,A005,P3,20250624,20250627,20250626,72,39.2,True,0.0,project_fact_sla_export.csv,2026-06-23T00:00:00,360
SLA000361,WO003316,C020,SV2,A003,P2,20250612,20250613,20250614,24,26.02,False,2.02,project_fact_sla_export.csv,2026-06-23T00:00:00,361
SLA000362,WO002367,C018,SV2,A005,P4,20250121,20250126,20250123,120,43.91,True,0.0,project_fact_sla_export.csv,2026-06-23T00:00:00,362
SLA000363,WO000835,C019,SV7,A002,P1,20250228,20250228,20250301,8,2.59,True,0.0,project_fact_sla_export.csv,2026-06-23T00:00:00,363
SLA000364,WO001138,C006,SV3,A004,P2,20250309,20250310,20250310,24,17.65,True,0.0,project_fact_sla_export.csv,2026-06-23T00:00:00,364
SLA000365,WO000430,C005,SV1,A003,P4,20250510,20250515,20250512,120,27.19,True,0.0,project_fact_sla_export.csv,2026-06-23T00:00:00,365
SLA000366,WO002229,C009,SV5,A001,P1,20250516,20250516,20250517,8,7.24,True,0.0,project_fact_sla_export.csv,2026-06-23T00:00:00,366
SLA000367,WO003049,C019,SV5,A005,P2,20250429,20250430,20250430,24,19.17,True,0.0,project_fact_sla_export.csv,2026-06-23T00:00:00,367
SLA000368,WO001621,C011,SV6,A005,P4,20250611,20250616,20250615,120,77.29,True,0.0,project_fact_sla_export.csv,2026-06-23T00:00:00,368
SLA000369,WO003910,C006,SV6,A006,P1,20250518,20250518,20250519,8,7.1,True,0.0,project_fact_sla_export.csv,2026-06-23T00:00:00,369
SLA000370,WO003343,C012,SV8,A002,P3,20250628,20250701,20250630,72,38.03,True,0.0,project_fact_sla_export.csv,2026-06-23T00:00:00,370
SLA000371,WO004301,C004,SV7,A003,P2,20250213,20250214,20250214,24,19.56,True,0.0,project_fact_sla_export.csv,2026-06-23T00:00:00,371
SLA000372,WO003045,C013,SV6,A004,P3,20250327,20250330,20250329,72,39.61,True,0.0,project_fact_sla_export.csv,2026-06-23T00:00:00,372
SLA000373,WO000816,C009,SV6,A006,P4,20250604,20250609,20250608,120,85.59,True,0.0,project_fact_sla_export.csv,2026-06-23T00:00:00,373
SLA000374,WO000628,C004,SV2,A005,P3,20250501,20250504,20250503,72,40.38,True,0.0,project_fact_sla_export.csv,2026-06-23T00:00:00,374
SLA000375,WO002203,C017,SV5,A005,P2,20250210,20250211,20250211,24,15.11,True,0.0,project_fact_sla_export.csv,2026-06-23T00:00:00,375
SLA000376,WO002123,C011,SV4,A005,P4,20250427,20250502,20250430,120,69.11,True,0.0,project_fact_sla_export.csv,2026-06-23T00:00:00,376
SLA000377,WO002561,C003,SV3,A002,P3,20250228,20250303,20250304,72,85.43,False,13.43,project_fact_sla_export.csv,2026-06-23T00:00:00,377
SLA000378,WO004474,C013,SV6,A003,P1,20250204,20250204,20250205,8,3.89,True,0.0,project_fact_sla_export.csv,2026-06-23T00:00:00,378
SLA000379,WO001929,C003,SV2,A004,P1,20250330,20250330,20250331,8,2.77,True,0.0,project_fact_sla_export.csv,2026-06-23T00:00:00,379
SLA000380,WO001873,C010,SV5,A005,P2,20250104,20250105,20250106,24,34.4,False,10.4,project_fact_sla_export.csv,2026-06-23T00:00:00,380
SLA000381,WO001615,C017,SV5,A006,P2,20250425,20250426,20250426,24,13.28,True,0.0,project_fact_sla_export.csv,2026-06-23T00:00:00,381
SLA000382,WO000358,C005,SV6,A001,P3,20250201,20250204,20250204,72,63.0,True,0.0,project_fact_sla_export.csv,2026-06-23T00:00:00,382
SLA000383,WO002951,C016,SV3,A002,P3,20250316,20250319,20250324,72,169.21,False,97.21,project_fact_sla_export.csv,2026-06-23T00:00:00,383
SLA000384,WO001610,C002,SV8,A005,P3,20250228,20250303,20250301,72,22.12,True,0.0,project_fact_sla_export.csv,2026-06-23T00:00:00,384
SLA000385,WO003624,C014,SV8,A004,P1,20250401,20250401,20250402,8,11.58,False,3.58,project_fact_sla_export.csv,2026-06-23T00:00:00,385
SLA000386,WO002527,C018,SV4,A003,P4,20250301,20250306,20250304,120,69.67,True,0.0,project_fact_sla_export.csv,2026-06-23T00:00:00,386
SLA000387,WO003693,C014,SV5,A004,P3,20250617,20250620,20250622,72,115.84,False,43.84,project_fact_sla_export.csv,2026-06-23T00:00:00,387
SLA000388,WO004906,C018,SV2,A002,P4,20250624,20250629,20250630,120,176.95,False,56.95,project_fact_sla_export.csv,2026-06-23T00:00:00,388
SLA000389,WO000316,C001,SV5,A005,P3,20250507,20250510,20250509,72,47.51,True,0.0,project_fact_sla_export.csv,2026-06-23T00:00:00,389
SLA000390,WO001376,C008,SV7,A004,P2,20250607,20250608,20250608,24,11.08,True,0.0,project_fact_sla_export.csv,2026-06-23T00:00:00,390
SLA000391,WO003599,C003,SV7,A003,P3,20250505,20250508,20250507,72,30.67,True,0.0,project_fact_sla_export.csv,2026-06-23T00:00:00,391
SLA000392,WO001793,C012,SV7,A005,P3,20250208,20250211,20250210,72,30.83,True,0.0,project_fact_sla_export.csv,2026-06-23T00:00:00,392
SLA000393,WO003772,C002,SV6,A002,P2,20250501,20250502,20250503,24,30.99,False,6.99,project_fact_sla_export.csv,2026-06-23T00:00:00,393
SLA000394,WO001511,C002,SV1,A005,P2,20250119,20250120,20250120,24,8.92,True,0.0,project_fact_sla_export.csv,2026-06-23T00:00:00,394
SLA000395,WO002171,C002,SV8,A001,P1,20250116,20250116,20250117,8,11.9,False,3.9,project_fact_sla_export.csv,2026-06-23T00:00:00,395
SLA000396,WO000699,C011,SV8,A001,P1,20250623,20250623,20250624,8,8.18,False,0.18,project_fact_sla_export.csv,2026-06-23T00:00:00,396
SLA000397,WO000403,C017,SV7,A004,P2,20250218,20250219,20250219,24,15.98,True,0.0,project_fact_sla_export.csv,2026-06-23T00:00:00,397
SLA000398,WO000947,C010,SV4,A006,P3,20250212,20250215,20250216,72,72.37,False,0.37,project_fact_sla_export.csv,2026-06-23T00:00:00,398
SLA000399,WO003283,C005,SV5,A004,P2,20250424,20250425,20250425,24,22.38,True,0.0,project_fact_sla_export.csv,2026-06-23T00:00:00,399
SLA000400,WO003368,C008,SV1,A004,P2,20250302,20250303,20250303,24,21.08,True,0.0,project_fact_sla_export.csv,2026-06-23T00:00:00,400
SLA000401,WO004580,C016,SV3,A005,P3,20250613,20250616,20250615,72,43.27,True,0.0,project_fact_sla_export.csv,2026-06-23T00:00:00,401
SLA000402,WO000321,C006,SV1,A004,P2,20250206,20250207,20250207,24,15.96,True,0.0,project_fact_sla_export.csv,2026-06-23T00:00:00,402
SLA000403,WO004957,C012,SV3,A004,P3,20250424,20250427,20250426,72,35.89,True,0.0,project_fact_sla_export.csv,2026-06-23T00:00:00,403
SLA000404,WO000945,C010,SV4,A003,P2,20250324,20250325,20250325,24,18.13,True,0.0,project_fact_sla_export.csv,2026-06-23T00:00:00,404
SLA000405,WO000516,C005,SV3,A004,P2,20250422,20250423,20250423,24,9.29,True,0.0,project_fact_sla_export.csv,2026-06-23T00:00:00,405
SLA000406,WO004782,C014,SV5,A001,P3,20250415,20250418,20250421,72,127.6,False,55.6,project_fact_sla_export.csv,2026-06-23T00:00:00,406
SLA000407,WO000104,C010,SV5,A001,P2,20250508,20250509,20250509,24,9.26,True,0.0,project_fact_sla_export.csv,2026-06-23T00:00:00,407
SLA000408,WO004901,C012,SV4,A004,P3,20250123,20250126,20250125,72,32.93,True,0.0,project_fact_sla_export.csv,2026-06-23T00:00:00,408
SLA000409,WO000062,C004,SV5,A001,P3,20250610,20250613,20250616,72,121.11,False,49.11,project_fact_sla_export.csv,2026-06-23T00:00:00,409
SLA000410,WO003042,C003,SV3,A001,P3,20250427,20250430,20250501,72,91.58,False,19.58,project_fact_sla_export.csv,2026-06-23T00:00:00,410
SLA000411,WO004035,C002,SV8,A003,P3,20250422,20250425,20250427,72,99.07,False,27.07,project_fact_sla_export.csv,2026-06-23T00:00:00,411
SLA000412,WO001084,C007,SV7,A002,P2,20250425,20250426,20250426,24,10.94,True,0.0,project_fact_sla_export.csv,2026-06-23T00:00:00,412
SLA000413,WO001959,C004,SV5,A002,P3,20250615,20250618,20250617,72,44.25,True,0.0,project_fact_sla_export.csv,2026-06-23T00:00:00,413
SLA000414,WO002861,C001,SV2,A003,P2,20250211,20250212,20250212,24,17.75,True,0.0,project_fact_sla_export.csv,2026-06-23T00:00:00,414
SLA000415,WO004671,C004,SV2,A003,P3,20250426,20250429,20250428,72,36.75,True,0.0,project_fact_sla_export.csv,2026-06-23T00:00:00,415
SLA000416,WO001390,C015,SV4,A003,P2,20250510,20250511,20250511,24,20.48,True,0.0,project_fact_sla_export.csv,2026-06-23T00:00:00,416
SLA000417,WO004989,C013,SV2,A006,P3,20250423,20250426,20250425,72,47.85,True,0.0,project_fact_sla_export.csv,2026-06-23T00:00:00,417
SLA000418,WO003863,C007,SV1,A006,P2,20250105,20250106,20250106,24,14.59,True,0.0,project_fact_sla_export.csv,2026-06-23T00:00:00,418
SLA000419,WO001111,C006,SV7,A003,P3,20250124,20250127,20250126,72,42.82,True,0.0,project_fact_sla_export.csv,2026-06-23T00:00:00,419
SLA000420,WO000347,C002,SV2,A006,P4,20250131,20250205,20250203,120,54.45,True,0.0,project_fact_sla_export.csv,2026-06-23T00:00:00,420
SLA000421,WO001333,C013,SV4,A001,P1,20250424,20250424,20250425,8,10.15,False,2.15,project_fact_sla_export.csv,2026-06-23T00:00:00,421
SLA000422,WO004994,C004,SV7,A005,P1,20250429,20250429,20250430,8,5.55,True,0.0,project_fact_sla_export.csv,2026-06-23T00:00:00,422
SLA000423,WO002329,C004,SV4,A005,P3,20250625,20250628,20250628,72,48.16,True,0.0,project_fact_sla_export.csv,2026-06-23T00:00:00,423
SLA000424,WO004243,C011,SV3,A002,P4,20250616,20250621,20250620,120,75.55,True,0.0,project_fact_sla_export.csv,2026-06-23T00:00:00,424
SLA000425,WO002337,C005,SV1,A003,P2,20250314,20250315,20250315,24,18.55,True,0.0,project_fact_sla_export.csv,2026-06-23T00:00:00,425
SLA000426,WO000954,C007,SV5,A005,P3,20250508,20250511,20250510,72,25.49,True,0.0,project_fact_sla_export.csv,2026-06-23T00:00:00,426
SLA000427,WO000046,C019,SV1,A005,P2,20250107,20250108,20250108,24,20.09,True,0.0,project_fact_sla_export.csv,2026-06-23T00:00:00,427
SLA000428,WO003875,C003,SV4,A003,P2,20250617,20250618,20250618,24,14.49,True,0.0,project_fact_sla_export.csv,2026-06-23T00:00:00,428
SLA000429,WO001262,C010,SV3,A005,P3,20250427,20250430,20250430,72,51.83,True,0.0,project_fact_sla_export.csv,2026-06-23T00:00:00,429
SLA000430,WO003997,C005,SV7,A004,P3,20250409,20250412,20250411,72,46.04,True,0.0,project_fact_sla_export.csv,2026-06-23T00:00:00,430
SLA000431,WO001094,C013,SV2,A004,P4,20250601,20250606,20250604,120,70.68,True,0.0,project_fact_sla_export.csv,2026-06-23T00:00:00,431
SLA000432,WO002070,C014,SV4,A005,P4,20250507,20250512,20250519,120,283.52,False,163.52,project_fact_sla_export.csv,2026-06-23T00:00:00,432
SLA000433,WO004407,C002,SV2,A006,P3,20250505,20250508,20250508,72,64.08,True,0.0,project_fact_sla_export.csv,2026-06-23T00:00:00,433
SLA000434,WO000003,C013,SV6,A001,P3,20250201,20250204,20250204,72,54.16,True,0.0,project_fact_sla_export.csv,2026-06-23T00:00:00,434
SLA000435,WO004331,C005,SV3,A003,P2,20250319,20250320,20250320,24,17.41,True,0.0,project_fact_sla_export.csv,2026-06-23T00:00:00,435
SLA000436,WO004581,C016,SV2,A003,P4,20250430,20250505,20250507,120,147.58,False,27.58,project_fact_sla_export.csv,2026-06-23T00:00:00,436
SLA000437,WO003418,C010,SV1,A003,P3,20250604,20250607,20250606,72,44.73,True,0.0,project_fact_sla_export.csv,2026-06-23T00:00:00,437
SLA000438,WO003986,C001,SV2,A004,P2,20250529,20250530,20250601,24,51.94,False,27.94,project_fact_sla_export.csv,2026-06-23T00:00:00,438
SLA000439,WO003274,C016,SV1,A002,P2,20250501,20250502,20250503,24,25.16,False,1.16,project_fact_sla_export.csv,2026-06-23T00:00:00,439
SLA000440,WO004129,C017,SV7,A005,P3,20250609,20250612,20250614,72,98.32,False,26.32,project_fact_sla_export.csv,2026-06-23T00:00:00,440
SLA000441,WO000994,C015,SV7,A003,P3,20250512,20250515,20250516,72,72.82,False,0.82,project_fact_sla_export.csv,2026-06-23T00:00:00,441
SLA000442,WO003359,C020,SV3,A002,P4,20250425,20250430,20250503,120,180.74,False,60.74,project_fact_sla_export.csv,2026-06-23T00:00:00,442
SLA000443,WO000028,C017,SV7,A001,P3,20250417,20250420,20250422,72,109.09,False,37.09,project_fact_sla_export.csv,2026-06-23T00:00:00,443
SLA000444,WO000691,C002,SV6,A003,P1,20250324,20250324,20250325,8,2.76,True,0.0,project_fact_sla_export.csv,2026-06-23T00:00:00,444
SLA000445,WO001733,C002,SV5,A003,P1,20250508,20250508,20250509,8,12.71,False,4.71,project_fact_sla_export.csv,2026-06-23T00:00:00,445
SLA000446,WO003881,C013,SV3,A005,P4,20250122,20250127,20250128,120,141.56,False,21.56,project_fact_sla_export.csv,2026-06-23T00:00:00,446
SLA000447,WO004455,C011,SV5,A005,P2,20250415,20250416,20250416,24,9.61,True,0.0,project_fact_sla_export.csv,2026-06-23T00:00:00,447
SLA000448,WO004112,C010,SV5,A004,P3,20250109,20250112,20250111,72,41.7,True,0.0,project_fact_sla_export.csv,2026-06-23T00:00:00,448
SLA000449,WO000325,C017,SV8,A003,P2,20250520,20250521,20250521,24,11.63,True,0.0,project_fact_sla_export.csv,2026-06-23T00:00:00,449
SLA000450,WO002710,C003,SV3,A004,P2,20250530,20250531,20250602,24,51.7,False,27.7,project_fact_sla_export.csv,2026-06-23T00:00:00,450
SLA000451,WO002598,C005,SV4,A006,P2,20250521,20250522,20250522,24,6.79,True,0.0,project_fact_sla_export.csv,2026-06-23T00:00:00,451
SLA000452,WO004389,C018,SV6,A006,P3,20250415,20250418,20250418,72,63.0,True,0.0,project_fact_sla_export.csv,2026-06-23T00:00:00,452
SLA000453,WO000312,C002,SV1,A004,P3,20250405,20250408,20250407,72,33.09,True,0.0,project_fact_sla_export.csv,2026-06-23T00:00:00,453
SLA000454,WO004786,C012,SV3,A005,P4,20250102,20250107,20250107,120,107.17,True,0.0,project_fact_sla_export.csv,2026-06-23T00:00:00,454
SLA000455,WO003355,C012,SV5,A005,P3,20250218,20250221,20250222,72,79.95,False,7.95,project_fact_sla_export.csv,2026-06-23T00:00:00,455
SLA000456,WO000049,C009,SV6,A005,P3,20250430,20250503,20250504,72,93.59,False,21.59,project_fact_sla_export.csv,2026-06-23T00:00:00,456
SLA000457,WO003193,C013,SV6,A004,P2,20250527,20250528,20250528,24,22.43,True,0.0,project_fact_sla_export.csv,2026-06-23T00:00:00,457
SLA000458,WO004036,C003,SV1,A005,P1,20250402,20250402,20250403,8,15.93,False,7.93,project_fact_sla_export.csv,2026-06-23T00:00:00,458
SLA000459,WO003329,C015,SV5,A006,P3,20250615,20250618,20250617,72,43.6,True,0.0,project_fact_sla_export.csv,2026-06-23T00:00:00,459
SLA000460,WO002619,C012,SV1,A004,P3,20250311,20250314,20250314,72,66.49,True,0.0,project_fact_sla_export.csv,2026-06-23T00:00:00,460
SLA000461,WO000079,C007,SV8,A005,P3,20250610,20250613,20250612,72,34.31,True,0.0,project_fact_sla_export.csv,2026-06-23T00:00:00,461
SLA000462,WO004582,C007,SV4,A004,P1,20250512,20250512,20250513,8,4.58,True,0.0,project_fact_sla_export.csv,2026-06-23T00:00:00,462
SLA000463,WO000747,C002,SV8,A005,P3,20250520,20250523,20250524,72,73.71,False,1.71,project_fact_sla_export.csv,2026-06-23T00:00:00,463
SLA000464,WO004276,C006,SV3,A006,P1,20250613,20250613,20250614,8,9.35,False,1.35,project_fact_sla_export.csv,2026-06-23T00:00:00,464
SLA000465,WO003249,C011,SV3,A006,P3,20250208,20250211,20250210,72,36.51,True,0.0,project_fact_sla_export.csv,2026-06-23T00:00:00,465
SLA000466,WO004807,C006,SV8,A002,P3,20250602,20250605,20250605,72,51.42,True,0.0,project_fact_sla_export.csv,2026-06-23T00:00:00,466
SLA000467,WO003852,C005,SV6,A004,P2,20250503,20250504,20250504,24,18.56,True,0.0,project_fact_sla_export.csv,2026-06-23T00:00:00,467
SLA000468,WO002255,C011,SV6,A004,P4,20250111,20250116,20250115,120,76.01,True,0.0,project_fact_sla_export.csv,2026-06-23T00:00:00,468
SLA000469,WO003352,C011,SV3,A003,P3,20250521,20250524,20250523,72,44.6,True,0.0,project_fact_sla_export.csv,2026-06-23T00:00:00,469
SLA000470,WO004031,C006,SV8,A005,P2,20250321,20250322,20250322,24,10.97,True,0.0,project_fact_sla_export.csv,2026-06-23T00:00:00,470
SLA000471,WO003532,C019,SV6,A001,P3,20250203,20250206,20250211,72,169.36,False,97.36,project_fact_sla_export.csv,2026-06-23T00:00:00,471
SLA000472,WO000592,C012,SV7,A002,P1,20250517,20250517,20250518,8,8.9,False,0.9,project_fact_sla_export.csv,2026-06-23T00:00:00,472
SLA000473,WO000215,C003,SV3,A005,P3,20250221,20250224,20250224,72,48.32,True,0.0,project_fact_sla_export.csv,2026-06-23T00:00:00,473
SLA000474,WO001791,C004,SV8,A005,P3,20250625,20250628,20250629,72,80.67,False,8.67,project_fact_sla_export.csv,2026-06-23T00:00:00,474
SLA000475,WO000395,C005,SV8,A003,P2,20250626,20250627,20250627,24,21.68,True,0.0,project_fact_sla_export.csv,2026-06-23T00:00:00,475
SLA000476,WO000088,C020,SV4,A004,P2,20250618,20250619,20250620,24,31.12,False,7.12,project_fact_sla_export.csv,2026-06-23T00:00:00,476
SLA000477,WO004069,C018,SV7,A001,P3,20250603,20250606,20250607,72,84.08,False,12.08,project_fact_sla_export.csv,2026-06-23T00:00:00,477
SLA000478,WO001938,C014,SV5,A001,P3,20250628,20250701,20250630,72,87.09,False,15.09,project_fact_sla_export.csv,2026-06-23T00:00:00,478
SLA000479,WO004006,C018,SV4,A004,P1,20250313,20250313,20250314,8,9.41,False,1.41,project_fact_sla_export.csv,2026-06-23T00:00:00,479
SLA000480,WO004578,C015,SV3,A002,P2,20250425,20250426,20250426,24,8.42,True,0.0,project_fact_sla_export.csv,2026-06-23T00:00:00,480
SLA000481,WO002369,C013,SV2,A003,P3,20250517,20250520,20250518,72,17.43,True,0.0,project_fact_sla_export.csv,2026-06-23T00:00:00,481
SLA000482,WO004207,C010,SV4,A004,P2,20250317,20250318,20250319,24,24.64,False,0.64,project_fact_sla_export.csv,2026-06-23T00:00:00,482
SLA000483,WO002041,C007,SV4,A005,P2,20250122,20250123,20250123,24,22.44,True,0.0,project_fact_sla_export.csv,2026-06-23T00:00:00,483
SLA000484,WO002199,C014,SV7,A004,P3,20250129,20250201,20250131,72,36.98,True,0.0,project_fact_sla_export.csv,2026-06-23T00:00:00,484
SLA000485,WO003847,C008,SV3,A006,P4,20250407,20250412,20250412,120,101.93,True,0.0,project_fact_sla_export.csv,2026-06-23T00:00:00,485
SLA000486,WO000257,C013,SV7,A006,P3,20250318,20250321,20250319,72,20.77,True,0.0,project_fact_sla_export.csv,2026-06-23T00:00:00,486
SLA000487,WO002821,C010,SV6,A002,P3,20250610,20250613,20250614,72,72.74,False,0.74,project_fact_sla_export.csv,2026-06-23T00:00:00,487
SLA000488,WO004456,C010,SV6,A005,P3,20250401,20250404,20250403,72,42.82,True,0.0,project_fact_sla_export.csv,2026-06-23T00:00:00,488
SLA000489,WO004604,C011,SV7,A003,P3,20250507,20250510,20250510,72,48.08,True,0.0,project_fact_sla_export.csv,2026-06-23T00:00:00,489
SLA000490,WO004444,C014,SV8,A001,P4,20250321,20250326,20250324,120,67.54,True,0.0,project_fact_sla_export.csv,2026-06-23T00:00:00,490
SLA000491,WO003680,C006,SV7,A004,P4,20250301,20250306,20250304,120,64.94,True,0.0,project_fact_sla_export.csv,2026-06-23T00:00:00,491
SLA000492,WO003171,C017,SV5,A001,P4,20250501,20250506,20250503,120,36.19,True,0.0,project_fact_sla_export.csv,2026-06-23T00:00:00,492
SLA000493,WO001452,C018,SV2,A003,P3,20250212,20250215,20250214,72,28.55,True,0.0,project_fact_sla_export.csv,2026-06-23T00:00:00,493
SLA000494,WO004187,C010,SV2,A006,P3,20250317,20250320,20250319,72,43.15,True,0.0,project_fact_sla_export.csv,2026-06-23T00:00:00,494
SLA000495,WO003453,C016,SV6,A004,P4,20250303,20250308,20250307,120,82.75,True,0.0,project_fact_sla_export.csv,2026-06-23T00:00:00,495
SLA000496,WO002426,C005,SV4,A003,P2,20250118,20250119,20250120,24,28.83,False,4.83,project_fact_sla_export.csv,2026-06-23T00:00:00,496
SLA000497,WO001954,C010,SV7,A003,P3,20250327,20250330,20250329,72,42.04,True,0.0,project_fact_sla_export.csv,2026-06-23T00:00:00,497
SLA000498,WO000952,C007,SV7,A005,P2,20250409,20250410,20250410,24,6.83,True,0.0,project_fact_sla_export.csv,2026-06-23T00:00:00,498
SLA000499,WO002801,C019,SV2,A005,P3,20250519,20250522,20250522,72,48.04,True,0.0,project_fact_sla_export.csv,2026-06-23T00:00:00,499
SLA000500,WO003690,C015,SV4,A005,P2,20250221,20250222,20250222,24,9.06,True,0.0,project_fact_sla_export.csv,2026-06-23T00:00:00,500
SLA000501,WO003356,C009,SV1,A004,P4,20250124,20250129,20250127,120,64.77,True,0.0,project_fact_sla_export.csv,2026-06-23T00:00:00,501
SLA000502,WO004937,C004,SV1,A001,P4,20250603,20250608,20250610,120,148.67,False,28.67,project_fact_sla_export.csv,2026-06-23T00:00:00,502
SLA000503,WO000951,C015,SV6,A005,P4,20250410,20250415,20250414,120,87.57,True,0.0,project_fact_sla_export.csv,2026-06-23T00:00:00,503
SLA000504,WO003270,C001,SV4,A005,P1,20250519,20250519,20250520,8,3.08,True,0.0,project_fact_sla_export.csv,2026-06-23T00:00:00,504
SLA000505,WO001503,C019,SV6,A005,P4,20250403,20250408,20250410,120,150.77,False,30.77,project_fact_sla_export.csv,2026-06-23T00:00:00,505
SLA000506,WO000485,C007,SV8,A006,P2,20250408,20250409,20250410,24,30.88,False,6.88,project_fact_sla_export.csv,2026-06-23T00:00:00,506
SLA000507,WO001736,C020,SV1,A004,P4,20250522,20250527,20250529,120,158.09,False,38.09,project_fact_sla_export.csv,2026-06-23T00:00:00,507
SLA000508,WO003904,C009,SV8,A003,P2,20250525,20250526,20250526,24,13.03,True,0.0,project_fact_sla_export.csv,2026-06-23T00:00:00,508
SLA000509,WO003389,C008,SV7,A005,P4,20250614,20250619,20250617,120,54.78,True,0.0,project_fact_sla_export.csv,2026-06-23T00:00:00,509
SLA000510,WO004639,C009,SV1,A006,P3,20250108,20250111,20250110,72,38.59,True,0.0,project_fact_sla_export.csv,2026-06-23T00:00:00,510
SLA000511,WO002213,C016,SV2,A005,P3,20250624,20250627,20250626,72,47.19,True,0.0,project_fact_sla_export.csv,2026-06-23T00:00:00,511
SLA000512,WO003066,C005,SV1,A003,P2,20250311,20250312,20250312,24,12.35,True,0.0,project_fact_sla_export.csv,2026-06-23T00:00:00,512
SLA000513,WO003212,C015,SV1,A006,P4,20250624,20250629,20250628,120,72.25,True,0.0,project_fact_sla_export.csv,2026-06-23T00:00:00,513
SLA000514,WO003630,C018,SV1,A003,P3,20250319,20250322,20250321,72,45.15,True,0.0,project_fact_sla_export.csv,2026-06-23T00:00:00,514
SLA000515,WO000838,C007,SV3,A001,P3,20250411,20250414,20250418,72,167.03,False,95.03,project_fact_sla_export.csv,2026-06-23T00:00:00,515
SLA000516,WO002624,C007,SV3,A005,P2,20250313,20250314,20250314,24,15.52,True,0.0,project_fact_sla_export.csv,2026-06-23T00:00:00,516
SLA000517,WO004876,C016,SV6,A001,P1,20250415,20250415,20250416,8,2.47,True,0.0,project_fact_sla_export.csv,2026-06-23T00:00:00,517
SLA000518,WO001645,C007,SV1,A004,P4,20250225,20250302,20250301,120,94.46,True,0.0,project_fact_sla_export.csv,2026-06-23T00:00:00,518
SLA000519,WO000487,C004,SV6,A002,P3,20250210,20250213,20250212,72,34.14,True,0.0,project_fact_sla_export.csv,2026-06-23T00:00:00,519
SLA000520,WO003897,C014,SV4,A006,P2,20250527,20250528,20250528,24,8.74,True,0.0,project_fact_sla_export.csv,2026-06-23T00:00:00,520
SLA000521,WO002902,C020,SV2,A004,P3,20250301,20250304,20250303,72,36.2,True,0.0,project_fact_sla_export.csv,2026-06-23T00:00:00,521
SLA000522,WO000900,C004,SV6,A001,P2,20250603,20250604,20250604,24,15.95,True,0.0,project_fact_sla_export.csv,2026-06-23T00:00:00,522
SLA000523,WO003346,C016,SV1,A005,P3,20250508,20250511,20250512,72,82.88,False,10.88,project_fact_sla_export.csv,2026-06-23T00:00:00,523
SLA000524,WO004203,C010,SV4,A003,P2,20250502,20250503,20250503,24,18.67,True,0.0,project_fact_sla_export.csv,2026-06-23T00:00:00,524
SLA000525,WO000789,C016,SV2,A001,P4,20250211,20250216,20250215,120,73.57,True,0.0,project_fact_sla_export.csv,2026-06-23T00:00:00,525
SLA000526,WO002194,C002,SV5,A005,P3,20250512,20250515,20250515,72,58.23,True,0.0,project_fact_sla_export.csv,2026-06-23T00:00:00,526
SLA000527,WO000324,C016,SV4,A003,P4,20250618,20250623,20250623,120,115.94,True,0.0,project_fact_sla_export.csv,2026-06-23T00:00:00,527
SLA000528,WO000806,C006,SV1,A005,P1,20250605,20250605,20250606,8,4.92,True,0.0,project_fact_sla_export.csv,2026-06-23T00:00:00,528
SLA000529,WO004507,C015,SV4,A005,P3,20250627,20250630,20250630,72,112.22,False,40.22,project_fact_sla_export.csv,2026-06-23T00:00:00,529
SLA000530,WO004119,C017,SV4,A002,P2,20250607,20250608,20250608,24,11.16,True,0.0,project_fact_sla_export.csv,2026-06-23T00:00:00,530
SLA000531,WO000371,C009,SV6,A001,P1,20250404,20250404,20250405,8,8.95,False,0.95,project_fact_sla_export.csv,2026-06-23T00:00:00,531
SLA000532,WO004968,C004,SV7,A003,P3,20250623,20250626,20250628,72,106.46,False,34.46,project_fact_sla_export.csv,2026-06-23T00:00:00,532
SLA000533,WO004257,C012,SV3,A004,P1,20250429,20250429,20250430,8,9.39,False,1.39,project_fact_sla_export.csv,2026-06-23T00:00:00,533
SLA000534,WO004315,C012,SV3,A004,P2,20250603,20250604,20250605,24,25.59,False,1.59,project_fact_sla_export.csv,2026-06-23T00:00:00,534
SLA000535,WO001928,C006,SV8,A003,P2,20250422,20250423,20250423,24,5.31,True,0.0,project_fact_sla_export.csv,2026-06-23T00:00:00,535
SLA000536,WO001231,C016,SV3,A006,P3,20250515,20250518,20250517,72,30.58,True,0.0,project_fact_sla_export.csv,2026-06-23T00:00:00,536
SLA000537,WO000115,C001,SV5,A005,P3,20250107,20250110,20250109,72,47.37,True,0.0,project_fact_sla_export.csv,2026-06-23T00:00:00,537
SLA000538,WO000913,C009,SV7,A004,P4,20250507,20250512,20250515,120,170.74,False,50.74,project_fact_sla_export.csv,2026-06-23T00:00:00,538
SLA000539,WO004759,C018,SV8,A006,P3,20250507,20250510,20250510,72,57.86,True,0.0,project_fact_sla_export.csv,2026-06-23T00:00:00,539
SLA000540,WO003711,C016,SV1,A004,P3,20250115,20250118,20250118,72,69.06,True,0.0,project_fact_sla_export.csv,2026-06-23T00:00:00,540
SLA000541,WO000368,C002,SV1,A006,P1,20250530,20250530,20250531,8,6.52,True,0.0,project_fact_sla_export.csv,2026-06-23T00:00:00,541
SLA000542,WO000666,C019,SV6,A003,P1,20250201,20250201,20250202,8,5.09,True,0.0,project_fact_sla_export.csv,2026-06-23T00:00:00,542
SLA000543,WO004371,C018,SV7,A005,P2,20250520,20250521,20250521,24,9.22,True,0.0,project_fact_sla_export.csv,2026-06-23T00:00:00,543
SLA000544,WO004268,C006,SV8,A002,P3,20250430,20250503,20250501,72,19.97,True,0.0,project_fact_sla_export.csv,2026-06-23T00:00:00,544
SLA000545,WO002071,C001,SV4,A005,P4,20250530,20250604,20250608,120,199.02,False,79.02,project_fact_sla_export.csv,2026-06-23T00:00:00,545
SLA000546,WO003164,C007,SV4,A005,P3,20250411,20250414,20250415,72,85.29,False,13.29,project_fact_sla_export.csv,2026-06-23T00:00:00,546
SLA000547,WO004004,C005,SV5,A005,P1,20250516,20250516,20250517,8,9.32,False,1.32,project_fact_sla_export.csv,2026-06-23T00:00:00,547
SLA000548,WO003820,C011,SV6,A006,P3,20250222,20250225,20250224,72,24.06,True,0.0,project_fact_sla_export.csv,2026-06-23T00:00:00,548
SLA000549,WO003439,C016,SV7,A002,P4,20250424,20250429,20250427,120,58.92,True,0.0,project_fact_sla_export.csv,2026-06-23T00:00:00,549
SLA000550,WO004945,C003,SV5,A004,P3,20250412,20250415,20250414,72,29.98,True,0.0,project_fact_sla_export.csv,2026-06-23T00:00:00,550
SLA000551,WO000990,C014,SV6,A005,P3,20250108,20250111,20250112,72,87.01,False,15.01,project_fact_sla_export.csv,2026-06-23T00:00:00,551
SLA000552,WO000858,C012,SV4,A003,P3,20250201,20250204,20250203,72,30.14,True,0.0,project_fact_sla_export.csv,2026-06-23T00:00:00,552
SLA000553,WO001804,C011,SV1,A005,P2,20250123,20250124,20250125,24,39.03,False,15.03,project_fact_sla_export.csv,2026-06-23T00:00:00,553
SLA000554,WO002988,C008,SV7,A005,P1,20250430,20250430,20250501,8,3.41,True,0.0,project_fact_sla_export.csv,2026-06-23T00:00:00,554
SLA000555,WO003027,C019,SV3,A004,P4,20250205,20250210,20250207,120,39.02,True,0.0,project_fact_sla_export.csv,2026-06-23T00:00:00,555
SLA000556,WO000408,C009,SV7,A004,P3,20250101,20250104,20250103,72,47.77,True,0.0,project_fact_sla_export.csv,2026-06-23T00:00:00,556
SLA000557,WO000275,C020,SV3,A005,P2,20250308,20250309,20250309,24,16.76,True,0.0,project_fact_sla_export.csv,2026-06-23T00:00:00,557
SLA000558,WO004299,C003,SV7,A006,P3,20250502,20250505,20250505,72,56.39,True,0.0,project_fact_sla_export.csv,2026-06-23T00:00:00,558
SLA000559,WO001744,C018,SV3,A004,P2,20250411,20250412,20250412,24,10.01,True,0.0,project_fact_sla_export.csv,2026-06-23T00:00:00,559
SLA000560,WO001470,C008,SV6,A004,P3,20250627,20250630,20250630,72,79.55,False,7.55,project_fact_sla_export.csv,2026-06-23T00:00:00,560
SLA000561,WO001082,C006,SV5,A001,P4,20250501,20250506,20250504,120,62.14,True,0.0,project_fact_sla_export.csv,2026-06-23T00:00:00,561
SLA000562,WO004029,C010,SV6,A004,P2,20250607,20250608,20250608,24,9.94,True,0.0,project_fact_sla_export.csv,2026-06-23T00:00:00,562
SLA000563,WO001193,C018,SV4,A004,P3,20250120,20250123,20250124,72,92.65,False,20.65,project_fact_sla_export.csv,2026-06-23T00:00:00,563
SLA000564,WO002520,C015,SV1,A003,P1,20250423,20250423,20250424,8,5.67,True,0.0,project_fact_sla_export.csv,2026-06-23T00:00:00,564
SLA000565,WO004296,C020,SV7,A005,P3,20250107,20250110,20250109,72,40.17,True,0.0,project_fact_sla_export.csv,2026-06-23T00:00:00,565
SLA000566,WO004959,C011,SV2,A002,P4,20250105,20250110,20250110,120,111.2,True,0.0,project_fact_sla_export.csv,2026-06-23T00:00:00,566
SLA000567,WO002565,C018,SV1,A004,P2,20250218,20250219,20250219,24,17.06,True,0.0,project_fact_sla_export.csv,2026-06-23T00:00:00,567
SLA000568,WO001113,C006,SV3,A006,P4,20250410,20250415,20250412,120,28.58,True,0.0,project_fact_sla_export.csv,2026-06-23T00:00:00,568
SLA000569,WO003039,C009,SV5,A005,P2,20250328,20250329,20250329,24,15.9,True,0.0,project_fact_sla_export.csv,2026-06-23T00:00:00,569
SLA000570,WO004003,C011,SV3,A004,P4,20250507,20250512,20250513,120,129.06,False,9.06,project_fact_sla_export.csv,2026-06-23T00:00:00,570
SLA000571,WO000280,C013,SV3,A001,P3,20250305,20250308,20250313,72,185.99,False,113.99,project_fact_sla_export.csv,2026-06-23T00:00:00,571
SLA000572,WO000336,C018,SV8,A005,P2,20250213,20250214,20250214,24,7.08,True,0.0,project_fact_sla_export.csv,2026-06-23T00:00:00,572
SLA000573,WO004625,C002,SV7,A005,P2,20250330,20250331,20250331,24,13.89,True,0.0,project_fact_sla_export.csv,2026-06-23T00:00:00,573
SLA000574,WO002693,C013,SV3,A006,P3,20250106,20250109,20250108,72,46.94,True,0.0,project_fact_sla_export.csv,2026-06-23T00:00:00,574
SLA000575,WO004166,C006,SV6,A004,P3,20250501,20250504,20250505,72,81.03,False,9.03,project_fact_sla_export.csv,2026-06-23T00:00:00,575
SLA000576,WO000787,C009,SV2,A006,P2,20250509,20250510,20250510,24,13.56,True,0.0,project_fact_sla_export.csv,2026-06-23T00:00:00,576
SLA000577,WO000683,C019,SV5,A005,P3,20250102,20250105,20250108,72,120.33,False,48.33,project_fact_sla_export.csv,2026-06-23T00:00:00,577
SLA000578,WO004940,C008,SV3,A003,P3,20250527,20250530,20250604,72,170.76,False,98.76,project_fact_sla_export.csv,2026-06-23T00:00:00,578
SLA000579,WO002815,C012,SV6,A001,P2,20250520,20250521,20250521,24,9.99,True,0.0,project_fact_sla_export.csv,2026-06-23T00:00:00,579
SLA000580,WO000993,C008,SV7,A004,P4,20250317,20250322,20250321,120,85.17,True,0.0,project_fact_sla_export.csv,2026-06-23T00:00:00,580
SLA000581,WO001171,C007,SV2,A004,P3,20250330,20250402,20250403,72,91.62,False,19.62,project_fact_sla_export.csv,2026-06-23T00:00:00,581
SLA000582,WO002674,C005,SV4,A006,P3,20250514,20250517,20250517,72,48.77,True,0.0,project_fact_sla_export.csv,2026-06-23T00:00:00,582
SLA000583,WO004885,C011,SV5,A001,P4,20250322,20250327,20250327,120,114.52,True,0.0,project_fact_sla_export.csv,2026-06-23T00:00:00,583
SLA000584,WO003626,C010,SV7,A005,P2,20250121,20250122,20250122,24,13.91,True,0.0,project_fact_sla_export.csv,2026-06-23T00:00:00,584
SLA000585,WO004866,C019,SV7,A006,P2,20250523,20250524,20250524,24,8.97,True,0.0,project_fact_sla_export.csv,2026-06-23T00:00:00,585
SLA000586,WO004348,C014,SV7,A006,P3,20250217,20250220,20250221,72,74.24,False,2.24,project_fact_sla_export.csv,2026-06-23T00:00:00,586
SLA000587,WO000636,C003,SV3,A006,P1,20250611,20250611,20250612,8,10.69,False,2.69,project_fact_sla_export.csv,2026-06-23T00:00:00,587
SLA000588,WO003373,C011,SV7,A006,P4,20250118,20250123,20250121,120,71.9,True,0.0,project_fact_sla_export.csv,2026-06-23T00:00:00,588
SLA000589,WO004895,C002,SV8,A005,P4,20250301,20250306,20250304,120,64.82,True,0.0,project_fact_sla_export.csv,2026-06-23T00:00:00,589
SLA000590,WO002138,C014,SV3,A004,P4,20250430,20250505,20250504,120,94.02,True,0.0,project_fact_sla_export.csv,2026-06-23T00:00:00,590
SLA000591,WO001494,C007,SV3,A003,P2,20250409,20250410,20250410,24,17.4,True,0.0,project_fact_sla_export.csv,2026-06-23T00:00:00,591
SLA000592,WO001939,C014,SV4,A002,P3,20250223,20250226,20250228,72,96.85,False,24.85,project_fact_sla_export.csv,2026-06-23T00:00:00,592
SLA000593,WO000718,C018,SV3,A004,P4,20250325,20250330,20250329,120,77.05,True,0.0,project_fact_sla_export.csv,2026-06-23T00:00:00,593
SLA000594,WO001963,C020,SV4,A005,P4,20250228,20250305,20250302,120,35.31,True,0.0,project_fact_sla_export.csv,2026-06-23T00:00:00,594
SLA000595,WO003779,C010,SV7,A004,P2,20250220,20250221,20250221,24,12.97,True,0.0,project_fact_sla_export.csv,2026-06-23T00:00:00,595
SLA000596,WO001044,C014,SV3,A005,P3,20250404,20250407,20250406,72,39.47,True,0.0,project_fact_sla_export.csv,2026-06-23T00:00:00,596
SLA000597,WO003363,C008,SV2,A003,P4,20250130,20250204,20250202,120,69.53,True,0.0,project_fact_sla_export.csv,2026-06-23T00:00:00,597
SLA000598,WO001896,C018,SV3,A006,P3,20250105,20250108,20250109,72,87.95,False,15.95,project_fact_sla_export.csv,2026-06-23T00:00:00,598
SLA000599,WO003221,C019,SV7,A004,P1,20250210,20250210,20250211,8,3.39,True,0.0,project_fact_sla_export.csv,2026-06-23T00:00:00,599
SLA000600,WO003224,C007,SV5,A002,P4,20250228,20250305,20250305,120,108.26,True,0.0,project_fact_sla_export.csv,2026-06-23T00:00:00,600
SLA000601,WO001706,C020,SV5,A005,P4,20250406,20250411,20250408,120,30.49,True,0.0,project_fact_sla_export.csv,2026-06-23T00:00:00,601
SLA000602,WO000772,C020,SV8,A005,P1,20250213,20250213,20250214,8,6.72,True,0.0,project_fact_sla_export.csv,2026-06-23T00:00:00,602
SLA000603,WO001926,C016,SV8,A005,P2,20250509,20250510,20250510,24,11.61,True,0.0,project_fact_sla_export.csv,2026-06-23T00:00:00,603
SLA000604,WO004988,C002,SV7,A005,P4,20250305,20250310,20250309,120,88.79,True,0.0,project_fact_sla_export.csv,2026-06-23T00:00:00,604
SLA000605,WO003880,C007,SV6,A006,P3,20250130,20250202,20250201,72,32.72,True,0.0,project_fact_sla_export.csv,2026-06-23T00:00:00,605
SLA000606,WO000019,C011,SV2,A004,P3,20250119,20250122,20250120,72,19.54,True,0.0,project_fact_sla_export.csv,2026-06-23T00:00:00,606
SLA000607,WO001540,C018,SV3,A005,P2,20250505,20250506,20250506,24,15.77,True,0.0,project_fact_sla_export.csv,2026-06-23T00:00:00,607
SLA000608,WO002968,C012,SV7,A005,P2,20250308,20250309,20250309,24,11.61,True,0.0,project_fact_sla_export.csv,2026-06-23T00:00:00,608
SLA000609,WO002611,C003,SV8,A005,P1,20250210,20250210,20250211,8,8.45,False,0.45,project_fact_sla_export.csv,2026-06-23T00:00:00,609
SLA000610,WO002239,C003,SV5,A004,P4,20250109,20250114,20250115,120,120.98,False,0.98,project_fact_sla_export.csv,2026-06-23T00:00:00,610
SLA000611,WO002483,C018,SV5,A005,P4,20250627,20250702,20250630,120,77.58,True,0.0,project_fact_sla_export.csv,2026-06-23T00:00:00,611
SLA000612,WO000965,C013,SV2,A003,P2,20250604,20250605,20250606,24,33.7,False,9.7,project_fact_sla_export.csv,2026-06-23T00:00:00,612
SLA000613,WO002309,C011,SV5,A005,P3,20250412,20250415,20250414,72,42.31,True,0.0,project_fact_sla_export.csv,2026-06-23T00:00:00,613
SLA000614,WO002436,C011,SV3,A005,P1,20250130,20250130,20250131,8,6.25,True,0.0,project_fact_sla_export.csv,2026-06-23T00:00:00,614
SLA000615,WO004379,C008,SV3,A006,P1,20250302,20250302,20250303,8,7.23,True,0.0,project_fact_sla_export.csv,2026-06-23T00:00:00,615
SLA000616,WO002297,C004,SV5,A006,P1,20250423,20250423,20250424,8,10.43,False,2.43,project_fact_sla_export.csv,2026-06-23T00:00:00,616
SLA000617,WO000171,C018,SV5,A004,P3,20250612,20250615,20250614,72,32.75,True,0.0,project_fact_sla_export.csv,2026-06-23T00:00:00,617
SLA000618,WO002279,C014,SV5,A006,P3,20250105,20250108,20250108,72,63.34,True,0.0,project_fact_sla_export.csv,2026-06-23T00:00:00,618
SLA000619,WO001605,C010,SV3,A001,P4,20250324,20250329,20250331,120,144.45,False,24.45,project_fact_sla_export.csv,2026-06-23T00:00:00,619
SLA000620,WO003652,C019,SV1,A006,P2,20250325,20250326,20250327,24,36.8,False,12.8,project_fact_sla_export.csv,2026-06-23T00:00:00,620
SLA000621,WO002830,C009,SV3,A003,P3,20250610,20250613,20250612,72,42.81,True,0.0,project_fact_sla_export.csv,2026-06-23T00:00:00,621
SLA000622,WO004453,C018,SV3,A004,P2,20250326,20250327,20250327,24,16.62,True,0.0,project_fact_sla_export.csv,2026-06-23T00:00:00,622
SLA000623,WO004245,C016,SV6,A001,P3,20250325,20250328,20250328,72,62.1,True,0.0,project_fact_sla_export.csv,2026-06-23T00:00:00,623
SLA000624,WO000317,C005,SV7,A006,P2,20250226,20250227,20250228,24,41.51,False,17.51,project_fact_sla_export.csv,2026-06-23T00:00:00,624
SLA000625,WO001072,C012,SV4,A005,P2,20250614,20250615,20250615,24,18.08,True,0.0,project_fact_sla_export.csv,2026-06-23T00:00:00,625
SLA000626,WO001428,C011,SV2,A002,P3,20250613,20250616,20250617,72,81.49,False,9.49,project_fact_sla_export.csv,2026-06-23T00:00:00,626
SLA000627,WO001006,C008,SV4,A004,P2,20250107,20250108,20250108,24,7.17,True,0.0,project_fact_sla_export.csv,2026-06-23T00:00:00,627
SLA000628,WO002490,C011,SV2,A001,P3,20250213,20250216,20250215,72,37.58,True,0.0,project_fact_sla_export.csv,2026-06-23T00:00:00,628
SLA000629,WO000791,C017,SV2,A002,P1,20250414,20250414,20250415,8,6.73,True,0.0,project_fact_sla_export.csv,2026-06-23T00:00:00,629
SLA000630,WO002020,C018,SV1,A005,P2,20250405,20250406,20250406,24,21.58,True,0.0,project_fact_sla_export.csv,2026-06-23T00:00:00,630
SLA000631,WO000920,C016,SV5,A003,P1,20250619,20250619,20250620,8,2.98,True,0.0,project_fact_sla_export.csv,2026-06-23T00:00:00,631
SLA000632,WO004204,C015,SV6,A006,P1,20250210,20250210,20250211,8,10.61,False,2.61,project_fact_sla_export.csv,2026-06-23T00:00:00,632
SLA000633,WO002813,C001,SV7,A005,P3,20250611,20250614,20250614,72,61.12,True,0.0,project_fact_sla_export.csv,2026-06-23T00:00:00,633
SLA000634,WO002932,C020,SV6,A004,P4,20250331,20250405,20250406,120,127.65,False,7.65,project_fact_sla_export.csv,2026-06-23T00:00:00,634
SLA000635,WO002554,C002,SV6,A006,P2,20250404,20250405,20250405,24,23.8,True,0.0,project_fact_sla_export.csv,2026-06-23T00:00:00,635
SLA000636,WO001147,C010,SV1,A002,P3,20250514,20250517,20250516,72,36.18,True,0.0,project_fact_sla_export.csv,2026-06-23T00:00:00,636
SLA000637,WO004117,C002,SV3,A004,P2,20250221,20250222,20250222,24,18.15,True,0.0,project_fact_sla_export.csv,2026-06-23T00:00:00,637
SLA000638,WO003896,C020,SV6,A003,P2,20250107,20250108,20250108,24,13.05,True,0.0,project_fact_sla_export.csv,2026-06-23T00:00:00,638
SLA000639,WO001423,C007,SV5,A004,P2,20250119,20250120,20250120,24,16.4,True,0.0,project_fact_sla_export.csv,2026-06-23T00:00:00,639
SLA000640,WO002896,C011,SV7,A005,P3,20250622,20250625,20250625,72,49.4,True,0.0,project_fact_sla_export.csv,2026-06-23T00:00:00,640
SLA000641,WO003616,C017,SV3,A006,P4,20250430,20250505,20250507,120,153.82,False,33.82,project_fact_sla_export.csv,2026-06-23T00:00:00,641
SLA000642,WO003686,C007,SV3,A005,P3,20250109,20250112,20250114,72,97.65,False,25.65,project_fact_sla_export.csv,2026-06-23T00:00:00,642
SLA000643,WO002575,C016,SV7,A005,P4,20250129,20250203,20250206,120,184.41,False,64.41,project_fact_sla_export.csv,2026-06-23T00:00:00,643
SLA000644,WO003893,C006,SV1,A003,P1,20250427,20250427,20250428,8,10.32,False,2.32,project_fact_sla_export.csv,2026-06-23T00:00:00,644
SLA000645,WO004288,C008,SV8,A004,P3,20250302,20250305,20250306,72,88.46,False,16.46,project_fact_sla_export.csv,2026-06-23T00:00:00,645
SLA000646,WO000494,C008,SV1,A003,P4,20250302,20250307,20250307,120,103.79,True,0.0,project_fact_sla_export.csv,2026-06-23T00:00:00,646
SLA000647,WO000607,C020,SV3,A006,P3,20250326,20250329,20250328,72,29.41,True,0.0,project_fact_sla_export.csv,2026-06-23T00:00:00,647
SLA000648,WO000345,C001,SV5,A005,P3,20250330,20250402,20250402,72,64.16,True,0.0,project_fact_sla_export.csv,2026-06-23T00:00:00,648
SLA000649,WO001891,C013,SV3,A003,P1,20250321,20250321,20250322,8,3.44,True,0.0,project_fact_sla_export.csv,2026-06-23T00:00:00,649
SLA000650,WO003721,C020,SV5,A006,P1,20250219,20250219,20250220,8,6.25,True,0.0,project_fact_sla_export.csv,2026-06-23T00:00:00,650
SLA000651,WO002538,C001,SV8,A004,P1,20250508,20250508,20250509,8,5.67,True,0.0,project_fact_sla_export.csv,2026-06-23T00:00:00,651
SLA000652,WO004297,C012,SV6,A003,P3,20250413,20250416,20250415,72,45.0,True,0.0,project_fact_sla_export.csv,2026-06-23T00:00:00,652
SLA000653,WO002304,C005,SV6,A005,P3,20250516,20250519,20250518,72,28.17,True,0.0,project_fact_sla_export.csv,2026-06-23T00:00:00,653
SLA000654,WO004365,C002,SV3,A001,P2,20250120,20250121,20250122,24,38.68,False,14.68,project_fact_sla_export.csv,2026-06-23T00:00:00,654
SLA000655,WO000950,C010,SV5,A004,P3,20250125,20250128,20250129,72,83.73,False,11.73,project_fact_sla_export.csv,2026-06-23T00:00:00,655
SLA000656,WO001659,C008,SV8,A006,P4,20250414,20250419,20250423,120,203.33,False,83.33,project_fact_sla_export.csv,2026-06-23T00:00:00,656
SLA000657,WO001045,C008,SV3,A003,P1,20250404,20250404,20250405,8,4.95,True,0.0,project_fact_sla_export.csv,2026-06-23T00:00:00,657
SLA000658,WO004524,C015,SV8,A005,P2,20250528,20250529,20250529,24,22.55,True,0.0,project_fact_sla_export.csv,2026-06-23T00:00:00,658
SLA000659,WO003856,C003,SV6,A001,P3,20250216,20250219,20250220,72,74.88,False,2.88,project_fact_sla_export.csv,2026-06-23T00:00:00,659
SLA000660,WO003887,C018,SV2,A005,P2,20250227,20250228,20250228,24,17.62,True,0.0,project_fact_sla_export.csv,2026-06-23T00:00:00,660
SLA000661,WO002549,C014,SV7,A005,P2,20250406,20250407,20250407,24,14.56,True,0.0,project_fact_sla_export.csv,2026-06-23T00:00:00,661
SLA000662,WO003658,C016,SV7,A006,P2,20250228,20250301,20250302,24,24.22,False,0.22,project_fact_sla_export.csv,2026-06-23T00:00:00,662
SLA000663,WO000752,C011,SV2,A004,P2,20250103,20250104,20250104,24,15.27,True,0.0,project_fact_sla_export.csv,2026-06-23T00:00:00,663
SLA000664,WO002425,C014,SV2,A005,P3,20250422,20250425,20250426,72,78.27,False,6.27,project_fact_sla_export.csv,2026-06-23T00:00:00,664
SLA000665,WO004541,C011,SV1,A005,P3,20250102,20250105,20250106,72,90.88,False,18.88,project_fact_sla_export.csv,2026-06-23T00:00:00,665
SLA000666,WO004985,C005,SV7,A005,P2,20250407,20250408,20250409,24,31.9,False,7.9,project_fact_sla_export.csv,2026-06-23T00:00:00,666
SLA000667,WO003073,C002,SV8,A002,P2,20250521,20250522,20250522,24,15.93,True,0.0,project_fact_sla_export.csv,2026-06-23T00:00:00,667
SLA000668,WO004682,C018,SV5,A006,P2,20250526,20250527,20250527,24,21.81,True,0.0,project_fact_sla_export.csv,2026-06-23T00:00:00,668
SLA000669,WO002729,C010,SV1,A001,P2,20250609,20250610,20250610,24,15.13,True,0.0,project_fact_sla_export.csv,2026-06-23T00:00:00,669
SLA000670,WO000151,C009,SV7,A003,P1,20250531,20250531,20250601,8,5.04,True,0.0,project_fact_sla_export.csv,2026-06-23T00:00:00,670
SLA000671,WO003304,C014,SV4,A006,P4,20250127,20250201,20250202,120,135.88,False,15.88,project_fact_sla_export.csv,2026-06-23T00:00:00,671
SLA000672,WO003976,C020,SV6,A004,P3,20250107,20250110,20250110,72,48.68,True,0.0,project_fact_sla_export.csv,2026-06-23T00:00:00,672
SLA000673,WO000093,C004,SV8,A005,P2,20250211,20250212,20250213,24,24.9,False,0.9,project_fact_sla_export.csv,2026-06-23T00:00:00,673
SLA000674,WO001117,C011,SV7,A005,P3,20250102,20250105,20250103,72,23.26,True,0.0,project_fact_sla_export.csv,2026-06-23T00:00:00,674
SLA000675,WO000865,C006,SV6,A004,P3,20250308,20250311,20250313,72,110.69,False,38.69,project_fact_sla_export.csv,2026-06-23T00:00:00,675
SLA000676,WO000989,C006,SV4,A006,P4,20250525,20250530,20250527,120,26.72,True,0.0,project_fact_sla_export.csv,2026-06-23T00:00:00,676
SLA000677,WO002044,C016,SV1,A006,P3,20250217,20250220,20250218,72,16.58,True,0.0,project_fact_sla_export.csv,2026-06-23T00:00:00,677
SLA000678,WO000152,C005,SV6,A004,P4,20250222,20250227,20250228,120,128.8,False,8.8,project_fact_sla_export.csv,2026-06-23T00:00:00,678
SLA000679,WO000750,C018,SV2,A001,P4,20250330,20250404,20250405,120,140.09,False,20.09,project_fact_sla_export.csv,2026-06-23T00:00:00,679
SLA000680,WO004790,C006,SV8,A004,P2,20250428,20250429,20250430,24,30.65,False,6.65,project_fact_sla_export.csv,2026-06-23T00:00:00,680
SLA000681,WO004602,C013,SV2,A002,P3,20250506,20250509,20250510,72,81.82,False,9.82,project_fact_sla_export.csv,2026-06-23T00:00:00,681
SLA000682,WO002606,C011,SV8,A005,P4,20250421,20250426,20250425,120,92.83,True,0.0,project_fact_sla_export.csv,2026-06-23T00:00:00,682
SLA000683,WO004919,C009,SV5,A006,P2,20250224,20250225,20250225,24,12.41,True,0.0,project_fact_sla_export.csv,2026-06-23T00:00:00,683
SLA000684,WO000490,C012,SV7,A004,P4,20250304,20250309,20250307,120,53.3,True,0.0,project_fact_sla_export.csv,2026-06-23T00:00:00,684
SLA000685,WO003755,C015,SV7,A003,P2,20250303,20250304,20250304,24,12.17,True,0.0,project_fact_sla_export.csv,2026-06-23T00:00:00,685
SLA000686,WO002386,C015,SV3,A005,P4,20250420,20250425,20250426,120,123.39,False,3.39,project_fact_sla_export.csv,2026-06-23T00:00:00,686
SLA000687,WO004554,C009,SV3,A003,P3,20250323,20250326,20250327,72,94.3,False,22.3,project_fact_sla_export.csv,2026-06-23T00:00:00,687
SLA000688,WO001826,C003,SV2,A005,P3,20250412,20250415,20250414,72,25.3,True,0.0,project_fact_sla_export.csv,2026-06-23T00:00:00,688
SLA000689,WO001977,C008,SV7,A006,P2,20250325,20250326,20250326,24,20.13,True,0.0,project_fact_sla_export.csv,2026-06-23T00:00:00,689
SLA000690,WO004862,C007,SV6,A001,P4,20250109,20250114,20250111,120,43.55,True,0.0,project_fact_sla_export.csv,2026-06-23T00:00:00,690
SLA000691,WO002629,C008,SV5,A005,P2,20250306,20250307,20250307,24,13.53,True,0.0,project_fact_sla_export.csv,2026-06-23T00:00:00,691
SLA000692,WO000064,C002,SV6,A005,P4,20250516,20250521,20250522,120,134.78,False,14.78,project_fact_sla_export.csv,2026-06-23T00:00:00,692
SLA000693,WO004067,C009,SV2,A003,P3,20250220,20250223,20250226,72,134.16,False,62.16,project_fact_sla_export.csv,2026-06-23T00:00:00,693
SLA000694,WO000863,C003,SV6,A002,P3,20250602,20250605,20250604,72,45.91,True,0.0,project_fact_sla_export.csv,2026-06-23T00:00:00,694
SLA000695,WO000948,C011,SV2,A005,P3,20250422,20250425,20250424,72,24.17,True,0.0,project_fact_sla_export.csv,2026-06-23T00:00:00,695
SLA000696,WO000540,C013,SV2,A002,P2,20250613,20250614,20250615,24,41.66,False,17.66,project_fact_sla_export.csv,2026-06-23T00:00:00,696
SLA000697,WO002305,C009,SV3,A004,P4,20250319,20250324,20250323,120,75.16,True,0.0,project_fact_sla_export.csv,2026-06-23T00:00:00,697
SLA000698,WO003511,C002,SV6,A003,P3,20250327,20250330,20250329,72,36.51,True,0.0,project_fact_sla_export.csv,2026-06-23T00:00:00,698
SLA000699,WO004226,C004,SV5,A002,P2,20250209,20250210,20250210,24,19.16,True,0.0,project_fact_sla_export.csv,2026-06-23T00:00:00,699
SLA000700,WO004659,C001,SV5,A002,P3,20250324,20250327,20250326,72,30.99,True,0.0,project_fact_sla_export.csv,2026-06-23T00:00:00,700
SLA000701,WO002936,C014,SV6,A004,P2,20250527,20250528,20250528,24,8.68,True,0.0,project_fact_sla_export.csv,2026-06-23T00:00:00,701
SLA000702,WO003761,C009,SV3,A003,P3,20250407,20250410,20250410,72,48.63,True,0.0,project_fact_sla_export.csv,2026-06-23T00:00:00,702
SLA000703,WO002551,C006,SV3,A006,P4,20250128,20250202,20250203,120,137.21,False,17.21,project_fact_sla_export.csv,2026-06-23T00:00:00,703
SLA000704,WO004600,C012,SV6,A006,P3,20250618,20250621,20250620,72,45.5,True,0.0,project_fact_sla_export.csv,2026-06-23T00:00:00,704
SLA000705,WO002679,C001,SV1,A004,P4,20250225,20250302,20250303,120,132.13,False,12.13,project_fact_sla_export.csv,2026-06-23T00:00:00,705
SLA000706,WO001664,C003,SV6,A004,P3,20250525,20250528,20250601,72,148.37,False,76.37,project_fact_sla_export.csv,2026-06-23T00:00:00,706
SLA000707,WO001630,C014,SV2,A005,P4,20250216,20250221,20250219,120,61.87,True,0.0,project_fact_sla_export.csv,2026-06-23T00:00:00,707
SLA000708,WO004205,C005,SV6,A006,P2,20250319,20250320,20250321,24,45.35,False,21.35,project_fact_sla_export.csv,2026-06-23T00:00:00,708
SLA000709,WO002928,C013,SV7,A004,P3,20250424,20250427,20250427,72,52.55,True,0.0,project_fact_sla_export.csv,2026-06-23T00:00:00,709
SLA000710,WO001996,C015,SV7,A002,P1,20250629,20250629,20250630,8,4.93,True,0.0,project_fact_sla_export.csv,2026-06-23T00:00:00,710
SLA000711,WO000707,C014,SV3,A005,P2,20250118,20250119,20250119,24,8.77,True,0.0,project_fact_sla_export.csv,2026-06-23T00:00:00,711
SLA000712,WO002564,C004,SV1,A006,P2,20250210,20250211,20250211,24,6.94,True,0.0,project_fact_sla_export.csv,2026-06-23T00:00:00,712
SLA000713,WO001236,C011,SV5,A003,P2,20250602,20250603,20250603,24,11.92,True,0.0,project_fact_sla_export.csv,2026-06-23T00:00:00,713
SLA000714,WO000575,C011,SV4,A004,P4,20250428,20250503,20250505,120,147.17,False,27.17,project_fact_sla_export.csv,2026-06-23T00:00:00,714
SLA000715,WO001812,C018,SV3,A005,P3,20250519,20250522,20250523,72,90.93,False,18.93,project_fact_sla_export.csv,2026-06-23T00:00:00,715
SLA000716,WO002981,C011,SV2,A004,P3,20250501,20250504,20250503,72,29.52,True,0.0,project_fact_sla_export.csv,2026-06-23T00:00:00,716
SLA000717,WO002905,C005,SV1,A001,P2,20250116,20250117,20250117,24,23.72,True,0.0,project_fact_sla_export.csv,2026-06-23T00:00:00,717
SLA000718,WO001224,C009,SV7,A006,P4,20250111,20250116,20250114,120,63.37,True,0.0,project_fact_sla_export.csv,2026-06-23T00:00:00,718
SLA000719,WO004584,C005,SV5,A005,P2,20250224,20250225,20250226,24,37.36,False,13.36,project_fact_sla_export.csv,2026-06-23T00:00:00,719
SLA000720,WO001338,C001,SV3,A005,P2,20250411,20250412,20250412,24,11.78,True,0.0,project_fact_sla_export.csv,2026-06-23T00:00:00,720
SLA000721,WO004402,C012,SV8,A001,P2,20250223,20250224,20250224,24,10.74,True,0.0,project_fact_sla_export.csv,2026-06-23T00:00:00,721
SLA000722,WO000095,C019,SV5,A004,P3,20250413,20250416,20250416,72,65.12,True,0.0,project_fact_sla_export.csv,2026-06-23T00:00:00,722
SLA000723,WO004816,C007,SV6,A005,P3,20250103,20250106,20250106,72,49.11,True,0.0,project_fact_sla_export.csv,2026-06-23T00:00:00,723
SLA000724,WO000236,C002,SV1,A004,P3,20250308,20250311,20250311,72,69.2,True,0.0,project_fact_sla_export.csv,2026-06-23T00:00:00,724
SLA000725,WO004391,C004,SV5,A004,P3,20250303,20250306,20250306,72,50.96,True,0.0,project_fact_sla_export.csv,2026-06-23T00:00:00,725
SLA000726,WO004084,C004,SV3,A005,P2,20250131,20250201,20250202,24,27.65,False,3.65,project_fact_sla_export.csv,2026-06-23T00:00:00,726
SLA000727,WO004395,C004,SV6,A006,P2,20250108,20250109,20250110,24,27.26,False,3.26,project_fact_sla_export.csv,2026-06-23T00:00:00,727
SLA000728,WO001542,C011,SV5,A005,P3,20250619,20250622,20250622,72,55.77,True,0.0,project_fact_sla_export.csv,2026-06-23T00:00:00,728
SLA000729,WO000055,C006,SV6,A005,P3,20250416,20250419,20250422,72,120.64,False,48.64,project_fact_sla_export.csv,2026-06-23T00:00:00,729
SLA000730,WO003138,C013,SV2,A005,P4,20250413,20250418,20250418,120,97.35,True,0.0,project_fact_sla_export.csv,2026-06-23T00:00:00,730
SLA000731,WO004302,C019,SV8,A004,P1,20250606,20250606,20250607,8,8.55,False,0.55,project_fact_sla_export.csv,2026-06-23T00:00:00,731
SLA000732,WO000785,C017,SV4,A001,P3,20250128,20250131,20250130,72,40.95,True,0.0,project_fact_sla_export.csv,2026-06-23T00:00:00,732
SLA000733,WO002475,C019,SV7,A001,P2,20250127,20250128,20250128,24,16.92,True,0.0,project_fact_sla_export.csv,2026-06-23T00:00:00,733
SLA000734,WO004410,C007,SV1,A005,P1,20250604,20250604,20250605,8,2.62,True,0.0,project_fact_sla_export.csv,2026-06-23T00:00:00,734
SLA000735,WO002899,C007,SV1,A006,P2,20250529,20250530,20250530,24,10.72,True,0.0,project_fact_sla_export.csv,2026-06-23T00:00:00,735
SLA000736,WO002373,C003,SV6,A004,P3,20250311,20250314,20250316,72,109.1,False,37.1,project_fact_sla_export.csv,2026-06-23T00:00:00,736
SLA000737,WO003638,C010,SV1,A005,P2,20250319,20250320,20250320,24,14.29,True,0.0,project_fact_sla_export.csv,2026-06-23T00:00:00,737
SLA000738,WO000549,C020,SV8,A006,P4,20250120,20250125,20250129,120,192.45,False,72.45,project_fact_sla_export.csv,2026-06-23T00:00:00,738
SLA000739,WO004265,C019,SV8,A005,P2,20250114,20250115,20250115,24,15.15,True,0.0,project_fact_sla_export.csv,2026-06-23T00:00:00,739
SLA000740,WO001879,C008,SV1,A006,P2,20250306,20250307,20250307,24,22.13,True,0.0,project_fact_sla_export.csv,2026-06-23T00:00:00,740
SLA000741,WO003056,C014,SV5,A006,P1,20250222,20250222,20250223,8,13.38,False,5.38,project_fact_sla_export.csv,2026-06-23T00:00:00,741
SLA000742,WO001823,C017,SV6,A003,P4,20250109,20250114,20250113,120,80.01,True,0.0,project_fact_sla_export.csv,2026-06-23T00:00:00,742
SLA000743,WO004445,C006,SV5,A004,P2,20250414,20250415,20250415,24,13.48,True,0.0,project_fact_sla_export.csv,2026-06-23T00:00:00,743
SLA000744,WO000978,C010,SV8,A006,P4,20250526,20250531,20250531,120,109.08,True,0.0,project_fact_sla_export.csv,2026-06-23T00:00:00,744
SLA000745,WO003445,C012,SV7,A001,P1,20250406,20250406,20250407,8,5.8,True,0.0,project_fact_sla_export.csv,2026-06-23T00:00:00,745
SLA000746,WO002168,C007,SV8,A006,P2,20250525,20250526,20250526,24,8.98,True,0.0,project_fact_sla_export.csv,2026-06-23T00:00:00,746
SLA000747,WO000526,C008,SV6,A003,P3,20250307,20250310,20250309,72,47.37,True,0.0,project_fact_sla_export.csv,2026-06-23T00:00:00,747
SLA000748,WO003769,C017,SV1,A004,P3,20250214,20250217,20250215,72,18.91,True,0.0,project_fact_sla_export.csv,2026-06-23T00:00:00,748
SLA000749,WO003933,C013,SV7,A004,P2,20250222,20250223,20250224,24,47.43,False,23.43,project_fact_sla_export.csv,2026-06-23T00:00:00,749
SLA000750,WO001227,C009,SV2,A004,P4,20250618,20250623,20250623,120,110.36,True,0.0,project_fact_sla_export.csv,2026-06-23T00:00:00,750
SLA000751,WO004890,C003,SV3,A002,P4,20250402,20250407,20250405,120,60.19,True,0.0,project_fact_sla_export.csv,2026-06-23T00:00:00,751
SLA000752,WO001041,C015,SV6,A003,P3,20250209,20250212,20250211,72,47.18,True,0.0,project_fact_sla_export.csv,2026-06-23T00:00:00,752
SLA000753,WO003817,C018,SV5,A004,P2,20250524,20250525,20250525,24,12.36,True,0.0,project_fact_sla_export.csv,2026-06-23T00:00:00,753
SLA000754,WO000296,C011,SV6,A001,P1,20250524,20250524,20250525,8,20.14,False,12.14,project_fact_sla_export.csv,2026-06-23T00:00:00,754
SLA000755,WO002870,C002,SV3,A006,P1,20250126,20250126,20250127,8,3.62,True,0.0,project_fact_sla_export.csv,2026-06-23T00:00:00,755
SLA000756,WO002124,C014,SV2,A003,P2,20250303,20250304,20250305,24,31.53,False,7.53,project_fact_sla_export.csv,2026-06-23T00:00:00,756
SLA000757,WO001722,C015,SV5,A003,P3,20250114,20250117,20250116,72,27.37,True,0.0,project_fact_sla_export.csv,2026-06-23T00:00:00,757
SLA000758,WO001269,C014,SV4,A005,P3,20250514,20250517,20250516,72,25.57,True,0.0,project_fact_sla_export.csv,2026-06-23T00:00:00,758
SLA000759,WO000836,C006,SV8,A005,P3,20250506,20250509,20250511,72,111.69,False,39.69,project_fact_sla_export.csv,2026-06-23T00:00:00,759
SLA000760,WO003972,C007,SV8,A005,P3,20250314,20250317,20250316,72,34.19,True,0.0,project_fact_sla_export.csv,2026-06-23T00:00:00,760
SLA000761,WO002190,C014,SV8,A001,P3,20250401,20250404,20250409,72,174.56,False,102.56,project_fact_sla_export.csv,2026-06-23T00:00:00,761
SLA000762,WO004603,C011,SV1,A004,P2,20250418,20250419,20250419,24,15.07,True,0.0,project_fact_sla_export.csv,2026-06-23T00:00:00,762
SLA000763,WO003501,C003,SV4,A005,P2,20250414,20250415,20250416,24,30.1,False,6.1,project_fact_sla_export.csv,2026-06-23T00:00:00,763
SLA000764,WO001214,C015,SV5,A003,P2,20250330,20250331,20250331,24,10.29,True,0.0,project_fact_sla_export.csv,2026-06-23T00:00:00,764
SLA000765,WO000813,C011,SV7,A005,P3,20250602,20250605,20250605,72,57.72,True,0.0,project_fact_sla_export.csv,2026-06-23T00:00:00,765
SLA000766,WO002110,C002,SV3,A003,P4,20250608,20250613,20250610,120,30.47,True,0.0,project_fact_sla_export.csv,2026-06-23T00:00:00,766
SLA000767,WO004649,C005,SV7,A004,P2,20250409,20250410,20250410,24,12.65,True,0.0,project_fact_sla_export.csv,2026-06-23T00:00:00,767
SLA000768,WO001058,C015,SV4,A005,P3,20250219,20250222,20250222,72,54.07,True,0.0,project_fact_sla_export.csv,2026-06-23T00:00:00,768
SLA000769,WO001300,C007,SV5,A006,P4,20250524,20250529,20250528,120,83.02,True,0.0,project_fact_sla_export.csv,2026-06-23T00:00:00,769
SLA000770,WO004484,C006,SV6,A005,P3,20250206,20250209,20250208,72,29.61,True,0.0,project_fact_sla_export.csv,2026-06-23T00:00:00,770
SLA000771,WO002404,C012,SV7,A002,P2,20250426,20250427,20250427,24,7.62,True,0.0,project_fact_sla_export.csv,2026-06-23T00:00:00,771
SLA000772,WO004189,C017,SV4,A004,P1,20250317,20250317,20250318,8,4.68,True,0.0,project_fact_sla_export.csv,2026-06-23T00:00:00,772
SLA000773,WO003927,C009,SV5,A006,P3,20250414,20250417,20250418,72,74.59,False,2.59,project_fact_sla_export.csv,2026-06-23T00:00:00,773
SLA000774,WO002468,C011,SV2,A005,P3,20250603,20250606,20250606,72,62.76,True,0.0,project_fact_sla_export.csv,2026-06-23T00:00:00,774
SLA000775,WO002083,C006,SV2,A005,P3,20250404,20250407,20250406,72,38.43,True,0.0,project_fact_sla_export.csv,2026-06-23T00:00:00,775
SLA000776,WO001949,C008,SV3,A003,P3,20250518,20250521,20250521,72,58.13,True,0.0,project_fact_sla_export.csv,2026-06-23T00:00:00,776
SLA000777,WO003866,C010,SV8,A003,P2,20250307,20250308,20250308,24,20.36,True,0.0,project_fact_sla_export.csv,2026-06-23T00:00:00,777
SLA000778,WO004138,C020,SV6,A002,P2,20250309,20250310,20250310,24,23.69,True,0.0,project_fact_sla_export.csv,2026-06-23T00:00:00,778
SLA000779,WO000365,C012,SV3,A005,P3,20250420,20250423,20250422,72,36.62,True,0.0,project_fact_sla_export.csv,2026-06-23T00:00:00,779
SLA000780,WO003084,C008,SV2,A005,P4,20250412,20250417,20250417,120,104.85,True,0.0,project_fact_sla_export.csv,2026-06-23T00:00:00,780
SLA000781,WO001444,C008,SV5,A005,P3,20250522,20250525,20250525,72,59.35,True,0.0,project_fact_sla_export.csv,2026-06-23T00:00:00,781
SLA000782,WO001458,C019,SV2,A001,P3,20250111,20250114,20250113,72,40.42,True,0.0,project_fact_sla_export.csv,2026-06-23T00:00:00,782
SLA000783,WO000159,C008,SV8,A003,P3,20250310,20250313,20250312,72,42.22,True,0.0,project_fact_sla_export.csv,2026-06-23T00:00:00,783
SLA000784,WO001775,C007,SV7,A004,P2,20250621,20250622,20250622,24,20.46,True,0.0,project_fact_sla_export.csv,2026-06-23T00:00:00,784
SLA000785,WO004820,C020,SV6,A001,P3,20250126,20250129,20250128,72,45.63,True,0.0,project_fact_sla_export.csv,2026-06-23T00:00:00,785
SLA000786,WO004748,C007,SV1,A004,P2,20250122,20250123,20250123,24,4.29,True,0.0,project_fact_sla_export.csv,2026-06-23T00:00:00,786
SLA000787,WO004598,C002,SV4,A005,P3,20250310,20250313,20250314,72,79.19,False,7.19,project_fact_sla_export.csv,2026-06-23T00:00:00,787
SLA000788,WO004176,C011,SV4,A001,P1,20250502,20250502,20250503,8,3.9,True,0.0,project_fact_sla_export.csv,2026-06-23T00:00:00,788
SLA000789,WO001790,C008,SV4,A006,P3,20250108,20250111,20250113,72,109.82,False,37.82,project_fact_sla_export.csv,2026-06-23T00:00:00,789
SLA000790,WO000480,C014,SV4,A004,P4,20250411,20250416,20250413,120,47.83,True,0.0,project_fact_sla_export.csv,2026-06-23T00:00:00,790
SLA000791,WO003151,C008,SV6,A005,P3,20250213,20250216,20250215,72,29.16,True,0.0,project_fact_sla_export.csv,2026-06-23T00:00:00,791
SLA000792,WO002818,C009,SV4,A003,P1,20250427,20250427,20250428,8,6.68,True,0.0,project_fact_sla_export.csv,2026-06-23T00:00:00,792
SLA000793,WO001746,C018,SV8,A004,P3,20250323,20250326,20250328,72,99.1,False,27.1,project_fact_sla_export.csv,2026-06-23T00:00:00,793
SLA000794,WO001047,C001,SV4,A004,P3,20250523,20250526,20250526,72,59.78,True,0.0,project_fact_sla_export.csv,2026-06-23T00:00:00,794
SLA000795,WO002509,C008,SV7,A005,P2,20250102,20250103,20250103,24,6.88,True,0.0,project_fact_sla_export.csv,2026-06-23T00:00:00,795
SLA000796,WO000308,C001,SV8,A006,P3,20250609,20250612,20250611,72,30.82,True,0.0,project_fact_sla_export.csv,2026-06-23T00:00:00,796
SLA000797,WO003849,C015,SV3,A005,P3,20250430,20250503,20250501,72,13.64,True,0.0,project_fact_sla_export.csv,2026-06-23T00:00:00,797
SLA000798,WO003870,C012,SV7,A004,P3,20250201,20250204,20250205,72,75.44,False,3.44,project_fact_sla_export.csv,2026-06-23T00:00:00,798
SLA000799,WO001320,C009,SV8,A001,P4,20250325,20250330,20250327,120,40.09,True,0.0,project_fact_sla_export.csv,2026-06-23T00:00:00,799
SLA000800,WO003210,C019,SV4,A003,P3,20250331,20250403,20250403,72,70.41,True,0.0,project_fact_sla_export.csv,2026-06-23T00:00:00,800
SLA000801,WO004122,C002,SV1,A001,P4,20250611,20250616,20250620,120,197.5,False,77.5,project_fact_sla_export.csv,2026-06-23T00:00:00,801
SLA000802,WO004183,C010,SV1,A003,P1,20250401,20250401,20250402,8,4.14,True,0.0,project_fact_sla_export.csv,2026-06-23T00:00:00,802
SLA000803,WO004068,C017,SV8,A003,P2,20250304,20250305,20250305,24,19.29,True,0.0,project_fact_sla_export.csv,2026-06-23T00:00:00,803
SLA000804,WO000603,C013,SV6,A001,P1,20250525,20250525,20250526,8,4.13,True,0.0,project_fact_sla_export.csv,2026-06-23T00:00:00,804
SLA000805,WO003510,C020,SV4,A005,P2,20250603,20250604,20250604,24,20.72,True,0.0,project_fact_sla_export.csv,2026-06-23T00:00:00,805
SLA000806,WO001288,C017,SV2,A002,P3,20250613,20250616,20250616,72,70.01,True,0.0,project_fact_sla_export.csv,2026-06-23T00:00:00,806
SLA000807,WO001537,C009,SV1,A005,P3,20250130,20250202,20250201,72,32.04,True,0.0,project_fact_sla_export.csv,2026-06-23T00:00:00,807
SLA000808,WO004255,C020,SV3,A005,P4,20250324,20250329,20250328,120,79.98,True,0.0,project_fact_sla_export.csv,2026-06-23T00:00:00,808
SLA000809,WO002310,C013,SV8,A002,P4,20250613,20250618,20250618,120,109.67,True,0.0,project_fact_sla_export.csv,2026-06-23T00:00:00,809
SLA000810,WO003340,C004,SV1,A001,P3,20250508,20250511,20250511,72,58.75,True,0.0,project_fact_sla_export.csv,2026-06-23T00:00:00,810
SLA000811,WO001590,C014,SV5,A005,P3,20250310,20250313,20250314,72,72.76,False,0.76,project_fact_sla_export.csv,2026-06-23T00:00:00,811
SLA000812,WO002214,C001,SV7,A003,P2,20250408,20250409,20250409,24,7.09,True,0.0,project_fact_sla_export.csv,2026-06-23T00:00:00,812
SLA000813,WO000276,C019,SV3,A002,P4,20250113,20250118,20250116,120,56.97,True,0.0,project_fact_sla_export.csv,2026-06-23T00:00:00,813
SLA000814,WO000051,C012,SV3,A001,P3,20250402,20250405,20250406,72,72.27,False,0.27,project_fact_sla_export.csv,2026-06-23T00:00:00,814
SLA000815,WO001225,C005,SV8,A004,P3,20250302,20250305,20250306,72,89.79,False,17.79,project_fact_sla_export.csv,2026-06-23T00:00:00,815
SLA000816,WO002314,C016,SV6,A001,P2,20250425,20250426,20250426,24,10.06,True,0.0,project_fact_sla_export.csv,2026-06-23T00:00:00,816
SLA000817,WO000525,C013,SV1,A004,P3,20250403,20250406,20250406,72,62.35,True,0.0,project_fact_sla_export.csv,2026-06-23T00:00:00,817
SLA000818,WO001009,C019,SV2,A003,P2,20250427,20250428,20250428,24,14.41,True,0.0,project_fact_sla_export.csv,2026-06-23T00:00:00,818
SLA000819,WO000147,C013,SV8,A006,P3,20250417,20250420,20250420,72,58.83,True,0.0,project_fact_sla_export.csv,2026-06-23T00:00:00,819
SLA000820,WO003512,C018,SV7,A003,P2,20250215,20250216,20250217,24,31.97,False,7.97,project_fact_sla_export.csv,2026-06-23T00:00:00,820
SLA000821,WO000873,C007,SV7,A006,P2,20250319,20250320,20250320,24,17.32,True,0.0,project_fact_sla_export.csv,2026-06-23T00:00:00,821
SLA000822,WO004522,C005,SV5,A005,P2,20250606,20250607,20250607,24,21.72,True,0.0,project_fact_sla_export.csv,2026-06-23T00:00:00,822
SLA000823,WO000893,C016,SV4,A003,P1,20250514,20250514,20250515,8,2.81,True,0.0,project_fact_sla_export.csv,2026-06-23T00:00:00,823
SLA000824,WO000238,C007,SV2,A005,P3,20250421,20250424,20250423,72,36.7,True,0.0,project_fact_sla_export.csv,2026-06-23T00:00:00,824
SLA000825,WO001647,C010,SV6,A006,P2,20250106,20250107,20250107,24,10.68,True,0.0,project_fact_sla_export.csv,2026-06-23T00:00:00,825
SLA000826,WO004934,C001,SV5,A004,P4,20250607,20250612,20250610,120,48.52,True,0.0,project_fact_sla_export.csv,2026-06-23T00:00:00,826
SLA000827,WO004443,C008,SV6,A001,P2,20250120,20250121,20250121,24,13.74,True,0.0,project_fact_sla_export.csv,2026-06-23T00:00:00,827
SLA000828,WO002013,C016,SV7,A004,P1,20250415,20250415,20250416,8,8.52,False,0.52,project_fact_sla_export.csv,2026-06-23T00:00:00,828
SLA000829,WO000563,C011,SV1,A004,P2,20250507,20250508,20250508,24,18.79,True,0.0,project_fact_sla_export.csv,2026-06-23T00:00:00,829
SLA000830,WO002863,C010,SV3,A001,P3,20250319,20250322,20250323,72,89.97,False,17.97,project_fact_sla_export.csv,2026-06-23T00:00:00,830
SLA000831,WO004235,C002,SV5,A003,P2,20250317,20250318,20250318,24,12.01,True,0.0,project_fact_sla_export.csv,2026-06-23T00:00:00,831
SLA000832,WO004206,C001,SV3,A006,P2,20250627,20250628,20250628,24,16.66,True,0.0,project_fact_sla_export.csv,2026-06-23T00:00:00,832
SLA000833,WO003966,C011,SV8,A005,P1,20250302,20250302,20250303,8,3.64,True,0.0,project_fact_sla_export.csv,2026-06-23T00:00:00,833
SLA000834,WO000399,C004,SV4,A005,P1,20250509,20250509,20250510,8,6.47,True,0.0,project_fact_sla_export.csv,2026-06-23T00:00:00,834
SLA000835,WO001388,C008,SV2,A001,P3,20250629,20250702,20250630,72,41.43,True,0.0,project_fact_sla_export.csv,2026-06-23T00:00:00,835
SLA000836,WO000160,C019,SV7,A005,P4,20250401,20250406,20250403,120,37.01,True,0.0,project_fact_sla_export.csv,2026-06-23T00:00:00,836
SLA000837,WO000209,C018,SV6,A006,P3,20250113,20250116,20250115,72,29.41,True,0.0,project_fact_sla_export.csv,2026-06-23T00:00:00,837
SLA000838,WO003517,C019,SV2,A005,P2,20250629,20250630,20250630,24,16.54,True,0.0,project_fact_sla_export.csv,2026-06-23T00:00:00,838
SLA000839,WO003149,C020,SV1,A004,P4,20250408,20250413,20250414,120,131.85,False,11.85,project_fact_sla_export.csv,2026-06-23T00:00:00,839
SLA000840,WO000981,C007,SV1,A005,P4,20250607,20250612,20250613,120,129.55,False,9.55,project_fact_sla_export.csv,2026-06-23T00:00:00,840
SLA000841,WO004007,C004,SV2,A005,P4,20250418,20250423,20250419,120,22.82,True,0.0,project_fact_sla_export.csv,2026-06-23T00:00:00,841
SLA000842,WO002060,C011,SV5,A005,P4,20250614,20250619,20250617,120,57.43,True,0.0,project_fact_sla_export.csv,2026-06-23T00:00:00,842
SLA000843,WO000453,C010,SV8,A005,P2,20250522,20250523,20250523,24,21.27,True,0.0,project_fact_sla_export.csv,2026-06-23T00:00:00,843
SLA000844,WO001772,C001,SV8,A003,P3,20250604,20250607,20250606,72,30.12,True,0.0,project_fact_sla_export.csv,2026-06-23T00:00:00,844
SLA000845,WO002025,C009,SV2,A002,P2,20250326,20250327,20250327,24,7.39,True,0.0,project_fact_sla_export.csv,2026-06-23T00:00:00,845
SLA000846,WO001922,C003,SV1,A005,P3,20250104,20250107,20250109,72,97.88,False,25.88,project_fact_sla_export.csv,2026-06-23T00:00:00,846
SLA000847,WO002493,C009,SV4,A004,P3,20250412,20250415,20250416,72,77.4,False,5.4,project_fact_sla_export.csv,2026-06-23T00:00:00,847
SLA000848,WO000676,C013,SV3,A005,P1,20250319,20250319,20250320,8,3.19,True,0.0,project_fact_sla_export.csv,2026-06-23T00:00:00,848
SLA000849,WO004846,C005,SV5,A004,P4,20250105,20250110,20250112,120,152.42,False,32.42,project_fact_sla_export.csv,2026-06-23T00:00:00,849
SLA000850,WO001930,C001,SV4,A005,P2,20250130,20250131,20250131,24,7.4,True,0.0,project_fact_sla_export.csv,2026-06-23T00:00:00,850
SLA000851,WO002015,C014,SV5,A001,P4,20250204,20250209,20250211,120,150.76,False,30.76,project_fact_sla_export.csv,2026-06-23T00:00:00,851
SLA000852,WO002463,C009,SV7,A001,P1,20250531,20250531,20250601,8,6.72,True,0.0,project_fact_sla_export.csv,2026-06-23T00:00:00,852
SLA000853,WO001198,C007,SV7,A003,P3,20250101,20250104,20250103,72,31.27,True,0.0,project_fact_sla_export.csv,2026-06-23T00:00:00,853
SLA000854,WO003478,C001,SV1,A006,P2,20250422,20250423,20250423,24,9.18,True,0.0,project_fact_sla_export.csv,2026-06-23T00:00:00,854
SLA000855,WO001407,C012,SV6,A005,P4,20250313,20250318,20250316,120,62.06,True,0.0,project_fact_sla_export.csv,2026-06-23T00:00:00,855
SLA000856,WO002484,C011,SV6,A005,P3,20250622,20250625,20250624,72,44.24,True,0.0,project_fact_sla_export.csv,2026-06-23T00:00:00,856
SLA000857,WO002893,C001,SV2,A001,P3,20250421,20250424,20250424,72,64.28,True,0.0,project_fact_sla_export.csv,2026-06-23T00:00:00,857
SLA000858,WO004749,C006,SV2,A005,P1,20250626,20250626,20250627,8,6.14,True,0.0,project_fact_sla_export.csv,2026-06-23T00:00:00,858
SLA000859,WO000702,C011,SV7,A004,P3,20250302,20250305,20250304,72,27.34,True,0.0,project_fact_sla_export.csv,2026-06-23T00:00:00,859
SLA000860,WO004839,C016,SV8,A002,P2,20250516,20250517,20250518,24,36.1,False,12.1,project_fact_sla_export.csv,2026-06-23T00:00:00,860
SLA000861,WO000759,C018,SV2,A006,P2,20250525,20250526,20250526,24,15.28,True,0.0,project_fact_sla_export.csv,2026-06-23T00:00:00,861
SLA000862,WO004099,C001,SV8,A002,P2,20250224,20250225,20250225,24,6.16,True,0.0,project_fact_sla_export.csv,2026-06-23T00:00:00,862
SLA000863,WO002457,C010,SV7,A001,P2,20250503,20250504,20250504,24,21.19,True,0.0,project_fact_sla_export.csv,2026-06-23T00:00:00,863
SLA000864,WO002864,C004,SV3,A006,P1,20250127,20250127,20250128,8,5.19,True,0.0,project_fact_sla_export.csv,2026-06-23T00:00:00,864
SLA000865,WO001246,C009,SV2,A002,P1,20250131,20250131,20250201,8,17.64,False,9.64,project_fact_sla_export.csv,2026-06-23T00:00:00,865
SLA000866,WO002605,C003,SV5,A005,P2,20250131,20250201,20250201,24,11.48,True,0.0,project_fact_sla_export.csv,2026-06-23T00:00:00,866
SLA000867,WO004538,C019,SV3,A003,P4,20250529,20250603,20250606,120,186.51,False,66.51,project_fact_sla_export.csv,2026-06-23T00:00:00,867
SLA000868,WO003207,C016,SV8,A004,P1,20250410,20250410,20250411,8,13.21,False,5.21,project_fact_sla_export.csv,2026-06-23T00:00:00,868
SLA000869,WO002843,C019,SV8,A005,P1,20250328,20250328,20250329,8,3.94,True,0.0,project_fact_sla_export.csv,2026-06-23T00:00:00,869
SLA000870,WO003947,C009,SV2,A006,P4,20250629,20250704,20250630,120,49.02,True,0.0,project_fact_sla_export.csv,2026-06-23T00:00:00,870
SLA000871,WO003497,C015,SV5,A005,P2,20250117,20250118,20250119,24,24.27,False,0.27,project_fact_sla_export.csv,2026-06-23T00:00:00,871
SLA000872,WO002354,C001,SV1,A002,P2,20250402,20250403,20250405,24,69.25,False,45.25,project_fact_sla_export.csv,2026-06-23T00:00:00,872
SLA000873,WO002149,C011,SV6,A003,P3,20250205,20250208,20250209,72,77.96,False,5.96,project_fact_sla_export.csv,2026-06-23T00:00:00,873
SLA000874,WO004878,C012,SV7,A002,P1,20250305,20250305,20250306,8,4.54,True,0.0,project_fact_sla_export.csv,2026-06-23T00:00:00,874
SLA000875,WO003873,C012,SV3,A004,P3,20250318,20250321,20250319,72,22.77,True,0.0,project_fact_sla_export.csv,2026-06-23T00:00:00,875
SLA000876,WO000800,C006,SV3,A003,P2,20250528,20250529,20250529,24,14.5,True,0.0,project_fact_sla_export.csv,2026-06-23T00:00:00,876
SLA000877,WO002566,C007,SV2,A003,P2,20250611,20250612,20250612,24,10.86,True,0.0,project_fact_sla_export.csv,2026-06-23T00:00:00,877
SLA000878,WO003773,C012,SV4,A003,P2,20250320,20250321,20250321,24,12.06,True,0.0,project_fact_sla_export.csv,2026-06-23T00:00:00,878
SLA000879,WO001221,C003,SV7,A005,P2,20250104,20250105,20250105,24,22.06,True,0.0,project_fact_sla_export.csv,2026-06-23T00:00:00,879
SLA000880,WO001018,C020,SV3,A002,P3,20250225,20250228,20250227,72,24.92,True,0.0,project_fact_sla_export.csv,2026-06-23T00:00:00,880
SLA000881,WO000826,C006,SV7,A001,P2,20250209,20250210,20250210,24,22.47,True,0.0,project_fact_sla_export.csv,2026-06-23T00:00:00,881
SLA000882,WO003128,C011,SV1,A005,P2,20250601,20250602,20250602,24,19.96,True,0.0,project_fact_sla_export.csv,2026-06-23T00:00:00,882
SLA000883,WO001179,C009,SV4,A003,P1,20250222,20250222,20250223,8,20.01,False,12.01,project_fact_sla_export.csv,2026-06-23T00:00:00,883
SLA000884,WO004512,C010,SV2,A005,P4,20250426,20250501,20250429,120,48.97,True,0.0,project_fact_sla_export.csv,2026-06-23T00:00:00,884
SLA000885,WO004300,C006,SV1,A005,P3,20250125,20250128,20250128,72,69.88,True,0.0,project_fact_sla_export.csv,2026-06-23T00:00:00,885
SLA000886,WO000722,C015,SV1,A006,P3,20250328,20250331,20250331,72,63.55,True,0.0,project_fact_sla_export.csv,2026-06-23T00:00:00,886
SLA000887,WO001471,C020,SV5,A003,P3,20250109,20250112,20250111,72,40.27,True,0.0,project_fact_sla_export.csv,2026-06-23T00:00:00,887
SLA000888,WO001822,C018,SV4,A003,P1,20250106,20250106,20250107,8,1.17,True,0.0,project_fact_sla_export.csv,2026-06-23T00:00:00,888
SLA000889,WO004473,C020,SV6,A003,P3,20250201,20250204,20250203,72,44.07,True,0.0,project_fact_sla_export.csv,2026-06-23T00:00:00,889
SLA000890,WO002900,C001,SV4,A004,P2,20250314,20250315,20250315,24,23.8,True,0.0,project_fact_sla_export.csv,2026-06-23T00:00:00,890
SLA000891,WO002795,C016,SV5,A005,P4,20250421,20250426,20250424,120,57.52,True,0.0,project_fact_sla_export.csv,2026-06-23T00:00:00,891
SLA000892,WO001363,C020,SV1,A003,P3,20250115,20250118,20250120,72,107.98,False,35.98,project_fact_sla_export.csv,2026-06-23T00:00:00,892
SLA000893,WO002072,C008,SV8,A006,P3,20250614,20250617,20250615,72,20.75,True,0.0,project_fact_sla_export.csv,2026-06-23T00:00:00,893
SLA000894,WO001608,C009,SV2,A005,P3,20250226,20250301,20250301,72,69.53,True,0.0,project_fact_sla_export.csv,2026-06-23T00:00:00,894
SLA000895,WO002974,C009,SV3,A006,P4,20250213,20250218,20250215,120,29.27,True,0.0,project_fact_sla_export.csv,2026-06-23T00:00:00,895
SLA000896,WO001613,C016,SV8,A005,P2,20250526,20250527,20250527,24,19.88,True,0.0,project_fact_sla_export.csv,2026-06-23T00:00:00,896
SLA000897,WO002155,C009,SV8,A003,P3,20250412,20250415,20250413,72,23.65,True,0.0,project_fact_sla_export.csv,2026-06-23T00:00:00,897
SLA000898,WO003750,C007,SV7,A004,P2,20250308,20250309,20250309,24,19.22,True,0.0,project_fact_sla_export.csv,2026-06-23T00:00:00,898
SLA000899,WO000595,C010,SV5,A006,P2,20250617,20250618,20250618,24,13.61,True,0.0,project_fact_sla_export.csv,2026-06-23T00:00:00,899
SLA000900,WO004425,C007,SV8,A006,P4,20250401,20250406,20250406,120,99.86,True,0.0,project_fact_sla_export.csv,2026-06-23T00:00:00,900
SLA000901,WO003620,C017,SV7,A005,P3,20250210,20250213,20250213,72,66.57,True,0.0,project_fact_sla_export.csv,2026-06-23T00:00:00,901
SLA000902,WO002856,C017,SV5,A006,P3,20250522,20250525,20250524,72,32.48,True,0.0,project_fact_sla_export.csv,2026-06-23T00:00:00,902
SLA000903,WO003811,C007,SV5,A005,P2,20250517,20250518,20250518,24,12.91,True,0.0,project_fact_sla_export.csv,2026-06-23T00:00:00,903
SLA000904,WO003492,C014,SV7,A001,P3,20250627,20250630,20250629,72,40.83,True,0.0,project_fact_sla_export.csv,2026-06-23T00:00:00,904
SLA000905,WO004323,C020,SV5,A005,P1,20250311,20250311,20250312,8,5.14,True,0.0,project_fact_sla_export.csv,2026-06-23T00:00:00,905
SLA000906,WO004042,C016,SV8,A001,P3,20250109,20250112,20250115,72,140.73,False,68.73,project_fact_sla_export.csv,2026-06-23T00:00:00,906
SLA000907,WO003683,C008,SV4,A004,P3,20250416,20250419,20250419,72,66.49,True,0.0,project_fact_sla_export.csv,2026-06-23T00:00:00,907
SLA000908,WO004214,C019,SV5,A004,P4,20250321,20250326,20250324,120,62.18,True,0.0,project_fact_sla_export.csv,2026-06-23T00:00:00,908
SLA000909,WO001048,C020,SV5,A002,P2,20250314,20250315,20250315,24,9.23,True,0.0,project_fact_sla_export.csv,2026-06-23T00:00:00,909
SLA000910,WO000541,C016,SV4,A005,P3,20250525,20250528,20250526,72,17.77,True,0.0,project_fact_sla_export.csv,2026-06-23T00:00:00,910
SLA000911,WO004103,C008,SV3,A001,P4,20250620,20250625,20250626,120,121.53,False,1.53,project_fact_sla_export.csv,2026-06-23T00:00:00,911
SLA000912,WO001598,C017,SV1,A006,P2,20250629,20250630,20250630,24,15.98,True,0.0,project_fact_sla_export.csv,2026-06-23T00:00:00,912
SLA000913,WO004437,C012,SV3,A003,P2,20250120,20250121,20250122,24,32.5,False,8.5,project_fact_sla_export.csv,2026-06-23T00:00:00,913
SLA000914,WO000661,C002,SV7,A001,P2,20250301,20250302,20250303,24,34.64,False,10.64,project_fact_sla_export.csv,2026-06-23T00:00:00,914
SLA000915,WO004830,C005,SV7,A002,P1,20250629,20250629,20250630,8,17.86,False,9.86,project_fact_sla_export.csv,2026-06-23T00:00:00,915
SLA000916,WO004341,C011,SV5,A006,P4,20250526,20250531,20250606,120,253.01,False,133.01,project_fact_sla_export.csv,2026-06-23T00:00:00,916
SLA000917,WO004635,C013,SV6,A003,P3,20250101,20250104,20250105,72,79.23,False,7.23,project_fact_sla_export.csv,2026-06-23T00:00:00,917
SLA000918,WO001364,C019,SV1,A005,P4,20250301,20250306,20250306,120,112.02,True,0.0,project_fact_sla_export.csv,2026-06-23T00:00:00,918
SLA000919,WO004688,C019,SV1,A006,P4,20250305,20250310,20250309,120,75.32,True,0.0,project_fact_sla_export.csv,2026-06-23T00:00:00,919
SLA000920,WO001833,C001,SV8,A005,P3,20250411,20250414,20250412,72,19.25,True,0.0,project_fact_sla_export.csv,2026-06-23T00:00:00,920
SLA000921,WO000877,C014,SV5,A003,P2,20250102,20250103,20250104,24,26.79,False,2.79,project_fact_sla_export.csv,2026-06-23T00:00:00,921
SLA000922,WO004822,C010,SV8,A001,P2,20250628,20250629,20250629,24,23.55,True,0.0,project_fact_sla_export.csv,2026-06-23T00:00:00,922
SLA000923,WO003180,C008,SV3,A004,P3,20250426,20250429,20250428,72,47.85,True,0.0,project_fact_sla_export.csv,2026-06-23T00:00:00,923
SLA000924,WO000678,C006,SV5,A003,P3,20250505,20250508,20250508,72,69.38,True,0.0,project_fact_sla_export.csv,2026-06-23T00:00:00,924
SLA000925,WO001308,C008,SV8,A003,P1,20250331,20250331,20250401,8,2.34,True,0.0,project_fact_sla_export.csv,2026-06-23T00:00:00,925
SLA000926,WO004487,C019,SV3,A004,P3,20250114,20250117,20250117,72,51.76,True,0.0,project_fact_sla_export.csv,2026-06-23T00:00:00,926
SLA000927,WO004588,C019,SV5,A005,P3,20250529,20250601,20250531,72,32.35,True,0.0,project_fact_sla_export.csv,2026-06-23T00:00:00,927
SLA000928,WO002797,C015,SV6,A003,P3,20250601,20250604,20250603,72,26.05,True,0.0,project_fact_sla_export.csv,2026-06-23T00:00:00,928
SLA000929,WO003653,C017,SV4,A005,P4,20250625,20250630,20250630,120,100.32,True,0.0,project_fact_sla_export.csv,2026-06-23T00:00:00,929
SLA000930,WO001127,C017,SV3,A005,P3,20250502,20250505,20250505,72,71.14,True,0.0,project_fact_sla_export.csv,2026-06-23T00:00:00,930
SLA000931,WO001118,C006,SV1,A004,P3,20250226,20250301,20250303,72,96.54,False,24.54,project_fact_sla_export.csv,2026-06-23T00:00:00,931
SLA000932,WO004172,C006,SV6,A005,P3,20250530,20250602,20250601,72,32.86,True,0.0,project_fact_sla_export.csv,2026-06-23T00:00:00,932
SLA000933,WO000719,C007,SV4,A005,P4,20250109,20250114,20250111,120,47.02,True,0.0,project_fact_sla_export.csv,2026-06-23T00:00:00,933
SLA000934,WO003050,C004,SV4,A001,P3,20250619,20250622,20250621,72,28.28,True,0.0,project_fact_sla_export.csv,2026-06-23T00:00:00,934
SLA000935,WO004729,C019,SV4,A003,P2,20250202,20250203,20250203,24,16.84,True,0.0,project_fact_sla_export.csv,2026-06-23T00:00:00,935
SLA000936,WO004616,C014,SV6,A003,P3,20250506,20250509,20250514,72,174.84,False,102.84,project_fact_sla_export.csv,2026-06-23T00:00:00,936
SLA000937,WO003357,C005,SV4,A005,P2,20250628,20250629,20250629,24,18.81,True,0.0,project_fact_sla_export.csv,2026-06-23T00:00:00,937
SLA000938,WO003179,C005,SV1,A001,P3,20250629,20250702,20250630,72,68.49,True,0.0,project_fact_sla_export.csv,2026-06-23T00:00:00,938
SLA000939,WO003225,C011,SV8,A001,P2,20250429,20250430,20250430,24,23.57,True,0.0,project_fact_sla_export.csv,2026-06-23T00:00:00,939
SLA000940,WO004351,C011,SV6,A004,P4,20250608,20250613,20250610,120,39.53,True,0.0,project_fact_sla_export.csv,2026-06-23T00:00:00,940
SLA000941,WO000642,C006,SV8,A004,P4,20250123,20250128,20250129,120,127.19,False,7.19,project_fact_sla_export.csv,2026-06-23T00:00:00,941
SLA000942,WO001201,C010,SV8,A004,P4,20250220,20250225,20250225,120,101.45,True,0.0,project_fact_sla_export.csv,2026-06-23T00:00:00,942
SLA000943,WO003993,C015,SV2,A005,P2,20250202,20250203,20250203,24,22.76,True,0.0,project_fact_sla_export.csv,2026-06-23T00:00:00,943
SLA000944,WO002153,C015,SV1,A004,P3,20250619,20250622,20250622,72,49.06,True,0.0,project_fact_sla_export.csv,2026-06-23T00:00:00,944
SLA000945,WO002499,C010,SV1,A001,P2,20250131,20250201,20250201,24,22.02,True,0.0,project_fact_sla_export.csv,2026-06-23T00:00:00,945
SLA000946,WO002272,C014,SV6,A001,P3,20250423,20250426,20250427,72,95.85,False,23.85,project_fact_sla_export.csv,2026-06-23T00:00:00,946
SLA000947,WO001981,C004,SV2,A005,P2,20250401,20250402,20250402,24,7.67,True,0.0,project_fact_sla_export.csv,2026-06-23T00:00:00,947
SLA000948,WO003387,C014,SV1,A002,P2,20250406,20250407,20250407,24,13.25,True,0.0,project_fact_sla_export.csv,2026-06-23T00:00:00,948
SLA000949,WO002088,C015,SV3,A003,P2,20250202,20250203,20250203,24,13.73,True,0.0,project_fact_sla_export.csv,2026-06-23T00:00:00,949
SLA000950,WO000192,C009,SV8,A006,P1,20250117,20250117,20250118,8,3.37,True,0.0,project_fact_sla_export.csv,2026-06-23T00:00:00,950
SLA000951,WO002303,C012,SV5,A006,P3,20250420,20250423,20250423,72,55.75,True,0.0,project_fact_sla_export.csv,2026-06-23T00:00:00,951
SLA000952,WO000687,C015,SV5,A005,P3,20250430,20250503,20250503,72,63.8,True,0.0,project_fact_sla_export.csv,2026-06-23T00:00:00,952
SLA000953,WO001245,C004,SV4,A002,P4,20250430,20250505,20250504,120,76.32,True,0.0,project_fact_sla_export.csv,2026-06-23T00:00:00,953
SLA000954,WO003733,C003,SV3,A004,P3,20250430,20250503,20250502,72,33.68,True,0.0,project_fact_sla_export.csv,2026-06-23T00:00:00,954
SLA000955,WO002271,C010,SV7,A003,P1,20250427,20250427,20250428,8,2.32,True,0.0,project_fact_sla_export.csv,2026-06-23T00:00:00,955
SLA000956,WO003470,C004,SV6,A001,P3,20250121,20250124,20250124,72,58.38,True,0.0,project_fact_sla_export.csv,2026-06-23T00:00:00,956
SLA000957,WO000309,C014,SV5,A005,P1,20250323,20250323,20250324,8,3.69,True,0.0,project_fact_sla_export.csv,2026-06-23T00:00:00,957
SLA000958,WO000524,C007,SV2,A005,P2,20250206,20250207,20250207,24,12.56,True,0.0,project_fact_sla_export.csv,2026-06-23T00:00:00,958
SLA000959,WO000971,C014,SV7,A004,P2,20250520,20250521,20250521,24,16.92,True,0.0,project_fact_sla_export.csv,2026-06-23T00:00:00,959
SLA000960,WO003120,C003,SV4,A005,P3,20250107,20250110,20250109,72,26.03,True,0.0,project_fact_sla_export.csv,2026-06-23T00:00:00,960
SLA000961,WO000182,C008,SV1,A005,P2,20250117,20250118,20250119,24,31.56,False,7.56,project_fact_sla_export.csv,2026-06-23T00:00:00,961
SLA000962,WO000076,C015,SV6,A005,P3,20250511,20250514,20250513,72,39.83,True,0.0,project_fact_sla_export.csv,2026-06-23T00:00:00,962
SLA000963,WO000222,C012,SV6,A004,P2,20250603,20250604,20250605,24,26.73,False,2.73,project_fact_sla_export.csv,2026-06-23T00:00:00,963
SLA000964,WO002470,C020,SV2,A005,P3,20250113,20250116,20250118,72,111.79,False,39.79,project_fact_sla_export.csv,2026-06-23T00:00:00,964
SLA000965,WO000572,C010,SV6,A003,P2,20250203,20250204,20250204,24,10.45,True,0.0,project_fact_sla_export.csv,2026-06-23T00:00:00,965
SLA000966,WO000013,C015,SV5,A004,P1,20250507,20250507,20250508,8,6.32,True,0.0,project_fact_sla_export.csv,2026-06-23T00:00:00,966
SLA000967,WO004929,C010,SV6,A003,P2,20250410,20250411,20250411,24,23.18,True,0.0,project_fact_sla_export.csv,2026-06-23T00:00:00,967
SLA000968,WO002182,C002,SV7,A004,P2,20250405,20250406,20250406,24,11.79,True,0.0,project_fact_sla_export.csv,2026-06-23T00:00:00,968
SLA000969,WO003762,C018,SV7,A003,P2,20250103,20250104,20250106,24,50.14,False,26.14,project_fact_sla_export.csv,2026-06-23T00:00:00,969
SLA000970,WO000387,C014,SV3,A002,P3,20250105,20250108,20250109,72,78.29,False,6.29,project_fact_sla_export.csv,2026-06-23T00:00:00,970
SLA000971,WO001741,C003,SV8,A003,P4,20250211,20250216,20250216,120,108.73,True,0.0,project_fact_sla_export.csv,2026-06-23T00:00:00,971
SLA000972,WO003885,C011,SV1,A006,P2,20250321,20250322,20250322,24,17.06,True,0.0,project_fact_sla_export.csv,2026-06-23T00:00:00,972
SLA000973,WO003877,C008,SV2,A005,P1,20250604,20250604,20250605,8,2.44,True,0.0,project_fact_sla_export.csv,2026-06-23T00:00:00,973
SLA000974,WO004803,C016,SV6,A003,P3,20250626,20250629,20250628,72,38.67,True,0.0,project_fact_sla_export.csv,2026-06-23T00:00:00,974
SLA000975,WO001140,C016,SV5,A005,P2,20250503,20250504,20250505,24,27.9,False,3.9,project_fact_sla_export.csv,2026-06-23T00:00:00,975
SLA000976,WO002270,C007,SV6,A004,P4,20250311,20250316,20250315,120,72.9,True,0.0,project_fact_sla_export.csv,2026-06-23T00:00:00,976
SLA000977,WO000483,C015,SV1,A005,P2,20250506,20250507,20250507,24,7.58,True,0.0,project_fact_sla_export.csv,2026-06-23T00:00:00,977
SLA000978,WO004274,C013,SV5,A004,P1,20250122,20250122,20250123,8,5.09,True,0.0,project_fact_sla_export.csv,2026-06-23T00:00:00,978
SLA000979,WO001776,C015,SV4,A001,P2,20250625,20250626,20250628,24,49.83,False,25.83,project_fact_sla_export.csv,2026-06-23T00:00:00,979
SLA000980,WO002668,C005,SV3,A006,P2,20250508,20250509,20250509,24,12.09,True,0.0,project_fact_sla_export.csv,2026-06-23T00:00:00,980
SLA000981,WO001420,C007,SV6,A006,P2,20250324,20250325,20250326,24,24.29,False,0.29,project_fact_sla_export.csv,2026-06-23T00:00:00,981
SLA000982,WO004734,C003,SV7,A001,P4,20250511,20250516,20250516,120,119.38,True,0.0,project_fact_sla_export.csv,2026-06-23T00:00:00,982
SLA000983,WO001857,C008,SV7,A006,P2,20250514,20250515,20250516,24,26.08,False,2.08,project_fact_sla_export.csv,2026-06-23T00:00:00,983
SLA000984,WO002250,C007,SV3,A005,P2,20250421,20250422,20250422,24,14.78,True,0.0,project_fact_sla_export.csv,2026-06-23T00:00:00,984
SLA000985,WO003104,C012,SV6,A003,P2,20250121,20250122,20250122,24,6.0,True,0.0,project_fact_sla_export.csv,2026-06-23T00:00:00,985
SLA000986,WO001327,C004,SV6,A003,P2,20250629,20250630,20250630,24,17.22,True,0.0,project_fact_sla_export.csv,2026-06-23T00:00:00,986
SLA000987,WO002350,C004,SV7,A006,P2,20250309,20250310,20250310,24,19.8,True,0.0,project_fact_sla_export.csv,2026-06-23T00:00:00,987
SLA000988,WO000141,C002,SV3,A004,P2,20250615,20250616,20250616,24,18.27,True,0.0,project_fact_sla_export.csv,2026-06-23T00:00:00,988
SLA000989,WO002030,C011,SV2,A005,P4,20250106,20250111,20250110,120,81.12,True,0.0,project_fact_sla_export.csv,2026-06-23T00:00:00,989
SLA000990,WO000329,C010,SV7,A004,P3,20250409,20250412,20250413,72,78.97,False,6.97,project_fact_sla_export.csv,2026-06-23T00:00:00,990
SLA000991,WO004650,C001,SV8,A005,P1,20250616,20250616,20250617,8,3.13,True,0.0,project_fact_sla_export.csv,2026-06-23T00:00:00,991
SLA000992,WO001753,C012,SV2,A006,P4,20250410,20250415,20250412,120,45.96,True,0.0,project_fact_sla_export.csv,2026-06-23T00:00:00,992
SLA000993,WO000278,C012,SV6,A006,P3,20250105,20250108,20250108,72,68.03,True,0.0,project_fact_sla_export.csv,2026-06-23T00:00:00,993
SLA000994,WO001984,C007,SV2,A002,P3,20250521,20250524,20250526,72,106.94,False,34.94,project_fact_sla_export.csv,2026-06-23T00:00:00,994
SLA000995,WO000030,C019,SV2,A004,P4,20250619,20250624,20250625,120,124.8,False,4.8,project_fact_sla_export.csv,2026-06-23T00:00:00,995
SLA000996,WO002281,C004,SV2,A005,P2,20250310,20250311,20250311,24,18.19,True,0.0,project_fact_sla_export.csv,2026-06-23T00:00:00,996
SLA000997,WO001460,C006,SV4,A005,P1,20250122,20250122,20250123,8,6.53,True,0.0,project_fact_sla_export.csv,2026-06-23T00:00:00,997
SLA000998,WO000984,C015,SV7,A001,P2,20250120,20250121,20250123,24,54.67,False,30.67,project_fact_sla_export.csv,2026-06-23T00:00:00,998
SLA000999,WO001177,C011,SV4,A004,P3,20250519,20250522,20250522,72,52.33,True,0.0,project_fact_sla_export.csv,2026-06-23T00:00:00,999
SLA001000,WO003379,C004,SV5,A005,P2,20250510,20250511,20250511,24,12.04,True,0.0,project_fact_sla_export.csv,2026-06-23T00:00:00,1000
SLA001001,WO004430,C014,SV2,A005,P1,20250613,20250613,20250614,8,5.5,True,0.0,project_fact_sla_export.csv,2026-06-23T00:00:00,1001
SLA001002,WO001305,C004,SV3,A005,P3,20250329,20250401,20250331,72,32.07,True,0.0,project_fact_sla_export.csv,2026-06-23T00:00:00,1002
SLA001003,WO000016,C016,SV7,A006,P3,20250408,20250411,20250410,72,28.07,True,0.0,project_fact_sla_export.csv,2026-06-23T00:00:00,1003
SLA001004,WO003263,C018,SV3,A006,P4,20250322,20250327,20250329,120,154.29,False,34.29,project_fact_sla_export.csv,2026-06-23T00:00:00,1004
SLA001005,WO001429,C010,SV1,A003,P1,20250228,20250228,20250301,8,7.67,True,0.0,project_fact_sla_export.csv,2026-06-23T00:00:00,1005
SLA001006,WO001382,C013,SV1,A003,P1,20250513,20250513,20250514,8,2.0,True,0.0,project_fact_sla_export.csv,2026-06-23T00:00:00,1006
SLA001007,WO003090,C004,SV4,A004,P3,20250105,20250108,20250109,72,94.15,False,22.15,project_fact_sla_export.csv,2026-06-23T00:00:00,1007
SLA001008,WO002341,C006,SV1,A003,P2,20250522,20250523,20250523,24,13.04,True,0.0,project_fact_sla_export.csv,2026-06-23T00:00:00,1008
SLA001009,WO000861,C008,SV6,A006,P3,20250509,20250512,20250511,72,44.18,True,0.0,project_fact_sla_export.csv,2026-06-23T00:00:00,1009
SLA001010,WO000005,C012,SV3,A001,P2,20250213,20250214,20250214,24,11.6,True,0.0,project_fact_sla_export.csv,2026-06-23T00:00:00,1010
SLA001011,WO002228,C018,SV4,A003,P2,20250404,20250405,20250405,24,20.88,True,0.0,project_fact_sla_export.csv,2026-06-23T00:00:00,1011
SLA001012,WO002616,C001,SV6,A005,P2,20250519,20250520,20250520,24,18.45,True,0.0,project_fact_sla_export.csv,2026-06-23T00:00:00,1012
SLA001013,WO000456,C001,SV1,A005,P3,20250430,20250503,20250502,72,33.05,True,0.0,project_fact_sla_export.csv,2026-06-23T00:00:00,1013
SLA001014,WO001755,C013,SV2,A003,P2,20250611,20250612,20250613,24,31.43,False,7.43,project_fact_sla_export.csv,2026-06-23T00:00:00,1014
SLA001015,WO004420,C019,SV8,A003,P3,20250214,20250217,20250217,72,51.55,True,0.0,project_fact_sla_export.csv,2026-06-23T00:00:00,1015
SLA001016,WO004982,C016,SV2,A006,P2,20250315,20250316,20250316,24,12.27,True,0.0,project_fact_sla_export.csv,2026-06-23T00:00:00,1016
SLA001017,WO000730,C018,SV5,A005,P1,20250513,20250513,20250514,8,4.83,True,0.0,project_fact_sla_export.csv,2026-06-23T00:00:00,1017
SLA001018,WO004991,C017,SV7,A006,P3,20250106,20250109,20250108,72,32.41,True,0.0,project_fact_sla_export.csv,2026-06-23T00:00:00,1018
SLA001019,WO002209,C013,SV5,A004,P3,20250321,20250324,20250323,72,41.0,True,0.0,project_fact_sla_export.csv,2026-06-23T00:00:00,1019
SLA001020,WO003572,C006,SV5,A002,P2,20250413,20250414,20250415,24,41.78,False,17.78,project_fact_sla_export.csv,2026-06-23T00:00:00,1020
SLA001021,WO004160,C009,SV4,A001,P1,20250509,20250509,20250510,8,6.27,True,0.0,project_fact_sla_export.csv,2026-06-23T00:00:00,1021
SLA001022,WO003566,C001,SV2,A004,P3,20250208,20250211,20250210,72,29.02,True,0.0,project_fact_sla_export.csv,2026-06-23T00:00:00,1022
SLA001023,WO002301,C020,SV3,A005,P3,20250123,20250126,20250130,72,149.47,False,77.47,project_fact_sla_export.csv,2026-06-23T00:00:00,1023
SLA001024,WO004854,C004,SV3,A004,P3,20250305,20250308,20250309,72,73.96,False,1.96,project_fact_sla_export.csv,2026-06-23T00:00:00,1024
SLA001025,WO002267,C008,SV6,A004,P3,20250424,20250427,20250426,72,34.95,True,0.0,project_fact_sla_export.csv,2026-06-23T00:00:00,1025
SLA001026,WO003654,C004,SV4,A005,P2,20250419,20250420,20250420,24,13.7,True,0.0,project_fact_sla_export.csv,2026-06-23T00:00:00,1026
SLA001027,WO004652,C019,SV4,A005,P3,20250510,20250513,20250514,72,92.41,False,20.41,project_fact_sla_export.csv,2026-06-23T00:00:00,1027
SLA001028,WO003605,C008,SV6,A006,P1,20250424,20250424,20250425,8,4.33,True,0.0,project_fact_sla_export.csv,2026-06-23T00:00:00,1028
SLA001029,WO001766,C015,SV7,A003,P2,20250606,20250607,20250607,24,6.94,True,0.0,project_fact_sla_export.csv,2026-06-23T00:00:00,1029
SLA001030,WO003632,C001,SV1,A005,P3,20250205,20250208,20250209,72,92.89,False,20.89,project_fact_sla_export.csv,2026-06-23T00:00:00,1030
SLA001031,WO000874,C009,SV2,A004,P1,20250201,20250201,20250202,8,5.01,True,0.0,project_fact_sla_export.csv,2026-06-23T00:00:00,1031
SLA001032,WO003458,C012,SV2,A004,P4,20250524,20250529,20250528,120,92.55,True,0.0,project_fact_sla_export.csv,2026-06-23T00:00:00,1032
SLA001033,WO004262,C019,SV7,A002,P2,20250307,20250308,20250308,24,23.47,True,0.0,project_fact_sla_export.csv,2026-06-23T00:00:00,1033
SLA001034,WO000380,C020,SV1,A005,P3,20250306,20250309,20250308,72,46.88,True,0.0,project_fact_sla_export.csv,2026-06-23T00:00:00,1034
SLA001035,WO003698,C011,SV7,A006,P1,20250520,20250520,20250521,8,3.72,True,0.0,project_fact_sla_export.csv,2026-06-23T00:00:00,1035
SLA001036,WO002288,C006,SV4,A005,P3,20250327,20250330,20250330,72,59.06,True,0.0,project_fact_sla_export.csv,2026-06-23T00:00:00,1036
SLA001037,WO004797,C012,SV4,A005,P2,20250626,20250627,20250628,24,24.06,False,0.06,project_fact_sla_export.csv,2026-06-23T00:00:00,1037
SLA001038,WO003258,C004,SV3,A003,P3,20250420,20250423,20250423,72,64.67,True,0.0,project_fact_sla_export.csv,2026-06-23T00:00:00,1038
SLA001039,WO001040,C004,SV7,A001,P4,20250506,20250511,20250509,120,57.86,True,0.0,project_fact_sla_export.csv,2026-06-23T00:00:00,1039
SLA001040,WO002806,C019,SV3,A002,P2,20250525,20250526,20250527,24,35.03,False,11.03,project_fact_sla_export.csv,2026-06-23T00:00:00,1040
SLA001041,WO001712,C012,SV3,A005,P2,20250411,20250412,20250412,24,14.68,True,0.0,project_fact_sla_export.csv,2026-06-23T00:00:00,1041
SLA001042,WO001422,C016,SV1,A004,P2,20250527,20250528,20250528,24,22.8,True,0.0,project_fact_sla_export.csv,2026-06-23T00:00:00,1042
SLA001043,WO000665,C009,SV5,A003,P1,20250409,20250409,20250410,8,4.39,True,0.0,project_fact_sla_export.csv,2026-06-23T00:00:00,1043
SLA001044,WO004953,C007,SV3,A004,P3,20250420,20250423,20250423,72,69.97,True,0.0,project_fact_sla_export.csv,2026-06-23T00:00:00,1044
SLA001045,WO003473,C012,SV6,A002,P1,20250215,20250215,20250216,8,3.78,True,0.0,project_fact_sla_export.csv,2026-06-23T00:00:00,1045
SLA001046,WO004289,C020,SV2,A006,P3,20250604,20250607,20250605,72,21.46,True,0.0,project_fact_sla_export.csv,2026-06-23T00:00:00,1046
SLA001047,WO002950,C002,SV1,A006,P2,20250114,20250115,20250116,24,28.79,False,4.79,project_fact_sla_export.csv,2026-06-23T00:00:00,1047
SLA001048,WO003305,C012,SV1,A005,P2,20250305,20250306,20250306,24,12.24,True,0.0,project_fact_sla_export.csv,2026-06-23T00:00:00,1048
SLA001049,WO000633,C017,SV2,A006,P4,20250418,20250423,20250423,120,110.73,True,0.0,project_fact_sla_export.csv,2026-06-23T00:00:00,1049
SLA001050,WO001124,C013,SV3,A006,P4,20250106,20250111,20250108,120,46.57,True,0.0,project_fact_sla_export.csv,2026-06-23T00:00:00,1050
SLA001051,WO003386,C007,SV1,A006,P4,20250529,20250603,20250603,120,113.51,True,0.0,project_fact_sla_export.csv,2026-06-23T00:00:00,1051
SLA001052,WO002545,C016,SV4,A005,P2,20250309,20250310,20250310,24,14.52,True,0.0,project_fact_sla_export.csv,2026-06-23T00:00:00,1052
SLA001053,WO000680,C020,SV1,A005,P3,20250609,20250612,20250612,72,49.32,True,0.0,project_fact_sla_export.csv,2026-06-23T00:00:00,1053
SLA001054,WO001170,C002,SV1,A005,P2,20250201,20250202,20250202,24,8.8,True,0.0,project_fact_sla_export.csv,2026-06-23T00:00:00,1054
SLA001055,WO003570,C003,SV7,A001,P1,20250505,20250505,20250506,8,5.85,True,0.0,project_fact_sla_export.csv,2026-06-23T00:00:00,1055
SLA001056,WO003921,C002,SV1,A002,P1,20250409,20250409,20250410,8,5.53,True,0.0,project_fact_sla_export.csv,2026-06-23T00:00:00,1056
SLA001057,WO003412,C002,SV1,A005,P2,20250226,20250227,20250227,24,20.72,True,0.0,project_fact_sla_export.csv,2026-06-23T00:00:00,1057
SLA001058,WO003940,C006,SV4,A004,P2,20250304,20250305,20250305,24,16.25,True,0.0,project_fact_sla_export.csv,2026-06-23T00:00:00,1058
SLA001059,WO001907,C010,SV1,A001,P4,20250423,20250428,20250501,120,169.26,False,49.26,project_fact_sla_export.csv,2026-06-23T00:00:00,1059
SLA001060,WO003330,C011,SV6,A004,P2,20250615,20250616,20250617,24,24.96,False,0.96,project_fact_sla_export.csv,2026-06-23T00:00:00,1060
SLA001061,WO001676,C012,SV7,A002,P2,20250113,20250114,20250115,24,37.65,False,13.65,project_fact_sla_export.csv,2026-06-23T00:00:00,1061
SLA001062,WO001133,C012,SV1,A005,P2,20250307,20250308,20250308,24,12.08,True,0.0,project_fact_sla_export.csv,2026-06-23T00:00:00,1062
SLA001063,WO004516,C006,SV8,A005,P3,20250409,20250412,20250411,72,36.11,True,0.0,project_fact_sla_export.csv,2026-06-23T00:00:00,1063
SLA001064,WO004640,C007,SV2,A004,P3,20250128,20250131,20250201,72,75.18,False,3.18,project_fact_sla_export.csv,2026-06-23T00:00:00,1064
SLA001065,WO002098,C003,SV3,A005,P4,20250425,20250430,20250427,120,29.83,True,0.0,project_fact_sla_export.csv,2026-06-23T00:00:00,1065
SLA001066,WO004779,C011,SV7,A004,P2,20250605,20250606,20250606,24,18.32,True,0.0,project_fact_sla_export.csv,2026-06-23T00:00:00,1066
SLA001067,WO002069,C017,SV1,A005,P2,20250315,20250316,20250316,24,18.46,True,0.0,project_fact_sla_export.csv,2026-06-23T00:00:00,1067
SLA001068,WO002569,C009,SV8,A005,P3,20250213,20250216,20250215,72,38.46,True,0.0,project_fact_sla_export.csv,2026-06-23T00:00:00,1068
SLA001069,WO002680,C007,SV5,A004,P1,20250408,20250408,20250409,8,5.35,True,0.0,project_fact_sla_export.csv,2026-06-23T00:00:00,1069
SLA001070,WO004294,C008,SV2,A003,P1,20250123,20250123,20250124,8,2.65,True,0.0,project_fact_sla_export.csv,2026-06-23T00:00:00,1070
SLA001071,WO004840,C018,SV6,A004,P3,20250502,20250505,20250505,72,68.27,True,0.0,project_fact_sla_export.csv,2026-06-23T00:00:00,1071
SLA001072,WO002395,C004,SV5,A005,P2,20250211,20250212,20250212,24,13.39,True,0.0,project_fact_sla_export.csv,2026-06-23T00:00:00,1072
SLA001073,WO003872,C015,SV5,A006,P2,20250321,20250322,20250322,24,10.63,True,0.0,project_fact_sla_export.csv,2026-06-23T00:00:00,1073
SLA001074,WO000259,C012,SV8,A004,P3,20250322,20250325,20250327,72,106.74,False,34.74,project_fact_sla_export.csv,2026-06-23T00:00:00,1074
SLA001075,WO002056,C011,SV8,A006,P4,20250303,20250308,20250312,120,199.87,False,79.87,project_fact_sla_export.csv,2026-06-23T00:00:00,1075
SLA001076,WO004707,C020,SV2,A005,P2,20250430,20250501,20250502,24,25.56,False,1.56,project_fact_sla_export.csv,2026-06-23T00:00:00,1076
SLA001077,WO003029,C010,SV3,A004,P3,20250327,20250330,20250329,72,33.72,True,0.0,project_fact_sla_export.csv,2026-06-23T00:00:00,1077
SLA001078,WO001944,C015,SV2,A003,P1,20250505,20250505,20250506,8,10.06,False,2.06,project_fact_sla_export.csv,2026-06-23T00:00:00,1078
SLA001079,WO002696,C007,SV5,A004,P3,20250203,20250206,20250205,72,36.07,True,0.0,project_fact_sla_export.csv,2026-06-23T00:00:00,1079
SLA001080,WO004125,C019,SV6,A001,P2,20250418,20250419,20250420,24,27.26,False,3.26,project_fact_sla_export.csv,2026-06-23T00:00:00,1080
SLA001081,WO002148,C013,SV6,A006,P3,20250604,20250607,20250608,72,72.68,False,0.68,project_fact_sla_export.csv,2026-06-23T00:00:00,1081
SLA001082,WO001087,C007,SV6,A006,P4,20250503,20250508,20250507,120,84.15,True,0.0,project_fact_sla_export.csv,2026-06-23T00:00:00,1082
SLA001083,WO002180,C006,SV6,A004,P4,20250418,20250423,20250422,120,74.61,True,0.0,project_fact_sla_export.csv,2026-06-23T00:00:00,1083
SLA001084,WO004605,C006,SV2,A005,P3,20250419,20250422,20250422,72,49.05,True,0.0,project_fact_sla_export.csv,2026-06-23T00:00:00,1084
SLA001085,WO004234,C020,SV4,A005,P3,20250620,20250623,20250624,72,88.31,False,16.31,project_fact_sla_export.csv,2026-06-23T00:00:00,1085
SLA001086,WO004104,C003,SV2,A001,P3,20250220,20250223,20250221,72,22.73,True,0.0,project_fact_sla_export.csv,2026-06-23T00:00:00,1086
SLA001087,WO004359,C004,SV7,A003,P3,20250628,20250701,20250629,72,21.54,True,0.0,project_fact_sla_export.csv,2026-06-23T00:00:00,1087
SLA001088,WO004583,C008,SV6,A001,P1,20250612,20250612,20250613,8,6.61,True,0.0,project_fact_sla_export.csv,2026-06-23T00:00:00,1088
SLA001089,WO004446,C017,SV3,A005,P4,20250423,20250428,20250506,120,288.88,False,168.88,project_fact_sla_export.csv,2026-06-23T00:00:00,1089
SLA001090,WO001340,C012,SV8,A001,P3,20250221,20250224,20250224,72,69.57,True,0.0,project_fact_sla_export.csv,2026-06-23T00:00:00,1090
SLA001091,WO004918,C016,SV5,A003,P3,20250406,20250409,20250408,72,29.37,True,0.0,project_fact_sla_export.csv,2026-06-23T00:00:00,1091
SLA001092,WO004457,C016,SV7,A005,P3,20250628,20250701,20250629,72,17.13,True,0.0,project_fact_sla_export.csv,2026-06-23T00:00:00,1092
SLA001093,WO002181,C004,SV1,A003,P2,20250318,20250319,20250319,24,7.71,True,0.0,project_fact_sla_export.csv,2026-06-23T00:00:00,1093
SLA001094,WO002008,C005,SV4,A004,P3,20250611,20250614,20250614,72,53.47,True,0.0,project_fact_sla_export.csv,2026-06-23T00:00:00,1094
SLA001095,WO003706,C017,SV4,A005,P3,20250210,20250213,20250212,72,36.43,True,0.0,project_fact_sla_export.csv,2026-06-23T00:00:00,1095
SLA001096,WO001665,C019,SV3,A006,P3,20250320,20250323,20250323,72,63.16,True,0.0,project_fact_sla_export.csv,2026-06-23T00:00:00,1096
SLA001097,WO004657,C001,SV7,A002,P2,20250316,20250317,20250318,24,25.14,False,1.14,project_fact_sla_export.csv,2026-06-23T00:00:00,1097
SLA001098,WO000461,C008,SV5,A004,P2,20250316,20250317,20250317,24,10.55,True,0.0,project_fact_sla_export.csv,2026-06-23T00:00:00,1098
SLA001099,WO004314,C004,SV4,A001,P3,20250227,20250302,20250305,72,122.68,False,50.68,project_fact_sla_export.csv,2026-06-23T00:00:00,1099
SLA001100,WO000550,C010,SV6,A004,P3,20250116,20250119,20250123,72,147.41,False,75.41,project_fact_sla_export.csv,2026-06-23T00:00:00,1100
SLA001101,WO002960,C005,SV6,A005,P3,20250328,20250331,20250402,72,109.12,False,37.12,project_fact_sla_export.csv,2026-06-23T00:00:00,1101
SLA001102,WO003336,C013,SV7,A005,P3,20250110,20250113,20250112,72,27.29,True,0.0,project_fact_sla_export.csv,2026-06-23T00:00:00,1102
SLA001103,WO004967,C012,SV1,A001,P2,20250214,20250215,20250216,24,34.59,False,10.59,project_fact_sla_export.csv,2026-06-23T00:00:00,1103
SLA001104,WO002080,C016,SV3,A005,P1,20250429,20250429,20250430,8,5.07,True,0.0,project_fact_sla_export.csv,2026-06-23T00:00:00,1104
SLA001105,WO000658,C007,SV2,A002,P3,20250624,20250627,20250627,72,51.18,True,0.0,project_fact_sla_export.csv,2026-06-23T00:00:00,1105
SLA001106,WO001160,C013,SV3,A001,P2,20250416,20250417,20250417,24,17.52,True,0.0,project_fact_sla_export.csv,2026-06-23T00:00:00,1106
SLA001107,WO000392,C017,SV6,A005,P2,20250529,20250530,20250530,24,10.25,True,0.0,project_fact_sla_export.csv,2026-06-23T00:00:00,1107
SLA001108,WO002907,C017,SV8,A001,P4,20250617,20250622,20250626,120,209.34,False,89.34,project_fact_sla_export.csv,2026-06-23T00:00:00,1108
SLA001109,WO000006,C008,SV1,A002,P4,20250306,20250311,20250314,120,174.74,False,54.74,project_fact_sla_export.csv,2026-06-23T00:00:00,1109
SLA001110,WO003018,C015,SV3,A002,P2,20250216,20250217,20250217,24,15.72,True,0.0,project_fact_sla_export.csv,2026-06-23T00:00:00,1110
SLA001111,WO001289,C011,SV8,A003,P1,20250217,20250217,20250218,8,1.27,True,0.0,project_fact_sla_export.csv,2026-06-23T00:00:00,1111
SLA001112,WO002027,C013,SV2,A004,P1,20250612,20250612,20250613,8,3.75,True,0.0,project_fact_sla_export.csv,2026-06-23T00:00:00,1112
SLA001113,WO001768,C001,SV6,A003,P1,20250308,20250308,20250309,8,4.79,True,0.0,project_fact_sla_export.csv,2026-06-23T00:00:00,1113
SLA001114,WO004191,C016,SV2,A005,P1,20250119,20250119,20250120,8,5.57,True,0.0,project_fact_sla_export.csv,2026-06-23T00:00:00,1114
SLA001115,WO001019,C007,SV5,A006,P4,20250428,20250503,20250504,120,123.24,False,3.24,project_fact_sla_export.csv,2026-06-23T00:00:00,1115
SLA001116,WO000968,C001,SV4,A006,P2,20250425,20250426,20250426,24,5.53,True,0.0,project_fact_sla_export.csv,2026-06-23T00:00:00,1116
SLA001117,WO002077,C006,SV3,A001,P4,20250327,20250401,20250402,120,121.59,False,1.59,project_fact_sla_export.csv,2026-06-23T00:00:00,1117
SLA001118,WO001875,C007,SV1,A004,P4,20250414,20250419,20250416,120,31.86,True,0.0,project_fact_sla_export.csv,2026-06-23T00:00:00,1118
SLA001119,WO000457,C002,SV8,A002,P3,20250504,20250507,20250507,72,71.32,True,0.0,project_fact_sla_export.csv,2026-06-23T00:00:00,1119
SLA001120,WO004498,C010,SV8,A003,P2,20250319,20250320,20250320,24,16.56,True,0.0,project_fact_sla_export.csv,2026-06-23T00:00:00,1120
SLA001121,WO002244,C019,SV5,A005,P3,20250112,20250115,20250115,72,48.89,True,0.0,project_fact_sla_export.csv,2026-06-23T00:00:00,1121
SLA001122,WO000165,C015,SV4,A003,P4,20250503,20250508,20250505,120,44.05,True,0.0,project_fact_sla_export.csv,2026-06-23T00:00:00,1122
SLA001123,WO001296,C014,SV1,A005,P3,20250622,20250625,20250625,72,50.77,True,0.0,project_fact_sla_export.csv,2026-06-23T00:00:00,1123
SLA001124,WO002921,C012,SV3,A001,P1,20250117,20250117,20250118,8,6.14,True,0.0,project_fact_sla_export.csv,2026-06-23T00:00:00,1124
SLA001125,WO002028,C019,SV1,A003,P2,20250417,20250418,20250418,24,11.44,True,0.0,project_fact_sla_export.csv,2026-06-23T00:00:00,1125
SLA001126,WO002336,C019,SV3,A003,P4,20250114,20250119,20250118,120,78.86,True,0.0,project_fact_sla_export.csv,2026-06-23T00:00:00,1126
SLA001127,WO003438,C019,SV7,A006,P1,20250609,20250609,20250610,8,6.94,True,0.0,project_fact_sla_export.csv,2026-06-23T00:00:00,1127
SLA001128,WO000451,C010,SV8,A006,P3,20250512,20250515,20250515,72,64.82,True,0.0,project_fact_sla_export.csv,2026-06-23T00:00:00,1128
SLA001129,WO002553,C013,SV6,A001,P3,20250615,20250618,20250617,72,41.52,True,0.0,project_fact_sla_export.csv,2026-06-23T00:00:00,1129
SLA001130,WO003816,C004,SV8,A004,P2,20250414,20250415,20250415,24,8.61,True,0.0,project_fact_sla_export.csv,2026-06-23T00:00:00,1130
SLA001131,WO004913,C012,SV1,A003,P1,20250510,20250510,20250511,8,3.49,True,0.0,project_fact_sla_export.csv,2026-06-23T00:00:00,1131
SLA001132,WO004922,C004,SV5,A005,P2,20250119,20250120,20250120,24,20.66,True,0.0,project_fact_sla_export.csv,2026-06-23T00:00:00,1132
SLA001133,WO001770,C003,SV2,A004,P4,20250429,20250504,20250501,120,34.32,True,0.0,project_fact_sla_export.csv,2026-06-23T00:00:00,1133
SLA001134,WO002356,C013,SV3,A005,P4,20250425,20250430,20250428,120,70.5,True,0.0,project_fact_sla_export.csv,2026-06-23T00:00:00,1134
SLA001135,WO001275,C016,SV6,A005,P4,20250617,20250622,20250627,120,216.84,False,96.84,project_fact_sla_export.csv,2026-06-23T00:00:00,1135
SLA001136,WO000506,C007,SV8,A004,P1,20250401,20250401,20250402,8,8.11,False,0.11,project_fact_sla_export.csv,2026-06-23T00:00:00,1136
SLA001137,WO001982,C001,SV7,A006,P4,20250612,20250617,20250619,120,163.8,False,43.8,project_fact_sla_export.csv,2026-06-23T00:00:00,1137
SLA001138,WO004872,C010,SV6,A003,P2,20250221,20250222,20250222,24,20.17,True,0.0,project_fact_sla_export.csv,2026-06-23T00:00:00,1138
SLA001139,WO004220,C012,SV1,A001,P3,20250118,20250121,20250120,72,36.84,True,0.0,project_fact_sla_export.csv,2026-06-23T00:00:00,1139
SLA001140,WO003520,C004,SV4,A001,P1,20250219,20250219,20250220,8,7.2,True,0.0,project_fact_sla_export.csv,2026-06-23T00:00:00,1140
SLA001141,WO001477,C007,SV4,A005,P3,20250424,20250427,20250427,72,61.64,True,0.0,project_fact_sla_export.csv,2026-06-23T00:00:00,1141
SLA001142,WO001550,C004,SV1,A006,P2,20250126,20250127,20250127,24,11.03,True,0.0,project_fact_sla_export.csv,2026-06-23T00:00:00,1142
SLA001143,WO002576,C009,SV4,A004,P3,20250518,20250521,20250520,72,42.63,True,0.0,project_fact_sla_export.csv,2026-06-23T00:00:00,1143
SLA001144,WO004925,C004,SV8,A005,P1,20250517,20250517,20250518,8,10.03,False,2.03,project_fact_sla_export.csv,2026-06-23T00:00:00,1144
SLA001145,WO001618,C005,SV6,A005,P3,20250408,20250411,20250410,72,24.82,True,0.0,project_fact_sla_export.csv,2026-06-23T00:00:00,1145
SLA001146,WO001211,C009,SV1,A006,P1,20250213,20250213,20250214,8,4.5,True,0.0,project_fact_sla_export.csv,2026-06-23T00:00:00,1146
SLA001147,WO001777,C016,SV8,A006,P2,20250409,20250410,20250411,24,25.86,False,1.86,project_fact_sla_export.csv,2026-06-23T00:00:00,1147
SLA001148,WO001499,C001,SV8,A003,P3,20250227,20250302,20250302,72,58.36,True,0.0,project_fact_sla_export.csv,2026-06-23T00:00:00,1148
SLA001149,WO001579,C008,SV2,A006,P3,20250312,20250315,20250315,72,61.95,True,0.0,project_fact_sla_export.csv,2026-06-23T00:00:00,1149
SLA001150,WO003807,C017,SV5,A006,P2,20250119,20250120,20250120,24,8.1,True,0.0,project_fact_sla_export.csv,2026-06-23T00:00:00,1150
SLA001151,WO000464,C009,SV4,A003,P4,20250223,20250228,20250226,120,54.54,True,0.0,project_fact_sla_export.csv,2026-06-23T00:00:00,1151
SLA001152,WO000777,C004,SV6,A001,P3,20250512,20250515,20250515,72,68.65,True,0.0,project_fact_sla_export.csv,2026-06-23T00:00:00,1152
SLA001153,WO003953,C015,SV2,A006,P1,20250108,20250108,20250109,8,6.76,True,0.0,project_fact_sla_export.csv,2026-06-23T00:00:00,1153
SLA001154,WO002919,C019,SV2,A003,P3,20250518,20250521,20250520,72,47.43,True,0.0,project_fact_sla_export.csv,2026-06-23T00:00:00,1154
SLA001155,WO003518,C005,SV5,A002,P3,20250619,20250622,20250621,72,46.05,True,0.0,project_fact_sla_export.csv,2026-06-23T00:00:00,1155
SLA001156,WO001178,C002,SV4,A004,P1,20250503,20250503,20250504,8,11.62,False,3.62,project_fact_sla_export.csv,2026-06-23T00:00:00,1156
SLA001157,WO001488,C017,SV7,A004,P3,20250201,20250204,20250205,72,86.0,False,14.0,project_fact_sla_export.csv,2026-06-23T00:00:00,1157
SLA001158,WO000262,C014,SV3,A004,P2,20250212,20250213,20250213,24,13.89,True,0.0,project_fact_sla_export.csv,2026-06-23T00:00:00,1158
SLA001159,WO004185,C019,SV2,A001,P2,20250401,20250402,20250403,24,42.78,False,18.78,project_fact_sla_export.csv,2026-06-23T00:00:00,1159
SLA001160,WO001228,C002,SV1,A002,P4,20250309,20250314,20250316,120,150.0,False,30.0,project_fact_sla_export.csv,2026-06-23T00:00:00,1160
SLA001161,WO002461,C018,SV1,A003,P4,20250622,20250627,20250624,120,36.6,True,0.0,project_fact_sla_export.csv,2026-06-23T00:00:00,1161
SLA001162,WO003009,C006,SV1,A006,P1,20250103,20250103,20250104,8,5.4,True,0.0,project_fact_sla_export.csv,2026-06-23T00:00:00,1162
SLA001163,WO004665,C019,SV6,A005,P2,20250630,20250701,20250630,24,28.67,False,4.67,project_fact_sla_export.csv,2026-06-23T00:00:00,1163
SLA001164,WO002630,C020,SV3,A004,P4,20250401,20250406,20250409,120,180.37,False,60.37,project_fact_sla_export.csv,2026-06-23T00:00:00,1164
SLA001165,WO000505,C006,SV6,A002,P3,20250502,20250505,20250506,72,72.5,False,0.5,project_fact_sla_export.csv,2026-06-23T00:00:00,1165
SLA001166,WO003079,C019,SV3,A005,P4,20250625,20250630,20250629,120,91.53,True,0.0,project_fact_sla_export.csv,2026-06-23T00:00:00,1166
SLA001167,WO002691,C012,SV4,A004,P3,20250203,20250206,20250205,72,42.02,True,0.0,project_fact_sla_export.csv,2026-06-23T00:00:00,1167
SLA001168,WO003546,C010,SV7,A005,P3,20250503,20250506,20250509,72,128.44,False,56.44,project_fact_sla_export.csv,2026-06-23T00:00:00,1168
SLA001169,WO003957,C015,SV6,A002,P1,20250122,20250122,20250123,8,3.51,True,0.0,project_fact_sla_export.csv,2026-06-23T00:00:00,1169
SLA001170,WO003712,C011,SV7,A005,P3,20250103,20250106,20250105,72,31.94,True,0.0,project_fact_sla_export.csv,2026-06-23T00:00:00,1170
SLA001171,WO001026,C017,SV8,A003,P2,20250405,20250406,20250406,24,19.63,True,0.0,project_fact_sla_export.csv,2026-06-23T00:00:00,1171
SLA001172,WO003367,C008,SV1,A001,P4,20250616,20250621,20250618,120,26.83,True,0.0,project_fact_sla_export.csv,2026-06-23T00:00:00,1172
SLA001173,WO001686,C008,SV4,A006,P1,20250506,20250506,20250507,8,10.9,False,2.9,project_fact_sla_export.csv,2026-06-23T00:00:00,1173
SLA001174,WO001469,C015,SV5,A005,P3,20250429,20250502,20250502,72,52.18,True,0.0,project_fact_sla_export.csv,2026-06-23T00:00:00,1174
SLA001175,WO001501,C013,SV5,A006,P4,20250417,20250422,20250421,120,90.2,True,0.0,project_fact_sla_export.csv,2026-06-23T00:00:00,1175
SLA001176,WO003074,C017,SV2,A004,P2,20250510,20250511,20250511,24,13.08,True,0.0,project_fact_sla_export.csv,2026-06-23T00:00:00,1176
SLA001177,WO004320,C013,SV7,A003,P2,20250505,20250506,20250506,24,7.09,True,0.0,project_fact_sla_export.csv,2026-06-23T00:00:00,1177
SLA001178,WO001439,C005,SV6,A003,P3,20250513,20250516,20250515,72,25.53,True,0.0,project_fact_sla_export.csv,2026-06-23T00:00:00,1178
SLA001179,WO003174,C011,SV2,A005,P3,20250608,20250611,20250610,72,45.89,True,0.0,project_fact_sla_export.csv,2026-06-23T00:00:00,1179
SLA001180,WO004656,C017,SV3,A003,P1,20250102,20250102,20250103,8,9.42,False,1.42,project_fact_sla_export.csv,2026-06-23T00:00:00,1180
SLA001181,WO003618,C009,SV3,A004,P4,20250506,20250511,20250510,120,86.22,True,0.0,project_fact_sla_export.csv,2026-06-23T00:00:00,1181
SLA001182,WO003170,C012,SV8,A002,P2,20250613,20250614,20250615,24,37.68,False,13.68,project_fact_sla_export.csv,2026-06-23T00:00:00,1182
SLA001183,WO001969,C003,SV1,A003,P2,20250116,20250117,20250118,24,30.5,False,6.5,project_fact_sla_export.csv,2026-06-23T00:00:00,1183
SLA001184,WO003403,C014,SV3,A004,P2,20250107,20250108,20250108,24,12.28,True,0.0,project_fact_sla_export.csv,2026-06-23T00:00:00,1184
SLA001185,WO002944,C020,SV8,A005,P1,20250422,20250422,20250423,8,3.14,True,0.0,project_fact_sla_export.csv,2026-06-23T00:00:00,1185
SLA001186,WO003181,C004,SV8,A001,P3,20250301,20250304,20250305,72,74.29,False,2.29,project_fact_sla_export.csv,2026-06-23T00:00:00,1186
SLA001187,WO002725,C017,SV6,A005,P3,20250308,20250311,20250311,72,68.0,True,0.0,project_fact_sla_export.csv,2026-06-23T00:00:00,1187
SLA001188,WO003253,C003,SV2,A005,P2,20250330,20250331,20250331,24,9.71,True,0.0,project_fact_sla_export.csv,2026-06-23T00:00:00,1188
SLA001189,WO004861,C008,SV7,A004,P2,20250107,20250108,20250108,24,9.98,True,0.0,project_fact_sla_export.csv,2026-06-23T00:00:00,1189
SLA001190,WO002420,C011,SV4,A005,P3,20250410,20250413,20250412,72,31.1,True,0.0,project_fact_sla_export.csv,2026-06-23T00:00:00,1190
SLA001191,WO000086,C008,SV1,A003,P3,20250628,20250701,20250630,72,61.78,True,0.0,project_fact_sla_export.csv,2026-06-23T00:00:00,1191
SLA001192,WO003515,C018,SV1,A004,P2,20250412,20250413,20250414,24,41.84,False,17.84,project_fact_sla_export.csv,2026-06-23T00:00:00,1192
SLA001193,WO002808,C004,SV6,A006,P3,20250628,20250701,20250630,72,86.05,False,14.05,project_fact_sla_export.csv,2026-06-23T00:00:00,1193
SLA001194,WO002003,C015,SV5,A003,P3,20250107,20250110,20250109,72,47.69,True,0.0,project_fact_sla_export.csv,2026-06-23T00:00:00,1194
SLA001195,WO002421,C009,SV4,A004,P3,20250416,20250419,20250420,72,75.05,False,3.05,project_fact_sla_export.csv,2026-06-23T00:00:00,1195
SLA001196,WO004784,C008,SV2,A003,P4,20250625,20250630,20250627,120,39.5,True,0.0,project_fact_sla_export.csv,2026-06-23T00:00:00,1196
SLA001197,WO002623,C016,SV3,A003,P2,20250603,20250604,20250604,24,21.43,True,0.0,project_fact_sla_export.csv,2026-06-23T00:00:00,1197
SLA001198,WO002115,C004,SV4,A006,P2,20250313,20250314,20250314,24,20.31,True,0.0,project_fact_sla_export.csv,2026-06-23T00:00:00,1198
SLA001199,WO000830,C016,SV7,A005,P2,20250429,20250430,20250501,24,29.75,False,5.75,project_fact_sla_export.csv,2026-06-23T00:00:00,1199
SLA001200,WO003230,C011,SV8,A001,P2,20250428,20250429,20250430,24,24.23,False,0.23,project_fact_sla_export.csv,2026-06-23T00:00:00,1200
SLA001201,WO003126,C004,SV7,A003,P3,20250210,20250213,20250212,72,30.71,True,0.0,project_fact_sla_export.csv,2026-06-23T00:00:00,1201
SLA001202,WO003299,C017,SV7,A001,P4,20250527,20250601,20250531,120,75.91,True,0.0,project_fact_sla_export.csv,2026-06-23T00:00:00,1202
SLA001203,WO002315,C011,SV7,A003,P2,20250426,20250427,20250427,24,17.25,True,0.0,project_fact_sla_export.csv,2026-06-23T00:00:00,1203
SLA001204,WO000845,C003,SV1,A003,P2,20250418,20250419,20250419,24,16.48,True,0.0,project_fact_sla_export.csv,2026-06-23T00:00:00,1204
SLA001205,WO000085,C014,SV3,A005,P2,20250209,20250210,20250210,24,7.55,True,0.0,project_fact_sla_export.csv,2026-06-23T00:00:00,1205
SLA001206,WO003809,C005,SV2,A005,P2,20250219,20250220,20250220,24,7.55,True,0.0,project_fact_sla_export.csv,2026-06-23T00:00:00,1206
SLA001207,WO002898,C010,SV5,A003,P2,20250302,20250303,20250303,24,10.13,True,0.0,project_fact_sla_export.csv,2026-06-23T00:00:00,1207
SLA001208,WO004675,C010,SV3,A004,P2,20250603,20250604,20250604,24,21.39,True,0.0,project_fact_sla_export.csv,2026-06-23T00:00:00,1208
SLA001209,WO004344,C016,SV3,A003,P3,20250503,20250506,20250504,72,7.9,True,0.0,project_fact_sla_export.csv,2026-06-23T00:00:00,1209
SLA001210,WO004514,C008,SV7,A005,P1,20250604,20250604,20250605,8,4.92,True,0.0,project_fact_sla_export.csv,2026-06-23T00:00:00,1210
SLA001211,WO004742,C014,SV7,A005,P4,20250206,20250211,20250209,120,58.21,True,0.0,project_fact_sla_export.csv,2026-06-23T00:00:00,1211
SLA001212,WO000455,C001,SV8,A006,P2,20250322,20250323,20250323,24,3.58,True,0.0,project_fact_sla_export.csv,2026-06-23T00:00:00,1212
SLA001213,WO002705,C012,SV4,A004,P3,20250129,20250201,20250131,72,31.57,True,0.0,project_fact_sla_export.csv,2026-06-23T00:00:00,1213
SLA001214,WO001732,C002,SV6,A006,P4,20250407,20250412,20250410,120,69.3,True,0.0,project_fact_sla_export.csv,2026-06-23T00:00:00,1214
SLA001215,WO001798,C010,SV7,A004,P3,20250531,20250603,20250603,72,66.54,True,0.0,project_fact_sla_export.csv,2026-06-23T00:00:00,1215
SLA001216,WO000934,C015,SV4,A005,P2,20250529,20250530,20250530,24,20.95,True,0.0,project_fact_sla_export.csv,2026-06-23T00:00:00,1216
SLA001217,WO000560,C008,SV7,A003,P3,20250315,20250318,20250317,72,35.95,True,0.0,project_fact_sla_export.csv,2026-06-23T00:00:00,1217
SLA001218,WO001783,C010,SV1,A006,P1,20250318,20250318,20250319,8,7.63,True,0.0,project_fact_sla_export.csv,2026-06-23T00:00:00,1218
SLA001219,WO002218,C013,SV4,A004,P1,20250125,20250125,20250126,8,13.84,False,5.84,project_fact_sla_export.csv,2026-06-23T00:00:00,1219
SLA001220,WO000944,C004,SV5,A001,P4,20250121,20250126,20250129,120,186.94,False,66.94,project_fact_sla_export.csv,2026-06-23T00:00:00,1220
SLA001221,WO002307,C011,SV6,A005,P4,20250419,20250424,20250423,120,95.21,True,0.0,project_fact_sla_export.csv,2026-06-23T00:00:00,1221
SLA001222,WO001389,C017,SV3,A002,P1,20250310,20250310,20250311,8,4.15,True,0.0,project_fact_sla_export.csv,2026-06-23T00:00:00,1222
SLA001223,WO002781,C020,SV7,A002,P2,20250130,20250131,20250131,24,19.49,True,0.0,project_fact_sla_export.csv,2026-06-23T00:00:00,1223
SLA001224,WO002278,C020,SV8,A003,P2,20250624,20250625,20250625,24,22.04,True,0.0,project_fact_sla_export.csv,2026-06-23T00:00:00,1224
SLA001225,WO001841,C015,SV2,A004,P3,20250505,20250508,20250512,72,166.77,False,94.77,project_fact_sla_export.csv,2026-06-23T00:00:00,1225
SLA001226,WO002487,C017,SV6,A004,P4,20250309,20250314,20250314,120,117.81,True,0.0,project_fact_sla_export.csv,2026-06-23T00:00:00,1226
SLA001227,WO004131,C020,SV1,A005,P3,20250114,20250117,20250119,72,109.76,False,37.76,project_fact_sla_export.csv,2026-06-23T00:00:00,1227
SLA001228,WO001899,C013,SV1,A004,P4,20250112,20250117,20250116,120,74.11,True,0.0,project_fact_sla_export.csv,2026-06-23T00:00:00,1228
SLA001229,WO001586,C010,SV7,A005,P2,20250601,20250602,20250602,24,6.21,True,0.0,project_fact_sla_export.csv,2026-06-23T00:00:00,1229
SLA001230,WO000841,C018,SV3,A002,P3,20250604,20250607,20250607,72,48.8,True,0.0,project_fact_sla_export.csv,2026-06-23T00:00:00,1230
SLA001231,WO003882,C006,SV5,A004,P3,20250408,20250411,20250411,72,65.97,True,0.0,project_fact_sla_export.csv,2026-06-23T00:00:00,1231
SLA001232,WO004171,C003,SV3,A001,P3,20250318,20250321,20250319,72,23.87,True,0.0,project_fact_sla_export.csv,2026-06-23T00:00:00,1232
SLA001233,WO001209,C016,SV6,A003,P3,20250110,20250113,20250112,72,47.98,True,0.0,project_fact_sla_export.csv,2026-06-23T00:00:00,1233
SLA001234,WO001541,C015,SV2,A006,P3,20250326,20250329,20250328,72,36.33,True,0.0,project_fact_sla_export.csv,2026-06-23T00:00:00,1234
SLA001235,WO003219,C001,SV1,A005,P3,20250205,20250208,20250208,72,66.87,True,0.0,project_fact_sla_export.csv,2026-06-23T00:00:00,1235
SLA001236,WO001694,C017,SV7,A004,P3,20250421,20250424,20250423,72,45.66,True,0.0,project_fact_sla_export.csv,2026-06-23T00:00:00,1236
SLA001237,WO001447,C011,SV4,A005,P4,20250515,20250520,20250518,120,64.55,True,0.0,project_fact_sla_export.csv,2026-06-23T00:00:00,1237
SLA001238,WO004005,C020,SV2,A004,P1,20250416,20250416,20250417,8,12.81,False,4.81,project_fact_sla_export.csv,2026-06-23T00:00:00,1238
SLA001239,WO001105,C014,SV8,A003,P3,20250611,20250614,20250615,72,90.16,False,18.16,project_fact_sla_export.csv,2026-06-23T00:00:00,1239
SLA001240,WO000279,C019,SV5,A005,P2,20250518,20250519,20250520,24,34.1,False,10.1,project_fact_sla_export.csv,2026-06-23T00:00:00,1240
SLA001241,WO002879,C009,SV2,A005,P1,20250328,20250328,20250329,8,7.93,True,0.0,project_fact_sla_export.csv,2026-06-23T00:00:00,1241
SLA001242,WO002109,C017,SV8,A004,P3,20250201,20250204,20250204,72,55.58,True,0.0,project_fact_sla_export.csv,2026-06-23T00:00:00,1242
SLA001243,WO002043,C018,SV8,A005,P4,20250613,20250618,20250619,120,125.13,False,5.13,project_fact_sla_export.csv,2026-06-23T00:00:00,1243
SLA001244,WO003165,C010,SV2,A004,P3,20250217,20250220,20250219,72,31.28,True,0.0,project_fact_sla_export.csv,2026-06-23T00:00:00,1244
SLA001245,WO001693,C018,SV1,A004,P4,20250423,20250428,20250426,120,49.02,True,0.0,project_fact_sla_export.csv,2026-06-23T00:00:00,1245
SLA001246,WO002698,C007,SV5,A004,P3,20250302,20250305,20250305,72,53.08,True,0.0,project_fact_sla_export.csv,2026-06-23T00:00:00,1246
SLA001247,WO000090,C014,SV1,A001,P2,20250408,20250409,20250409,24,20.43,True,0.0,project_fact_sla_export.csv,2026-06-23T00:00:00,1247
SLA001248,WO002737,C012,SV6,A001,P2,20250608,20250609,20250610,24,26.24,False,2.24,project_fact_sla_export.csv,2026-06-23T00:00:00,1248
SLA001249,WO000001,C005,SV3,A006,P3,20250328,20250331,20250331,72,51.57,True,0.0,project_fact_sla_export.csv,2026-06-23T00:00:00,1249
SLA001250,WO004306,C009,SV1,A006,P2,20250315,20250316,20250316,24,22.99,True,0.0,project_fact_sla_export.csv,2026-06-23T00:00:00,1250
SLA001251,WO004653,C002,SV2,A001,P2,20250211,20250212,20250214,24,52.3,False,28.3,project_fact_sla_export.csv,2026-06-23T00:00:00,1251
SLA001252,WO003468,C015,SV3,A006,P3,20250522,20250525,20250524,72,43.34,True,0.0,project_fact_sla_export.csv,2026-06-23T00:00:00,1252
SLA001253,WO004398,C010,SV8,A003,P3,20250403,20250406,20250404,72,23.62,True,0.0,project_fact_sla_export.csv,2026-06-23T00:00:00,1253
SLA001254,WO002687,C002,SV3,A004,P4,20250217,20250222,20250223,120,128.03,False,8.03,project_fact_sla_export.csv,2026-06-23T00:00:00,1254
SLA001255,WO000746,C014,SV4,A003,P4,20250503,20250508,20250508,120,113.14,True,0.0,project_fact_sla_export.csv,2026-06-23T00:00:00,1255
SLA001256,WO000404,C008,SV8,A003,P3,20250519,20250522,20250521,72,34.01,True,0.0,project_fact_sla_export.csv,2026-06-23T00:00:00,1256
SLA001257,WO000569,C005,SV1,A005,P2,20250521,20250522,20250522,24,23.8,True,0.0,project_fact_sla_export.csv,2026-06-23T00:00:00,1257
SLA001258,WO001814,C002,SV4,A004,P2,20250318,20250319,20250319,24,10.56,True,0.0,project_fact_sla_export.csv,2026-06-23T00:00:00,1258
SLA001259,WO004282,C019,SV8,A005,P3,20250429,20250502,20250501,72,30.18,True,0.0,project_fact_sla_export.csv,2026-06-23T00:00:00,1259
SLA001260,WO000955,C016,SV4,A003,P4,20250131,20250205,20250204,120,79.24,True,0.0,project_fact_sla_export.csv,2026-06-23T00:00:00,1260
SLA001261,WO002379,C020,SV4,A003,P2,20250102,20250103,20250103,24,8.12,True,0.0,project_fact_sla_export.csv,2026-06-23T00:00:00,1261
SLA001262,WO000466,C010,SV7,A003,P3,20250419,20250422,20250421,72,35.71,True,0.0,project_fact_sla_export.csv,2026-06-23T00:00:00,1262
SLA001263,WO002792,C008,SV6,A002,P3,20250627,20250630,20250630,72,55.6,True,0.0,project_fact_sla_export.csv,2026-06-23T00:00:00,1263
SLA001264,WO000735,C018,SV8,A003,P3,20250412,20250415,20250415,72,59.52,True,0.0,project_fact_sla_export.csv,2026-06-23T00:00:00,1264
SLA001265,WO003642,C005,SV2,A003,P3,20250612,20250615,20250615,72,55.11,True,0.0,project_fact_sla_export.csv,2026-06-23T00:00:00,1265
SLA001266,WO003874,C012,SV6,A003,P3,20250206,20250209,20250207,72,20.16,True,0.0,project_fact_sla_export.csv,2026-06-23T00:00:00,1266
SLA001267,WO001336,C017,SV1,A003,P3,20250609,20250612,20250611,72,31.19,True,0.0,project_fact_sla_export.csv,2026-06-23T00:00:00,1267
SLA001268,WO000018,C014,SV7,A006,P2,20250328,20250329,20250330,24,29.27,False,5.27,project_fact_sla_export.csv,2026-06-23T00:00:00,1268
SLA001269,WO000206,C017,SV1,A005,P2,20250104,20250105,20250105,24,7.91,True,0.0,project_fact_sla_export.csv,2026-06-23T00:00:00,1269
SLA001270,WO001313,C017,SV2,A006,P2,20250321,20250322,20250322,24,14.06,True,0.0,project_fact_sla_export.csv,2026-06-23T00:00:00,1270
SLA001271,WO004408,C013,SV5,A005,P3,20250617,20250620,20250620,72,60.22,True,0.0,project_fact_sla_export.csv,2026-06-23T00:00:00,1271
SLA001272,WO003751,C010,SV7,A003,P1,20250214,20250214,20250215,8,5.2,True,0.0,project_fact_sla_export.csv,2026-06-23T00:00:00,1272
SLA001273,WO004964,C012,SV6,A004,P3,20250305,20250308,20250308,72,53.47,True,0.0,project_fact_sla_export.csv,2026-06-23T00:00:00,1273
SLA001274,WO002582,C003,SV5,A003,P2,20250306,20250307,20250307,24,21.88,True,0.0,project_fact_sla_export.csv,2026-06-23T00:00:00,1274
SLA001275,WO002522,C002,SV2,A004,P3,20250428,20250501,20250501,72,53.24,True,0.0,project_fact_sla_export.csv,2026-06-23T00:00:00,1275
SLA001276,WO003486,C019,SV8,A005,P4,20250116,20250121,20250120,120,74.1,True,0.0,project_fact_sla_export.csv,2026-06-23T00:00:00,1276
SLA001277,WO003611,C004,SV5,A004,P2,20250213,20250214,20250215,24,25.52,False,1.52,project_fact_sla_export.csv,2026-06-23T00:00:00,1277
SLA001278,WO003959,C019,SV8,A005,P3,20250124,20250127,20250127,72,58.61,True,0.0,project_fact_sla_export.csv,2026-06-23T00:00:00,1278
SLA001279,WO003021,C013,SV6,A005,P4,20250415,20250420,20250422,120,159.4,False,39.4,project_fact_sla_export.csv,2026-06-23T00:00:00,1279
SLA001280,WO002277,C019,SV4,A004,P3,20250407,20250410,20250408,72,15.99,True,0.0,project_fact_sla_export.csv,2026-06-23T00:00:00,1280
SLA001281,WO004110,C020,SV3,A005,P2,20250108,20250109,20250109,24,13.9,True,0.0,project_fact_sla_export.csv,2026-06-23T00:00:00,1281
SLA001282,WO004097,C001,SV2,A001,P3,20250518,20250521,20250525,72,146.03,False,74.03,project_fact_sla_export.csv,2026-06-23T00:00:00,1282
SLA001283,WO001552,C020,SV5,A003,P3,20250101,20250104,20250104,72,55.2,True,0.0,project_fact_sla_export.csv,2026-06-23T00:00:00,1283
SLA001284,WO000895,C005,SV1,A001,P3,20250412,20250415,20250415,72,56.56,True,0.0,project_fact_sla_export.csv,2026-06-23T00:00:00,1284
SLA001285,WO004670,C012,SV3,A004,P1,20250317,20250317,20250318,8,5.12,True,0.0,project_fact_sla_export.csv,2026-06-23T00:00:00,1285
SLA001286,WO001842,C004,SV7,A004,P3,20250224,20250227,20250227,72,50.47,True,0.0,project_fact_sla_export.csv,2026-06-23T00:00:00,1286
SLA001287,WO003376,C019,SV5,A001,P4,20250526,20250531,20250601,120,142.9,False,22.9,project_fact_sla_export.csv,2026-06-23T00:00:00,1287
SLA001288,WO002233,C014,SV3,A006,P2,20250531,20250601,20250601,24,12.25,True,0.0,project_fact_sla_export.csv,2026-06-23T00:00:00,1288
SLA001289,WO003041,C007,SV2,A006,P4,20250419,20250424,20250424,120,99.11,True,0.0,project_fact_sla_export.csv,2026-06-23T00:00:00,1289
SLA001290,WO002111,C001,SV6,A005,P1,20250412,20250412,20250413,8,3.43,True,0.0,project_fact_sla_export.csv,2026-06-23T00:00:00,1290
SLA001291,WO004677,C002,SV5,A005,P3,20250511,20250514,20250512,72,20.5,True,0.0,project_fact_sla_export.csv,2026-06-23T00:00:00,1291
SLA001292,WO003081,C017,SV6,A005,P3,20250418,20250421,20250419,72,19.55,True,0.0,project_fact_sla_export.csv,2026-06-23T00:00:00,1292
SLA001293,WO000551,C005,SV2,A003,P3,20250524,20250527,20250526,72,29.74,True,0.0,project_fact_sla_export.csv,2026-06-23T00:00:00,1293
SLA001294,WO003858,C004,SV5,A005,P2,20250305,20250306,20250307,24,25.5,False,1.5,project_fact_sla_export.csv,2026-06-23T00:00:00,1294
SLA001295,WO002032,C017,SV8,A002,P1,20250418,20250418,20250419,8,6.55,True,0.0,project_fact_sla_export.csv,2026-06-23T00:00:00,1295
SLA001296,WO000958,C010,SV5,A005,P4,20250627,20250702,20250630,120,66.38,True,0.0,project_fact_sla_export.csv,2026-06-23T00:00:00,1296
SLA001297,WO003033,C020,SV8,A003,P4,20250228,20250305,20250305,120,101.83,True,0.0,project_fact_sla_export.csv,2026-06-23T00:00:00,1297
SLA001298,WO001424,C020,SV7,A005,P1,20250312,20250312,20250313,8,2.92,True,0.0,project_fact_sla_export.csv,2026-06-23T00:00:00,1298
SLA001299,WO004641,C002,SV3,A005,P3,20250329,20250401,20250331,72,33.67,True,0.0,project_fact_sla_export.csv,2026-06-23T00:00:00,1299
SLA001300,WO000857,C004,SV5,A004,P3,20250624,20250627,20250627,72,62.11,True,0.0,project_fact_sla_export.csv,2026-06-23T00:00:00,1300
SLA001301,WO002173,C019,SV8,A005,P4,20250602,20250607,20250604,120,42.07,True,0.0,project_fact_sla_export.csv,2026-06-23T00:00:00,1301
SLA001302,WO004550,C005,SV4,A005,P3,20250519,20250522,20250521,72,37.3,True,0.0,project_fact_sla_export.csv,2026-06-23T00:00:00,1302
SLA001303,WO004619,C019,SV2,A004,P3,20250111,20250114,20250113,72,48.0,True,0.0,project_fact_sla_export.csv,2026-06-23T00:00:00,1303
SLA001304,WO001386,C018,SV1,A002,P3,20250125,20250128,20250127,72,25.18,True,0.0,project_fact_sla_export.csv,2026-06-23T00:00:00,1304
SLA001305,WO004094,C005,SV2,A003,P4,20250214,20250219,20250216,120,35.94,True,0.0,project_fact_sla_export.csv,2026-06-23T00:00:00,1305
SLA001306,WO003782,C006,SV1,A003,P2,20250626,20250627,20250627,24,14.21,True,0.0,project_fact_sla_export.csv,2026-06-23T00:00:00,1306
SLA001307,WO004405,C006,SV6,A005,P3,20250106,20250109,20250108,72,29.0,True,0.0,project_fact_sla_export.csv,2026-06-23T00:00:00,1307
SLA001308,WO002452,C018,SV8,A001,P2,20250310,20250311,20250311,24,15.44,True,0.0,project_fact_sla_export.csv,2026-06-23T00:00:00,1308
SLA001309,WO001301,C004,SV6,A005,P3,20250526,20250529,20250531,72,112.06,False,40.06,project_fact_sla_export.csv,2026-06-23T00:00:00,1309
SLA001310,WO003961,C019,SV1,A004,P3,20250401,20250404,20250403,72,38.76,True,0.0,project_fact_sla_export.csv,2026-06-23T00:00:00,1310
SLA001311,WO004768,C011,SV6,A005,P4,20250607,20250612,20250610,120,48.94,True,0.0,project_fact_sla_export.csv,2026-06-23T00:00:00,1311
SLA001312,WO000042,C010,SV5,A003,P4,20250301,20250306,20250304,120,49.9,True,0.0,project_fact_sla_export.csv,2026-06-23T00:00:00,1312
SLA001313,WO002017,C014,SV1,A006,P3,20250530,20250602,20250602,72,49.29,True,0.0,project_fact_sla_export.csv,2026-06-23T00:00:00,1313
SLA001314,WO003931,C005,SV6,A005,P2,20250501,20250502,20250502,24,23.94,True,0.0,project_fact_sla_export.csv,2026-06-23T00:00:00,1314
SLA001315,WO000986,C010,SV6,A005,P3,20250225,20250228,20250227,72,43.32,True,0.0,project_fact_sla_export.csv,2026-06-23T00:00:00,1315
SLA001316,WO001976,C020,SV6,A003,P3,20250510,20250513,20250513,72,52.14,True,0.0,project_fact_sla_export.csv,2026-06-23T00:00:00,1316
SLA001317,WO002882,C013,SV1,A005,P1,20250515,20250515,20250516,8,10.86,False,2.86,project_fact_sla_export.csv,2026-06-23T00:00:00,1317
SLA001318,WO002318,C018,SV8,A001,P2,20250417,20250418,20250419,24,32.25,False,8.25,project_fact_sla_export.csv,2026-06-23T00:00:00,1318
SLA001319,WO002335,C016,SV8,A004,P3,20250330,20250402,20250403,72,72.42,False,0.42,project_fact_sla_export.csv,2026-06-23T00:00:00,1319
SLA001320,WO000008,C008,SV8,A002,P2,20250517,20250518,20250518,24,13.38,True,0.0,project_fact_sla_export.csv,2026-06-23T00:00:00,1320
SLA001321,WO002219,C015,SV7,A002,P4,20250616,20250621,20250622,120,140.95,False,20.95,project_fact_sla_export.csv,2026-06-23T00:00:00,1321
SLA001322,WO003825,C003,SV5,A005,P3,20250612,20250615,20250614,72,42.94,True,0.0,project_fact_sla_export.csv,2026-06-23T00:00:00,1322
SLA001323,WO003505,C003,SV8,A001,P3,20250222,20250225,20250224,72,47.66,True,0.0,project_fact_sla_export.csv,2026-06-23T00:00:00,1323
SLA001324,WO003010,C006,SV3,A004,P4,20250526,20250531,20250529,120,63.09,True,0.0,project_fact_sla_export.csv,2026-06-23T00:00:00,1324
SLA001325,WO004052,C012,SV8,A005,P3,20250117,20250120,20250119,72,38.92,True,0.0,project_fact_sla_export.csv,2026-06-23T00:00:00,1325
SLA001326,WO002388,C009,SV1,A005,P2,20250110,20250111,20250112,24,39.79,False,15.79,project_fact_sla_export.csv,2026-06-23T00:00:00,1326
SLA001327,WO004263,C011,SV2,A001,P2,20250610,20250611,20250612,24,34.23,False,10.23,project_fact_sla_export.csv,2026-06-23T00:00:00,1327
SLA001328,WO002409,C020,SV6,A001,P2,20250113,20250114,20250114,24,19.94,True,0.0,project_fact_sla_export.csv,2026-06-23T00:00:00,1328
SLA001329,WO000779,C017,SV3,A004,P4,20250510,20250515,20250515,120,113.86,True,0.0,project_fact_sla_export.csv,2026-06-23T00:00:00,1329
SLA001330,WO000348,C017,SV2,A002,P3,20250408,20250411,20250410,72,24.24,True,0.0,project_fact_sla_export.csv,2026-06-23T00:00:00,1330
SLA001331,WO002572,C005,SV2,A006,P3,20250204,20250207,20250207,72,48.61,True,0.0,project_fact_sla_export.csv,2026-06-23T00:00:00,1331
SLA001332,WO003601,C017,SV4,A006,P4,20250305,20250310,20250313,120,168.98,False,48.98,project_fact_sla_export.csv,2026-06-23T00:00:00,1332
SLA001333,WO003555,C017,SV7,A001,P3,20250512,20250515,20250514,72,31.14,True,0.0,project_fact_sla_export.csv,2026-06-23T00:00:00,1333
SLA001334,WO000068,C017,SV5,A002,P2,20250319,20250320,20250321,24,30.28,False,6.28,project_fact_sla_export.csv,2026-06-23T00:00:00,1334
SLA001335,WO000353,C017,SV6,A005,P3,20250208,20250211,20250212,72,74.33,False,2.33,project_fact_sla_export.csv,2026-06-23T00:00:00,1335
SLA001336,WO000987,C017,SV4,A005,P3,20250527,20250530,20250529,72,29.25,True,0.0,project_fact_sla_export.csv,2026-06-23T00:00:00,1336
SLA001337,WO000318,C016,SV2,A004,P3,20250312,20250315,20250314,72,47.37,True,0.0,project_fact_sla_export.csv,2026-06-23T00:00:00,1337
SLA001338,WO000191,C018,SV8,A002,P2,20250313,20250314,20250314,24,12.09,True,0.0,project_fact_sla_export.csv,2026-06-23T00:00:00,1338
SLA001339,WO002699,C015,SV3,A003,P3,20250330,20250402,20250404,72,96.83,False,24.83,project_fact_sla_export.csv,2026-06-23T00:00:00,1339
SLA001340,WO003252,C020,SV3,A004,P4,20250524,20250529,20250530,120,134.36,False,14.36,project_fact_sla_export.csv,2026-06-23T00:00:00,1340
SLA001341,WO000504,C014,SV2,A005,P3,20250115,20250118,20250116,72,23.65,True,0.0,project_fact_sla_export.csv,2026-06-23T00:00:00,1341
SLA001342,WO002446,C007,SV2,A004,P2,20250114,20250115,20250115,24,14.32,True,0.0,project_fact_sla_export.csv,2026-06-23T00:00:00,1342
SLA001343,WO000035,C002,SV1,A006,P3,20250424,20250427,20250426,72,39.78,True,0.0,project_fact_sla_export.csv,2026-06-23T00:00:00,1343
SLA001344,WO000758,C008,SV5,A006,P4,20250409,20250414,20250415,120,122.92,False,2.92,project_fact_sla_export.csv,2026-06-23T00:00:00,1344
SLA001345,WO002807,C018,SV4,A005,P2,20250531,20250601,20250601,24,6.88,True,0.0,project_fact_sla_export.csv,2026-06-23T00:00:00,1345
SLA001346,WO004266,C020,SV3,A005,P1,20250123,20250123,20250124,8,3.19,True,0.0,project_fact_sla_export.csv,2026-06-23T00:00:00,1346
SLA001347,WO004595,C008,SV6,A005,P3,20250328,20250331,20250330,72,26.49,True,0.0,project_fact_sla_export.csv,2026-06-23T00:00:00,1347
SLA001348,WO002258,C009,SV3,A001,P3,20250412,20250415,20250419,72,163.06,False,91.06,project_fact_sla_export.csv,2026-06-23T00:00:00,1348
SLA001349,WO001975,C011,SV6,A006,P2,20250308,20250309,20250309,24,21.7,True,0.0,project_fact_sla_export.csv,2026-06-23T00:00:00,1349
SLA001350,WO003040,C019,SV2,A005,P3,20250206,20250209,20250209,72,58.76,True,0.0,project_fact_sla_export.csv,2026-06-23T00:00:00,1350
SLA001351,WO003523,C011,SV6,A003,P2,20250331,20250401,20250402,24,42.83,False,18.83,project_fact_sla_export.csv,2026-06-23T00:00:00,1351
SLA001352,WO003737,C016,SV7,A005,P4,20250323,20250328,20250327,120,77.27,True,0.0,project_fact_sla_export.csv,2026-06-23T00:00:00,1352
SLA001353,WO001935,C006,SV2,A002,P4,20250303,20250308,20250306,120,65.6,True,0.0,project_fact_sla_export.csv,2026-06-23T00:00:00,1353
SLA001354,WO001756,C007,SV5,A005,P2,20250605,20250606,20250607,24,24.86,False,0.86,project_fact_sla_export.csv,2026-06-23T00:00:00,1354
SLA001355,WO002143,C016,SV1,A005,P4,20250127,20250201,20250131,120,82.67,True,0.0,project_fact_sla_export.csv,2026-06-23T00:00:00,1355
SLA001356,WO004096,C016,SV7,A005,P3,20250323,20250326,20250326,72,60.14,True,0.0,project_fact_sla_export.csv,2026-06-23T00:00:00,1356
SLA001357,WO000179,C017,SV2,A006,P1,20250320,20250320,20250321,8,11.62,False,3.62,project_fact_sla_export.csv,2026-06-23T00:00:00,1357
SLA001358,WO003936,C020,SV6,A006,P4,20250216,20250221,20250220,120,90.96,True,0.0,project_fact_sla_export.csv,2026-06-23T00:00:00,1358
SLA001359,WO001882,C015,SV6,A001,P1,20250517,20250517,20250518,8,7.28,True,0.0,project_fact_sla_export.csv,2026-06-23T00:00:00,1359
SLA001360,WO002249,C003,SV8,A005,P1,20250123,20250123,20250124,8,4.15,True,0.0,project_fact_sla_export.csv,2026-06-23T00:00:00,1360
SLA001361,WO004060,C006,SV3,A005,P3,20250226,20250301,20250228,72,36.32,True,0.0,project_fact_sla_export.csv,2026-06-23T00:00:00,1361
SLA001362,WO002510,C010,SV3,A004,P2,20250310,20250311,20250311,24,12.83,True,0.0,project_fact_sla_export.csv,2026-06-23T00:00:00,1362
SLA001363,WO004327,C001,SV1,A003,P3,20250306,20250309,20250307,72,21.23,True,0.0,project_fact_sla_export.csv,2026-06-23T00:00:00,1363
SLA001364,WO002610,C006,SV6,A005,P2,20250420,20250421,20250421,24,16.64,True,0.0,project_fact_sla_export.csv,2026-06-23T00:00:00,1364
SLA001365,WO003790,C010,SV5,A004,P3,20250630,20250703,20250630,72,16.93,True,0.0,project_fact_sla_export.csv,2026-06-23T00:00:00,1365
SLA001366,WO001674,C010,SV2,A005,P3,20250323,20250326,20250325,72,36.24,True,0.0,project_fact_sla_export.csv,2026-06-23T00:00:00,1366
SLA001367,WO001516,C012,SV8,A004,P2,20250226,20250227,20250227,24,15.26,True,0.0,project_fact_sla_export.csv,2026-06-23T00:00:00,1367
SLA001368,WO002998,C013,SV7,A003,P3,20250314,20250317,20250316,72,47.97,True,0.0,project_fact_sla_export.csv,2026-06-23T00:00:00,1368
SLA001369,WO003552,C009,SV7,A005,P2,20250115,20250116,20250116,24,8.63,True,0.0,project_fact_sla_export.csv,2026-06-23T00:00:00,1369
SLA001370,WO002235,C012,SV4,A003,P3,20250318,20250321,20250320,72,31.94,True,0.0,project_fact_sla_export.csv,2026-06-23T00:00:00,1370
SLA001371,WO001440,C016,SV8,A005,P3,20250225,20250228,20250228,72,61.54,True,0.0,project_fact_sla_export.csv,2026-06-23T00:00:00,1371
SLA001372,WO004892,C008,SV4,A001,P4,20250214,20250219,20250216,120,40.2,True,0.0,project_fact_sla_export.csv,2026-06-23T00:00:00,1372
SLA001373,WO003890,C018,SV4,A005,P3,20250115,20250118,20250117,72,35.53,True,0.0,project_fact_sla_export.csv,2026-06-23T00:00:00,1373
SLA001374,WO002313,C004,SV5,A006,P2,20250603,20250604,20250604,24,13.91,True,0.0,project_fact_sla_export.csv,2026-06-23T00:00:00,1374
SLA001375,WO001261,C016,SV7,A005,P3,20250222,20250225,20250225,72,53.34,True,0.0,project_fact_sla_export.csv,2026-06-23T00:00:00,1375
SLA001376,WO001079,C005,SV6,A003,P3,20250322,20250325,20250326,72,72.99,False,0.99,project_fact_sla_export.csv,2026-06-23T00:00:00,1376
SLA001377,WO004836,C005,SV1,A003,P3,20250613,20250616,20250620,72,147.7,False,75.7,project_fact_sla_export.csv,2026-06-23T00:00:00,1377
SLA001378,WO000911,C008,SV8,A005,P3,20250103,20250106,20250105,72,26.07,True,0.0,project_fact_sla_export.csv,2026-06-23T00:00:00,1378
SLA001379,WO002331,C018,SV8,A003,P1,20250509,20250509,20250510,8,2.7,True,0.0,project_fact_sla_export.csv,2026-06-23T00:00:00,1379
SLA001380,WO004467,C012,SV7,A002,P2,20250506,20250507,20250507,24,17.77,True,0.0,project_fact_sla_export.csv,2026-06-23T00:00:00,1380
SLA001381,WO003503,C011,SV3,A003,P2,20250225,20250226,20250226,24,14.31,True,0.0,project_fact_sla_export.csv,2026-06-23T00:00:00,1381
SLA001382,WO004472,C018,SV1,A004,P2,20250627,20250628,20250628,24,18.1,True,0.0,project_fact_sla_export.csv,2026-06-23T00:00:00,1382
SLA001383,WO004621,C011,SV3,A005,P1,20250223,20250223,20250224,8,3.22,True,0.0,project_fact_sla_export.csv,2026-06-23T00:00:00,1383
SLA001384,WO004608,C016,SV3,A003,P1,20250422,20250422,20250423,8,12.31,False,4.31,project_fact_sla_export.csv,2026-06-23T00:00:00,1384
SLA001385,WO001200,C006,SV7,A001,P1,20250415,20250415,20250416,8,10.86,False,2.86,project_fact_sla_export.csv,2026-06-23T00:00:00,1385
SLA001386,WO004529,C019,SV5,A003,P3,20250321,20250324,20250325,72,91.54,False,19.54,project_fact_sla_export.csv,2026-06-23T00:00:00,1386
SLA001387,WO003519,C003,SV6,A003,P2,20250327,20250328,20250329,24,24.41,False,0.41,project_fact_sla_export.csv,2026-06-23T00:00:00,1387
SLA001388,WO003391,C016,SV8,A005,P3,20250207,20250210,20250210,72,62.37,True,0.0,project_fact_sla_export.csv,2026-06-23T00:00:00,1388
SLA001389,WO004851,C013,SV7,A002,P3,20250326,20250329,20250328,72,39.57,True,0.0,project_fact_sla_export.csv,2026-06-23T00:00:00,1389
SLA001390,WO003062,C010,SV5,A002,P4,20250221,20250226,20250225,120,84.67,True,0.0,project_fact_sla_export.csv,2026-06-23T00:00:00,1390
SLA001391,WO004547,C019,SV1,A003,P3,20250306,20250309,20250308,72,31.26,True,0.0,project_fact_sla_export.csv,2026-06-23T00:00:00,1391
SLA001392,WO000926,C006,SV1,A003,P3,20250117,20250120,20250119,72,25.58,True,0.0,project_fact_sla_export.csv,2026-06-23T00:00:00,1392
SLA001393,WO001049,C019,SV3,A004,P2,20250629,20250630,20250630,24,20.83,True,0.0,project_fact_sla_export.csv,2026-06-23T00:00:00,1393
SLA001394,WO001653,C005,SV1,A004,P1,20250623,20250623,20250624,8,3.04,True,0.0,project_fact_sla_export.csv,2026-06-23T00:00:00,1394
SLA001395,WO001909,C017,SV8,A003,P1,20250218,20250218,20250219,8,9.06,False,1.06,project_fact_sla_export.csv,2026-06-23T00:00:00,1395
SLA001396,WO002717,C001,SV8,A005,P4,20250610,20250615,20250612,120,40.98,True,0.0,project_fact_sla_export.csv,2026-06-23T00:00:00,1396
SLA001397,WO000967,C011,SV4,A005,P3,20250413,20250416,20250414,72,15.1,True,0.0,project_fact_sla_export.csv,2026-06-23T00:00:00,1397
SLA001398,WO003377,C017,SV8,A003,P3,20250616,20250619,20250617,72,21.08,True,0.0,project_fact_sla_export.csv,2026-06-23T00:00:00,1398
SLA001399,WO001652,C001,SV2,A003,P2,20250610,20250611,20250611,24,23.09,True,0.0,project_fact_sla_export.csv,2026-06-23T00:00:00,1399
SLA001400,WO001769,C011,SV6,A006,P3,20250611,20250614,20250615,72,81.38,False,9.38,project_fact_sla_export.csv,2026-06-23T00:00:00,1400
SLA001401,WO002560,C002,SV3,A004,P4,20250629,20250704,20250630,120,53.8,True,0.0,project_fact_sla_export.csv,2026-06-23T00:00:00,1401
SLA001402,WO004223,C018,SV1,A005,P2,20250109,20250110,20250110,24,11.22,True,0.0,project_fact_sla_export.csv,2026-06-23T00:00:00,1402
SLA001403,WO003097,C005,SV2,A005,P3,20250610,20250613,20250612,72,37.9,True,0.0,project_fact_sla_export.csv,2026-06-23T00:00:00,1403
SLA001404,WO001750,C005,SV5,A005,P3,20250324,20250327,20250328,72,90.89,False,18.89,project_fact_sla_export.csv,2026-06-23T00:00:00,1404
SLA001405,WO001258,C012,SV6,A006,P3,20250306,20250309,20250309,72,66.99,True,0.0,project_fact_sla_export.csv,2026-06-23T00:00:00,1405
SLA001406,WO002039,C010,SV2,A005,P1,20250509,20250509,20250510,8,3.45,True,0.0,project_fact_sla_export.csv,2026-06-23T00:00:00,1406
SLA001407,WO001545,C007,SV6,A006,P1,20250127,20250127,20250128,8,9.21,False,1.21,project_fact_sla_export.csv,2026-06-23T00:00:00,1407
SLA001408,WO000834,C018,SV2,A003,P1,20250321,20250321,20250322,8,9.01,False,1.01,project_fact_sla_export.csv,2026-06-23T00:00:00,1408
SLA001409,WO000195,C010,SV1,A006,P3,20250428,20250501,20250430,72,39.49,True,0.0,project_fact_sla_export.csv,2026-06-23T00:00:00,1409
SLA001410,WO004188,C011,SV2,A005,P4,20250109,20250114,20250112,120,66.17,True,0.0,project_fact_sla_export.csv,2026-06-23T00:00:00,1410
SLA001411,WO000242,C009,SV4,A005,P2,20250415,20250416,20250416,24,12.87,True,0.0,project_fact_sla_export.csv,2026-06-23T00:00:00,1411
SLA001412,WO002692,C020,SV6,A003,P3,20250219,20250222,20250222,72,48.11,True,0.0,project_fact_sla_export.csv,2026-06-23T00:00:00,1412
SLA001413,WO003857,C020,SV4,A005,P3,20250608,20250611,20250611,72,60.55,True,0.0,project_fact_sla_export.csv,2026-06-23T00:00:00,1413
SLA001414,WO003036,C007,SV2,A003,P2,20250304,20250305,20250305,24,17.7,True,0.0,project_fact_sla_export.csv,2026-06-23T00:00:00,1414
SLA001415,WO000146,C014,SV1,A003,P1,20250425,20250425,20250426,8,10.0,False,2.0,project_fact_sla_export.csv,2026-06-23T00:00:00,1415
SLA001416,WO003479,C003,SV1,A003,P1,20250514,20250514,20250515,8,10.87,False,2.87,project_fact_sla_export.csv,2026-06-23T00:00:00,1416
SLA001417,WO001677,C009,SV7,A003,P3,20250128,20250131,20250130,72,34.76,True,0.0,project_fact_sla_export.csv,2026-06-23T00:00:00,1417
SLA001418,WO002374,C007,SV4,A006,P3,20250404,20250407,20250406,72,43.31,True,0.0,project_fact_sla_export.csv,2026-06-23T00:00:00,1418
SLA001419,WO000669,C013,SV5,A004,P3,20250523,20250526,20250525,72,43.07,True,0.0,project_fact_sla_export.csv,2026-06-23T00:00:00,1419
SLA001420,WO000493,C001,SV2,A003,P3,20250515,20250518,20250518,72,65.58,True,0.0,project_fact_sla_export.csv,2026-06-23T00:00:00,1420
SLA001421,WO000211,C015,SV5,A004,P3,20250502,20250505,20250504,72,37.9,True,0.0,project_fact_sla_export.csv,2026-06-23T00:00:00,1421
SLA001422,WO002590,C019,SV8,A005,P1,20250609,20250609,20250610,8,14.38,False,6.38,project_fact_sla_export.csv,2026-06-23T00:00:00,1422
SLA001423,WO004193,C006,SV7,A004,P2,20250429,20250430,20250430,24,16.56,True,0.0,project_fact_sla_export.csv,2026-06-23T00:00:00,1423
SLA001424,WO003534,C003,SV7,A004,P2,20250604,20250605,20250605,24,13.48,True,0.0,project_fact_sla_export.csv,2026-06-23T00:00:00,1424
SLA001425,WO001918,C012,SV4,A005,P4,20250416,20250421,20250420,120,92.15,True,0.0,project_fact_sla_export.csv,2026-06-23T00:00:00,1425
SLA001426,WO001223,C011,SV1,A001,P1,20250419,20250419,20250420,8,10.67,False,2.67,project_fact_sla_export.csv,2026-06-23T00:00:00,1426
SLA001427,WO003380,C007,SV8,A004,P2,20250426,20250427,20250428,24,27.5,False,3.5,project_fact_sla_export.csv,2026-06-23T00:00:00,1427
SLA001428,WO001587,C019,SV3,A006,P2,20250514,20250515,20250516,24,26.18,False,2.18,project_fact_sla_export.csv,2026-06-23T00:00:00,1428
SLA001429,WO004877,C014,SV1,A004,P3,20250609,20250612,20250611,72,39.06,True,0.0,project_fact_sla_export.csv,2026-06-23T00:00:00,1429
SLA001430,WO004553,C020,SV4,A006,P4,20250411,20250416,20250415,120,72.85,True,0.0,project_fact_sla_export.csv,2026-06-23T00:00:00,1430
SLA001431,WO003647,C003,SV1,A005,P2,20250427,20250428,20250428,24,7.62,True,0.0,project_fact_sla_export.csv,2026-06-23T00:00:00,1431
SLA001432,WO002716,C019,SV7,A006,P3,20250211,20250214,20250215,72,89.74,False,17.74,project_fact_sla_export.csv,2026-06-23T00:00:00,1432
SLA001433,WO000359,C003,SV7,A005,P4,20250326,20250331,20250406,120,262.16,False,142.16,project_fact_sla_export.csv,2026-06-23T00:00:00,1433
SLA001434,WO004570,C001,SV5,A003,P4,20250407,20250412,20250414,120,159.83,False,39.83,project_fact_sla_export.csv,2026-06-23T00:00:00,1434
SLA001435,WO001710,C008,SV1,A002,P1,20250501,20250501,20250502,8,3.25,True,0.0,project_fact_sla_export.csv,2026-06-23T00:00:00,1435
SLA001436,WO000300,C009,SV1,A005,P2,20250304,20250305,20250305,24,15.18,True,0.0,project_fact_sla_export.csv,2026-06-23T00:00:00,1436
SLA001437,WO002927,C001,SV4,A003,P3,20250329,20250401,20250330,72,23.15,True,0.0,project_fact_sla_export.csv,2026-06-23T00:00:00,1437
SLA001438,WO003502,C020,SV4,A002,P3,20250114,20250117,20250118,72,87.21,False,15.21,project_fact_sla_export.csv,2026-06-23T00:00:00,1438
SLA001439,WO000054,C002,SV1,A003,P3,20250331,20250403,20250404,72,75.43,False,3.43,project_fact_sla_export.csv,2026-06-23T00:00:00,1439
SLA001440,WO000637,C016,SV2,A002,P2,20250207,20250208,20250208,24,9.05,True,0.0,project_fact_sla_export.csv,2026-06-23T00:00:00,1440
SLA001441,WO004974,C004,SV8,A003,P2,20250225,20250226,20250226,24,23.82,True,0.0,project_fact_sla_export.csv,2026-06-23T00:00:00,1441
SLA001442,WO004307,C012,SV2,A002,P2,20250312,20250313,20250313,24,10.43,True,0.0,project_fact_sla_export.csv,2026-06-23T00:00:00,1442
SLA001443,WO002848,C016,SV1,A005,P1,20250111,20250111,20250112,8,7.85,True,0.0,project_fact_sla_export.csv,2026-06-23T00:00:00,1443
SLA001444,WO000424,C014,SV3,A005,P4,20250225,20250302,20250228,120,48.94,True,0.0,project_fact_sla_export.csv,2026-06-23T00:00:00,1444
SLA001445,WO000717,C010,SV5,A001,P2,20250206,20250207,20250208,24,31.59,False,7.59,project_fact_sla_export.csv,2026-06-23T00:00:00,1445
SLA001446,WO002622,C018,SV7,A005,P2,20250422,20250423,20250423,24,9.54,True,0.0,project_fact_sla_export.csv,2026-06-23T00:00:00,1446
SLA001447,WO003508,C005,SV3,A004,P3,20250212,20250215,20250216,72,72.64,False,0.64,project_fact_sla_export.csv,2026-06-23T00:00:00,1447
SLA001448,WO001612,C011,SV2,A005,P4,20250610,20250615,20250613,120,58.41,True,0.0,project_fact_sla_export.csv,2026-06-23T00:00:00,1448
SLA001449,WO002206,C005,SV1,A004,P4,20250125,20250130,20250128,120,48.21,True,0.0,project_fact_sla_export.csv,2026-06-23T00:00:00,1449
SLA001450,WO004883,C006,SV7,A004,P3,20250504,20250507,20250507,72,50.22,True,0.0,project_fact_sla_export.csv,2026-06-23T00:00:00,1450
SLA001451,WO004606,C020,SV8,A001,P3,20250117,20250120,20250121,72,80.37,False,8.37,project_fact_sla_export.csv,2026-06-23T00:00:00,1451
SLA001452,WO003765,C010,SV7,A006,P4,20250312,20250317,20250316,120,82.47,True,0.0,project_fact_sla_export.csv,2026-06-23T00:00:00,1452
SLA001453,WO002417,C011,SV6,A003,P3,20250512,20250515,20250515,72,65.01,True,0.0,project_fact_sla_export.csv,2026-06-23T00:00:00,1453
SLA001454,WO003978,C010,SV3,A005,P4,20250509,20250514,20250512,120,50.08,True,0.0,project_fact_sla_export.csv,2026-06-23T00:00:00,1454
SLA001455,WO000855,C007,SV4,A005,P3,20250512,20250515,20250513,72,21.96,True,0.0,project_fact_sla_export.csv,2026-06-23T00:00:00,1455
SLA001456,WO001818,C010,SV1,A005,P1,20250101,20250101,20250102,8,4.53,True,0.0,project_fact_sla_export.csv,2026-06-23T00:00:00,1456
SLA001457,WO001805,C003,SV3,A005,P1,20250129,20250129,20250130,8,4.75,True,0.0,project_fact_sla_export.csv,2026-06-23T00:00:00,1457
SLA001458,WO002635,C013,SV7,A001,P1,20250216,20250216,20250217,8,4.13,True,0.0,project_fact_sla_export.csv,2026-06-23T00:00:00,1458
SLA001459,WO004137,C020,SV2,A002,P1,20250404,20250404,20250405,8,9.99,False,1.99,project_fact_sla_export.csv,2026-06-23T00:00:00,1459
SLA001460,WO002351,C005,SV2,A003,P3,20250618,20250621,20250621,72,66.86,True,0.0,project_fact_sla_export.csv,2026-06-23T00:00:00,1460
SLA001461,WO002498,C018,SV7,A005,P3,20250422,20250425,20250425,72,69.62,True,0.0,project_fact_sla_export.csv,2026-06-23T00:00:00,1461
SLA001462,WO000476,C007,SV4,A005,P2,20250525,20250526,20250526,24,19.55,True,0.0,project_fact_sla_export.csv,2026-06-23T00:00:00,1462
SLA001463,WO003298,C016,SV2,A004,P2,20250119,20250120,20250121,24,26.11,False,2.11,project_fact_sla_export.csv,2026-06-23T00:00:00,1463
SLA001464,WO001705,C005,SV3,A005,P4,20250118,20250123,20250121,120,67.4,True,0.0,project_fact_sla_export.csv,2026-06-23T00:00:00,1464
SLA001465,WO000189,C008,SV3,A006,P1,20250425,20250425,20250426,8,4.64,True,0.0,project_fact_sla_export.csv,2026-06-23T00:00:00,1465
SLA001466,WO003619,C004,SV7,A001,P3,20250501,20250504,20250506,72,106.67,False,34.67,project_fact_sla_export.csv,2026-06-23T00:00:00,1466
SLA001467,WO004930,C004,SV7,A005,P3,20250516,20250519,20250518,72,25.55,True,0.0,project_fact_sla_export.csv,2026-06-23T00:00:00,1467
SLA001468,WO002991,C002,SV5,A005,P2,20250206,20250207,20250207,24,18.51,True,0.0,project_fact_sla_export.csv,2026-06-23T00:00:00,1468
SLA001469,WO003500,C006,SV8,A003,P3,20250630,20250703,20250630,72,21.83,True,0.0,project_fact_sla_export.csv,2026-06-23T00:00:00,1469
SLA001470,WO004685,C002,SV3,A003,P1,20250309,20250309,20250310,8,1.62,True,0.0,project_fact_sla_export.csv,2026-06-23T00:00:00,1470
SLA001471,WO000210,C006,SV6,A001,P4,20250119,20250124,20250129,120,235.46,False,115.46,project_fact_sla_export.csv,2026-06-23T00:00:00,1471
SLA001472,WO000123,C004,SV3,A001,P3,20250321,20250324,20250325,72,88.94,False,16.94,project_fact_sla_export.csv,2026-06-23T00:00:00,1472
SLA001473,WO004894,C011,SV1,A006,P4,20250607,20250612,20250610,120,62.64,True,0.0,project_fact_sla_export.csv,2026-06-23T00:00:00,1473
SLA001474,WO000416,C015,SV4,A003,P3,20250328,20250331,20250330,72,41.41,True,0.0,project_fact_sla_export.csv,2026-06-23T00:00:00,1474
SLA001475,WO004599,C017,SV1,A002,P2,20250511,20250512,20250512,24,15.79,True,0.0,project_fact_sla_export.csv,2026-06-23T00:00:00,1475
SLA001476,WO001182,C004,SV4,A003,P3,20250131,20250203,20250201,72,11.2,True,0.0,project_fact_sla_export.csv,2026-06-23T00:00:00,1476
SLA001477,WO001374,C008,SV2,A001,P2,20250519,20250520,20250520,24,19.0,True,0.0,project_fact_sla_export.csv,2026-06-23T00:00:00,1477
SLA001478,WO004741,C001,SV6,A001,P2,20250516,20250517,20250518,24,28.67,False,4.67,project_fact_sla_export.csv,2026-06-23T00:00:00,1478
SLA001479,WO001097,C008,SV2,A006,P2,20250522,20250523,20250523,24,10.28,True,0.0,project_fact_sla_export.csv,2026-06-23T00:00:00,1479
SLA001480,WO003269,C010,SV8,A004,P2,20250402,20250403,20250403,24,16.76,True,0.0,project_fact_sla_export.csv,2026-06-23T00:00:00,1480
SLA001481,WO000075,C012,SV6,A001,P2,20250613,20250614,20250615,24,32.57,False,8.57,project_fact_sla_export.csv,2026-06-23T00:00:00,1481
SLA001482,WO000106,C019,SV2,A003,P2,20250117,20250118,20250120,24,59.63,False,35.63,project_fact_sla_export.csv,2026-06-23T00:00:00,1482
SLA001483,WO002300,C014,SV3,A004,P2,20250131,20250201,20250201,24,13.6,True,0.0,project_fact_sla_export.csv,2026-06-23T00:00:00,1483
SLA001484,WO004850,C019,SV5,A004,P3,20250623,20250626,20250625,72,32.26,True,0.0,project_fact_sla_export.csv,2026-06-23T00:00:00,1484
SLA001485,WO004948,C002,SV4,A004,P3,20250101,20250104,20250104,72,55.64,True,0.0,project_fact_sla_export.csv,2026-06-23T00:00:00,1485
SLA001486,WO000219,C004,SV7,A001,P2,20250223,20250224,20250224,24,19.58,True,0.0,project_fact_sla_export.csv,2026-06-23T00:00:00,1486
SLA001487,WO000868,C007,SV8,A006,P1,20250124,20250124,20250125,8,6.18,True,0.0,project_fact_sla_export.csv,2026-06-23T00:00:00,1487
SLA001488,WO003006,C018,SV1,A005,P1,20250209,20250209,20250210,8,9.57,False,1.57,project_fact_sla_export.csv,2026-06-23T00:00:00,1488
SLA001489,WO003598,C012,SV4,A001,P3,20250206,20250209,20250212,72,137.03,False,65.03,project_fact_sla_export.csv,2026-06-23T00:00:00,1489
SLA001490,WO002768,C009,SV3,A004,P3,20250418,20250421,20250420,72,46.01,True,0.0,project_fact_sla_export.csv,2026-06-23T00:00:00,1490
SLA001491,WO000695,C001,SV2,A004,P4,20250218,20250223,20250222,120,84.05,True,0.0,project_fact_sla_export.csv,2026-06-23T00:00:00,1491
SLA001492,WO001002,C004,SV8,A003,P3,20250412,20250415,20250418,72,123.98,False,51.98,project_fact_sla_export.csv,2026-06-23T00:00:00,1492
SLA001493,WO002458,C006,SV5,A006,P1,20250401,20250401,20250402,8,5.97,True,0.0,project_fact_sla_export.csv,2026-06-23T00:00:00,1493
SLA001494,WO003052,C017,SV6,A004,P3,20250518,20250521,20250520,72,43.11,True,0.0,project_fact_sla_export.csv,2026-06-23T00:00:00,1494
SLA001495,WO004330,C007,SV2,A004,P3,20250612,20250615,20250615,72,71.09,True,0.0,project_fact_sla_export.csv,2026-06-23T00:00:00,1495
SLA001496,WO000342,C006,SV7,A004,P1,20250421,20250421,20250422,8,1.69,True,0.0,project_fact_sla_export.csv,2026-06-23T00:00:00,1496
SLA001497,WO000769,C001,SV6,A004,P3,20250131,20250203,20250203,72,51.04,True,0.0,project_fact_sla_export.csv,2026-06-23T00:00:00,1497
SLA001498,WO000910,C010,SV8,A005,P3,20250626,20250629,20250630,72,93.12,False,21.12,project_fact_sla_export.csv,2026-06-23T00:00:00,1498
SLA001499,WO001442,C005,SV4,A004,P3,20250215,20250218,20250217,72,40.88,True,0.0,project_fact_sla_export.csv,2026-06-23T00:00:00,1499
SLA001500,WO002449,C013,SV5,A005,P2,20250410,20250411,20250411,24,10.1,True,0.0,project_fact_sla_export.csv,2026-06-23T00:00:00,1500
SLA001501,WO001827,C018,SV4,A004,P4,20250409,20250414,20250411,120,31.98,True,0.0,project_fact_sla_export.csv,2026-06-23T00:00:00,1501
SLA001502,WO000756,C008,SV6,A005,P2,20250410,20250411,20250411,24,23.64,True,0.0,project_fact_sla_export.csv,2026-06-23T00:00:00,1502
SLA001503,WO000996,C019,SV6,A005,P4,20250511,20250516,20250515,120,87.87,True,0.0,project_fact_sla_export.csv,2026-06-23T00:00:00,1503
SLA001504,WO000619,C020,SV2,A006,P2,20250408,20250409,20250409,24,8.17,True,0.0,project_fact_sla_export.csv,2026-06-23T00:00:00,1504
SLA001505,WO002941,C017,SV6,A004,P1,20250312,20250312,20250313,8,7.64,True,0.0,project_fact_sla_export.csv,2026-06-23T00:00:00,1505
SLA001506,WO001606,C015,SV1,A003,P2,20250328,20250329,20250329,24,12.87,True,0.0,project_fact_sla_export.csv,2026-06-23T00:00:00,1506
SLA001507,WO004126,C018,SV1,A005,P1,20250405,20250405,20250406,8,3.84,True,0.0,project_fact_sla_export.csv,2026-06-23T00:00:00,1507
SLA001508,WO000004,C018,SV6,A003,P3,20250318,20250321,20250321,72,68.73,True,0.0,project_fact_sla_export.csv,2026-06-23T00:00:00,1508
SLA001509,WO001671,C015,SV4,A005,P2,20250405,20250406,20250406,24,21.02,True,0.0,project_fact_sla_export.csv,2026-06-23T00:00:00,1509
SLA001510,WO003192,C019,SV3,A001,P3,20250304,20250307,20250307,72,61.96,True,0.0,project_fact_sla_export.csv,2026-06-23T00:00:00,1510
SLA001511,WO004194,C003,SV6,A004,P3,20250502,20250505,20250505,72,51.46,True,0.0,project_fact_sla_export.csv,2026-06-23T00:00:00,1511
SLA001512,WO000582,C007,SV7,A006,P2,20250513,20250514,20250514,24,13.45,True,0.0,project_fact_sla_export.csv,2026-06-23T00:00:00,1512
SLA001513,WO000071,C013,SV8,A004,P2,20250626,20250627,20250627,24,20.82,True,0.0,project_fact_sla_export.csv,2026-06-23T00:00:00,1513
SLA001514,WO002583,C013,SV2,A003,P3,20250625,20250628,20250627,72,42.71,True,0.0,project_fact_sla_export.csv,2026-06-23T00:00:00,1514
SLA001515,WO003411,C020,SV7,A003,P3,20250116,20250119,20250119,72,59.23,True,0.0,project_fact_sla_export.csv,2026-06-23T00:00:00,1515
SLA001516,WO003017,C006,SV5,A005,P3,20250105,20250108,20250106,72,20.94,True,0.0,project_fact_sla_export.csv,2026-06-23T00:00:00,1516
SLA001517,WO003375,C003,SV6,A005,P3,20250320,20250323,20250323,72,48.18,True,0.0,project_fact_sla_export.csv,2026-06-23T00:00:00,1517
SLA001518,WO001737,C018,SV2,A005,P3,20250406,20250409,20250409,72,64.16,True,0.0,project_fact_sla_export.csv,2026-06-23T00:00:00,1518
SLA001519,WO003450,C008,SV2,A006,P2,20250328,20250329,20250329,24,13.42,True,0.0,project_fact_sla_export.csv,2026-06-23T00:00:00,1519
SLA001520,WO001903,C012,SV4,A001,P2,20250322,20250323,20250323,24,13.71,True,0.0,project_fact_sla_export.csv,2026-06-23T00:00:00,1520
SLA001521,WO001239,C020,SV2,A001,P3,20250505,20250508,20250510,72,118.87,False,46.87,project_fact_sla_export.csv,2026-06-23T00:00:00,1521
SLA001522,WO000629,C014,SV5,A005,P2,20250119,20250120,20250120,24,18.24,True,0.0,project_fact_sla_export.csv,2026-06-23T00:00:00,1522
SLA001523,WO003091,C015,SV2,A003,P3,20250328,20250331,20250331,72,69.82,True,0.0,project_fact_sla_export.csv,2026-06-23T00:00:00,1523
SLA001524,WO001187,C004,SV4,A006,P2,20250314,20250315,20250315,24,11.97,True,0.0,project_fact_sla_export.csv,2026-06-23T00:00:00,1524
SLA001525,WO000648,C010,SV8,A004,P2,20250314,20250315,20250316,24,24.86,False,0.86,project_fact_sla_export.csv,2026-06-23T00:00:00,1525
SLA001526,WO002327,C001,SV7,A005,P1,20250411,20250411,20250412,8,3.06,True,0.0,project_fact_sla_export.csv,2026-06-23T00:00:00,1526
SLA001527,WO002147,C013,SV5,A003,P3,20250411,20250414,20250412,72,20.51,True,0.0,project_fact_sla_export.csv,2026-06-23T00:00:00,1527
SLA001528,WO003032,C011,SV7,A001,P3,20250424,20250427,20250426,72,42.88,True,0.0,project_fact_sla_export.csv,2026-06-23T00:00:00,1528
SLA001529,WO004406,C010,SV3,A002,P2,20250319,20250320,20250320,24,8.94,True,0.0,project_fact_sla_export.csv,2026-06-23T00:00:00,1529
SLA001530,WO002877,C013,SV7,A005,P3,20250126,20250129,20250127,72,21.33,True,0.0,project_fact_sla_export.csv,2026-06-23T00:00:00,1530
SLA001531,WO003984,C007,SV2,A005,P1,20250417,20250417,20250418,8,9.99,False,1.99,project_fact_sla_export.csv,2026-06-23T00:00:00,1531
SLA001532,WO002621,C016,SV7,A004,P3,20250401,20250404,20250403,72,38.83,True,0.0,project_fact_sla_export.csv,2026-06-23T00:00:00,1532
SLA001533,WO003481,C007,SV1,A001,P2,20250611,20250612,20250612,24,12.79,True,0.0,project_fact_sla_export.csv,2026-06-23T00:00:00,1533
SLA001534,WO003507,C004,SV6,A004,P4,20250402,20250407,20250408,120,141.7,False,21.7,project_fact_sla_export.csv,2026-06-23T00:00:00,1534
SLA001535,WO001148,C014,SV5,A004,P3,20250126,20250129,20250131,72,119.61,False,47.61,project_fact_sla_export.csv,2026-06-23T00:00:00,1535
SLA001536,WO000261,C018,SV2,A004,P2,20250107,20250108,20250108,24,12.46,True,0.0,project_fact_sla_export.csv,2026-06-23T00:00:00,1536
SLA001537,WO004793,C010,SV7,A006,P2,20250522,20250523,20250523,24,10.76,True,0.0,project_fact_sla_export.csv,2026-06-23T00:00:00,1537
SLA001538,WO003783,C006,SV6,A005,P3,20250128,20250131,20250130,72,47.29,True,0.0,project_fact_sla_export.csv,2026-06-23T00:00:00,1538
SLA001539,WO004559,C003,SV4,A004,P3,20250312,20250315,20250314,72,45.56,True,0.0,project_fact_sla_export.csv,2026-06-23T00:00:00,1539
SLA001540,WO004558,C003,SV6,A004,P1,20250118,20250118,20250119,8,7.41,True,0.0,project_fact_sla_export.csv,2026-06-23T00:00:00,1540
SLA001541,WO003760,C015,SV4,A006,P4,20250407,20250412,20250409,120,40.66,True,0.0,project_fact_sla_export.csv,2026-06-23T00:00:00,1541
SLA001542,WO001405,C013,SV3,A005,P2,20250529,20250530,20250530,24,8.52,True,0.0,project_fact_sla_export.csv,2026-06-23T00:00:00,1542
SLA001543,WO003926,C016,SV4,A006,P3,20250630,20250703,20250630,72,24.69,True,0.0,project_fact_sla_export.csv,2026-06-23T00:00:00,1543
SLA001544,WO002183,C018,SV4,A005,P3,20250106,20250109,20250109,72,53.37,True,0.0,project_fact_sla_export.csv,2026-06-23T00:00:00,1544
SLA001545,WO000033,C001,SV3,A004,P4,20250516,20250521,20250521,120,102.12,True,0.0,project_fact_sla_export.csv,2026-06-23T00:00:00,1545
SLA001546,WO002511,C002,SV1,A003,P3,20250308,20250311,20250309,72,18.62,True,0.0,project_fact_sla_export.csv,2026-06-23T00:00:00,1546
SLA001547,WO002321,C011,SV2,A003,P3,20250615,20250618,20250618,72,71.53,True,0.0,project_fact_sla_export.csv,2026-06-23T00:00:00,1547
SLA001548,WO000082,C013,SV7,A001,P3,20250607,20250610,20250609,72,46.9,True,0.0,project_fact_sla_export.csv,2026-06-23T00:00:00,1548
SLA001549,WO004995,C014,SV7,A005,P3,20250322,20250325,20250324,72,45.55,True,0.0,project_fact_sla_export.csv,2026-06-23T00:00:00,1549
SLA001550,WO002766,C015,SV3,A002,P2,20250105,20250106,20250107,24,24.59,False,0.59,project_fact_sla_export.csv,2026-06-23T00:00:00,1550
SLA001551,WO001380,C003,SV5,A004,P3,20250526,20250529,20250528,72,29.72,True,0.0,project_fact_sla_export.csv,2026-06-23T00:00:00,1551
SLA001552,WO002326,C019,SV1,A005,P1,20250119,20250119,20250120,8,9.86,False,1.86,project_fact_sla_export.csv,2026-06-23T00:00:00,1552
SLA001553,WO000807,C006,SV5,A005,P4,20250109,20250114,20250113,120,93.18,True,0.0,project_fact_sla_export.csv,2026-06-23T00:00:00,1553
SLA001554,WO002048,C004,SV2,A002,P2,20250108,20250109,20250109,24,21.44,True,0.0,project_fact_sla_export.csv,2026-06-23T00:00:00,1554
SLA001555,WO004999,C004,SV8,A005,P3,20250124,20250127,20250126,72,33.45,True,0.0,project_fact_sla_export.csv,2026-06-23T00:00:00,1555
SLA001556,WO003899,C006,SV4,A005,P3,20250418,20250421,20250421,72,64.7,True,0.0,project_fact_sla_export.csv,2026-06-23T00:00:00,1556
SLA001557,WO001377,C007,SV2,A005,P3,20250215,20250218,20250217,72,43.04,True,0.0,project_fact_sla_export.csv,2026-06-23T00:00:00,1557
SLA001558,WO000288,C003,SV2,A004,P3,20250320,20250323,20250322,72,28.73,True,0.0,project_fact_sla_export.csv,2026-06-23T00:00:00,1558
SLA001559,WO001943,C001,SV2,A004,P2,20250520,20250521,20250521,24,10.67,True,0.0,project_fact_sla_export.csv,2026-06-23T00:00:00,1559
SLA001560,WO000126,C014,SV8,A005,P1,20250208,20250208,20250209,8,2.65,True,0.0,project_fact_sla_export.csv,2026-06-23T00:00:00,1560
SLA001561,WO001648,C004,SV7,A005,P4,20250125,20250130,20250127,120,37.92,True,0.0,project_fact_sla_export.csv,2026-06-23T00:00:00,1561
SLA001562,WO003530,C015,SV5,A003,P3,20250314,20250317,20250317,72,50.93,True,0.0,project_fact_sla_export.csv,2026-06-23T00:00:00,1562
SLA001563,WO001464,C012,SV1,A004,P4,20250618,20250623,20250620,120,29.06,True,0.0,project_fact_sla_export.csv,2026-06-23T00:00:00,1563
SLA001564,WO001344,C015,SV6,A006,P3,20250222,20250225,20250224,72,43.44,True,0.0,project_fact_sla_export.csv,2026-06-23T00:00:00,1564
SLA001565,WO002455,C018,SV6,A005,P3,20250102,20250105,20250104,72,45.88,True,0.0,project_fact_sla_export.csv,2026-06-23T00:00:00,1565
SLA001566,WO004252,C017,SV8,A006,P2,20250109,20250110,20250110,24,9.39,True,0.0,project_fact_sla_export.csv,2026-06-23T00:00:00,1566
SLA001567,WO004326,C017,SV7,A005,P2,20250402,20250403,20250403,24,23.2,True,0.0,project_fact_sla_export.csv,2026-06-23T00:00:00,1567
SLA001568,WO002977,C015,SV4,A005,P3,20250105,20250108,20250108,72,63.29,True,0.0,project_fact_sla_export.csv,2026-06-23T00:00:00,1568
SLA001569,WO003278,C008,SV7,A004,P4,20250115,20250120,20250124,120,194.23,False,74.23,project_fact_sla_export.csv,2026-06-23T00:00:00,1569
SLA001570,WO004082,C020,SV2,A002,P3,20250105,20250108,20250107,72,39.74,True,0.0,project_fact_sla_export.csv,2026-06-23T00:00:00,1570
SLA001571,WO002290,C011,SV4,A004,P2,20250220,20250221,20250221,24,20.3,True,0.0,project_fact_sla_export.csv,2026-06-23T00:00:00,1571
SLA001572,WO003815,C002,SV2,A005,P2,20250621,20250622,20250623,24,26.77,False,2.77,project_fact_sla_export.csv,2026-06-23T00:00:00,1572
SLA001573,WO003112,C019,SV1,A001,P1,20250115,20250115,20250116,8,4.96,True,0.0,project_fact_sla_export.csv,2026-06-23T00:00:00,1573
SLA001574,WO000859,C014,SV8,A005,P3,20250218,20250221,20250220,72,43.97,True,0.0,project_fact_sla_export.csv,2026-06-23T00:00:00,1574
SLA001575,WO003427,C007,SV1,A003,P3,20250429,20250502,20250430,72,16.47,True,0.0,project_fact_sla_export.csv,2026-06-23T00:00:00,1575
SLA001576,WO001000,C017,SV6,A003,P3,20250313,20250316,20250316,72,67.26,True,0.0,project_fact_sla_export.csv,2026-06-23T00:00:00,1576
SLA001577,WO003004,C011,SV1,A004,P3,20250207,20250210,20250210,72,70.14,True,0.0,project_fact_sla_export.csv,2026-06-23T00:00:00,1577
SLA001578,WO000012,C001,SV5,A004,P2,20250430,20250501,20250502,24,26.96,False,2.96,project_fact_sla_export.csv,2026-06-23T00:00:00,1578
SLA001579,WO000876,C017,SV4,A006,P2,20250518,20250519,20250519,24,6.57,True,0.0,project_fact_sla_export.csv,2026-06-23T00:00:00,1579
SLA001580,WO000995,C008,SV4,A005,P1,20250113,20250113,20250114,8,7.69,True,0.0,project_fact_sla_export.csv,2026-06-23T00:00:00,1580
SLA001581,WO002939,C016,SV7,A003,P2,20250203,20250204,20250204,24,14.32,True,0.0,project_fact_sla_export.csv,2026-06-23T00:00:00,1581
SLA001582,WO002437,C020,SV2,A005,P3,20250404,20250407,20250406,72,27.43,True,0.0,project_fact_sla_export.csv,2026-06-23T00:00:00,1582
SLA001583,WO001767,C017,SV7,A003,P4,20250618,20250623,20250622,120,75.88,True,0.0,project_fact_sla_export.csv,2026-06-23T00:00:00,1583
SLA001584,WO003697,C015,SV7,A005,P4,20250214,20250219,20250220,120,142.84,False,22.84,project_fact_sla_export.csv,2026-06-23T00:00:00,1584
SLA001585,WO004233,C008,SV7,A003,P3,20250622,20250625,20250624,72,33.12,True,0.0,project_fact_sla_export.csv,2026-06-23T00:00:00,1585
SLA001586,WO001985,C009,SV2,A002,P2,20250115,20250116,20250117,24,42.65,False,18.65,project_fact_sla_export.csv,2026-06-23T00:00:00,1586
SLA001587,WO003204,C005,SV5,A003,P4,20250428,20250503,20250501,120,57.11,True,0.0,project_fact_sla_export.csv,2026-06-23T00:00:00,1587
SLA001588,WO002749,C017,SV2,A004,P2,20250619,20250620,20250620,24,15.22,True,0.0,project_fact_sla_export.csv,2026-06-23T00:00:00,1588
SLA001589,WO001347,C006,SV8,A001,P3,20250325,20250328,20250329,72,79.02,False,7.02,project_fact_sla_export.csv,2026-06-23T00:00:00,1589
SLA001590,WO000245,C006,SV3,A004,P2,20250103,20250104,20250104,24,15.82,True,0.0,project_fact_sla_export.csv,2026-06-23T00:00:00,1590
SLA001591,WO004481,C008,SV5,A005,P3,20250131,20250203,20250203,72,53.75,True,0.0,project_fact_sla_export.csv,2026-06-23T00:00:00,1591
SLA001592,WO003410,C019,SV8,A005,P1,20250219,20250219,20250220,8,6.28,True,0.0,project_fact_sla_export.csv,2026-06-23T00:00:00,1592
SLA001593,WO004819,C010,SV4,A005,P3,20250304,20250307,20250307,72,57.55,True,0.0,project_fact_sla_export.csv,2026-06-23T00:00:00,1593
SLA001594,WO003190,C011,SV8,A005,P3,20250619,20250622,20250624,72,113.21,False,41.21,project_fact_sla_export.csv,2026-06-23T00:00:00,1594
SLA001595,WO001910,C006,SV7,A005,P2,20250331,20250401,20250401,24,15.79,True,0.0,project_fact_sla_export.csv,2026-06-23T00:00:00,1595
SLA001596,WO001846,C013,SV5,A004,P2,20250326,20250327,20250327,24,22.92,True,0.0,project_fact_sla_export.csv,2026-06-23T00:00:00,1596
SLA001597,WO003435,C018,SV2,A001,P3,20250419,20250422,20250423,72,95.25,False,23.25,project_fact_sla_export.csv,2026-06-23T00:00:00,1597
SLA001598,WO003925,C014,SV3,A006,P2,20250225,20250226,20250226,24,20.57,True,0.0,project_fact_sla_export.csv,2026-06-23T00:00:00,1598
SLA001599,WO004579,C007,SV8,A002,P4,20250108,20250113,20250114,120,124.19,False,4.19,project_fact_sla_export.csv,2026-06-23T00:00:00,1599
SLA001600,WO002765,C019,SV2,A001,P2,20250412,20250413,20250414,24,27.55,False,3.55,project_fact_sla_export.csv,2026-06-23T00:00:00,1600
SLA001601,WO004545,C015,SV5,A005,P1,20250119,20250119,20250120,8,5.11,True,0.0,project_fact_sla_export.csv,2026-06-23T00:00:00,1601
SLA001602,WO003075,C011,SV6,A005,P3,20250422,20250425,20250424,72,43.32,True,0.0,project_fact_sla_export.csv,2026-06-23T00:00:00,1602
SLA001603,WO000148,C007,SV1,A003,P4,20250525,20250530,20250529,120,78.35,True,0.0,project_fact_sla_export.csv,2026-06-23T00:00:00,1603
SLA001604,WO002672,C006,SV1,A006,P3,20250508,20250511,20250510,72,26.73,True,0.0,project_fact_sla_export.csv,2026-06-23T00:00:00,1604
SLA001605,WO002036,C011,SV1,A001,P2,20250406,20250407,20250407,24,19.22,True,0.0,project_fact_sla_export.csv,2026-06-23T00:00:00,1605
SLA001606,WO000445,C015,SV2,A005,P3,20250320,20250323,20250322,72,47.02,True,0.0,project_fact_sla_export.csv,2026-06-23T00:00:00,1606
SLA001607,WO003059,C019,SV3,A004,P3,20250424,20250427,20250427,72,64.62,True,0.0,project_fact_sla_export.csv,2026-06-23T00:00:00,1607
SLA001608,WO001847,C008,SV3,A002,P3,20250228,20250303,20250301,72,16.13,True,0.0,project_fact_sla_export.csv,2026-06-23T00:00:00,1608
SLA001609,WO003426,C007,SV1,A006,P3,20250215,20250218,20250217,72,33.28,True,0.0,project_fact_sla_export.csv,2026-06-23T00:00:00,1609
SLA001610,WO002242,C019,SV8,A005,P2,20250626,20250627,20250627,24,13.64,True,0.0,project_fact_sla_export.csv,2026-06-23T00:00:00,1610
SLA001611,WO002763,C014,SV1,A005,P3,20250207,20250210,20250211,72,89.91,False,17.91,project_fact_sla_export.csv,2026-06-23T00:00:00,1611
SLA001612,WO004280,C007,SV5,A005,P2,20250201,20250202,20250202,24,10.48,True,0.0,project_fact_sla_export.csv,2026-06-23T00:00:00,1612
SLA001613,WO002434,C009,SV2,A001,P2,20250227,20250228,20250228,24,19.11,True,0.0,project_fact_sla_export.csv,2026-06-23T00:00:00,1613
SLA001614,WO000754,C006,SV7,A006,P4,20250525,20250530,20250528,120,51.71,True,0.0,project_fact_sla_export.csv,2026-06-23T00:00:00,1614
SLA001615,WO002494,C007,SV1,A006,P3,20250227,20250302,20250302,72,68.0,True,0.0,project_fact_sla_export.csv,2026-06-23T00:00:00,1615
SLA001616,WO000190,C015,SV5,A005,P3,20250125,20250128,20250128,72,62.7,True,0.0,project_fact_sla_export.csv,2026-06-23T00:00:00,1616
SLA001617,WO003137,C002,SV8,A005,P3,20250320,20250323,20250323,72,49.45,True,0.0,project_fact_sla_export.csv,2026-06-23T00:00:00,1617
SLA001618,WO004548,C013,SV6,A001,P3,20250415,20250418,20250419,72,91.18,False,19.18,project_fact_sla_export.csv,2026-06-23T00:00:00,1618
SLA001619,WO003551,C020,SV2,A004,P3,20250617,20250620,20250621,72,81.98,False,9.98,project_fact_sla_export.csv,2026-06-23T00:00:00,1619
SLA001620,WO003911,C007,SV4,A001,P3,20250331,20250403,20250403,72,59.96,True,0.0,project_fact_sla_export.csv,2026-06-23T00:00:00,1620
SLA001621,WO001561,C012,SV8,A005,P3,20250507,20250510,20250510,72,66.61,True,0.0,project_fact_sla_export.csv,2026-06-23T00:00:00,1621
SLA001622,WO000884,C020,SV8,A004,P4,20250204,20250209,20250213,120,203.39,False,83.39,project_fact_sla_export.csv,2026-06-23T00:00:00,1622
SLA001623,WO004155,C002,SV5,A004,P3,20250103,20250106,20250104,72,13.08,True,0.0,project_fact_sla_export.csv,2026-06-23T00:00:00,1623
SLA001624,WO002389,C010,SV3,A001,P3,20250507,20250510,20250511,72,87.08,False,15.08,project_fact_sla_export.csv,2026-06-23T00:00:00,1624
SLA001625,WO003306,C012,SV7,A005,P4,20250506,20250511,20250510,120,77.46,True,0.0,project_fact_sla_export.csv,2026-06-23T00:00:00,1625
SLA001626,WO000600,C013,SV3,A006,P4,20250317,20250322,20250323,120,124.26,False,4.26,project_fact_sla_export.csv,2026-06-23T00:00:00,1626
SLA001627,WO003159,C012,SV3,A001,P3,20250313,20250316,20250315,72,32.12,True,0.0,project_fact_sla_export.csv,2026-06-23T00:00:00,1627
SLA001628,WO003186,C001,SV3,A002,P4,20250405,20250410,20250408,120,64.74,True,0.0,project_fact_sla_export.csv,2026-06-23T00:00:00,1628
SLA001629,WO002276,C003,SV3,A005,P3,20250104,20250107,20250106,72,27.5,True,0.0,project_fact_sla_export.csv,2026-06-23T00:00:00,1629
SLA001630,WO000604,C011,SV4,A001,P2,20250326,20250327,20250328,24,33.47,False,9.47,project_fact_sla_export.csv,2026-06-23T00:00:00,1630
SLA001631,WO004535,C006,SV1,A004,P4,20250623,20250628,20250626,120,65.34,True,0.0,project_fact_sla_export.csv,2026-06-23T00:00:00,1631
SLA001632,WO001450,C009,SV8,A005,P3,20250609,20250612,20250611,72,39.91,True,0.0,project_fact_sla_export.csv,2026-06-23T00:00:00,1632
SLA001633,WO003085,C018,SV8,A004,P4,20250524,20250529,20250527,120,62.16,True,0.0,project_fact_sla_export.csv,2026-06-23T00:00:00,1633
SLA001634,WO000736,C014,SV1,A004,P4,20250315,20250320,20250318,120,50.21,True,0.0,project_fact_sla_export.csv,2026-06-23T00:00:00,1634
SLA001635,WO004221,C017,SV2,A005,P3,20250329,20250401,20250402,72,77.45,False,5.45,project_fact_sla_export.csv,2026-06-23T00:00:00,1635
SLA001636,WO001346,C002,SV5,A002,P4,20250609,20250614,20250612,120,71.66,True,0.0,project_fact_sla_export.csv,2026-06-23T00:00:00,1636
SLA001637,WO001367,C004,SV6,A001,P2,20250107,20250108,20250108,24,17.82,True,0.0,project_fact_sla_export.csv,2026-06-23T00:00:00,1637
SLA001638,WO000662,C019,SV2,A002,P1,20250417,20250417,20250418,8,4.61,True,0.0,project_fact_sla_export.csv,2026-06-23T00:00:00,1638
SLA001639,WO002911,C002,SV7,A003,P2,20250114,20250115,20250115,24,14.92,True,0.0,project_fact_sla_export.csv,2026-06-23T00:00:00,1639
SLA001640,WO003178,C016,SV5,A005,P2,20250505,20250506,20250507,24,33.94,False,9.94,project_fact_sla_export.csv,2026-06-23T00:00:00,1640
SLA001641,WO004615,C010,SV1,A001,P3,20250516,20250519,20250519,72,61.83,True,0.0,project_fact_sla_export.csv,2026-06-23T00:00:00,1641
SLA001642,WO004841,C007,SV2,A004,P4,20250314,20250319,20250318,120,79.11,True,0.0,project_fact_sla_export.csv,2026-06-23T00:00:00,1642
SLA001643,WO001955,C012,SV8,A005,P3,20250526,20250529,20250529,72,71.12,True,0.0,project_fact_sla_export.csv,2026-06-23T00:00:00,1643
SLA001644,WO001490,C008,SV4,A002,P4,20250427,20250502,20250429,120,41.01,True,0.0,project_fact_sla_export.csv,2026-06-23T00:00:00,1644
SLA001645,WO004970,C012,SV8,A003,P1,20250322,20250322,20250323,8,3.17,True,0.0,project_fact_sla_export.csv,2026-06-23T00:00:00,1645
SLA001646,WO003215,C014,SV7,A005,P4,20250325,20250330,20250328,120,57.37,True,0.0,project_fact_sla_export.csv,2026-06-23T00:00:00,1646
SLA001647,WO000290,C011,SV4,A003,P3,20250210,20250213,20250214,72,74.37,False,2.37,project_fact_sla_export.csv,2026-06-23T00:00:00,1647
SLA001648,WO003526,C019,SV7,A004,P1,20250414,20250414,20250415,8,6.57,True,0.0,project_fact_sla_export.csv,2026-06-23T00:00:00,1648
SLA001649,WO001582,C003,SV1,A003,P3,20250528,20250531,20250530,72,33.01,True,0.0,project_fact_sla_export.csv,2026-06-23T00:00:00,1649
SLA001650,WO000974,C004,SV3,A003,P2,20250221,20250222,20250223,24,32.1,False,8.1,project_fact_sla_export.csv,2026-06-23T00:00:00,1650
SLA001651,WO001339,C009,SV5,A003,P2,20250521,20250522,20250523,24,28.77,False,4.77,project_fact_sla_export.csv,2026-06-23T00:00:00,1651
SLA001652,WO002528,C005,SV2,A005,P2,20250227,20250228,20250301,24,33.83,False,9.83,project_fact_sla_export.csv,2026-06-23T00:00:00,1652
SLA001653,WO001396,C014,SV2,A006,P3,20250430,20250503,20250505,72,112.5,False,40.5,project_fact_sla_export.csv,2026-06-23T00:00:00,1653
SLA001654,WO000499,C012,SV1,A006,P4,20250117,20250122,20250119,120,39.57,True,0.0,project_fact_sla_export.csv,2026-06-23T00:00:00,1654
SLA001655,WO000330,C014,SV4,A004,P2,20250522,20250523,20250523,24,21.42,True,0.0,project_fact_sla_export.csv,2026-06-23T00:00:00,1655
SLA001656,WO003913,C016,SV8,A002,P3,20250415,20250418,20250417,72,40.96,True,0.0,project_fact_sla_export.csv,2026-06-23T00:00:00,1656
SLA001657,WO002435,C007,SV5,A006,P3,20250302,20250305,20250305,72,49.6,True,0.0,project_fact_sla_export.csv,2026-06-23T00:00:00,1657
SLA001658,WO004814,C005,SV7,A006,P3,20250519,20250522,20250523,72,82.11,False,10.11,project_fact_sla_export.csv,2026-06-23T00:00:00,1658
SLA001659,WO001455,C018,SV3,A003,P2,20250422,20250423,20250423,24,20.42,True,0.0,project_fact_sla_export.csv,2026-06-23T00:00:00,1659
SLA001660,WO003393,C002,SV6,A001,P1,20250418,20250418,20250419,8,5.65,True,0.0,project_fact_sla_export.csv,2026-06-23T00:00:00,1660
SLA001661,WO002557,C006,SV4,A001,P4,20250227,20250304,20250311,120,274.53,False,154.53,project_fact_sla_export.csv,2026-06-23T00:00:00,1661
SLA001662,WO003008,C004,SV8,A003,P4,20250420,20250425,20250425,120,99.94,True,0.0,project_fact_sla_export.csv,2026-06-23T00:00:00,1662
SLA001663,WO003943,C015,SV5,A004,P2,20250425,20250426,20250426,24,22.14,True,0.0,project_fact_sla_export.csv,2026-06-23T00:00:00,1663
SLA001664,WO000116,C020,SV3,A004,P3,20250226,20250301,20250228,72,46.86,True,0.0,project_fact_sla_export.csv,2026-06-23T00:00:00,1664
SLA001665,WO001506,C004,SV7,A003,P3,20250204,20250207,20250205,72,20.53,True,0.0,project_fact_sla_export.csv,2026-06-23T00:00:00,1665
SLA001666,WO000692,C002,SV8,A005,P1,20250206,20250206,20250207,8,7.23,True,0.0,project_fact_sla_export.csv,2026-06-23T00:00:00,1666
SLA001667,WO003291,C017,SV4,A006,P1,20250502,20250502,20250503,8,6.08,True,0.0,project_fact_sla_export.csv,2026-06-23T00:00:00,1667
SLA001668,WO001859,C014,SV3,A006,P4,20250131,20250205,20250204,120,77.06,True,0.0,project_fact_sla_export.csv,2026-06-23T00:00:00,1668
SLA001669,WO000625,C008,SV4,A004,P2,20250201,20250202,20250203,24,28.22,False,4.22,project_fact_sla_export.csv,2026-06-23T00:00:00,1669
SLA001670,WO004213,C018,SV4,A002,P2,20250501,20250502,20250503,24,27.14,False,3.14,project_fact_sla_export.csv,2026-06-23T00:00:00,1670
SLA001671,WO000155,C007,SV8,A004,P3,20250330,20250402,20250401,72,43.08,True,0.0,project_fact_sla_export.csv,2026-06-23T00:00:00,1671
SLA001672,WO003248,C001,SV5,A003,P4,20250423,20250428,20250502,120,200.18,False,80.18,project_fact_sla_export.csv,2026-06-23T00:00:00,1672
SLA001673,WO000161,C002,SV6,A001,P3,20250214,20250217,20250218,72,79.0,False,7.0,project_fact_sla_export.csv,2026-06-23T00:00:00,1673
SLA001674,WO002322,C016,SV3,A003,P3,20250203,20250206,20250205,72,41.16,True,0.0,project_fact_sla_export.csv,2026-06-23T00:00:00,1674
SLA001675,WO003524,C013,SV8,A002,P2,20250126,20250127,20250128,24,28.72,False,4.72,project_fact_sla_export.csv,2026-06-23T00:00:00,1675
SLA001676,WO001713,C006,SV3,A005,P3,20250221,20250224,20250225,72,94.35,False,22.35,project_fact_sla_export.csv,2026-06-23T00:00:00,1676
SLA001677,WO001457,C006,SV8,A001,P3,20250529,20250601,20250601,72,56.25,True,0.0,project_fact_sla_export.csv,2026-06-23T00:00:00,1677
SLA001678,WO000799,C017,SV1,A006,P2,20250529,20250530,20250530,24,3.57,True,0.0,project_fact_sla_export.csv,2026-06-23T00:00:00,1678
SLA001679,WO000790,C001,SV4,A002,P3,20250206,20250209,20250207,72,18.77,True,0.0,project_fact_sla_export.csv,2026-06-23T00:00:00,1679
SLA001680,WO000369,C016,SV8,A006,P3,20250426,20250429,20250428,72,36.48,True,0.0,project_fact_sla_export.csv,2026-06-23T00:00:00,1680
SLA001681,WO001863,C011,SV8,A002,P3,20250621,20250624,20250625,72,90.01,False,18.01,project_fact_sla_export.csv,2026-06-23T00:00:00,1681
SLA001682,WO004283,C012,SV2,A001,P3,20250309,20250312,20250311,72,43.42,True,0.0,project_fact_sla_export.csv,2026-06-23T00:00:00,1682
SLA001683,WO001244,C003,SV1,A001,P4,20250215,20250220,20250218,120,67.45,True,0.0,project_fact_sla_export.csv,2026-06-23T00:00:00,1683
SLA001684,WO000840,C007,SV1,A003,P2,20250531,20250601,20250601,24,20.36,True,0.0,project_fact_sla_export.csv,2026-06-23T00:00:00,1684
SLA001685,WO004969,C005,SV7,A005,P2,20250607,20250608,20250608,24,11.15,True,0.0,project_fact_sla_export.csv,2026-06-23T00:00:00,1685
SLA001686,WO004743,C009,SV1,A004,P3,20250128,20250131,20250201,72,91.03,False,19.03,project_fact_sla_export.csv,2026-06-23T00:00:00,1686
SLA001687,WO000081,C003,SV8,A005,P3,20250409,20250412,20250412,72,49.37,True,0.0,project_fact_sla_export.csv,2026-06-23T00:00:00,1687
SLA001688,WO002009,C013,SV7,A003,P2,20250421,20250422,20250422,24,19.05,True,0.0,project_fact_sla_export.csv,2026-06-23T00:00:00,1688
SLA001689,WO003903,C012,SV7,A006,P3,20250227,20250302,20250301,72,37.15,True,0.0,project_fact_sla_export.csv,2026-06-23T00:00:00,1689
SLA001690,WO000489,C010,SV5,A005,P4,20250511,20250516,20250513,120,46.0,True,0.0,project_fact_sla_export.csv,2026-06-23T00:00:00,1690
SLA001691,WO000941,C002,SV8,A004,P4,20250206,20250211,20250212,120,126.67,False,6.67,project_fact_sla_export.csv,2026-06-23T00:00:00,1691
SLA001692,WO000708,C006,SV3,A004,P3,20250529,20250601,20250601,72,71.39,True,0.0,project_fact_sla_export.csv,2026-06-23T00:00:00,1692
SLA001693,WO002429,C005,SV8,A004,P2,20250126,20250127,20250127,24,17.01,True,0.0,project_fact_sla_export.csv,2026-06-23T00:00:00,1693
SLA001694,WO004826,C008,SV1,A005,P3,20250410,20250413,20250413,72,68.15,True,0.0,project_fact_sla_export.csv,2026-06-23T00:00:00,1694
SLA001695,WO001278,C008,SV2,A003,P3,20250119,20250122,20250123,72,76.37,False,4.37,project_fact_sla_export.csv,2026-06-23T00:00:00,1695
SLA001696,WO000021,C014,SV2,A005,P3,20250221,20250224,20250223,72,28.06,True,0.0,project_fact_sla_export.csv,2026-06-23T00:00:00,1696
SLA001697,WO001666,C001,SV6,A004,P2,20250306,20250307,20250307,24,12.35,True,0.0,project_fact_sla_export.csv,2026-06-23T00:00:00,1697
SLA001698,WO004421,C002,SV6,A003,P3,20250131,20250203,20250204,72,93.28,False,21.28,project_fact_sla_export.csv,2026-06-23T00:00:00,1698
SLA001699,WO001682,C019,SV5,A005,P3,20250111,20250114,20250113,72,25.82,True,0.0,project_fact_sla_export.csv,2026-06-23T00:00:00,1699
SLA001700,WO001222,C016,SV2,A004,P3,20250409,20250412,20250413,72,80.62,False,8.62,project_fact_sla_export.csv,2026-06-23T00:00:00,1700
SLA001701,WO001620,C013,SV2,A005,P4,20250518,20250523,20250521,120,58.44,True,0.0,project_fact_sla_export.csv,2026-06-23T00:00:00,1701
SLA001702,WO003424,C006,SV3,A005,P2,20250511,20250512,20250513,24,24.88,False,0.88,project_fact_sla_export.csv,2026-06-23T00:00:00,1702
SLA001703,WO001010,C020,SV8,A004,P3,20250528,20250531,20250530,72,39.99,True,0.0,project_fact_sla_export.csv,2026-06-23T00:00:00,1703
SLA001704,WO002803,C012,SV5,A003,P3,20250316,20250319,20250317,72,21.58,True,0.0,project_fact_sla_export.csv,2026-06-23T00:00:00,1704
SLA001705,WO001379,C020,SV1,A005,P2,20250130,20250131,20250131,24,20.04,True,0.0,project_fact_sla_export.csv,2026-06-23T00:00:00,1705
SLA001706,WO002188,C020,SV4,A003,P2,20250406,20250407,20250407,24,17.99,True,0.0,project_fact_sla_export.csv,2026-06-23T00:00:00,1706
SLA001707,WO000277,C005,SV5,A003,P3,20250309,20250312,20250311,72,42.22,True,0.0,project_fact_sla_export.csv,2026-06-23T00:00:00,1707
SLA001708,WO002751,C018,SV6,A005,P3,20250203,20250206,20250205,72,25.8,True,0.0,project_fact_sla_export.csv,2026-06-23T00:00:00,1708
SLA001709,WO000578,C013,SV6,A006,P1,20250427,20250427,20250428,8,3.37,True,0.0,project_fact_sla_export.csv,2026-06-23T00:00:00,1709
SLA001710,WO003768,C003,SV4,A004,P3,20250422,20250425,20250425,72,61.81,True,0.0,project_fact_sla_export.csv,2026-06-23T00:00:00,1710
SLA001711,WO003561,C015,SV7,A003,P4,20250203,20250208,20250206,120,57.33,True,0.0,project_fact_sla_export.csv,2026-06-23T00:00:00,1711
SLA001712,WO004924,C009,SV2,A005,P2,20250604,20250605,20250605,24,7.76,True,0.0,project_fact_sla_export.csv,2026-06-23T00:00:00,1712
SLA001713,WO003216,C004,SV2,A005,P2,20250225,20250226,20250226,24,20.75,True,0.0,project_fact_sla_export.csv,2026-06-23T00:00:00,1713
SLA001714,WO000414,C009,SV4,A004,P2,20250508,20250509,20250509,24,14.37,True,0.0,project_fact_sla_export.csv,2026-06-23T00:00:00,1714
SLA001715,WO000849,C014,SV1,A001,P3,20250523,20250526,20250525,72,42.55,True,0.0,project_fact_sla_export.csv,2026-06-23T00:00:00,1715
SLA001716,WO000653,C015,SV2,A001,P3,20250215,20250218,20250218,72,69.78,True,0.0,project_fact_sla_export.csv,2026-06-23T00:00:00,1716
SLA001717,WO001391,C010,SV8,A003,P4,20250414,20250419,20250416,120,41.05,True,0.0,project_fact_sla_export.csv,2026-06-23T00:00:00,1717
SLA001718,WO003189,C009,SV2,A006,P2,20250409,20250410,20250410,24,5.79,True,0.0,project_fact_sla_export.csv,2026-06-23T00:00:00,1718
SLA001719,WO000921,C003,SV7,A005,P4,20250127,20250201,20250202,120,129.82,False,9.82,project_fact_sla_export.csv,2026-06-23T00:00:00,1719
SLA001720,WO002584,C001,SV4,A003,P3,20250412,20250415,20250418,72,141.74,False,69.74,project_fact_sla_export.csv,2026-06-23T00:00:00,1720
SLA001721,WO004860,C020,SV7,A004,P2,20250317,20250318,20250318,24,8.89,True,0.0,project_fact_sla_export.csv,2026-06-23T00:00:00,1721
SLA001722,WO004158,C017,SV6,A003,P3,20250506,20250509,20250509,72,58.36,True,0.0,project_fact_sla_export.csv,2026-06-23T00:00:00,1722
SLA001723,WO004683,C010,SV4,A005,P3,20250612,20250615,20250614,72,47.72,True,0.0,project_fact_sla_export.csv,2026-06-23T00:00:00,1723
SLA001724,WO000458,C002,SV3,A005,P3,20250207,20250210,20250210,72,69.21,True,0.0,project_fact_sla_export.csv,2026-06-23T00:00:00,1724
SLA001725,WO001853,C010,SV7,A004,P3,20250605,20250608,20250607,72,43.96,True,0.0,project_fact_sla_export.csv,2026-06-23T00:00:00,1725
SLA001726,WO001730,C015,SV5,A001,P3,20250213,20250216,20250217,72,84.26,False,12.26,project_fact_sla_export.csv,2026-06-23T00:00:00,1726
SLA001727,WO000145,C006,SV2,A001,P2,20250512,20250513,20250513,24,8.65,True,0.0,project_fact_sla_export.csv,2026-06-23T00:00:00,1727
SLA001728,WO003441,C010,SV2,A003,P1,20250213,20250213,20250214,8,5.47,True,0.0,project_fact_sla_export.csv,2026-06-23T00:00:00,1728
SLA001729,WO001992,C012,SV4,A003,P3,20250210,20250213,20250213,72,51.1,True,0.0,project_fact_sla_export.csv,2026-06-23T00:00:00,1729
SLA001730,WO000554,C013,SV8,A004,P1,20250418,20250418,20250419,8,4.62,True,0.0,project_fact_sla_export.csv,2026-06-23T00:00:00,1730
SLA001731,WO000731,C019,SV6,A004,P3,20250415,20250418,20250417,72,45.07,True,0.0,project_fact_sla_export.csv,2026-06-23T00:00:00,1731
SLA001732,WO001432,C003,SV4,A005,P3,20250119,20250122,20250123,72,81.72,False,9.72,project_fact_sla_export.csv,2026-06-23T00:00:00,1732
SLA001733,WO004904,C003,SV2,A005,P3,20250426,20250429,20250428,72,39.33,True,0.0,project_fact_sla_export.csv,2026-06-23T00:00:00,1733
SLA001734,WO004785,C019,SV6,A006,P2,20250211,20250212,20250212,24,12.59,True,0.0,project_fact_sla_export.csv,2026-06-23T00:00:00,1734
SLA001735,WO004674,C003,SV5,A002,P3,20250113,20250116,20250115,72,40.83,True,0.0,project_fact_sla_export.csv,2026-06-23T00:00:00,1735
SLA001736,WO003333,C016,SV6,A003,P1,20250524,20250524,20250525,8,6.94,True,0.0,project_fact_sla_export.csv,2026-06-23T00:00:00,1736
SLA001737,WO000428,C004,SV3,A005,P2,20250603,20250604,20250604,24,7.72,True,0.0,project_fact_sla_export.csv,2026-06-23T00:00:00,1737
SLA001738,WO002005,C010,SV8,A006,P2,20250101,20250102,20250102,24,8.33,True,0.0,project_fact_sla_export.csv,2026-06-23T00:00:00,1738
SLA001739,WO001631,C019,SV3,A003,P3,20250208,20250211,20250210,72,36.22,True,0.0,project_fact_sla_export.csv,2026-06-23T00:00:00,1739
SLA001740,WO003474,C019,SV1,A003,P2,20250602,20250603,20250603,24,22.26,True,0.0,project_fact_sla_export.csv,2026-06-23T00:00:00,1740
SLA001741,WO003107,C006,SV5,A005,P1,20250506,20250506,20250507,8,9.85,False,1.85,project_fact_sla_export.csv,2026-06-23T00:00:00,1741
SLA001742,WO002589,C008,SV2,A005,P3,20250311,20250314,20250313,72,31.06,True,0.0,project_fact_sla_export.csv,2026-06-23T00:00:00,1742
SLA001743,WO004736,C012,SV8,A005,P3,20250530,20250602,20250602,72,62.17,True,0.0,project_fact_sla_export.csv,2026-06-23T00:00:00,1743
SLA001744,WO002403,C012,SV7,A003,P3,20250130,20250202,20250201,72,41.69,True,0.0,project_fact_sla_export.csv,2026-06-23T00:00:00,1744
SLA001745,WO002563,C006,SV1,A003,P2,20250628,20250629,20250629,24,19.12,True,0.0,project_fact_sla_export.csv,2026-06-23T00:00:00,1745
SLA001746,WO000755,C003,SV2,A005,P2,20250618,20250619,20250620,24,26.77,False,2.77,project_fact_sla_export.csv,2026-06-23T00:00:00,1746
SLA001747,WO001539,C011,SV6,A001,P3,20250203,20250206,20250209,72,124.55,False,52.55,project_fact_sla_export.csv,2026-06-23T00:00:00,1747
SLA001748,WO000418,C015,SV2,A003,P3,20250126,20250129,20250131,72,108.86,False,36.86,project_fact_sla_export.csv,2026-06-23T00:00:00,1748
SLA001749,WO002889,C008,SV7,A005,P1,20250108,20250108,20250109,8,7.76,True,0.0,project_fact_sla_export.csv,2026-06-23T00:00:00,1749
SLA001750,WO003962,C016,SV1,A002,P2,20250128,20250129,20250129,24,13.26,True,0.0,project_fact_sla_export.csv,2026-06-23T00:00:00,1750
SLA001751,WO001567,C002,SV1,A001,P2,20250311,20250312,20250313,24,29.17,False,5.17,project_fact_sla_export.csv,2026-06-23T00:00:00,1751
SLA001752,WO004127,C005,SV4,A004,P3,20250226,20250301,20250228,72,34.38,True,0.0,project_fact_sla_export.csv,2026-06-23T00:00:00,1752
SLA001753,WO001373,C011,SV1,A002,P1,20250306,20250306,20250307,8,6.39,True,0.0,project_fact_sla_export.csv,2026-06-23T00:00:00,1753
SLA001754,WO004905,C009,SV6,A003,P3,20250521,20250524,20250522,72,16.83,True,0.0,project_fact_sla_export.csv,2026-06-23T00:00:00,1754
SLA001755,WO001742,C009,SV4,A004,P4,20250317,20250322,20250319,120,29.44,True,0.0,project_fact_sla_export.csv,2026-06-23T00:00:00,1755
SLA001756,WO001387,C019,SV7,A005,P2,20250319,20250320,20250320,24,22.5,True,0.0,project_fact_sla_export.csv,2026-06-23T00:00:00,1756
SLA001757,WO003129,C015,SV7,A005,P2,20250606,20250607,20250607,24,11.21,True,0.0,project_fact_sla_export.csv,2026-06-23T00:00:00,1757
SLA001758,WO000918,C018,SV5,A001,P1,20250406,20250406,20250407,8,4.58,True,0.0,project_fact_sla_export.csv,2026-06-23T00:00:00,1758
SLA001759,WO003588,C013,SV5,A003,P3,20250425,20250428,20250428,72,54.56,True,0.0,project_fact_sla_export.csv,2026-06-23T00:00:00,1759
SLA001760,WO001164,C020,SV7,A001,P2,20250328,20250329,20250329,24,10.49,True,0.0,project_fact_sla_export.csv,2026-06-23T00:00:00,1760
SLA001761,WO004478,C011,SV8,A006,P2,20250224,20250225,20250225,24,10.97,True,0.0,project_fact_sla_export.csv,2026-06-23T00:00:00,1761
SLA001762,WO003871,C003,SV7,A003,P1,20250514,20250514,20250515,8,5.47,True,0.0,project_fact_sla_export.csv,2026-06-23T00:00:00,1762
SLA001763,WO004228,C005,SV6,A005,P3,20250208,20250211,20250211,72,48.07,True,0.0,project_fact_sla_export.csv,2026-06-23T00:00:00,1763
SLA001764,WO003758,C014,SV4,A005,P2,20250310,20250311,20250311,24,20.47,True,0.0,project_fact_sla_export.csv,2026-06-23T00:00:00,1764
SLA001765,WO001559,C014,SV4,A001,P4,20250407,20250412,20250415,120,178.87,False,58.87,project_fact_sla_export.csv,2026-06-23T00:00:00,1765
SLA001766,WO004485,C001,SV2,A005,P4,20250505,20250510,20250508,120,51.66,True,0.0,project_fact_sla_export.csv,2026-06-23T00:00:00,1766
SLA001767,WO004891,C002,SV6,A001,P4,20250508,20250513,20250513,120,115.19,True,0.0,project_fact_sla_export.csv,2026-06-23T00:00:00,1767
SLA001768,WO000291,C008,SV4,A005,P1,20250402,20250402,20250403,8,4.98,True,0.0,project_fact_sla_export.csv,2026-06-23T00:00:00,1768
SLA001769,WO001691,C017,SV2,A001,P3,20250124,20250127,20250126,72,40.8,True,0.0,project_fact_sla_export.csv,2026-06-23T00:00:00,1769
SLA001770,WO001270,C013,SV5,A004,P2,20250617,20250618,20250618,24,8.63,True,0.0,project_fact_sla_export.csv,2026-06-23T00:00:00,1770
SLA001771,WO003236,C012,SV3,A003,P3,20250207,20250210,20250211,72,88.06,False,16.06,project_fact_sla_export.csv,2026-06-23T00:00:00,1771
SLA001772,WO004360,C001,SV7,A004,P4,20250116,20250121,20250118,120,45.01,True,0.0,project_fact_sla_export.csv,2026-06-23T00:00:00,1772
SLA001773,WO000134,C005,SV3,A005,P3,20250219,20250222,20250222,72,63.93,True,0.0,project_fact_sla_export.csv,2026-06-23T00:00:00,1773
SLA001774,WO002151,C007,SV6,A002,P4,20250329,20250403,20250401,120,57.82,True,0.0,project_fact_sla_export.csv,2026-06-23T00:00:00,1774
SLA001775,WO002195,C017,SV8,A001,P3,20250607,20250610,20250610,72,70.01,True,0.0,project_fact_sla_export.csv,2026-06-23T00:00:00,1775
SLA001776,WO001238,C019,SV6,A005,P3,20250620,20250623,20250623,72,71.86,True,0.0,project_fact_sla_export.csv,2026-06-23T00:00:00,1776
SLA001777,WO001073,C003,SV8,A001,P2,20250308,20250309,20250309,24,16.01,True,0.0,project_fact_sla_export.csv,2026-06-23T00:00:00,1777
SLA001778,WO000770,C005,SV1,A005,P2,20250113,20250114,20250114,24,16.14,True,0.0,project_fact_sla_export.csv,2026-06-23T00:00:00,1778
SLA001779,WO000864,C016,SV3,A004,P3,20250405,20250408,20250409,72,80.76,False,8.76,project_fact_sla_export.csv,2026-06-23T00:00:00,1779
SLA001780,WO001855,C014,SV1,A005,P3,20250509,20250512,20250511,72,34.79,True,0.0,project_fact_sla_export.csv,2026-06-23T00:00:00,1780
SLA001781,WO004414,C001,SV4,A003,P4,20250205,20250210,20250208,120,68.89,True,0.0,project_fact_sla_export.csv,2026-06-23T00:00:00,1781
SLA001782,WO004762,C004,SV2,A004,P1,20250313,20250313,20250314,8,4.59,True,0.0,project_fact_sla_export.csv,2026-06-23T00:00:00,1782
SLA001783,WO001778,C011,SV7,A004,P3,20250411,20250414,20250413,72,41.77,True,0.0,project_fact_sla_export.csv,2026-06-23T00:00:00,1783
SLA001784,WO001317,C010,SV1,A001,P2,20250412,20250413,20250414,24,34.08,False,10.08,project_fact_sla_export.csv,2026-06-23T00:00:00,1784
SLA001785,WO003401,C014,SV4,A005,P3,20250607,20250610,20250611,72,83.26,False,11.26,project_fact_sla_export.csv,2026-06-23T00:00:00,1785
SLA001786,WO003311,C018,SV1,A004,P4,20250225,20250302,20250227,120,40.41,True,0.0,project_fact_sla_export.csv,2026-06-23T00:00:00,1786
SLA001787,WO002174,C004,SV6,A005,P2,20250209,20250210,20250210,24,22.45,True,0.0,project_fact_sla_export.csv,2026-06-23T00:00:00,1787
SLA001788,WO001438,C019,SV5,A003,P3,20250112,20250115,20250116,72,81.91,False,9.91,project_fact_sla_export.csv,2026-06-23T00:00:00,1788
SLA001789,WO002708,C011,SV7,A004,P3,20250509,20250512,20250511,72,33.04,True,0.0,project_fact_sla_export.csv,2026-06-23T00:00:00,1789
SLA001790,WO001426,C005,SV5,A002,P2,20250425,20250426,20250426,24,12.5,True,0.0,project_fact_sla_export.csv,2026-06-23T00:00:00,1790
SLA001791,WO001617,C007,SV1,A004,P4,20250101,20250106,20250107,120,123.1,False,3.1,project_fact_sla_export.csv,2026-06-23T00:00:00,1791
SLA001792,WO002713,C006,SV8,A005,P1,20250207,20250207,20250208,8,3.61,True,0.0,project_fact_sla_export.csv,2026-06-23T00:00:00,1792
SLA001793,WO003725,C016,SV3,A005,P1,20250628,20250628,20250629,8,5.92,True,0.0,project_fact_sla_export.csv,2026-06-23T00:00:00,1793
SLA001794,WO004833,C016,SV4,A004,P3,20250509,20250512,20250511,72,44.22,True,0.0,project_fact_sla_export.csv,2026-06-23T00:00:00,1794
SLA001795,WO001066,C013,SV3,A006,P3,20250425,20250428,20250429,72,74.26,False,2.26,project_fact_sla_export.csv,2026-06-23T00:00:00,1795
SLA001796,WO002504,C019,SV4,A005,P3,20250515,20250518,20250519,72,74.38,False,2.38,project_fact_sla_export.csv,2026-06-23T00:00:00,1796
SLA001797,WO003996,C015,SV6,A003,P3,20250128,20250131,20250131,72,70.78,True,0.0,project_fact_sla_export.csv,2026-06-23T00:00:00,1797
SLA001798,WO001990,C009,SV5,A005,P3,20250118,20250121,20250123,72,114.93,False,42.93,project_fact_sla_export.csv,2026-06-23T00:00:00,1798
SLA001799,WO001371,C018,SV3,A001,P3,20250311,20250314,20250313,72,43.38,True,0.0,project_fact_sla_export.csv,2026-06-23T00:00:00,1799
SLA001800,WO004788,C011,SV3,A005,P2,20250208,20250209,20250209,24,21.33,True,0.0,project_fact_sla_export.csv,2026-06-23T00:00:00,1800
SLA001801,WO003383,C010,SV4,A001,P1,20250226,20250226,20250227,8,4.46,True,0.0,project_fact_sla_export.csv,2026-06-23T00:00:00,1801
SLA001802,WO002747,C013,SV6,A004,P3,20250131,20250203,20250202,72,32.09,True,0.0,project_fact_sla_export.csv,2026-06-23T00:00:00,1802
SLA001803,WO004196,C010,SV2,A001,P1,20250123,20250123,20250124,8,6.9,True,0.0,project_fact_sla_export.csv,2026-06-23T00:00:00,1803
SLA001804,WO003344,C006,SV5,A005,P2,20250525,20250526,20250526,24,8.63,True,0.0,project_fact_sla_export.csv,2026-06-23T00:00:00,1804
SLA001805,WO002558,C008,SV4,A005,P2,20250515,20250516,20250516,24,16.84,True,0.0,project_fact_sla_export.csv,2026-06-23T00:00:00,1805
SLA001806,WO000589,C002,SV4,A005,P3,20250302,20250305,20250305,72,59.23,True,0.0,project_fact_sla_export.csv,2026-06-23T00:00:00,1806
SLA001807,WO001747,C010,SV5,A001,P4,20250108,20250113,20250111,120,70.81,True,0.0,project_fact_sla_export.csv,2026-06-23T00:00:00,1807
SLA001808,WO002312,C019,SV2,A005,P3,20250216,20250219,20250220,72,92.13,False,20.13,project_fact_sla_export.csv,2026-06-23T00:00:00,1808
SLA001809,WO002167,C003,SV5,A003,P3,20250608,20250611,20250610,72,34.02,True,0.0,project_fact_sla_export.csv,2026-06-23T00:00:00,1809
SLA001810,WO001593,C013,SV6,A005,P2,20250603,20250604,20250604,24,18.15,True,0.0,project_fact_sla_export.csv,2026-06-23T00:00:00,1810
SLA001811,WO002967,C011,SV4,A003,P3,20250122,20250125,20250125,72,66.07,True,0.0,project_fact_sla_export.csv,2026-06-23T00:00:00,1811
SLA001812,WO000831,C015,SV8,A005,P3,20250222,20250225,20250227,72,115.2,False,43.2,project_fact_sla_export.csv,2026-06-23T00:00:00,1812
SLA001813,WO002855,C015,SV2,A001,P3,20250104,20250107,20250106,72,38.8,True,0.0,project_fact_sla_export.csv,2026-06-23T00:00:00,1813
SLA001814,WO000997,C010,SV3,A003,P3,20250104,20250107,20250106,72,34.11,True,0.0,project_fact_sla_export.csv,2026-06-23T00:00:00,1814
SLA001815,WO004043,C009,SV6,A003,P3,20250520,20250523,20250522,72,47.0,True,0.0,project_fact_sla_export.csv,2026-06-23T00:00:00,1815
SLA001816,WO002004,C003,SV3,A002,P2,20250202,20250203,20250203,24,8.16,True,0.0,project_fact_sla_export.csv,2026-06-23T00:00:00,1816
SLA001817,WO004928,C020,SV8,A004,P2,20250419,20250420,20250420,24,15.09,True,0.0,project_fact_sla_export.csv,2026-06-23T00:00:00,1817
SLA001818,WO004503,C011,SV4,A005,P2,20250408,20250409,20250409,24,18.31,True,0.0,project_fact_sla_export.csv,2026-06-23T00:00:00,1818
SLA001819,WO001329,C007,SV2,A001,P3,20250607,20250610,20250609,72,30.8,True,0.0,project_fact_sla_export.csv,2026-06-23T00:00:00,1819
SLA001820,WO002202,C005,SV3,A006,P2,20250130,20250131,20250131,24,10.18,True,0.0,project_fact_sla_export.csv,2026-06-23T00:00:00,1820
SLA001821,WO002916,C008,SV2,A003,P3,20250601,20250604,20250604,72,63.87,True,0.0,project_fact_sla_export.csv,2026-06-23T00:00:00,1821
SLA001822,WO000688,C016,SV2,A006,P4,20250217,20250222,20250219,120,47.24,True,0.0,project_fact_sla_export.csv,2026-06-23T00:00:00,1822
SLA001823,WO000824,C007,SV5,A003,P2,20250319,20250320,20250320,24,7.89,True,0.0,project_fact_sla_export.csv,2026-06-23T00:00:00,1823
SLA001824,WO000982,C009,SV5,A002,P3,20250103,20250106,20250106,72,52.05,True,0.0,project_fact_sla_export.csv,2026-06-23T00:00:00,1824
SLA001825,WO000052,C019,SV8,A004,P3,20250209,20250212,20250211,72,44.66,True,0.0,project_fact_sla_export.csv,2026-06-23T00:00:00,1825
SLA001826,WO001889,C008,SV6,A005,P3,20250107,20250110,20250109,72,37.74,True,0.0,project_fact_sla_export.csv,2026-06-23T00:00:00,1826
SLA001827,WO000239,C020,SV4,A001,P3,20250210,20250213,20250211,72,22.99,True,0.0,project_fact_sla_export.csv,2026-06-23T00:00:00,1827
SLA001828,WO000544,C007,SV3,A004,P2,20250106,20250107,20250108,24,25.72,False,1.72,project_fact_sla_export.csv,2026-06-23T00:00:00,1828
SLA001829,WO003146,C020,SV5,A005,P3,20250207,20250210,20250209,72,37.46,True,0.0,project_fact_sla_export.csv,2026-06-23T00:00:00,1829
SLA001830,WO004871,C003,SV1,A005,P3,20250612,20250615,20250614,72,44.7,True,0.0,project_fact_sla_export.csv,2026-06-23T00:00:00,1830
SLA001831,WO000398,C020,SV5,A001,P3,20250313,20250316,20250319,72,135.76,False,63.76,project_fact_sla_export.csv,2026-06-23T00:00:00,1831
SLA001832,WO001146,C012,SV3,A003,P3,20250509,20250512,20250511,72,39.3,True,0.0,project_fact_sla_export.csv,2026-06-23T00:00:00,1832
SLA001833,WO002548,C001,SV2,A004,P2,20250118,20250119,20250119,24,18.95,True,0.0,project_fact_sla_export.csv,2026-06-23T00:00:00,1833
SLA001834,WO003109,C009,SV5,A006,P3,20250317,20250320,20250320,72,62.47,True,0.0,project_fact_sla_export.csv,2026-06-23T00:00:00,1834
SLA001835,WO001051,C018,SV4,A003,P2,20250330,20250331,20250331,24,9.96,True,0.0,project_fact_sla_export.csv,2026-06-23T00:00:00,1835
SLA001836,WO004362,C003,SV7,A001,P3,20250116,20250119,20250119,72,63.42,True,0.0,project_fact_sla_export.csv,2026-06-23T00:00:00,1836
SLA001837,WO003203,C007,SV6,A004,P3,20250514,20250517,20250518,72,73.74,False,1.74,project_fact_sla_export.csv,2026-06-23T00:00:00,1837
SLA001838,WO000015,C012,SV4,A001,P4,20250317,20250322,20250324,120,149.98,False,29.98,project_fact_sla_export.csv,2026-06-23T00:00:00,1838
SLA001839,WO003633,C004,SV3,A004,P2,20250210,20250211,20250211,24,23.47,True,0.0,project_fact_sla_export.csv,2026-06-23T00:00:00,1839
SLA001840,WO001038,C010,SV2,A004,P3,20250610,20250613,20250613,72,48.19,True,0.0,project_fact_sla_export.csv,2026-06-23T00:00:00,1840
SLA001841,WO001527,C016,SV4,A005,P3,20250413,20250416,20250415,72,28.47,True,0.0,project_fact_sla_export.csv,2026-06-23T00:00:00,1841
SLA001842,WO002791,C012,SV2,A006,P1,20250209,20250209,20250210,8,5.5,True,0.0,project_fact_sla_export.csv,2026-06-23T00:00:00,1842
SLA001843,WO001326,C010,SV2,A005,P3,20250202,20250205,20250204,72,34.78,True,0.0,project_fact_sla_export.csv,2026-06-23T00:00:00,1843
SLA001844,WO002496,C013,SV4,A004,P2,20250414,20250415,20250415,24,10.28,True,0.0,project_fact_sla_export.csv,2026-06-23T00:00:00,1844
SLA001845,WO003644,C007,SV5,A005,P3,20250621,20250624,20250625,72,75.88,False,3.88,project_fact_sla_export.csv,2026-06-23T00:00:00,1845
SLA001846,WO004539,C004,SV7,A005,P1,20250228,20250228,20250301,8,2.77,True,0.0,project_fact_sla_export.csv,2026-06-23T00:00:00,1846
SLA001847,WO003781,C006,SV8,A005,P2,20250219,20250220,20250221,24,29.89,False,5.89,project_fact_sla_export.csv,2026-06-23T00:00:00,1847
SLA001848,WO003522,C006,SV6,A006,P3,20250418,20250421,20250420,72,40.75,True,0.0,project_fact_sla_export.csv,2026-06-23T00:00:00,1848
SLA001849,WO003710,C009,SV5,A001,P3,20250310,20250313,20250315,72,97.6,False,25.6,project_fact_sla_export.csv,2026-06-23T00:00:00,1849
SLA001850,WO003206,C020,SV5,A004,P3,20250530,20250602,20250602,72,58.72,True,0.0,project_fact_sla_export.csv,2026-06-23T00:00:00,1850
SLA001851,WO000522,C003,SV5,A002,P1,20250107,20250107,20250108,8,3.75,True,0.0,project_fact_sla_export.csv,2026-06-23T00:00:00,1851
SLA001852,WO004181,C018,SV8,A005,P4,20250607,20250612,20250611,120,85.03,True,0.0,project_fact_sla_export.csv,2026-06-23T00:00:00,1852
SLA001853,WO001578,C016,SV2,A005,P2,20250207,20250208,20250208,24,14.57,True,0.0,project_fact_sla_export.csv,2026-06-23T00:00:00,1853
SLA001854,WO004413,C017,SV5,A005,P3,20250605,20250608,20250607,72,47.78,True,0.0,project_fact_sla_export.csv,2026-06-23T00:00:00,1854
SLA001855,WO001240,C010,SV8,A005,P1,20250102,20250102,20250103,8,7.67,True,0.0,project_fact_sla_export.csv,2026-06-23T00:00:00,1855
SLA001856,WO004594,C005,SV2,A005,P4,20250621,20250626,20250625,120,95.84,True,0.0,project_fact_sla_export.csv,2026-06-23T00:00:00,1856
SLA001857,WO002340,C010,SV2,A004,P4,20250215,20250220,20250223,120,181.34,False,61.34,project_fact_sla_export.csv,2026-06-23T00:00:00,1857
SLA001858,WO003372,C008,SV2,A005,P3,20250225,20250228,20250227,72,46.81,True,0.0,project_fact_sla_export.csv,2026-06-23T00:00:00,1858
SLA001859,WO001834,C007,SV8,A005,P3,20250421,20250424,20250424,72,56.51,True,0.0,project_fact_sla_export.csv,2026-06-23T00:00:00,1859
SLA001860,WO001721,C004,SV8,A002,P2,20250127,20250128,20250128,24,17.35,True,0.0,project_fact_sla_export.csv,2026-06-23T00:00:00,1860
SLA001861,WO002812,C013,SV1,A005,P3,20250214,20250217,20250216,72,42.0,True,0.0,project_fact_sla_export.csv,2026-06-23T00:00:00,1861
SLA001862,WO004668,C010,SV2,A001,P2,20250228,20250301,20250301,24,21.35,True,0.0,project_fact_sla_export.csv,2026-06-23T00:00:00,1862
SLA001863,WO000532,C011,SV1,A006,P3,20250620,20250623,20250623,72,49.94,True,0.0,project_fact_sla_export.csv,2026-06-23T00:00:00,1863
SLA001864,WO004083,C017,SV4,A004,P3,20250309,20250312,20250311,72,44.99,True,0.0,project_fact_sla_export.csv,2026-06-23T00:00:00,1864
SLA001865,WO000930,C013,SV3,A005,P2,20250609,20250610,20250611,24,24.6,False,0.6,project_fact_sla_export.csv,2026-06-23T00:00:00,1865
SLA001866,WO000620,C010,SV5,A005,P1,20250222,20250222,20250223,8,13.78,False,5.78,project_fact_sla_export.csv,2026-06-23T00:00:00,1866
SLA001867,WO003349,C006,SV2,A005,P2,20250615,20250616,20250616,24,15.89,True,0.0,project_fact_sla_export.csv,2026-06-23T00:00:00,1867
SLA001868,WO001881,C011,SV1,A005,P3,20250503,20250506,20250505,72,41.34,True,0.0,project_fact_sla_export.csv,2026-06-23T00:00:00,1868
SLA001869,WO002973,C007,SV2,A003,P2,20250323,20250324,20250324,24,19.47,True,0.0,project_fact_sla_export.csv,2026-06-23T00:00:00,1869
SLA001870,WO001318,C020,SV3,A004,P4,20250522,20250527,20250525,120,55.75,True,0.0,project_fact_sla_export.csv,2026-06-23T00:00:00,1870
SLA001871,WO002146,C004,SV4,A003,P1,20250323,20250323,20250324,8,8.52,False,0.52,project_fact_sla_export.csv,2026-06-23T00:00:00,1871
SLA001872,WO003930,C017,SV8,A003,P3,20250207,20250210,20250209,72,40.88,True,0.0,project_fact_sla_export.csv,2026-06-23T00:00:00,1872
SLA001873,WO001042,C008,SV8,A004,P4,20250220,20250225,20250227,120,150.56,False,30.56,project_fact_sla_export.csv,2026-06-23T00:00:00,1873
SLA001874,WO003281,C018,SV8,A002,P3,20250210,20250213,20250211,72,21.37,True,0.0,project_fact_sla_export.csv,2026-06-23T00:00:00,1874
SLA001875,WO001667,C016,SV4,A004,P4,20250217,20250222,20250224,120,167.33,False,47.33,project_fact_sla_export.csv,2026-06-23T00:00:00,1875
SLA001876,WO000459,C018,SV4,A006,P4,20250420,20250425,20250425,120,118.59,True,0.0,project_fact_sla_export.csv,2026-06-23T00:00:00,1876
SLA001877,WO003990,C008,SV8,A004,P2,20250320,20250321,20250321,24,21.34,True,0.0,project_fact_sla_export.csv,2026-06-23T00:00:00,1877
SLA001878,WO004669,C008,SV2,A003,P2,20250308,20250309,20250310,24,24.5,False,0.5,project_fact_sla_export.csv,2026-06-23T00:00:00,1878
SLA001879,WO003037,C004,SV5,A003,P4,20250507,20250512,20250511,120,73.25,True,0.0,project_fact_sla_export.csv,2026-06-23T00:00:00,1879
SLA001880,WO004576,C014,SV4,A006,P2,20250430,20250501,20250502,24,44.81,False,20.81,project_fact_sla_export.csv,2026-06-23T00:00:00,1880
SLA001881,WO002829,C018,SV7,A006,P2,20250124,20250125,20250125,24,7.98,True,0.0,project_fact_sla_export.csv,2026-06-23T00:00:00,1881
SLA001882,WO001655,C013,SV1,A005,P2,20250213,20250214,20250215,24,34.22,False,10.22,project_fact_sla_export.csv,2026-06-23T00:00:00,1882
SLA001883,WO004817,C013,SV3,A006,P2,20250226,20250227,20250227,24,17.29,True,0.0,project_fact_sla_export.csv,2026-06-23T00:00:00,1883
SLA001884,WO002962,C007,SV4,A001,P3,20250429,20250502,20250501,72,46.93,True,0.0,project_fact_sla_export.csv,2026-06-23T00:00:00,1884
SLA001885,WO003876,C020,SV4,A001,P3,20250521,20250524,20250527,72,123.45,False,51.45,project_fact_sla_export.csv,2026-06-23T00:00:00,1885
SLA001886,WO000025,C002,SV8,A003,P4,20250506,20250511,20250515,120,200.39,False,80.39,project_fact_sla_export.csv,2026-06-23T00:00:00,1886
SLA001887,WO000872,C014,SV2,A004,P4,20250219,20250224,20250225,120,132.34,False,12.34,project_fact_sla_export.csv,2026-06-23T00:00:00,1887
SLA001888,WO003923,C012,SV3,A004,P3,20250626,20250629,20250630,72,92.62,False,20.62,project_fact_sla_export.csv,2026-06-23T00:00:00,1888
SLA001889,WO002074,C011,SV6,A005,P4,20250611,20250616,20250614,120,51.7,True,0.0,project_fact_sla_export.csv,2026-06-23T00:00:00,1889
SLA001890,WO000007,C002,SV7,A006,P4,20250112,20250117,20250120,120,171.27,False,51.27,project_fact_sla_export.csv,2026-06-23T00:00:00,1890
SLA001891,WO000552,C016,SV5,A003,P4,20250408,20250413,20250414,120,123.96,False,3.96,project_fact_sla_export.csv,2026-06-23T00:00:00,1891
SLA001892,WO004202,C004,SV3,A001,P3,20250520,20250523,20250523,72,64.54,True,0.0,project_fact_sla_export.csv,2026-06-23T00:00:00,1892
SLA001893,WO000271,C009,SV4,A004,P3,20250521,20250524,20250524,72,52.64,True,0.0,project_fact_sla_export.csv,2026-06-23T00:00:00,1893
SLA001894,WO002273,C017,SV1,A006,P4,20250115,20250120,20250120,120,117.92,True,0.0,project_fact_sla_export.csv,2026-06-23T00:00:00,1894
SLA001895,WO004089,C003,SV2,A005,P2,20250212,20250213,20250213,24,21.84,True,0.0,project_fact_sla_export.csv,2026-06-23T00:00:00,1895
SLA001896,WO000421,C012,SV2,A003,P2,20250509,20250510,20250510,24,7.26,True,0.0,project_fact_sla_export.csv,2026-06-23T00:00:00,1896
SLA001897,WO003539,C016,SV7,A006,P3,20250515,20250518,20250517,72,47.1,True,0.0,project_fact_sla_export.csv,2026-06-23T00:00:00,1897
SLA001898,WO000907,C007,SV5,A005,P4,20250414,20250419,20250419,120,109.0,True,0.0,project_fact_sla_export.csv,2026-06-23T00:00:00,1898
SLA001899,WO002150,C020,SV3,A005,P4,20250410,20250415,20250417,120,160.0,False,40.0,project_fact_sla_export.csv,2026-06-23T00:00:00,1899
SLA001900,WO003836,C018,SV7,A004,P4,20250508,20250513,20250511,120,71.91,True,0.0,project_fact_sla_export.csv,2026-06-23T00:00:00,1900
SLA001901,WO003796,C007,SV5,A001,P4,20250601,20250606,20250604,120,65.63,True,0.0,project_fact_sla_export.csv,2026-06-23T00:00:00,1901
SLA001902,WO003060,C010,SV8,A005,P3,20250424,20250427,20250428,72,78.21,False,6.21,project_fact_sla_export.csv,2026-06-23T00:00:00,1902
SLA001903,WO000711,C011,SV6,A002,P3,20250602,20250605,20250605,72,56.17,True,0.0,project_fact_sla_export.csv,2026-06-23T00:00:00,1903
SLA001904,WO000217,C018,SV1,A001,P2,20250402,20250403,20250404,24,37.08,False,13.08,project_fact_sla_export.csv,2026-06-23T00:00:00,1904
SLA001905,WO001961,C001,SV2,A005,P3,20250508,20250511,20250510,72,39.82,True,0.0,project_fact_sla_export.csv,2026-06-23T00:00:00,1905
SLA001906,WO000110,C016,SV1,A003,P3,20250504,20250507,20250506,72,36.7,True,0.0,project_fact_sla_export.csv,2026-06-23T00:00:00,1906
SLA001907,WO002724,C011,SV8,A002,P3,20250210,20250213,20250214,72,77.68,False,5.68,project_fact_sla_export.csv,2026-06-23T00:00:00,1907
SLA001908,WO002216,C011,SV5,A005,P1,20250221,20250221,20250222,8,5.41,True,0.0,project_fact_sla_export.csv,2026-06-23T00:00:00,1908
SLA001909,WO000344,C017,SV8,A004,P4,20250407,20250412,20250411,120,83.27,True,0.0,project_fact_sla_export.csv,2026-06-23T00:00:00,1909
SLA001910,WO002289,C003,SV6,A004,P3,20250428,20250501,20250501,72,67.11,True,0.0,project_fact_sla_export.csv,2026-06-23T00:00:00,1910
SLA001911,WO004246,C018,SV6,A006,P4,20250519,20250524,20250522,120,50.17,True,0.0,project_fact_sla_export.csv,2026-06-23T00:00:00,1911
SLA001912,WO001566,C018,SV6,A001,P4,20250327,20250401,20250401,120,112.1,True,0.0,project_fact_sla_export.csv,2026-06-23T00:00:00,1912
SLA001913,WO001594,C011,SV8,A005,P1,20250610,20250610,20250611,8,8.73,False,0.73,project_fact_sla_export.csv,2026-06-23T00:00:00,1913
SLA001914,WO001129,C008,SV8,A003,P3,20250603,20250606,20250607,72,95.43,False,23.43,project_fact_sla_export.csv,2026-06-23T00:00:00,1914
SLA001915,WO003392,C012,SV6,A004,P2,20250504,20250505,20250505,24,18.74,True,0.0,project_fact_sla_export.csv,2026-06-23T00:00:00,1915
SLA001916,WO000390,C019,SV8,A003,P2,20250428,20250429,20250429,24,6.22,True,0.0,project_fact_sla_export.csv,2026-06-23T00:00:00,1916
SLA001917,WO000131,C020,SV3,A006,P3,20250407,20250410,20250412,72,112.76,False,40.76,project_fact_sla_export.csv,2026-06-23T00:00:00,1917
SLA001918,WO000740,C004,SV3,A005,P2,20250304,20250305,20250305,24,20.22,True,0.0,project_fact_sla_export.csv,2026-06-23T00:00:00,1918
SLA001919,WO004027,C018,SV7,A002,P3,20250218,20250221,20250220,72,26.89,True,0.0,project_fact_sla_export.csv,2026-06-23T00:00:00,1919
SLA001920,WO002926,C011,SV5,A006,P3,20250316,20250319,20250319,72,52.01,True,0.0,project_fact_sla_export.csv,2026-06-23T00:00:00,1920
SLA001921,WO003590,C006,SV4,A005,P2,20250529,20250530,20250530,24,20.84,True,0.0,project_fact_sla_export.csv,2026-06-23T00:00:00,1921
SLA001922,WO000760,C002,SV1,A001,P3,20250421,20250424,20250423,72,26.72,True,0.0,project_fact_sla_export.csv,2026-06-23T00:00:00,1922
SLA001923,WO003661,C020,SV7,A001,P3,20250502,20250505,20250505,72,59.7,True,0.0,project_fact_sla_export.csv,2026-06-23T00:00:00,1923
SLA001924,WO002320,C010,SV8,A003,P3,20250122,20250125,20250124,72,31.26,True,0.0,project_fact_sla_export.csv,2026-06-23T00:00:00,1924
SLA001925,WO001599,C017,SV3,A006,P4,20250204,20250209,20250208,120,85.11,True,0.0,project_fact_sla_export.csv,2026-06-23T00:00:00,1925
SLA001926,WO003307,C020,SV8,A003,P2,20250130,20250131,20250131,24,23.48,True,0.0,project_fact_sla_export.csv,2026-06-23T00:00:00,1926
SLA001927,WO000743,C019,SV4,A005,P4,20250519,20250524,20250523,120,76.41,True,0.0,project_fact_sla_export.csv,2026-06-23T00:00:00,1927
SLA001928,WO000174,C001,SV4,A003,P2,20250417,20250418,20250419,24,27.17,False,3.17,project_fact_sla_export.csv,2026-06-23T00:00:00,1928
SLA001929,WO002253,C008,SV7,A005,P4,20250208,20250213,20250212,120,73.8,True,0.0,project_fact_sla_export.csv,2026-06-23T00:00:00,1929
SLA001930,WO001681,C009,SV5,A002,P4,20250312,20250317,20250317,120,109.26,True,0.0,project_fact_sla_export.csv,2026-06-23T00:00:00,1930
SLA001931,WO002136,C016,SV2,A005,P3,20250621,20250624,20250625,72,74.64,False,2.64,project_fact_sla_export.csv,2026-06-23T00:00:00,1931
SLA001932,WO001328,C019,SV4,A005,P2,20250220,20250221,20250221,24,18.01,True,0.0,project_fact_sla_export.csv,2026-06-23T00:00:00,1932
SLA001933,WO003603,C001,SV6,A003,P3,20250105,20250108,20250109,72,92.38,False,20.38,project_fact_sla_export.csv,2026-06-23T00:00:00,1933
SLA001934,WO002412,C009,SV4,A003,P2,20250624,20250625,20250625,24,21.61,True,0.0,project_fact_sla_export.csv,2026-06-23T00:00:00,1934
SLA001935,WO001291,C020,SV5,A001,P3,20250130,20250202,20250205,72,125.13,False,53.13,project_fact_sla_export.csv,2026-06-23T00:00:00,1935
SLA001936,WO002166,C012,SV4,A003,P3,20250222,20250225,20250224,72,46.0,True,0.0,project_fact_sla_export.csv,2026-06-23T00:00:00,1936
SLA001937,WO003771,C003,SV2,A003,P2,20250121,20250122,20250122,24,11.92,True,0.0,project_fact_sla_export.csv,2026-06-23T00:00:00,1937
SLA001938,WO002534,C017,SV1,A005,P3,20250516,20250519,20250518,72,46.16,True,0.0,project_fact_sla_export.csv,2026-06-23T00:00:00,1938
SLA001939,WO000339,C005,SV8,A001,P3,20250627,20250630,20250630,72,71.36,True,0.0,project_fact_sla_export.csv,2026-06-23T00:00:00,1939
SLA001940,WO002850,C001,SV6,A001,P2,20250321,20250322,20250322,24,13.79,True,0.0,project_fact_sla_export.csv,2026-06-23T00:00:00,1940
SLA001941,WO003713,C004,SV5,A001,P3,20250214,20250217,20250219,72,97.79,False,25.79,project_fact_sla_export.csv,2026-06-23T00:00:00,1941
SLA001942,WO001991,C009,SV8,A005,P4,20250402,20250407,20250408,120,125.0,False,5.0,project_fact_sla_export.csv,2026-06-23T00:00:00,1942
SLA001943,WO000437,C020,SV6,A001,P3,20250220,20250223,20250224,72,94.25,False,22.25,project_fact_sla_export.csv,2026-06-23T00:00:00,1943
SLA001944,WO002517,C003,SV3,A002,P2,20250403,20250404,20250404,24,23.96,True,0.0,project_fact_sla_export.csv,2026-06-23T00:00:00,1944
SLA001945,WO003536,C019,SV6,A006,P3,20250128,20250131,20250130,72,31.28,True,0.0,project_fact_sla_export.csv,2026-06-23T00:00:00,1945
SLA001946,WO003669,C016,SV3,A004,P3,20250629,20250702,20250630,72,61.77,True,0.0,project_fact_sla_export.csv,2026-06-23T00:00:00,1946
SLA001947,WO002532,C018,SV5,A004,P4,20250508,20250513,20250511,120,59.34,True,0.0,project_fact_sla_export.csv,2026-06-23T00:00:00,1947
SLA001948,WO000510,C006,SV3,A003,P2,20250512,20250513,20250513,24,16.08,True,0.0,project_fact_sla_export.csv,2026-06-23T00:00:00,1948
SLA001949,WO004696,C012,SV4,A003,P1,20250412,20250412,20250413,8,7.99,True,0.0,project_fact_sla_export.csv,2026-06-23T00:00:00,1949
SLA001950,WO000517,C007,SV8,A005,P2,20250329,20250330,20250330,24,17.1,True,0.0,project_fact_sla_export.csv,2026-06-23T00:00:00,1950
SLA001951,WO000488,C008,SV5,A005,P1,20250427,20250427,20250428,8,4.38,True,0.0,project_fact_sla_export.csv,2026-06-23T00:00:00,1951
SLA001952,WO004920,C007,SV6,A005,P3,20250327,20250330,20250329,72,34.11,True,0.0,project_fact_sla_export.csv,2026-06-23T00:00:00,1952
SLA001953,WO004727,C008,SV7,A003,P3,20250501,20250504,20250503,72,34.72,True,0.0,project_fact_sla_export.csv,2026-06-23T00:00:00,1953
SLA001954,WO003749,C014,SV4,A001,P2,20250625,20250626,20250626,24,8.99,True,0.0,project_fact_sla_export.csv,2026-06-23T00:00:00,1954
SLA001955,WO000723,C012,SV7,A004,P3,20250328,20250331,20250401,72,72.16,False,0.16,project_fact_sla_export.csv,2026-06-23T00:00:00,1955
SLA001956,WO002940,C015,SV3,A005,P4,20250123,20250128,20250127,120,92.99,True,0.0,project_fact_sla_export.csv,2026-06-23T00:00:00,1956
SLA001957,WO001255,C006,SV5,A006,P1,20250306,20250306,20250307,8,6.66,True,0.0,project_fact_sla_export.csv,2026-06-23T00:00:00,1957
SLA001958,WO004149,C018,SV7,A003,P1,20250419,20250419,20250420,8,3.28,True,0.0,project_fact_sla_export.csv,2026-06-23T00:00:00,1958
SLA001959,WO004385,C020,SV6,A003,P1,20250304,20250304,20250305,8,4.76,True,0.0,project_fact_sla_export.csv,2026-06-23T00:00:00,1959
SLA001960,WO004010,C001,SV8,A001,P3,20250325,20250328,20250401,72,146.45,False,74.45,project_fact_sla_export.csv,2026-06-23T00:00:00,1960
SLA001961,WO004723,C008,SV2,A004,P2,20250108,20250109,20250109,24,14.11,True,0.0,project_fact_sla_export.csv,2026-06-23T00:00:00,1961
SLA001962,WO001953,C008,SV8,A004,P1,20250523,20250523,20250524,8,3.26,True,0.0,project_fact_sla_export.csv,2026-06-23T00:00:00,1962
SLA001963,WO003747,C019,SV3,A004,P2,20250607,20250608,20250609,24,26.53,False,2.53,project_fact_sla_export.csv,2026-06-23T00:00:00,1963
SLA001964,WO004349,C019,SV8,A004,P1,20250505,20250505,20250506,8,4.66,True,0.0,project_fact_sla_export.csv,2026-06-23T00:00:00,1964
SLA001965,WO002418,C010,SV7,A003,P4,20250401,20250406,20250405,120,81.59,True,0.0,project_fact_sla_export.csv,2026-06-23T00:00:00,1965
SLA001966,WO003323,C007,SV5,A005,P3,20250225,20250228,20250227,72,38.33,True,0.0,project_fact_sla_export.csv,2026-06-23T00:00:00,1966
SLA001967,WO000615,C011,SV7,A002,P2,20250603,20250604,20250604,24,10.86,True,0.0,project_fact_sla_export.csv,2026-06-23T00:00:00,1967
SLA001968,WO002427,C003,SV1,A001,P3,20250504,20250507,20250507,72,58.52,True,0.0,project_fact_sla_export.csv,2026-06-23T00:00:00,1968
SLA001969,WO003476,C012,SV5,A003,P1,20250529,20250529,20250530,8,5.62,True,0.0,project_fact_sla_export.csv,2026-06-23T00:00:00,1969
SLA001970,WO002506,C012,SV3,A005,P4,20250504,20250509,20250510,120,126.99,False,6.99,project_fact_sla_export.csv,2026-06-23T00:00:00,1970
SLA001971,WO001549,C004,SV4,A005,P1,20250629,20250629,20250630,8,6.94,True,0.0,project_fact_sla_export.csv,2026-06-23T00:00:00,1971
SLA001972,WO004737,C014,SV4,A003,P2,20250623,20250624,20250625,24,36.18,False,12.18,project_fact_sla_export.csv,2026-06-23T00:00:00,1972
SLA001973,WO001525,C004,SV3,A002,P2,20250605,20250606,20250606,24,8.61,True,0.0,project_fact_sla_export.csv,2026-06-23T00:00:00,1973
SLA001974,WO002662,C006,SV2,A001,P2,20250107,20250108,20250108,24,23.14,True,0.0,project_fact_sla_export.csv,2026-06-23T00:00:00,1974
SLA001975,WO004555,C014,SV7,A005,P3,20250504,20250507,20250507,72,53.58,True,0.0,project_fact_sla_export.csv,2026-06-23T00:00:00,1975
SLA001976,WO000080,C015,SV3,A005,P1,20250502,20250502,20250503,8,8.52,False,0.52,project_fact_sla_export.csv,2026-06-23T00:00:00,1976
SLA001977,WO000681,C008,SV5,A002,P3,20250119,20250122,20250121,72,44.34,True,0.0,project_fact_sla_export.csv,2026-06-23T00:00:00,1977
SLA001978,WO003514,C014,SV3,A003,P1,20250505,20250505,20250506,8,4.47,True,0.0,project_fact_sla_export.csv,2026-06-23T00:00:00,1978
SLA001979,WO001934,C017,SV7,A004,P1,20250301,20250301,20250302,8,2.85,True,0.0,project_fact_sla_export.csv,2026-06-23T00:00:00,1979
SLA001980,WO004882,C004,SV7,A001,P3,20250324,20250327,20250327,72,56.96,True,0.0,project_fact_sla_export.csv,2026-06-23T00:00:00,1980
SLA001981,WO004893,C019,SV5,A001,P3,20250220,20250223,20250226,72,135.52,False,63.52,project_fact_sla_export.csv,2026-06-23T00:00:00,1981
SLA001982,WO004009,C001,SV2,A003,P3,20250316,20250319,20250320,72,82.03,False,10.03,project_fact_sla_export.csv,2026-06-23T00:00:00,1982
SLA001983,WO003276,C006,SV6,A005,P2,20250111,20250112,20250112,24,7.97,True,0.0,project_fact_sla_export.csv,2026-06-23T00:00:00,1983
SLA001984,WO000585,C018,SV5,A004,P3,20250627,20250630,20250629,72,26.75,True,0.0,project_fact_sla_export.csv,2026-06-23T00:00:00,1984
SLA001985,WO003979,C010,SV8,A003,P4,20250204,20250209,20250208,120,79.77,True,0.0,project_fact_sla_export.csv,2026-06-23T00:00:00,1985
SLA001986,WO002788,C009,SV6,A002,P2,20250509,20250510,20250510,24,6.37,True,0.0,project_fact_sla_export.csv,2026-06-23T00:00:00,1986
SLA001987,WO001915,C006,SV4,A002,P1,20250209,20250209,20250210,8,1.48,True,0.0,project_fact_sla_export.csv,2026-06-23T00:00:00,1987
SLA001988,WO000286,C018,SV2,A004,P3,20250619,20250622,20250620,72,20.87,True,0.0,project_fact_sla_export.csv,2026-06-23T00:00:00,1988
SLA001989,WO002777,C007,SV1,A004,P1,20250215,20250215,20250216,8,6.75,True,0.0,project_fact_sla_export.csv,2026-06-23T00:00:00,1989
SLA001990,WO001109,C019,SV7,A004,P3,20250213,20250216,20250215,72,40.91,True,0.0,project_fact_sla_export.csv,2026-06-23T00:00:00,1990
SLA001991,WO004162,C017,SV8,A006,P3,20250530,20250602,20250602,72,56.43,True,0.0,project_fact_sla_export.csv,2026-06-23T00:00:00,1991
SLA001992,WO001628,C007,SV3,A001,P2,20250214,20250215,20250216,24,26.44,False,2.44,project_fact_sla_export.csv,2026-06-23T00:00:00,1992
SLA001993,WO002740,C010,SV6,A001,P4,20250622,20250627,20250626,120,72.74,True,0.0,project_fact_sla_export.csv,2026-06-23T00:00:00,1993
SLA001994,WO004527,C003,SV3,A005,P1,20250522,20250522,20250523,8,5.72,True,0.0,project_fact_sla_export.csv,2026-06-23T00:00:00,1994
SLA001995,WO004884,C008,SV7,A005,P3,20250306,20250309,20250307,72,23.31,True,0.0,project_fact_sla_export.csv,2026-06-23T00:00:00,1995
SLA001996,WO003019,C013,SV7,A003,P2,20250228,20250301,20250301,24,16.79,True,0.0,project_fact_sla_export.csv,2026-06-23T00:00:00,1996
SLA001997,WO003061,C018,SV7,A004,P4,20250219,20250224,20250225,120,129.91,False,9.91,project_fact_sla_export.csv,2026-06-23T00:00:00,1997
SLA001998,WO002958,C002,SV8,A005,P3,20250625,20250628,20250630,72,112.53,False,40.53,project_fact_sla_export.csv,2026-06-23T00:00:00,1998
SLA001999,WO001232,C003,SV7,A006,P1,20250205,20250205,20250206,8,2.35,True,0.0,project_fact_sla_export.csv,2026-06-23T00:00:00,1999
SLA002000,WO003860,C012,SV6,A004,P3,20250504,20250507,20250507,72,48.93,True,0.0,project_fact_sla_export.csv,2026-06-23T00:00:00,2000
SLA002001,WO004698,C019,SV4,A004,P3,20250213,20250216,20250217,72,81.26,False,9.26,project_fact_sla_export.csv,2026-06-23T00:00:00,2001
SLA002002,WO003980,C004,SV3,A005,P3,20250512,20250515,20250516,72,72.73,False,0.73,project_fact_sla_export.csv,2026-06-23T00:00:00,2002
SLA002003,WO000452,C005,SV1,A005,P4,20250308,20250313,20250314,120,124.79,False,4.79,project_fact_sla_export.csv,2026-06-23T00:00:00,2003
SLA002004,WO004746,C016,SV1,A003,P4,20250327,20250401,20250329,120,45.9,True,0.0,project_fact_sla_export.csv,2026-06-23T00:00:00,2004
SLA002005,WO001585,C006,SV6,A003,P3,20250122,20250125,20250124,72,35.28,True,0.0,project_fact_sla_export.csv,2026-06-23T00:00:00,2005
SLA002006,WO003007,C011,SV5,A004,P4,20250118,20250123,20250125,120,164.83,False,44.83,project_fact_sla_export.csv,2026-06-23T00:00:00,2006
SLA002007,WO001210,C016,SV3,A006,P3,20250108,20250111,20250113,72,106.52,False,34.52,project_fact_sla_export.csv,2026-06-23T00:00:00,2007
SLA002008,WO002946,C009,SV4,A005,P3,20250310,20250313,20250315,72,98.07,False,26.07,project_fact_sla_export.csv,2026-06-23T00:00:00,2008
SLA002009,WO002117,C013,SV1,A004,P3,20250608,20250611,20250617,72,193.28,False,121.28,project_fact_sla_export.csv,2026-06-23T00:00:00,2009
SLA002010,WO004654,C004,SV1,A006,P4,20250301,20250306,20250304,120,61.04,True,0.0,project_fact_sla_export.csv,2026-06-23T00:00:00,2010
SLA002011,WO003241,C011,SV4,A001,P4,20250621,20250626,20250625,120,80.8,True,0.0,project_fact_sla_export.csv,2026-06-23T00:00:00,2011
SLA002012,WO001522,C005,SV1,A001,P2,20250516,20250517,20250517,24,20.21,True,0.0,project_fact_sla_export.csv,2026-06-23T00:00:00,2012
SLA002013,WO003233,C007,SV3,A005,P4,20250219,20250224,20250222,120,65.45,True,0.0,project_fact_sla_export.csv,2026-06-23T00:00:00,2013
SLA002014,WO000084,C010,SV4,A001,P1,20250619,20250619,20250620,8,12.69,False,4.69,project_fact_sla_export.csv,2026-06-23T00:00:00,2014
SLA002015,WO001194,C016,SV4,A001,P1,20250410,20250410,20250411,8,6.27,True,0.0,project_fact_sla_export.csv,2026-06-23T00:00:00,2015
SLA002016,WO000199,C003,SV8,A005,P3,20250110,20250113,20250112,72,38.32,True,0.0,project_fact_sla_export.csv,2026-06-23T00:00:00,2016
SLA002017,WO000559,C001,SV3,A004,P3,20250626,20250629,20250629,72,56.63,True,0.0,project_fact_sla_export.csv,2026-06-23T00:00:00,2017
SLA002018,WO001970,C003,SV3,A002,P4,20250612,20250617,20250618,120,133.24,False,13.24,project_fact_sla_export.csv,2026-06-23T00:00:00,2018
SLA002019,WO000511,C015,SV7,A001,P3,20250523,20250526,20250524,72,23.18,True,0.0,project_fact_sla_export.csv,2026-06-23T00:00:00,2019
SLA002020,WO003398,C014,SV6,A004,P4,20250303,20250308,20250309,120,120.53,False,0.53,project_fact_sla_export.csv,2026-06-23T00:00:00,2020
SLA002021,WO004091,C015,SV1,A001,P3,20250120,20250123,20250123,72,70.64,True,0.0,project_fact_sla_export.csv,2026-06-23T00:00:00,2021
SLA002022,WO003521,C014,SV8,A003,P2,20250107,20250108,20250108,24,15.55,True,0.0,project_fact_sla_export.csv,2026-06-23T00:00:00,2022
SLA002023,WO001016,C019,SV2,A006,P3,20250326,20250329,20250331,72,96.69,False,24.69,project_fact_sla_export.csv,2026-06-23T00:00:00,2023
SLA002024,WO002514,C018,SV3,A004,P2,20250223,20250224,20250225,24,35.57,False,11.57,project_fact_sla_export.csv,2026-06-23T00:00:00,2024
SLA002025,WO001161,C011,SV6,A003,P2,20250311,20250312,20250312,24,14.18,True,0.0,project_fact_sla_export.csv,2026-06-23T00:00:00,2025
SLA002026,WO004260,C008,SV7,A005,P4,20250327,20250401,20250329,120,27.58,True,0.0,project_fact_sla_export.csv,2026-06-23T00:00:00,2026
SLA002027,WO002441,C004,SV6,A005,P3,20250527,20250530,20250529,72,30.67,True,0.0,project_fact_sla_export.csv,2026-06-23T00:00:00,2027
SLA002028,WO001358,C013,SV3,A005,P3,20250210,20250213,20250214,72,90.08,False,18.08,project_fact_sla_export.csv,2026-06-23T00:00:00,2028
SLA002029,WO000870,C013,SV5,A001,P4,20250531,20250605,20250603,120,49.45,True,0.0,project_fact_sla_export.csv,2026-06-23T00:00:00,2029
SLA002030,WO003757,C009,SV2,A006,P3,20250315,20250318,20250318,72,51.86,True,0.0,project_fact_sla_export.csv,2026-06-23T00:00:00,2030
SLA002031,WO003245,C012,SV6,A005,P2,20250623,20250624,20250625,24,24.7,False,0.7,project_fact_sla_export.csv,2026-06-23T00:00:00,2031
SLA002032,WO001092,C001,SV7,A005,P2,20250503,20250504,20250504,24,21.86,True,0.0,project_fact_sla_export.csv,2026-06-23T00:00:00,2032
SLA002033,WO001031,C005,SV4,A005,P4,20250315,20250320,20250319,120,81.83,True,0.0,project_fact_sla_export.csv,2026-06-23T00:00:00,2033
SLA002034,WO004184,C012,SV5,A003,P1,20250228,20250228,20250301,8,3.59,True,0.0,project_fact_sla_export.csv,2026-06-23T00:00:00,2034
SLA002035,WO004825,C006,SV7,A004,P4,20250116,20250121,20250121,120,107.58,True,0.0,project_fact_sla_export.csv,2026-06-23T00:00:00,2035
SLA002036,WO002721,C005,SV8,A004,P4,20250506,20250511,20250509,120,65.72,True,0.0,project_fact_sla_export.csv,2026-06-23T00:00:00,2036
SLA002037,WO004943,C020,SV3,A005,P2,20250217,20250218,20250219,24,24.55,False,0.55,project_fact_sla_export.csv,2026-06-23T00:00:00,2037
SLA002038,WO002090,C004,SV5,A002,P3,20250314,20250317,20250317,72,65.04,True,0.0,project_fact_sla_export.csv,2026-06-23T00:00:00,2038
SLA002039,WO003205,C008,SV4,A005,P3,20250407,20250410,20250411,72,87.61,False,15.61,project_fact_sla_export.csv,2026-06-23T00:00:00,2039
SLA002040,WO001924,C017,SV7,A004,P3,20250429,20250502,20250502,72,63.93,True,0.0,project_fact_sla_export.csv,2026-06-23T00:00:00,2040
SLA002041,WO001121,C011,SV8,A006,P4,20250607,20250612,20250612,120,98.07,True,0.0,project_fact_sla_export.csv,2026-06-23T00:00:00,2041
SLA002042,WO002643,C018,SV2,A005,P4,20250328,20250402,20250402,120,110.21,True,0.0,project_fact_sla_export.csv,2026-06-23T00:00:00,2042
SLA002043,WO004393,C019,SV4,A004,P3,20250511,20250514,20250513,72,47.95,True,0.0,project_fact_sla_export.csv,2026-06-23T00:00:00,2043
SLA002044,WO002601,C012,SV4,A005,P3,20250306,20250309,20250308,72,28.75,True,0.0,project_fact_sla_export.csv,2026-06-23T00:00:00,2044
SLA002045,WO000651,C003,SV4,A006,P3,20250207,20250210,20250210,72,48.91,True,0.0,project_fact_sla_export.csv,2026-06-23T00:00:00,2045
SLA002046,WO001958,C001,SV5,A005,P4,20250127,20250201,20250203,120,162.92,False,42.92,project_fact_sla_export.csv,2026-06-23T00:00:00,2046
SLA002047,WO001760,C011,SV4,A003,P4,20250523,20250528,20250528,120,108.2,True,0.0,project_fact_sla_export.csv,2026-06-23T00:00:00,2047
SLA002048,WO004118,C009,SV3,A006,P3,20250107,20250110,20250110,72,53.52,True,0.0,project_fact_sla_export.csv,2026-06-23T00:00:00,2048
SLA002049,WO001157,C018,SV8,A004,P1,20250218,20250218,20250219,8,4.24,True,0.0,project_fact_sla_export.csv,2026-06-23T00:00:00,2049
SLA002050,WO003888,C005,SV8,A004,P4,20250208,20250213,20250213,120,105.8,True,0.0,project_fact_sla_export.csv,2026-06-23T00:00:00,2050
SLA002051,WO000599,C012,SV1,A005,P4,20250313,20250318,20250320,120,159.83,False,39.83,project_fact_sla_export.csv,2026-06-23T00:00:00,2051
SLA002052,WO001277,C010,SV7,A005,P3,20250318,20250321,20250321,72,58.35,True,0.0,project_fact_sla_export.csv,2026-06-23T00:00:00,2052
SLA002053,WO004690,C006,SV1,A005,P3,20250227,20250302,20250303,72,76.75,False,4.75,project_fact_sla_export.csv,2026-06-23T00:00:00,2053
SLA002054,WO002594,C008,SV7,A005,P4,20250227,20250304,20250303,120,78.98,True,0.0,project_fact_sla_export.csv,2026-06-23T00:00:00,2054
SLA002055,WO004896,C003,SV2,A005,P1,20250429,20250429,20250430,8,8.98,False,0.98,project_fact_sla_export.csv,2026-06-23T00:00:00,2055
SLA002056,WO000892,C020,SV5,A002,P2,20250120,20250121,20250122,24,26.63,False,2.63,project_fact_sla_export.csv,2026-06-23T00:00:00,2056
SLA002057,WO000638,C004,SV3,A002,P3,20250128,20250131,20250131,72,58.92,True,0.0,project_fact_sla_export.csv,2026-06-23T00:00:00,2057
SLA002058,WO003777,C002,SV4,A005,P4,20250627,20250702,20250630,120,120.15,False,0.15,project_fact_sla_export.csv,2026-06-23T00:00:00,2058
SLA002059,WO001131,C019,SV4,A001,P4,20250524,20250529,20250601,120,180.49,False,60.49,project_fact_sla_export.csv,2026-06-23T00:00:00,2059
SLA002060,WO003832,C018,SV2,A003,P3,20250621,20250624,20250623,72,36.09,True,0.0,project_fact_sla_export.csv,2026-06-23T00:00:00,2060
SLA002061,WO000933,C012,SV5,A004,P3,20250426,20250429,20250427,72,19.18,True,0.0,project_fact_sla_export.csv,2026-06-23T00:00:00,2061
SLA002062,WO002573,C005,SV1,A005,P4,20250421,20250426,20250423,120,26.41,True,0.0,project_fact_sla_export.csv,2026-06-23T00:00:00,2062
SLA002063,WO001220,C006,SV7,A004,P3,20250617,20250620,20250618,72,21.44,True,0.0,project_fact_sla_export.csv,2026-06-23T00:00:00,2063
SLA002064,WO001508,C017,SV3,A002,P3,20250416,20250419,20250423,72,162.43,False,90.43,project_fact_sla_export.csv,2026-06-23T00:00:00,2064
SLA002065,WO003562,C010,SV6,A006,P3,20250128,20250131,20250130,72,39.6,True,0.0,project_fact_sla_export.csv,2026-06-23T00:00:00,2065
SLA002066,WO000774,C005,SV2,A004,P4,20250313,20250318,20250317,120,76.88,True,0.0,project_fact_sla_export.csv,2026-06-23T00:00:00,2066
SLA002067,WO002663,C011,SV3,A006,P2,20250318,20250319,20250319,24,13.7,True,0.0,project_fact_sla_export.csv,2026-06-23T00:00:00,2067
SLA002068,WO002804,C019,SV1,A001,P3,20250609,20250612,20250611,72,39.4,True,0.0,project_fact_sla_export.csv,2026-06-23T00:00:00,2068
SLA002069,WO002728,C009,SV4,A006,P2,20250628,20250629,20250629,24,11.1,True,0.0,project_fact_sla_export.csv,2026-06-23T00:00:00,2069
SLA002070,WO003092,C008,SV3,A006,P3,20250315,20250318,20250317,72,33.51,True,0.0,project_fact_sla_export.csv,2026-06-23T00:00:00,2070
SLA002071,WO004368,C015,SV4,A004,P3,20250428,20250501,20250501,72,49.18,True,0.0,project_fact_sla_export.csv,2026-06-23T00:00:00,2071
SLA002072,WO002666,C001,SV3,A001,P1,20250514,20250514,20250515,8,3.07,True,0.0,project_fact_sla_export.csv,2026-06-23T00:00:00,2072
SLA002073,WO002134,C017,SV4,A003,P4,20250201,20250206,20250206,120,112.29,True,0.0,project_fact_sla_export.csv,2026-06-23T00:00:00,2073
SLA002074,WO004712,C020,SV3,A003,P2,20250216,20250217,20250217,24,14.83,True,0.0,project_fact_sla_export.csv,2026-06-23T00:00:00,2074
SLA002075,WO004080,C004,SV7,A003,P3,20250302,20250305,20250304,72,37.6,True,0.0,project_fact_sla_export.csv,2026-06-23T00:00:00,2075
SLA002076,WO001638,C009,SV8,A003,P1,20250629,20250629,20250630,8,7.02,True,0.0,project_fact_sla_export.csv,2026-06-23T00:00:00,2076
SLA002077,WO004783,C009,SV2,A001,P4,20250528,20250602,20250601,120,72.4,True,0.0,project_fact_sla_export.csv,2026-06-23T00:00:00,2077
SLA002078,WO001937,C014,SV7,A003,P2,20250401,20250402,20250402,24,15.3,True,0.0,project_fact_sla_export.csv,2026-06-23T00:00:00,2078
SLA002079,WO002826,C020,SV1,A001,P3,20250503,20250506,20250508,72,117.46,False,45.46,project_fact_sla_export.csv,2026-06-23T00:00:00,2079
SLA002080,WO000850,C007,SV5,A005,P2,20250114,20250115,20250115,24,10.15,True,0.0,project_fact_sla_export.csv,2026-06-23T00:00:00,2080
SLA002081,WO001310,C009,SV6,A005,P3,20250125,20250128,20250128,72,50.74,True,0.0,project_fact_sla_export.csv,2026-06-23T00:00:00,2081
SLA002082,WO004022,C013,SV3,A004,P3,20250630,20250703,20250630,72,127.57,False,55.57,project_fact_sla_export.csv,2026-06-23T00:00:00,2082
SLA002083,WO000249,C003,SV7,A005,P3,20250417,20250420,20250419,72,43.5,True,0.0,project_fact_sla_export.csv,2026-06-23T00:00:00,2083
SLA002084,WO002754,C015,SV2,A006,P3,20250219,20250222,20250221,72,39.95,True,0.0,project_fact_sla_export.csv,2026-06-23T00:00:00,2084
SLA002085,WO001021,C006,SV7,A002,P4,20250306,20250311,20250311,120,117.01,True,0.0,project_fact_sla_export.csv,2026-06-23T00:00:00,2085
SLA002086,WO002469,C019,SV1,A006,P3,20250320,20250323,20250321,72,21.58,True,0.0,project_fact_sla_export.csv,2026-06-23T00:00:00,2086
SLA002087,WO005000,C015,SV8,A006,P3,20250514,20250517,20250517,72,70.41,True,0.0,project_fact_sla_export.csv,2026-06-23T00:00:00,2087
SLA002088,WO002345,C013,SV7,A001,P1,20250610,20250610,20250611,8,6.11,True,0.0,project_fact_sla_export.csv,2026-06-23T00:00:00,2088
SLA002089,WO002200,C016,SV1,A002,P2,20250302,20250303,20250304,24,29.13,False,5.13,project_fact_sla_export.csv,2026-06-23T00:00:00,2089
SLA002090,WO002858,C015,SV4,A004,P3,20250318,20250321,20250321,72,59.99,True,0.0,project_fact_sla_export.csv,2026-06-23T00:00:00,2090
SLA002091,WO003818,C001,SV3,A005,P4,20250205,20250210,20250207,120,44.55,True,0.0,project_fact_sla_export.csv,2026-06-23T00:00:00,2091
SLA002092,WO003148,C013,SV3,A005,P3,20250326,20250329,20250329,72,51.16,True,0.0,project_fact_sla_export.csv,2026-06-23T00:00:00,2092
SLA002093,WO002671,C014,SV6,A006,P3,20250131,20250203,20250202,72,33.44,True,0.0,project_fact_sla_export.csv,2026-06-23T00:00:00,2093
SLA002094,WO002873,C015,SV3,A003,P3,20250510,20250513,20250512,72,40.15,True,0.0,project_fact_sla_export.csv,2026-06-23T00:00:00,2094
SLA002095,WO000775,C019,SV4,A005,P2,20250207,20250208,20250208,24,12.55,True,0.0,project_fact_sla_export.csv,2026-06-23T00:00:00,2095
SLA002096,WO004447,C002,SV4,A005,P2,20250406,20250407,20250407,24,20.55,True,0.0,project_fact_sla_export.csv,2026-06-23T00:00:00,2096
SLA002097,WO001876,C018,SV5,A005,P3,20250316,20250319,20250319,72,51.58,True,0.0,project_fact_sla_export.csv,2026-06-23T00:00:00,2097
SLA002098,WO000545,C015,SV4,A001,P3,20250624,20250627,20250626,72,41.41,True,0.0,project_fact_sla_export.csv,2026-06-23T00:00:00,2098
SLA002099,WO002394,C006,SV4,A002,P4,20250221,20250226,20250303,120,220.55,False,100.55,project_fact_sla_export.csv,2026-06-23T00:00:00,2099
SLA002100,WO004242,C020,SV5,A005,P4,20250130,20250204,20250208,120,197.71,False,77.71,project_fact_sla_export.csv,2026-06-23T00:00:00,2100
SLA002101,WO004324,C005,SV2,A005,P3,20250322,20250325,20250323,72,22.08,True,0.0,project_fact_sla_export.csv,2026-06-23T00:00:00,2101
SLA002102,WO003303,C004,SV2,A001,P3,20250622,20250625,20250628,72,130.96,False,58.96,project_fact_sla_export.csv,2026-06-23T00:00:00,2102
SLA002103,WO000045,C020,SV3,A003,P2,20250328,20250329,20250329,24,17.29,True,0.0,project_fact_sla_export.csv,2026-06-23T00:00:00,2103
SLA002104,WO001994,C003,SV8,A005,P2,20250524,20250525,20250525,24,15.34,True,0.0,project_fact_sla_export.csv,2026-06-23T00:00:00,2104
SLA002105,WO000940,C005,SV7,A004,P4,20250412,20250417,20250422,120,217.71,False,97.71,project_fact_sla_export.csv,2026-06-23T00:00:00,2105
SLA002106,WO002963,C002,SV8,A003,P3,20250126,20250129,20250131,72,96.86,False,24.86,project_fact_sla_export.csv,2026-06-23T00:00:00,2106
SLA002107,WO002774,C006,SV5,A003,P4,20250424,20250429,20250426,120,39.85,True,0.0,project_fact_sla_export.csv,2026-06-23T00:00:00,2107
SLA002108,WO004590,C003,SV4,A003,P3,20250623,20250626,20250626,72,54.04,True,0.0,project_fact_sla_export.csv,2026-06-23T00:00:00,2108
SLA002109,WO004730,C008,SV5,A003,P2,20250411,20250412,20250412,24,17.08,True,0.0,project_fact_sla_export.csv,2026-06-23T00:00:00,2109
SLA002110,WO004106,C002,SV5,A005,P1,20250223,20250223,20250224,8,4.35,True,0.0,project_fact_sla_export.csv,2026-06-23T00:00:00,2110
SLA002111,WO004721,C001,SV3,A005,P4,20250306,20250311,20250312,120,137.72,False,17.72,project_fact_sla_export.csv,2026-06-23T00:00:00,2111
SLA002112,WO001538,C019,SV1,A005,P4,20250316,20250321,20250319,120,53.31,True,0.0,project_fact_sla_export.csv,2026-06-23T00:00:00,2112
SLA002113,WO004769,C020,SV5,A002,P2,20250520,20250521,20250521,24,15.57,True,0.0,project_fact_sla_export.csv,2026-06-23T00:00:00,2113
SLA002114,WO002689,C003,SV1,A004,P1,20250128,20250128,20250129,8,6.1,True,0.0,project_fact_sla_export.csv,2026-06-23T00:00:00,2114
SLA002115,WO003774,C007,SV2,A005,P1,20250104,20250104,20250105,8,4.25,True,0.0,project_fact_sla_export.csv,2026-06-23T00:00:00,2115
SLA002116,WO001325,C013,SV1,A006,P2,20250113,20250114,20250114,24,9.63,True,0.0,project_fact_sla_export.csv,2026-06-23T00:00:00,2116
SLA002117,WO000127,C020,SV3,A005,P4,20250106,20250111,20250112,120,125.98,False,5.98,project_fact_sla_export.csv,2026-06-23T00:00:00,2117
SLA002118,WO000856,C001,SV3,A006,P2,20250116,20250117,20250118,24,30.13,False,6.13,project_fact_sla_export.csv,2026-06-23T00:00:00,2118
SLA002119,WO004810,C011,SV3,A004,P2,20250420,20250421,20250421,24,22.4,True,0.0,project_fact_sla_export.csv,2026-06-23T00:00:00,2119
SLA002120,WO001365,C004,SV3,A005,P4,20250519,20250524,20250531,120,284.98,False,164.98,project_fact_sla_export.csv,2026-06-23T00:00:00,2120
SLA002121,WO000366,C010,SV5,A005,P4,20250122,20250127,20250127,120,99.08,True,0.0,project_fact_sla_export.csv,2026-06-23T00:00:00,2121
SLA002122,WO003331,C019,SV4,A003,P2,20250128,20250129,20250129,24,9.78,True,0.0,project_fact_sla_export.csv,2026-06-23T00:00:00,2122
SLA002123,WO000374,C012,SV2,A005,P3,20250625,20250628,20250630,72,111.17,False,39.17,project_fact_sla_export.csv,2026-06-23T00:00:00,2123
SLA002124,WO001838,C002,SV5,A005,P2,20250519,20250520,20250520,24,16.55,True,0.0,project_fact_sla_export.csv,2026-06-23T00:00:00,2124
SLA002125,WO004504,C020,SV7,A003,P3,20250319,20250322,20250323,72,76.15,False,4.15,project_fact_sla_export.csv,2026-06-23T00:00:00,2125
SLA002126,WO000027,C020,SV1,A005,P1,20250325,20250325,20250326,8,4.32,True,0.0,project_fact_sla_export.csv,2026-06-23T00:00:00,2126
SLA002127,WO004020,C002,SV3,A005,P1,20250406,20250406,20250407,8,8.5,False,0.5,project_fact_sla_export.csv,2026-06-23T00:00:00,2127
SLA002128,WO004557,C004,SV7,A006,P1,20250205,20250205,20250206,8,1.94,True,0.0,project_fact_sla_export.csv,2026-06-23T00:00:00,2128
SLA002129,WO002999,C011,SV1,A001,P4,20250603,20250608,20250608,120,102.21,True,0.0,project_fact_sla_export.csv,2026-06-23T00:00:00,2129
SLA002130,WO003114,C005,SV2,A001,P4,20250108,20250113,20250113,120,116.63,True,0.0,project_fact_sla_export.csv,2026-06-23T00:00:00,2130
SLA002131,WO003812,C008,SV6,A005,P3,20250625,20250628,20250627,72,31.82,True,0.0,project_fact_sla_export.csv,2026-06-23T00:00:00,2131
SLA002132,WO003801,C009,SV4,A006,P3,20250109,20250112,20250110,72,19.58,True,0.0,project_fact_sla_export.csv,2026-06-23T00:00:00,2132
SLA002133,WO004631,C006,SV6,A001,P2,20250614,20250615,20250615,24,18.77,True,0.0,project_fact_sla_export.csv,2026-06-23T00:00:00,2133
SLA002134,WO001520,C011,SV4,A003,P2,20250513,20250514,20250514,24,13.64,True,0.0,project_fact_sla_export.csv,2026-06-23T00:00:00,2134
SLA002135,WO003754,C013,SV1,A005,P2,20250414,20250415,20250416,24,27.41,False,3.41,project_fact_sla_export.csv,2026-06-23T00:00:00,2135
SLA002136,WO000614,C003,SV8,A001,P2,20250327,20250328,20250328,24,14.18,True,0.0,project_fact_sla_export.csv,2026-06-23T00:00:00,2136
SLA002137,WO002823,C019,SV5,A005,P3,20250501,20250504,20250505,72,75.25,False,3.25,project_fact_sla_export.csv,2026-06-23T00:00:00,2137
SLA002138,WO001640,C011,SV7,A003,P3,20250213,20250216,20250214,72,15.98,True,0.0,project_fact_sla_export.csv,2026-06-23T00:00:00,2138
SLA002139,WO001449,C005,SV4,A001,P4,20250315,20250320,20250322,120,153.63,False,33.63,project_fact_sla_export.csv,2026-06-23T00:00:00,2139
SLA002140,WO003702,C012,SV2,A006,P3,20250619,20250622,20250621,72,32.22,True,0.0,project_fact_sla_export.csv,2026-06-23T00:00:00,2140
SLA002141,WO004509,C012,SV8,A004,P4,20250123,20250128,20250131,120,185.17,False,65.17,project_fact_sla_export.csv,2026-06-23T00:00:00,2141
SLA002142,WO001993,C016,SV7,A001,P2,20250619,20250620,20250621,24,40.36,False,16.36,project_fact_sla_export.csv,2026-06-23T00:00:00,2142
SLA002143,WO000639,C008,SV6,A006,P4,20250109,20250114,20250113,120,76.11,True,0.0,project_fact_sla_export.csv,2026-06-23T00:00:00,2143
SLA002144,WO003214,C013,SV6,A005,P4,20250512,20250517,20250518,120,124.2,False,4.2,project_fact_sla_export.csv,2026-06-23T00:00:00,2144
SLA002145,WO000925,C006,SV2,A005,P3,20250131,20250203,20250202,72,35.42,True,0.0,project_fact_sla_export.csv,2026-06-23T00:00:00,2145
SLA002146,WO000712,C006,SV2,A005,P4,20250527,20250601,20250603,120,144.95,False,24.95,project_fact_sla_export.csv,2026-06-23T00:00:00,2146
SLA002147,WO004174,C019,SV7,A004,P4,20250527,20250601,20250601,120,107.36,True,0.0,project_fact_sla_export.csv,2026-06-23T00:00:00,2147
SLA002148,WO003533,C005,SV6,A001,P1,20250607,20250607,20250608,8,10.64,False,2.64,project_fact_sla_export.csv,2026-06-23T00:00:00,2148
SLA002149,WO000163,C011,SV6,A001,P3,20250118,20250121,20250122,72,90.42,False,18.42,project_fact_sla_export.csv,2026-06-23T00:00:00,2149
SLA002150,WO001342,C005,SV5,A005,P3,20250608,20250611,20250610,72,28.43,True,0.0,project_fact_sla_export.csv,2026-06-23T00:00:00,2150
SLA002151,WO003348,C016,SV6,A004,P4,20250205,20250210,20250209,120,85.93,True,0.0,project_fact_sla_export.csv,2026-06-23T00:00:00,2151
SLA002152,WO004277,C016,SV2,A004,P4,20250502,20250507,20250512,120,229.02,False,109.02,project_fact_sla_export.csv,2026-06-23T00:00:00,2152
SLA002153,WO001636,C016,SV5,A002,P2,20250320,20250321,20250321,24,7.78,True,0.0,project_fact_sla_export.csv,2026-06-23T00:00:00,2153
SLA002154,WO001199,C006,SV1,A003,P2,20250503,20250504,20250505,24,34.95,False,10.95,project_fact_sla_export.csv,2026-06-23T00:00:00,2154
SLA002155,WO002914,C008,SV5,A002,P4,20250209,20250214,20250211,120,30.51,True,0.0,project_fact_sla_export.csv,2026-06-23T00:00:00,2155
SLA002156,WO003460,C003,SV3,A004,P2,20250331,20250401,20250401,24,19.67,True,0.0,project_fact_sla_export.csv,2026-06-23T00:00:00,2156
SLA002157,WO001064,C007,SV7,A001,P3,20250626,20250629,20250628,72,46.6,True,0.0,project_fact_sla_export.csv,2026-06-23T00:00:00,2157
SLA002158,WO003185,C002,SV8,A001,P3,20250221,20250224,20250226,72,119.08,False,47.08,project_fact_sla_export.csv,2026-06-23T00:00:00,2158
SLA002159,WO004249,C015,SV1,A002,P1,20250417,20250417,20250418,8,4.23,True,0.0,project_fact_sla_export.csv,2026-06-23T00:00:00,2159
SLA002160,WO001153,C016,SV2,A004,P3,20250323,20250326,20250327,72,76.18,False,4.18,project_fact_sla_export.csv,2026-06-23T00:00:00,2160
SLA002161,WO002075,C002,SV4,A003,P3,20250521,20250524,20250524,72,62.83,True,0.0,project_fact_sla_export.csv,2026-06-23T00:00:00,2161
SLA002162,WO004774,C019,SV5,A005,P4,20250124,20250129,20250129,120,110.29,True,0.0,project_fact_sla_export.csv,2026-06-23T00:00:00,2162
SLA002163,WO001476,C012,SV2,A005,P4,20250518,20250523,20250526,120,177.53,False,57.53,project_fact_sla_export.csv,2026-06-23T00:00:00,2163
SLA002164,WO002245,C011,SV1,A004,P3,20250510,20250513,20250515,72,104.09,False,32.09,project_fact_sla_export.csv,2026-06-23T00:00:00,2164
SLA002165,WO002810,C016,SV4,A004,P2,20250107,20250108,20250108,24,9.38,True,0.0,project_fact_sla_export.csv,2026-06-23T00:00:00,2165
SLA002166,WO001717,C009,SV5,A003,P4,20250526,20250531,20250601,120,140.56,False,20.56,project_fact_sla_export.csv,2026-06-23T00:00:00,2166
SLA002167,WO000431,C020,SV6,A005,P1,20250520,20250520,20250521,8,4.47,True,0.0,project_fact_sla_export.csv,2026-06-23T00:00:00,2167
SLA002168,WO004382,C006,SV3,A005,P3,20250113,20250116,20250116,72,51.1,True,0.0,project_fact_sla_export.csv,2026-06-23T00:00:00,2168
SLA002169,WO000983,C010,SV3,A005,P4,20250402,20250407,20250405,120,64.36,True,0.0,project_fact_sla_export.csv,2026-06-23T00:00:00,2169
SLA002170,WO001435,C010,SV5,A003,P4,20250119,20250124,20250121,120,37.91,True,0.0,project_fact_sla_export.csv,2026-06-23T00:00:00,2170
SLA002171,WO000685,C008,SV2,A005,P4,20250108,20250113,20250110,120,43.76,True,0.0,project_fact_sla_export.csv,2026-06-23T00:00:00,2171
SLA002172,WO002359,C012,SV3,A005,P3,20250529,20250601,20250531,72,26.65,True,0.0,project_fact_sla_export.csv,2026-06-23T00:00:00,2172
SLA002173,WO001123,C017,SV3,A001,P3,20250619,20250622,20250625,72,136.8,False,64.8,project_fact_sla_export.csv,2026-06-23T00:00:00,2173
SLA002174,WO002591,C005,SV5,A005,P4,20250421,20250426,20250425,120,74.95,True,0.0,project_fact_sla_export.csv,2026-06-23T00:00:00,2174
SLA002175,WO002648,C018,SV2,A004,P2,20250403,20250404,20250405,24,24.2,False,0.2,project_fact_sla_export.csv,2026-06-23T00:00:00,2175
SLA002176,WO003364,C004,SV2,A006,P3,20250506,20250509,20250511,72,117.95,False,45.95,project_fact_sla_export.csv,2026-06-23T00:00:00,2176
SLA002177,WO004780,C014,SV8,A005,P3,20250606,20250609,20250607,72,20.72,True,0.0,project_fact_sla_export.csv,2026-06-23T00:00:00,2177
SLA002178,WO000899,C010,SV3,A006,P2,20250313,20250314,20250316,24,53.66,False,29.66,project_fact_sla_export.csv,2026-06-23T00:00:00,2178
SLA002179,WO000307,C005,SV8,A004,P2,20250608,20250609,20250609,24,19.64,True,0.0,project_fact_sla_export.csv,2026-06-23T00:00:00,2179
SLA002180,WO002035,C001,SV7,A006,P1,20250324,20250324,20250325,8,6.03,True,0.0,project_fact_sla_export.csv,2026-06-23T00:00:00,2180
SLA002181,WO003471,C005,SV5,A002,P3,20250406,20250409,20250408,72,31.73,True,0.0,project_fact_sla_export.csv,2026-06-23T00:00:00,2181
SLA002182,WO001556,C010,SV8,A003,P3,20250524,20250527,20250526,72,35.0,True,0.0,project_fact_sla_export.csv,2026-06-23T00:00:00,2182
SLA002183,WO003169,C009,SV3,A003,P2,20250606,20250607,20250607,24,23.4,True,0.0,project_fact_sla_export.csv,2026-06-23T00:00:00,2183
SLA002184,WO002346,C011,SV8,A003,P3,20250130,20250202,20250201,72,30.42,True,0.0,project_fact_sla_export.csv,2026-06-23T00:00:00,2184
SLA002185,WO001017,C001,SV7,A006,P2,20250625,20250626,20250626,24,16.8,True,0.0,project_fact_sla_export.csv,2026-06-23T00:00:00,2185
SLA002186,WO004056,C017,SV8,A004,P3,20250617,20250620,20250619,72,46.15,True,0.0,project_fact_sla_export.csv,2026-06-23T00:00:00,2186
SLA002187,WO000281,C017,SV6,A003,P1,20250521,20250521,20250522,8,3.11,True,0.0,project_fact_sla_export.csv,2026-06-23T00:00:00,2187
SLA002188,WO003425,C002,SV1,A005,P4,20250528,20250602,20250531,120,50.35,True,0.0,project_fact_sla_export.csv,2026-06-23T00:00:00,2188
SLA002189,WO002286,C012,SV2,A004,P3,20250225,20250228,20250228,72,55.56,True,0.0,project_fact_sla_export.csv,2026-06-23T00:00:00,2189
SLA002190,WO000247,C016,SV2,A001,P3,20250214,20250217,20250220,72,121.75,False,49.75,project_fact_sla_export.csv,2026-06-23T00:00:00,2190
SLA002191,WO003883,C007,SV3,A002,P2,20250501,20250502,20250502,24,6.76,True,0.0,project_fact_sla_export.csv,2026-06-23T00:00:00,2191
SLA002192,WO004387,C001,SV5,A005,P1,20250103,20250103,20250104,8,5.69,True,0.0,project_fact_sla_export.csv,2026-06-23T00:00:00,2192
SLA002193,WO004691,C017,SV6,A005,P3,20250201,20250204,20250202,72,20.72,True,0.0,project_fact_sla_export.csv,2026-06-23T00:00:00,2193
SLA002194,WO000201,C018,SV3,A005,P3,20250609,20250612,20250611,72,43.56,True,0.0,project_fact_sla_export.csv,2026-06-23T00:00:00,2194
SLA002195,WO002051,C016,SV7,A003,P4,20250509,20250514,20250514,120,108.21,True,0.0,project_fact_sla_export.csv,2026-06-23T00:00:00,2195
SLA002196,WO003275,C019,SV3,A006,P3,20250203,20250206,20250207,72,72.81,False,0.81,project_fact_sla_export.csv,2026-06-23T00:00:00,2196
SLA002197,WO004073,C006,SV5,A005,P2,20250603,20250604,20250604,24,14.65,True,0.0,project_fact_sla_export.csv,2026-06-23T00:00:00,2197
SLA002198,WO000220,C002,SV3,A005,P1,20250517,20250517,20250518,8,11.48,False,3.48,project_fact_sla_export.csv,2026-06-23T00:00:00,2198
SLA002199,WO001788,C007,SV4,A002,P4,20250416,20250421,20250422,120,131.46,False,11.46,project_fact_sla_export.csv,2026-06-23T00:00:00,2199
SLA002200,WO004182,C011,SV6,A005,P4,20250514,20250519,20250520,120,120.78,False,0.78,project_fact_sla_export.csv,2026-06-23T00:00:00,2200
SLA002201,WO000881,C009,SV6,A003,P3,20250612,20250615,20250614,72,29.5,True,0.0,project_fact_sla_export.csv,2026-06-23T00:00:00,2201
SLA002202,WO000999,C013,SV6,A002,P4,20250121,20250126,20250123,120,33.08,True,0.0,project_fact_sla_export.csv,2026-06-23T00:00:00,2202
SLA002203,WO002744,C011,SV7,A004,P4,20250419,20250424,20250426,120,153.4,False,33.4,project_fact_sla_export.csv,2026-06-23T00:00:00,2203
SLA002204,WO003567,C001,SV8,A005,P2,20250331,20250401,20250401,24,15.35,True,0.0,project_fact_sla_export.csv,2026-06-23T00:00:00,2204
SLA002205,WO003232,C002,SV2,A006,P3,20250405,20250408,20250407,72,40.13,True,0.0,project_fact_sla_export.csv,2026-06-23T00:00:00,2205
SLA002206,WO000820,C004,SV7,A004,P4,20250309,20250314,20250314,120,114.83,True,0.0,project_fact_sla_export.csv,2026-06-23T00:00:00,2206
SLA002207,WO003483,C016,SV8,A003,P1,20250417,20250417,20250418,8,5.21,True,0.0,project_fact_sla_export.csv,2026-06-23T00:00:00,2207
SLA002208,WO003296,C005,SV1,A003,P1,20250107,20250107,20250108,8,8.45,False,0.45,project_fact_sla_export.csv,2026-06-23T00:00:00,2208
SLA002209,WO000866,C013,SV1,A003,P4,20250429,20250504,20250504,120,114.27,True,0.0,project_fact_sla_export.csv,2026-06-23T00:00:00,2209
SLA002210,WO001417,C012,SV5,A004,P3,20250619,20250622,20250621,72,39.5,True,0.0,project_fact_sla_export.csv,2026-06-23T00:00:00,2210
SLA002211,WO002423,C017,SV8,A004,P1,20250627,20250627,20250628,8,3.05,True,0.0,project_fact_sla_export.csv,2026-06-23T00:00:00,2211
SLA002212,WO001456,C010,SV7,A002,P2,20250118,20250119,20250119,24,23.57,True,0.0,project_fact_sla_export.csv,2026-06-23T00:00:00,2212
SLA002213,WO001535,C020,SV5,A002,P2,20250414,20250415,20250416,24,35.12,False,11.12,project_fact_sla_export.csv,2026-06-23T00:00:00,2213
SLA002214,WO000567,C015,SV7,A006,P4,20250131,20250205,20250205,120,98.02,True,0.0,project_fact_sla_export.csv,2026-06-23T00:00:00,2214
SLA002215,WO003005,C006,SV7,A006,P1,20250115,20250115,20250116,8,4.27,True,0.0,project_fact_sla_export.csv,2026-06-23T00:00:00,2215
SLA002216,WO003854,C017,SV6,A001,P3,20250116,20250119,20250119,72,54.17,True,0.0,project_fact_sla_export.csv,2026-06-23T00:00:00,2216
SLA002217,WO001571,C010,SV8,A005,P3,20250625,20250628,20250629,72,92.52,False,20.52,project_fact_sla_export.csv,2026-06-23T00:00:00,2217
SLA002218,WO004486,C013,SV3,A003,P3,20250623,20250626,20250625,72,32.26,True,0.0,project_fact_sla_export.csv,2026-06-23T00:00:00,2218
SLA002219,WO003641,C017,SV1,A005,P1,20250331,20250331,20250401,8,1.88,True,0.0,project_fact_sla_export.csv,2026-06-23T00:00:00,2219
SLA002220,WO001941,C015,SV1,A005,P4,20250214,20250219,20250217,120,48.35,True,0.0,project_fact_sla_export.csv,2026-06-23T00:00:00,2220
SLA002221,WO003531,C020,SV2,A003,P3,20250515,20250518,20250517,72,25.94,True,0.0,project_fact_sla_export.csv,2026-06-23T00:00:00,2221
SLA002222,WO002614,C018,SV5,A005,P2,20250607,20250608,20250609,24,25.88,False,1.88,project_fact_sla_export.csv,2026-06-23T00:00:00,2222
SLA002223,WO001115,C005,SV5,A001,P3,20250526,20250529,20250528,72,44.15,True,0.0,project_fact_sla_export.csv,2026-06-23T00:00:00,2223
SLA002224,WO003420,C020,SV3,A001,P2,20250501,20250502,20250503,24,36.81,False,12.81,project_fact_sla_export.csv,2026-06-23T00:00:00,2224
SLA002225,WO003197,C002,SV4,A002,P3,20250607,20250610,20250609,72,31.9,True,0.0,project_fact_sla_export.csv,2026-06-23T00:00:00,2225
SLA002226,WO004418,C004,SV6,A002,P4,20250324,20250329,20250329,120,116.99,True,0.0,project_fact_sla_export.csv,2026-06-23T00:00:00,2226
SLA002227,WO003830,C011,SV6,A004,P2,20250501,20250502,20250502,24,20.85,True,0.0,project_fact_sla_export.csv,2026-06-23T00:00:00,2227
SLA002228,WO003612,C016,SV2,A003,P2,20250120,20250121,20250121,24,5.27,True,0.0,project_fact_sla_export.csv,2026-06-23T00:00:00,2228
SLA002229,WO002827,C017,SV1,A005,P3,20250314,20250317,20250316,72,32.08,True,0.0,project_fact_sla_export.csv,2026-06-23T00:00:00,2229
SLA002230,WO004637,C001,SV6,A001,P3,20250304,20250307,20250307,72,49.86,True,0.0,project_fact_sla_export.csv,2026-06-23T00:00:00,2230
SLA002231,WO000237,C016,SV3,A006,P3,20250113,20250116,20250115,72,46.1,True,0.0,project_fact_sla_export.csv,2026-06-23T00:00:00,2231
SLA002232,WO001334,C018,SV4,A006,P4,20250108,20250113,20250114,120,127.5,False,7.5,project_fact_sla_export.csv,2026-06-23T00:00:00,2232
SLA002233,WO001947,C012,SV5,A004,P3,20250504,20250507,20250506,72,31.8,True,0.0,project_fact_sla_export.csv,2026-06-23T00:00:00,2233
SLA002234,WO003475,C007,SV8,A002,P3,20250225,20250228,20250227,72,43.36,True,0.0,project_fact_sla_export.csv,2026-06-23T00:00:00,2234
SLA002235,WO000293,C010,SV8,A005,P1,20250610,20250610,20250611,8,3.45,True,0.0,project_fact_sla_export.csv,2026-06-23T00:00:00,2235
SLA002236,WO001886,C013,SV4,A005,P4,20250210,20250215,20250213,120,50.97,True,0.0,project_fact_sla_export.csv,2026-06-23T00:00:00,2236
SLA002237,WO004175,C016,SV3,A004,P2,20250210,20250211,20250211,24,12.26,True,0.0,project_fact_sla_export.csv,2026-06-23T00:00:00,2237
SLA002238,WO004717,C009,SV7,A003,P4,20250522,20250527,20250527,120,101.9,True,0.0,project_fact_sla_export.csv,2026-06-23T00:00:00,2238
SLA002239,WO001139,C007,SV4,A003,P3,20250421,20250424,20250424,72,67.51,True,0.0,project_fact_sla_export.csv,2026-06-23T00:00:00,2239
SLA002240,WO000703,C010,SV5,A004,P2,20250113,20250114,20250114,24,12.58,True,0.0,project_fact_sla_export.csv,2026-06-23T00:00:00,2240
SLA002241,WO003850,C001,SV6,A004,P3,20250128,20250131,20250131,72,55.08,True,0.0,project_fact_sla_export.csv,2026-06-23T00:00:00,2241
SLA002242,WO002031,C007,SV3,A006,P2,20250414,20250415,20250415,24,12.17,True,0.0,project_fact_sla_export.csv,2026-06-23T00:00:00,2242
SLA002243,WO003878,C003,SV4,A006,P2,20250115,20250116,20250116,24,14.8,True,0.0,project_fact_sla_export.csv,2026-06-23T00:00:00,2243
SLA002244,WO001375,C015,SV1,A004,P3,20250320,20250323,20250322,72,39.76,True,0.0,project_fact_sla_export.csv,2026-06-23T00:00:00,2244
SLA002245,WO000738,C008,SV8,A004,P3,20250115,20250118,20250117,72,45.08,True,0.0,project_fact_sla_export.csv,2026-06-23T00:00:00,2245
SLA002246,WO003103,C004,SV4,A001,P3,20250423,20250426,20250427,72,79.43,False,7.43,project_fact_sla_export.csv,2026-06-23T00:00:00,2246
SLA002247,WO001337,C012,SV4,A005,P3,20250204,20250207,20250206,72,36.14,True,0.0,project_fact_sla_export.csv,2026-06-23T00:00:00,2247
SLA002248,WO002983,C004,SV1,A004,P4,20250504,20250509,20250506,120,36.1,True,0.0,project_fact_sla_export.csv,2026-06-23T00:00:00,2248
SLA002249,WO001945,C007,SV1,A005,P2,20250221,20250222,20250222,24,22.54,True,0.0,project_fact_sla_export.csv,2026-06-23T00:00:00,2249
SLA002250,WO003035,C014,SV3,A004,P2,20250413,20250414,20250414,24,14.99,True,0.0,project_fact_sla_export.csv,2026-06-23T00:00:00,2250
SLA002251,WO002252,C003,SV1,A003,P2,20250506,20250507,20250507,24,23.58,True,0.0,project_fact_sla_export.csv,2026-06-23T00:00:00,2251
SLA002252,WO004491,C012,SV8,A002,P3,20250104,20250107,20250111,72,164.62,False,92.62,project_fact_sla_export.csv,2026-06-23T00:00:00,2252
SLA002253,WO004704,C018,SV2,A002,P3,20250221,20250224,20250225,72,80.16,False,8.16,project_fact_sla_export.csv,2026-06-23T00:00:00,2253
SLA002254,WO000781,C018,SV8,A001,P4,20250313,20250318,20250318,120,118.81,True,0.0,project_fact_sla_export.csv,2026-06-23T00:00:00,2254
SLA002255,WO001517,C017,SV7,A005,P4,20250313,20250318,20250316,120,70.94,True,0.0,project_fact_sla_export.csv,2026-06-23T00:00:00,2255
SLA002256,WO004076,C020,SV6,A005,P3,20250419,20250422,20250421,72,34.02,True,0.0,project_fact_sla_export.csv,2026-06-23T00:00:00,2256
SLA002257,WO004966,C009,SV7,A005,P4,20250514,20250519,20250519,120,119.29,True,0.0,project_fact_sla_export.csv,2026-06-23T00:00:00,2257
SLA002258,WO004058,C005,SV5,A003,P2,20250414,20250415,20250415,24,14.71,True,0.0,project_fact_sla_export.csv,2026-06-23T00:00:00,2258
SLA002259,WO004941,C012,SV4,A003,P1,20250630,20250630,20250630,8,7.14,True,0.0,project_fact_sla_export.csv,2026-06-23T00:00:00,2259
SLA002260,WO002524,C015,SV5,A003,P1,20250520,20250520,20250521,8,5.85,True,0.0,project_fact_sla_export.csv,2026-06-23T00:00:00,2260
SLA002261,WO004121,C020,SV6,A004,P2,20250318,20250319,20250319,24,19.02,True,0.0,project_fact_sla_export.csv,2026-06-23T00:00:00,2261
SLA002262,WO001808,C006,SV5,A005,P4,20250517,20250522,20250522,120,97.32,True,0.0,project_fact_sla_export.csv,2026-06-23T00:00:00,2262
SLA002263,WO001004,C009,SV4,A003,P2,20250524,20250525,20250525,24,8.32,True,0.0,project_fact_sla_export.csv,2026-06-23T00:00:00,2263
SLA002264,WO004728,C007,SV3,A002,P2,20250126,20250127,20250127,24,12.35,True,0.0,project_fact_sla_export.csv,2026-06-23T00:00:00,2264
SLA002265,WO003078,C011,SV3,A001,P4,20250129,20250203,20250131,120,46.8,True,0.0,project_fact_sla_export.csv,2026-06-23T00:00:00,2265
SLA002266,WO001589,C017,SV7,A004,P2,20250603,20250604,20250604,24,6.2,True,0.0,project_fact_sla_export.csv,2026-06-23T00:00:00,2266
SLA002267,WO003844,C013,SV2,A006,P4,20250119,20250124,20250122,120,68.86,True,0.0,project_fact_sla_export.csv,2026-06-23T00:00:00,2267
SLA002268,WO001602,C003,SV3,A005,P3,20250607,20250610,20250612,72,98.82,False,26.82,project_fact_sla_export.csv,2026-06-23T00:00:00,2268
SLA002269,WO002185,C004,SV1,A004,P3,20250222,20250225,20250226,72,75.93,False,3.93,project_fact_sla_export.csv,2026-06-23T00:00:00,2269
SLA002270,WO003272,C019,SV4,A003,P3,20250220,20250223,20250224,72,72.33,False,0.33,project_fact_sla_export.csv,2026-06-23T00:00:00,2270
SLA002271,WO004709,C002,SV7,A005,P1,20250604,20250604,20250605,8,3.02,True,0.0,project_fact_sla_export.csv,2026-06-23T00:00:00,2271
SLA002272,WO001088,C012,SV6,A003,P3,20250117,20250120,20250119,72,31.15,True,0.0,project_fact_sla_export.csv,2026-06-23T00:00:00,2272
SLA002273,WO001483,C012,SV6,A006,P2,20250511,20250512,20250512,24,13.08,True,0.0,project_fact_sla_export.csv,2026-06-23T00:00:00,2273
SLA002274,WO000491,C016,SV2,A003,P1,20250329,20250329,20250330,8,4.88,True,0.0,project_fact_sla_export.csv,2026-06-23T00:00:00,2274
SLA002275,WO004153,C004,SV6,A004,P2,20250426,20250427,20250428,24,28.17,False,4.17,project_fact_sla_export.csv,2026-06-23T00:00:00,2275
SLA002276,WO003639,C008,SV2,A005,P4,20250222,20250227,20250227,120,101.82,True,0.0,project_fact_sla_export.csv,2026-06-23T00:00:00,2276
SLA002277,WO001132,C001,SV4,A006,P2,20250526,20250527,20250527,24,18.93,True,0.0,project_fact_sla_export.csv,2026-06-23T00:00:00,2277
SLA002278,WO003020,C007,SV4,A005,P3,20250618,20250621,20250622,72,76.06,False,4.06,project_fact_sla_export.csv,2026-06-23T00:00:00,2278
SLA002279,WO001668,C009,SV6,A006,P2,20250522,20250523,20250523,24,17.72,True,0.0,project_fact_sla_export.csv,2026-06-23T00:00:00,2279
SLA002280,WO002467,C004,SV8,A003,P3,20250628,20250701,20250630,72,86.68,False,14.68,project_fact_sla_export.csv,2026-06-23T00:00:00,2280
SLA002281,WO000690,C010,SV6,A002,P4,20250529,20250603,20250531,120,35.3,True,0.0,project_fact_sla_export.csv,2026-06-23T00:00:00,2281
SLA002282,WO003577,C010,SV5,A004,P3,20250110,20250113,20250112,72,30.6,True,0.0,project_fact_sla_export.csv,2026-06-23T00:00:00,2282
SLA002283,WO001720,C018,SV4,A005,P3,20250108,20250111,20250110,72,24.02,True,0.0,project_fact_sla_export.csv,2026-06-23T00:00:00,2283
SLA002284,WO004633,C002,SV1,A004,P3,20250209,20250212,20250211,72,37.15,True,0.0,project_fact_sla_export.csv,2026-06-23T00:00:00,2284
SLA002285,WO000671,C003,SV8,A002,P3,20250201,20250204,20250204,72,71.45,True,0.0,project_fact_sla_export.csv,2026-06-23T00:00:00,2285
SLA002286,WO002683,C019,SV4,A001,P2,20250615,20250616,20250617,24,26.67,False,2.67,project_fact_sla_export.csv,2026-06-23T00:00:00,2286
SLA002287,WO002208,C009,SV3,A004,P2,20250520,20250521,20250521,24,15.61,True,0.0,project_fact_sla_export.csv,2026-06-23T00:00:00,2287
SLA002288,WO002033,C014,SV6,A005,P2,20250615,20250616,20250617,24,24.53,False,0.53,project_fact_sla_export.csv,2026-06-23T00:00:00,2288
SLA002289,WO003948,C015,SV7,A006,P3,20250122,20250125,20250124,72,45.13,True,0.0,project_fact_sla_export.csv,2026-06-23T00:00:00,2289
SLA002290,WO000973,C003,SV8,A006,P2,20250102,20250103,20250103,24,9.37,True,0.0,project_fact_sla_export.csv,2026-06-23T00:00:00,2290
SLA002291,WO004145,C018,SV8,A003,P1,20250120,20250120,20250121,8,4.35,True,0.0,project_fact_sla_export.csv,2026-06-23T00:00:00,2291
SLA002292,WO000196,C002,SV8,A001,P2,20250123,20250124,20250125,24,25.29,False,1.29,project_fact_sla_export.csv,2026-06-23T00:00:00,2292
SLA002293,WO000216,C014,SV3,A005,P1,20250525,20250525,20250526,8,9.75,False,1.75,project_fact_sla_export.csv,2026-06-23T00:00:00,2293
SLA002294,WO001413,C005,SV7,A006,P3,20250116,20250119,20250119,72,63.85,True,0.0,project_fact_sla_export.csv,2026-06-23T00:00:00,2294
SLA002295,WO004477,C005,SV5,A006,P3,20250130,20250202,20250203,72,80.35,False,8.35,project_fact_sla_export.csv,2026-06-23T00:00:00,2295
SLA002296,WO003838,C017,SV8,A004,P4,20250321,20250326,20250324,120,69.07,True,0.0,project_fact_sla_export.csv,2026-06-23T00:00:00,2296
SLA002297,WO002488,C005,SV1,A003,P2,20250613,20250614,20250614,24,6.77,True,0.0,project_fact_sla_export.csv,2026-06-23T00:00:00,2297
SLA002298,WO002697,C001,SV5,A006,P3,20250304,20250307,20250306,72,32.58,True,0.0,project_fact_sla_export.csv,2026-06-23T00:00:00,2298
SLA002299,WO000175,C004,SV8,A005,P2,20250405,20250406,20250406,24,16.83,True,0.0,project_fact_sla_export.csv,2026-06-23T00:00:00,2299
SLA002300,WO003586,C018,SV4,A003,P2,20250117,20250118,20250118,24,7.16,True,0.0,project_fact_sla_export.csv,2026-06-23T00:00:00,2300
SLA002301,WO003628,C001,SV5,A004,P4,20250402,20250407,20250406,120,92.93,True,0.0,project_fact_sla_export.csv,2026-06-23T00:00:00,2301
SLA002302,WO003557,C020,SV8,A001,P2,20250301,20250302,20250302,24,14.08,True,0.0,project_fact_sla_export.csv,2026-06-23T00:00:00,2302
SLA002303,WO000882,C001,SV1,A001,P2,20250207,20250208,20250208,24,22.43,True,0.0,project_fact_sla_export.csv,2026-06-23T00:00:00,2303
SLA002304,WO001104,C005,SV3,A003,P2,20250207,20250208,20250208,24,9.24,True,0.0,project_fact_sla_export.csv,2026-06-23T00:00:00,2304
SLA002305,WO003366,C010,SV2,A003,P3,20250205,20250208,20250207,72,44.09,True,0.0,project_fact_sla_export.csv,2026-06-23T00:00:00,2305
SLA002306,WO000888,C007,SV2,A003,P4,20250522,20250527,20250601,120,232.67,False,112.67,project_fact_sla_export.csv,2026-06-23T00:00:00,2306
SLA002307,WO000153,C003,SV4,A006,P3,20250102,20250105,20250105,72,59.3,True,0.0,project_fact_sla_export.csv,2026-06-23T00:00:00,2307
SLA002308,WO000419,C014,SV6,A005,P3,20250121,20250124,20250125,72,88.81,False,16.81,project_fact_sla_export.csv,2026-06-23T00:00:00,2308
SLA002309,WO004240,C004,SV6,A001,P1,20250311,20250311,20250312,8,8.44,False,0.44,project_fact_sla_export.csv,2026-06-23T00:00:00,2309
SLA002310,WO004002,C001,SV2,A004,P3,20250118,20250121,20250122,72,78.41,False,6.41,project_fact_sla_export.csv,2026-06-23T00:00:00,2310
SLA002311,WO001284,C002,SV2,A005,P2,20250407,20250408,20250408,24,11.49,True,0.0,project_fact_sla_export.csv,2026-06-23T00:00:00,2311
SLA002312,WO001206,C016,SV6,A003,P4,20250513,20250518,20250518,120,99.61,True,0.0,project_fact_sla_export.csv,2026-06-23T00:00:00,2312
SLA002313,WO001065,C004,SV6,A005,P3,20250107,20250110,20250110,72,55.59,True,0.0,project_fact_sla_export.csv,2026-06-23T00:00:00,2313
SLA002314,WO003649,C005,SV6,A005,P3,20250211,20250214,20250213,72,33.6,True,0.0,project_fact_sla_export.csv,2026-06-23T00:00:00,2314
SLA002315,WO001360,C016,SV8,A003,P1,20250626,20250626,20250627,8,6.31,True,0.0,project_fact_sla_export.csv,2026-06-23T00:00:00,2315
SLA002316,WO004114,C005,SV2,A002,P4,20250521,20250526,20250601,120,249.07,False,129.07,project_fact_sla_export.csv,2026-06-23T00:00:00,2316
SLA002317,WO000794,C001,SV2,A001,P2,20250514,20250515,20250515,24,23.75,True,0.0,project_fact_sla_export.csv,2026-06-23T00:00:00,2317
SLA002318,WO001152,C001,SV3,A006,P3,20250630,20250703,20250630,72,71.77,True,0.0,project_fact_sla_export.csv,2026-06-23T00:00:00,2318
SLA002319,WO004868,C010,SV8,A003,P3,20250326,20250329,20250328,72,45.98,True,0.0,project_fact_sla_export.csv,2026-06-23T00:00:00,2319
SLA002320,WO004120,C007,SV8,A004,P2,20250102,20250103,20250103,24,19.29,True,0.0,project_fact_sla_export.csv,2026-06-23T00:00:00,2320
SLA002321,WO000108,C018,SV6,A005,P2,20250330,20250331,20250331,24,14.7,True,0.0,project_fact_sla_export.csv,2026-06-23T00:00:00,2321
SLA002322,WO001651,C020,SV2,A005,P4,20250310,20250315,20250314,120,89.39,True,0.0,project_fact_sla_export.csv,2026-06-23T00:00:00,2322
SLA002323,WO001324,C013,SV8,A002,P4,20250407,20250412,20250412,120,119.87,True,0.0,project_fact_sla_export.csv,2026-06-23T00:00:00,2323
SLA002324,WO000964,C009,SV4,A005,P1,20250529,20250529,20250530,8,3.47,True,0.0,project_fact_sla_export.csv,2026-06-23T00:00:00,2324
SLA002325,WO002878,C020,SV6,A002,P4,20250529,20250603,20250601,120,70.07,True,0.0,project_fact_sla_export.csv,2026-06-23T00:00:00,2325
SLA002326,WO004622,C009,SV2,A004,P2,20250622,20250623,20250623,24,17.0,True,0.0,project_fact_sla_export.csv,2026-06-23T00:00:00,2326
SLA002327,WO001883,C020,SV8,A001,P3,20250102,20250105,20250104,72,28.17,True,0.0,project_fact_sla_export.csv,2026-06-23T00:00:00,2327
SLA002328,WO000014,C015,SV8,A006,P3,20250614,20250617,20250617,72,48.33,True,0.0,project_fact_sla_export.csv,2026-06-23T00:00:00,2328
SLA002329,WO000343,C010,SV4,A004,P3,20250612,20250615,20250614,72,29.25,True,0.0,project_fact_sla_export.csv,2026-06-23T00:00:00,2329
SLA002330,WO002957,C008,SV4,A006,P2,20250215,20250216,20250216,24,18.72,True,0.0,project_fact_sla_export.csv,2026-06-23T00:00:00,2330
SLA002331,WO003705,C013,SV7,A004,P3,20250625,20250628,20250628,72,67.56,True,0.0,project_fact_sla_export.csv,2026-06-23T00:00:00,2331
SLA002332,WO000009,C017,SV5,A005,P4,20250204,20250209,20250210,120,132.08,False,12.08,project_fact_sla_export.csv,2026-06-23T00:00:00,2332
SLA002333,WO003648,C017,SV1,A003,P2,20250330,20250331,20250331,24,9.03,True,0.0,project_fact_sla_export.csv,2026-06-23T00:00:00,2333
SLA002334,WO003573,C004,SV6,A005,P3,20250324,20250327,20250326,72,25.03,True,0.0,project_fact_sla_export.csv,2026-06-23T00:00:00,2334
SLA002335,WO003489,C001,SV1,A004,P1,20250125,20250125,20250126,8,11.2,False,3.2,project_fact_sla_export.csv,2026-06-23T00:00:00,2335
SLA002336,WO000762,C003,SV2,A003,P2,20250308,20250309,20250309,24,18.37,True,0.0,project_fact_sla_export.csv,2026-06-23T00:00:00,2336
SLA002337,WO001835,C003,SV5,A003,P3,20250616,20250619,20250618,72,24.74,True,0.0,project_fact_sla_export.csv,2026-06-23T00:00:00,2337
SLA002338,WO000839,C001,SV3,A005,P1,20250112,20250112,20250113,8,3.51,True,0.0,project_fact_sla_export.csv,2026-06-23T00:00:00,2338
SLA002339,WO002659,C013,SV8,A005,P3,20250304,20250307,20250305,72,23.21,True,0.0,project_fact_sla_export.csv,2026-06-23T00:00:00,2339
SLA002340,WO000302,C017,SV8,A001,P2,20250411,20250412,20250413,24,34.19,False,10.19,project_fact_sla_export.csv,2026-06-23T00:00:00,2340
SLA002341,WO004347,C011,SV6,A003,P3,20250218,20250221,20250221,72,48.83,True,0.0,project_fact_sla_export.csv,2026-06-23T00:00:00,2341
SLA002342,WO001001,C008,SV1,A003,P3,20250316,20250319,20250319,72,70.55,True,0.0,project_fact_sla_export.csv,2026-06-23T00:00:00,2342
SLA002343,WO000509,C015,SV4,A003,P3,20250625,20250628,20250630,72,154.94,False,82.94,project_fact_sla_export.csv,2026-06-23T00:00:00,2343
SLA002344,WO004708,C012,SV1,A002,P2,20250628,20250629,20250629,24,15.56,True,0.0,project_fact_sla_export.csv,2026-06-23T00:00:00,2344
SLA002345,WO001203,C019,SV2,A003,P2,20250102,20250103,20250103,24,17.91,True,0.0,project_fact_sla_export.csv,2026-06-23T00:00:00,2345
SLA002346,WO001830,C001,SV7,A003,P1,20250223,20250223,20250224,8,3.67,True,0.0,project_fact_sla_export.csv,2026-06-23T00:00:00,2346
SLA002347,WO004589,C011,SV7,A003,P2,20250419,20250420,20250421,24,30.39,False,6.39,project_fact_sla_export.csv,2026-06-23T00:00:00,2347
SLA002348,WO000557,C003,SV8,A002,P2,20250516,20250517,20250518,24,28.67,False,4.67,project_fact_sla_export.csv,2026-06-23T00:00:00,2348
SLA002349,WO001510,C004,SV2,A005,P1,20250519,20250519,20250520,8,6.3,True,0.0,project_fact_sla_export.csv,2026-06-23T00:00:00,2349
SLA002350,WO002787,C017,SV3,A005,P2,20250129,20250130,20250130,24,11.83,True,0.0,project_fact_sla_export.csv,2026-06-23T00:00:00,2350
SLA002351,WO001874,C013,SV5,A005,P2,20250107,20250108,20250108,24,9.25,True,0.0,project_fact_sla_export.csv,2026-06-23T00:00:00,2351
SLA002352,WO003621,C014,SV7,A003,P4,20250427,20250502,20250430,120,48.21,True,0.0,project_fact_sla_export.csv,2026-06-23T00:00:00,2352
SLA002353,WO001641,C009,SV7,A005,P2,20250124,20250125,20250126,24,28.43,False,4.43,project_fact_sla_export.csv,2026-06-23T00:00:00,2353
SLA002354,WO002707,C016,SV3,A003,P4,20250331,20250405,20250405,120,104.6,True,0.0,project_fact_sla_export.csv,2026-06-23T00:00:00,2354
SLA002355,WO004463,C005,SV8,A003,P3,20250606,20250609,20250608,72,39.21,True,0.0,project_fact_sla_export.csv,2026-06-23T00:00:00,2355
SLA002356,WO000912,C009,SV3,A005,P3,20250116,20250119,20250119,72,57.18,True,0.0,project_fact_sla_export.csv,2026-06-23T00:00:00,2356
SLA002357,WO001701,C014,SV5,A006,P4,20250318,20250323,20250325,120,150.78,False,30.78,project_fact_sla_export.csv,2026-06-23T00:00:00,2357
SLA002358,WO002709,C018,SV3,A005,P2,20250527,20250528,20250529,24,24.92,False,0.92,project_fact_sla_export.csv,2026-06-23T00:00:00,2358
SLA002359,WO003358,C007,SV5,A006,P2,20250131,20250201,20250201,24,8.71,True,0.0,project_fact_sla_export.csv,2026-06-23T00:00:00,2359
SLA002360,WO004676,C016,SV4,A005,P4,20250312,20250317,20250314,120,46.97,True,0.0,project_fact_sla_export.csv,2026-06-23T00:00:00,2360
SLA002361,WO001906,C004,SV7,A001,P2,20250406,20250407,20250407,24,19.93,True,0.0,project_fact_sla_export.csv,2026-06-23T00:00:00,2361
SLA002362,WO000502,C020,SV8,A006,P3,20250311,20250314,20250313,72,28.04,True,0.0,project_fact_sla_export.csv,2026-06-23T00:00:00,2362
SLA002363,WO000843,C012,SV2,A002,P3,20250502,20250505,20250504,72,41.45,True,0.0,project_fact_sla_export.csv,2026-06-23T00:00:00,2363
SLA002364,WO004105,C006,SV6,A002,P3,20250424,20250427,20250427,72,51.39,True,0.0,project_fact_sla_export.csv,2026-06-23T00:00:00,2364
SLA002365,WO001492,C004,SV2,A003,P4,20250501,20250506,20250506,120,118.61,True,0.0,project_fact_sla_export.csv,2026-06-23T00:00:00,2365
SLA002366,WO000363,C019,SV3,A006,P2,20250505,20250506,20250506,24,10.53,True,0.0,project_fact_sla_export.csv,2026-06-23T00:00:00,2366
SLA002367,WO002985,C008,SV1,A004,P2,20250310,20250311,20250311,24,10.6,True,0.0,project_fact_sla_export.csv,2026-06-23T00:00:00,2367
SLA002368,WO004460,C004,SV5,A006,P3,20250309,20250312,20250311,72,31.01,True,0.0,project_fact_sla_export.csv,2026-06-23T00:00:00,2368
SLA002369,WO001404,C017,SV4,A003,P3,20250513,20250516,20250515,72,30.84,True,0.0,project_fact_sla_export.csv,2026-06-23T00:00:00,2369
SLA002370,WO000197,C005,SV2,A006,P2,20250530,20250531,20250531,24,8.9,True,0.0,project_fact_sla_export.csv,2026-06-23T00:00:00,2370
SLA002371,WO004907,C005,SV5,A006,P3,20250217,20250220,20250220,72,49.23,True,0.0,project_fact_sla_export.csv,2026-06-23T00:00:00,2371
SLA002372,WO004074,C008,SV3,A005,P2,20250331,20250401,20250403,24,51.18,False,27.18,project_fact_sla_export.csv,2026-06-23T00:00:00,2372
SLA002373,WO001307,C008,SV4,A003,P1,20250220,20250220,20250221,8,6.45,True,0.0,project_fact_sla_export.csv,2026-06-23T00:00:00,2373
SLA002374,WO004643,C008,SV6,A004,P3,20250624,20250627,20250626,72,40.81,True,0.0,project_fact_sla_export.csv,2026-06-23T00:00:00,2374
SLA002375,WO002935,C010,SV7,A004,P4,20250226,20250303,20250306,120,174.96,False,54.96,project_fact_sla_export.csv,2026-06-23T00:00:00,2375
SLA002376,WO002789,C015,SV6,A005,P3,20250511,20250514,20250514,72,63.53,True,0.0,project_fact_sla_export.csv,2026-06-23T00:00:00,2376
SLA002377,WO001372,C020,SV2,A003,P2,20250311,20250312,20250312,24,12.89,True,0.0,project_fact_sla_export.csv,2026-06-23T00:00:00,2377
SLA002378,WO003300,C007,SV8,A006,P3,20250104,20250107,20250106,72,47.4,True,0.0,project_fact_sla_export.csv,2026-06-23T00:00:00,2378
SLA002379,WO001845,C018,SV2,A002,P2,20250411,20250412,20250413,24,26.01,False,2.01,project_fact_sla_export.csv,2026-06-23T00:00:00,2379
SLA002380,WO003732,C012,SV8,A005,P2,20250311,20250312,20250313,24,28.23,False,4.23,project_fact_sla_export.csv,2026-06-23T00:00:00,2380
SLA002381,WO001968,C002,SV7,A003,P2,20250601,20250602,20250604,24,59.42,False,35.42,project_fact_sla_export.csv,2026-06-23T00:00:00,2381
SLA002382,WO000041,C012,SV8,A006,P2,20250309,20250310,20250310,24,15.4,True,0.0,project_fact_sla_export.csv,2026-06-23T00:00:00,2382
SLA002383,WO000460,C013,SV1,A005,P2,20250111,20250112,20250112,24,9.06,True,0.0,project_fact_sla_export.csv,2026-06-23T00:00:00,2383
SLA002384,WO000860,C012,SV2,A003,P4,20250607,20250612,20250613,120,131.72,False,11.72,project_fact_sla_export.csv,2026-06-23T00:00:00,2384
SLA002385,WO004811,C016,SV3,A006,P3,20250320,20250323,20250323,72,71.27,True,0.0,project_fact_sla_export.csv,2026-06-23T00:00:00,2385
SLA002386,WO003889,C002,SV8,A005,P2,20250428,20250429,20250429,24,19.39,True,0.0,project_fact_sla_export.csv,2026-06-23T00:00:00,2386
SLA002387,WO002676,C014,SV2,A005,P3,20250525,20250528,20250529,72,85.05,False,13.05,project_fact_sla_export.csv,2026-06-23T00:00:00,2387
SLA002388,WO002130,C003,SV3,A001,P2,20250302,20250303,20250303,24,19.55,True,0.0,project_fact_sla_export.csv,2026-06-23T00:00:00,2388
SLA002389,WO001725,C001,SV7,A003,P4,20250515,20250520,20250518,120,49.17,True,0.0,project_fact_sla_export.csv,2026-06-23T00:00:00,2389
SLA002390,WO002108,C019,SV4,A005,P3,20250301,20250304,20250303,72,24.79,True,0.0,project_fact_sla_export.csv,2026-06-23T00:00:00,2390
SLA002391,WO002562,C017,SV1,A001,P4,20250308,20250313,20250311,120,70.61,True,0.0,project_fact_sla_export.csv,2026-06-23T00:00:00,2391
SLA002392,WO004975,C014,SV7,A001,P3,20250215,20250218,20250217,72,26.7,True,0.0,project_fact_sla_export.csv,2026-06-23T00:00:00,2392
SLA002393,WO002955,C016,SV5,A003,P3,20250609,20250612,20250611,72,29.39,True,0.0,project_fact_sla_export.csv,2026-06-23T00:00:00,2393
SLA002394,WO003716,C018,SV5,A001,P2,20250606,20250607,20250608,24,34.68,False,10.68,project_fact_sla_export.csv,2026-06-23T00:00:00,2394
SLA002395,WO000362,C008,SV4,A004,P1,20250217,20250217,20250218,8,2.05,True,0.0,project_fact_sla_export.csv,2026-06-23T00:00:00,2395
SLA002396,WO004251,C001,SV2,A005,P3,20250404,20250407,20250407,72,65.58,True,0.0,project_fact_sla_export.csv,2026-06-23T00:00:00,2396
SLA002397,WO002444,C001,SV4,A002,P1,20250610,20250610,20250611,8,3.62,True,0.0,project_fact_sla_export.csv,2026-06-23T00:00:00,2397
SLA002398,WO004177,C001,SV2,A001,P3,20250622,20250625,20250626,72,95.45,False,23.45,project_fact_sla_export.csv,2026-06-23T00:00:00,2398
SLA002399,WO004116,C017,SV5,A001,P3,20250516,20250519,20250520,72,80.83,False,8.83,project_fact_sla_export.csv,2026-06-23T00:00:00,2399
SLA002400,WO003051,C003,SV7,A004,P2,20250410,20250411,20250411,24,13.48,True,0.0,project_fact_sla_export.csv,2026-06-23T00:00:00,2400
SLA002401,WO004053,C008,SV2,A006,P3,20250501,20250504,20250505,72,72.65,False,0.65,project_fact_sla_export.csv,2026-06-23T00:00:00,2401
SLA002402,WO002912,C017,SV5,A005,P4,20250308,20250313,20250316,120,183.62,False,63.62,project_fact_sla_export.csv,2026-06-23T00:00:00,2402
SLA002403,WO001465,C017,SV5,A004,P3,20250508,20250511,20250511,72,49.75,True,0.0,project_fact_sla_export.csv,2026-06-23T00:00:00,2403
SLA002404,WO003596,C009,SV2,A004,P4,20250512,20250517,20250517,120,105.79,True,0.0,project_fact_sla_export.csv,2026-06-23T00:00:00,2404
SLA002405,WO001345,C006,SV8,A005,P4,20250427,20250502,20250501,120,73.86,True,0.0,project_fact_sla_export.csv,2026-06-23T00:00:00,2405
SLA002406,WO003440,C017,SV2,A005,P3,20250525,20250528,20250529,72,75.0,False,3.0,project_fact_sla_export.csv,2026-06-23T00:00:00,2406
SLA002407,WO003635,C002,SV8,A003,P1,20250118,20250118,20250119,8,4.84,True,0.0,project_fact_sla_export.csv,2026-06-23T00:00:00,2407
SLA002408,WO003234,C006,SV4,A002,P2,20250505,20250506,20250507,24,26.38,False,2.38,project_fact_sla_export.csv,2026-06-23T00:00:00,2408
SLA002409,WO000327,C016,SV5,A003,P1,20250507,20250507,20250508,8,6.05,True,0.0,project_fact_sla_export.csv,2026-06-23T00:00:00,2409
SLA002410,WO000684,C011,SV2,A003,P2,20250304,20250305,20250305,24,12.45,True,0.0,project_fact_sla_export.csv,2026-06-23T00:00:00,2410
SLA002411,WO000103,C007,SV3,A001,P3,20250104,20250107,20250110,72,139.59,False,67.59,project_fact_sla_export.csv,2026-06-23T00:00:00,2411
SLA002412,WO001451,C020,SV5,A003,P3,20250411,20250414,20250413,72,25.03,True,0.0,project_fact_sla_export.csv,2026-06-23T00:00:00,2412
SLA002413,WO001796,C009,SV3,A001,P1,20250119,20250119,20250120,8,5.79,True,0.0,project_fact_sla_export.csv,2026-06-23T00:00:00,2413
SLA002414,WO001043,C019,SV1,A001,P2,20250411,20250412,20250412,24,19.09,True,0.0,project_fact_sla_export.csv,2026-06-23T00:00:00,2414
SLA002415,WO000092,C004,SV1,A004,P3,20250114,20250117,20250118,72,80.16,False,8.16,project_fact_sla_export.csv,2026-06-23T00:00:00,2415
SLA002416,WO000207,C016,SV7,A005,P2,20250105,20250106,20250107,24,25.47,False,1.47,project_fact_sla_export.csv,2026-06-23T00:00:00,2416
SLA002417,WO002079,C010,SV1,A006,P3,20250617,20250620,20250620,72,54.84,True,0.0,project_fact_sla_export.csv,2026-06-23T00:00:00,2417
SLA002418,WO003198,C008,SV7,A004,P4,20250602,20250607,20250606,120,94.56,True,0.0,project_fact_sla_export.csv,2026-06-23T00:00:00,2418
SLA002419,WO003068,C006,SV6,A003,P4,20250620,20250625,20250624,120,81.3,True,0.0,project_fact_sla_export.csv,2026-06-23T00:00:00,2419
SLA002420,WO003310,C005,SV5,A002,P2,20250128,20250129,20250129,24,21.57,True,0.0,project_fact_sla_export.csv,2026-06-23T00:00:00,2420
SLA002421,WO000782,C004,SV3,A005,P1,20250330,20250330,20250331,8,4.53,True,0.0,project_fact_sla_export.csv,2026-06-23T00:00:00,2421
SLA002422,WO001799,C019,SV5,A003,P2,20250424,20250425,20250426,24,25.1,False,1.1,project_fact_sla_export.csv,2026-06-23T00:00:00,2422
SLA002423,WO001151,C010,SV1,A005,P4,20250204,20250209,20250208,120,84.82,True,0.0,project_fact_sla_export.csv,2026-06-23T00:00:00,2423
SLA002424,WO003417,C005,SV2,A001,P2,20250202,20250203,20250203,24,18.95,True,0.0,project_fact_sla_export.csv,2026-06-23T00:00:00,2424
SLA002425,WO001553,C001,SV1,A003,P2,20250612,20250613,20250614,24,25.46,False,1.46,project_fact_sla_export.csv,2026-06-23T00:00:00,2425
SLA002426,WO002480,C020,SV5,A001,P4,20250615,20250620,20250617,120,38.34,True,0.0,project_fact_sla_export.csv,2026-06-23T00:00:00,2426
SLA002427,WO000622,C011,SV1,A004,P2,20250316,20250317,20250318,24,31.23,False,7.23,project_fact_sla_export.csv,2026-06-23T00:00:00,2427
SLA002428,WO002118,C001,SV2,A005,P3,20250211,20250214,20250215,72,93.53,False,21.53,project_fact_sla_export.csv,2026-06-23T00:00:00,2428
SLA002429,WO004107,C005,SV3,A006,P3,20250219,20250222,20250222,72,54.88,True,0.0,project_fact_sla_export.csv,2026-06-23T00:00:00,2429
SLA002430,WO002732,C012,SV2,A004,P1,20250205,20250205,20250206,8,14.03,False,6.03,project_fact_sla_export.csv,2026-06-23T00:00:00,2430
SLA002431,WO001276,C019,SV2,A003,P2,20250509,20250510,20250511,24,26.63,False,2.63,project_fact_sla_export.csv,2026-06-23T00:00:00,2431
SLA002432,WO002133,C013,SV2,A001,P2,20250619,20250620,20250620,24,14.76,True,0.0,project_fact_sla_export.csv,2026-06-23T00:00:00,2432
SLA002433,WO004383,C015,SV3,A005,P3,20250605,20250608,20250612,72,151.92,False,79.92,project_fact_sla_export.csv,2026-06-23T00:00:00,2433
SLA002434,WO004518,C005,SV3,A005,P3,20250505,20250508,20250507,72,39.72,True,0.0,project_fact_sla_export.csv,2026-06-23T00:00:00,2434
SLA002435,WO001102,C010,SV6,A005,P2,20250607,20250608,20250608,24,14.5,True,0.0,project_fact_sla_export.csv,2026-06-23T00:00:00,2435
SLA002436,WO000924,C008,SV6,A006,P3,20250112,20250115,20250115,72,58.17,True,0.0,project_fact_sla_export.csv,2026-06-23T00:00:00,2436
SLA002437,WO003659,C020,SV2,A005,P2,20250122,20250123,20250123,24,21.27,True,0.0,project_fact_sla_export.csv,2026-06-23T00:00:00,2437
SLA002438,WO004442,C016,SV7,A005,P1,20250522,20250522,20250523,8,11.62,False,3.62,project_fact_sla_export.csv,2026-06-23T00:00:00,2438
SLA002439,WO001416,C006,SV7,A004,P1,20250623,20250623,20250624,8,3.83,True,0.0,project_fact_sla_export.csv,2026-06-23T00:00:00,2439
SLA002440,WO002895,C016,SV1,A002,P3,20250102,20250105,20250105,72,53.94,True,0.0,project_fact_sla_export.csv,2026-06-23T00:00:00,2440
SLA002441,WO004832,C012,SV5,A005,P2,20250420,20250421,20250422,24,33.67,False,9.67,project_fact_sla_export.csv,2026-06-23T00:00:00,2441
SLA002442,WO003409,C018,SV2,A001,P3,20250406,20250409,20250408,72,47.6,True,0.0,project_fact_sla_export.csv,2026-06-23T00:00:00,2442
SLA002443,WO003184,C014,SV6,A004,P1,20250329,20250329,20250330,8,5.14,True,0.0,project_fact_sla_export.csv,2026-06-23T00:00:00,2443
SLA002444,WO002416,C014,SV1,A003,P2,20250525,20250526,20250526,24,20.53,True,0.0,project_fact_sla_export.csv,2026-06-23T00:00:00,2444
SLA002445,WO002325,C017,SV4,A004,P2,20250209,20250210,20250211,24,25.39,False,1.39,project_fact_sla_export.csv,2026-06-23T00:00:00,2445
SLA002446,WO000943,C001,SV2,A004,P3,20250409,20250412,20250415,72,123.64,False,51.64,project_fact_sla_export.csv,2026-06-23T00:00:00,2446
SLA002447,WO003905,C012,SV4,A001,P2,20250121,20250122,20250123,24,45.75,False,21.75,project_fact_sla_export.csv,2026-06-23T00:00:00,2447
SLA002448,WO001322,C013,SV6,A006,P1,20250415,20250415,20250416,8,8.03,False,0.03,project_fact_sla_export.csv,2026-06-23T00:00:00,2448
SLA002449,WO003545,C012,SV5,A005,P3,20250329,20250401,20250331,72,28.69,True,0.0,project_fact_sla_export.csv,2026-06-23T00:00:00,2449
SLA002450,WO001690,C006,SV4,A004,P3,20250426,20250429,20250428,72,31.04,True,0.0,project_fact_sla_export.csv,2026-06-23T00:00:00,2450
SLA002451,WO001695,C005,SV3,A002,P2,20250127,20250128,20250128,24,12.37,True,0.0,project_fact_sla_export.csv,2026-06-23T00:00:00,2451
SLA002452,WO003449,C019,SV1,A005,P3,20250328,20250331,20250331,72,71.07,True,0.0,project_fact_sla_export.csv,2026-06-23T00:00:00,2452
SLA002453,WO002212,C003,SV7,A002,P1,20250314,20250314,20250315,8,5.98,True,0.0,project_fact_sla_export.csv,2026-06-23T00:00:00,2453
SLA002454,WO004201,C016,SV3,A005,P1,20250621,20250621,20250622,8,3.96,True,0.0,project_fact_sla_export.csv,2026-06-23T00:00:00,2454
SLA002455,WO000664,C005,SV1,A005,P2,20250508,20250509,20250509,24,22.02,True,0.0,project_fact_sla_export.csv,2026-06-23T00:00:00,2455
SLA002456,WO000248,C007,SV5,A003,P3,20250315,20250318,20250317,72,41.24,True,0.0,project_fact_sla_export.csv,2026-06-23T00:00:00,2456
SLA002457,WO003988,C002,SV1,A003,P2,20250512,20250513,20250513,24,15.0,True,0.0,project_fact_sla_export.csv,2026-06-23T00:00:00,2457
SLA002458,WO002178,C001,SV6,A002,P2,20250308,20250309,20250310,24,33.88,False,9.88,project_fact_sla_export.csv,2026-06-23T00:00:00,2458
SLA002459,WO000992,C008,SV7,A001,P1,20250223,20250223,20250224,8,10.35,False,2.35,project_fact_sla_export.csv,2026-06-23T00:00:00,2459
SLA002460,WO000138,C002,SV8,A005,P2,20250627,20250628,20250628,24,14.81,True,0.0,project_fact_sla_export.csv,2026-06-23T00:00:00,2460
SLA002461,WO001175,C002,SV3,A003,P4,20250110,20250115,20250115,120,120.0,True,0.0,project_fact_sla_export.csv,2026-06-23T00:00:00,2461
SLA002462,WO000766,C015,SV3,A005,P2,20250109,20250110,20250110,24,11.94,True,0.0,project_fact_sla_export.csv,2026-06-23T00:00:00,2462
SLA002463,WO004376,C002,SV3,A001,P2,20250216,20250217,20250217,24,15.67,True,0.0,project_fact_sla_export.csv,2026-06-23T00:00:00,2463
SLA002464,WO002053,C008,SV2,A002,P4,20250330,20250404,20250404,120,103.32,True,0.0,project_fact_sla_export.csv,2026-06-23T00:00:00,2464
SLA002465,WO000497,C002,SV2,A005,P4,20250109,20250114,20250113,120,72.83,True,0.0,project_fact_sla_export.csv,2026-06-23T00:00:00,2465
SLA002466,WO001408,C011,SV1,A005,P4,20250531,20250605,20250602,120,43.95,True,0.0,project_fact_sla_export.csv,2026-06-23T00:00:00,2466
SLA002467,WO003826,C010,SV7,A005,P4,20250118,20250123,20250124,120,125.06,False,5.06,project_fact_sla_export.csv,2026-06-23T00:00:00,2467
SLA002468,WO001349,C017,SV5,A005,P3,20250314,20250317,20250318,72,94.25,False,22.25,project_fact_sla_export.csv,2026-06-23T00:00:00,2468
SLA002469,WO003798,C020,SV3,A001,P1,20250524,20250524,20250525,8,6.23,True,0.0,project_fact_sla_export.csv,2026-06-23T00:00:00,2469
SLA002470,WO003280,C003,SV1,A002,P2,20250124,20250125,20250125,24,22.02,True,0.0,project_fact_sla_export.csv,2026-06-23T00:00:00,2470
SLA002471,WO001433,C014,SV6,A005,P4,20250321,20250326,20250325,120,89.39,True,0.0,project_fact_sla_export.csv,2026-06-23T00:00:00,2471
SLA002472,WO001053,C006,SV2,A005,P3,20250327,20250330,20250331,72,95.84,False,23.84,project_fact_sla_export.csv,2026-06-23T00:00:00,2472
SLA002473,WO003709,C001,SV5,A005,P2,20250227,20250228,20250228,24,11.37,True,0.0,project_fact_sla_export.csv,2026-06-23T00:00:00,2473
SLA002474,WO000501,C017,SV1,A001,P4,20250415,20250420,20250421,120,138.84,False,18.84,project_fact_sla_export.csv,2026-06-23T00:00:00,2474
SLA002475,WO004511,C008,SV5,A005,P2,20250202,20250203,20250203,24,17.66,True,0.0,project_fact_sla_export.csv,2026-06-23T00:00:00,2475
SLA002476,WO001820,C006,SV4,A005,P2,20250418,20250419,20250419,24,19.73,True,0.0,project_fact_sla_export.csv,2026-06-23T00:00:00,2476
SLA002477,WO004298,C011,SV1,A005,P2,20250312,20250313,20250313,24,20.08,True,0.0,project_fact_sla_export.csv,2026-06-23T00:00:00,2477
SLA002478,WO001919,C017,SV7,A002,P3,20250325,20250328,20250327,72,36.32,True,0.0,project_fact_sla_export.csv,2026-06-23T00:00:00,2478
SLA002479,WO000584,C003,SV4,A005,P3,20250615,20250618,20250618,72,51.82,True,0.0,project_fact_sla_export.csv,2026-06-23T00:00:00,2479
SLA002480,WO001491,C006,SV3,A005,P2,20250123,20250124,20250124,24,9.85,True,0.0,project_fact_sla_export.csv,2026-06-23T00:00:00,2480
SLA002481,WO000162,C014,SV2,A001,P3,20250326,20250329,20250328,72,35.53,True,0.0,project_fact_sla_export.csv,2026-06-23T00:00:00,2481
SLA002482,WO003098,C020,SV7,A004,P4,20250401,20250406,20250404,120,61.45,True,0.0,project_fact_sla_export.csv,2026-06-23T00:00:00,2482
SLA002483,WO002542,C020,SV1,A005,P3,20250222,20250225,20250224,72,44.1,True,0.0,project_fact_sla_export.csv,2026-06-23T00:00:00,2483
SLA002484,WO000385,C012,SV4,A005,P4,20250618,20250623,20250624,120,126.08,False,6.08,project_fact_sla_export.csv,2026-06-23T00:00:00,2484
SLA002485,WO002655,C018,SV3,A004,P1,20250505,20250505,20250506,8,3.2,True,0.0,project_fact_sla_export.csv,2026-06-23T00:00:00,2485
SLA002486,WO004828,C016,SV2,A005,P3,20250514,20250517,20250516,72,33.95,True,0.0,project_fact_sla_export.csv,2026-06-23T00:00:00,2486
SLA002487,WO002175,C011,SV1,A005,P3,20250425,20250428,20250428,72,71.3,True,0.0,project_fact_sla_export.csv,2026-06-23T00:00:00,2487
SLA002488,WO002995,C001,SV2,A003,P1,20250127,20250127,20250128,8,7.71,True,0.0,project_fact_sla_export.csv,2026-06-23T00:00:00,2488
SLA002489,WO004859,C018,SV3,A004,P2,20250623,20250624,20250624,24,11.79,True,0.0,project_fact_sla_export.csv,2026-06-23T00:00:00,2489
SLA002490,WO001292,C009,SV4,A002,P2,20250120,20250121,20250121,24,14.67,True,0.0,project_fact_sla_export.csv,2026-06-23T00:00:00,2490
SLA002491,WO004947,C016,SV4,A003,P2,20250613,20250614,20250614,24,20.04,True,0.0,project_fact_sla_export.csv,2026-06-23T00:00:00,2491
SLA002492,WO000655,C014,SV4,A005,P3,20250207,20250210,20250213,72,143.35,False,71.35,project_fact_sla_export.csv,2026-06-23T00:00:00,2492
SLA002493,WO001054,C005,SV5,A003,P3,20250517,20250520,20250519,72,33.39,True,0.0,project_fact_sla_export.csv,2026-06-23T00:00:00,2493
SLA002494,WO004655,C005,SV4,A005,P4,20250602,20250607,20250605,120,64.94,True,0.0,project_fact_sla_export.csv,2026-06-23T00:00:00,2494
SLA002495,WO003745,C014,SV3,A003,P2,20250604,20250605,20250605,24,14.39,True,0.0,project_fact_sla_export.csv,2026-06-23T00:00:00,2495
SLA002496,WO004660,C005,SV7,A005,P2,20250405,20250406,20250406,24,15.89,True,0.0,project_fact_sla_export.csv,2026-06-23T00:00:00,2496
SLA002497,WO001673,C013,SV7,A005,P1,20250225,20250225,20250226,8,3.72,True,0.0,project_fact_sla_export.csv,2026-06-23T00:00:00,2497
SLA002498,WO000555,C001,SV5,A002,P4,20250201,20250206,20250207,120,125.77,False,5.77,project_fact_sla_export.csv,2026-06-23T00:00:00,2498
SLA002499,WO004852,C016,SV5,A002,P1,20250216,20250216,20250217,8,11.22,False,3.22,project_fact_sla_export.csv,2026-06-23T00:00:00,2499
SLA002500,WO003748,C018,SV8,A004,P3,20250613,20250616,20250616,72,57.7,True,0.0,project_fact_sla_export.csv,2026-06-23T00:00:00,2500
SLA002501,WO001215,C008,SV5,A003,P1,20250404,20250404,20250405,8,4.98,True,0.0,project_fact_sla_export.csv,2026-06-23T00:00:00,2501
SLA002502,WO003907,C004,SV7,A005,P3,20250616,20250619,20250619,72,51.38,True,0.0,project_fact_sla_export.csv,2026-06-23T00:00:00,2502
SLA002503,WO002489,C014,SV2,A003,P3,20250413,20250416,20250417,72,72.02,False,0.02,project_fact_sla_export.csv,2026-06-23T00:00:00,2503
SLA002504,WO003238,C012,SV4,A005,P2,20250511,20250512,20250512,24,11.91,True,0.0,project_fact_sla_export.csv,2026-06-23T00:00:00,2504
SLA002505,WO000289,C005,SV6,A005,P3,20250105,20250108,20250107,72,41.42,True,0.0,project_fact_sla_export.csv,2026-06-23T00:00:00,2505
SLA002506,WO003415,C010,SV5,A005,P3,20250217,20250220,20250220,72,53.83,True,0.0,project_fact_sla_export.csv,2026-06-23T00:00:00,2506
SLA002507,WO004459,C010,SV8,A004,P2,20250326,20250327,20250327,24,10.63,True,0.0,project_fact_sla_export.csv,2026-06-23T00:00:00,2507
SLA002508,WO001168,C018,SV1,A004,P2,20250427,20250428,20250428,24,22.58,True,0.0,project_fact_sla_export.csv,2026-06-23T00:00:00,2508
SLA002509,WO001894,C017,SV8,A003,P3,20250529,20250601,20250601,72,52.74,True,0.0,project_fact_sla_export.csv,2026-06-23T00:00:00,2509
SLA002510,WO001989,C018,SV5,A004,P3,20250423,20250426,20250425,72,26.43,True,0.0,project_fact_sla_export.csv,2026-06-23T00:00:00,2510
SLA002511,WO004777,C019,SV7,A001,P3,20250617,20250620,20250620,72,49.83,True,0.0,project_fact_sla_export.csv,2026-06-23T00:00:00,2511
SLA002512,WO004829,C006,SV2,A005,P4,20250131,20250205,20250205,120,108.46,True,0.0,project_fact_sla_export.csv,2026-06-23T00:00:00,2512
SLA002513,WO002714,C008,SV8,A003,P2,20250506,20250507,20250507,24,17.23,True,0.0,project_fact_sla_export.csv,2026-06-23T00:00:00,2513
SLA002514,WO001103,C014,SV1,A005,P4,20250427,20250502,20250503,120,121.79,False,1.79,project_fact_sla_export.csv,2026-06-23T00:00:00,2514
SLA002515,WO002192,C002,SV7,A001,P2,20250213,20250214,20250216,24,65.1,False,41.1,project_fact_sla_export.csv,2026-06-23T00:00:00,2515
SLA002516,WO000809,C008,SV3,A005,P1,20250316,20250316,20250317,8,6.14,True,0.0,project_fact_sla_export.csv,2026-06-23T00:00:00,2516
SLA002517,WO000357,C012,SV2,A005,P1,20250117,20250117,20250118,8,6.62,True,0.0,project_fact_sla_export.csv,2026-06-23T00:00:00,2517
SLA002518,WO001098,C009,SV3,A006,P2,20250604,20250605,20250605,24,16.24,True,0.0,project_fact_sla_export.csv,2026-06-23T00:00:00,2518
SLA002519,WO004064,C003,SV6,A005,P3,20250520,20250523,20250521,72,20.26,True,0.0,project_fact_sla_export.csv,2026-06-23T00:00:00,2519
SLA002520,WO004180,C012,SV7,A006,P3,20250130,20250202,20250131,72,20.26,True,0.0,project_fact_sla_export.csv,2026-06-23T00:00:00,2520
SLA002521,WO001249,C005,SV4,A004,P3,20250315,20250318,20250317,72,42.58,True,0.0,project_fact_sla_export.csv,2026-06-23T00:00:00,2521
SLA002522,WO004342,C010,SV3,A001,P3,20250113,20250116,20250115,72,27.71,True,0.0,project_fact_sla_export.csv,2026-06-23T00:00:00,2522
SLA002523,WO002132,C017,SV7,A001,P4,20250122,20250127,20250131,120,215.48,False,95.48,project_fact_sla_export.csv,2026-06-23T00:00:00,2523
SLA002524,WO001763,C003,SV5,A005,P2,20250626,20250627,20250627,24,21.44,True,0.0,project_fact_sla_export.csv,2026-06-23T00:00:00,2524
SLA002525,WO003623,C018,SV1,A004,P2,20250228,20250301,20250301,24,18.72,True,0.0,project_fact_sla_export.csv,2026-06-23T00:00:00,2525
SLA002526,WO000406,C011,SV6,A001,P3,20250610,20250613,20250616,72,140.32,False,68.32,project_fact_sla_export.csv,2026-06-23T00:00:00,2526
SLA002527,WO000157,C013,SV6,A005,P1,20250505,20250505,20250506,8,6.49,True,0.0,project_fact_sla_export.csv,2026-06-23T00:00:00,2527
SLA002528,WO001740,C001,SV6,A005,P3,20250101,20250104,20250107,72,141.23,False,69.23,project_fact_sla_export.csv,2026-06-23T00:00:00,2528
SLA002529,WO004923,C019,SV4,A002,P1,20250302,20250302,20250303,8,2.46,True,0.0,project_fact_sla_export.csv,2026-06-23T00:00:00,2529
SLA002530,WO003600,C012,SV7,A005,P3,20250601,20250604,20250605,72,87.64,False,15.64,project_fact_sla_export.csv,2026-06-23T00:00:00,2530
SLA002531,WO002592,C004,SV6,A005,P3,20250613,20250616,20250616,72,49.06,True,0.0,project_fact_sla_export.csv,2026-06-23T00:00:00,2531
SLA002532,WO002283,C010,SV6,A004,P2,20250105,20250106,20250106,24,16.41,True,0.0,project_fact_sla_export.csv,2026-06-23T00:00:00,2532
SLA002533,WO001532,C018,SV1,A002,P2,20250622,20250623,20250623,24,16.66,True,0.0,project_fact_sla_export.csv,2026-06-23T00:00:00,2533
SLA002534,WO001493,C019,SV6,A003,P2,20250420,20250421,20250422,24,28.13,False,4.13,project_fact_sla_export.csv,2026-06-23T00:00:00,2534
SLA002535,WO003447,C010,SV2,A004,P1,20250520,20250520,20250521,8,2.68,True,0.0,project_fact_sla_export.csv,2026-06-23T00:00:00,2535
SLA002536,WO003353,C002,SV6,A001,P2,20250417,20250418,20250419,24,25.85,False,1.85,project_fact_sla_export.csv,2026-06-23T00:00:00,2536
SLA002537,WO004488,C018,SV7,A004,P2,20250617,20250618,20250618,24,11.82,True,0.0,project_fact_sla_export.csv,2026-06-23T00:00:00,2537
SLA002538,WO002382,C006,SV1,A005,P1,20250105,20250105,20250106,8,2.94,True,0.0,project_fact_sla_export.csv,2026-06-23T00:00:00,2538
SLA002539,WO004889,C017,SV7,A006,P3,20250505,20250508,20250507,72,29.6,True,0.0,project_fact_sla_export.csv,2026-06-23T00:00:00,2539
SLA002540,WO001570,C012,SV2,A006,P3,20250109,20250112,20250112,72,49.1,True,0.0,project_fact_sla_export.csv,2026-06-23T00:00:00,2540
SLA002541,WO004128,C014,SV8,A003,P1,20250307,20250307,20250308,8,2.78,True,0.0,project_fact_sla_export.csv,2026-06-23T00:00:00,2541
SLA002542,WO002550,C016,SV6,A004,P3,20250317,20250320,20250320,72,49.33,True,0.0,project_fact_sla_export.csv,2026-06-23T00:00:00,2542
SLA002543,WO003797,C003,SV5,A003,P3,20250417,20250420,20250420,72,51.32,True,0.0,project_fact_sla_export.csv,2026-06-23T00:00:00,2543
SLA002544,WO000753,C016,SV3,A003,P3,20250309,20250312,20250314,72,119.11,False,47.11,project_fact_sla_export.csv,2026-06-23T00:00:00,2544
SLA002545,WO000393,C004,SV8,A001,P4,20250521,20250526,20250525,120,89.3,True,0.0,project_fact_sla_export.csv,2026-06-23T00:00:00,2545
SLA002546,WO004038,C017,SV8,A001,P3,20250606,20250609,20250607,72,18.97,True,0.0,project_fact_sla_export.csv,2026-06-23T00:00:00,2546
SLA002547,WO003994,C014,SV8,A005,P3,20250603,20250606,20250607,72,88.97,False,16.97,project_fact_sla_export.csv,2026-06-23T00:00:00,2547
SLA002548,WO000475,C015,SV7,A004,P3,20250522,20250525,20250524,72,33.11,True,0.0,project_fact_sla_export.csv,2026-06-23T00:00:00,2548
SLA002549,WO003099,C015,SV7,A005,P3,20250309,20250312,20250314,72,111.04,False,39.04,project_fact_sla_export.csv,2026-06-23T00:00:00,2549
SLA002550,WO002909,C020,SV3,A005,P2,20250323,20250324,20250325,24,33.46,False,9.46,project_fact_sla_export.csv,2026-06-23T00:00:00,2550
SLA002551,WO000388,C012,SV6,A003,P3,20250606,20250609,20250608,72,41.38,True,0.0,project_fact_sla_export.csv,2026-06-23T00:00:00,2551
SLA002552,WO000675,C004,SV5,A005,P3,20250520,20250523,20250523,72,50.8,True,0.0,project_fact_sla_export.csv,2026-06-23T00:00:00,2552
SLA002553,WO000140,C010,SV7,A003,P3,20250607,20250610,20250609,72,40.62,True,0.0,project_fact_sla_export.csv,2026-06-23T00:00:00,2553
SLA002554,WO001125,C006,SV5,A004,P2,20250210,20250211,20250211,24,8.66,True,0.0,project_fact_sla_export.csv,2026-06-23T00:00:00,2554
SLA002555,WO003821,C004,SV5,A006,P2,20250322,20250323,20250323,24,11.67,True,0.0,project_fact_sla_export.csv,2026-06-23T00:00:00,2555
SLA002556,WO002324,C002,SV7,A005,P2,20250228,20250301,20250302,24,24.01,False,0.01,project_fact_sla_export.csv,2026-06-23T00:00:00,2556
SLA002557,WO001752,C003,SV8,A001,P1,20250525,20250525,20250526,8,9.57,False,1.57,project_fact_sla_export.csv,2026-06-23T00:00:00,2557
SLA002558,WO002640,C002,SV1,A001,P4,20250220,20250225,20250228,120,185.03,False,65.03,project_fact_sla_export.csv,2026-06-23T00:00:00,2558
SLA002559,WO000635,C019,SV8,A005,P4,20250121,20250126,20250124,120,68.16,True,0.0,project_fact_sla_export.csv,2026-06-23T00:00:00,2559
SLA002560,WO001359,C012,SV2,A005,P3,20250622,20250625,20250627,72,109.64,False,37.64,project_fact_sla_export.csv,2026-06-23T00:00:00,2560
SLA002561,WO002102,C004,SV8,A005,P2,20250209,20250210,20250210,24,18.25,True,0.0,project_fact_sla_export.csv,2026-06-23T00:00:00,2561
SLA002562,WO002568,C009,SV2,A004,P1,20250618,20250618,20250619,8,4.3,True,0.0,project_fact_sla_export.csv,2026-06-23T00:00:00,2562
SLA002563,WO003054,C013,SV5,A005,P3,20250215,20250218,20250218,72,66.38,True,0.0,project_fact_sla_export.csv,2026-06-23T00:00:00,2563
SLA002564,WO004795,C013,SV8,A002,P3,20250525,20250528,20250526,72,16.73,True,0.0,project_fact_sla_export.csv,2026-06-23T00:00:00,2564
SLA002565,WO003105,C005,SV5,A005,P2,20250326,20250327,20250327,24,22.84,True,0.0,project_fact_sla_export.csv,2026-06-23T00:00:00,2565
SLA002566,WO002540,C016,SV1,A006,P4,20250412,20250417,20250420,120,188.75,False,68.75,project_fact_sla_export.csv,2026-06-23T00:00:00,2566
SLA002567,WO000919,C019,SV3,A001,P2,20250526,20250527,20250528,24,32.23,False,8.23,project_fact_sla_export.csv,2026-06-23T00:00:00,2567
SLA002568,WO003689,C006,SV4,A005,P3,20250630,20250703,20250630,72,91.02,False,19.02,project_fact_sla_export.csv,2026-06-23T00:00:00,2568
SLA002569,WO000875,C009,SV4,A003,P3,20250307,20250310,20250309,72,25.24,True,0.0,project_fact_sla_export.csv,2026-06-23T00:00:00,2569
SLA002570,WO001920,C013,SV4,A005,P3,20250303,20250306,20250307,72,72.33,False,0.33,project_fact_sla_export.csv,2026-06-23T00:00:00,2570
SLA002571,WO004684,C001,SV2,A005,P3,20250214,20250217,20250218,72,90.34,False,18.34,project_fact_sla_export.csv,2026-06-23T00:00:00,2571
SLA002572,WO000226,C020,SV7,A004,P4,20250630,20250705,20250630,120,57.15,True,0.0,project_fact_sla_export.csv,2026-06-23T00:00:00,2572
SLA002573,WO000098,C007,SV8,A005,P3,20250208,20250211,20250210,72,25.47,True,0.0,project_fact_sla_export.csv,2026-06-23T00:00:00,2573
SLA002574,WO000700,C006,SV7,A005,P3,20250425,20250428,20250427,72,36.95,True,0.0,project_fact_sla_export.csv,2026-06-23T00:00:00,2574
SLA002575,WO003935,C011,SV8,A005,P3,20250323,20250326,20250328,72,119.91,False,47.91,project_fact_sla_export.csv,2026-06-23T00:00:00,2575
SLA002576,WO000765,C011,SV8,A006,P3,20250616,20250619,20250621,72,116.85,False,44.85,project_fact_sla_export.csv,2026-06-23T00:00:00,2576
SLA002577,WO002513,C002,SV1,A004,P4,20250510,20250515,20250512,120,32.19,True,0.0,project_fact_sla_export.csv,2026-06-23T00:00:00,2577
SLA002578,WO001400,C018,SV8,A004,P3,20250115,20250118,20250118,72,58.48,True,0.0,project_fact_sla_export.csv,2026-06-23T00:00:00,2578
SLA002579,WO002293,C002,SV1,A004,P3,20250624,20250627,20250627,72,63.18,True,0.0,project_fact_sla_export.csv,2026-06-23T00:00:00,2579
SLA002580,WO001644,C019,SV7,A005,P2,20250313,20250314,20250315,24,25.01,False,1.01,project_fact_sla_export.csv,2026-06-23T00:00:00,2580
SLA002581,WO000802,C018,SV2,A006,P4,20250316,20250321,20250326,120,218.11,False,98.11,project_fact_sla_export.csv,2026-06-23T00:00:00,2581
SLA002582,WO004612,C008,SV7,A003,P3,20250623,20250626,20250625,72,35.05,True,0.0,project_fact_sla_export.csv,2026-06-23T00:00:00,2582
SLA002583,WO003688,C011,SV2,A003,P2,20250216,20250217,20250217,24,20.13,True,0.0,project_fact_sla_export.csv,2026-06-23T00:00:00,2583
SLA002584,WO001183,C015,SV7,A004,P1,20250530,20250530,20250531,8,8.07,False,0.07,project_fact_sla_export.csv,2026-06-23T00:00:00,2584
SLA002585,WO000326,C018,SV1,A003,P3,20250521,20250524,20250524,72,56.07,True,0.0,project_fact_sla_export.csv,2026-06-23T00:00:00,2585
SLA002586,WO000729,C014,SV3,A006,P4,20250128,20250202,20250129,120,22.72,True,0.0,project_fact_sla_export.csv,2026-06-23T00:00:00,2586
SLA002587,WO002037,C017,SV8,A005,P3,20250617,20250620,20250619,72,27.41,True,0.0,project_fact_sla_export.csv,2026-06-23T00:00:00,2587
SLA002588,WO001782,C016,SV2,A005,P2,20250125,20250126,20250126,24,11.39,True,0.0,project_fact_sla_export.csv,2026-06-23T00:00:00,2588
SLA002589,WO001128,C019,SV2,A004,P4,20250628,20250703,20250630,120,46.04,True,0.0,project_fact_sla_export.csv,2026-06-23T00:00:00,2589
SLA002590,WO001815,C014,SV7,A005,P3,20250531,20250603,20250604,72,72.49,False,0.49,project_fact_sla_export.csv,2026-06-23T00:00:00,2590
SLA002591,WO003945,C004,SV3,A006,P4,20250416,20250421,20250419,120,59.78,True,0.0,project_fact_sla_export.csv,2026-06-23T00:00:00,2591
SLA002592,WO004986,C008,SV2,A002,P3,20250616,20250619,20250618,72,41.22,True,0.0,project_fact_sla_export.csv,2026-06-23T00:00:00,2592
SLA002593,WO004875,C009,SV2,A004,P3,20250111,20250114,20250114,72,54.32,True,0.0,project_fact_sla_export.csv,2026-06-23T00:00:00,2593
SLA002594,WO000757,C015,SV7,A005,P2,20250315,20250316,20250316,24,6.09,True,0.0,project_fact_sla_export.csv,2026-06-23T00:00:00,2594
SLA002595,WO004699,C011,SV2,A005,P2,20250108,20250109,20250109,24,12.26,True,0.0,project_fact_sla_export.csv,2026-06-23T00:00:00,2595
SLA002596,WO004911,C012,SV5,A001,P1,20250323,20250323,20250324,8,4.76,True,0.0,project_fact_sla_export.csv,2026-06-23T00:00:00,2596
SLA002597,WO004271,C002,SV4,A005,P2,20250217,20250218,20250218,24,21.88,True,0.0,project_fact_sla_export.csv,2026-06-23T00:00:00,2597
SLA002598,WO004551,C002,SV3,A004,P3,20250611,20250614,20250613,72,42.24,True,0.0,project_fact_sla_export.csv,2026-06-23T00:00:00,2598
SLA002599,WO002459,C015,SV3,A003,P2,20250206,20250207,20250207,24,14.36,True,0.0,project_fact_sla_export.csv,2026-06-23T00:00:00,2599
SLA002600,WO001925,C013,SV3,A001,P4,20250418,20250423,20250425,120,163.14,False,43.14,project_fact_sla_export.csv,2026-06-23T00:00:00,2600
SLA002601,WO002595,C014,SV4,A002,P1,20250121,20250121,20250122,8,1.63,True,0.0,project_fact_sla_export.csv,2026-06-23T00:00:00,2601
SLA002602,WO002230,C002,SV2,A004,P3,20250505,20250508,20250507,72,24.39,True,0.0,project_fact_sla_export.csv,2026-06-23T00:00:00,2602
SLA002603,WO001032,C007,SV4,A002,P2,20250604,20250605,20250605,24,16.52,True,0.0,project_fact_sla_export.csv,2026-06-23T00:00:00,2603
SLA002604,WO002723,C018,SV3,A005,P2,20250513,20250514,20250514,24,18.2,True,0.0,project_fact_sla_export.csv,2026-06-23T00:00:00,2604
SLA002605,WO003459,C010,SV6,A001,P3,20250318,20250321,20250321,72,62.34,True,0.0,project_fact_sla_export.csv,2026-06-23T00:00:00,2605
SLA002606,WO003093,C004,SV7,A005,P3,20250420,20250423,20250422,72,40.89,True,0.0,project_fact_sla_export.csv,2026-06-23T00:00:00,2606
SLA002607,WO001964,C019,SV8,A003,P3,20250331,20250403,20250402,72,34.06,True,0.0,project_fact_sla_export.csv,2026-06-23T00:00:00,2607
SLA002608,WO000354,C003,SV5,A004,P1,20250311,20250311,20250312,8,3.17,True,0.0,project_fact_sla_export.csv,2026-06-23T00:00:00,2608
SLA002609,WO004856,C001,SV4,A002,P4,20250221,20250226,20250223,120,40.43,True,0.0,project_fact_sla_export.csv,2026-06-23T00:00:00,2609
SLA002610,WO000713,C004,SV5,A004,P3,20250420,20250423,20250423,72,61.73,True,0.0,project_fact_sla_export.csv,2026-06-23T00:00:00,2610
SLA002611,WO004627,C014,SV3,A004,P3,20250601,20250604,20250603,72,44.18,True,0.0,project_fact_sla_export.csv,2026-06-23T00:00:00,2611
SLA002612,WO001370,C001,SV4,A005,P2,20250205,20250206,20250206,24,23.19,True,0.0,project_fact_sla_export.csv,2026-06-23T00:00:00,2612
SLA002613,WO004533,C005,SV8,A003,P3,20250216,20250219,20250222,72,124.51,False,52.51,project_fact_sla_export.csv,2026-06-23T00:00:00,2613
SLA002614,WO003939,C014,SV1,A005,P3,20250622,20250625,20250624,72,46.39,True,0.0,project_fact_sla_export.csv,2026-06-23T00:00:00,2614
SLA002615,WO002407,C005,SV5,A002,P3,20250327,20250330,20250329,72,43.6,True,0.0,project_fact_sla_export.csv,2026-06-23T00:00:00,2615
SLA002616,WO003047,C009,SV3,A003,P4,20250520,20250525,20250524,120,83.79,True,0.0,project_fact_sla_export.csv,2026-06-23T00:00:00,2616
SLA002617,WO001430,C019,SV1,A003,P2,20250522,20250523,20250524,24,29.56,False,5.56,project_fact_sla_export.csv,2026-06-23T00:00:00,2617
SLA002618,WO001869,C010,SV1,A005,P3,20250629,20250702,20250630,72,37.99,True,0.0,project_fact_sla_export.csv,2026-06-23T00:00:00,2618
SLA002619,WO003332,C007,SV1,A001,P2,20250330,20250331,20250401,24,37.06,False,13.06,project_fact_sla_export.csv,2026-06-23T00:00:00,2619
SLA002620,WO002769,C006,SV4,A004,P1,20250405,20250405,20250406,8,5.16,True,0.0,project_fact_sla_export.csv,2026-06-23T00:00:00,2620
SLA002621,WO003946,C014,SV5,A005,P1,20250320,20250320,20250321,8,4.21,True,0.0,project_fact_sla_export.csv,2026-06-23T00:00:00,2621
SLA002622,WO000500,C020,SV8,A005,P1,20250513,20250513,20250514,8,3.72,True,0.0,project_fact_sla_export.csv,2026-06-23T00:00:00,2622
SLA002623,WO004077,C009,SV4,A005,P4,20250601,20250606,20250604,120,50.81,True,0.0,project_fact_sla_export.csv,2026-06-23T00:00:00,2623
SLA002624,WO000193,C002,SV6,A004,P3,20250123,20250126,20250125,72,46.3,True,0.0,project_fact_sla_export.csv,2026-06-23T00:00:00,2624
SLA002625,WO001786,C013,SV3,A002,P3,20250207,20250210,20250210,72,55.88,True,0.0,project_fact_sla_export.csv,2026-06-23T00:00:00,2625
SLA002626,WO000812,C004,SV2,A005,P2,20250523,20250524,20250524,24,14.72,True,0.0,project_fact_sla_export.csv,2026-06-23T00:00:00,2626
SLA002627,WO000521,C002,SV8,A005,P4,20250110,20250115,20250113,120,68.92,True,0.0,project_fact_sla_export.csv,2026-06-23T00:00:00,2627
SLA002628,WO004499,C007,SV7,A005,P2,20250121,20250122,20250122,24,7.53,True,0.0,project_fact_sla_export.csv,2026-06-23T00:00:00,2628
SLA002629,WO004336,C012,SV1,A004,P3,20250213,20250216,20250215,72,24.35,True,0.0,project_fact_sla_export.csv,2026-06-23T00:00:00,2629
SLA002630,WO002885,C012,SV4,A003,P3,20250615,20250618,20250618,72,67.78,True,0.0,project_fact_sla_export.csv,2026-06-23T00:00:00,2630
SLA002631,WO000432,C001,SV8,A002,P1,20250306,20250306,20250307,8,7.76,True,0.0,project_fact_sla_export.csv,2026-06-23T00:00:00,2631
SLA002632,WO001851,C019,SV4,A005,P3,20250615,20250618,20250618,72,53.56,True,0.0,project_fact_sla_export.csv,2026-06-23T00:00:00,2632
SLA002633,WO004216,C008,SV3,A004,P3,20250307,20250310,20250309,72,31.71,True,0.0,project_fact_sla_export.csv,2026-06-23T00:00:00,2633
SLA002634,WO002603,C012,SV3,A006,P3,20250626,20250629,20250628,72,28.47,True,0.0,project_fact_sla_export.csv,2026-06-23T00:00:00,2634
SLA002635,WO001771,C011,SV7,A002,P2,20250513,20250514,20250514,24,16.04,True,0.0,project_fact_sla_export.csv,2026-06-23T00:00:00,2635
SLA002636,WO001280,C005,SV8,A003,P3,20250513,20250516,20250518,72,100.13,False,28.13,project_fact_sla_export.csv,2026-06-23T00:00:00,2636
SLA002637,WO000243,C001,SV5,A001,P3,20250303,20250306,20250305,72,29.15,True,0.0,project_fact_sla_export.csv,2026-06-23T00:00:00,2637
SLA002638,WO004751,C008,SV2,A001,P3,20250129,20250201,20250131,72,44.55,True,0.0,project_fact_sla_export.csv,2026-06-23T00:00:00,2638
SLA002639,WO000136,C012,SV3,A001,P2,20250427,20250428,20250428,24,15.36,True,0.0,project_fact_sla_export.csv,2026-06-23T00:00:00,2639
SLA002640,WO000177,C020,SV1,A004,P3,20250222,20250225,20250224,72,30.01,True,0.0,project_fact_sla_export.csv,2026-06-23T00:00:00,2640
SLA002641,WO001880,C001,SV8,A005,P2,20250420,20250421,20250421,24,21.78,True,0.0,project_fact_sla_export.csv,2026-06-23T00:00:00,2641
SLA002642,WO003617,C012,SV4,A006,P4,20250409,20250414,20250412,120,71.49,True,0.0,project_fact_sla_export.csv,2026-06-23T00:00:00,2642
SLA002643,WO003655,C012,SV6,A003,P4,20250611,20250616,20250616,120,99.49,True,0.0,project_fact_sla_export.csv,2026-06-23T00:00:00,2643
SLA002644,WO004337,C012,SV8,A002,P3,20250503,20250506,20250506,72,58.75,True,0.0,project_fact_sla_export.csv,2026-06-23T00:00:00,2644
SLA002645,WO004168,C011,SV6,A004,P3,20250215,20250218,20250216,72,23.23,True,0.0,project_fact_sla_export.csv,2026-06-23T00:00:00,2645
SLA002646,WO002424,C012,SV1,A001,P3,20250303,20250306,20250306,72,67.6,True,0.0,project_fact_sla_export.csv,2026-06-23T00:00:00,2646
SLA002647,WO004573,C006,SV1,A002,P4,20250502,20250507,20250507,120,112.04,True,0.0,project_fact_sla_export.csv,2026-06-23T00:00:00,2647
SLA002648,WO002555,C006,SV8,A005,P3,20250301,20250304,20250303,72,45.65,True,0.0,project_fact_sla_export.csv,2026-06-23T00:00:00,2648
SLA002649,WO000319,C004,SV6,A003,P3,20250402,20250405,20250404,72,29.89,True,0.0,project_fact_sla_export.csv,2026-06-23T00:00:00,2649
SLA002650,WO000844,C020,SV8,A005,P3,20250102,20250105,20250105,72,52.68,True,0.0,project_fact_sla_export.csv,2026-06-23T00:00:00,2650
SLA002651,WO004731,C002,SV6,A005,P2,20250313,20250314,20250316,24,59.42,False,35.42,project_fact_sla_export.csv,2026-06-23T00:00:00,2651
SLA002652,WO000724,C020,SV2,A005,P2,20250421,20250422,20250422,24,13.3,True,0.0,project_fact_sla_export.csv,2026-06-23T00:00:00,2652
SLA002653,WO001581,C017,SV2,A002,P3,20250115,20250118,20250120,72,102.65,False,30.65,project_fact_sla_export.csv,2026-06-23T00:00:00,2653
SLA002654,WO003901,C010,SV7,A005,P4,20250404,20250409,20250406,120,31.64,True,0.0,project_fact_sla_export.csv,2026-06-23T00:00:00,2654
SLA002655,WO002547,C002,SV7,A005,P3,20250509,20250512,20250512,72,63.16,True,0.0,project_fact_sla_export.csv,2026-06-23T00:00:00,2655
SLA002656,WO004072,C013,SV1,A003,P1,20250212,20250212,20250213,8,3.32,True,0.0,project_fact_sla_export.csv,2026-06-23T00:00:00,2656
SLA002657,WO002730,C002,SV3,A005,P4,20250604,20250609,20250611,120,158.69,False,38.69,project_fact_sla_export.csv,2026-06-23T00:00:00,2657
SLA002658,WO003173,C005,SV3,A003,P4,20250225,20250302,20250228,120,66.69,True,0.0,project_fact_sla_export.csv,2026-06-23T00:00:00,2658
SLA002659,WO003787,C014,SV3,A002,P3,20250626,20250629,20250628,72,27.28,True,0.0,project_fact_sla_export.csv,2026-06-23T00:00:00,2659
SLA002660,WO004571,C016,SV5,A003,P4,20250629,20250704,20250630,120,138.1,False,18.1,project_fact_sla_export.csv,2026-06-23T00:00:00,2660
SLA002661,WO003309,C004,SV7,A005,P1,20250601,20250601,20250602,8,5.2,True,0.0,project_fact_sla_export.csv,2026-06-23T00:00:00,2661
SLA002662,WO004565,C001,SV5,A004,P3,20250115,20250118,20250117,72,26.82,True,0.0,project_fact_sla_export.csv,2026-06-23T00:00:00,2662
SLA002663,WO002531,C010,SV2,A005,P3,20250612,20250615,20250613,72,22.35,True,0.0,project_fact_sla_export.csv,2026-06-23T00:00:00,2663
SLA002664,WO002782,C008,SV3,A005,P2,20250609,20250610,20250611,24,32.11,False,8.11,project_fact_sla_export.csv,2026-06-23T00:00:00,2664
SLA002665,WO004338,C004,SV1,A001,P1,20250226,20250226,20250227,8,6.88,True,0.0,project_fact_sla_export.csv,2026-06-23T00:00:00,2665
SLA002666,WO000010,C001,SV8,A005,P3,20250105,20250108,20250110,72,105.63,False,33.63,project_fact_sla_export.csv,2026-06-23T00:00:00,2666
SLA002667,WO000026,C018,SV6,A005,P2,20250131,20250201,20250201,24,7.55,True,0.0,project_fact_sla_export.csv,2026-06-23T00:00:00,2667
SLA002668,WO003335,C019,SV2,A002,P4,20250401,20250406,20250412,120,257.25,False,137.25,project_fact_sla_export.csv,2026-06-23T00:00:00,2668
SLA002669,WO004311,C013,SV3,A005,P3,20250514,20250517,20250516,72,45.76,True,0.0,project_fact_sla_export.csv,2026-06-23T00:00:00,2669
SLA002670,WO000205,C014,SV3,A001,P3,20250511,20250514,20250514,72,49.98,True,0.0,project_fact_sla_export.csv,2026-06-23T00:00:00,2670
SLA002671,WO001858,C003,SV8,A005,P4,20250503,20250508,20250508,120,103.32,True,0.0,project_fact_sla_export.csv,2026-06-23T00:00:00,2671
SLA002672,WO000530,C018,SV5,A003,P1,20250402,20250402,20250403,8,5.18,True,0.0,project_fact_sla_export.csv,2026-06-23T00:00:00,2672
SLA002673,WO001754,C017,SV6,A001,P2,20250315,20250316,20250317,24,28.2,False,4.2,project_fact_sla_export.csv,2026-06-23T00:00:00,2673
SLA002674,WO004051,C008,SV5,A006,P2,20250608,20250609,20250609,24,6.71,True,0.0,project_fact_sla_export.csv,2026-06-23T00:00:00,2674
SLA002675,WO001735,C016,SV6,A004,P3,20250203,20250206,20250205,72,41.64,True,0.0,project_fact_sla_export.csv,2026-06-23T00:00:00,2675
SLA002676,WO002876,C007,SV5,A005,P3,20250409,20250412,20250411,72,46.96,True,0.0,project_fact_sla_export.csv,2026-06-23T00:00:00,2676
SLA002677,WO001692,C010,SV5,A005,P3,20250207,20250210,20250208,72,23.83,True,0.0,project_fact_sla_export.csv,2026-06-23T00:00:00,2677
SLA002678,WO004577,C012,SV2,A004,P2,20250507,20250508,20250508,24,14.76,True,0.0,project_fact_sla_export.csv,2026-06-23T00:00:00,2678
SLA002679,WO003118,C014,SV2,A001,P1,20250307,20250307,20250309,8,26.44,False,18.44,project_fact_sla_export.csv,2026-06-23T00:00:00,2679
SLA002680,WO001412,C006,SV5,A006,P3,20250611,20250614,20250613,72,25.08,True,0.0,project_fact_sla_export.csv,2026-06-23T00:00:00,2680
SLA002681,WO004041,C007,SV7,A002,P3,20250218,20250221,20250220,72,25.24,True,0.0,project_fact_sla_export.csv,2026-06-23T00:00:00,2681
SLA002682,WO004647,C011,SV4,A003,P4,20250614,20250619,20250620,120,134.04,False,14.04,project_fact_sla_export.csv,2026-06-23T00:00:00,2682
SLA002683,WO004063,C013,SV3,A005,P2,20250509,20250510,20250510,24,11.46,True,0.0,project_fact_sla_export.csv,2026-06-23T00:00:00,2683
SLA002684,WO002445,C007,SV3,A001,P2,20250513,20250514,20250514,24,10.8,True,0.0,project_fact_sla_export.csv,2026-06-23T00:00:00,2684
SLA002685,WO001461,C019,SV8,A005,P3,20250507,20250510,20250510,72,49.74,True,0.0,project_fact_sla_export.csv,2026-06-23T00:00:00,2685
SLA002686,WO001446,C019,SV5,A004,P4,20250112,20250117,20250116,120,75.95,True,0.0,project_fact_sla_export.csv,2026-06-23T00:00:00,2686
SLA002687,WO003718,C009,SV5,A004,P3,20250509,20250512,20250512,72,64.64,True,0.0,project_fact_sla_export.csv,2026-06-23T00:00:00,2687
SLA002688,WO002894,C001,SV4,A006,P1,20250330,20250330,20250331,8,3.27,True,0.0,project_fact_sla_export.csv,2026-06-23T00:00:00,2688
SLA002689,WO000470,C013,SV1,A004,P2,20250118,20250119,20250119,24,6.91,True,0.0,project_fact_sla_export.csv,2026-06-23T00:00:00,2689
SLA002690,WO003462,C011,SV5,A005,P3,20250627,20250630,20250629,72,29.99,True,0.0,project_fact_sla_export.csv,2026-06-23T00:00:00,2690
SLA002691,WO002014,C006,SV3,A001,P4,20250518,20250523,20250525,120,145.8,False,25.8,project_fact_sla_export.csv,2026-06-23T00:00:00,2691
SLA002692,WO004014,C016,SV2,A004,P4,20250117,20250122,20250123,120,134.72,False,14.72,project_fact_sla_export.csv,2026-06-23T00:00:00,2692
SLA002693,WO002366,C004,SV3,A005,P3,20250401,20250404,20250403,72,45.4,True,0.0,project_fact_sla_export.csv,2026-06-23T00:00:00,2693
SLA002694,WO000871,C019,SV6,A004,P2,20250513,20250514,20250514,24,23.03,True,0.0,project_fact_sla_export.csv,2026-06-23T00:00:00,2694
SLA002695,WO002342,C010,SV4,A005,P3,20250204,20250207,20250206,72,29.42,True,0.0,project_fact_sla_export.csv,2026-06-23T00:00:00,2695
SLA002696,WO004694,C012,SV4,A005,P3,20250411,20250414,20250414,72,56.39,True,0.0,project_fact_sla_export.csv,2026-06-23T00:00:00,2696
SLA002697,WO004623,C004,SV3,A003,P4,20250515,20250520,20250519,120,85.59,True,0.0,project_fact_sla_export.csv,2026-06-23T00:00:00,2697
SLA002698,WO000109,C017,SV6,A006,P3,20250412,20250415,20250414,72,37.18,True,0.0,project_fact_sla_export.csv,2026-06-23T00:00:00,2698
SLA002699,WO004912,C018,SV6,A006,P2,20250201,20250202,20250202,24,9.03,True,0.0,project_fact_sla_export.csv,2026-06-23T00:00:00,2699
SLA002700,WO001828,C001,SV7,A005,P3,20250107,20250110,20250112,72,99.2,False,27.2,project_fact_sla_export.csv,2026-06-23T00:00:00,2700
SLA002701,WO004772,C010,SV6,A001,P3,20250130,20250202,20250203,72,87.68,False,15.68,project_fact_sla_export.csv,2026-06-23T00:00:00,2701
SLA002702,WO000515,C002,SV7,A004,P1,20250130,20250130,20250131,8,4.37,True,0.0,project_fact_sla_export.csv,2026-06-23T00:00:00,2702
SLA002703,WO000767,C012,SV8,A006,P3,20250627,20250630,20250628,72,22.74,True,0.0,project_fact_sla_export.csv,2026-06-23T00:00:00,2703
SLA002704,WO004210,C006,SV7,A003,P4,20250401,20250406,20250410,120,200.46,False,80.46,project_fact_sla_export.csv,2026-06-23T00:00:00,2704
SLA002705,WO003789,C017,SV6,A006,P4,20250627,20250702,20250630,120,53.84,True,0.0,project_fact_sla_export.csv,2026-06-23T00:00:00,2705
SLA002706,WO000114,C013,SV5,A003,P1,20250617,20250617,20250618,8,3.76,True,0.0,project_fact_sla_export.csv,2026-06-23T00:00:00,2706
SLA002707,WO003087,C008,SV4,A003,P3,20250609,20250612,20250612,72,48.47,True,0.0,project_fact_sla_export.csv,2026-06-23T00:00:00,2707
SLA002708,WO004515,C004,SV8,A005,P1,20250424,20250424,20250425,8,7.48,True,0.0,project_fact_sla_export.csv,2026-06-23T00:00:00,2708
SLA002709,WO003974,C014,SV8,A005,P3,20250116,20250119,20250118,72,35.88,True,0.0,project_fact_sla_export.csv,2026-06-23T00:00:00,2709
SLA002710,WO000822,C009,SV3,A003,P3,20250319,20250322,20250321,72,25.99,True,0.0,project_fact_sla_export.csv,2026-06-23T00:00:00,2710
SLA002711,WO002362,C003,SV3,A006,P2,20250501,20250502,20250502,24,18.95,True,0.0,project_fact_sla_export.csv,2026-06-23T00:00:00,2711
SLA002712,WO001689,C008,SV2,A001,P1,20250130,20250130,20250131,8,8.8,False,0.8,project_fact_sla_export.csv,2026-06-23T00:00:00,2712
SLA002713,WO001480,C013,SV6,A002,P4,20250518,20250523,20250522,120,78.74,True,0.0,project_fact_sla_export.csv,2026-06-23T00:00:00,2713
SLA002714,WO004956,C008,SV3,A004,P2,20250308,20250309,20250309,24,12.25,True,0.0,project_fact_sla_export.csv,2026-06-23T00:00:00,2714
SLA002715,WO002929,C001,SV8,A002,P2,20250428,20250429,20250429,24,17.15,True,0.0,project_fact_sla_export.csv,2026-06-23T00:00:00,2715
SLA002716,WO004863,C009,SV5,A004,P2,20250430,20250501,20250501,24,18.17,True,0.0,project_fact_sla_export.csv,2026-06-23T00:00:00,2716
SLA002717,WO002120,C009,SV7,A001,P1,20250627,20250627,20250628,8,7.1,True,0.0,project_fact_sla_export.csv,2026-06-23T00:00:00,2717
SLA002718,WO003691,C013,SV4,A005,P2,20250304,20250305,20250305,24,11.09,True,0.0,project_fact_sla_export.csv,2026-06-23T00:00:00,2718
SLA002719,WO002755,C003,SV1,A005,P3,20250331,20250403,20250402,72,36.84,True,0.0,project_fact_sla_export.csv,2026-06-23T00:00:00,2719
SLA002720,WO004308,C006,SV6,A005,P2,20250130,20250131,20250131,24,13.68,True,0.0,project_fact_sla_export.csv,2026-06-23T00:00:00,2720
SLA002721,WO004230,C015,SV5,A006,P1,20250111,20250111,20250112,8,4.6,True,0.0,project_fact_sla_export.csv,2026-06-23T00:00:00,2721
SLA002722,WO000482,C009,SV7,A003,P4,20250120,20250125,20250124,120,76.68,True,0.0,project_fact_sla_export.csv,2026-06-23T00:00:00,2722
SLA002723,WO002817,C017,SV1,A003,P3,20250523,20250526,20250527,72,90.58,False,18.58,project_fact_sla_export.csv,2026-06-23T00:00:00,2723
SLA002724,WO004397,C019,SV2,A004,P4,20250620,20250625,20250624,120,91.47,True,0.0,project_fact_sla_export.csv,2026-06-23T00:00:00,2724
SLA002725,WO003529,C020,SV1,A004,P3,20250104,20250107,20250106,72,41.15,True,0.0,project_fact_sla_export.csv,2026-06-23T00:00:00,2725
SLA002726,WO004592,C019,SV5,A001,P1,20250112,20250112,20250113,8,11.34,False,3.34,project_fact_sla_export.csv,2026-06-23T00:00:00,2726
SLA002727,WO003694,C010,SV4,A006,P2,20250227,20250228,20250228,24,10.31,True,0.0,project_fact_sla_export.csv,2026-06-23T00:00:00,2727
SLA002728,WO002597,C001,SV2,A005,P3,20250530,20250602,20250601,72,33.41,True,0.0,project_fact_sla_export.csv,2026-06-23T00:00:00,2728
SLA002729,WO002886,C011,SV7,A001,P3,20250508,20250511,20250512,72,81.04,False,9.04,project_fact_sla_export.csv,2026-06-23T00:00:00,2729
SLA002730,WO002052,C017,SV2,A004,P4,20250617,20250622,20250621,120,85.16,True,0.0,project_fact_sla_export.csv,2026-06-23T00:00:00,2730
SLA002731,WO003909,C003,SV5,A005,P3,20250507,20250510,20250510,72,53.25,True,0.0,project_fact_sla_export.csv,2026-06-23T00:00:00,2731
SLA002732,WO004540,C017,SV7,A004,P2,20250222,20250223,20250224,24,26.79,False,2.79,project_fact_sla_export.csv,2026-06-23T00:00:00,2732
SLA002733,WO003430,C006,SV6,A006,P2,20250527,20250528,20250528,24,21.83,True,0.0,project_fact_sla_export.csv,2026-06-23T00:00:00,2733
SLA002734,WO000212,C003,SV1,A006,P2,20250504,20250505,20250505,24,13.13,True,0.0,project_fact_sla_export.csv,2026-06-23T00:00:00,2734
SLA002735,WO004015,C009,SV5,A003,P1,20250226,20250226,20250227,8,6.86,True,0.0,project_fact_sla_export.csv,2026-06-23T00:00:00,2735
SLA002736,WO001729,C018,SV4,A005,P2,20250516,20250517,20250517,24,18.47,True,0.0,project_fact_sla_export.csv,2026-06-23T00:00:00,2736
SLA002737,WO001425,C014,SV8,A004,P3,20250427,20250430,20250503,72,138.18,False,66.18,project_fact_sla_export.csv,2026-06-23T00:00:00,2737
SLA002738,WO002371,C005,SV5,A004,P4,20250125,20250130,20250131,120,130.94,False,10.94,project_fact_sla_export.csv,2026-06-23T00:00:00,2738
SLA002739,WO002050,C010,SV3,A004,P1,20250530,20250530,20250531,8,5.23,True,0.0,project_fact_sla_export.csv,2026-06-23T00:00:00,2739
SLA002740,WO003339,C010,SV6,A004,P3,20250201,20250204,20250202,72,21.73,True,0.0,project_fact_sla_export.csv,2026-06-23T00:00:00,2740
SLA002741,WO004695,C012,SV2,A006,P4,20250223,20250228,20250226,120,50.56,True,0.0,project_fact_sla_export.csv,2026-06-23T00:00:00,2741
SLA002742,WO004609,C014,SV2,A006,P3,20250402,20250405,20250404,72,38.14,True,0.0,project_fact_sla_export.csv,2026-06-23T00:00:00,2742
SLA002743,WO000169,C015,SV3,A003,P3,20250506,20250509,20250508,72,38.62,True,0.0,project_fact_sla_export.csv,2026-06-23T00:00:00,2743
SLA002744,WO002287,C005,SV2,A005,P2,20250222,20250223,20250223,24,5.89,True,0.0,project_fact_sla_export.csv,2026-06-23T00:00:00,2744
SLA002745,WO004396,C003,SV8,A002,P3,20250225,20250228,20250302,72,106.15,False,34.15,project_fact_sla_export.csv,2026-06-23T00:00:00,2745
SLA002746,WO001029,C013,SV6,A002,P3,20250518,20250521,20250520,72,31.86,True,0.0,project_fact_sla_export.csv,2026-06-23T00:00:00,2746
SLA002747,WO002450,C017,SV8,A005,P2,20250424,20250425,20250425,24,7.19,True,0.0,project_fact_sla_export.csv,2026-06-23T00:00:00,2747
SLA002748,WO002727,C003,SV8,A002,P1,20250111,20250111,20250112,8,3.44,True,0.0,project_fact_sla_export.csv,2026-06-23T00:00:00,2748
SLA002749,WO004108,C009,SV6,A002,P4,20250405,20250410,20250410,120,104.92,True,0.0,project_fact_sla_export.csv,2026-06-23T00:00:00,2749
SLA002750,WO002067,C020,SV1,A004,P2,20250206,20250207,20250207,24,16.97,True,0.0,project_fact_sla_export.csv,2026-06-23T00:00:00,2750
SLA002751,WO003000,C004,SV6,A004,P2,20250416,20250417,20250418,24,24.9,False,0.9,project_fact_sla_export.csv,2026-06-23T00:00:00,2751
SLA002752,WO002651,C001,SV3,A001,P3,20250405,20250408,20250408,72,61.83,True,0.0,project_fact_sla_export.csv,2026-06-23T00:00:00,2752
SLA002753,WO002758,C017,SV5,A006,P2,20250223,20250224,20250225,24,31.62,False,7.62,project_fact_sla_export.csv,2026-06-23T00:00:00,2753
SLA002754,WO002454,C013,SV2,A003,P3,20250521,20250524,20250524,72,54.71,True,0.0,project_fact_sla_export.csv,2026-06-23T00:00:00,2754
SLA002755,WO004715,C016,SV7,A005,P3,20250611,20250614,20250613,72,34.57,True,0.0,project_fact_sla_export.csv,2026-06-23T00:00:00,2755
SLA002756,WO001702,C008,SV4,A003,P2,20250321,20250322,20250322,24,15.3,True,0.0,project_fact_sla_export.csv,2026-06-23T00:00:00,2756
SLA002757,WO002042,C020,SV1,A006,P2,20250216,20250217,20250218,24,26.02,False,2.02,project_fact_sla_export.csv,2026-06-23T00:00:00,2757
SLA002758,WO003002,C010,SV7,A001,P3,20250225,20250228,20250301,72,86.78,False,14.78,project_fact_sla_export.csv,2026-06-23T00:00:00,2758
SLA002759,WO002081,C015,SV8,A001,P2,20250219,20250220,20250221,24,29.78,False,5.78,project_fact_sla_export.csv,2026-06-23T00:00:00,2759
SLA002760,WO003575,C012,SV8,A003,P2,20250325,20250326,20250328,24,63.94,False,39.94,project_fact_sla_export.csv,2026-06-23T00:00:00,2760
SLA002761,WO001431,C001,SV3,A005,P3,20250525,20250528,20250528,72,57.72,True,0.0,project_fact_sla_export.csv,2026-06-23T00:00:00,2761
SLA002762,WO004219,C007,SV6,A004,P4,20250106,20250111,20250108,120,34.54,True,0.0,project_fact_sla_export.csv,2026-06-23T00:00:00,2762
SLA002763,WO001902,C016,SV4,A005,P3,20250107,20250110,20250113,72,126.54,False,54.54,project_fact_sla_export.csv,2026-06-23T00:00:00,2763
SLA002764,WO002047,C014,SV5,A002,P2,20250409,20250410,20250410,24,15.68,True,0.0,project_fact_sla_export.csv,2026-06-23T00:00:00,2764
SLA002765,WO002292,C010,SV3,A006,P1,20250510,20250510,20250511,8,6.02,True,0.0,project_fact_sla_export.csv,2026-06-23T00:00:00,2765
SLA002766,WO003987,C018,SV5,A004,P3,20250512,20250515,20250513,72,22.83,True,0.0,project_fact_sla_export.csv,2026-06-23T00:00:00,2766
SLA002767,WO001144,C019,SV5,A001,P2,20250321,20250322,20250322,24,12.56,True,0.0,project_fact_sla_export.csv,2026-06-23T00:00:00,2767
SLA002768,WO004537,C004,SV2,A006,P2,20250218,20250219,20250220,24,25.57,False,1.57,project_fact_sla_export.csv,2026-06-23T00:00:00,2768
SLA002769,WO000269,C004,SV3,A005,P3,20250331,20250403,20250401,72,13.21,True,0.0,project_fact_sla_export.csv,2026-06-23T00:00:00,2769
SLA002770,WO004021,C017,SV8,A005,P3,20250409,20250412,20250412,72,49.91,True,0.0,project_fact_sla_export.csv,2026-06-23T00:00:00,2770
SLA002771,WO001719,C004,SV3,A005,P3,20250528,20250531,20250601,72,94.84,False,22.84,project_fact_sla_export.csv,2026-06-23T00:00:00,2771
SLA002772,WO004086,C019,SV1,A001,P3,20250105,20250108,20250107,72,25.33,True,0.0,project_fact_sla_export.csv,2026-06-23T00:00:00,2772
SLA002773,WO000320,C006,SV6,A006,P2,20250609,20250610,20250610,24,14.2,True,0.0,project_fact_sla_export.csv,2026-06-23T00:00:00,2773
SLA002774,WO002084,C002,SV3,A005,P2,20250422,20250423,20250423,24,9.92,True,0.0,project_fact_sla_export.csv,2026-06-23T00:00:00,2774
SLA002775,WO004023,C003,SV6,A005,P2,20250308,20250309,20250309,24,22.59,True,0.0,project_fact_sla_export.csv,2026-06-23T00:00:00,2775
SLA002776,WO002021,C011,SV2,A006,P3,20250422,20250425,20250427,72,101.25,False,29.25,project_fact_sla_export.csv,2026-06-23T00:00:00,2776
SLA002777,WO003153,C020,SV7,A005,P3,20250629,20250702,20250630,72,29.88,True,0.0,project_fact_sla_export.csv,2026-06-23T00:00:00,2777
SLA002778,WO001588,C018,SV1,A003,P1,20250613,20250613,20250614,8,5.56,True,0.0,project_fact_sla_export.csv,2026-06-23T00:00:00,2778
SLA002779,WO000228,C004,SV1,A002,P2,20250625,20250626,20250626,24,17.55,True,0.0,project_fact_sla_export.csv,2026-06-23T00:00:00,2779
SLA002780,WO004479,C003,SV7,A002,P2,20250321,20250322,20250322,24,13.98,True,0.0,project_fact_sla_export.csv,2026-06-23T00:00:00,2780
SLA002781,WO004170,C013,SV3,A001,P2,20250205,20250206,20250206,24,21.48,True,0.0,project_fact_sla_export.csv,2026-06-23T00:00:00,2781
SLA002782,WO000441,C006,SV1,A004,P2,20250504,20250505,20250505,24,19.13,True,0.0,project_fact_sla_export.csv,2026-06-23T00:00:00,2782
SLA002783,WO001279,C010,SV2,A005,P3,20250528,20250531,20250531,72,67.08,True,0.0,project_fact_sla_export.csv,2026-06-23T00:00:00,2783
SLA002784,WO001282,C009,SV3,A004,P4,20250607,20250612,20250611,120,90.0,True,0.0,project_fact_sla_export.csv,2026-06-23T00:00:00,2784
SLA002785,WO004261,C014,SV6,A004,P2,20250228,20250301,20250301,24,20.19,True,0.0,project_fact_sla_export.csv,2026-06-23T00:00:00,2785
SLA002786,WO002512,C012,SV7,A003,P4,20250514,20250519,20250516,120,29.97,True,0.0,project_fact_sla_export.csv,2026-06-23T00:00:00,2786
SLA002787,WO001601,C015,SV3,A006,P3,20250324,20250327,20250325,72,19.93,True,0.0,project_fact_sla_export.csv,2026-06-23T00:00:00,2787
SLA002788,WO002948,C005,SV3,A001,P4,20250411,20250416,20250413,120,47.39,True,0.0,project_fact_sla_export.csv,2026-06-23T00:00:00,2788
SLA002789,WO004059,C005,SV4,A004,P2,20250403,20250404,20250404,24,9.13,True,0.0,project_fact_sla_export.csv,2026-06-23T00:00:00,2789
SLA002790,WO000811,C017,SV5,A005,P3,20250614,20250617,20250616,72,44.59,True,0.0,project_fact_sla_export.csv,2026-06-23T00:00:00,2790
SLA002791,WO000158,C012,SV5,A005,P4,20250206,20250211,20250209,120,58.85,True,0.0,project_fact_sla_export.csv,2026-06-23T00:00:00,2791
SLA002792,WO001765,C015,SV3,A001,P3,20250215,20250218,20250217,72,27.91,True,0.0,project_fact_sla_export.csv,2026-06-23T00:00:00,2792
SLA002793,WO004156,C006,SV1,A006,P2,20250331,20250401,20250402,24,27.5,False,3.5,project_fact_sla_export.csv,2026-06-23T00:00:00,2793
SLA002794,WO000059,C002,SV7,A005,P4,20250304,20250309,20250310,120,120.39,False,0.39,project_fact_sla_export.csv,2026-06-23T00:00:00,2794
SLA002795,WO004217,C020,SV2,A004,P2,20250405,20250406,20250406,24,9.35,True,0.0,project_fact_sla_export.csv,2026-06-23T00:00:00,2795
SLA002796,WO001546,C015,SV8,A004,P4,20250419,20250424,20250423,120,95.58,True,0.0,project_fact_sla_export.csv,2026-06-23T00:00:00,2796
SLA002797,WO004990,C005,SV2,A004,P2,20250116,20250117,20250117,24,11.51,True,0.0,project_fact_sla_export.csv,2026-06-23T00:00:00,2797
SLA002798,WO002871,C010,SV3,A006,P2,20250306,20250307,20250308,24,24.68,False,0.68,project_fact_sla_export.csv,2026-06-23T00:00:00,2798
SLA002799,WO002103,C014,SV1,A005,P2,20250413,20250414,20250414,24,18.38,True,0.0,project_fact_sla_export.csv,2026-06-23T00:00:00,2799
SLA002800,WO004532,C010,SV3,A002,P3,20250207,20250210,20250211,72,93.37,False,21.37,project_fact_sla_export.csv,2026-06-23T00:00:00,2800
SLA002801,WO001397,C003,SV5,A001,P3,20250503,20250506,20250507,72,76.81,False,4.81,project_fact_sla_export.csv,2026-06-23T00:00:00,2801
SLA002802,WO000848,C008,SV6,A005,P2,20250110,20250111,20250112,24,26.24,False,2.24,project_fact_sla_export.csv,2026-06-23T00:00:00,2802
SLA002803,WO003265,C002,SV5,A001,P4,20250130,20250204,20250203,120,77.46,True,0.0,project_fact_sla_export.csv,2026-06-23T00:00:00,2803
SLA002804,WO004848,C004,SV6,A003,P2,20250313,20250314,20250314,24,15.42,True,0.0,project_fact_sla_export.csv,2026-06-23T00:00:00,2804
SLA002805,WO001816,C016,SV7,A004,P1,20250215,20250215,20250216,8,4.9,True,0.0,project_fact_sla_export.csv,2026-06-23T00:00:00,2805
SLA002806,WO002263,C007,SV5,A002,P2,20250413,20250414,20250414,24,8.37,True,0.0,project_fact_sla_export.csv,2026-06-23T00:00:00,2806
SLA002807,WO003784,C014,SV1,A003,P3,20250426,20250429,20250429,72,66.36,True,0.0,project_fact_sla_export.csv,2026-06-23T00:00:00,2807
SLA002808,WO001703,C011,SV8,A005,P4,20250213,20250218,20250218,120,107.52,True,0.0,project_fact_sla_export.csv,2026-06-23T00:00:00,2808
SLA002809,WO002600,C008,SV6,A002,P3,20250128,20250131,20250131,72,68.91,True,0.0,project_fact_sla_export.csv,2026-06-23T00:00:00,2809
SLA002810,WO004148,C020,SV8,A005,P2,20250505,20250506,20250506,24,18.89,True,0.0,project_fact_sla_export.csv,2026-06-23T00:00:00,2810
SLA002811,WO002918,C005,SV2,A005,P3,20250421,20250424,20250426,72,104.94,False,32.94,project_fact_sla_export.csv,2026-06-23T00:00:00,2811
SLA002812,WO004355,C012,SV8,A003,P3,20250602,20250605,20250604,72,35.53,True,0.0,project_fact_sla_export.csv,2026-06-23T00:00:00,2812
SLA002813,WO002556,C009,SV3,A005,P2,20250417,20250418,20250418,24,13.64,True,0.0,project_fact_sla_export.csv,2026-06-23T00:00:00,2813
SLA002814,WO003585,C011,SV7,A005,P2,20250520,20250521,20250521,24,14.35,True,0.0,project_fact_sla_export.csv,2026-06-23T00:00:00,2814
SLA002815,WO004849,C007,SV4,A003,P2,20250315,20250316,20250316,24,10.37,True,0.0,project_fact_sla_export.csv,2026-06-23T00:00:00,2815
SLA002816,WO000221,C019,SV4,A005,P2,20250216,20250217,20250217,24,7.92,True,0.0,project_fact_sla_export.csv,2026-06-23T00:00:00,2816
SLA002817,WO003541,C014,SV2,A001,P2,20250121,20250122,20250123,24,29.98,False,5.98,project_fact_sla_export.csv,2026-06-23T00:00:00,2817
SLA002818,WO002822,C020,SV7,A004,P2,20250513,20250514,20250515,24,25.45,False,1.45,project_fact_sla_export.csv,2026-06-23T00:00:00,2818
SLA002819,WO000229,C001,SV7,A005,P2,20250418,20250419,20250419,24,16.18,True,0.0,project_fact_sla_export.csv,2026-06-23T00:00:00,2819
SLA002820,WO000609,C001,SV8,A001,P3,20250215,20250218,20250218,72,54.61,True,0.0,project_fact_sla_export.csv,2026-06-23T00:00:00,2820
SLA002821,WO001218,C006,SV2,A005,P1,20250228,20250228,20250301,8,4.37,True,0.0,project_fact_sla_export.csv,2026-06-23T00:00:00,2821
SLA002822,WO001180,C008,SV6,A005,P3,20250416,20250419,20250419,72,59.38,True,0.0,project_fact_sla_export.csv,2026-06-23T00:00:00,2822
SLA002823,WO003726,C014,SV1,A005,P3,20250101,20250104,20250103,72,30.54,True,0.0,project_fact_sla_export.csv,2026-06-23T00:00:00,2823
SLA002824,WO003282,C011,SV6,A006,P3,20250430,20250503,20250503,72,53.08,True,0.0,project_fact_sla_export.csv,2026-06-23T00:00:00,2824
SLA002825,WO003581,C016,SV6,A001,P3,20250423,20250426,20250428,72,96.04,False,24.04,project_fact_sla_export.csv,2026-06-23T00:00:00,2825
SLA002826,WO000310,C020,SV4,A005,P1,20250520,20250520,20250521,8,3.42,True,0.0,project_fact_sla_export.csv,2026-06-23T00:00:00,2826
SLA002827,WO003482,C014,SV5,A001,P2,20250114,20250115,20250116,24,24.67,False,0.67,project_fact_sla_export.csv,2026-06-23T00:00:00,2827
SLA002828,WO002757,C004,SV7,A002,P4,20250205,20250210,20250209,120,74.84,True,0.0,project_fact_sla_export.csv,2026-06-23T00:00:00,2828
SLA002829,WO004569,C015,SV2,A004,P4,20250307,20250312,20250310,120,69.49,True,0.0,project_fact_sla_export.csv,2026-06-23T00:00:00,2829
SLA002830,WO004000,C004,SV6,A001,P3,20250212,20250215,20250214,72,42.33,True,0.0,project_fact_sla_export.csv,2026-06-23T00:00:00,2830
SLA002831,WO002959,C019,SV1,A005,P1,20250625,20250625,20250626,8,8.36,False,0.36,project_fact_sla_export.csv,2026-06-23T00:00:00,2831
SLA002832,WO003764,C019,SV4,A004,P1,20250109,20250109,20250110,8,2.82,True,0.0,project_fact_sla_export.csv,2026-06-23T00:00:00,2832
SLA002833,WO002641,C005,SV5,A002,P3,20250527,20250530,20250529,72,38.46,True,0.0,project_fact_sla_export.csv,2026-06-23T00:00:00,2833
SLA002834,WO001932,C004,SV4,A003,P3,20250302,20250305,20250306,72,79.99,False,7.99,project_fact_sla_export.csv,2026-06-23T00:00:00,2834
SLA002835,WO001603,C018,SV1,A002,P1,20250406,20250406,20250407,8,6.3,True,0.0,project_fact_sla_export.csv,2026-06-23T00:00:00,2835
SLA002836,WO002938,C008,SV7,A003,P3,20250225,20250228,20250227,72,47.15,True,0.0,project_fact_sla_export.csv,2026-06-23T00:00:00,2836
SLA002837,WO003334,C016,SV4,A001,P1,20250406,20250406,20250407,8,8.98,False,0.98,project_fact_sla_export.csv,2026-06-23T00:00:00,2837
SLA002838,WO004855,C006,SV6,A006,P3,20250606,20250609,20250608,72,31.85,True,0.0,project_fact_sla_export.csv,2026-06-23T00:00:00,2838
SLA002839,WO001916,C011,SV1,A002,P4,20250619,20250624,20250625,120,122.78,False,2.78,project_fact_sla_export.csv,2026-06-23T00:00:00,2839
SLA002840,WO002881,C002,SV6,A004,P3,20250122,20250125,20250123,72,19.47,True,0.0,project_fact_sla_export.csv,2026-06-23T00:00:00,2840
SLA002841,WO004724,C013,SV8,A005,P2,20250622,20250623,20250623,24,14.69,True,0.0,project_fact_sla_export.csv,2026-06-23T00:00:00,2841
SLA002842,WO001860,C001,SV6,A005,P2,20250603,20250604,20250604,24,12.53,True,0.0,project_fact_sla_export.csv,2026-06-23T00:00:00,2842
SLA002843,WO001558,C009,SV4,A001,P2,20250508,20250509,20250510,24,45.98,False,21.98,project_fact_sla_export.csv,2026-06-23T00:00:00,2843
SLA002844,WO001564,C006,SV8,A006,P2,20250606,20250607,20250608,24,28.52,False,4.52,project_fact_sla_export.csv,2026-06-23T00:00:00,2844
SLA002845,WO000334,C005,SV6,A003,P3,20250312,20250315,20250315,72,50.05,True,0.0,project_fact_sla_export.csv,2026-06-23T00:00:00,2845
SLA002846,WO003833,C012,SV4,A003,P4,20250510,20250515,20250515,120,101.26,True,0.0,project_fact_sla_export.csv,2026-06-23T00:00:00,2846
SLA002847,WO004434,C006,SV4,A005,P4,20250131,20250205,20250204,120,73.98,True,0.0,project_fact_sla_export.csv,2026-06-23T00:00:00,2847
SLA002848,WO001086,C008,SV8,A006,P3,20250407,20250410,20250409,72,41.32,True,0.0,project_fact_sla_export.csv,2026-06-23T00:00:00,2848
SLA002849,WO000233,C005,SV2,A005,P4,20250222,20250227,20250227,120,103.78,True,0.0,project_fact_sla_export.csv,2026-06-23T00:00:00,2849
SLA002850,WO002949,C011,SV8,A001,P2,20250312,20250313,20250314,24,46.98,False,22.98,project_fact_sla_export.csv,2026-06-23T00:00:00,2850
SLA002851,WO001309,C009,SV2,A001,P3,20250221,20250224,20250225,72,85.82,False,13.82,project_fact_sla_export.csv,2026-06-23T00:00:00,2851
SLA002852,WO000203,C014,SV1,A004,P3,20250528,20250531,20250530,72,47.87,True,0.0,project_fact_sla_export.csv,2026-06-23T00:00:00,2852
SLA002853,WO004808,C018,SV6,A005,P3,20250223,20250226,20250226,72,69.4,True,0.0,project_fact_sla_export.csv,2026-06-23T00:00:00,2853
SLA002854,WO002399,C013,SV4,A005,P3,20250113,20250116,20250115,72,37.16,True,0.0,project_fact_sla_export.csv,2026-06-23T00:00:00,2854
SLA002855,WO003133,C015,SV3,A005,P3,20250309,20250312,20250315,72,133.09,False,61.09,project_fact_sla_export.csv,2026-06-23T00:00:00,2855
SLA002856,WO004658,C012,SV7,A003,P4,20250610,20250615,20250614,120,80.27,True,0.0,project_fact_sla_export.csv,2026-06-23T00:00:00,2856
SLA002857,WO000570,C004,SV7,A006,P2,20250425,20250426,20250426,24,8.96,True,0.0,project_fact_sla_export.csv,2026-06-23T00:00:00,2857
SLA002858,WO003464,C003,SV4,A005,P4,20250129,20250203,20250201,120,48.32,True,0.0,project_fact_sla_export.csv,2026-06-23T00:00:00,2858
SLA002859,WO000792,C008,SV1,A005,P3,20250320,20250323,20250322,72,38.06,True,0.0,project_fact_sla_export.csv,2026-06-23T00:00:00,2859
SLA002860,WO002593,C016,SV6,A005,P3,20250313,20250316,20250317,72,84.83,False,12.83,project_fact_sla_export.csv,2026-06-23T00:00:00,2860
SLA002861,WO004339,C018,SV2,A003,P2,20250317,20250318,20250319,24,32.94,False,8.94,project_fact_sla_export.csv,2026-06-23T00:00:00,2861
SLA002862,WO003537,C011,SV4,A005,P2,20250130,20250131,20250202,24,50.07,False,26.07,project_fact_sla_export.csv,2026-06-23T00:00:00,2862
SLA002863,WO000670,C006,SV4,A003,P3,20250621,20250624,20250623,72,36.87,True,0.0,project_fact_sla_export.csv,2026-06-23T00:00:00,2863
SLA002864,WO003672,C001,SV5,A004,P3,20250521,20250524,20250523,72,33.08,True,0.0,project_fact_sla_export.csv,2026-06-23T00:00:00,2864
SLA002865,WO004531,C005,SV7,A005,P4,20250103,20250108,20250106,120,65.94,True,0.0,project_fact_sla_export.csv,2026-06-23T00:00:00,2865
SLA002866,WO000267,C008,SV6,A005,P1,20250320,20250320,20250321,8,4.52,True,0.0,project_fact_sla_export.csv,2026-06-23T00:00:00,2866
SLA002867,WO000024,C002,SV6,A001,P4,20250301,20250306,20250309,120,170.46,False,50.46,project_fact_sla_export.csv,2026-06-23T00:00:00,2867
SLA002868,WO000044,C002,SV6,A002,P1,20250214,20250214,20250215,8,7.36,True,0.0,project_fact_sla_export.csv,2026-06-23T00:00:00,2868
SLA002869,WO002365,C004,SV7,A004,P3,20250217,20250220,20250219,72,37.88,True,0.0,project_fact_sla_export.csv,2026-06-23T00:00:00,2869
SLA002870,WO000979,C009,SV5,A005,P2,20250203,20250204,20250204,24,23.06,True,0.0,project_fact_sla_export.csv,2026-06-23T00:00:00,2870
SLA002871,WO000896,C007,SV8,A003,P4,20250125,20250130,20250128,120,65.1,True,0.0,project_fact_sla_export.csv,2026-06-23T00:00:00,2871
SLA002872,WO002986,C007,SV5,A005,P4,20250103,20250108,20250107,120,86.62,True,0.0,project_fact_sla_export.csv,2026-06-23T00:00:00,2872
SLA002873,WO001574,C015,SV1,A002,P3,20250328,20250331,20250401,72,75.61,False,3.61,project_fact_sla_export.csv,2026-06-23T00:00:00,2873
SLA002874,WO000970,C003,SV3,A005,P2,20250130,20250131,20250131,24,14.34,True,0.0,project_fact_sla_export.csv,2026-06-23T00:00:00,2874
SLA002875,WO001159,C008,SV8,A005,P3,20250216,20250219,20250220,72,78.27,False,6.27,project_fact_sla_export.csv,2026-06-23T00:00:00,2875
SLA002876,WO002170,C005,SV8,A005,P3,20250617,20250620,20250619,72,37.87,True,0.0,project_fact_sla_export.csv,2026-06-23T00:00:00,2876
SLA002877,WO002431,C003,SV3,A005,P1,20250513,20250513,20250514,8,18.3,False,10.3,project_fact_sla_export.csv,2026-06-23T00:00:00,2877
SLA002878,WO000630,C007,SV7,A006,P4,20250404,20250409,20250408,120,76.77,True,0.0,project_fact_sla_export.csv,2026-06-23T00:00:00,2878
SLA002879,WO001672,C020,SV5,A005,P2,20250212,20250213,20250213,24,10.63,True,0.0,project_fact_sla_export.csv,2026-06-23T00:00:00,2879
SLA002880,WO000254,C003,SV5,A002,P3,20250612,20250615,20250615,72,51.0,True,0.0,project_fact_sla_export.csv,2026-06-23T00:00:00,2880
SLA002881,WO004835,C010,SV6,A001,P3,20250620,20250623,20250623,72,67.75,True,0.0,project_fact_sla_export.csv,2026-06-23T00:00:00,2881
SLA002882,WO001780,C012,SV5,A003,P2,20250402,20250403,20250403,24,17.84,True,0.0,project_fact_sla_export.csv,2026-06-23T00:00:00,2882
SLA002883,WO002026,C020,SV5,A005,P4,20250228,20250305,20250306,120,137.0,False,17.0,project_fact_sla_export.csv,2026-06-23T00:00:00,2883
SLA002884,WO001154,C019,SV5,A004,P3,20250227,20250302,20250302,72,71.84,True,0.0,project_fact_sla_export.csv,2026-06-23T00:00:00,2884
SLA002885,WO002131,C009,SV6,A003,P3,20250116,20250119,20250118,72,32.97,True,0.0,project_fact_sla_export.csv,2026-06-23T00:00:00,2885
SLA002886,WO004908,C011,SV4,A005,P3,20250625,20250628,20250630,72,101.51,False,29.51,project_fact_sla_export.csv,2026-06-23T00:00:00,2886
SLA002887,WO001028,C012,SV6,A005,P3,20250422,20250425,20250423,72,18.24,True,0.0,project_fact_sla_export.csv,2026-06-23T00:00:00,2887
SLA002888,WO003840,C004,SV3,A005,P4,20250418,20250423,20250421,120,50.88,True,0.0,project_fact_sla_export.csv,2026-06-23T00:00:00,2888
SLA002889,WO004587,C008,SV4,A005,P2,20250118,20250119,20250119,24,21.2,True,0.0,project_fact_sla_export.csv,2026-06-23T00:00:00,2889
SLA002890,WO004426,C015,SV2,A005,P2,20250628,20250629,20250629,24,16.28,True,0.0,project_fact_sla_export.csv,2026-06-23T00:00:00,2890
SLA002891,WO003175,C004,SV6,A004,P3,20250524,20250527,20250527,72,58.49,True,0.0,project_fact_sla_export.csv,2026-06-23T00:00:00,2891
SLA002892,WO004858,C001,SV8,A006,P1,20250114,20250114,20250115,8,4.18,True,0.0,project_fact_sla_export.csv,2026-06-23T00:00:00,2892
SLA002893,WO002152,C007,SV7,A005,P1,20250409,20250409,20250410,8,7.81,True,0.0,project_fact_sla_export.csv,2026-06-23T00:00:00,2893
SLA002894,WO003922,C020,SV6,A005,P4,20250204,20250209,20250207,120,58.92,True,0.0,project_fact_sla_export.csv,2026-06-23T00:00:00,2894
SLA002895,WO000520,C009,SV1,A005,P4,20250419,20250424,20250422,120,56.34,True,0.0,project_fact_sla_export.csv,2026-06-23T00:00:00,2895
SLA002896,WO002901,C017,SV8,A001,P2,20250601,20250602,20250603,24,24.96,False,0.96,project_fact_sla_export.csv,2026-06-23T00:00:00,2896
SLA002897,WO004353,C015,SV5,A005,P2,20250511,20250512,20250512,24,6.74,True,0.0,project_fact_sla_export.csv,2026-06-23T00:00:00,2897
SLA002898,WO000847,C009,SV7,A005,P2,20250402,20250403,20250403,24,9.0,True,0.0,project_fact_sla_export.csv,2026-06-23T00:00:00,2898
SLA002899,WO000227,C017,SV8,A003,P3,20250403,20250406,20250404,72,14.23,True,0.0,project_fact_sla_export.csv,2026-06-23T00:00:00,2899
SLA002900,WO003606,C012,SV5,A003,P2,20250402,20250403,20250404,24,24.98,False,0.98,project_fact_sla_export.csv,2026-06-23T00:00:00,2900
SLA002901,WO002012,C012,SV2,A005,P4,20250220,20250225,20250223,120,59.65,True,0.0,project_fact_sla_export.csv,2026-06-23T00:00:00,2901
SLA002902,WO002733,C020,SV1,A005,P2,20250524,20250525,20250526,24,31.33,False,7.33,project_fact_sla_export.csv,2026-06-23T00:00:00,2902
SLA002903,WO004001,C004,SV8,A005,P2,20250413,20250414,20250414,24,16.25,True,0.0,project_fact_sla_export.csv,2026-06-23T00:00:00,2903
SLA002904,WO002257,C016,SV8,A005,P3,20250327,20250330,20250328,72,18.07,True,0.0,project_fact_sla_export.csv,2026-06-23T00:00:00,2904
SLA002905,WO002306,C015,SV6,A005,P3,20250521,20250524,20250524,72,58.01,True,0.0,project_fact_sla_export.csv,2026-06-23T00:00:00,2905
SLA002906,WO000204,C001,SV3,A004,P4,20250514,20250519,20250516,120,26.31,True,0.0,project_fact_sla_export.csv,2026-06-23T00:00:00,2906
SLA002907,WO004620,C006,SV3,A005,P4,20250228,20250305,20250307,120,146.72,False,26.72,project_fact_sla_export.csv,2026-06-23T00:00:00,2907
SLA002908,WO004546,C004,SV3,A004,P3,20250628,20250701,20250630,72,52.83,True,0.0,project_fact_sla_export.csv,2026-06-23T00:00:00,2908
SLA002909,WO000208,C005,SV2,A004,P4,20250126,20250131,20250129,120,64.56,True,0.0,project_fact_sla_export.csv,2026-06-23T00:00:00,2909
SLA002910,WO002139,C010,SV2,A005,P3,20250218,20250221,20250220,72,41.44,True,0.0,project_fact_sla_export.csv,2026-06-23T00:00:00,2910
SLA002911,WO001560,C009,SV5,A003,P2,20250515,20250516,20250516,24,10.65,True,0.0,project_fact_sla_export.csv,2026-06-23T00:00:00,2911
SLA002912,WO002254,C006,SV7,A005,P3,20250315,20250318,20250317,72,30.17,True,0.0,project_fact_sla_export.csv,2026-06-23T00:00:00,2912
SLA002913,WO004632,C016,SV1,A004,P4,20250622,20250627,20250626,120,83.18,True,0.0,project_fact_sla_export.csv,2026-06-23T00:00:00,2913
SLA002914,WO004586,C001,SV2,A001,P2,20250202,20250203,20250204,24,39.65,False,15.65,project_fact_sla_export.csv,2026-06-23T00:00:00,2914
SLA002915,WO000172,C008,SV2,A004,P4,20250507,20250512,20250510,120,65.74,True,0.0,project_fact_sla_export.csv,2026-06-23T00:00:00,2915
SLA002916,WO002045,C015,SV5,A003,P1,20250313,20250313,20250314,8,10.09,False,2.09,project_fact_sla_export.csv,2026-06-23T00:00:00,2916
SLA002917,WO002010,C010,SV8,A005,P1,20250529,20250529,20250530,8,3.32,True,0.0,project_fact_sla_export.csv,2026-06-23T00:00:00,2917
SLA002918,WO004113,C018,SV2,A006,P3,20250606,20250609,20250610,72,81.5,False,9.5,project_fact_sla_export.csv,2026-06-23T00:00:00,2918
SLA002919,WO001936,C014,SV7,A001,P4,20250118,20250123,20250122,120,79.35,True,0.0,project_fact_sla_export.csv,2026-06-23T00:00:00,2919
SLA002920,WO002825,C002,SV5,A004,P4,20250622,20250627,20250624,120,47.31,True,0.0,project_fact_sla_export.csv,2026-06-23T00:00:00,2920
SLA002921,WO003973,C002,SV3,A001,P3,20250619,20250622,20250621,72,39.69,True,0.0,project_fact_sla_export.csv,2026-06-23T00:00:00,2921
SLA002922,WO001597,C009,SV6,A005,P2,20250521,20250522,20250522,24,17.05,True,0.0,project_fact_sla_export.csv,2026-06-23T00:00:00,2922
SLA002923,WO004239,C006,SV7,A004,P3,20250614,20250617,20250616,72,43.86,True,0.0,project_fact_sla_export.csv,2026-06-23T00:00:00,2923
SLA002924,WO001355,C002,SV3,A006,P2,20250416,20250417,20250417,24,23.87,True,0.0,project_fact_sla_export.csv,2026-06-23T00:00:00,2924
SLA002925,WO003891,C016,SV1,A004,P1,20250223,20250223,20250224,8,4.89,True,0.0,project_fact_sla_export.csv,2026-06-23T00:00:00,2925
SLA002926,WO003402,C007,SV3,A005,P3,20250404,20250407,20250406,72,46.81,True,0.0,project_fact_sla_export.csv,2026-06-23T00:00:00,2926
SLA002927,WO003351,C012,SV3,A004,P4,20250321,20250326,20250326,120,98.07,True,0.0,project_fact_sla_export.csv,2026-06-23T00:00:00,2927
SLA002928,WO004258,C004,SV5,A003,P2,20250117,20250118,20250118,24,11.72,True,0.0,project_fact_sla_export.csv,2026-06-23T00:00:00,2928
SLA002929,WO001101,C013,SV7,A005,P3,20250523,20250526,20250527,72,84.23,False,12.23,project_fact_sla_export.csv,2026-06-23T00:00:00,2929
SLA002930,WO000283,C006,SV2,A006,P1,20250314,20250314,20250315,8,9.03,False,1.03,project_fact_sla_export.csv,2026-06-23T00:00:00,2930
SLA002931,WO001293,C017,SV7,A002,P3,20250506,20250509,20250509,72,59.97,True,0.0,project_fact_sla_export.csv,2026-06-23T00:00:00,2931
SLA002932,WO004253,C013,SV8,A001,P3,20250204,20250207,20250208,72,83.86,False,11.86,project_fact_sla_export.csv,2026-06-23T00:00:00,2932
SLA002933,WO003302,C019,SV6,A005,P3,20250319,20250322,20250322,72,58.11,True,0.0,project_fact_sla_export.csv,2026-06-23T00:00:00,2933
SLA002934,WO002580,C018,SV1,A005,P3,20250313,20250316,20250317,72,81.56,False,9.56,project_fact_sla_export.csv,2026-06-23T00:00:00,2934
SLA002935,WO001074,C013,SV3,A003,P3,20250312,20250315,20250317,72,101.01,False,29.01,project_fact_sla_export.csv,2026-06-23T00:00:00,2935
SLA002936,WO002383,C014,SV2,A002,P1,20250521,20250521,20250522,8,6.29,True,0.0,project_fact_sla_export.csv,2026-06-23T00:00:00,2936
SLA002937,WO000606,C002,SV5,A005,P4,20250510,20250515,20250515,120,116.99,True,0.0,project_fact_sla_export.csv,2026-06-23T00:00:00,2937
SLA002938,WO000674,C002,SV1,A005,P2,20250524,20250525,20250526,24,29.17,False,5.17,project_fact_sla_export.csv,2026-06-23T00:00:00,2938
SLA002939,WO004236,C011,SV6,A001,P3,20250522,20250525,20250526,72,84.26,False,12.26,project_fact_sla_export.csv,2026-06-23T00:00:00,2939
SLA002940,WO002570,C010,SV4,A003,P2,20250519,20250520,20250521,24,32.99,False,8.99,project_fact_sla_export.csv,2026-06-23T00:00:00,2940
SLA002941,WO004272,C003,SV8,A005,P3,20250113,20250116,20250115,72,33.54,True,0.0,project_fact_sla_export.csv,2026-06-23T00:00:00,2941
SLA002942,WO002378,C012,SV5,A003,P4,20250310,20250315,20250316,120,121.44,False,1.44,project_fact_sla_export.csv,2026-06-23T00:00:00,2942
SLA002943,WO004147,C005,SV6,A006,P1,20250509,20250509,20250510,8,3.35,True,0.0,project_fact_sla_export.csv,2026-06-23T00:00:00,2943
SLA002944,WO000111,C008,SV5,A006,P4,20250123,20250128,20250126,120,65.93,True,0.0,project_fact_sla_export.csv,2026-06-23T00:00:00,2944
SLA002945,WO003242,C011,SV6,A001,P2,20250619,20250620,20250620,24,15.85,True,0.0,project_fact_sla_export.csv,2026-06-23T00:00:00,2945
SLA002946,WO001421,C012,SV8,A005,P3,20250428,20250501,20250502,72,82.16,False,10.16,project_fact_sla_export.csv,2026-06-23T00:00:00,2946
SLA002947,WO000295,C011,SV3,A005,P3,20250419,20250422,20250421,72,44.69,True,0.0,project_fact_sla_export.csv,2026-06-23T00:00:00,2947
SLA002948,WO002656,C013,SV2,A004,P2,20250209,20250210,20250211,24,26.45,False,2.45,project_fact_sla_export.csv,2026-06-23T00:00:00,2948
SLA002949,WO002875,C012,SV5,A004,P2,20250621,20250622,20250623,24,25.78,False,1.78,project_fact_sla_export.csv,2026-06-23T00:00:00,2949
SLA002950,WO000737,C016,SV6,A001,P3,20250321,20250324,20250324,72,58.6,True,0.0,project_fact_sla_export.csv,2026-06-23T00:00:00,2950
SLA002951,WO001580,C010,SV2,A003,P4,20250324,20250329,20250327,120,53.85,True,0.0,project_fact_sla_export.csv,2026-06-23T00:00:00,2951
SLA002952,WO002664,C009,SV2,A002,P1,20250530,20250530,20250531,8,9.24,False,1.24,project_fact_sla_export.csv,2026-06-23T00:00:00,2952
SLA002953,WO000265,C012,SV3,A005,P3,20250530,20250602,20250602,72,50.29,True,0.0,project_fact_sla_export.csv,2026-06-23T00:00:00,2953
SLA002954,WO002739,C011,SV8,A003,P3,20250112,20250115,20250113,72,14.08,True,0.0,project_fact_sla_export.csv,2026-06-23T00:00:00,2954
SLA002955,WO000436,C009,SV6,A004,P3,20250508,20250511,20250509,72,9.76,True,0.0,project_fact_sla_export.csv,2026-06-23T00:00:00,2955
SLA002956,WO003802,C007,SV6,A001,P3,20250514,20250517,20250518,72,76.27,False,4.27,project_fact_sla_export.csv,2026-06-23T00:00:00,2956
SLA002957,WO004451,C016,SV1,A001,P1,20250605,20250605,20250606,8,5.27,True,0.0,project_fact_sla_export.csv,2026-06-23T00:00:00,2957
SLA002958,WO000975,C016,SV8,A003,P2,20250415,20250416,20250416,24,23.56,True,0.0,project_fact_sla_export.csv,2026-06-23T00:00:00,2958
SLA002959,WO003077,C012,SV3,A005,P3,20250612,20250615,20250614,72,25.97,True,0.0,project_fact_sla_export.csv,2026-06-23T00:00:00,2959
SLA002960,WO001837,C006,SV3,A003,P2,20250223,20250224,20250225,24,26.53,False,2.53,project_fact_sla_export.csv,2026-06-23T00:00:00,2960
SLA002961,WO002677,C008,SV6,A005,P4,20250215,20250220,20250218,120,48.45,True,0.0,project_fact_sla_export.csv,2026-06-23T00:00:00,2961
SLA002962,WO002105,C008,SV4,A004,P3,20250417,20250420,20250420,72,49.26,True,0.0,project_fact_sla_export.csv,2026-06-23T00:00:00,2962
SLA002963,WO001878,C013,SV7,A005,P3,20250205,20250208,20250206,72,23.89,True,0.0,project_fact_sla_export.csv,2026-06-23T00:00:00,2963
SLA002964,WO000137,C015,SV8,A005,P3,20250518,20250521,20250520,72,40.2,True,0.0,project_fact_sla_export.csv,2026-06-23T00:00:00,2964
SLA002965,WO001306,C013,SV2,A005,P2,20250109,20250110,20250110,24,12.33,True,0.0,project_fact_sla_export.csv,2026-06-23T00:00:00,2965
SLA002966,WO001062,C014,SV4,A006,P3,20250409,20250412,20250412,72,56.0,True,0.0,project_fact_sla_export.csv,2026-06-23T00:00:00,2966
SLA002967,WO000396,C016,SV2,A003,P3,20250413,20250416,20250415,72,33.26,True,0.0,project_fact_sla_export.csv,2026-06-23T00:00:00,2967
SLA002968,WO001014,C016,SV1,A003,P2,20250423,20250424,20250425,24,26.84,False,2.84,project_fact_sla_export.csv,2026-06-23T00:00:00,2968
SLA002969,WO003374,C008,SV4,A006,P3,20250420,20250423,20250423,72,54.08,True,0.0,project_fact_sla_export.csv,2026-06-23T00:00:00,2969
SLA002970,WO002141,C016,SV6,A001,P1,20250501,20250501,20250502,8,10.55,False,2.55,project_fact_sla_export.csv,2026-06-23T00:00:00,2970
SLA002971,WO000682,C015,SV8,A003,P3,20250524,20250527,20250526,72,41.03,True,0.0,project_fact_sla_export.csv,2026-06-23T00:00:00,2971
SLA002972,WO000797,C006,SV8,A003,P3,20250107,20250110,20250111,72,80.56,False,8.56,project_fact_sla_export.csv,2026-06-23T00:00:00,2972
SLA002973,WO003791,C003,SV3,A005,P2,20250611,20250612,20250613,24,26.61,False,2.61,project_fact_sla_export.csv,2026-06-23T00:00:00,2973
SLA002974,WO000224,C020,SV1,A005,P3,20250209,20250212,20250212,72,55.13,True,0.0,project_fact_sla_export.csv,2026-06-23T00:00:00,2974
SLA002975,WO004136,C011,SV5,A004,P3,20250102,20250105,20250104,72,32.67,True,0.0,project_fact_sla_export.csv,2026-06-23T00:00:00,2975
SLA002976,WO000514,C001,SV8,A005,P4,20250216,20250221,20250219,120,50.23,True,0.0,project_fact_sla_export.csv,2026-06-23T00:00:00,2976
SLA002977,WO002726,C009,SV4,A001,P4,20250620,20250625,20250627,120,163.16,False,43.16,project_fact_sla_export.csv,2026-06-23T00:00:00,2977
SLA002978,WO004857,C012,SV2,A002,P3,20250523,20250526,20250528,72,111.56,False,39.56,project_fact_sla_export.csv,2026-06-23T00:00:00,2978
SLA002979,WO002453,C007,SV8,A004,P3,20250403,20250406,20250408,72,99.75,False,27.75,project_fact_sla_export.csv,2026-06-23T00:00:00,2979
SLA002980,WO003211,C017,SV3,A003,P3,20250311,20250314,20250313,72,45.49,True,0.0,project_fact_sla_export.csv,2026-06-23T00:00:00,2980
SLA002981,WO000612,C015,SV2,A001,P2,20250624,20250625,20250625,24,12.56,True,0.0,project_fact_sla_export.csv,2026-06-23T00:00:00,2981
SLA002982,WO004431,C005,SV4,A003,P2,20250204,20250205,20250205,24,13.35,True,0.0,project_fact_sla_export.csv,2026-06-23T00:00:00,2982
SLA002983,WO001304,C008,SV3,A005,P3,20250512,20250515,20250516,72,74.24,False,2.24,project_fact_sla_export.csv,2026-06-23T00:00:00,2983
SLA002984,WO004634,C002,SV8,A004,P3,20250501,20250504,20250506,72,114.38,False,42.38,project_fact_sla_export.csv,2026-06-23T00:00:00,2984
SLA002985,WO004424,C005,SV1,A003,P3,20250409,20250412,20250411,72,37.99,True,0.0,project_fact_sla_export.csv,2026-06-23T00:00:00,2985
SLA002986,WO004388,C003,SV6,A004,P2,20250417,20250418,20250419,24,29.11,False,5.11,project_fact_sla_export.csv,2026-06-23T00:00:00,2986
SLA002987,WO004346,C001,SV6,A004,P1,20250128,20250128,20250129,8,10.07,False,2.07,project_fact_sla_export.csv,2026-06-23T00:00:00,2987
SLA002988,WO003397,C006,SV2,A003,P4,20250527,20250601,20250601,120,107.35,True,0.0,project_fact_sla_export.csv,2026-06-23T00:00:00,2988
SLA002989,WO002061,C019,SV7,A001,P4,20250406,20250411,20250409,120,60.09,True,0.0,project_fact_sla_export.csv,2026-06-23T00:00:00,2989
SLA002990,WO001802,C019,SV7,A003,P4,20250607,20250612,20250613,120,123.7,False,3.7,project_fact_sla_export.csv,2026-06-23T00:00:00,2990
SLA002991,WO001482,C004,SV7,A001,P4,20250309,20250314,20250318,120,208.93,False,88.93,project_fact_sla_export.csv,2026-06-23T00:00:00,2991
SLA002992,WO003506,C004,SV6,A002,P3,20250513,20250516,20250518,72,118.59,False,46.59,project_fact_sla_export.csv,2026-06-23T00:00:00,2992
SLA002993,WO004847,C007,SV4,A005,P1,20250423,20250423,20250424,8,3.7,True,0.0,project_fact_sla_export.csv,2026-06-23T00:00:00,2993
SLA002994,WO001649,C012,SV5,A006,P3,20250416,20250419,20250418,72,40.38,True,0.0,project_fact_sla_export.csv,2026-06-23T00:00:00,2994
SLA002995,WO002609,C017,SV4,A005,P2,20250202,20250203,20250203,24,23.83,True,0.0,project_fact_sla_export.csv,2026-06-23T00:00:00,2995
SLA002996,WO004644,C009,SV5,A005,P2,20250620,20250621,20250621,24,5.27,True,0.0,project_fact_sla_export.csv,2026-06-23T00:00:00,2996
SLA002997,WO003370,C019,SV8,A001,P1,20250218,20250218,20250219,8,12.04,False,4.04,project_fact_sla_export.csv,2026-06-23T00:00:00,2997
SLA002998,WO003491,C009,SV7,A004,P4,20250415,20250420,20250422,120,158.82,False,38.82,project_fact_sla_export.csv,2026-06-23T00:00:00,2998
SLA002999,WO004902,C013,SV2,A006,P4,20250611,20250616,20250615,120,91.66,True,0.0,project_fact_sla_export.csv,2026-06-23T00:00:00,2999
SLA003000,WO000546,C019,SV2,A003,P2,20250204,20250205,20250205,24,21.08,True,0.0,project_fact_sla_export.csv,2026-06-23T00:00:00,3000
SLA003001,WO003095,C011,SV2,A005,P3,20250108,20250111,20250111,72,53.83,True,0.0,project_fact_sla_export.csv,2026-06-23T00:00:00,3001
SLA003002,WO000355,C016,SV4,A004,P2,20250417,20250418,20250418,24,11.38,True,0.0,project_fact_sla_export.csv,2026-06-23T00:00:00,3002
SLA003003,WO001639,C017,SV6,A005,P4,20250624,20250629,20250627,120,53.53,True,0.0,project_fact_sla_export.csv,2026-06-23T00:00:00,3003
SLA003004,WO000833,C007,SV5,A005,P2,20250407,20250408,20250408,24,9.8,True,0.0,project_fact_sla_export.csv,2026-06-23T00:00:00,3004
SLA003005,WO003069,C020,SV5,A005,P1,20250620,20250620,20250621,8,3.5,True,0.0,project_fact_sla_export.csv,2026-06-23T00:00:00,3005
SLA003006,WO004319,C006,SV3,A003,P1,20250323,20250323,20250324,8,5.39,True,0.0,project_fact_sla_export.csv,2026-06-23T00:00:00,3006
SLA003007,WO001081,C005,SV2,A003,P4,20250413,20250418,20250416,120,57.88,True,0.0,project_fact_sla_export.csv,2026-06-23T00:00:00,3007
SLA003008,WO004525,C008,SV4,A005,P3,20250113,20250116,20250117,72,72.75,False,0.75,project_fact_sla_export.csv,2026-06-23T00:00:00,3008
SLA003009,WO000825,C014,SV5,A004,P2,20250602,20250603,20250603,24,8.73,True,0.0,project_fact_sla_export.csv,2026-06-23T00:00:00,3009
SLA003010,WO004471,C015,SV3,A005,P2,20250508,20250509,20250510,24,25.15,False,1.15,project_fact_sla_export.csv,2026-06-23T00:00:00,3010
SLA003011,WO003317,C010,SV4,A004,P1,20250409,20250409,20250410,8,5.71,True,0.0,project_fact_sla_export.csv,2026-06-23T00:00:00,3011
SLA003012,WO001854,C007,SV5,A003,P3,20250219,20250222,20250220,72,19.88,True,0.0,project_fact_sla_export.csv,2026-06-23T00:00:00,3012
SLA003013,WO004607,C011,SV1,A005,P4,20250624,20250629,20250627,120,70.13,True,0.0,project_fact_sla_export.csv,2026-06-23T00:00:00,3013
SLA003014,WO001229,C017,SV3,A005,P3,20250530,20250602,20250601,72,41.81,True,0.0,project_fact_sla_export.csv,2026-06-23T00:00:00,3014
SLA003015,WO002126,C003,SV5,A005,P3,20250618,20250621,20250620,72,40.44,True,0.0,project_fact_sla_export.csv,2026-06-23T00:00:00,3015
SLA003016,WO003399,C002,SV3,A006,P4,20250130,20250204,20250202,120,67.93,True,0.0,project_fact_sla_export.csv,2026-06-23T00:00:00,3016
SLA003017,WO002172,C019,SV5,A004,P3,20250520,20250523,20250522,72,37.73,True,0.0,project_fact_sla_export.csv,2026-06-23T00:00:00,3017
SLA003018,WO004916,C008,SV1,A001,P4,20250122,20250127,20250128,120,130.23,False,10.23,project_fact_sla_export.csv,2026-06-23T00:00:00,3018
SLA003019,WO003166,C004,SV5,A006,P1,20250208,20250208,20250209,8,13.2,False,5.2,project_fact_sla_export.csv,2026-06-23T00:00:00,3019
SLA003020,WO002191,C008,SV1,A006,P4,20250511,20250516,20250514,120,53.81,True,0.0,project_fact_sla_export.csv,2026-06-23T00:00:00,3020
SLA003021,WO003024,C019,SV1,A001,P4,20250218,20250223,20250222,120,93.95,True,0.0,project_fact_sla_export.csv,2026-06-23T00:00:00,3021
SLA003022,WO003715,C012,SV6,A006,P2,20250126,20250127,20250127,24,20.98,True,0.0,project_fact_sla_export.csv,2026-06-23T00:00:00,3022
SLA003023,WO004502,C010,SV4,A005,P3,20250627,20250630,20250628,72,20.84,True,0.0,project_fact_sla_export.csv,2026-06-23T00:00:00,3023
SLA003024,WO002491,C015,SV1,A003,P3,20250423,20250426,20250424,72,13.38,True,0.0,project_fact_sla_export.csv,2026-06-23T00:00:00,3024
SLA003025,WO001724,C012,SV7,A006,P4,20250514,20250519,20250522,120,169.42,False,49.42,project_fact_sla_export.csv,2026-06-23T00:00:00,3025
SLA003026,WO004844,C013,SV3,A002,P2,20250319,20250320,20250320,24,21.48,True,0.0,project_fact_sla_export.csv,2026-06-23T00:00:00,3026
SLA003027,WO003576,C019,SV4,A005,P1,20250510,20250510,20250511,8,3.56,True,0.0,project_fact_sla_export.csv,2026-06-23T00:00:00,3027
SLA003028,WO004494,C015,SV2,A006,P4,20250308,20250313,20250311,120,68.27,True,0.0,project_fact_sla_export.csv,2026-06-23T00:00:00,3028
SLA003029,WO002135,C011,SV4,A004,P2,20250616,20250617,20250617,24,15.95,True,0.0,project_fact_sla_export.csv,2026-06-23T00:00:00,3029
SLA003030,WO004248,C003,SV3,A003,P3,20250101,20250104,20250102,72,19.85,True,0.0,project_fact_sla_export.csv,2026-06-23T00:00:00,3030
SLA003031,WO000426,C009,SV5,A005,P1,20250125,20250125,20250126,8,14.45,False,6.45,project_fact_sla_export.csv,2026-06-23T00:00:00,3031
SLA003032,WO001890,C018,SV3,A004,P3,20250429,20250502,20250501,72,24.41,True,0.0,project_fact_sla_export.csv,2026-06-23T00:00:00,3032
SLA003033,WO002844,C014,SV7,A006,P3,20250217,20250220,20250218,72,16.79,True,0.0,project_fact_sla_export.csv,2026-06-23T00:00:00,3033
SLA003034,WO000783,C013,SV7,A004,P3,20250106,20250109,20250108,72,38.26,True,0.0,project_fact_sla_export.csv,2026-06-23T00:00:00,3034
SLA003035,WO003116,C005,SV1,A004,P4,20250506,20250511,20250509,120,61.68,True,0.0,project_fact_sla_export.csv,2026-06-23T00:00:00,3035
SLA003036,WO000315,C013,SV5,A004,P3,20250303,20250306,20250305,72,43.29,True,0.0,project_fact_sla_export.csv,2026-06-23T00:00:00,3036
SLA003037,WO000725,C002,SV4,A004,P2,20250517,20250518,20250518,24,19.53,True,0.0,project_fact_sla_export.csv,2026-06-23T00:00:00,3037
SLA003038,WO004370,C016,SV5,A003,P2,20250427,20250428,20250428,24,21.77,True,0.0,project_fact_sla_export.csv,2026-06-23T00:00:00,3038
SLA003039,WO004215,C003,SV3,A004,P2,20250301,20250302,20250302,24,8.96,True,0.0,project_fact_sla_export.csv,2026-06-23T00:00:00,3039
SLA003040,WO000851,C019,SV1,A004,P2,20250312,20250313,20250314,24,25.62,False,1.62,project_fact_sla_export.csv,2026-06-23T00:00:00,3040
SLA003041,WO001350,C011,SV2,A001,P4,20250123,20250128,20250130,120,150.48,False,30.48,project_fact_sla_export.csv,2026-06-23T00:00:00,3041
SLA003042,WO003735,C001,SV3,A006,P4,20250603,20250608,20250607,120,75.51,True,0.0,project_fact_sla_export.csv,2026-06-23T00:00:00,3042
SLA003043,WO004303,C013,SV2,A006,P3,20250113,20250116,20250115,72,36.55,True,0.0,project_fact_sla_export.csv,2026-06-23T00:00:00,3043
SLA003044,WO004812,C014,SV6,A004,P3,20250207,20250210,20250209,72,40.61,True,0.0,project_fact_sla_export.csv,2026-06-23T00:00:00,3044
SLA003045,WO000113,C002,SV3,A003,P2,20250624,20250625,20250625,24,11.36,True,0.0,project_fact_sla_export.csv,2026-06-23T00:00:00,3045
SLA003046,WO004789,C019,SV7,A006,P2,20250204,20250205,20250205,24,16.3,True,0.0,project_fact_sla_export.csv,2026-06-23T00:00:00,3046
SLA003047,WO000313,C004,SV3,A006,P2,20250104,20250105,20250105,24,14.32,True,0.0,project_fact_sla_export.csv,2026-06-23T00:00:00,3047
SLA003048,WO002836,C017,SV3,A005,P3,20250213,20250216,20250216,72,58.63,True,0.0,project_fact_sla_export.csv,2026-06-23T00:00:00,3048
SLA003049,WO002814,C019,SV8,A004,P3,20250321,20250324,20250322,72,15.22,True,0.0,project_fact_sla_export.csv,2026-06-23T00:00:00,3049
SLA003050,WO001283,C008,SV4,A005,P4,20250321,20250326,20250324,120,70.65,True,0.0,project_fact_sla_export.csv,2026-06-23T00:00:00,3050
SLA003051,WO004521,C015,SV1,A004,P3,20250601,20250604,20250606,72,99.31,False,27.31,project_fact_sla_export.csv,2026-06-23T00:00:00,3051
SLA003052,WO003213,C011,SV1,A001,P3,20250202,20250205,20250206,72,85.5,False,13.5,project_fact_sla_export.csv,2026-06-23T00:00:00,3052
SLA003053,WO004711,C013,SV5,A003,P3,20250529,20250601,20250530,72,20.01,True,0.0,project_fact_sla_export.csv,2026-06-23T00:00:00,3053
SLA003054,WO002478,C016,SV1,A004,P3,20250115,20250118,20250119,72,74.69,False,2.69,project_fact_sla_export.csv,2026-06-23T00:00:00,3054
SLA003055,WO004046,C001,SV1,A006,P3,20250624,20250627,20250626,72,46.89,True,0.0,project_fact_sla_export.csv,2026-06-23T00:00:00,3055
SLA003056,WO002384,C005,SV1,A002,P2,20250613,20250614,20250614,24,23.66,True,0.0,project_fact_sla_export.csv,2026-06-23T00:00:00,3056
SLA003057,WO004450,C010,SV4,A003,P4,20250612,20250617,20250616,120,89.99,True,0.0,project_fact_sla_export.csv,2026-06-23T00:00:00,3057
SLA003058,WO000066,C013,SV6,A006,P3,20250219,20250222,20250228,72,199.26,False,127.26,project_fact_sla_export.csv,2026-06-23T00:00:00,3058
SLA003059,WO002681,C016,SV8,A005,P2,20250624,20250625,20250625,24,11.82,True,0.0,project_fact_sla_export.csv,2026-06-23T00:00:00,3059
SLA003060,WO002719,C015,SV3,A002,P2,20250312,20250313,20250314,24,25.29,False,1.29,project_fact_sla_export.csv,2026-06-23T00:00:00,3060
SLA003061,WO000168,C015,SV3,A002,P3,20250322,20250325,20250325,72,53.03,True,0.0,project_fact_sla_export.csv,2026-06-23T00:00:00,3061
SLA003062,WO004152,C015,SV4,A005,P3,20250313,20250316,20250315,72,29.35,True,0.0,project_fact_sla_export.csv,2026-06-23T00:00:00,3062
SLA003063,WO000263,C015,SV5,A003,P2,20250315,20250316,20250316,24,12.25,True,0.0,project_fact_sla_export.csv,2026-06-23T00:00:00,3063
SLA003064,WO003814,C003,SV8,A006,P3,20250228,20250303,20250303,72,49.6,True,0.0,project_fact_sla_export.csv,2026-06-23T00:00:00,3064
SLA003065,WO001852,C005,SV3,A005,P3,20250417,20250420,20250420,72,53.2,True,0.0,project_fact_sla_export.csv,2026-06-23T00:00:00,3065
SLA003066,WO001252,C015,SV4,A004,P4,20250202,20250207,20250206,120,86.75,True,0.0,project_fact_sla_export.csv,2026-06-23T00:00:00,3066
SLA003067,WO001497,C008,SV4,A004,P3,20250602,20250605,20250605,72,62.59,True,0.0,project_fact_sla_export.csv,2026-06-23T00:00:00,3067
SLA003068,WO003086,C002,SV1,A003,P3,20250102,20250105,20250103,72,20.27,True,0.0,project_fact_sla_export.csv,2026-06-23T00:00:00,3068
SLA003069,WO004987,C004,SV2,A005,P4,20250220,20250225,20250227,120,158.82,False,38.82,project_fact_sla_export.csv,2026-06-23T00:00:00,3069
SLA003070,WO004519,C014,SV1,A006,P3,20250602,20250605,20250606,72,83.71,False,11.71,project_fact_sla_export.csv,2026-06-23T00:00:00,3070
SLA003071,WO000180,C014,SV7,A003,P4,20250625,20250630,20250628,120,66.17,True,0.0,project_fact_sla_export.csv,2026-06-23T00:00:00,3071
SLA003072,WO004093,C010,SV5,A005,P2,20250622,20250623,20250623,24,10.07,True,0.0,project_fact_sla_export.csv,2026-06-23T00:00:00,3072
SLA003073,WO004939,C010,SV2,A005,P3,20250127,20250130,20250130,72,55.08,True,0.0,project_fact_sla_export.csv,2026-06-23T00:00:00,3073
SLA003074,WO004458,C007,SV8,A004,P4,20250503,20250508,20250505,120,30.71,True,0.0,project_fact_sla_export.csv,2026-06-23T00:00:00,3074
SLA003075,WO003597,C012,SV6,A003,P2,20250531,20250601,20250601,24,20.61,True,0.0,project_fact_sla_export.csv,2026-06-23T00:00:00,3075
SLA003076,WO002380,C018,SV7,A004,P1,20250222,20250222,20250223,8,5.0,True,0.0,project_fact_sla_export.csv,2026-06-23T00:00:00,3076
SLA003077,WO001868,C012,SV2,A003,P3,20250518,20250521,20250521,72,50.77,True,0.0,project_fact_sla_export.csv,2026-06-23T00:00:00,3077
SLA003078,WO003629,C010,SV2,A002,P2,20250301,20250302,20250302,24,15.98,True,0.0,project_fact_sla_export.csv,2026-06-23T00:00:00,3078
SLA003079,WO003161,C018,SV6,A006,P1,20250612,20250612,20250613,8,4.46,True,0.0,project_fact_sla_export.csv,2026-06-23T00:00:00,3079
SLA003080,WO000294,C001,SV4,A005,P3,20250609,20250612,20250611,72,46.76,True,0.0,project_fact_sla_export.csv,2026-06-23T00:00:00,3080
SLA003081,WO003131,C016,SV5,A001,P4,20250311,20250316,20250318,120,158.53,False,38.53,project_fact_sla_export.csv,2026-06-23T00:00:00,3081
SLA003082,WO004710,C015,SV7,A006,P3,20250208,20250211,20250210,72,36.83,True,0.0,project_fact_sla_export.csv,2026-06-23T00:00:00,3082
SLA003083,WO002113,C017,SV1,A003,P4,20250623,20250628,20250625,120,26.99,True,0.0,project_fact_sla_export.csv,2026-06-23T00:00:00,3083
SLA003084,WO001059,C004,SV5,A004,P2,20250420,20250421,20250421,24,21.15,True,0.0,project_fact_sla_export.csv,2026-06-23T00:00:00,3084
SLA003085,WO000818,C015,SV7,A005,P2,20250210,20250211,20250212,24,28.9,False,4.9,project_fact_sla_export.csv,2026-06-23T00:00:00,3085
SLA003086,WO003608,C001,SV1,A005,P3,20250225,20250228,20250228,72,57.84,True,0.0,project_fact_sla_export.csv,2026-06-23T00:00:00,3086
SLA003087,WO001921,C002,SV1,A002,P1,20250517,20250517,20250518,8,11.79,False,3.79,project_fact_sla_export.csv,2026-06-23T00:00:00,3087
SLA003088,WO003327,C019,SV4,A005,P1,20250523,20250523,20250524,8,4.26,True,0.0,project_fact_sla_export.csv,2026-06-23T00:00:00,3088
SLA003089,WO003591,C003,SV8,A005,P3,20250511,20250514,20250514,72,71.21,True,0.0,project_fact_sla_export.csv,2026-06-23T00:00:00,3089
SLA003090,WO003776,C009,SV8,A006,P3,20250520,20250523,20250523,72,48.4,True,0.0,project_fact_sla_export.csv,2026-06-23T00:00:00,3090
SLA003091,WO000328,C007,SV5,A001,P1,20250121,20250121,20250122,8,3.67,True,0.0,project_fact_sla_export.csv,2026-06-23T00:00:00,3091
SLA003092,WO001604,C016,SV7,A004,P3,20250206,20250209,20250210,72,79.2,False,7.2,project_fact_sla_export.csv,2026-06-23T00:00:00,3092
SLA003093,WO004109,C014,SV2,A001,P4,20250406,20250411,20250410,120,95.29,True,0.0,project_fact_sla_export.csv,2026-06-23T00:00:00,3093
SLA003094,WO002023,C007,SV2,A001,P2,20250606,20250607,20250607,24,5.39,True,0.0,project_fact_sla_export.csv,2026-06-23T00:00:00,3094
SLA003095,WO004489,C011,SV8,A004,P3,20250325,20250328,20250326,72,16.29,True,0.0,project_fact_sla_export.csv,2026-06-23T00:00:00,3095
SLA003096,WO001027,C013,SV6,A006,P1,20250601,20250601,20250602,8,4.06,True,0.0,project_fact_sla_export.csv,2026-06-23T00:00:00,3096
SLA003097,WO002224,C012,SV8,A001,P2,20250328,20250329,20250329,24,12.07,True,0.0,project_fact_sla_export.csv,2026-06-23T00:00:00,3097
SLA003098,WO004843,C005,SV7,A003,P3,20250509,20250512,20250512,72,56.24,True,0.0,project_fact_sla_export.csv,2026-06-23T00:00:00,3098
SLA003099,WO002266,C011,SV8,A003,P3,20250118,20250121,20250120,72,35.73,True,0.0,project_fact_sla_export.csv,2026-06-23T00:00:00,3099
SLA003100,WO002785,C014,SV6,A003,P2,20250318,20250319,20250319,24,5.45,True,0.0,project_fact_sla_export.csv,2026-06-23T00:00:00,3100
SLA003101,WO004190,C004,SV5,A001,P2,20250111,20250112,20250112,24,17.09,True,0.0,project_fact_sla_export.csv,2026-06-23T00:00:00,3101
SLA003102,WO000908,C016,SV1,A005,P2,20250420,20250421,20250421,24,17.14,True,0.0,project_fact_sla_export.csv,2026-06-23T00:00:00,3102
SLA003103,WO000287,C008,SV7,A005,P2,20250309,20250310,20250310,24,19.71,True,0.0,project_fact_sla_export.csv,2026-06-23T00:00:00,3103
SLA003104,WO000667,C017,SV5,A005,P4,20250113,20250118,20250119,120,120.38,False,0.38,project_fact_sla_export.csv,2026-06-23T00:00:00,3104
SLA003105,WO004449,C012,SV6,A005,P2,20250327,20250328,20250329,24,27.84,False,3.84,project_fact_sla_export.csv,2026-06-23T00:00:00,3105
SLA003106,WO001303,C015,SV6,A005,P4,20250622,20250627,20250625,120,56.38,True,0.0,project_fact_sla_export.csv,2026-06-23T00:00:00,3106
SLA003107,WO002860,C017,SV2,A006,P3,20250515,20250518,20250517,72,36.84,True,0.0,project_fact_sla_export.csv,2026-06-23T00:00:00,3107
SLA003108,WO000397,C010,SV6,A006,P3,20250312,20250315,20250314,72,44.73,True,0.0,project_fact_sla_export.csv,2026-06-23T00:00:00,3108
SLA003109,WO001748,C015,SV3,A005,P3,20250415,20250418,20250417,72,45.6,True,0.0,project_fact_sla_export.csv,2026-06-23T00:00:00,3109
SLA003110,WO000218,C013,SV2,A006,P4,20250321,20250326,20250328,120,156.28,False,36.28,project_fact_sla_export.csv,2026-06-23T00:00:00,3110
SLA003111,WO003636,C004,SV6,A006,P3,20250222,20250225,20250225,72,48.52,True,0.0,project_fact_sla_export.csv,2026-06-23T00:00:00,3111
SLA003112,WO003717,C003,SV4,A002,P3,20250131,20250203,20250203,72,49.5,True,0.0,project_fact_sla_export.csv,2026-06-23T00:00:00,3112
SLA003113,WO004601,C018,SV2,A005,P3,20250315,20250318,20250318,72,50.2,True,0.0,project_fact_sla_export.csv,2026-06-23T00:00:00,3113
SLA003114,WO000706,C001,SV3,A001,P3,20250509,20250512,20250511,72,29.11,True,0.0,project_fact_sla_export.csv,2026-06-23T00:00:00,3114
SLA003115,WO001507,C005,SV4,A005,P3,20250512,20250515,20250514,72,37.25,True,0.0,project_fact_sla_export.csv,2026-06-23T00:00:00,3115
SLA003116,WO004079,C002,SV3,A004,P2,20250224,20250225,20250225,24,13.13,True,0.0,project_fact_sla_export.csv,2026-06-23T00:00:00,3116
SLA003117,WO003824,C011,SV7,A004,P4,20250509,20250514,20250515,120,133.09,False,13.09,project_fact_sla_export.csv,2026-06-23T00:00:00,3117
SLA003118,WO002579,C014,SV2,A005,P2,20250213,20250214,20250214,24,22.75,True,0.0,project_fact_sla_export.csv,2026-06-23T00:00:00,3118
SLA003119,WO003315,C005,SV2,A005,P3,20250106,20250109,20250108,72,32.07,True,0.0,project_fact_sla_export.csv,2026-06-23T00:00:00,3119
SLA003120,WO001415,C016,SV1,A001,P3,20250526,20250529,20250528,72,46.13,True,0.0,project_fact_sla_export.csv,2026-06-23T00:00:00,3120
SLA003121,WO000186,C019,SV8,A004,P4,20250518,20250523,20250526,120,169.68,False,49.68,project_fact_sla_export.csv,2026-06-23T00:00:00,3121
SLA003122,WO000089,C016,SV8,A004,P2,20250125,20250126,20250126,24,16.27,True,0.0,project_fact_sla_export.csv,2026-06-23T00:00:00,3122
SLA003123,WO000689,C016,SV5,A003,P4,20250526,20250531,20250601,120,132.29,False,12.29,project_fact_sla_export.csv,2026-06-23T00:00:00,3123
SLA003124,WO002775,C017,SV5,A005,P3,20250130,20250202,20250201,72,40.18,True,0.0,project_fact_sla_export.csv,2026-06-23T00:00:00,3124
SLA003125,WO002358,C010,SV1,A005,P2,20250523,20250524,20250524,24,11.3,True,0.0,project_fact_sla_export.csv,2026-06-23T00:00:00,3125
SLA003126,WO002516,C019,SV5,A003,P3,20250105,20250108,20250108,72,50.87,True,0.0,project_fact_sla_export.csv,2026-06-23T00:00:00,3126
SLA003127,WO002179,C013,SV6,A005,P2,20250129,20250130,20250130,24,15.18,True,0.0,project_fact_sla_export.csv,2026-06-23T00:00:00,3127
SLA003128,WO003012,C012,SV7,A005,P3,20250509,20250512,20250510,72,14.37,True,0.0,project_fact_sla_export.csv,2026-06-23T00:00:00,3128
SLA003129,WO004766,C012,SV3,A005,P4,20250320,20250325,20250327,120,147.66,False,27.66,project_fact_sla_export.csv,2026-06-23T00:00:00,3129
SLA003130,WO000063,C005,SV1,A004,P3,20250411,20250414,20250413,72,37.61,True,0.0,project_fact_sla_export.csv,2026-06-23T00:00:00,3130
SLA003131,WO003277,C004,SV7,A006,P2,20250228,20250301,20250302,24,24.43,False,0.43,project_fact_sla_export.csv,2026-06-23T00:00:00,3131
SLA003132,WO002897,C020,SV2,A001,P3,20250217,20250220,20250220,72,54.19,True,0.0,project_fact_sla_export.csv,2026-06-23T00:00:00,3132
SLA003133,WO003362,C018,SV7,A003,P3,20250530,20250602,20250601,72,26.18,True,0.0,project_fact_sla_export.csv,2026-06-23T00:00:00,3133
SLA003134,WO001166,C019,SV4,A005,P2,20250302,20250303,20250303,24,21.68,True,0.0,project_fact_sla_export.csv,2026-06-23T00:00:00,3134
SLA003135,WO004951,C005,SV6,A005,P3,20250122,20250125,20250125,72,59.9,True,0.0,project_fact_sla_export.csv,2026-06-23T00:00:00,3135
SLA003136,WO004278,C013,SV8,A001,P3,20250315,20250318,20250318,72,54.4,True,0.0,project_fact_sla_export.csv,2026-06-23T00:00:00,3136
SLA003137,WO002631,C007,SV6,A005,P3,20250501,20250504,20250504,72,58.34,True,0.0,project_fact_sla_export.csv,2026-06-23T00:00:00,3137
SLA003138,WO004366,C018,SV8,A002,P1,20250326,20250326,20250327,8,2.47,True,0.0,project_fact_sla_export.csv,2026-06-23T00:00:00,3138
SLA003139,WO002205,C004,SV6,A001,P2,20250602,20250603,20250603,24,16.4,True,0.0,project_fact_sla_export.csv,2026-06-23T00:00:00,3139
SLA003140,WO000867,C006,SV8,A006,P2,20250116,20250117,20250117,24,11.77,True,0.0,project_fact_sla_export.csv,2026-06-23T00:00:00,3140
SLA003141,WO001609,C008,SV5,A001,P4,20250524,20250529,20250529,120,99.0,True,0.0,project_fact_sla_export.csv,2026-06-23T00:00:00,3141
SLA003142,WO003113,C017,SV7,A006,P3,20250602,20250605,20250604,72,46.16,True,0.0,project_fact_sla_export.csv,2026-06-23T00:00:00,3142
SLA003143,WO002338,C004,SV3,A004,P2,20250226,20250227,20250227,24,17.53,True,0.0,project_fact_sla_export.csv,2026-06-23T00:00:00,3143
SLA003144,WO002869,C003,SV3,A004,P3,20250314,20250317,20250319,72,97.31,False,25.31,project_fact_sla_export.csv,2026-06-23T00:00:00,3144
SLA003145,WO000714,C020,SV7,A003,P2,20250228,20250301,20250301,24,10.88,True,0.0,project_fact_sla_export.csv,2026-06-23T00:00:00,3145
SLA003146,WO000507,C008,SV5,A005,P2,20250108,20250109,20250109,24,9.51,True,0.0,project_fact_sla_export.csv,2026-06-23T00:00:00,3146
SLA003147,WO002915,C010,SV4,A005,P4,20250103,20250108,20250107,120,87.01,True,0.0,project_fact_sla_export.csv,2026-06-23T00:00:00,3147
SLA003148,WO002097,C002,SV4,A005,P3,20250619,20250622,20250624,72,96.91,False,24.91,project_fact_sla_export.csv,2026-06-23T00:00:00,3148
SLA003149,WO004753,C009,SV6,A005,P2,20250301,20250302,20250302,24,10.57,True,0.0,project_fact_sla_export.csv,2026-06-23T00:00:00,3149
SLA003150,WO003700,C012,SV3,A006,P4,20250624,20250629,20250630,120,124.98,False,4.98,project_fact_sla_export.csv,2026-06-23T00:00:00,3150
SLA003151,WO002650,C007,SV8,A005,P3,20250401,20250404,20250407,72,137.05,False,65.05,project_fact_sla_export.csv,2026-06-23T00:00:00,3151
SLA003152,WO001050,C020,SV4,A005,P4,20250420,20250425,20250424,120,82.38,True,0.0,project_fact_sla_export.csv,2026-06-23T00:00:00,3152
SLA003153,WO003525,C005,SV8,A001,P4,20250410,20250415,20250421,120,252.54,False,132.54,project_fact_sla_export.csv,2026-06-23T00:00:00,3153
SLA003154,WO000235,C019,SV3,A004,P4,20250623,20250628,20250627,120,82.84,True,0.0,project_fact_sla_export.csv,2026-06-23T00:00:00,3154
SLA003155,WO001141,C016,SV8,A005,P4,20250523,20250528,20250527,120,90.39,True,0.0,project_fact_sla_export.csv,2026-06-23T00:00:00,3155
SLA003156,WO000402,C005,SV2,A005,P4,20250626,20250701,20250629,120,67.4,True,0.0,project_fact_sla_export.csv,2026-06-23T00:00:00,3156
SLA003157,WO002119,C009,SV4,A004,P4,20250208,20250213,20250211,120,55.32,True,0.0,project_fact_sla_export.csv,2026-06-23T00:00:00,3157
SLA003158,WO002695,C003,SV8,A004,P4,20250314,20250319,20250317,120,57.27,True,0.0,project_fact_sla_export.csv,2026-06-23T00:00:00,3158
SLA003159,WO002658,C020,SV2,A004,P1,20250611,20250611,20250612,8,3.23,True,0.0,project_fact_sla_export.csv,2026-06-23T00:00:00,3159
SLA003160,WO002761,C017,SV1,A002,P4,20250209,20250214,20250211,120,34.95,True,0.0,project_fact_sla_export.csv,2026-06-23T00:00:00,3160
SLA003161,WO001973,C012,SV6,A001,P4,20250124,20250129,20250130,120,138.47,False,18.47,project_fact_sla_export.csv,2026-06-23T00:00:00,3161
SLA003162,WO003337,C002,SV6,A003,P2,20250313,20250314,20250314,24,22.44,True,0.0,project_fact_sla_export.csv,2026-06-23T00:00:00,3162
SLA003163,WO001779,C008,SV8,A005,P1,20250503,20250503,20250504,8,3.77,True,0.0,project_fact_sla_export.csv,2026-06-23T00:00:00,3163
SLA003164,WO003448,C013,SV6,A006,P3,20250104,20250107,20250108,72,74.18,False,2.18,project_fact_sla_export.csv,2026-06-23T00:00:00,3164
SLA003165,WO000558,C010,SV7,A005,P1,20250131,20250131,20250201,8,4.69,True,0.0,project_fact_sla_export.csv,2026-06-23T00:00:00,3165
SLA003166,WO001242,C011,SV2,A004,P1,20250209,20250209,20250210,8,5.59,True,0.0,project_fact_sla_export.csv,2026-06-23T00:00:00,3166
SLA003167,WO002930,C019,SV4,A001,P3,20250216,20250219,20250220,72,83.81,False,11.81,project_fact_sla_export.csv,2026-06-23T00:00:00,3167
SLA003168,WO003240,C017,SV8,A005,P4,20250523,20250528,20250527,120,80.26,True,0.0,project_fact_sla_export.csv,2026-06-23T00:00:00,3168
SLA003169,WO004680,C009,SV5,A005,P2,20250106,20250107,20250108,24,25.57,False,1.57,project_fact_sla_export.csv,2026-06-23T00:00:00,3169
SLA003170,WO001864,C001,SV5,A006,P3,20250412,20250415,20250415,72,51.18,True,0.0,project_fact_sla_export.csv,2026-06-23T00:00:00,3170
SLA003171,WO004475,C008,SV7,A001,P4,20250129,20250203,20250208,120,231.74,False,111.74,project_fact_sla_export.csv,2026-06-23T00:00:00,3171
SLA003172,WO002772,C019,SV6,A005,P4,20250327,20250401,20250406,120,232.79,False,112.79,project_fact_sla_export.csv,2026-06-23T00:00:00,3172
SLA003173,WO000270,C017,SV2,A001,P3,20250416,20250419,20250420,72,73.01,False,1.01,project_fact_sla_export.csv,2026-06-23T00:00:00,3173
SLA003174,WO004229,C007,SV4,A006,P2,20250629,20250630,20250630,24,16.37,True,0.0,project_fact_sla_export.csv,2026-06-23T00:00:00,3174
SLA003175,WO002824,C020,SV5,A006,P1,20250518,20250518,20250519,8,5.93,True,0.0,project_fact_sla_export.csv,2026-06-23T00:00:00,3175
SLA003176,WO003848,C019,SV5,A003,P2,20250111,20250112,20250112,24,15.12,True,0.0,project_fact_sla_export.csv,2026-06-23T00:00:00,3176
SLA003177,WO001335,C017,SV1,A002,P4,20250609,20250614,20250614,120,97.43,True,0.0,project_fact_sla_export.csv,2026-06-23T00:00:00,3177
SLA003178,WO001023,C009,SV5,A005,P3,20250315,20250318,20250317,72,32.23,True,0.0,project_fact_sla_export.csv,2026-06-23T00:00:00,3178
SLA003179,WO004526,C012,SV5,A005,P2,20250519,20250520,20250521,24,27.51,False,3.51,project_fact_sla_export.csv,2026-06-23T00:00:00,3179
SLA003180,WO000440,C019,SV8,A005,P2,20250130,20250131,20250131,24,10.47,True,0.0,project_fact_sla_export.csv,2026-06-23T00:00:00,3180
SLA003181,WO000048,C020,SV4,A002,P4,20250515,20250520,20250520,120,104.42,True,0.0,project_fact_sla_export.csv,2026-06-23T00:00:00,3181
SLA003182,WO002204,C006,SV8,A003,P4,20250316,20250321,20250319,120,53.85,True,0.0,project_fact_sla_export.csv,2026-06-23T00:00:00,3182
SLA003183,WO004464,C009,SV1,A003,P2,20250326,20250327,20250327,24,8.3,True,0.0,project_fact_sla_export.csv,2026-06-23T00:00:00,3183
SLA003184,WO000335,C008,SV2,A006,P3,20250211,20250214,20250213,72,30.45,True,0.0,project_fact_sla_export.csv,2026-06-23T00:00:00,3184
SLA003185,WO004305,C009,SV8,A003,P4,20250201,20250206,20250204,120,59.93,True,0.0,project_fact_sla_export.csv,2026-06-23T00:00:00,3185
SLA003186,WO000125,C014,SV1,A005,P3,20250224,20250227,20250226,72,26.47,True,0.0,project_fact_sla_export.csv,2026-06-23T00:00:00,3186
SLA003187,WO002867,C015,SV5,A005,P3,20250105,20250108,20250108,72,68.45,True,0.0,project_fact_sla_export.csv,2026-06-23T00:00:00,3187
SLA003188,WO001966,C007,SV6,A003,P2,20250624,20250625,20250625,24,14.51,True,0.0,project_fact_sla_export.csv,2026-06-23T00:00:00,3188
SLA003189,WO003766,C011,SV5,A002,P3,20250203,20250206,20250207,72,72.85,False,0.85,project_fact_sla_export.csv,2026-06-23T00:00:00,3189
SLA003190,WO004508,C019,SV2,A004,P3,20250421,20250424,20250424,72,48.02,True,0.0,project_fact_sla_export.csv,2026-06-23T00:00:00,3190
SLA003191,WO004888,C007,SV5,A003,P3,20250531,20250603,20250603,72,48.46,True,0.0,project_fact_sla_export.csv,2026-06-23T00:00:00,3191
SLA003192,WO001189,C019,SV6,A004,P3,20250207,20250210,20250210,72,68.48,True,0.0,project_fact_sla_export.csv,2026-06-23T00:00:00,3192
SLA003193,WO003950,C002,SV1,A003,P2,20250424,20250425,20250425,24,12.86,True,0.0,project_fact_sla_export.csv,2026-06-23T00:00:00,3193
SLA003194,WO001801,C016,SV7,A004,P3,20250129,20250201,20250201,72,55.1,True,0.0,project_fact_sla_export.csv,2026-06-23T00:00:00,3194
SLA003195,WO000553,C014,SV8,A004,P3,20250413,20250416,20250415,72,35.37,True,0.0,project_fact_sla_export.csv,2026-06-23T00:00:00,3195
SLA003196,WO001418,C014,SV6,A004,P3,20250320,20250323,20250322,72,33.79,True,0.0,project_fact_sla_export.csv,2026-06-23T00:00:00,3196
SLA003197,WO002543,C012,SV7,A005,P1,20250104,20250104,20250105,8,3.34,True,0.0,project_fact_sla_export.csv,2026-06-23T00:00:00,3197
SLA003198,WO000407,C016,SV6,A004,P4,20250403,20250408,20250410,120,145.89,False,25.89,project_fact_sla_export.csv,2026-06-23T00:00:00,3198
SLA003199,WO001281,C019,SV2,A005,P2,20250220,20250221,20250221,24,15.5,True,0.0,project_fact_sla_export.csv,2026-06-23T00:00:00,3199
SLA003200,WO004358,C016,SV6,A006,P4,20250323,20250328,20250325,120,36.46,True,0.0,project_fact_sla_export.csv,2026-06-23T00:00:00,3200
SLA003201,WO001268,C004,SV5,A006,P3,20250329,20250401,20250402,72,86.74,False,14.74,project_fact_sla_export.csv,2026-06-23T00:00:00,3201
SLA003202,WO000741,C007,SV3,A003,P2,20250420,20250421,20250421,24,21.18,True,0.0,project_fact_sla_export.csv,2026-06-23T00:00:00,3202
SLA003203,WO002282,C019,SV7,A003,P2,20250621,20250622,20250622,24,17.46,True,0.0,project_fact_sla_export.csv,2026-06-23T00:00:00,3203
SLA003204,WO000961,C002,SV1,A003,P3,20250610,20250613,20250613,72,57.18,True,0.0,project_fact_sla_export.csv,2026-06-23T00:00:00,3204
SLA003205,WO001302,C014,SV8,A004,P2,20250319,20250320,20250320,24,11.83,True,0.0,project_fact_sla_export.csv,2026-06-23T00:00:00,3205
SLA003206,WO001197,C011,SV2,A005,P3,20250602,20250605,20250603,72,15.91,True,0.0,project_fact_sla_export.csv,2026-06-23T00:00:00,3206
SLA003207,WO002937,C020,SV2,A002,P2,20250621,20250622,20250622,24,9.76,True,0.0,project_fact_sla_export.csv,2026-06-23T00:00:00,3207
SLA003208,WO003991,C013,SV1,A005,P3,20250430,20250503,20250503,72,62.83,True,0.0,project_fact_sla_export.csv,2026-06-23T00:00:00,3208
SLA003209,WO002165,C015,SV2,A001,P3,20250620,20250623,20250622,72,38.43,True,0.0,project_fact_sla_export.csv,2026-06-23T00:00:00,3209
SLA003210,WO002868,C002,SV7,A006,P4,20250610,20250615,20250613,120,53.58,True,0.0,project_fact_sla_export.csv,2026-06-23T00:00:00,3210
SLA003211,WO001856,C017,SV1,A004,P1,20250208,20250208,20250209,8,2.0,True,0.0,project_fact_sla_export.csv,2026-06-23T00:00:00,3211
SLA003212,WO001583,C018,SV4,A006,P3,20250402,20250405,20250406,72,79.96,False,7.96,project_fact_sla_export.csv,2026-06-23T00:00:00,3212
SLA003213,WO003587,C016,SV2,A005,P3,20250226,20250301,20250301,72,49.86,True,0.0,project_fact_sla_export.csv,2026-06-23T00:00:00,3213
SLA003214,WO002231,C012,SV1,A005,P4,20250614,20250619,20250616,120,33.96,True,0.0,project_fact_sla_export.csv,2026-06-23T00:00:00,3214
SLA003215,WO003325,C016,SV5,A004,P3,20250122,20250125,20250126,72,82.49,False,10.49,project_fact_sla_export.csv,2026-06-23T00:00:00,3215
SLA003216,WO002731,C013,SV7,A005,P3,20250319,20250322,20250323,72,82.49,False,10.49,project_fact_sla_export.csv,2026-06-23T00:00:00,3216
SLA003217,WO002507,C012,SV4,A003,P3,20250606,20250609,20250608,72,40.97,True,0.0,project_fact_sla_export.csv,2026-06-23T00:00:00,3217
SLA003218,WO001952,C014,SV4,A003,P3,20250322,20250325,20250324,72,47.16,True,0.0,project_fact_sla_export.csv,2026-06-23T00:00:00,3218
SLA003219,WO003106,C003,SV8,A004,P3,20250210,20250213,20250212,72,31.57,True,0.0,project_fact_sla_export.csv,2026-06-23T00:00:00,3219
SLA003220,WO002690,C002,SV1,A004,P4,20250601,20250606,20250605,120,91.74,True,0.0,project_fact_sla_export.csv,2026-06-23T00:00:00,3220
SLA003221,WO004133,C011,SV8,A001,P2,20250125,20250126,20250126,24,19.76,True,0.0,project_fact_sla_export.csv,2026-06-23T00:00:00,3221
SLA003222,WO002381,C014,SV2,A003,P4,20250420,20250425,20250422,120,30.66,True,0.0,project_fact_sla_export.csv,2026-06-23T00:00:00,3222
SLA003223,WO001256,C009,SV2,A005,P4,20250604,20250609,20250607,120,61.58,True,0.0,project_fact_sla_export.csv,2026-06-23T00:00:00,3223
SLA003224,WO001557,C010,SV5,A006,P2,20250424,20250425,20250425,24,10.76,True,0.0,project_fact_sla_export.csv,2026-06-23T00:00:00,3224
SLA003225,WO004476,C006,SV3,A006,P3,20250126,20250129,20250202,72,158.03,False,86.03,project_fact_sla_export.csv,2026-06-23T00:00:00,3225
SLA003226,WO000360,C015,SV1,A006,P2,20250426,20250427,20250427,24,18.27,True,0.0,project_fact_sla_export.csv,2026-06-23T00:00:00,3226
SLA003227,WO003488,C016,SV6,A005,P2,20250511,20250512,20250512,24,8.47,True,0.0,project_fact_sla_export.csv,2026-06-23T00:00:00,3227
SLA003228,WO002474,C014,SV6,A005,P3,20250622,20250625,20250623,72,15.6,True,0.0,project_fact_sla_export.csv,2026-06-23T00:00:00,3228
SLA003229,WO000646,C006,SV3,A004,P3,20250316,20250319,20250321,72,103.87,False,31.87,project_fact_sla_export.csv,2026-06-23T00:00:00,3229
SLA003230,WO002343,C012,SV7,A001,P3,20250427,20250430,20250429,72,45.59,True,0.0,project_fact_sla_export.csv,2026-06-23T00:00:00,3230
SLA003231,WO003646,C008,SV1,A003,P2,20250116,20250117,20250117,24,17.53,True,0.0,project_fact_sla_export.csv,2026-06-23T00:00:00,3231
SLA003232,WO002903,C013,SV2,A005,P1,20250619,20250619,20250620,8,9.19,False,1.19,project_fact_sla_export.csv,2026-06-23T00:00:00,3232
SLA003233,WO003172,C001,SV1,A001,P2,20250318,20250319,20250320,24,31.98,False,7.98,project_fact_sla_export.csv,2026-06-23T00:00:00,3233
SLA003234,WO004381,C006,SV3,A006,P2,20250622,20250623,20250623,24,8.26,True,0.0,project_fact_sla_export.csv,2026-06-23T00:00:00,3234
SLA003235,WO000679,C005,SV8,A006,P3,20250524,20250527,20250526,72,39.37,True,0.0,project_fact_sla_export.csv,2026-06-23T00:00:00,3235
SLA003236,WO004440,C011,SV7,A001,P3,20250407,20250410,20250409,72,27.9,True,0.0,project_fact_sla_export.csv,2026-06-23T00:00:00,3236
SLA003237,WO000255,C020,SV3,A005,P2,20250307,20250308,20250309,24,31.04,False,7.04,project_fact_sla_export.csv,2026-06-23T00:00:00,3237
SLA003238,WO004039,C008,SV4,A005,P3,20250626,20250629,20250628,72,42.0,True,0.0,project_fact_sla_export.csv,2026-06-23T00:00:00,3238
SLA003239,WO002092,C019,SV8,A003,P2,20250127,20250128,20250128,24,11.9,True,0.0,project_fact_sla_export.csv,2026-06-23T00:00:00,3239
SLA003240,WO000375,C005,SV4,A001,P2,20250315,20250316,20250316,24,21.77,True,0.0,project_fact_sla_export.csv,2026-06-23T00:00:00,3240
SLA003241,WO004047,C010,SV8,A003,P3,20250215,20250218,20250217,72,25.93,True,0.0,project_fact_sla_export.csv,2026-06-23T00:00:00,3241
SLA003242,WO000960,C019,SV7,A004,P1,20250313,20250313,20250314,8,3.34,True,0.0,project_fact_sla_export.csv,2026-06-23T00:00:00,3242
SLA003243,WO000373,C003,SV8,A001,P3,20250115,20250118,20250120,72,98.71,False,26.71,project_fact_sla_export.csv,2026-06-23T00:00:00,3243
SLA003244,WO000596,C005,SV5,A004,P4,20250413,20250418,20250418,120,107.79,True,0.0,project_fact_sla_export.csv,2026-06-23T00:00:00,3244
SLA003245,WO004972,C019,SV2,A002,P1,20250130,20250130,20250131,8,4.28,True,0.0,project_fact_sla_export.csv,2026-06-23T00:00:00,3245
SLA003246,WO002975,C002,SV7,A001,P2,20250516,20250517,20250517,24,13.47,True,0.0,project_fact_sla_export.csv,2026-06-23T00:00:00,3246
SLA003247,WO004378,C018,SV7,A005,P2,20250622,20250623,20250623,24,11.43,True,0.0,project_fact_sla_export.csv,2026-06-23T00:00:00,3247
SLA003248,WO000749,C009,SV3,A003,P2,20250531,20250601,20250601,24,8.24,True,0.0,project_fact_sla_export.csv,2026-06-23T00:00:00,3248
SLA003249,WO000915,C010,SV7,A005,P3,20250222,20250225,20250224,72,25.26,True,0.0,project_fact_sla_export.csv,2026-06-23T00:00:00,3249
SLA003250,WO004390,C001,SV4,A006,P2,20250326,20250327,20250327,24,20.76,True,0.0,project_fact_sla_export.csv,2026-06-23T00:00:00,3250
SLA003251,WO001700,C002,SV2,A006,P3,20250410,20250413,20250413,72,52.2,True,0.0,project_fact_sla_export.csv,2026-06-23T00:00:00,3251
SLA003252,WO000467,C017,SV8,A001,P2,20250529,20250530,20250530,24,21.99,True,0.0,project_fact_sla_export.csv,2026-06-23T00:00:00,3252
SLA003253,WO003328,C010,SV7,A006,P1,20250207,20250207,20250208,8,6.94,True,0.0,project_fact_sla_export.csv,2026-06-23T00:00:00,3253
SLA003254,WO000340,C004,SV2,A003,P3,20250311,20250314,20250314,72,66.49,True,0.0,project_fact_sla_export.csv,2026-06-23T00:00:00,3254
SLA003255,WO001734,C011,SV7,A002,P4,20250518,20250523,20250525,120,151.87,False,31.87,project_fact_sla_export.csv,2026-06-23T00:00:00,3255
SLA003256,WO004367,C010,SV4,A003,P1,20250422,20250422,20250423,8,1.72,True,0.0,project_fact_sla_export.csv,2026-06-23T00:00:00,3256
SLA003257,WO003799,C004,SV2,A005,P3,20250316,20250319,20250318,72,40.3,True,0.0,project_fact_sla_export.csv,2026-06-23T00:00:00,3257
SLA003258,WO000214,C016,SV5,A002,P3,20250211,20250214,20250213,72,40.08,True,0.0,project_fact_sla_export.csv,2026-06-23T00:00:00,3258
SLA003259,WO000733,C001,SV7,A006,P1,20250610,20250610,20250611,8,5.81,True,0.0,project_fact_sla_export.csv,2026-06-23T00:00:00,3259
SLA003260,WO003255,C001,SV4,A004,P3,20250225,20250228,20250227,72,27.34,True,0.0,project_fact_sla_export.csv,2026-06-23T00:00:00,3260
SLA003261,WO002240,C019,SV7,A002,P4,20250322,20250327,20250325,120,55.56,True,0.0,project_fact_sla_export.csv,2026-06-23T00:00:00,3261
SLA003262,WO000417,C007,SV4,A005,P4,20250609,20250614,20250613,120,95.94,True,0.0,project_fact_sla_export.csv,2026-06-23T00:00:00,3262
SLA003263,WO002644,C015,SV6,A002,P3,20250320,20250323,20250322,72,36.55,True,0.0,project_fact_sla_export.csv,2026-06-23T00:00:00,3263
SLA003264,WO000435,C016,SV5,A003,P2,20250416,20250417,20250417,24,21.07,True,0.0,project_fact_sla_export.csv,2026-06-23T00:00:00,3264
SLA003265,WO000391,C020,SV6,A003,P2,20250525,20250526,20250526,24,16.89,True,0.0,project_fact_sla_export.csv,2026-06-23T00:00:00,3265
SLA003266,WO000565,C012,SV8,A003,P1,20250130,20250130,20250131,8,12.86,False,4.86,project_fact_sla_export.csv,2026-06-23T00:00:00,3266
SLA003267,WO000132,C014,SV5,A001,P4,20250310,20250315,20250314,120,76.68,True,0.0,project_fact_sla_export.csv,2026-06-23T00:00:00,3267
SLA003268,WO002323,C006,SV8,A006,P1,20250216,20250216,20250217,8,3.11,True,0.0,project_fact_sla_export.csv,2026-06-23T00:00:00,3268
SLA003269,WO002485,C020,SV5,A005,P2,20250219,20250220,20250220,24,7.81,True,0.0,project_fact_sla_export.csv,2026-06-23T00:00:00,3269
SLA003270,WO000498,C008,SV7,A005,P3,20250109,20250112,20250113,72,73.38,False,1.38,project_fact_sla_export.csv,2026-06-23T00:00:00,3270
SLA003271,WO004765,C002,SV5,A005,P4,20250526,20250531,20250601,120,142.13,False,22.13,project_fact_sla_export.csv,2026-06-23T00:00:00,3271
SLA003272,WO001356,C004,SV8,A004,P4,20250513,20250518,20250520,120,151.16,False,31.16,project_fact_sla_export.csv,2026-06-23T00:00:00,3272
SLA003273,WO003350,C008,SV8,A003,P2,20250210,20250211,20250212,24,32.43,False,8.43,project_fact_sla_export.csv,2026-06-23T00:00:00,3273
SLA003274,WO001443,C004,SV3,A005,P2,20250619,20250620,20250620,24,11.96,True,0.0,project_fact_sla_export.csv,2026-06-23T00:00:00,3274
SLA003275,WO000817,C004,SV7,A005,P2,20250528,20250529,20250529,24,9.64,True,0.0,project_fact_sla_export.csv,2026-06-23T00:00:00,3275
SLA003276,WO003645,C017,SV1,A006,P2,20250105,20250106,20250106,24,22.98,True,0.0,project_fact_sla_export.csv,2026-06-23T00:00:00,3276
SLA003277,WO002317,C020,SV7,A005,P2,20250303,20250304,20250304,24,18.25,True,0.0,project_fact_sla_export.csv,2026-06-23T00:00:00,3277
SLA003278,WO001529,C011,SV1,A002,P2,20250621,20250622,20250622,24,20.69,True,0.0,project_fact_sla_export.csv,2026-06-23T00:00:00,3278
SLA003279,WO000936,C020,SV5,A003,P1,20250207,20250207,20250208,8,5.58,True,0.0,project_fact_sla_export.csv,2026-06-23T00:00:00,3279
SLA003280,WO003800,C009,SV3,A003,P4,20250318,20250323,20250320,120,42.48,True,0.0,project_fact_sla_export.csv,2026-06-23T00:00:00,3280
SLA003281,WO002397,C005,SV8,A004,P4,20250226,20250303,20250228,120,39.69,True,0.0,project_fact_sla_export.csv,2026-06-23T00:00:00,3281
SLA003282,WO004032,C015,SV5,A001,P3,20250303,20250306,20250308,72,109.55,False,37.55,project_fact_sla_export.csv,2026-06-23T00:00:00,3282
SLA003283,WO004566,C003,SV4,A003,P3,20250411,20250414,20250413,72,44.66,True,0.0,project_fact_sla_export.csv,2026-06-23T00:00:00,3283
SLA003284,WO002874,C003,SV6,A001,P2,20250318,20250319,20250319,24,8.72,True,0.0,project_fact_sla_export.csv,2026-06-23T00:00:00,3284
SLA003285,WO003867,C019,SV8,A002,P1,20250629,20250629,20250630,8,5.21,True,0.0,project_fact_sla_export.csv,2026-06-23T00:00:00,3285
SLA003286,WO004403,C012,SV3,A001,P4,20250302,20250307,20250308,120,123.14,False,3.14,project_fact_sla_export.csv,2026-06-23T00:00:00,3286
SLA003287,WO000484,C019,SV3,A003,P1,20250507,20250507,20250508,8,0.97,True,0.0,project_fact_sla_export.csv,2026-06-23T00:00:00,3287
SLA003288,WO000223,C007,SV5,A005,P3,20250503,20250506,20250505,72,43.1,True,0.0,project_fact_sla_export.csv,2026-06-23T00:00:00,3288
SLA003289,WO001562,C001,SV6,A001,P4,20250630,20250705,20250630,120,149.04,False,29.04,project_fact_sla_export.csv,2026-06-23T00:00:00,3289
SLA003290,WO003704,C012,SV4,A001,P2,20250411,20250412,20250412,24,4.21,True,0.0,project_fact_sla_export.csv,2026-06-23T00:00:00,3290
SLA003291,WO004227,C016,SV5,A002,P4,20250104,20250109,20250111,120,156.13,False,36.13,project_fact_sla_export.csv,2026-06-23T00:00:00,3291
SLA003292,WO004927,C009,SV6,A002,P1,20250219,20250219,20250220,8,6.08,True,0.0,project_fact_sla_export.csv,2026-06-23T00:00:00,3292
SLA003293,WO003956,C013,SV2,A003,P4,20250426,20250501,20250428,120,26.43,True,0.0,project_fact_sla_export.csv,2026-06-23T00:00:00,3293
SLA003294,WO000523,C011,SV2,A005,P3,20250414,20250417,20250417,72,68.83,True,0.0,project_fact_sla_export.csv,2026-06-23T00:00:00,3294
SLA003295,WO001654,C013,SV1,A005,P2,20250311,20250312,20250312,24,10.95,True,0.0,project_fact_sla_export.csv,2026-06-23T00:00:00,3295
SLA003296,WO003869,C020,SV5,A006,P3,20250517,20250520,20250520,72,50.48,True,0.0,project_fact_sla_export.csv,2026-06-23T00:00:00,3296
SLA003297,WO003070,C009,SV3,A005,P4,20250527,20250601,20250530,120,59.85,True,0.0,project_fact_sla_export.csv,2026-06-23T00:00:00,3297
SLA003298,WO004423,C003,SV1,A003,P3,20250129,20250201,20250205,72,145.24,False,73.24,project_fact_sla_export.csv,2026-06-23T00:00:00,3298
SLA003299,WO002238,C015,SV5,A005,P3,20250227,20250302,20250303,72,82.38,False,10.38,project_fact_sla_export.csv,2026-06-23T00:00:00,3299
SLA003300,WO004159,C007,SV3,A005,P4,20250116,20250121,20250121,120,97.65,True,0.0,project_fact_sla_export.csv,2026-06-23T00:00:00,3300
SLA003301,WO000538,C003,SV7,A001,P3,20250325,20250328,20250328,72,62.96,True,0.0,project_fact_sla_export.csv,2026-06-23T00:00:00,3301
SLA003302,WO003640,C010,SV5,A005,P2,20250517,20250518,20250518,24,11.36,True,0.0,project_fact_sla_export.csv,2026-06-23T00:00:00,3302
SLA003303,WO003088,C016,SV1,A006,P2,20250312,20250313,20250314,24,24.49,False,0.49,project_fact_sla_export.csv,2026-06-23T00:00:00,3303
SLA003304,WO001395,C007,SV4,A004,P2,20250227,20250228,20250228,24,16.84,True,0.0,project_fact_sla_export.csv,2026-06-23T00:00:00,3304
SLA003305,WO001656,C015,SV5,A005,P2,20250409,20250410,20250410,24,19.06,True,0.0,project_fact_sla_export.csv,2026-06-23T00:00:00,3305
SLA003306,WO003446,C015,SV7,A005,P3,20250120,20250123,20250122,72,46.07,True,0.0,project_fact_sla_export.csv,2026-06-23T00:00:00,3306
SLA003307,WO002497,C015,SV2,A004,P4,20250307,20250312,20250310,120,56.25,True,0.0,project_fact_sla_export.csv,2026-06-23T00:00:00,3307
SLA003308,WO002274,C016,SV2,A002,P2,20250615,20250616,20250617,24,25.43,False,1.43,project_fact_sla_export.csv,2026-06-23T00:00:00,3308
SLA003309,WO003569,C009,SV1,A001,P3,20250424,20250427,20250428,72,92.51,False,20.51,project_fact_sla_export.csv,2026-06-23T00:00:00,3309
SLA003310,WO004312,C018,SV6,A004,P2,20250327,20250328,20250328,24,10.37,True,0.0,project_fact_sla_export.csv,2026-06-23T00:00:00,3310
SLA003311,WO002816,C007,SV1,A004,P2,20250223,20250224,20250224,24,8.29,True,0.0,project_fact_sla_export.csv,2026-06-23T00:00:00,3311
SLA003312,WO002521,C012,SV4,A002,P3,20250320,20250323,20250325,72,107.58,False,35.58,project_fact_sla_export.csv,2026-06-23T00:00:00,3312
SLA003313,WO003457,C019,SV2,A003,P4,20250117,20250122,20250123,120,133.4,False,13.4,project_fact_sla_export.csv,2026-06-23T00:00:00,3313
SLA003314,WO003273,C011,SV4,A005,P3,20250302,20250305,20250305,72,50.38,True,0.0,project_fact_sla_export.csv,2026-06-23T00:00:00,3314
SLA003315,WO001067,C008,SV7,A001,P2,20250330,20250331,20250401,24,31.06,False,7.06,project_fact_sla_export.csv,2026-06-23T00:00:00,3315
SLA003316,WO003842,C017,SV2,A002,P4,20250519,20250524,20250523,120,90.73,True,0.0,project_fact_sla_export.csv,2026-06-23T00:00:00,3316
SLA003317,WO002477,C015,SV3,A001,P1,20250501,20250501,20250502,8,14.71,False,6.71,project_fact_sla_export.csv,2026-06-23T00:00:00,3317
SLA003318,WO004881,C020,SV4,A005,P2,20250612,20250613,20250613,24,13.41,True,0.0,project_fact_sla_export.csv,2026-06-23T00:00:00,3318
SLA003319,WO002578,C010,SV7,A003,P3,20250303,20250306,20250306,72,50.71,True,0.0,project_fact_sla_export.csv,2026-06-23T00:00:00,3319
SLA003320,WO003607,C004,SV5,A005,P3,20250423,20250426,20250425,72,28.21,True,0.0,project_fact_sla_export.csv,2026-06-23T00:00:00,3320
SLA003321,WO002922,C013,SV6,A005,P2,20250219,20250220,20250220,24,5.88,True,0.0,project_fact_sla_export.csv,2026-06-23T00:00:00,3321
SLA003322,WO002632,C019,SV4,A005,P3,20250406,20250409,20250409,72,68.83,True,0.0,project_fact_sla_export.csv,2026-06-23T00:00:00,3322
SLA003323,WO004933,C020,SV5,A004,P2,20250411,20250412,20250412,24,12.61,True,0.0,project_fact_sla_export.csv,2026-06-23T00:00:00,3323
SLA003324,WO004952,C002,SV8,A006,P3,20250621,20250624,20250624,72,66.67,True,0.0,project_fact_sla_export.csv,2026-06-23T00:00:00,3324
SLA003325,WO004585,C007,SV4,A006,P1,20250603,20250603,20250604,8,4.6,True,0.0,project_fact_sla_export.csv,2026-06-23T00:00:00,3325
SLA003326,WO001478,C012,SV6,A003,P3,20250201,20250204,20250206,72,100.44,False,28.44,project_fact_sla_export.csv,2026-06-23T00:00:00,3326
SLA003327,WO004469,C009,SV1,A003,P4,20250512,20250517,20250516,120,82.82,True,0.0,project_fact_sla_export.csv,2026-06-23T00:00:00,3327
SLA003328,WO002128,C020,SV1,A003,P1,20250620,20250620,20250621,8,5.08,True,0.0,project_fact_sla_export.csv,2026-06-23T00:00:00,3328
SLA003329,WO004651,C007,SV2,A005,P3,20250413,20250416,20250417,72,83.45,False,11.45,project_fact_sla_export.csv,2026-06-23T00:00:00,3329
SLA003330,WO004100,C003,SV8,A005,P1,20250507,20250507,20250508,8,6.75,True,0.0,project_fact_sla_export.csv,2026-06-23T00:00:00,3330
SLA003331,WO003268,C017,SV6,A006,P2,20250216,20250217,20250217,24,22.82,True,0.0,project_fact_sla_export.csv,2026-06-23T00:00:00,3331
SLA003332,WO000306,C006,SV3,A003,P1,20250420,20250420,20250421,8,4.55,True,0.0,project_fact_sla_export.csv,2026-06-23T00:00:00,3332
SLA003333,WO001663,C001,SV7,A006,P4,20250122,20250127,20250125,120,61.64,True,0.0,project_fact_sla_export.csv,2026-06-23T00:00:00,3333
SLA003334,WO004441,C017,SV8,A005,P3,20250104,20250107,20250105,72,13.57,True,0.0,project_fact_sla_export.csv,2026-06-23T00:00:00,3334
SLA003335,WO002736,C015,SV4,A005,P1,20250207,20250207,20250208,8,6.0,True,0.0,project_fact_sla_export.csv,2026-06-23T00:00:00,3335
SLA003336,WO000972,C012,SV3,A005,P4,20250618,20250623,20250622,120,79.94,True,0.0,project_fact_sla_export.csv,2026-06-23T00:00:00,3336
SLA003337,WO002495,C013,SV2,A003,P3,20250102,20250105,20250103,72,11.81,True,0.0,project_fact_sla_export.csv,2026-06-23T00:00:00,3337
SLA003338,WO001670,C012,SV8,A005,P3,20250312,20250315,20250316,72,80.08,False,8.08,project_fact_sla_export.csv,2026-06-23T00:00:00,3338
SLA003339,WO003834,C016,SV1,A004,P3,20250408,20250411,20250410,72,29.68,True,0.0,project_fact_sla_export.csv,2026-06-23T00:00:00,3339
SLA003340,WO001468,C010,SV6,A004,P4,20250520,20250525,20250526,120,123.97,False,3.97,project_fact_sla_export.csv,2026-06-23T00:00:00,3340
SLA003341,WO002096,C019,SV5,A004,P4,20250116,20250121,20250119,120,69.67,True,0.0,project_fact_sla_export.csv,2026-06-23T00:00:00,3341
SLA003342,WO003582,C010,SV8,A006,P3,20250629,20250702,20250630,72,11.33,True,0.0,project_fact_sla_export.csv,2026-06-23T00:00:00,3342
SLA003343,WO003044,C017,SV5,A004,P2,20250116,20250117,20250118,24,45.09,False,21.09,project_fact_sla_export.csv,2026-06-23T00:00:00,3343
SLA003344,WO003663,C013,SV6,A006,P1,20250117,20250117,20250118,8,13.72,False,5.72,project_fact_sla_export.csv,2026-06-23T00:00:00,3344
SLA003345,WO003554,C019,SV7,A003,P3,20250414,20250417,20250417,72,60.9,True,0.0,project_fact_sla_export.csv,2026-06-23T00:00:00,3345
SLA003346,WO003995,C014,SV5,A003,P2,20250428,20250429,20250429,24,9.43,True,0.0,project_fact_sla_export.csv,2026-06-23T00:00:00,3346
SLA003347,WO000170,C014,SV1,A005,P1,20250323,20250323,20250324,8,13.81,False,5.81,project_fact_sla_export.csv,2026-06-23T00:00:00,3347
SLA003348,WO000096,C001,SV7,A005,P3,20250325,20250328,20250328,72,54.45,True,0.0,project_fact_sla_export.csv,2026-06-23T00:00:00,3348
SLA003349,WO003744,C016,SV7,A005,P3,20250618,20250621,20250620,72,37.15,True,0.0,project_fact_sla_export.csv,2026-06-23T00:00:00,3349
SLA003350,WO003014,C019,SV4,A003,P3,20250211,20250214,20250213,72,29.65,True,0.0,project_fact_sla_export.csv,2026-06-23T00:00:00,3350
SLA003351,WO001759,C020,SV7,A005,P2,20250621,20250622,20250622,24,5.97,True,0.0,project_fact_sla_export.csv,2026-06-23T00:00:00,3351
SLA003352,WO004081,C018,SV5,A001,P1,20250606,20250606,20250607,8,7.58,True,0.0,project_fact_sla_export.csv,2026-06-23T00:00:00,3352
SLA003353,WO001093,C005,SV4,A001,P3,20250621,20250624,20250630,72,247.54,False,175.54,project_fact_sla_export.csv,2026-06-23T00:00:00,3353
SLA003354,WO004088,C015,SV2,A005,P3,20250401,20250404,20250403,72,32.71,True,0.0,project_fact_sla_export.csv,2026-06-23T00:00:00,3354
SLA003355,WO001824,C019,SV3,A005,P2,20250504,20250505,20250505,24,23.38,True,0.0,project_fact_sla_export.csv,2026-06-23T00:00:00,3355
SLA003356,WO001481,C014,SV3,A005,P3,20250513,20250516,20250516,72,56.64,True,0.0,project_fact_sla_export.csv,2026-06-23T00:00:00,3356
SLA003357,WO003308,C018,SV2,A001,P3,20250425,20250428,20250427,72,39.11,True,0.0,project_fact_sla_export.csv,2026-06-23T00:00:00,3357
SLA003358,WO001821,C010,SV1,A004,P1,20250410,20250410,20250411,8,5.87,True,0.0,project_fact_sla_export.csv,2026-06-23T00:00:00,3358
SLA003359,WO002076,C004,SV2,A006,P2,20250225,20250226,20250226,24,9.72,True,0.0,project_fact_sla_export.csv,2026-06-23T00:00:00,3359
SLA003360,WO004563,C015,SV3,A004,P2,20250218,20250219,20250220,24,30.41,False,6.41,project_fact_sla_export.csv,2026-06-23T00:00:00,3360
SLA003361,WO003895,C013,SV1,A005,P3,20250101,20250104,20250105,72,74.88,False,2.88,project_fact_sla_export.csv,2026-06-23T00:00:00,3361
SLA003362,WO002872,C009,SV6,A004,P3,20250130,20250202,20250203,72,84.58,False,12.58,project_fact_sla_export.csv,2026-06-23T00:00:00,3362
SLA003363,WO001056,C010,SV2,A004,P3,20250629,20250702,20250630,72,89.7,False,17.7,project_fact_sla_export.csv,2026-06-23T00:00:00,3363
SLA003364,WO003485,C018,SV8,A005,P2,20250111,20250112,20250112,24,10.94,True,0.0,project_fact_sla_export.csv,2026-06-23T00:00:00,3364
SLA003365,WO001893,C010,SV1,A002,P3,20250107,20250110,20250110,72,64.9,True,0.0,project_fact_sla_export.csv,2026-06-23T00:00:00,3365
SLA003366,WO000694,C019,SV3,A001,P2,20250513,20250514,20250514,24,6.11,True,0.0,project_fact_sla_export.csv,2026-06-23T00:00:00,3366
SLA003367,WO003699,C011,SV4,A003,P4,20250401,20250406,20250407,120,138.92,False,18.92,project_fact_sla_export.csv,2026-06-23T00:00:00,3367
SLA003368,WO001202,C013,SV7,A001,P3,20250622,20250625,20250625,72,56.02,True,0.0,project_fact_sla_export.csv,2026-06-23T00:00:00,3368
SLA003369,WO004961,C009,SV7,A005,P3,20250524,20250527,20250528,72,81.5,False,9.5,project_fact_sla_export.csv,2026-06-23T00:00:00,3369
SLA003370,WO001233,C012,SV3,A003,P2,20250327,20250328,20250328,24,16.56,True,0.0,project_fact_sla_export.csv,2026-06-23T00:00:00,3370
SLA003371,WO000479,C005,SV8,A002,P3,20250206,20250209,20250208,72,37.9,True,0.0,project_fact_sla_export.csv,2026-06-23T00:00:00,3371
SLA003372,WO003267,C009,SV4,A004,P3,20250506,20250509,20250508,72,25.3,True,0.0,project_fact_sla_export.csv,2026-06-23T00:00:00,3372
SLA003373,WO001448,C015,SV5,A006,P3,20250605,20250608,20250607,72,45.28,True,0.0,project_fact_sla_export.csv,2026-06-23T00:00:00,3373
SLA003374,WO000998,C006,SV4,A005,P4,20250502,20250507,20250504,120,47.26,True,0.0,project_fact_sla_export.csv,2026-06-23T00:00:00,3374
SLA003375,WO000610,C012,SV2,A003,P2,20250613,20250614,20250614,24,4.43,True,0.0,project_fact_sla_export.csv,2026-06-23T00:00:00,3375
SLA003376,WO003610,C009,SV3,A003,P4,20250214,20250219,20250218,120,93.91,True,0.0,project_fact_sla_export.csv,2026-06-23T00:00:00,3376
SLA003377,WO003989,C002,SV6,A004,P1,20250106,20250106,20250107,8,6.88,True,0.0,project_fact_sla_export.csv,2026-06-23T00:00:00,3377
SLA003378,WO001357,C017,SV3,A004,P2,20250608,20250609,20250609,24,22.11,True,0.0,project_fact_sla_export.csv,2026-06-23T00:00:00,3378
SLA003379,WO002414,C005,SV7,A006,P4,20250308,20250313,20250311,120,49.75,True,0.0,project_fact_sla_export.csv,2026-06-23T00:00:00,3379
SLA003380,WO000002,C002,SV1,A003,P3,20250424,20250427,20250426,72,28.19,True,0.0,project_fact_sla_export.csv,2026-06-23T00:00:00,3380
SLA003381,WO004739,C007,SV1,A003,P3,20250529,20250601,20250531,72,45.74,True,0.0,project_fact_sla_export.csv,2026-06-23T00:00:00,3381
SLA003382,WO004334,C017,SV2,A004,P3,20250222,20250225,20250223,72,18.3,True,0.0,project_fact_sla_export.csv,2026-06-23T00:00:00,3382
SLA003383,WO003188,C013,SV7,A004,P1,20250301,20250301,20250302,8,4.38,True,0.0,project_fact_sla_export.csv,2026-06-23T00:00:00,3383
SLA003384,WO001075,C013,SV5,A002,P3,20250428,20250501,20250502,72,79.98,False,7.98,project_fact_sla_export.csv,2026-06-23T00:00:00,3384
SLA003385,WO004394,C004,SV2,A005,P3,20250413,20250416,20250417,72,82.41,False,10.41,project_fact_sla_export.csv,2026-06-23T00:00:00,3385
SLA003386,WO001912,C018,SV3,A005,P3,20250626,20250629,20250629,72,58.73,True,0.0,project_fact_sla_export.csv,2026-06-23T00:00:00,3386
SLA003387,WO001312,C004,SV4,A005,P3,20250604,20250607,20250606,72,43.98,True,0.0,project_fact_sla_export.csv,2026-06-23T00:00:00,3387
SLA003388,WO001165,C001,SV8,A006,P2,20250118,20250119,20250119,24,7.97,True,0.0,project_fact_sla_export.csv,2026-06-23T00:00:00,3388
SLA003389,WO004102,C013,SV8,A004,P3,20250512,20250515,20250515,72,67.35,True,0.0,project_fact_sla_export.csv,2026-06-23T00:00:00,3389
SLA003390,WO001057,C018,SV6,A005,P2,20250511,20250512,20250512,24,19.32,True,0.0,project_fact_sla_export.csv,2026-06-23T00:00:00,3390
SLA003391,WO001343,C013,SV1,A002,P3,20250213,20250216,20250216,72,60.31,True,0.0,project_fact_sla_export.csv,2026-06-23T00:00:00,3391
SLA003392,WO002515,C014,SV6,A005,P2,20250619,20250620,20250620,24,20.36,True,0.0,project_fact_sla_export.csv,2026-06-23T00:00:00,3392
SLA003393,WO001849,C014,SV5,A001,P1,20250615,20250615,20250616,8,9.41,False,1.41,project_fact_sla_export.csv,2026-06-23T00:00:00,3393
SLA003394,WO002248,C020,SV1,A003,P2,20250628,20250629,20250630,24,25.78,False,1.78,project_fact_sla_export.csv,2026-06-23T00:00:00,3394
SLA003395,WO001110,C002,SV2,A005,P3,20250226,20250301,20250228,72,39.86,True,0.0,project_fact_sla_export.csv,2026-06-23T00:00:00,3395
SLA003396,WO000588,C002,SV3,A003,P3,20250223,20250226,20250225,72,44.86,True,0.0,project_fact_sla_export.csv,2026-06-23T00:00:00,3396
SLA003397,WO003703,C010,SV2,A005,P3,20250416,20250419,20250419,72,60.62,True,0.0,project_fact_sla_export.csv,2026-06-23T00:00:00,3397
SLA003398,WO002712,C007,SV1,A001,P4,20250201,20250206,20250209,120,169.07,False,49.07,project_fact_sla_export.csv,2026-06-23T00:00:00,3398
SLA003399,WO002599,C008,SV7,A006,P2,20250212,20250213,20250213,24,23.39,True,0.0,project_fact_sla_export.csv,2026-06-23T00:00:00,3399
SLA003400,WO001872,C002,SV1,A004,P2,20250605,20250606,20250606,24,9.64,True,0.0,project_fact_sla_export.csv,2026-06-23T00:00:00,3400
SLA003401,WO000264,C011,SV7,A001,P2,20250115,20250116,20250116,24,11.43,True,0.0,project_fact_sla_export.csv,2026-06-23T00:00:00,3401
SLA003402,WO002852,C006,SV1,A001,P4,20250428,20250503,20250504,120,132.32,False,12.32,project_fact_sla_export.csv,2026-06-23T00:00:00,3402
SLA003403,WO003405,C012,SV4,A003,P2,20250202,20250203,20250203,24,12.45,True,0.0,project_fact_sla_export.csv,2026-06-23T00:00:00,3403
SLA003404,WO003584,C009,SV1,A003,P4,20250426,20250501,20250430,120,75.95,True,0.0,project_fact_sla_export.csv,2026-06-23T00:00:00,3404
SLA003405,WO004237,C004,SV5,A003,P2,20250309,20250310,20250310,24,21.68,True,0.0,project_fact_sla_export.csv,2026-06-23T00:00:00,3405
SLA003406,WO000112,C003,SV3,A005,P2,20250426,20250427,20250427,24,19.89,True,0.0,project_fact_sla_export.csv,2026-06-23T00:00:00,3406
SLA003407,WO002615,C002,SV1,A005,P2,20250601,20250602,20250602,24,16.04,True,0.0,project_fact_sla_export.csv,2026-06-23T00:00:00,3407
SLA003408,WO000273,C012,SV5,A004,P2,20250627,20250628,20250628,24,4.97,True,0.0,project_fact_sla_export.csv,2026-06-23T00:00:00,3408
SLA003409,WO000764,C019,SV7,A006,P2,20250416,20250417,20250417,24,9.89,True,0.0,project_fact_sla_export.csv,2026-06-23T00:00:00,3409
SLA003410,WO003150,C020,SV2,A002,P1,20250307,20250307,20250308,8,4.77,True,0.0,project_fact_sla_export.csv,2026-06-23T00:00:00,3410
SLA003411,WO001948,C020,SV5,A005,P4,20250503,20250508,20250514,120,247.25,False,127.25,project_fact_sla_export.csv,2026-06-23T00:00:00,3411
SLA003412,WO002127,C018,SV2,A005,P4,20250403,20250408,20250409,120,125.34,False,5.34,project_fact_sla_export.csv,2026-06-23T00:00:00,3412
SLA003413,WO003285,C008,SV6,A003,P4,20250119,20250124,20250122,120,57.55,True,0.0,project_fact_sla_export.csv,2026-06-23T00:00:00,3413
SLA003414,WO003722,C006,SV4,A004,P4,20250404,20250409,20250409,120,105.37,True,0.0,project_fact_sla_export.csv,2026-06-23T00:00:00,3414
SLA003415,WO002703,C001,SV3,A004,P3,20250414,20250417,20250417,72,50.35,True,0.0,project_fact_sla_export.csv,2026-06-23T00:00:00,3415
SLA003416,WO004050,C008,SV2,A002,P4,20250510,20250515,20250516,120,131.03,False,11.03,project_fact_sla_export.csv,2026-06-23T00:00:00,3416
SLA003417,WO002066,C018,SV5,A005,P4,20250414,20250419,20250417,120,65.92,True,0.0,project_fact_sla_export.csv,2026-06-23T00:00:00,3417
SLA003418,WO000938,C019,SV3,A003,P2,20250121,20250122,20250122,24,10.11,True,0.0,project_fact_sla_export.csv,2026-06-23T00:00:00,3418
SLA003419,WO000977,C015,SV7,A005,P2,20250402,20250403,20250404,24,29.02,False,5.02,project_fact_sla_export.csv,2026-06-23T00:00:00,3419
SLA003420,WO004335,C012,SV8,A005,P3,20250305,20250308,20250309,72,72.12,False,0.12,project_fact_sla_export.csv,2026-06-23T00:00:00,3420
SLA003421,WO002831,C009,SV1,A006,P3,20250302,20250305,20250304,72,45.19,True,0.0,project_fact_sla_export.csv,2026-06-23T00:00:00,3421
SLA003422,WO003318,C014,SV1,A001,P3,20250528,20250531,20250601,72,88.57,False,16.57,project_fact_sla_export.csv,2026-06-23T00:00:00,3422
SLA003423,WO003553,C015,SV8,A004,P3,20250220,20250223,20250221,72,21.32,True,0.0,project_fact_sla_export.csv,2026-06-23T00:00:00,3423
SLA003424,WO000672,C005,SV4,A002,P3,20250616,20250619,20250620,72,80.75,False,8.75,project_fact_sla_export.csv,2026-06-23T00:00:00,3424
SLA003425,WO003775,C005,SV2,A004,P3,20250429,20250502,20250501,72,44.74,True,0.0,project_fact_sla_export.csv,2026-06-23T00:00:00,3425
SLA003426,WO002637,C010,SV2,A004,P1,20250205,20250205,20250206,8,10.58,False,2.58,project_fact_sla_export.csv,2026-06-23T00:00:00,3426
SLA003427,WO000503,C006,SV4,A006,P4,20250321,20250326,20250324,120,51.11,True,0.0,project_fact_sla_export.csv,2026-06-23T00:00:00,3427
SLA003428,WO003917,C014,SV4,A001,P3,20250409,20250412,20250412,72,51.69,True,0.0,project_fact_sla_export.csv,2026-06-23T00:00:00,3428
SLA003429,WO002265,C003,SV6,A001,P2,20250504,20250505,20250506,24,31.9,False,7.9,project_fact_sla_export.csv,2026-06-23T00:00:00,3429
SLA003430,WO002913,C013,SV2,A005,P2,20250613,20250614,20250614,24,7.84,True,0.0,project_fact_sla_export.csv,2026-06-23T00:00:00,3430
SLA003431,WO001419,C006,SV2,A001,P2,20250102,20250103,20250103,24,19.1,True,0.0,project_fact_sla_export.csv,2026-06-23T00:00:00,3431
SLA003432,WO001163,C010,SV4,A003,P1,20250513,20250513,20250514,8,7.76,True,0.0,project_fact_sla_export.csv,2026-06-23T00:00:00,3432
SLA003433,WO004842,C015,SV2,A003,P3,20250224,20250227,20250226,72,37.55,True,0.0,project_fact_sla_export.csv,2026-06-23T00:00:00,3433
SLA003434,WO004776,C017,SV5,A003,P3,20250608,20250611,20250610,72,32.44,True,0.0,project_fact_sla_export.csv,2026-06-23T00:00:00,3434
SLA003435,WO002653,C005,SV6,A003,P3,20250630,20250703,20250630,72,44.91,True,0.0,project_fact_sla_export.csv,2026-06-23T00:00:00,3435
SLA003436,WO001427,C001,SV6,A001,P2,20250216,20250217,20250217,24,18.3,True,0.0,project_fact_sla_export.csv,2026-06-23T00:00:00,3436
SLA003437,WO003788,C018,SV7,A005,P1,20250625,20250625,20250626,8,5.27,True,0.0,project_fact_sla_export.csv,2026-06-23T00:00:00,3437
SLA003438,WO003016,C002,SV3,A005,P2,20250519,20250520,20250520,24,8.93,True,0.0,project_fact_sla_export.csv,2026-06-23T00:00:00,3438
SLA003439,WO000798,C015,SV5,A001,P2,20250522,20250523,20250523,24,17.39,True,0.0,project_fact_sla_export.csv,2026-06-23T00:00:00,3439
SLA003440,WO001266,C010,SV6,A005,P1,20250227,20250227,20250228,8,2.42,True,0.0,project_fact_sla_export.csv,2026-06-23T00:00:00,3440
SLA003441,WO002226,C020,SV8,A005,P4,20250405,20250410,20250411,120,137.0,False,17.0,project_fact_sla_export.csv,2026-06-23T00:00:00,3441
SLA003442,WO003484,C018,SV2,A001,P3,20250106,20250109,20250109,72,69.41,True,0.0,project_fact_sla_export.csv,2026-06-23T00:00:00,3442
SLA003443,WO004090,C005,SV3,A004,P2,20250414,20250415,20250416,24,27.91,False,3.91,project_fact_sla_export.csv,2026-06-23T00:00:00,3443
SLA003444,WO003246,C017,SV5,A006,P2,20250528,20250529,20250529,24,10.1,True,0.0,project_fact_sla_export.csv,2026-06-23T00:00:00,3444
SLA003445,WO003028,C009,SV6,A004,P3,20250114,20250117,20250117,72,48.64,True,0.0,project_fact_sla_export.csv,2026-06-23T00:00:00,3445
SLA003446,WO004870,C007,SV5,A006,P2,20250126,20250127,20250127,24,10.0,True,0.0,project_fact_sla_export.csv,2026-06-23T00:00:00,3446
SLA003447,WO001385,C007,SV4,A004,P3,20250331,20250403,20250405,72,113.77,False,41.77,project_fact_sla_export.csv,2026-06-23T00:00:00,3447
SLA003448,WO004672,C008,SV8,A005,P3,20250402,20250405,20250405,72,61.28,True,0.0,project_fact_sla_export.csv,2026-06-23T00:00:00,3448
SLA003449,WO002401,C018,SV3,A005,P3,20250422,20250425,20250424,72,47.12,True,0.0,project_fact_sla_export.csv,2026-06-23T00:00:00,3449
SLA003450,WO000512,C002,SV1,A003,P1,20250602,20250602,20250603,8,8.17,False,0.17,project_fact_sla_export.csv,2026-06-23T00:00:00,3450
SLA003451,WO003679,C012,SV1,A001,P4,20250503,20250508,20250509,120,129.25,False,9.25,project_fact_sla_export.csv,2026-06-23T00:00:00,3451
SLA003452,WO001619,C002,SV7,A006,P3,20250208,20250211,20250211,72,53.01,True,0.0,project_fact_sla_export.csv,2026-06-23T00:00:00,3452
SLA003453,WO001122,C013,SV8,A004,P2,20250502,20250503,20250503,24,15.36,True,0.0,project_fact_sla_export.csv,2026-06-23T00:00:00,3453
SLA003454,WO003643,C007,SV7,A003,P3,20250614,20250617,20250616,72,36.33,True,0.0,project_fact_sla_export.csv,2026-06-23T00:00:00,3454
SLA003455,WO001806,C010,SV8,A003,P3,20250618,20250621,20250620,72,43.04,True,0.0,project_fact_sla_export.csv,2026-06-23T00:00:00,3455
SLA003456,WO001143,C004,SV3,A005,P1,20250515,20250515,20250516,8,5.45,True,0.0,project_fact_sla_export.csv,2026-06-23T00:00:00,3456
SLA003457,WO002184,C011,SV6,A004,P3,20250405,20250408,20250407,72,47.72,True,0.0,project_fact_sla_export.csv,2026-06-23T00:00:00,3457
SLA003458,WO001195,C006,SV3,A004,P4,20250330,20250404,20250402,120,62.77,True,0.0,project_fact_sla_export.csv,2026-06-23T00:00:00,3458
SLA003459,WO004428,C013,SV7,A005,P4,20250302,20250307,20250306,120,76.42,True,0.0,project_fact_sla_export.csv,2026-06-23T00:00:00,3459
SLA003460,WO003674,C011,SV8,A004,P2,20250526,20250527,20250527,24,15.56,True,0.0,project_fact_sla_export.csv,2026-06-23T00:00:00,3460
SLA003461,WO002406,C018,SV4,A001,P4,20250302,20250307,20250307,120,114.11,True,0.0,project_fact_sla_export.csv,2026-06-23T00:00:00,3461
SLA003462,WO001454,C016,SV5,A006,P1,20250613,20250613,20250614,8,9.84,False,1.84,project_fact_sla_export.csv,2026-06-23T00:00:00,3462
SLA003463,WO003321,C008,SV7,A001,P1,20250629,20250629,20250630,8,5.41,True,0.0,project_fact_sla_export.csv,2026-06-23T00:00:00,3463
SLA003464,WO003011,C017,SV6,A001,P3,20250319,20250322,20250322,72,49.66,True,0.0,project_fact_sla_export.csv,2026-06-23T00:00:00,3464
SLA003465,WO000194,C013,SV4,A005,P2,20250620,20250621,20250621,24,14.96,True,0.0,project_fact_sla_export.csv,2026-06-23T00:00:00,3465
SLA003466,WO003202,C003,SV5,A001,P4,20250307,20250312,20250310,120,58.17,True,0.0,project_fact_sla_export.csv,2026-06-23T00:00:00,3466
SLA003467,WO003975,C004,SV5,A002,P1,20250423,20250423,20250424,8,6.15,True,0.0,project_fact_sla_export.csv,2026-06-23T00:00:00,3467
SLA003468,WO003583,C002,SV1,A004,P3,20250301,20250304,20250303,72,30.44,True,0.0,project_fact_sla_export.csv,2026-06-23T00:00:00,3468
SLA003469,WO000932,C017,SV2,A003,P2,20250517,20250518,20250518,24,10.63,True,0.0,project_fact_sla_export.csv,2026-06-23T00:00:00,3469
SLA003470,WO000058,C015,SV5,A002,P1,20250623,20250623,20250624,8,5.04,True,0.0,project_fact_sla_export.csv,2026-06-23T00:00:00,3470
SLA003471,WO000537,C001,SV6,A006,P3,20250514,20250517,20250516,72,41.86,True,0.0,project_fact_sla_export.csv,2026-06-23T00:00:00,3471
SLA003472,WO001250,C005,SV7,A005,P2,20250225,20250226,20250226,24,8.8,True,0.0,project_fact_sla_export.csv,2026-06-23T00:00:00,3472
SLA003473,WO004501,C012,SV3,A005,P1,20250411,20250411,20250412,8,4.52,True,0.0,project_fact_sla_export.csv,2026-06-23T00:00:00,3473
SLA003474,WO000548,C014,SV7,A003,P2,20250623,20250624,20250624,24,15.54,True,0.0,project_fact_sla_export.csv,2026-06-23T00:00:00,3474
SLA003475,WO000935,C014,SV4,A004,P3,20250503,20250506,20250508,72,109.61,False,37.61,project_fact_sla_export.csv,2026-06-23T00:00:00,3475
SLA003476,WO001643,C007,SV5,A004,P2,20250610,20250611,20250611,24,20.04,True,0.0,project_fact_sla_export.csv,2026-06-23T00:00:00,3476
SLA003477,WO001012,C017,SV4,A005,P3,20250205,20250208,20250207,72,32.16,True,0.0,project_fact_sla_export.csv,2026-06-23T00:00:00,3477
SLA003478,WO000914,C020,SV8,A005,P3,20250310,20250313,20250313,72,65.37,True,0.0,project_fact_sla_export.csv,2026-06-23T00:00:00,3478
SLA003479,WO000734,C011,SV5,A002,P4,20250330,20250404,20250402,120,64.53,True,0.0,project_fact_sla_export.csv,2026-06-23T00:00:00,3479
SLA003480,WO004070,C003,SV3,A001,P2,20250413,20250414,20250414,24,14.2,True,0.0,project_fact_sla_export.csv,2026-06-23T00:00:00,3480
SLA003481,WO000618,C003,SV8,A004,P2,20250318,20250319,20250320,24,24.98,False,0.98,project_fact_sla_export.csv,2026-06-23T00:00:00,3481
SLA003482,WO003361,C016,SV5,A004,P2,20250211,20250212,20250212,24,17.35,True,0.0,project_fact_sla_export.csv,2026-06-23T00:00:00,3482
SLA003483,WO001844,C020,SV4,A003,P4,20250119,20250124,20250122,120,63.58,True,0.0,project_fact_sla_export.csv,2026-06-23T00:00:00,3483
SLA003484,WO004352,C012,SV2,A003,P1,20250310,20250310,20250311,8,8.08,False,0.08,project_fact_sla_export.csv,2026-06-23T00:00:00,3484
SLA003485,WO000022,C014,SV8,A002,P2,20250205,20250206,20250206,24,10.54,True,0.0,project_fact_sla_export.csv,2026-06-23T00:00:00,3485
SLA003486,WO000748,C019,SV2,A004,P1,20250202,20250202,20250203,8,5.63,True,0.0,project_fact_sla_export.csv,2026-06-23T00:00:00,3486
SLA003487,WO002525,C016,SV8,A004,P4,20250204,20250209,20250209,120,103.34,True,0.0,project_fact_sla_export.csv,2026-06-23T00:00:00,3487
SLA003488,WO002101,C018,SV8,A001,P1,20250621,20250621,20250622,8,10.46,False,2.46,project_fact_sla_export.csv,2026-06-23T00:00:00,3488
SLA003489,WO004369,C007,SV2,A001,P3,20250509,20250512,20250512,72,56.7,True,0.0,project_fact_sla_export.csv,2026-06-23T00:00:00,3489
SLA003490,WO003436,C014,SV7,A005,P2,20250322,20250323,20250323,24,6.24,True,0.0,project_fact_sla_export.csv,2026-06-23T00:00:00,3490
SLA003491,WO002997,C019,SV6,A003,P3,20250125,20250128,20250128,72,61.22,True,0.0,project_fact_sla_export.csv,2026-06-23T00:00:00,3491
SLA003492,WO004873,C015,SV6,A006,P3,20250126,20250129,20250128,72,42.4,True,0.0,project_fact_sla_export.csv,2026-06-23T00:00:00,3492
SLA003493,WO002400,C013,SV4,A001,P3,20250424,20250427,20250426,72,36.59,True,0.0,project_fact_sla_export.csv,2026-06-23T00:00:00,3493
SLA003494,WO004040,C012,SV8,A005,P2,20250529,20250530,20250530,24,15.82,True,0.0,project_fact_sla_export.csv,2026-06-23T00:00:00,3494
SLA003495,WO000778,C013,SV3,A004,P3,20250210,20250213,20250212,72,28.26,True,0.0,project_fact_sla_export.csv,2026-06-23T00:00:00,3495
SLA003496,WO002535,C012,SV5,A005,P3,20250314,20250317,20250316,72,43.93,True,0.0,project_fact_sla_export.csv,2026-06-23T00:00:00,3496
SLA003497,WO004706,C001,SV1,A003,P4,20250503,20250508,20250506,120,64.64,True,0.0,project_fact_sla_export.csv,2026-06-23T00:00:00,3497
SLA003498,WO002811,C018,SV1,A003,P3,20250402,20250405,20250404,72,39.44,True,0.0,project_fact_sla_export.csv,2026-06-23T00:00:00,3498
SLA003499,WO000744,C005,SV7,A004,P3,20250326,20250329,20250330,72,75.05,False,3.05,project_fact_sla_export.csv,2026-06-23T00:00:00,3499
SLA003500,WO001311,C019,SV4,A005,P3,20250429,20250502,20250502,72,60.19,True,0.0,project_fact_sla_export.csv,2026-06-23T00:00:00,3500
SLA003501,WO004285,C007,SV6,A005,P1,20250623,20250623,20250624,8,2.69,True,0.0,project_fact_sla_export.csv,2026-06-23T00:00:00,3501
SLA003502,WO003560,C015,SV8,A006,P2,20250210,20250211,20250212,24,29.62,False,5.62,project_fact_sla_export.csv,2026-06-23T00:00:00,3502
SLA003503,WO002750,C008,SV5,A005,P1,20250528,20250528,20250529,8,4.79,True,0.0,project_fact_sla_export.csv,2026-06-23T00:00:00,3503
SLA003504,WO003902,C001,SV6,A003,P4,20250329,20250403,20250402,120,86.87,True,0.0,project_fact_sla_export.csv,2026-06-23T00:00:00,3504
SLA003505,WO001003,C004,SV1,A006,P2,20250324,20250325,20250325,24,13.18,True,0.0,project_fact_sla_export.csv,2026-06-23T00:00:00,3505
SLA003506,WO002979,C015,SV4,A005,P3,20250624,20250627,20250626,72,34.86,True,0.0,project_fact_sla_export.csv,2026-06-23T00:00:00,3506
SLA003507,WO003444,C003,SV7,A006,P3,20250531,20250603,20250602,72,44.02,True,0.0,project_fact_sla_export.csv,2026-06-23T00:00:00,3507
SLA003508,WO003701,C015,SV8,A006,P2,20250617,20250618,20250618,24,9.43,True,0.0,project_fact_sla_export.csv,2026-06-23T00:00:00,3508
SLA003509,WO003082,C008,SV5,A005,P4,20250623,20250628,20250630,120,207.55,False,87.55,project_fact_sla_export.csv,2026-06-23T00:00:00,3509
SLA003510,WO001436,C012,SV2,A004,P4,20250520,20250525,20250523,120,70.82,True,0.0,project_fact_sla_export.csv,2026-06-23T00:00:00,3510
SLA003511,WO000468,C001,SV6,A005,P3,20250319,20250322,20250321,72,27.47,True,0.0,project_fact_sla_export.csv,2026-06-23T00:00:00,3511
SLA003512,WO002834,C002,SV8,A001,P4,20250320,20250325,20250323,120,68.79,True,0.0,project_fact_sla_export.csv,2026-06-23T00:00:00,3512
SLA003513,WO003753,C007,SV6,A001,P4,20250123,20250128,20250201,120,214.05,False,94.05,project_fact_sla_export.csv,2026-06-23T00:00:00,3513
SLA003514,WO003250,C019,SV5,A004,P3,20250330,20250402,20250401,72,29.29,True,0.0,project_fact_sla_export.csv,2026-06-23T00:00:00,3514
SLA003515,WO001090,C008,SV2,A004,P2,20250609,20250610,20250610,24,20.89,True,0.0,project_fact_sla_export.csv,2026-06-23T00:00:00,3515
SLA003516,WO002996,C008,SV2,A006,P3,20250412,20250415,20250414,72,35.47,True,0.0,project_fact_sla_export.csv,2026-06-23T00:00:00,3516
SLA003517,WO003983,C010,SV8,A005,P2,20250525,20250526,20250527,24,29.0,False,5.0,project_fact_sla_export.csv,2026-06-23T00:00:00,3517
SLA003518,WO002799,C009,SV3,A005,P2,20250610,20250611,20250611,24,10.77,True,0.0,project_fact_sla_export.csv,2026-06-23T00:00:00,3518
SLA003519,WO001314,C007,SV8,A005,P1,20250530,20250530,20250531,8,4.45,True,0.0,project_fact_sla_export.csv,2026-06-23T00:00:00,3519
SLA003520,WO000853,C007,SV7,A004,P4,20250516,20250521,20250523,120,152.77,False,32.77,project_fact_sla_export.csv,2026-06-23T00:00:00,3520
SLA003521,WO001008,C008,SV5,A003,P4,20250317,20250322,20250319,120,37.1,True,0.0,project_fact_sla_export.csv,2026-06-23T00:00:00,3521
SLA003522,WO004681,C017,SV4,A005,P3,20250321,20250324,20250324,72,58.04,True,0.0,project_fact_sla_export.csv,2026-06-23T00:00:00,3522
SLA003523,WO000862,C008,SV1,A004,P2,20250527,20250528,20250529,24,31.5,False,7.5,project_fact_sla_export.csv,2026-06-23T00:00:00,3523
SLA003524,WO001453,C020,SV8,A005,P3,20250404,20250407,20250408,72,95.91,False,23.91,project_fact_sla_export.csv,2026-06-23T00:00:00,3524
SLA003525,WO002954,C017,SV6,A004,P3,20250320,20250323,20250322,72,47.63,True,0.0,project_fact_sla_export.csv,2026-06-23T00:00:00,3525
SLA003526,WO000361,C005,SV5,A004,P1,20250324,20250324,20250325,8,3.28,True,0.0,project_fact_sla_export.csv,2026-06-23T00:00:00,3526
SLA003527,WO003571,C013,SV7,A005,P2,20250505,20250506,20250506,24,13.31,True,0.0,project_fact_sla_export.csv,2026-06-23T00:00:00,3527
SLA003528,WO002234,C014,SV2,A005,P2,20250504,20250505,20250506,24,26.0,False,2.0,project_fact_sla_export.csv,2026-06-23T00:00:00,3528
SLA003529,WO001931,C001,SV4,A001,P3,20250325,20250328,20250327,72,44.52,True,0.0,project_fact_sla_export.csv,2026-06-23T00:00:00,3529
SLA003530,WO001675,C008,SV7,A004,P4,20250416,20250421,20250420,120,86.64,True,0.0,project_fact_sla_export.csv,2026-06-23T00:00:00,3530
SLA003531,WO004144,C012,SV3,A003,P2,20250411,20250412,20250412,24,11.42,True,0.0,project_fact_sla_export.csv,2026-06-23T00:00:00,3531
SLA003532,WO001848,C006,SV3,A004,P2,20250626,20250627,20250627,24,14.89,True,0.0,project_fact_sla_export.csv,2026-06-23T00:00:00,3532
SLA003533,WO001758,C005,SV5,A006,P4,20250103,20250108,20250109,120,121.67,False,1.67,project_fact_sla_export.csv,2026-06-23T00:00:00,3533
SLA003534,WO001213,C001,SV6,A001,P4,20250624,20250629,20250629,120,118.75,True,0.0,project_fact_sla_export.csv,2026-06-23T00:00:00,3534
SLA003535,WO002649,C007,SV4,A005,P3,20250511,20250514,20250514,72,51.85,True,0.0,project_fact_sla_export.csv,2026-06-23T00:00:00,3535
SLA003536,WO003499,C018,SV5,A005,P3,20250223,20250226,20250225,72,40.25,True,0.0,project_fact_sla_export.csv,2026-06-23T00:00:00,3536
SLA003537,WO003067,C013,SV6,A005,P3,20250627,20250630,20250629,72,26.72,True,0.0,project_fact_sla_export.csv,2026-06-23T00:00:00,3537
SLA003538,WO000322,C018,SV7,A001,P4,20250507,20250512,20250515,120,178.48,False,58.48,project_fact_sla_export.csv,2026-06-23T00:00:00,3538
SLA003539,WO002780,C013,SV1,A005,P1,20250423,20250423,20250424,8,6.6,True,0.0,project_fact_sla_export.csv,2026-06-23T00:00:00,3539
SLA003540,WO002415,C004,SV2,A003,P1,20250426,20250426,20250427,8,8.8,False,0.8,project_fact_sla_export.csv,2026-06-23T00:00:00,3540
SLA003541,WO002116,C009,SV7,A004,P3,20250520,20250523,20250525,72,112.43,False,40.43,project_fact_sla_export.csv,2026-06-23T00:00:00,3541
SLA003542,WO004733,C014,SV3,A005,P3,20250624,20250627,20250628,72,77.76,False,5.76,project_fact_sla_export.csv,2026-06-23T00:00:00,3542
SLA003543,WO001757,C006,SV2,A006,P3,20250302,20250305,20250304,72,30.39,True,0.0,project_fact_sla_export.csv,2026-06-23T00:00:00,3543
SLA003544,WO001591,C013,SV2,A005,P3,20250529,20250601,20250602,72,77.42,False,5.42,project_fact_sla_export.csv,2026-06-23T00:00:00,3544
SLA003545,WO000301,C005,SV8,A003,P2,20250208,20250209,20250210,24,25.52,False,1.52,project_fact_sla_export.csv,2026-06-23T00:00:00,3545
SLA003546,WO002220,C002,SV4,A003,P3,20250528,20250531,20250530,72,25.7,True,0.0,project_fact_sla_export.csv,2026-06-23T00:00:00,3546
SLA003547,WO002738,C016,SV3,A003,P4,20250608,20250613,20250614,120,136.84,False,16.84,project_fact_sla_export.csv,2026-06-23T00:00:00,3547
SLA003548,WO001789,C001,SV8,A003,P3,20250515,20250518,20250517,72,40.57,True,0.0,project_fact_sla_export.csv,2026-06-23T00:00:00,3548
SLA003549,WO004735,C008,SV3,A003,P2,20250406,20250407,20250407,24,17.12,True,0.0,project_fact_sla_export.csv,2026-06-23T00:00:00,3549
SLA003550,WO002163,C005,SV1,A004,P2,20250322,20250323,20250323,24,17.53,True,0.0,project_fact_sla_export.csv,2026-06-23T00:00:00,3550
SLA003551,WO001807,C001,SV6,A006,P2,20250114,20250115,20250115,24,19.46,True,0.0,project_fact_sla_export.csv,2026-06-23T00:00:00,3551
SLA003552,WO000495,C018,SV1,A003,P2,20250330,20250331,20250401,24,32.6,False,8.6,project_fact_sla_export.csv,2026-06-23T00:00:00,3552
SLA003553,WO004914,C017,SV7,A005,P3,20250401,20250404,20250403,72,27.86,True,0.0,project_fact_sla_export.csv,2026-06-23T00:00:00,3553
SLA003554,WO004661,C020,SV5,A005,P3,20250401,20250404,20250405,72,90.18,False,18.18,project_fact_sla_export.csv,2026-06-23T00:00:00,3554
SLA003555,WO004433,C016,SV1,A004,P4,20250609,20250614,20250615,120,121.64,False,1.64,project_fact_sla_export.csv,2026-06-23T00:00:00,3555
SLA003556,WO001083,C014,SV4,A006,P3,20250226,20250301,20250227,72,23.38,True,0.0,project_fact_sla_export.csv,2026-06-23T00:00:00,3556
SLA003557,WO002372,C017,SV8,A005,P3,20250521,20250524,20250523,72,24.48,True,0.0,project_fact_sla_export.csv,2026-06-23T00:00:00,3557
SLA003558,WO004910,C001,SV2,A001,P2,20250215,20250216,20250217,24,32.01,False,8.01,project_fact_sla_export.csv,2026-06-23T00:00:00,3558
SLA003559,WO000542,C006,SV8,A003,P3,20250325,20250328,20250327,72,37.36,True,0.0,project_fact_sla_export.csv,2026-06-23T00:00:00,3559
SLA003560,WO001543,C018,SV7,A004,P2,20250609,20250610,20250611,24,26.17,False,2.17,project_fact_sla_export.csv,2026-06-23T00:00:00,3560
SLA003561,WO004151,C005,SV1,A002,P3,20250504,20250507,20250505,72,20.52,True,0.0,project_fact_sla_export.csv,2026-06-23T00:00:00,3561
SLA003562,WO003960,C008,SV8,A001,P1,20250116,20250116,20250117,8,3.71,True,0.0,project_fact_sla_export.csv,2026-06-23T00:00:00,3562
SLA003563,WO000580,C013,SV5,A003,P2,20250513,20250514,20250515,24,30.55,False,6.55,project_fact_sla_export.csv,2026-06-23T00:00:00,3563
SLA003564,WO003579,C012,SV6,A003,P3,20250506,20250509,20250507,72,23.31,True,0.0,project_fact_sla_export.csv,2026-06-23T00:00:00,3564
SLA003565,WO000594,C020,SV1,A003,P4,20250421,20250426,20250424,120,50.94,True,0.0,project_fact_sla_export.csv,2026-06-23T00:00:00,3565
SLA003566,WO002284,C020,SV3,A005,P3,20250604,20250607,20250606,72,26.01,True,0.0,project_fact_sla_export.csv,2026-06-23T00:00:00,3566
SLA003567,WO002892,C002,SV4,A006,P3,20250330,20250402,20250402,72,59.2,True,0.0,project_fact_sla_export.csv,2026-06-23T00:00:00,3567
SLA003568,WO002154,C003,SV4,A001,P3,20250525,20250528,20250529,72,91.31,False,19.31,project_fact_sla_export.csv,2026-06-23T00:00:00,3568
SLA003569,WO004372,C003,SV5,A002,P4,20250117,20250122,20250122,120,111.13,True,0.0,project_fact_sla_export.csv,2026-06-23T00:00:00,3569
SLA003570,WO002091,C005,SV6,A005,P3,20250408,20250411,20250410,72,42.43,True,0.0,project_fact_sla_export.csv,2026-06-23T00:00:00,3570
SLA003571,WO003604,C007,SV2,A001,P3,20250522,20250525,20250525,72,60.26,True,0.0,project_fact_sla_export.csv,2026-06-23T00:00:00,3571
SLA003572,WO003544,C014,SV2,A004,P2,20250409,20250410,20250410,24,23.12,True,0.0,project_fact_sla_export.csv,2026-06-23T00:00:00,3572
SLA003573,WO004597,C017,SV1,A002,P3,20250624,20250627,20250627,72,55.06,True,0.0,project_fact_sla_export.csv,2026-06-23T00:00:00,3573
SLA003574,WO004938,C002,SV7,A005,P1,20250103,20250103,20250104,8,6.65,True,0.0,project_fact_sla_export.csv,2026-06-23T00:00:00,3574
SLA003575,WO003378,C020,SV7,A004,P1,20250503,20250503,20250504,8,5.46,True,0.0,project_fact_sla_export.csv,2026-06-23T00:00:00,3575
SLA003576,WO001130,C014,SV8,A005,P2,20250329,20250330,20250330,24,14.4,True,0.0,project_fact_sla_export.csv,2026-06-23T00:00:00,3576
SLA003577,WO003382,C004,SV1,A005,P3,20250623,20250626,20250626,72,52.97,True,0.0,project_fact_sla_export.csv,2026-06-23T00:00:00,3577
SLA003578,WO004164,C013,SV6,A003,P4,20250226,20250303,20250307,120,195.18,False,75.18,project_fact_sla_export.csv,2026-06-23T00:00:00,3578
SLA003579,WO000164,C012,SV6,A006,P2,20250327,20250328,20250328,24,20.42,True,0.0,project_fact_sla_export.csv,2026-06-23T00:00:00,3579
SLA003580,WO001174,C017,SV6,A004,P4,20250623,20250628,20250626,120,67.36,True,0.0,project_fact_sla_export.csv,2026-06-23T00:00:00,3580
SLA003581,WO004098,C015,SV4,A005,P3,20250111,20250114,20250112,72,19.9,True,0.0,project_fact_sla_export.csv,2026-06-23T00:00:00,3581
SLA003582,WO004500,C013,SV8,A005,P4,20250222,20250227,20250225,120,66.51,True,0.0,project_fact_sla_export.csv,2026-06-23T00:00:00,3582
SLA003583,WO001803,C020,SV6,A005,P4,20250427,20250502,20250430,120,55.71,True,0.0,project_fact_sla_export.csv,2026-06-23T00:00:00,3583
SLA003584,WO004375,C010,SV8,A005,P3,20250403,20250406,20250405,72,46.88,True,0.0,project_fact_sla_export.csv,2026-06-23T00:00:00,3584
SLA003585,WO002447,C014,SV3,A001,P3,20250521,20250524,20250525,72,82.39,False,10.39,project_fact_sla_export.csv,2026-06-23T00:00:00,3585
SLA003586,WO002476,C018,SV1,A001,P4,20250429,20250504,20250505,120,129.81,False,9.81,project_fact_sla_export.csv,2026-06-23T00:00:00,3586
SLA003587,WO001176,C007,SV5,A005,P2,20250405,20250406,20250406,24,5.5,True,0.0,project_fact_sla_export.csv,2026-06-23T00:00:00,3587
SLA003588,WO004142,C015,SV8,A006,P3,20250317,20250320,20250320,72,64.83,True,0.0,project_fact_sla_export.csv,2026-06-23T00:00:00,3588
SLA003589,WO004963,C005,SV3,A002,P2,20250216,20250217,20250217,24,23.54,True,0.0,project_fact_sla_export.csv,2026-06-23T00:00:00,3589
SLA003590,WO001184,C018,SV1,A006,P3,20250115,20250118,20250117,72,33.09,True,0.0,project_fact_sla_export.csv,2026-06-23T00:00:00,3590
SLA003591,WO000889,C014,SV5,A003,P4,20250221,20250226,20250226,120,98.75,True,0.0,project_fact_sla_export.csv,2026-06-23T00:00:00,3591
SLA003592,WO003813,C004,SV7,A003,P3,20250512,20250515,20250515,72,62.37,True,0.0,project_fact_sla_export.csv,2026-06-23T00:00:00,3592
SLA003593,WO002645,C002,SV6,A006,P3,20250613,20250616,20250614,72,23.98,True,0.0,project_fact_sla_export.csv,2026-06-23T00:00:00,3593
SLA003594,WO001877,C001,SV5,A001,P2,20250321,20250322,20250322,24,20.17,True,0.0,project_fact_sla_export.csv,2026-06-23T00:00:00,3594
SLA003595,WO002647,C017,SV6,A001,P4,20250313,20250318,20250316,120,61.05,True,0.0,project_fact_sla_export.csv,2026-06-23T00:00:00,3595
SLA003596,WO003580,C016,SV3,A003,P3,20250523,20250526,20250525,72,36.62,True,0.0,project_fact_sla_export.csv,2026-06-23T00:00:00,3596
SLA003597,WO004738,C005,SV1,A003,P2,20250513,20250514,20250514,24,12.6,True,0.0,project_fact_sla_export.csv,2026-06-23T00:00:00,3597
SLA003598,WO000886,C002,SV1,A003,P2,20250214,20250215,20250215,24,10.86,True,0.0,project_fact_sla_export.csv,2026-06-23T00:00:00,3598
SLA003599,WO002541,C017,SV8,A005,P2,20250319,20250320,20250320,24,7.86,True,0.0,project_fact_sla_export.csv,2026-06-23T00:00:00,3599
SLA003600,WO003723,C015,SV6,A006,P1,20250111,20250111,20250112,8,3.02,True,0.0,project_fact_sla_export.csv,2026-06-23T00:00:00,3600
SLA003601,WO004200,C018,SV7,A005,P4,20250103,20250108,20250107,120,72.17,True,0.0,project_fact_sla_export.csv,2026-06-23T00:00:00,3601
SLA003602,WO002232,C020,SV8,A002,P2,20250417,20250418,20250418,24,16.09,True,0.0,project_fact_sla_export.csv,2026-06-23T00:00:00,3602
SLA003603,WO000716,C012,SV4,A006,P4,20250224,20250301,20250227,120,64.02,True,0.0,project_fact_sla_export.csv,2026-06-23T00:00:00,3603
SLA003604,WO003559,C003,SV8,A006,P2,20250512,20250513,20250513,24,14.35,True,0.0,project_fact_sla_export.csv,2026-06-23T00:00:00,3604
SLA003605,WO003730,C018,SV4,A002,P4,20250116,20250121,20250118,120,43.43,True,0.0,project_fact_sla_export.csv,2026-06-23T00:00:00,3605
SLA003606,WO003625,C013,SV4,A005,P2,20250203,20250204,20250204,24,16.37,True,0.0,project_fact_sla_export.csv,2026-06-23T00:00:00,3606
SLA003607,WO004837,C017,SV6,A003,P1,20250204,20250204,20250205,8,5.32,True,0.0,project_fact_sla_export.csv,2026-06-23T00:00:00,3607
SLA003608,WO004506,C017,SV4,A003,P3,20250216,20250219,20250219,72,58.74,True,0.0,project_fact_sla_export.csv,2026-06-23T00:00:00,3608
SLA003609,WO002422,C016,SV1,A006,P3,20250523,20250526,20250525,72,25.68,True,0.0,project_fact_sla_export.csv,2026-06-23T00:00:00,3609
SLA003610,WO003794,C013,SV5,A003,P2,20250506,20250507,20250507,24,17.76,True,0.0,project_fact_sla_export.csv,2026-06-23T00:00:00,3610
SLA003611,WO001394,C001,SV1,A001,P3,20250312,20250315,20250318,72,140.5,False,68.5,project_fact_sla_export.csv,2026-06-23T00:00:00,3611
SLA003612,WO000078,C004,SV6,A003,P3,20250416,20250419,20250418,72,39.92,True,0.0,project_fact_sla_export.csv,2026-06-23T00:00:00,3612
SLA003613,WO003338,C020,SV5,A004,P4,20250302,20250307,20250305,120,50.09,True,0.0,project_fact_sla_export.csv,2026-06-23T00:00:00,3613
SLA003614,WO000311,C015,SV4,A005,P2,20250331,20250401,20250402,24,33.91,False,9.91,project_fact_sla_export.csv,2026-06-23T00:00:00,3614
SLA003615,WO000144,C005,SV7,A005,P1,20250120,20250120,20250121,8,4.32,True,0.0,project_fact_sla_export.csv,2026-06-23T00:00:00,3615
SLA003616,WO002501,C017,SV2,A003,P2,20250224,20250225,20250225,24,9.61,True,0.0,project_fact_sla_export.csv,2026-06-23T00:00:00,3616
SLA003617,WO002291,C018,SV5,A003,P3,20250526,20250529,20250601,72,143.61,False,71.61,project_fact_sla_export.csv,2026-06-23T00:00:00,3617
SLA003618,WO001253,C017,SV7,A001,P4,20250426,20250501,20250501,120,102.88,True,0.0,project_fact_sla_export.csv,2026-06-23T00:00:00,3618
SLA003619,WO004075,C004,SV4,A004,P2,20250513,20250514,20250514,24,7.33,True,0.0,project_fact_sla_export.csv,2026-06-23T00:00:00,3619
SLA003620,WO001116,C019,SV5,A003,P3,20250521,20250524,20250523,72,38.17,True,0.0,project_fact_sla_export.csv,2026-06-23T00:00:00,3620
SLA003621,WO000650,C006,SV4,A001,P2,20250304,20250305,20250307,24,48.75,False,24.75,project_fact_sla_export.csv,2026-06-23T00:00:00,3621
SLA003622,WO002121,C014,SV1,A003,P3,20250215,20250218,20250216,72,18.49,True,0.0,project_fact_sla_export.csv,2026-06-23T00:00:00,3622
SLA003623,WO003406,C017,SV5,A001,P2,20250113,20250114,20250115,24,29.11,False,5.11,project_fact_sla_export.csv,2026-06-23T00:00:00,3623
SLA003624,WO001033,C006,SV5,A001,P2,20250607,20250608,20250609,24,25.2,False,1.2,project_fact_sla_export.csv,2026-06-23T00:00:00,3624
SLA003625,WO000686,C013,SV1,A006,P1,20250216,20250216,20250217,8,7.67,True,0.0,project_fact_sla_export.csv,2026-06-23T00:00:00,3625
SLA003626,WO003837,C010,SV1,A005,P2,20250526,20250527,20250528,24,39.1,False,15.1,project_fact_sla_export.csv,2026-06-23T00:00:00,3626
SLA003627,WO004186,C015,SV2,A004,P3,20250410,20250413,20250413,72,53.31,True,0.0,project_fact_sla_export.csv,2026-06-23T00:00:00,3627
SLA003628,WO003456,C017,SV4,A005,P2,20250208,20250209,20250211,24,66.13,False,42.13,project_fact_sla_export.csv,2026-06-23T00:00:00,3628
SLA003629,WO004805,C003,SV8,A004,P3,20250219,20250222,20250221,72,26.56,True,0.0,project_fact_sla_export.csv,2026-06-23T00:00:00,3629
SLA003630,WO004033,C004,SV5,A006,P3,20250615,20250618,20250617,72,43.75,True,0.0,project_fact_sla_export.csv,2026-06-23T00:00:00,3630
SLA003631,WO001399,C006,SV4,A005,P3,20250112,20250115,20250114,72,45.65,True,0.0,project_fact_sla_export.csv,2026-06-23T00:00:00,3631
SLA003632,WO003731,C010,SV2,A005,P3,20250101,20250104,20250109,72,168.88,False,96.88,project_fact_sla_export.csv,2026-06-23T00:00:00,3632
SLA003633,WO004718,C005,SV7,A002,P1,20250619,20250619,20250620,8,10.71,False,2.71,project_fact_sla_export.csv,2026-06-23T00:00:00,3633
SLA003634,WO001999,C009,SV5,A006,P2,20250405,20250406,20250406,24,20.44,True,0.0,project_fact_sla_export.csv,2026-06-23T00:00:00,3634
SLA003635,WO001013,C012,SV2,A005,P2,20250607,20250608,20250608,24,17.84,True,0.0,project_fact_sla_export.csv,2026-06-23T00:00:00,3635
SLA003636,WO003451,C004,SV7,A003,P3,20250513,20250516,20250515,72,24.98,True,0.0,project_fact_sla_export.csv,2026-06-23T00:00:00,3636
SLA003637,WO001967,C010,SV3,A004,P3,20250403,20250406,20250407,72,77.47,False,5.47,project_fact_sla_export.csv,2026-06-23T00:00:00,3637
SLA003638,WO004357,C010,SV8,A005,P3,20250107,20250110,20250109,72,37.8,True,0.0,project_fact_sla_export.csv,2026-06-23T00:00:00,3638
SLA003639,WO001861,C012,SV1,A005,P3,20250222,20250225,20250224,72,33.95,True,0.0,project_fact_sla_export.csv,2026-06-23T00:00:00,3639
SLA003640,WO002904,C010,SV2,A004,P3,20250118,20250121,20250123,72,99.29,False,27.29,project_fact_sla_export.csv,2026-06-23T00:00:00,3640
SLA003641,WO003912,C004,SV8,A005,P3,20250214,20250217,20250216,72,25.88,True,0.0,project_fact_sla_export.csv,2026-06-23T00:00:00,3641
SLA003642,WO002798,C004,SV3,A005,P3,20250516,20250519,20250517,72,18.07,True,0.0,project_fact_sla_export.csv,2026-06-23T00:00:00,3642
SLA003643,WO002344,C017,SV7,A005,P2,20250605,20250606,20250608,24,56.19,False,32.19,project_fact_sla_export.csv,2026-06-23T00:00:00,3643
SLA003644,WO001611,C003,SV8,A002,P2,20250227,20250228,20250228,24,11.27,True,0.0,project_fact_sla_export.csv,2026-06-23T00:00:00,3644
SLA003645,WO001286,C010,SV6,A004,P3,20250505,20250508,20250507,72,38.14,True,0.0,project_fact_sla_export.csv,2026-06-23T00:00:00,3645
SLA003646,WO004231,C006,SV5,A003,P1,20250203,20250203,20250204,8,10.22,False,2.22,project_fact_sla_export.csv,2026-06-23T00:00:00,3646
SLA003647,WO003864,C012,SV5,A005,P1,20250308,20250308,20250309,8,9.01,False,1.01,project_fact_sla_export.csv,2026-06-23T00:00:00,3647
SLA003648,WO002215,C002,SV4,A005,P2,20250416,20250417,20250417,24,12.65,True,0.0,project_fact_sla_export.csv,2026-06-23T00:00:00,3648
SLA003649,WO002546,C016,SV6,A004,P2,20250411,20250412,20250412,24,19.62,True,0.0,project_fact_sla_export.csv,2026-06-23T00:00:00,3649
SLA003650,WO002349,C009,SV7,A005,P2,20250529,20250530,20250530,24,10.24,True,0.0,project_fact_sla_export.csv,2026-06-23T00:00:00,3650
SLA003651,WO000481,C002,SV4,A005,P3,20250630,20250703,20250630,72,56.33,True,0.0,project_fact_sla_export.csv,2026-06-23T00:00:00,3651
SLA003652,WO004831,C009,SV3,A002,P3,20250318,20250321,20250320,72,34.21,True,0.0,project_fact_sla_export.csv,2026-06-23T00:00:00,3652
SLA003653,WO004799,C010,SV5,A005,P1,20250605,20250605,20250606,8,4.0,True,0.0,project_fact_sla_export.csv,2026-06-23T00:00:00,3653
SLA003654,WO004198,C007,SV4,A005,P2,20250103,20250104,20250104,24,14.33,True,0.0,project_fact_sla_export.csv,2026-06-23T00:00:00,3654
SLA003655,WO002536,C013,SV5,A001,P4,20250619,20250624,20250621,120,30.02,True,0.0,project_fact_sla_export.csv,2026-06-23T00:00:00,3655
SLA003656,WO000579,C017,SV8,A006,P1,20250501,20250501,20250502,8,8.64,False,0.64,project_fact_sla_export.csv,2026-06-23T00:00:00,3656
SLA003657,WO002890,C002,SV1,A002,P1,20250305,20250305,20250306,8,7.62,True,0.0,project_fact_sla_export.csv,2026-06-23T00:00:00,3657
SLA003658,WO001627,C019,SV6,A004,P2,20250614,20250615,20250615,24,17.83,True,0.0,project_fact_sla_export.csv,2026-06-23T00:00:00,3658
SLA003659,WO001260,C009,SV3,A001,P3,20250614,20250617,20250618,72,82.76,False,10.76,project_fact_sla_export.csv,2026-06-23T00:00:00,3659
SLA003660,WO000969,C007,SV7,A004,P3,20250329,20250401,20250401,72,62.41,True,0.0,project_fact_sla_export.csv,2026-06-23T00:00:00,3660
SLA003661,WO001297,C019,SV3,A004,P2,20250507,20250508,20250508,24,6.87,True,0.0,project_fact_sla_export.csv,2026-06-23T00:00:00,3661
SLA003662,WO000649,C003,SV2,A004,P4,20250302,20250307,20250309,120,146.59,False,26.59,project_fact_sla_export.csv,2026-06-23T00:00:00,3662
SLA003663,WO004719,C006,SV7,A002,P4,20250619,20250624,20250626,120,159.42,False,39.42,project_fact_sla_export.csv,2026-06-23T00:00:00,3663
SLA003664,WO000492,C008,SV8,A005,P4,20250607,20250612,20250615,120,169.11,False,49.11,project_fact_sla_export.csv,2026-06-23T00:00:00,3664
SLA003665,WO004996,C012,SV8,A006,P2,20250303,20250304,20250304,24,12.14,True,0.0,project_fact_sla_export.csv,2026-06-23T00:00:00,3665
SLA003666,WO001061,C013,SV4,A005,P2,20250430,20250501,20250501,24,8.98,True,0.0,project_fact_sla_export.csv,2026-06-23T00:00:00,3666
SLA003667,WO001150,C002,SV8,A003,P3,20250405,20250408,20250408,72,65.54,True,0.0,project_fact_sla_export.csv,2026-06-23T00:00:00,3667
SLA003668,WO003123,C004,SV8,A006,P3,20250327,20250330,20250329,72,33.96,True,0.0,project_fact_sla_export.csv,2026-06-23T00:00:00,3668
SLA003669,WO001901,C013,SV4,A004,P3,20250529,20250601,20250530,72,18.9,True,0.0,project_fact_sla_export.csv,2026-06-23T00:00:00,3669
SLA003670,WO003965,C003,SV7,A004,P2,20250409,20250410,20250410,24,19.03,True,0.0,project_fact_sla_export.csv,2026-06-23T00:00:00,3670
SLA003671,WO004798,C018,SV6,A003,P3,20250302,20250305,20250304,72,41.29,True,0.0,project_fact_sla_export.csv,2026-06-23T00:00:00,3671
SLA003672,WO000333,C002,SV1,A004,P3,20250603,20250606,20250606,72,49.38,True,0.0,project_fact_sla_export.csv,2026-06-23T00:00:00,3672
SLA003673,WO002197,C012,SV5,A005,P2,20250331,20250401,20250401,24,6.6,True,0.0,project_fact_sla_export.csv,2026-06-23T00:00:00,3673
SLA003674,WO000937,C019,SV8,A005,P3,20250401,20250404,20250404,72,52.6,True,0.0,project_fact_sla_export.csv,2026-06-23T00:00:00,3674
SLA003675,WO004295,C007,SV8,A004,P3,20250208,20250211,20250210,72,31.1,True,0.0,project_fact_sla_export.csv,2026-06-23T00:00:00,3675
SLA003676,WO000439,C004,SV5,A005,P1,20250618,20250618,20250619,8,5.77,True,0.0,project_fact_sla_export.csv,2026-06-23T00:00:00,3676
SLA003677,WO002639,C017,SV3,A005,P3,20250106,20250109,20250108,72,47.68,True,0.0,project_fact_sla_export.csv,2026-06-23T00:00:00,3677
SLA003678,WO004801,C005,SV6,A005,P4,20250514,20250519,20250518,120,90.21,True,0.0,project_fact_sla_export.csv,2026-06-23T00:00:00,3678
SLA003679,WO000957,C016,SV6,A002,P2,20250212,20250213,20250213,24,17.61,True,0.0,project_fact_sla_export.csv,2026-06-23T00:00:00,3679
SLA003680,WO004998,C011,SV6,A005,P4,20250619,20250624,20250621,120,34.21,True,0.0,project_fact_sla_export.csv,2026-06-23T00:00:00,3680
SLA003681,WO004897,C001,SV2,A003,P3,20250129,20250201,20250201,72,58.72,True,0.0,project_fact_sla_export.csv,2026-06-23T00:00:00,3681
SLA003682,WO000349,C016,SV5,A006,P3,20250114,20250117,20250118,72,92.88,False,20.88,project_fact_sla_export.csv,2026-06-23T00:00:00,3682
SLA003683,WO003414,C020,SV4,A005,P2,20250531,20250601,20250601,24,6.97,True,0.0,project_fact_sla_export.csv,2026-06-23T00:00:00,3683
SLA003684,WO003347,C009,SV4,A002,P3,20250502,20250505,20250503,72,11.01,True,0.0,project_fact_sla_export.csv,2026-06-23T00:00:00,3684
SLA003685,WO004530,C006,SV3,A005,P2,20250213,20250214,20250214,24,17.82,True,0.0,project_fact_sla_export.csv,2026-06-23T00:00:00,3685
SLA003686,WO003100,C001,SV3,A005,P1,20250314,20250314,20250315,8,5.77,True,0.0,project_fact_sla_export.csv,2026-06-23T00:00:00,3686
SLA003687,WO002319,C019,SV6,A003,P3,20250401,20250404,20250404,72,50.88,True,0.0,project_fact_sla_export.csv,2026-06-23T00:00:00,3687
SLA003688,WO004232,C009,SV4,A005,P2,20250525,20250526,20250526,24,11.68,True,0.0,project_fact_sla_export.csv,2026-06-23T00:00:00,3688
SLA003689,WO003209,C006,SV8,A004,P2,20250511,20250512,20250513,24,25.29,False,1.29,project_fact_sla_export.csv,2026-06-23T00:00:00,3689
SLA003690,WO001274,C019,SV7,A003,P2,20250216,20250217,20250217,24,21.31,True,0.0,project_fact_sla_export.csv,2026-06-23T00:00:00,3690
SLA003691,WO002082,C002,SV2,A006,P4,20250329,20250403,20250401,120,61.88,True,0.0,project_fact_sla_export.csv,2026-06-23T00:00:00,3691
SLA003692,WO001332,C003,SV4,A005,P4,20250531,20250605,20250603,120,59.3,True,0.0,project_fact_sla_export.csv,2026-06-23T00:00:00,3692
SLA003693,WO003855,C008,SV7,A005,P3,20250331,20250403,20250404,72,75.16,False,3.16,project_fact_sla_export.csv,2026-06-23T00:00:00,3693
SLA003694,WO001709,C017,SV4,A003,P2,20250424,20250425,20250425,24,3.5,True,0.0,project_fact_sla_export.csv,2026-06-23T00:00:00,3694
SLA003695,WO003810,C020,SV1,A004,P2,20250401,20250402,20250403,24,28.56,False,4.56,project_fact_sla_export.csv,2026-06-23T00:00:00,3695
SLA003696,WO003681,C013,SV2,A005,P4,20250527,20250601,20250531,120,73.73,True,0.0,project_fact_sla_export.csv,2026-06-23T00:00:00,3696
SLA003697,WO003631,C002,SV5,A003,P3,20250501,20250504,20250503,72,32.83,True,0.0,project_fact_sla_export.csv,2026-06-23T00:00:00,3697
SLA003698,WO000617,C015,SV1,A006,P2,20250131,20250201,20250201,24,18.35,True,0.0,project_fact_sla_export.csv,2026-06-23T00:00:00,3698
SLA003699,WO001414,C003,SV6,A005,P3,20250504,20250507,20250507,72,70.5,True,0.0,project_fact_sla_export.csv,2026-06-23T00:00:00,3699
SLA003700,WO000927,C020,SV7,A003,P4,20250404,20250409,20250407,120,60.73,True,0.0,project_fact_sla_export.csv,2026-06-23T00:00:00,3700
SLA003701,WO003509,C011,SV5,A006,P3,20250215,20250218,20250218,72,55.73,True,0.0,project_fact_sla_export.csv,2026-06-23T00:00:00,3701
SLA003702,WO004593,C001,SV2,A004,P2,20250115,20250116,20250116,24,12.93,True,0.0,project_fact_sla_export.csv,2026-06-23T00:00:00,3702
SLA003703,WO004572,C008,SV3,A005,P3,20250524,20250527,20250526,72,43.74,True,0.0,project_fact_sla_export.csv,2026-06-23T00:00:00,3703
SLA003704,WO003831,C020,SV8,A003,P3,20250322,20250325,20250324,72,29.05,True,0.0,project_fact_sla_export.csv,2026-06-23T00:00:00,3704
SLA003705,WO003952,C018,SV8,A003,P2,20250624,20250625,20250625,24,11.75,True,0.0,project_fact_sla_export.csv,2026-06-23T00:00:00,3705
SLA003706,WO004409,C015,SV3,A006,P4,20250201,20250206,20250205,120,77.06,True,0.0,project_fact_sla_export.csv,2026-06-23T00:00:00,3706
SLA003707,WO003428,C002,SV8,A005,P3,20250324,20250327,20250326,72,33.42,True,0.0,project_fact_sla_export.csv,2026-06-23T00:00:00,3707
SLA003708,WO001263,C019,SV6,A005,P2,20250314,20250315,20250315,24,13.67,True,0.0,project_fact_sla_export.csv,2026-06-23T00:00:00,3708
SLA003709,WO001727,C015,SV5,A001,P3,20250505,20250508,20250508,72,53.33,True,0.0,project_fact_sla_export.csv,2026-06-23T00:00:00,3709
SLA003710,WO001696,C017,SV6,A005,P1,20250430,20250430,20250501,8,3.22,True,0.0,project_fact_sla_export.csv,2026-06-23T00:00:00,3710
SLA003711,WO003187,C017,SV6,A004,P3,20250524,20250527,20250526,72,26.31,True,0.0,project_fact_sla_export.csv,2026-06-23T00:00:00,3711
SLA003712,WO002742,C019,SV2,A005,P3,20250517,20250520,20250518,72,23.1,True,0.0,project_fact_sla_export.csv,2026-06-23T00:00:00,3712
SLA003713,WO002063,C005,SV5,A003,P3,20250629,20250702,20250630,72,71.94,True,0.0,project_fact_sla_export.csv,2026-06-23T00:00:00,3713
SLA003714,WO003985,C010,SV2,A006,P2,20250404,20250405,20250405,24,10.55,True,0.0,project_fact_sla_export.csv,2026-06-23T00:00:00,3714
SLA003715,WO000962,C011,SV3,A005,P2,20250610,20250611,20250611,24,11.08,True,0.0,project_fact_sla_export.csv,2026-06-23T00:00:00,3715
SLA003716,WO003108,C008,SV4,A005,P3,20250507,20250510,20250510,72,68.45,True,0.0,project_fact_sla_export.csv,2026-06-23T00:00:00,3716
SLA003717,WO000038,C002,SV5,A001,P1,20250226,20250226,20250227,8,9.08,False,1.08,project_fact_sla_export.csv,2026-06-23T00:00:00,3717
SLA003718,WO004756,C013,SV2,A006,P2,20250414,20250415,20250415,24,23.27,True,0.0,project_fact_sla_export.csv,2026-06-23T00:00:00,3718
SLA003719,WO004224,C003,SV4,A005,P4,20250228,20250305,20250304,120,76.0,True,0.0,project_fact_sla_export.csv,2026-06-23T00:00:00,3719
SLA003720,WO003223,C008,SV4,A003,P2,20250620,20250621,20250621,24,11.44,True,0.0,project_fact_sla_export.csv,2026-06-23T00:00:00,3720
SLA003721,WO002227,C019,SV4,A005,P2,20250329,20250330,20250330,24,12.66,True,0.0,project_fact_sla_export.csv,2026-06-23T00:00:00,3721
SLA003722,WO001095,C012,SV4,A005,P2,20250502,20250503,20250503,24,15.39,True,0.0,project_fact_sla_export.csv,2026-06-23T00:00:00,3722
SLA003723,WO003920,C005,SV3,A005,P4,20250114,20250119,20250116,120,44.55,True,0.0,project_fact_sla_export.csv,2026-06-23T00:00:00,3723
SLA003724,WO004978,C007,SV1,A005,P3,20250621,20250624,20250625,72,73.43,False,1.43,project_fact_sla_export.csv,2026-06-23T00:00:00,3724
SLA003725,WO002845,C017,SV1,A001,P3,20250302,20250305,20250304,72,42.29,True,0.0,project_fact_sla_export.csv,2026-06-23T00:00:00,3725
SLA003726,WO001489,C015,SV4,A001,P4,20250310,20250315,20250314,120,83.52,True,0.0,project_fact_sla_export.csv,2026-06-23T00:00:00,3726
SLA003727,WO002838,C016,SV1,A003,P3,20250417,20250420,20250419,72,41.43,True,0.0,project_fact_sla_export.csv,2026-06-23T00:00:00,3727
SLA003728,WO000252,C003,SV7,A005,P3,20250619,20250622,20250622,72,59.49,True,0.0,project_fact_sla_export.csv,2026-06-23T00:00:00,3728
SLA003729,WO000640,C011,SV2,A001,P4,20250127,20250201,20250131,120,75.54,True,0.0,project_fact_sla_export.csv,2026-06-23T00:00:00,3729
SLA003730,WO000641,C005,SV7,A004,P3,20250430,20250503,20250502,72,28.17,True,0.0,project_fact_sla_export.csv,2026-06-23T00:00:00,3730
SLA003731,WO003048,C006,SV2,A001,P3,20250304,20250307,20250313,72,213.08,False,141.08,project_fact_sla_export.csv,2026-06-23T00:00:00,3731
SLA003732,WO003919,C009,SV8,A005,P4,20250113,20250118,20250115,120,24.89,True,0.0,project_fact_sla_export.csv,2026-06-23T00:00:00,3732
SLA003733,WO000571,C010,SV6,A005,P3,20250114,20250117,20250118,72,81.41,False,9.41,project_fact_sla_export.csv,2026-06-23T00:00:00,3733
SLA003734,WO000821,C010,SV8,A002,P1,20250515,20250515,20250516,8,4.28,True,0.0,project_fact_sla_export.csv,2026-06-23T00:00:00,3734
SLA003735,WO003634,C007,SV5,A003,P4,20250616,20250621,20250620,120,86.27,True,0.0,project_fact_sla_export.csv,2026-06-23T00:00:00,3735
SLA003736,WO003065,C015,SV6,A003,P2,20250531,20250601,20250602,24,26.29,False,2.29,project_fact_sla_export.csv,2026-06-23T00:00:00,3736
SLA003737,WO001840,C007,SV8,A006,P1,20250307,20250307,20250308,8,7.3,True,0.0,project_fact_sla_export.csv,2026-06-23T00:00:00,3737
SLA003738,WO002746,C015,SV4,A001,P3,20250301,20250304,20250304,72,58.72,True,0.0,project_fact_sla_export.csv,2026-06-23T00:00:00,3738
SLA003739,WO004725,C013,SV1,A003,P3,20250506,20250509,20250507,72,20.37,True,0.0,project_fact_sla_export.csv,2026-06-23T00:00:00,3739
SLA003740,WO003431,C004,SV4,A003,P3,20250603,20250606,20250605,72,39.93,True,0.0,project_fact_sla_export.csv,2026-06-23T00:00:00,3740
SLA003741,WO002947,C018,SV1,A004,P4,20250102,20250107,20250105,120,66.46,True,0.0,project_fact_sla_export.csv,2026-06-23T00:00:00,3741
SLA003742,WO004574,C005,SV3,A005,P3,20250210,20250213,20250213,72,51.33,True,0.0,project_fact_sla_export.csv,2026-06-23T00:00:00,3742
SLA003743,WO004354,C015,SV6,A004,P1,20250214,20250214,20250215,8,3.15,True,0.0,project_fact_sla_export.csv,2026-06-23T00:00:00,3743
SLA003744,WO000121,C019,SV1,A006,P4,20250526,20250531,20250530,120,73.08,True,0.0,project_fact_sla_export.csv,2026-06-23T00:00:00,3744
SLA003745,WO002970,C001,SV8,A006,P2,20250512,20250513,20250513,24,7.39,True,0.0,project_fact_sla_export.csv,2026-06-23T00:00:00,3745
SLA003746,WO003549,C019,SV4,A005,P4,20250323,20250328,20250326,120,65.53,True,0.0,project_fact_sla_export.csv,2026-06-23T00:00:00,3746
SLA003747,WO003413,C016,SV8,A002,P3,20250203,20250206,20250205,72,27.01,True,0.0,project_fact_sla_export.csv,2026-06-23T00:00:00,3747
SLA003748,WO001914,C003,SV1,A005,P3,20250323,20250326,20250325,72,30.38,True,0.0,project_fact_sla_export.csv,2026-06-23T00:00:00,3748
SLA003749,WO001623,C006,SV3,A003,P3,20250214,20250217,20250216,72,28.16,True,0.0,project_fact_sla_export.csv,2026-06-23T00:00:00,3749
SLA003750,WO002832,C019,SV8,A005,P2,20250209,20250210,20250210,24,22.13,True,0.0,project_fact_sla_export.csv,2026-06-23T00:00:00,3750
SLA003751,WO000869,C002,SV6,A004,P3,20250301,20250304,20250305,72,78.4,False,6.4,project_fact_sla_export.csv,2026-06-23T00:00:00,3751
SLA003752,WO002482,C008,SV4,A001,P2,20250622,20250623,20250625,24,55.0,False,31.0,project_fact_sla_export.csv,2026-06-23T00:00:00,3752
SLA003753,WO000099,C016,SV4,A005,P2,20250515,20250516,20250516,24,8.51,True,0.0,project_fact_sla_export.csv,2026-06-23T00:00:00,3753
SLA003754,WO001401,C020,SV1,A001,P1,20250202,20250202,20250203,8,4.23,True,0.0,project_fact_sla_export.csv,2026-06-23T00:00:00,3754
SLA003755,WO003130,C008,SV4,A006,P3,20250220,20250223,20250224,72,73.79,False,1.79,project_fact_sla_export.csv,2026-06-23T00:00:00,3755
SLA003756,WO001024,C009,SV8,A005,P1,20250408,20250408,20250409,8,5.27,True,0.0,project_fact_sla_export.csv,2026-06-23T00:00:00,3756
SLA003757,WO000241,C001,SV6,A003,P2,20250616,20250617,20250617,24,21.73,True,0.0,project_fact_sla_export.csv,2026-06-23T00:00:00,3757
SLA003758,WO004024,C002,SV7,A006,P2,20250628,20250629,20250629,24,9.39,True,0.0,project_fact_sla_export.csv,2026-06-23T00:00:00,3758
SLA003759,WO000556,C012,SV6,A005,P1,20250419,20250419,20250420,8,2.57,True,0.0,project_fact_sla_export.csv,2026-06-23T00:00:00,3759
SLA003760,WO001634,C007,SV8,A006,P3,20250401,20250404,20250403,72,29.03,True,0.0,project_fact_sla_export.csv,2026-06-23T00:00:00,3760
SLA003761,WO000234,C001,SV3,A005,P2,20250311,20250312,20250312,24,8.05,True,0.0,project_fact_sla_export.csv,2026-06-23T00:00:00,3761
SLA003762,WO004648,C005,SV1,A005,P3,20250122,20250125,20250125,72,53.67,True,0.0,project_fact_sla_export.csv,2026-06-23T00:00:00,3762
SLA003763,WO001898,C002,SV4,A004,P3,20250410,20250413,20250412,72,25.59,True,0.0,project_fact_sla_export.csv,2026-06-23T00:00:00,3763
SLA003764,WO003707,C013,SV5,A003,P4,20250522,20250527,20250601,120,217.13,False,97.13,project_fact_sla_export.csv,2026-06-23T00:00:00,3764
SLA003765,WO002466,C005,SV5,A003,P1,20250617,20250617,20250618,8,10.15,False,2.15,project_fact_sla_export.csv,2026-06-23T00:00:00,3765
SLA003766,WO003345,C004,SV6,A004,P3,20250120,20250123,20250122,72,42.07,True,0.0,project_fact_sla_export.csv,2026-06-23T00:00:00,3766
SLA003767,WO004123,C019,SV2,A003,P2,20250503,20250504,20250505,24,26.97,False,2.97,project_fact_sla_export.csv,2026-06-23T00:00:00,3767
SLA003768,WO002586,C002,SV7,A001,P4,20250504,20250509,20250509,120,113.13,True,0.0,project_fact_sla_export.csv,2026-06-23T00:00:00,3768
SLA003769,WO004483,C014,SV3,A004,P2,20250531,20250601,20250601,24,11.49,True,0.0,project_fact_sla_export.csv,2026-06-23T00:00:00,3769
SLA003770,WO004436,C001,SV6,A003,P2,20250115,20250116,20250117,24,33.11,False,9.11,project_fact_sla_export.csv,2026-06-23T00:00:00,3770
SLA003771,WO003443,C003,SV3,A003,P1,20250101,20250101,20250102,8,1.75,True,0.0,project_fact_sla_export.csv,2026-06-23T00:00:00,3771
SLA003772,WO000020,C006,SV2,A003,P4,20250321,20250326,20250325,120,84.11,True,0.0,project_fact_sla_export.csv,2026-06-23T00:00:00,3772
SLA003773,WO000673,C001,SV4,A001,P3,20250317,20250320,20250319,72,37.21,True,0.0,project_fact_sla_export.csv,2026-06-23T00:00:00,3773
SLA003774,WO003191,C014,SV4,A003,P3,20250505,20250508,20250509,72,83.51,False,11.51,project_fact_sla_export.csv,2026-06-23T00:00:00,3774
SLA003775,WO001971,C012,SV6,A004,P3,20250102,20250105,20250104,72,44.04,True,0.0,project_fact_sla_export.csv,2026-06-23T00:00:00,3775
SLA003776,WO001015,C014,SV3,A005,P3,20250312,20250315,20250315,72,49.97,True,0.0,project_fact_sla_export.csv,2026-06-23T00:00:00,3776
SLA003777,WO001037,C005,SV2,A003,P1,20250122,20250122,20250123,8,4.01,True,0.0,project_fact_sla_export.csv,2026-06-23T00:00:00,3777
SLA003778,WO000726,C011,SV8,A002,P3,20250415,20250418,20250417,72,31.98,True,0.0,project_fact_sla_export.csv,2026-06-23T00:00:00,3778
SLA003779,WO004564,C009,SV1,A001,P1,20250126,20250126,20250127,8,8.1,False,0.1,project_fact_sla_export.csv,2026-06-23T00:00:00,3779
SLA003780,WO000916,C012,SV8,A005,P1,20250125,20250125,20250126,8,6.72,True,0.0,project_fact_sla_export.csv,2026-06-23T00:00:00,3780
SLA003781,WO001773,C012,SV6,A001,P4,20250416,20250421,20250418,120,47.08,True,0.0,project_fact_sla_export.csv,2026-06-23T00:00:00,3781
SLA003782,WO001136,C001,SV1,A005,P3,20250214,20250217,20250216,72,42.85,True,0.0,project_fact_sla_export.csv,2026-06-23T00:00:00,3782
SLA003783,WO002057,C003,SV8,A005,P2,20250316,20250317,20250317,24,17.26,True,0.0,project_fact_sla_export.csv,2026-06-23T00:00:00,3783
SLA003784,WO000854,C018,SV3,A006,P2,20250103,20250104,20250105,24,33.1,False,9.1,project_fact_sla_export.csv,2026-06-23T00:00:00,3784
SLA003785,WO003360,C006,SV7,A004,P1,20250507,20250507,20250508,8,8.58,False,0.58,project_fact_sla_export.csv,2026-06-23T00:00:00,3785
SLA003786,WO004377,C019,SV1,A003,P2,20250226,20250227,20250227,24,11.97,True,0.0,project_fact_sla_export.csv,2026-06-23T00:00:00,3786
SLA003787,WO000904,C002,SV1,A005,P4,20250523,20250528,20250528,120,107.83,True,0.0,project_fact_sla_export.csv,2026-06-23T00:00:00,3787
SLA003788,WO000631,C006,SV5,A004,P4,20250103,20250108,20250109,120,127.76,False,7.76,project_fact_sla_export.csv,2026-06-23T00:00:00,3788
SLA003789,WO001472,C014,SV8,A003,P2,20250307,20250308,20250308,24,16.95,True,0.0,project_fact_sla_export.csv,2026-06-23T00:00:00,3789
SLA003790,WO002851,C007,SV8,A006,P1,20250609,20250609,20250610,8,3.12,True,0.0,project_fact_sla_export.csv,2026-06-23T00:00:00,3790
SLA003791,WO004017,C012,SV6,A001,P3,20250528,20250531,20250530,72,42.65,True,0.0,project_fact_sla_export.csv,2026-06-23T00:00:00,3791
SLA003792,WO002391,C013,SV3,A005,P1,20250605,20250605,20250606,8,3.34,True,0.0,project_fact_sla_export.csv,2026-06-23T00:00:00,3792
SLA003793,WO004921,C015,SV2,A006,P1,20250523,20250523,20250524,8,4.35,True,0.0,project_fact_sla_export.csv,2026-06-23T00:00:00,3793
SLA003794,WO002931,C018,SV7,A001,P2,20250329,20250330,20250401,24,49.39,False,25.39,project_fact_sla_export.csv,2026-06-23T00:00:00,3794
SLA003795,WO002176,C009,SV8,A005,P3,20250125,20250128,20250128,72,64.09,True,0.0,project_fact_sla_export.csv,2026-06-23T00:00:00,3795
SLA003796,WO001290,C013,SV2,A005,P2,20250131,20250201,20250202,24,24.89,False,0.89,project_fact_sla_export.csv,2026-06-23T00:00:00,3796
SLA003797,WO000183,C015,SV8,A005,P2,20250601,20250602,20250602,24,5.87,True,0.0,project_fact_sla_export.csv,2026-06-23T00:00:00,3797
SLA003798,WO002198,C009,SV2,A005,P3,20250315,20250318,20250317,72,45.84,True,0.0,project_fact_sla_export.csv,2026-06-23T00:00:00,3798
SLA003799,WO004291,C007,SV6,A004,P3,20250608,20250611,20250610,72,45.89,True,0.0,project_fact_sla_export.csv,2026-06-23T00:00:00,3799
SLA003800,WO001862,C011,SV3,A003,P3,20250330,20250402,20250402,72,58.37,True,0.0,project_fact_sla_export.csv,2026-06-23T00:00:00,3800
SLA003801,WO001243,C008,SV4,A002,P1,20250219,20250219,20250220,8,11.18,False,3.18,project_fact_sla_export.csv,2026-06-23T00:00:00,3801
SLA003802,WO000284,C008,SV2,A003,P3,20250620,20250623,20250622,72,40.88,True,0.0,project_fact_sla_export.csv,2026-06-23T00:00:00,3802
SLA003803,WO000185,C011,SV1,A001,P2,20250213,20250214,20250214,24,6.91,True,0.0,project_fact_sla_export.csv,2026-06-23T00:00:00,3803
SLA003804,WO003156,C018,SV5,A001,P3,20250427,20250430,20250504,72,160.25,False,88.25,project_fact_sla_export.csv,2026-06-23T00:00:00,3804
SLA003805,WO003433,C016,SV1,A001,P3,20250520,20250523,20250526,72,125.75,False,53.75,project_fact_sla_export.csv,2026-06-23T00:00:00,3805
SLA003806,WO002352,C002,SV6,A003,P4,20250305,20250310,20250311,120,122.95,False,2.95,project_fact_sla_export.csv,2026-06-23T00:00:00,3806
SLA003807,WO003154,C011,SV1,A003,P3,20250209,20250212,20250213,72,75.75,False,3.75,project_fact_sla_export.csv,2026-06-23T00:00:00,3807
SLA003808,WO002718,C016,SV3,A005,P2,20250426,20250427,20250427,24,6.11,True,0.0,project_fact_sla_export.csv,2026-06-23T00:00:00,3808
SLA003809,WO002087,C010,SV2,A003,P2,20250325,20250326,20250326,24,12.07,True,0.0,project_fact_sla_export.csv,2026-06-23T00:00:00,3809
SLA003810,WO003981,C007,SV2,A004,P1,20250126,20250126,20250127,8,9.33,False,1.33,project_fact_sla_export.csv,2026-06-23T00:00:00,3810
SLA003811,WO004543,C013,SV7,A001,P3,20250226,20250301,20250301,72,69.73,True,0.0,project_fact_sla_export.csv,2026-06-23T00:00:00,3811
SLA003812,WO003140,C005,SV2,A003,P2,20250317,20250318,20250319,24,30.95,False,6.95,project_fact_sla_export.csv,2026-06-23T00:00:00,3812
SLA003813,WO000677,C001,SV1,A001,P2,20250626,20250627,20250628,24,37.57,False,13.57,project_fact_sla_export.csv,2026-06-23T00:00:00,3813
SLA003814,WO001942,C001,SV4,A004,P1,20250607,20250607,20250608,8,14.2,False,6.2,project_fact_sla_export.csv,2026-06-23T00:00:00,3814
SLA003815,WO001956,C002,SV1,A005,P4,20250307,20250312,20250310,120,61.21,True,0.0,project_fact_sla_export.csv,2026-06-23T00:00:00,3815
SLA003816,WO002186,C010,SV6,A006,P2,20250602,20250603,20250603,24,17.56,True,0.0,project_fact_sla_export.csv,2026-06-23T00:00:00,3816
SLA003817,WO000917,C016,SV5,A006,P2,20250421,20250422,20250422,24,21.12,True,0.0,project_fact_sla_export.csv,2026-06-23T00:00:00,3817
SLA003818,WO004343,C009,SV4,A001,P2,20250218,20250219,20250219,24,18.08,True,0.0,project_fact_sla_export.csv,2026-06-23T00:00:00,3818
SLA003819,WO001498,C007,SV7,A004,P1,20250626,20250626,20250627,8,7.41,True,0.0,project_fact_sla_export.csv,2026-06-23T00:00:00,3819
SLA003820,WO003540,C011,SV5,A004,P2,20250211,20250212,20250213,24,25.78,False,1.78,project_fact_sla_export.csv,2026-06-23T00:00:00,3820
SLA003821,WO000409,C020,SV5,A001,P3,20250407,20250410,20250411,72,85.65,False,13.65,project_fact_sla_export.csv,2026-06-23T00:00:00,3821
SLA003822,WO002156,C002,SV8,A001,P4,20250127,20250201,20250202,120,142.89,False,22.89,project_fact_sla_export.csv,2026-06-23T00:00:00,3822
SLA003823,WO003155,C017,SV5,A005,P2,20250227,20250228,20250228,24,12.62,True,0.0,project_fact_sla_export.csv,2026-06-23T00:00:00,3823
SLA003824,WO004026,C011,SV2,A005,P2,20250107,20250108,20250108,24,22.63,True,0.0,project_fact_sla_export.csv,2026-06-23T00:00:00,3824
SLA003825,WO000107,C007,SV5,A005,P2,20250101,20250102,20250102,24,11.42,True,0.0,project_fact_sla_export.csv,2026-06-23T00:00:00,3825
SLA003826,WO003013,C018,SV3,A005,P3,20250225,20250228,20250227,72,36.93,True,0.0,project_fact_sla_export.csv,2026-06-23T00:00:00,3826
SLA003827,WO003046,C016,SV8,A003,P4,20250518,20250523,20250525,120,156.23,False,36.23,project_fact_sla_export.csv,2026-06-23T00:00:00,3827
SLA003828,WO003513,C009,SV7,A006,P2,20250106,20250107,20250107,24,13.51,True,0.0,project_fact_sla_export.csv,2026-06-23T00:00:00,3828
SLA003829,WO004399,C001,SV4,A005,P3,20250206,20250209,20250210,72,84.49,False,12.49,project_fact_sla_export.csv,2026-06-23T00:00:00,3829
SLA003830,WO001204,C008,SV5,A001,P2,20250318,20250319,20250319,24,14.52,True,0.0,project_fact_sla_export.csv,2026-06-23T00:00:00,3830
SLA003831,WO001459,C014,SV1,A003,P2,20250107,20250108,20250108,24,13.91,True,0.0,project_fact_sla_export.csv,2026-06-23T00:00:00,3831
SLA003832,WO003535,C012,SV2,A003,P3,20250621,20250624,20250623,72,45.12,True,0.0,project_fact_sla_export.csv,2026-06-23T00:00:00,3832
SLA003833,WO000647,C007,SV4,A001,P2,20250105,20250106,20250106,24,16.03,True,0.0,project_fact_sla_export.csv,2026-06-23T00:00:00,3833
SLA003834,WO004012,C011,SV5,A003,P2,20250320,20250321,20250321,24,13.98,True,0.0,project_fact_sla_export.csv,2026-06-23T00:00:00,3834
SLA003835,WO001957,C014,SV5,A001,P2,20250507,20250508,20250508,24,22.85,True,0.0,project_fact_sla_export.csv,2026-06-23T00:00:00,3835
SLA003836,WO000181,C004,SV3,A005,P2,20250517,20250518,20250518,24,15.72,True,0.0,project_fact_sla_export.csv,2026-06-23T00:00:00,3836
SLA003837,WO003898,C005,SV5,A003,P2,20250602,20250603,20250604,24,29.61,False,5.61,project_fact_sla_export.csv,2026-06-23T00:00:00,3837
SLA003838,WO001850,C005,SV8,A006,P2,20250118,20250119,20250120,24,28.97,False,4.97,project_fact_sla_export.csv,2026-06-23T00:00:00,3838
SLA003839,WO004977,C009,SV7,A001,P3,20250215,20250218,20250218,72,56.72,True,0.0,project_fact_sla_export.csv,2026-06-23T00:00:00,3839
SLA003840,WO001063,C012,SV4,A004,P2,20250424,20250425,20250425,24,22.6,True,0.0,project_fact_sla_export.csv,2026-06-23T00:00:00,3840
SLA003841,WO003381,C018,SV5,A006,P2,20250321,20250322,20250322,24,14.73,True,0.0,project_fact_sla_export.csv,2026-06-23T00:00:00,3841
SLA003842,WO003143,C008,SV8,A003,P2,20250610,20250611,20250611,24,18.14,True,0.0,project_fact_sla_export.csv,2026-06-23T00:00:00,3842
SLA003843,WO000898,C005,SV1,A004,P4,20250202,20250207,20250204,120,26.18,True,0.0,project_fact_sla_export.csv,2026-06-23T00:00:00,3843
SLA003844,WO003422,C002,SV3,A004,P3,20250624,20250627,20250627,72,49.66,True,0.0,project_fact_sla_export.csv,2026-06-23T00:00:00,3844
SLA003845,WO001234,C015,SV6,A005,P3,20250424,20250427,20250425,72,20.28,True,0.0,project_fact_sla_export.csv,2026-06-23T00:00:00,3845
SLA003846,WO003970,C010,SV3,A004,P4,20250621,20250626,20250625,120,72.7,True,0.0,project_fact_sla_export.csv,2026-06-23T00:00:00,3846
SLA003847,WO003400,C001,SV5,A004,P3,20250107,20250110,20250108,72,15.65,True,0.0,project_fact_sla_export.csv,2026-06-23T00:00:00,3847
SLA003848,WO000150,C009,SV2,A003,P3,20250624,20250627,20250630,72,132.97,False,60.97,project_fact_sla_export.csv,2026-06-23T00:00:00,3848
SLA003849,WO000367,C011,SV5,A005,P1,20250522,20250522,20250523,8,5.29,True,0.0,project_fact_sla_export.csv,2026-06-23T00:00:00,3849
SLA003850,WO003023,C004,SV1,A005,P3,20250129,20250201,20250201,72,50.73,True,0.0,project_fact_sla_export.csv,2026-06-23T00:00:00,3850
SLA003851,WO002334,C012,SV7,A005,P4,20250625,20250630,20250630,120,216.8,False,96.8,project_fact_sla_export.csv,2026-06-23T00:00:00,3851
SLA003852,WO001751,C019,SV3,A004,P3,20250119,20250122,20250120,72,20.34,True,0.0,project_fact_sla_export.csv,2026-06-23T00:00:00,3852
SLA003853,WO002891,C004,SV6,A005,P3,20250514,20250517,20250516,72,39.49,True,0.0,project_fact_sla_export.csv,2026-06-23T00:00:00,3853
SLA003854,WO000299,C004,SV6,A001,P3,20250213,20250216,20250217,72,74.2,False,2.2,project_fact_sla_export.csv,2026-06-23T00:00:00,3854
SLA003855,WO001135,C014,SV8,A001,P3,20250126,20250129,20250128,72,24.89,True,0.0,project_fact_sla_export.csv,2026-06-23T00:00:00,3855
SLA003856,WO003231,C003,SV1,A003,P2,20250309,20250310,20250310,24,17.98,True,0.0,project_fact_sla_export.csv,2026-06-23T00:00:00,3856
SLA003857,WO004642,C011,SV3,A004,P2,20250117,20250118,20250118,24,10.04,True,0.0,project_fact_sla_export.csv,2026-06-23T00:00:00,3857
SLA003858,WO003568,C006,SV6,A004,P4,20250513,20250518,20250517,120,86.95,True,0.0,project_fact_sla_export.csv,2026-06-23T00:00:00,3858
SLA003859,WO003463,C003,SV3,A006,P3,20250521,20250524,20250523,72,44.65,True,0.0,project_fact_sla_export.csv,2026-06-23T00:00:00,3859
SLA003860,WO002073,C009,SV4,A002,P3,20250627,20250630,20250630,72,86.64,False,14.64,project_fact_sla_export.csv,2026-06-23T00:00:00,3860
SLA003861,WO003886,C009,SV8,A006,P4,20250606,20250611,20250615,120,193.73,False,73.73,project_fact_sla_export.csv,2026-06-23T00:00:00,3861
SLA003862,WO001188,C016,SV2,A006,P2,20250307,20250308,20250308,24,11.72,True,0.0,project_fact_sla_export.csv,2026-06-23T00:00:00,3862
SLA003863,WO002533,C018,SV8,A005,P3,20250401,20250404,20250403,72,30.4,True,0.0,project_fact_sla_export.csv,2026-06-23T00:00:00,3863
SLA003864,WO004821,C006,SV2,A001,P4,20250119,20250124,20250122,120,56.04,True,0.0,project_fact_sla_export.csv,2026-06-23T00:00:00,3864
SLA003865,WO002638,C020,SV6,A005,P3,20250210,20250213,20250212,72,38.51,True,0.0,project_fact_sla_export.csv,2026-06-23T00:00:00,3865
SLA003866,WO000903,C007,SV1,A005,P2,20250103,20250104,20250104,24,17.32,True,0.0,project_fact_sla_export.csv,2026-06-23T00:00:00,3866
SLA003867,WO000598,C004,SV3,A005,P2,20250426,20250427,20250427,24,20.11,True,0.0,project_fact_sla_export.csv,2026-06-23T00:00:00,3867
SLA003868,WO000902,C010,SV6,A005,P4,20250208,20250213,20250214,120,139.08,False,19.08,project_fact_sla_export.csv,2026-06-23T00:00:00,3868
SLA003869,WO004965,C007,SV4,A006,P3,20250403,20250406,20250404,72,22.48,True,0.0,project_fact_sla_export.csv,2026-06-23T00:00:00,3869
SLA003870,WO001888,C015,SV5,A001,P4,20250303,20250308,20250313,120,221.56,False,101.56,project_fact_sla_export.csv,2026-06-23T00:00:00,3870
SLA003871,WO004567,C012,SV6,A002,P2,20250122,20250123,20250123,24,14.37,True,0.0,project_fact_sla_export.csv,2026-06-23T00:00:00,3871
SLA003872,WO003542,C004,SV6,A004,P2,20250630,20250701,20250630,24,34.69,False,10.69,project_fact_sla_export.csv,2026-06-23T00:00:00,3872
SLA003873,WO000829,C003,SV5,A003,P1,20250402,20250402,20250403,8,6.67,True,0.0,project_fact_sla_export.csv,2026-06-23T00:00:00,3873
SLA003874,WO000386,C020,SV1,A006,P1,20250426,20250426,20250427,8,1.83,True,0.0,project_fact_sla_export.csv,2026-06-23T00:00:00,3874
SLA003875,WO002625,C007,SV5,A004,P1,20250304,20250304,20250305,8,6.33,True,0.0,project_fact_sla_export.csv,2026-06-23T00:00:00,3875
SLA003876,WO001149,C020,SV7,A006,P3,20250504,20250507,20250506,72,47.78,True,0.0,project_fact_sla_export.csv,2026-06-23T00:00:00,3876
SLA003877,WO003671,C003,SV4,A003,P4,20250428,20250503,20250503,120,98.86,True,0.0,project_fact_sla_export.csv,2026-06-23T00:00:00,3877
SLA003878,WO003547,C012,SV7,A005,P2,20250206,20250207,20250207,24,11.99,True,0.0,project_fact_sla_export.csv,2026-06-23T00:00:00,3878
SLA003879,WO003026,C003,SV1,A006,P3,20250525,20250528,20250528,72,62.31,True,0.0,project_fact_sla_export.csv,2026-06-23T00:00:00,3879
SLA003880,WO003136,C019,SV7,A003,P4,20250417,20250422,20250421,120,93.74,True,0.0,project_fact_sla_export.csv,2026-06-23T00:00:00,3880
SLA003881,WO003778,C018,SV7,A001,P3,20250321,20250324,20250324,72,68.48,True,0.0,project_fact_sla_export.csv,2026-06-23T00:00:00,3881
SLA003882,WO004048,C020,SV1,A004,P3,20250629,20250702,20250630,72,63.32,True,0.0,project_fact_sla_export.csv,2026-06-23T00:00:00,3882
SLA003883,WO002620,C006,SV8,A003,P3,20250215,20250218,20250219,72,75.26,False,3.26,project_fact_sla_export.csv,2026-06-23T00:00:00,3883
SLA003884,WO004560,C011,SV3,A005,P2,20250301,20250302,20250302,24,11.58,True,0.0,project_fact_sla_export.csv,2026-06-23T00:00:00,3884
SLA003885,WO003284,C010,SV7,A002,P2,20250310,20250311,20250311,24,20.55,True,0.0,project_fact_sla_export.csv,2026-06-23T00:00:00,3885
SLA003886,WO001774,C016,SV6,A004,P4,20250513,20250518,20250519,120,124.74,False,4.74,project_fact_sla_export.csv,2026-06-23T00:00:00,3886
SLA003887,WO002802,C010,SV1,A004,P3,20250620,20250623,20250622,72,37.94,True,0.0,project_fact_sla_export.csv,2026-06-23T00:00:00,3887
SLA003888,WO004332,C001,SV6,A006,P2,20250421,20250422,20250422,24,10.35,True,0.0,project_fact_sla_export.csv,2026-06-23T00:00:00,3888
SLA003889,WO001900,C015,SV5,A004,P4,20250506,20250511,20250512,120,132.43,False,12.43,project_fact_sla_export.csv,2026-06-23T00:00:00,3889
SLA003890,WO004310,C015,SV7,A005,P3,20250325,20250328,20250327,72,24.73,True,0.0,project_fact_sla_export.csv,2026-06-23T00:00:00,3890
SLA003891,WO001917,C007,SV1,A002,P3,20250109,20250112,20250112,72,61.74,True,0.0,project_fact_sla_export.csv,2026-06-23T00:00:00,3891
SLA003892,WO004238,C006,SV7,A003,P3,20250209,20250212,20250210,72,20.55,True,0.0,project_fact_sla_export.csv,2026-06-23T00:00:00,3892
SLA003893,WO001406,C001,SV6,A005,P3,20250417,20250420,20250419,72,31.17,True,0.0,project_fact_sla_export.csv,2026-06-23T00:00:00,3893
SLA003894,WO002552,C009,SV8,A005,P2,20250207,20250208,20250208,24,10.54,True,0.0,project_fact_sla_export.csv,2026-06-23T00:00:00,3894
SLA003895,WO004317,C001,SV4,A006,P3,20250423,20250426,20250425,72,37.05,True,0.0,project_fact_sla_export.csv,2026-06-23T00:00:00,3895
SLA003896,WO000376,C004,SV8,A002,P4,20250426,20250501,20250501,120,114.88,True,0.0,project_fact_sla_export.csv,2026-06-23T00:00:00,3896
SLA003897,WO003147,C017,SV2,A001,P3,20250313,20250316,20250320,72,144.92,False,72.92,project_fact_sla_export.csv,2026-06-23T00:00:00,3897
SLA003898,WO004767,C005,SV6,A004,P4,20250427,20250502,20250430,120,68.59,True,0.0,project_fact_sla_export.csv,2026-06-23T00:00:00,3898
SLA003899,WO004124,C010,SV8,A002,P3,20250306,20250309,20250308,72,27.04,True,0.0,project_fact_sla_export.csv,2026-06-23T00:00:00,3899
SLA003900,WO002989,C017,SV1,A005,P3,20250221,20250224,20250223,72,31.87,True,0.0,project_fact_sla_export.csv,2026-06-23T00:00:00,3900
SLA003901,WO000260,C007,SV6,A004,P1,20250411,20250411,20250412,8,2.55,True,0.0,project_fact_sla_export.csv,2026-06-23T00:00:00,3901
SLA003902,WO003742,C019,SV8,A001,P3,20250317,20250320,20250321,72,77.44,False,5.44,project_fact_sla_export.csv,2026-06-23T00:00:00,3902
SLA003903,WO003971,C005,SV7,A005,P3,20250228,20250303,20250301,72,23.03,True,0.0,project_fact_sla_export.csv,2026-06-23T00:00:00,3903
SLA003904,WO003395,C012,SV3,A005,P3,20250609,20250612,20250615,72,126.16,False,54.16,project_fact_sla_export.csv,2026-06-23T00:00:00,3904
SLA003905,WO004470,C001,SV3,A006,P1,20250225,20250225,20250226,8,3.66,True,0.0,project_fact_sla_export.csv,2026-06-23T00:00:00,3905
SLA003906,WO000837,C017,SV4,A004,P4,20250507,20250512,20250512,120,113.99,True,0.0,project_fact_sla_export.csv,2026-06-23T00:00:00,3906
SLA003907,WO001998,C019,SV2,A005,P3,20250519,20250522,20250521,72,46.69,True,0.0,project_fact_sla_export.csv,2026-06-23T00:00:00,3907
SLA003908,WO001749,C006,SV2,A001,P3,20250519,20250522,20250521,72,28.91,True,0.0,project_fact_sla_export.csv,2026-06-23T00:00:00,3908
SLA003909,WO002884,C018,SV1,A005,P2,20250619,20250620,20250620,24,15.32,True,0.0,project_fact_sla_export.csv,2026-06-23T00:00:00,3909
SLA003910,WO004435,C019,SV3,A004,P3,20250214,20250217,20250215,72,15.99,True,0.0,project_fact_sla_export.csv,2026-06-23T00:00:00,3910
SLA003911,WO001519,C018,SV3,A003,P4,20250221,20250226,20250227,120,127.22,False,7.22,project_fact_sla_export.csv,2026-06-23T00:00:00,3911
SLA003912,WO004568,C002,SV6,A004,P4,20250301,20250306,20250305,120,77.92,True,0.0,project_fact_sla_export.csv,2026-06-23T00:00:00,3912
SLA003913,WO001687,C020,SV7,A005,P3,20250611,20250614,20250614,72,62.37,True,0.0,project_fact_sla_export.csv,2026-06-23T00:00:00,3913
SLA003914,WO004247,C015,SV8,A005,P2,20250404,20250405,20250406,24,44.0,False,20.0,project_fact_sla_export.csv,2026-06-23T00:00:00,3914
SLA003915,WO000139,C007,SV5,A005,P4,20250603,20250608,20250608,120,96.02,True,0.0,project_fact_sla_export.csv,2026-06-23T00:00:00,3915
SLA003916,WO003734,C011,SV1,A001,P4,20250220,20250225,20250224,120,89.96,True,0.0,project_fact_sla_export.csv,2026-06-23T00:00:00,3916
SLA003917,WO002078,C004,SV8,A004,P4,20250626,20250701,20250630,120,74.17,True,0.0,project_fact_sla_export.csv,2026-06-23T00:00:00,3917
SLA003918,WO001441,C019,SV3,A005,P3,20250102,20250105,20250107,72,118.64,False,46.64,project_fact_sla_export.csv,2026-06-23T00:00:00,3918
SLA003919,WO004139,C009,SV5,A006,P2,20250224,20250225,20250225,24,12.97,True,0.0,project_fact_sla_export.csv,2026-06-23T00:00:00,3919
SLA003920,WO004259,C011,SV8,A004,P3,20250109,20250112,20250111,72,30.63,True,0.0,project_fact_sla_export.csv,2026-06-23T00:00:00,3920
SLA003921,WO004510,C017,SV6,A001,P3,20250404,20250407,20250406,72,41.88,True,0.0,project_fact_sla_export.csv,2026-06-23T00:00:00,3921
SLA003922,WO000405,C012,SV7,A005,P4,20250519,20250524,20250525,120,144.0,False,24.0,project_fact_sla_export.csv,2026-06-23T00:00:00,3922
SLA003923,WO002617,C005,SV3,A001,P4,20250504,20250509,20250507,120,64.99,True,0.0,project_fact_sla_export.csv,2026-06-23T00:00:00,3923
SLA003924,WO002159,C009,SV6,A005,P3,20250620,20250623,20250624,72,92.24,False,20.24,project_fact_sla_export.csv,2026-06-23T00:00:00,3924
SLA003925,WO003954,C002,SV1,A002,P3,20250613,20250616,20250616,72,66.04,True,0.0,project_fact_sla_export.csv,2026-06-23T00:00:00,3925
SLA003926,WO002054,C003,SV6,A004,P3,20250411,20250414,20250413,72,45.79,True,0.0,project_fact_sla_export.csv,2026-06-23T00:00:00,3926
SLA003927,WO002247,C015,SV8,A004,P3,20250131,20250203,20250203,72,51.88,True,0.0,project_fact_sla_export.csv,2026-06-23T00:00:00,3927
SLA003928,WO004979,C002,SV8,A004,P2,20250325,20250326,20250327,24,27.52,False,3.52,project_fact_sla_export.csv,2026-06-23T00:00:00,3928
SLA003929,WO002678,C014,SV7,A005,P4,20250124,20250129,20250126,120,40.76,True,0.0,project_fact_sla_export.csv,2026-06-23T00:00:00,3929
SLA003930,WO000966,C015,SV7,A005,P3,20250207,20250210,20250209,72,24.93,True,0.0,project_fact_sla_export.csv,2026-06-23T00:00:00,3930
SLA003931,WO002577,C014,SV7,A005,P2,20250213,20250214,20250214,24,8.17,True,0.0,project_fact_sla_export.csv,2026-06-23T00:00:00,3931
SLA003932,WO003293,C014,SV8,A005,P3,20250310,20250313,20250313,72,59.06,True,0.0,project_fact_sla_export.csv,2026-06-23T00:00:00,3932
SLA003933,WO003736,C016,SV4,A005,P3,20250213,20250216,20250216,72,64.82,True,0.0,project_fact_sla_export.csv,2026-06-23T00:00:00,3933
SLA003934,WO001684,C015,SV4,A004,P3,20250528,20250531,20250602,72,102.61,False,30.61,project_fact_sla_export.csv,2026-06-23T00:00:00,3934
SLA003935,WO004926,C020,SV7,A005,P2,20250623,20250624,20250624,24,18.03,True,0.0,project_fact_sla_export.csv,2026-06-23T00:00:00,3935
SLA003936,WO000803,C007,SV2,A005,P4,20250424,20250429,20250428,120,72.34,True,0.0,project_fact_sla_export.csv,2026-06-23T00:00:00,3936
SLA003937,WO000634,C008,SV8,A004,P3,20250425,20250428,20250427,72,40.98,True,0.0,project_fact_sla_export.csv,2026-06-23T00:00:00,3937
SLA003938,WO000656,C008,SV6,A004,P2,20250630,20250701,20250630,24,8.33,True,0.0,project_fact_sla_export.csv,2026-06-23T00:00:00,3938
SLA003939,WO002800,C004,SV3,A005,P3,20250521,20250524,20250524,72,56.74,True,0.0,project_fact_sla_export.csv,2026-06-23T00:00:00,3939
SLA003940,WO001624,C020,SV6,A005,P2,20250629,20250630,20250630,24,22.45,True,0.0,project_fact_sla_export.csv,2026-06-23T00:00:00,3940
SLA003941,WO004222,C019,SV5,A001,P3,20250308,20250311,20250311,72,49.19,True,0.0,project_fact_sla_export.csv,2026-06-23T00:00:00,3941
SLA003942,WO004714,C017,SV3,A004,P2,20250129,20250130,20250130,24,15.62,True,0.0,project_fact_sla_export.csv,2026-06-23T00:00:00,3942
SLA003943,WO004792,C020,SV6,A001,P3,20250320,20250323,20250323,72,67.54,True,0.0,project_fact_sla_export.csv,2026-06-23T00:00:00,3943
SLA003944,WO001196,C019,SV2,A005,P2,20250428,20250429,20250429,24,21.7,True,0.0,project_fact_sla_export.csv,2026-06-23T00:00:00,3944
SLA003945,WO004720,C010,SV2,A006,P2,20250411,20250412,20250412,24,8.83,True,0.0,project_fact_sla_export.csv,2026-06-23T00:00:00,3945
SLA003946,WO000187,C002,SV8,A005,P3,20250616,20250619,20250617,72,22.14,True,0.0,project_fact_sla_export.csv,2026-06-23T00:00:00,3946
SLA003947,WO002299,C019,SV7,A006,P2,20250206,20250207,20250207,24,16.77,True,0.0,project_fact_sla_export.csv,2026-06-23T00:00:00,3947
SLA003948,WO004880,C019,SV6,A006,P3,20250414,20250417,20250417,72,66.53,True,0.0,project_fact_sla_export.csv,2026-06-23T00:00:00,3948
SLA003949,WO000449,C014,SV8,A006,P3,20250518,20250521,20250522,72,74.47,False,2.47,project_fact_sla_export.csv,2026-06-23T00:00:00,3949
SLA003950,WO001354,C020,SV7,A005,P4,20250513,20250518,20250516,120,56.91,True,0.0,project_fact_sla_export.csv,2026-06-23T00:00:00,3950
SLA003951,WO003218,C011,SV2,A004,P2,20250605,20250606,20250606,24,11.33,True,0.0,project_fact_sla_export.csv,2026-06-23T00:00:00,3951
SLA003952,WO004130,C006,SV2,A004,P3,20250412,20250415,20250415,72,58.3,True,0.0,project_fact_sla_export.csv,2026-06-23T00:00:00,3952
SLA003953,WO002443,C003,SV5,A005,P3,20250521,20250524,20250524,72,53.11,True,0.0,project_fact_sla_export.csv,2026-06-23T00:00:00,3953
SLA003954,WO003528,C019,SV6,A001,P4,20250512,20250517,20250522,120,218.32,False,98.32,project_fact_sla_export.csv,2026-06-23T00:00:00,3954
SLA003955,WO003932,C006,SV6,A005,P1,20250303,20250303,20250304,8,14.32,False,6.32,project_fact_sla_export.csv,2026-06-23T00:00:00,3955
SLA003956,WO001600,C020,SV7,A004,P3,20250401,20250404,20250403,72,44.92,True,0.0,project_fact_sla_export.csv,2026-06-23T00:00:00,3956
SLA003957,WO001295,C017,SV1,A004,P3,20250107,20250110,20250109,72,43.28,True,0.0,project_fact_sla_export.csv,2026-06-23T00:00:00,3957
SLA003958,WO000133,C011,SV1,A002,P3,20250316,20250319,20250319,72,62.18,True,0.0,project_fact_sla_export.csv,2026-06-23T00:00:00,3958
SLA003959,WO001515,C007,SV4,A005,P3,20250321,20250324,20250322,72,21.64,True,0.0,project_fact_sla_export.csv,2026-06-23T00:00:00,3959
SLA003960,WO002193,C012,SV2,A005,P2,20250131,20250201,20250201,24,23.92,True,0.0,project_fact_sla_export.csv,2026-06-23T00:00:00,3960
SLA003961,WO003080,C004,SV6,A003,P1,20250525,20250525,20250526,8,4.37,True,0.0,project_fact_sla_export.csv,2026-06-23T00:00:00,3961
SLA003962,WO001528,C016,SV3,A004,P2,20250227,20250228,20250301,24,30.64,False,6.64,project_fact_sla_export.csv,2026-06-23T00:00:00,3962
SLA003963,WO001039,C012,SV4,A004,P3,20250502,20250505,20250505,72,70.82,True,0.0,project_fact_sla_export.csv,2026-06-23T00:00:00,3963
SLA003964,WO003822,C016,SV7,A005,P3,20250618,20250621,20250620,72,24.16,True,0.0,project_fact_sla_export.csv,2026-06-23T00:00:00,3964
SLA003965,WO000710,C006,SV7,A003,P3,20250627,20250630,20250628,72,23.43,True,0.0,project_fact_sla_export.csv,2026-06-23T00:00:00,3965
SLA003966,WO001484,C018,SV6,A001,P2,20250228,20250301,20250302,24,36.67,False,12.67,project_fact_sla_export.csv,2026-06-23T00:00:00,3966
SLA003967,WO004950,C019,SV8,A003,P4,20250228,20250305,20250306,120,131.28,False,11.28,project_fact_sla_export.csv,2026-06-23T00:00:00,3967
SLA003968,WO003977,C008,SV2,A002,P3,20250607,20250610,20250611,72,77.85,False,5.85,project_fact_sla_export.csv,2026-06-23T00:00:00,3968
SLA003969,WO003290,C004,SV7,A006,P2,20250512,20250513,20250513,24,10.72,True,0.0,project_fact_sla_export.csv,2026-06-23T00:00:00,3969
SLA003970,WO002923,C019,SV5,A005,P4,20250204,20250209,20250208,120,81.21,True,0.0,project_fact_sla_export.csv,2026-06-23T00:00:00,3970
SLA003971,WO004140,C014,SV7,A005,P2,20250428,20250429,20250429,24,11.95,True,0.0,project_fact_sla_export.csv,2026-06-23T00:00:00,3971
SLA003972,WO002688,C013,SV5,A005,P3,20250624,20250627,20250627,72,71.2,True,0.0,project_fact_sla_export.csv,2026-06-23T00:00:00,3972
SLA003973,WO002704,C007,SV1,A004,P4,20250630,20250705,20250630,120,76.3,True,0.0,project_fact_sla_export.csv,2026-06-23T00:00:00,3973
SLA003974,WO001626,C007,SV4,A003,P3,20250420,20250423,20250424,72,94.71,False,22.71,project_fact_sla_export.csv,2026-06-23T00:00:00,3974
SLA003975,WO004427,C008,SV3,A005,P3,20250507,20250510,20250510,72,68.88,True,0.0,project_fact_sla_export.csv,2026-06-23T00:00:00,3975
SLA003976,WO000593,C003,SV7,A001,P3,20250426,20250429,20250502,72,132.61,False,60.61,project_fact_sla_export.csv,2026-06-23T00:00:00,3976
SLA003977,WO000356,C013,SV3,A005,P4,20250130,20250204,20250201,120,39.0,True,0.0,project_fact_sla_export.csv,2026-06-23T00:00:00,3977
SLA003978,WO002029,C015,SV8,A005,P4,20250109,20250114,20250111,120,46.34,True,0.0,project_fact_sla_export.csv,2026-06-23T00:00:00,3978
SLA003979,WO004146,C016,SV4,A005,P3,20250516,20250519,20250519,72,63.41,True,0.0,project_fact_sla_export.csv,2026-06-23T00:00:00,3979
SLA003980,WO000543,C019,SV4,A005,P3,20250526,20250529,20250529,72,56.38,True,0.0,project_fact_sla_export.csv,2026-06-23T00:00:00,3980
SLA003981,WO000727,C002,SV8,A001,P2,20250523,20250524,20250525,24,28.47,False,4.47,project_fact_sla_export.csv,2026-06-23T00:00:00,3981
SLA003982,WO001137,C011,SV4,A004,P2,20250508,20250509,20250510,24,29.68,False,5.68,project_fact_sla_export.csv,2026-06-23T00:00:00,3982
SLA003983,WO004845,C018,SV8,A004,P2,20250625,20250626,20250626,24,14.31,True,0.0,project_fact_sla_export.csv,2026-06-23T00:00:00,3983
SLA003984,WO004211,C005,SV1,A005,P1,20250505,20250505,20250506,8,2.04,True,0.0,project_fact_sla_export.csv,2026-06-23T00:00:00,3984
SLA003985,WO003759,C009,SV8,A003,P4,20250426,20250501,20250429,120,64.76,True,0.0,project_fact_sla_export.csv,2026-06-23T00:00:00,3985
SLA003986,WO004325,C020,SV2,A005,P2,20250220,20250221,20250222,24,31.62,False,7.62,project_fact_sla_export.csv,2026-06-23T00:00:00,3986
SLA003987,WO001100,C015,SV6,A001,P3,20250205,20250208,20250211,72,135.7,False,63.7,project_fact_sla_export.csv,2026-06-23T00:00:00,3987
SLA003988,WO002370,C016,SV2,A004,P2,20250218,20250219,20250220,24,31.98,False,7.98,project_fact_sla_export.csv,2026-06-23T00:00:00,3988
SLA003989,WO000250,C009,SV8,A001,P4,20250523,20250528,20250528,120,112.18,True,0.0,project_fact_sla_export.csv,2026-06-23T00:00:00,3989
SLA003990,WO003558,C006,SV8,A005,P2,20250612,20250613,20250613,24,17.27,True,0.0,project_fact_sla_export.csv,2026-06-23T00:00:00,3990
SLA003991,WO003714,C005,SV5,A004,P2,20250326,20250327,20250327,24,19.23,True,0.0,project_fact_sla_export.csv,2026-06-23T00:00:00,3991
SLA003992,WO003063,C007,SV3,A001,P4,20250414,20250419,20250422,120,174.25,False,54.25,project_fact_sla_export.csv,2026-06-23T00:00:00,3992
SLA003993,WO004754,C017,SV8,A003,P1,20250206,20250206,20250207,8,14.77,False,6.77,project_fact_sla_export.csv,2026-06-23T00:00:00,3993
SLA003994,WO000454,C010,SV7,A001,P2,20250417,20250418,20250418,24,20.74,True,0.0,project_fact_sla_export.csv,2026-06-23T00:00:00,3994
SLA003995,WO003111,C018,SV5,A004,P3,20250630,20250703,20250630,72,37.45,True,0.0,project_fact_sla_export.csv,2026-06-23T00:00:00,3995
SLA003996,WO003498,C007,SV5,A006,P2,20250301,20250302,20250303,24,29.04,False,5.04,project_fact_sla_export.csv,2026-06-23T00:00:00,3996
SLA003997,WO003341,C012,SV3,A005,P3,20250216,20250219,20250217,72,14.87,True,0.0,project_fact_sla_export.csv,2026-06-23T00:00:00,3997
SLA003998,WO003708,C003,SV8,A004,P2,20250520,20250521,20250521,24,17.07,True,0.0,project_fact_sla_export.csv,2026-06-23T00:00:00,3998
SLA003999,WO002019,C003,SV2,A001,P4,20250207,20250212,20250211,120,81.95,True,0.0,project_fact_sla_export.csv,2026-06-23T00:00:00,3999
SLA004000,WO001181,C018,SV5,A002,P3,20250531,20250603,20250602,72,32.46,True,0.0,project_fact_sla_export.csv,2026-06-23T00:00:00,4000
