ProductivityID,DateKey,AreaID,ResponsibleID,LocationID,Shift,PlannedOutput,ActualOutput,LaborHours,ProductiveHours,NonProductiveHours
PD000001,20241109,A001,R029,L007,Noche,456,316,10.7,8.82,1.88
PD000002,20241219,A002,R016,L004,Noche,340,281,9.84,6.82,3.02
PD000003,20240320,A001,R019,L004,Noche,314,219,6.64,4.09,2.54
PD000004,20240401,A003,R022,L004,Día,568,466,11.03,7.59,3.44
PD000005,20240515,A001,R019,L005,Tarde,848,698,9.16,8.17,0.99
PD000006,20241204,A005,R019,L006,Tarde,543,483,8.78,7.39,1.39
PD000007,20240825,A003,R012,L002,Tarde,623,501,7.94,5.46,2.48
PD000008,20241130,A001,R011,L003,Noche,609,576,10.69,8.55,2.14
PD000009,20240228,A001,R012,L006,Tarde,181,142,10.65,8.37,2.28
PD000010,20241207,A002,R016,L005,Día,218,223,10.47,8.99,1.49
PD000011,20241117,A001,R028,L004,Noche,825,601,7.13,5.52,1.6
PD000012,20240220,A006,R005,L003,Tarde,479,466,7.47,5.53,1.94
PD000013,20240127,A003,R003,L004,Tarde,898,922,9.74,6.92,2.82
PD000014,20241221,A006,R005,L002,Noche,222,231,8.33,6.22,2.11
PD000015,20240128,A006,R026,L007,Día,225,190,6.08,4.36,1.72
PD000016,20240409,A005,R025,L005,Noche,114,106,6.37,5.57,0.8
PD000017,20241120,A003,R012,L001,Día,198,187,8.02,5.96,2.06
PD000018,20240128,A006,R014,L007,Noche,650,587,7.54,6.15,1.39
PD000019,20241021,A003,R019,L002,Noche,811,892,6.69,5.71,0.97
PD000020,20240705,A005,R027,L002,Tarde,225,245,11.98,8.65,3.33
PD000021,20240520,A004,R025,L001,Tarde,632,412,6.42,5.21,1.21
PD000022,20240113,A005,R021,L004,Noche,661,679,9.29,6.94,2.35
PD000023,20240617,A003,R019,L001,Noche,458,458,8.44,7.0,1.44
PD000024,20240122,A005,R009,L002,Noche,79,80,11.42,8.35,3.08
PD000025,20240422,A005,R027,L001,Noche,856,851,10.16,7.87,2.29
PD000026,20240925,A002,R013,L003,Noche,509,453,6.7,5.48,1.22
PD000027,20241124,A003,R011,L003,Noche,208,236,11.21,10.07,1.14
PD000028,20240321,A006,R027,L001,Día,505,312,8.25,6.12,2.13
PD000029,20241220,A001,R004,L004,Día,419,238,6.27,4.41,1.85
PD000030,20241125,A002,R026,L007,Día,443,352,9.23,6.91,2.33
PD000031,20240316,A005,R023,L005,Noche,739,721,8.21,5.59,2.63
PD000032,20241020,A006,R013,L003,Tarde,612,517,7.94,6.8,1.14
PD000033,20240713,A005,R013,L003,Tarde,268,254,10.31,7.38,2.93
PD000034,20240622,A005,R026,L007,Día,332,281,7.88,6.04,1.83
PD000035,20241202,A004,R021,L001,Día,131,107,8.93,6.77,2.16
PD000036,20241125,A001,R024,L004,Noche,707,632,10.88,8.02,2.87
PD000037,20241001,A002,R027,L004,Noche,321,321,9.34,6.98,2.36
PD000038,20241225,A005,R013,L005,Noche,871,1049,10.78,8.81,1.97
PD000039,20240623,A005,R003,L006,Día,749,728,10.62,8.26,2.37
PD000040,20240702,A004,R024,L001,Día,531,470,9.76,8.4,1.36
PD000041,20240730,A001,R007,L006,Día,190,136,9.98,7.71,2.27
PD000042,20240108,A003,R004,L005,Día,881,614,11.81,9.19,2.63
PD000043,20241101,A005,R022,L002,Tarde,673,680,11.91,9.76,2.15
PD000044,20240306,A005,R010,L006,Día,543,521,11.31,8.78,2.53
PD000045,20241104,A001,R013,L001,Noche,568,414,11.93,10.25,1.68
PD000046,20240301,A004,R020,L003,Tarde,631,598,8.31,6.56,1.75
PD000047,20240106,A005,R024,L003,Noche,503,414,7.16,5.69,1.47
PD000048,20240102,A006,R019,L001,Día,320,214,7.75,6.23,1.52
PD000049,20240214,A003,R024,L002,Tarde,523,478,6.5,5.0,1.49
PD000050,20240423,A004,R018,L006,Día,811,730,8.56,6.2,2.36
PD000051,20240909,A004,R020,L003,Noche,332,321,6.54,4.33,2.21
PD000052,20240723,A003,R015,L001,Tarde,113,108,9.83,8.09,1.73
PD000053,20240914,A002,R008,L005,Tarde,384,365,7.19,4.83,2.35
PD000054,20240802,A001,R001,L003,Día,303,195,11.94,6.61,5.33
PD000055,20240427,A003,R008,L001,Tarde,249,294,10.44,9.53,0.91
PD000056,20240619,A003,R021,L003,Día,85,92,8.21,5.78,2.43
PD000057,20240325,A004,R022,L006,Día,172,142,10.58,8.78,1.8
PD000058,20241223,A005,R008,L001,Día,851,940,8.51,6.87,1.64
PD000059,20240924,A006,R007,L004,Tarde,441,436,7.01,6.0,1.01
PD000060,20240729,A003,R029,L007,Día,107,81,7.02,4.69,2.33
PD000061,20241209,A003,R009,L006,Día,366,396,8.32,6.67,1.65
PD000062,20240411,A006,R024,L002,Tarde,625,553,9.07,6.34,2.72
PD000063,20241210,A006,R009,L003,Tarde,119,106,11.41,9.79,1.62
PD000064,20240523,A005,R015,L005,Tarde,397,364,8.12,6.72,1.4
PD000065,20240114,A002,R030,L005,Noche,832,796,10.87,8.51,2.36
PD000066,20240403,A002,R026,L002,Noche,83,75,6.72,4.72,2.0
PD000067,20240508,A005,R018,L005,Noche,487,514,10.64,7.87,2.77
PD000068,20240414,A002,R022,L001,Noche,691,788,8.35,6.18,2.17
PD000069,20240223,A001,R013,L002,Noche,286,223,7.86,6.51,1.34
PD000070,20240412,A002,R030,L002,Día,720,546,9.16,7.68,1.48
PD000071,20240512,A001,R011,L006,Tarde,817,657,10.7,8.03,2.66
PD000072,20240118,A003,R012,L004,Tarde,277,230,8.9,6.57,2.33
PD000073,20240909,A005,R001,L005,Día,822,718,8.55,6.14,2.42
PD000074,20240613,A003,R010,L006,Día,291,225,10.77,8.49,2.28
PD000075,20241231,A006,R027,L002,Noche,864,859,10.68,8.22,2.46
PD000076,20240315,A002,R022,L006,Noche,77,59,9.57,8.71,0.86
PD000077,20240412,A002,R022,L006,Tarde,448,360,9.18,6.48,2.7
PD000078,20241129,A004,R019,L006,Tarde,572,648,6.99,4.7,2.29
PD000079,20240531,A003,R026,L006,Noche,342,261,9.18,6.81,2.37
PD000080,20240917,A003,R028,L001,Día,525,414,6.56,5.5,1.06
PD000081,20241203,A001,R022,L004,Noche,592,516,11.4,8.36,3.04
PD000082,20241025,A006,R011,L002,Noche,616,571,8.26,5.77,2.5
PD000083,20240716,A006,R002,L004,Noche,787,631,8.89,7.5,1.4
PD000084,20240619,A003,R019,L001,Noche,93,76,8.34,6.61,1.73
PD000085,20240313,A002,R006,L002,Tarde,596,754,10.36,9.0,1.36
PD000086,20240102,A002,R023,L007,Noche,584,606,8.67,7.5,1.17
PD000087,20241116,A001,R008,L002,Noche,813,685,10.95,9.75,1.21
PD000088,20240310,A005,R025,L003,Noche,268,279,9.48,7.88,1.6
PD000089,20241225,A001,R011,L005,Día,255,190,6.44,3.97,2.47
PD000090,20240421,A004,R009,L006,Noche,353,338,7.69,5.7,1.99
PD000091,20241106,A002,R014,L006,Noche,66,66,11.43,8.43,3.0
PD000092,20240528,A001,R005,L002,Día,795,590,6.4,5.61,0.79
PD000093,20240217,A003,R009,L006,Día,98,93,11.75,9.54,2.21
PD000094,20240511,A004,R005,L004,Noche,612,688,11.07,8.74,2.32
PD000095,20240415,A002,R026,L005,Día,453,363,10.77,9.79,0.98
PD000096,20241112,A004,R003,L003,Día,383,337,11.01,8.24,2.76
PD000097,20240722,A001,R006,L004,Noche,311,204,9.95,7.73,2.22
PD000098,20240502,A003,R019,L004,Tarde,785,809,6.6,5.18,1.42
PD000099,20241217,A001,R025,L004,Día,118,109,9.18,7.98,1.2
PD000100,20240130,A006,R025,L004,Día,737,561,9.35,7.02,2.32
PD000101,20240208,A002,R018,L003,Noche,801,721,7.18,5.58,1.6
PD000102,20240429,A006,R006,L002,Noche,74,63,11.52,8.1,3.43
PD000103,20240530,A006,R013,L004,Noche,495,494,10.6,9.04,1.57
PD000104,20240224,A003,R004,L001,Tarde,450,423,10.12,8.56,1.56
PD000105,20240911,A005,R011,L007,Noche,250,262,8.96,6.16,2.8
PD000106,20241128,A004,R006,L002,Noche,333,389,11.94,10.57,1.37
PD000107,20240402,A004,R008,L005,Tarde,598,410,7.17,6.28,0.89
PD000108,20240807,A003,R005,L002,Día,606,416,9.3,8.42,0.88
PD000109,20241228,A003,R010,L007,Tarde,896,843,7.55,6.7,0.85
PD000110,20240116,A003,R020,L007,Noche,265,263,6.15,4.75,1.4
PD000111,20241005,A002,R006,L003,Día,362,302,6.07,4.94,1.14
PD000112,20240111,A006,R008,L002,Tarde,505,479,11.78,9.32,2.46
PD000113,20240811,A004,R023,L002,Noche,657,640,9.19,7.91,1.28
PD000114,20241111,A003,R007,L006,Tarde,717,558,10.7,9.72,0.98
PD000115,20240327,A005,R022,L005,Tarde,248,242,10.76,9.3,1.47
PD000116,20241119,A005,R030,L001,Tarde,472,480,6.32,5.22,1.11
PD000117,20240410,A003,R015,L004,Tarde,396,374,10.86,7.85,3.01
PD000118,20240723,A001,R025,L005,Día,630,426,8.87,7.54,1.33
PD000119,20240902,A004,R010,L004,Noche,802,661,8.5,7.75,0.76
PD000120,20240508,A002,R024,L002,Día,370,368,11.28,7.65,3.63
PD000121,20241208,A001,R017,L006,Noche,544,515,11.28,9.06,2.22
PD000122,20241213,A005,R026,L006,Tarde,758,751,10.63,7.85,2.79
PD000123,20240928,A003,R029,L007,Día,257,233,8.88,7.13,1.75
PD000124,20240413,A004,R026,L002,Día,171,165,8.26,6.76,1.5
PD000125,20240221,A003,R014,L007,Tarde,154,140,6.85,5.43,1.42
PD000126,20240719,A002,R002,L004,Día,641,629,11.84,10.63,1.21
PD000127,20240212,A001,R027,L001,Noche,835,620,6.01,3.34,2.67
PD000128,20240127,A003,R023,L002,Tarde,644,483,10.8,8.76,2.05
PD000129,20240524,A006,R006,L002,Tarde,258,281,7.98,6.43,1.54
PD000130,20241124,A005,R009,L005,Día,51,59,6.66,6.08,0.59
PD000131,20240103,A004,R007,L007,Noche,802,638,6.27,4.26,2.01
PD000132,20241224,A005,R021,L007,Noche,331,284,6.83,5.03,1.8
PD000133,20240227,A001,R023,L001,Noche,712,647,6.58,5.82,0.76
PD000134,20240802,A005,R018,L005,Día,662,597,9.85,7.52,2.32
PD000135,20240214,A002,R014,L003,Día,478,383,10.71,8.17,2.54
PD000136,20241113,A003,R001,L002,Noche,78,59,6.38,5.04,1.34
PD000137,20241110,A003,R010,L007,Noche,876,807,8.45,6.9,1.54
PD000138,20240603,A005,R026,L003,Noche,135,106,6.7,5.65,1.05
PD000139,20240229,A005,R027,L007,Día,378,381,7.51,5.58,1.93
PD000140,20240831,A001,R003,L005,Día,463,328,9.72,6.24,3.47
PD000141,20240630,A006,R016,L005,Noche,621,714,10.78,9.86,0.92
PD000142,20240418,A003,R005,L002,Tarde,223,241,6.73,4.79,1.94
PD000143,20241125,A005,R012,L001,Noche,279,261,6.92,5.3,1.62
PD000144,20240602,A005,R020,L002,Día,557,602,6.07,4.4,1.67
PD000145,20240729,A002,R005,L002,Noche,316,273,7.78,6.39,1.39
PD000146,20240305,A003,R012,L006,Día,339,287,11.19,8.84,2.35
PD000147,20240218,A004,R014,L002,Día,516,564,8.53,7.31,1.22
PD000148,20240802,A004,R029,L002,Tarde,730,855,10.62,7.67,2.94
PD000149,20241222,A005,R003,L006,Día,149,160,7.6,6.34,1.25
PD000150,20240218,A005,R028,L004,Noche,629,500,6.71,5.59,1.12
PD000151,20240118,A004,R014,L003,Noche,494,389,7.51,5.63,1.88
PD000152,20241224,A005,R013,L007,Día,462,474,6.03,4.6,1.44
PD000153,20240827,A002,R030,L006,Tarde,415,345,11.57,9.34,2.23
PD000154,20240108,A003,R025,L004,Tarde,464,389,10.82,7.88,2.94
PD000155,20241230,A006,R029,L001,Noche,642,591,7.63,5.32,2.31
PD000156,20240208,A001,R028,L002,Día,514,341,11.81,9.1,2.7
PD000157,20240727,A004,R015,L003,Día,116,135,11.77,9.99,1.78
PD000158,20240411,A004,R021,L001,Día,203,232,8.56,7.03,1.53
PD000159,20240509,A001,R022,L007,Noche,791,649,7.06,5.43,1.63
PD000160,20240219,A006,R002,L006,Día,256,232,11.75,8.49,3.26
PD000161,20240818,A002,R027,L002,Noche,714,821,10.17,8.13,2.04
PD000162,20241226,A006,R027,L001,Día,519,480,6.89,6.14,0.75
PD000163,20241123,A002,R026,L001,Noche,645,664,11.3,10.04,1.26
PD000164,20240610,A005,R021,L005,Tarde,392,407,8.88,7.82,1.05
PD000165,20240607,A001,R019,L002,Tarde,104,79,8.16,6.43,1.73
PD000166,20240903,A001,R015,L004,Noche,142,118,7.25,4.9,2.35
PD000167,20241012,A002,R013,L004,Tarde,266,242,7.8,6.43,1.37
PD000168,20241228,A006,R005,L007,Noche,163,165,7.61,6.18,1.42
PD000169,20240329,A003,R026,L007,Día,187,159,8.45,6.44,2.0
PD000170,20241202,A004,R012,L002,Día,351,352,11.91,8.85,3.06
PD000171,20240131,A005,R013,L005,Tarde,855,873,6.75,5.28,1.47
PD000172,20240121,A003,R010,L007,Tarde,364,375,11.7,8.06,3.64
PD000173,20240911,A002,R008,L003,Noche,451,538,6.88,5.76,1.11
PD000174,20240624,A005,R007,L002,Noche,777,862,8.95,7.36,1.59
PD000175,20241122,A004,R006,L001,Día,645,553,6.02,4.69,1.33
PD000176,20240107,A001,R014,L002,Día,790,580,6.65,5.43,1.22
PD000177,20240126,A003,R028,L005,Tarde,440,474,6.07,4.67,1.4
PD000178,20240411,A003,R009,L005,Noche,600,673,6.51,5.63,0.88
PD000179,20240104,A001,R016,L005,Tarde,792,483,10.83,8.96,1.87
PD000180,20240818,A002,R018,L004,Tarde,687,681,7.95,7.24,0.72
PD000181,20240320,A004,R030,L005,Día,329,235,7.41,6.31,1.1
PD000182,20240216,A005,R023,L004,Tarde,894,896,8.72,5.9,2.82
PD000183,20240806,A006,R018,L004,Noche,450,475,7.55,6.65,0.9
PD000184,20241011,A004,R009,L006,Noche,161,153,10.3,8.36,1.94
PD000185,20240722,A002,R006,L007,Tarde,191,179,9.9,7.97,1.94
PD000186,20241007,A005,R011,L002,Tarde,725,660,7.08,5.98,1.1
PD000187,20240218,A005,R026,L006,Noche,817,830,7.49,5.35,2.14
PD000188,20240325,A004,R013,L003,Día,417,422,8.47,6.96,1.51
PD000189,20241016,A001,R015,L003,Día,94,82,11.25,8.22,3.03
PD000190,20240405,A001,R004,L007,Día,726,618,8.58,5.39,3.19
PD000191,20241209,A004,R027,L007,Día,214,172,6.29,4.25,2.04
PD000192,20241030,A001,R025,L005,Noche,104,62,6.09,4.48,1.62
PD000193,20240522,A002,R029,L007,Día,565,472,8.69,6.69,2.0
PD000194,20240824,A003,R025,L003,Tarde,171,157,11.98,9.93,2.05
PD000195,20240814,A005,R016,L006,Día,664,748,9.02,7.87,1.14
PD000196,20240628,A004,R007,L007,Día,627,653,9.97,8.92,1.05
PD000197,20240617,A005,R026,L006,Día,506,590,11.15,8.04,3.11
PD000198,20240325,A001,R016,L001,Día,757,561,7.53,4.48,3.05
PD000199,20240314,A005,R003,L003,Noche,116,126,6.06,4.27,1.8
PD000200,20240115,A001,R024,L001,Día,592,332,8.03,4.87,3.16
PD000201,20240415,A003,R030,L002,Tarde,296,226,6.6,5.57,1.03
PD000202,20241115,A003,R022,L004,Día,238,264,7.71,5.23,2.48
PD000203,20240514,A004,R008,L007,Día,490,472,8.05,6.26,1.79
PD000204,20241227,A003,R016,L001,Día,859,796,6.38,4.81,1.57
PD000205,20241226,A002,R011,L001,Noche,866,623,7.83,5.75,2.09
PD000206,20240211,A005,R014,L005,Día,644,657,10.44,9.52,0.92
PD000207,20241109,A001,R012,L003,Noche,412,301,9.99,7.98,2.01
PD000208,20241208,A001,R003,L005,Noche,447,233,7.42,5.92,1.5
PD000209,20240219,A005,R014,L007,Noche,190,194,6.27,4.81,1.45
PD000210,20240608,A003,R010,L001,Día,876,808,8.4,6.47,1.93
PD000211,20240907,A005,R028,L001,Tarde,72,66,9.18,6.6,2.58
PD000212,20240925,A004,R017,L003,Día,266,274,6.21,4.69,1.52
PD000213,20240814,A003,R023,L002,Día,455,389,7.72,5.74,1.98
PD000214,20240913,A006,R008,L004,Noche,546,430,9.75,8.96,0.79
PD000215,20240517,A004,R004,L001,Tarde,452,391,8.43,7.04,1.39
PD000216,20240707,A001,R029,L002,Tarde,110,94,9.61,8.25,1.35
PD000217,20240416,A003,R002,L001,Noche,624,507,10.61,7.11,3.49
PD000218,20240121,A006,R003,L002,Tarde,350,335,7.99,7.05,0.95
PD000219,20241126,A001,R008,L002,Tarde,289,282,9.41,8.1,1.3
PD000220,20240615,A003,R026,L006,Noche,361,342,11.9,8.31,3.59
PD000221,20240720,A005,R027,L001,Noche,674,588,9.99,8.99,1.0
PD000222,20240119,A001,R008,L002,Noche,74,65,11.4,6.52,4.88
PD000223,20241128,A003,R002,L001,Tarde,76,71,10.38,7.28,3.1
PD000224,20240714,A005,R019,L007,Noche,621,564,11.68,10.43,1.25
PD000225,20240509,A002,R018,L004,Tarde,307,265,9.78,8.27,1.51
PD000226,20240718,A002,R014,L007,Noche,572,542,11.99,9.49,2.5
PD000227,20241017,A002,R026,L001,Día,395,409,6.04,5.38,0.66
PD000228,20240616,A005,R029,L005,Tarde,716,630,11.91,10.77,1.14
PD000229,20240807,A005,R016,L003,Noche,460,423,11.92,8.76,3.16
PD000230,20240525,A005,R014,L001,Tarde,145,152,6.81,5.12,1.68
PD000231,20240726,A001,R019,L003,Noche,325,267,11.54,8.92,2.62
PD000232,20240408,A006,R026,L007,Día,449,415,7.0,5.86,1.14
PD000233,20241021,A003,R008,L006,Tarde,744,580,11.82,9.95,1.87
PD000234,20240811,A004,R030,L005,Día,95,90,8.7,7.52,1.18
PD000235,20240312,A001,R028,L002,Noche,150,136,9.62,6.14,3.49
PD000236,20240822,A004,R012,L002,Día,209,189,8.19,7.37,0.82
PD000237,20240813,A002,R003,L007,Día,213,205,11.66,10.49,1.16
PD000238,20241021,A002,R011,L006,Noche,451,400,9.57,7.6,1.97
PD000239,20240211,A005,R019,L006,Tarde,160,122,11.63,9.58,2.04
PD000240,20241114,A005,R008,L005,Día,450,314,7.2,5.46,1.73
PD000241,20240102,A004,R002,L005,Tarde,168,177,8.79,7.45,1.33
PD000242,20240930,A005,R006,L006,Día,810,946,10.11,7.34,2.77
PD000243,20241026,A004,R002,L002,Noche,327,360,7.56,5.68,1.87
PD000244,20241229,A005,R022,L007,Tarde,720,611,10.31,6.92,3.38
PD000245,20240109,A006,R023,L001,Tarde,851,890,6.41,4.52,1.89
PD000246,20241016,A003,R017,L007,Noche,184,161,6.01,5.49,0.52
PD000247,20240403,A001,R017,L007,Noche,606,372,6.02,5.34,0.68
PD000248,20241231,A001,R016,L004,Noche,388,362,10.02,8.53,1.49
PD000249,20241008,A006,R018,L002,Día,771,657,9.97,8.82,1.15
PD000250,20241031,A003,R030,L007,Noche,435,395,6.05,4.77,1.28
PD000251,20240918,A003,R025,L001,Día,742,672,8.57,7.43,1.15
PD000252,20240207,A001,R029,L002,Tarde,821,631,9.49,6.22,3.28
PD000253,20240924,A005,R003,L002,Día,259,291,7.81,5.36,2.44
PD000254,20240202,A004,R013,L003,Tarde,190,211,10.03,8.26,1.77
PD000255,20241103,A001,R020,L004,Noche,661,406,9.49,8.08,1.41
PD000256,20240128,A005,R020,L003,Noche,671,667,6.86,6.01,0.85
PD000257,20241115,A006,R025,L007,Día,327,302,9.24,6.32,2.92
PD000258,20240202,A006,R015,L001,Día,320,273,10.93,7.98,2.94
PD000259,20240228,A005,R023,L003,Noche,292,261,10.71,8.58,2.13
PD000260,20240817,A005,R005,L006,Tarde,265,256,6.62,4.99,1.63
PD000261,20241124,A001,R025,L003,Día,864,710,11.82,8.09,3.73
PD000262,20241016,A001,R008,L003,Noche,159,145,8.35,6.54,1.81
PD000263,20241103,A003,R005,L004,Tarde,756,772,7.86,7.0,0.86
PD000264,20240315,A002,R015,L003,Día,569,435,10.18,8.63,1.55
PD000265,20240212,A005,R028,L003,Noche,762,704,10.23,7.8,2.42
PD000266,20241225,A003,R027,L005,Noche,547,500,10.75,8.4,2.35
PD000267,20240220,A004,R016,L006,Tarde,586,611,9.14,7.07,2.06
PD000268,20240111,A005,R029,L007,Tarde,604,402,10.91,9.65,1.26
PD000269,20240901,A003,R004,L001,Tarde,462,533,9.35,7.93,1.42
PD000270,20240511,A005,R012,L007,Noche,858,805,7.17,5.85,1.32
PD000271,20241218,A003,R005,L003,Tarde,120,118,7.04,6.34,0.71
PD000272,20240118,A004,R001,L006,Tarde,125,89,6.23,4.17,2.06
PD000273,20241216,A003,R029,L006,Día,858,773,9.68,8.59,1.09
PD000274,20241023,A006,R007,L004,Tarde,362,293,7.73,6.83,0.9
PD000275,20240210,A004,R030,L007,Día,294,312,7.19,5.41,1.78
PD000276,20240526,A005,R022,L002,Noche,379,334,8.47,6.55,1.92
PD000277,20240806,A006,R017,L001,Noche,236,218,7.7,6.03,1.67
PD000278,20240827,A002,R028,L007,Noche,734,629,7.85,6.22,1.62
PD000279,20240214,A002,R006,L006,Día,856,702,7.63,5.42,2.21
PD000280,20241011,A002,R008,L003,Día,662,680,11.7,10.65,1.05
PD000281,20240526,A001,R016,L004,Tarde,283,183,8.89,5.83,3.06
PD000282,20240225,A006,R008,L002,Noche,162,156,8.49,6.47,2.02
PD000283,20241010,A002,R012,L001,Día,826,724,10.23,8.37,1.87
PD000284,20241019,A004,R012,L005,Tarde,432,427,7.39,6.54,0.85
PD000285,20240802,A005,R026,L005,Tarde,701,731,9.52,8.39,1.13
PD000286,20241227,A004,R010,L003,Noche,216,206,9.63,7.61,2.02
PD000287,20240307,A002,R021,L001,Noche,267,281,9.51,7.25,2.26
PD000288,20240811,A001,R023,L006,Día,744,713,6.26,4.0,2.25
PD000289,20240518,A002,R012,L006,Tarde,119,117,8.83,7.43,1.4
PD000290,20240204,A003,R003,L007,Tarde,879,848,6.65,4.54,2.12
PD000291,20241021,A003,R030,L006,Tarde,439,370,11.24,8.69,2.55
PD000292,20241225,A003,R016,L006,Día,861,737,9.12,6.6,2.52
PD000293,20240326,A004,R009,L004,Tarde,295,287,11.73,8.19,3.54
PD000294,20240410,A006,R023,L002,Tarde,149,126,12.0,9.24,2.76
PD000295,20240617,A002,R025,L005,Noche,386,340,9.37,6.39,2.99
PD000296,20240408,A004,R004,L006,Noche,581,592,10.68,9.53,1.15
PD000297,20240803,A001,R025,L004,Tarde,113,95,10.01,6.87,3.14
PD000298,20240911,A006,R008,L001,Noche,727,437,8.71,5.77,2.94
PD000299,20241111,A002,R026,L002,Día,469,435,7.46,6.42,1.04
PD000300,20241204,A003,R001,L002,Día,488,505,6.77,5.95,0.82
PD000301,20240325,A006,R029,L003,Tarde,898,800,6.47,5.01,1.45
PD000302,20240513,A001,R029,L007,Tarde,872,733,8.45,6.8,1.64
PD000303,20240205,A006,R003,L005,Día,530,531,9.42,8.54,0.88
PD000304,20240504,A006,R028,L007,Noche,525,488,11.96,9.82,2.13
PD000305,20240822,A004,R024,L001,Noche,277,243,10.04,8.48,1.56
PD000306,20240825,A004,R024,L005,Noche,246,198,10.38,8.67,1.7
PD000307,20240126,A004,R008,L003,Noche,804,607,10.79,7.76,3.03
PD000308,20240217,A005,R022,L007,Día,204,195,9.77,6.98,2.8
PD000309,20241013,A002,R005,L004,Tarde,605,456,9.22,7.95,1.27
PD000310,20241209,A002,R017,L002,Día,106,108,6.3,5.62,0.68
PD000311,20241022,A004,R008,L006,Tarde,540,567,6.23,5.19,1.04
PD000312,20240730,A002,R024,L004,Tarde,736,769,7.42,5.39,2.03
PD000313,20241016,A004,R018,L005,Día,546,475,8.84,6.58,2.25
PD000314,20240311,A006,R017,L007,Noche,367,392,8.46,6.95,1.51
PD000315,20240604,A004,R020,L005,Noche,547,337,11.79,9.38,2.4
PD000316,20241116,A001,R010,L001,Noche,84,65,8.39,6.04,2.35
PD000317,20241220,A004,R001,L001,Noche,559,394,8.12,5.88,2.24
PD000318,20240523,A003,R007,L002,Día,93,91,10.72,7.46,3.27
PD000319,20240910,A006,R017,L006,Tarde,377,322,8.82,6.14,2.69
PD000320,20241011,A006,R008,L006,Tarde,121,99,10.15,7.61,2.55
PD000321,20240223,A004,R009,L007,Día,450,331,9.2,7.4,1.8
PD000322,20240623,A005,R011,L006,Día,710,686,9.65,7.78,1.87
PD000323,20240504,A002,R018,L004,Tarde,239,220,9.57,7.07,2.49
PD000324,20240211,A004,R004,L006,Noche,417,352,6.53,5.82,0.71
PD000325,20240519,A001,R003,L006,Día,254,202,7.64,6.39,1.25
PD000326,20241011,A002,R026,L001,Noche,94,81,10.2,7.13,3.07
PD000327,20240102,A003,R021,L005,Noche,535,537,6.58,4.65,1.94
PD000328,20240609,A002,R029,L003,Noche,264,201,6.9,5.14,1.76
PD000329,20241026,A002,R029,L001,Tarde,568,642,7.94,5.59,2.35
PD000330,20240402,A002,R001,L003,Tarde,177,203,6.77,5.22,1.55
PD000331,20240419,A002,R003,L003,Noche,125,108,11.08,8.74,2.34
PD000332,20240405,A002,R020,L004,Tarde,123,135,7.01,5.76,1.25
PD000333,20240830,A006,R001,L002,Día,244,212,6.68,5.82,0.86
PD000334,20240415,A002,R007,L002,Día,486,480,9.59,7.63,1.95
PD000335,20240726,A006,R018,L004,Noche,687,474,10.13,6.94,3.19
PD000336,20240520,A001,R020,L006,Día,374,240,10.43,8.25,2.19
PD000337,20241120,A003,R007,L001,Tarde,615,634,7.67,7.04,0.63
PD000338,20240703,A006,R024,L003,Noche,488,562,6.48,4.94,1.54
PD000339,20240913,A001,R005,L007,Día,111,84,11.9,7.63,4.27
PD000340,20240510,A006,R023,L006,Tarde,461,361,7.46,5.61,1.85
PD000341,20240813,A001,R001,L002,Día,698,609,8.19,6.85,1.33
PD000342,20240305,A001,R013,L004,Día,604,385,7.11,5.12,1.98
PD000343,20241214,A001,R007,L007,Tarde,565,392,6.65,5.14,1.51
PD000344,20240903,A003,R029,L005,Día,423,373,10.53,6.98,3.55
PD000345,20240914,A003,R030,L001,Noche,856,847,10.28,7.77,2.51
PD000346,20240813,A006,R007,L004,Tarde,405,333,11.45,8.79,2.66
PD000347,20240227,A001,R020,L006,Tarde,427,297,8.13,4.44,3.69
PD000348,20240824,A002,R015,L004,Día,536,513,8.99,7.0,1.99
PD000349,20240913,A002,R023,L003,Noche,117,119,8.14,7.41,0.73
PD000350,20241110,A003,R020,L007,Día,642,495,11.4,9.36,2.04
PD000351,20240121,A003,R028,L006,Noche,878,771,6.61,4.74,1.87
PD000352,20240110,A004,R013,L006,Día,540,513,11.91,8.3,3.61
PD000353,20241217,A004,R026,L003,Noche,450,434,7.34,6.28,1.06
PD000354,20240704,A002,R001,L004,Noche,778,758,6.74,5.78,0.97
PD000355,20241009,A006,R030,L001,Noche,809,781,6.26,4.44,1.81
PD000356,20241121,A005,R026,L007,Noche,382,346,10.77,8.34,2.44
PD000357,20240307,A002,R018,L001,Día,862,908,10.35,9.24,1.12
PD000358,20240901,A001,R027,L002,Día,417,339,10.85,9.13,1.72
PD000359,20240531,A004,R017,L005,Noche,456,493,11.03,9.85,1.18
PD000360,20240902,A006,R021,L004,Tarde,776,669,9.7,8.04,1.66
PD000361,20241006,A002,R004,L005,Día,889,706,6.26,5.05,1.21
PD000362,20240920,A003,R012,L002,Tarde,129,117,6.31,4.27,2.03
PD000363,20241125,A002,R018,L005,Día,883,835,11.62,7.74,3.88
PD000364,20241219,A002,R009,L005,Día,841,818,11.55,9.47,2.08
PD000365,20240821,A002,R011,L003,Día,809,577,9.5,6.53,2.97
PD000366,20241113,A005,R001,L003,Noche,554,458,10.99,9.72,1.27
PD000367,20240801,A002,R003,L005,Tarde,883,746,11.41,8.63,2.78
PD000368,20240405,A005,R016,L006,Noche,412,400,6.44,5.66,0.78
PD000369,20240401,A005,R026,L006,Noche,537,419,6.59,4.83,1.76
PD000370,20241013,A005,R001,L003,Noche,636,635,11.03,9.29,1.74
PD000371,20240623,A003,R028,L002,Día,622,486,6.17,4.45,1.73
PD000372,20240302,A005,R003,L003,Tarde,94,79,7.49,4.98,2.52
PD000373,20240815,A003,R015,L001,Día,415,333,7.39,5.87,1.51
PD000374,20240515,A004,R015,L006,Noche,537,513,7.27,5.04,2.23
PD000375,20240605,A005,R016,L001,Noche,479,487,9.97,8.84,1.13
PD000376,20240614,A006,R014,L006,Tarde,773,904,10.2,8.63,1.57
PD000377,20240125,A003,R011,L004,Tarde,103,100,8.13,5.49,2.64
PD000378,20240908,A001,R020,L001,Día,522,415,6.7,5.95,0.75
PD000379,20241217,A003,R021,L004,Día,481,420,10.53,8.18,2.35
PD000380,20240303,A002,R024,L001,Tarde,385,368,8.59,7.77,0.82
PD000381,20241013,A004,R027,L003,Tarde,222,267,8.3,5.7,2.61
PD000382,20241221,A004,R016,L001,Tarde,319,267,7.18,6.36,0.83
PD000383,20240405,A005,R021,L004,Día,451,514,8.01,6.06,1.95
PD000384,20240922,A002,R019,L006,Día,149,152,10.28,8.29,1.99
PD000385,20240415,A001,R008,L002,Día,881,555,8.1,5.32,2.78
PD000386,20240502,A006,R019,L006,Día,484,455,10.26,8.74,1.52
PD000387,20241007,A003,R008,L001,Noche,95,69,9.69,7.71,1.98
PD000388,20241125,A006,R029,L004,Día,751,746,6.59,4.77,1.82
PD000389,20240406,A001,R003,L004,Noche,379,271,11.45,10.04,1.41
PD000390,20240619,A001,R019,L007,Día,80,68,10.12,5.94,4.19
PD000391,20240926,A004,R012,L001,Tarde,421,388,7.35,6.24,1.12
PD000392,20240709,A001,R019,L007,Tarde,350,286,11.97,8.55,3.43
PD000393,20240829,A001,R029,L003,Tarde,495,396,8.82,5.97,2.85
PD000394,20240309,A004,R017,L003,Noche,726,713,11.9,10.25,1.65
PD000395,20240502,A003,R003,L004,Tarde,511,454,6.31,5.79,0.51
PD000396,20241227,A005,R025,L006,Noche,285,256,8.12,6.56,1.56
PD000397,20240919,A005,R019,L001,Tarde,506,501,6.79,4.63,2.16
PD000398,20240427,A005,R028,L006,Día,213,163,10.3,8.39,1.9
PD000399,20240308,A002,R008,L004,Noche,778,746,10.42,7.63,2.78
PD000400,20240523,A002,R011,L005,Noche,779,659,6.12,4.47,1.65
PD000401,20240208,A001,R026,L004,Día,582,439,9.66,5.56,4.1
PD000402,20240806,A002,R009,L006,Día,134,102,7.01,4.96,2.05
PD000403,20240711,A001,R026,L001,Noche,730,503,7.17,5.27,1.89
PD000404,20240313,A006,R025,L006,Noche,196,172,10.06,8.34,1.72
PD000405,20240506,A001,R029,L007,Tarde,747,603,11.35,7.03,4.32
PD000406,20241029,A003,R030,L002,Tarde,859,831,6.53,5.59,0.95
PD000407,20241220,A003,R022,L005,Día,153,141,7.72,5.93,1.8
PD000408,20241021,A004,R007,L004,Tarde,140,138,7.2,6.52,0.68
PD000409,20240701,A003,R005,L003,Día,803,706,6.14,5.34,0.79
PD000410,20240130,A006,R005,L005,Día,669,593,10.47,8.76,1.71
PD000411,20241221,A004,R025,L005,Noche,158,177,8.1,5.71,2.39
PD000412,20240124,A004,R022,L005,Noche,753,767,6.26,5.7,0.56
PD000413,20240711,A002,R003,L003,Día,234,201,6.94,5.73,1.21
PD000414,20240812,A004,R006,L006,Tarde,50,45,7.0,5.79,1.2
PD000415,20240813,A004,R022,L004,Tarde,293,240,9.38,6.25,3.12
PD000416,20240803,A005,R020,L002,Tarde,396,430,11.96,9.44,2.51
PD000417,20240721,A003,R019,L002,Noche,251,235,6.64,5.33,1.3
PD000418,20241128,A006,R024,L001,Tarde,533,414,6.77,5.81,0.96
PD000419,20241013,A004,R009,L002,Tarde,871,797,8.53,6.91,1.62
PD000420,20240719,A004,R010,L007,Día,644,498,11.47,9.52,1.95
PD000421,20241001,A006,R018,L004,Tarde,330,293,10.65,7.15,3.5
PD000422,20241222,A006,R025,L007,Día,422,389,8.47,7.37,1.1
PD000423,20240719,A004,R030,L006,Noche,433,381,11.68,8.87,2.82
PD000424,20241119,A002,R002,L001,Noche,504,482,9.51,8.37,1.14
PD000425,20240429,A002,R010,L006,Día,609,586,9.71,8.32,1.39
PD000426,20240714,A006,R020,L004,Tarde,424,418,8.16,5.4,2.76
PD000427,20240708,A001,R015,L002,Tarde,880,789,10.76,8.41,2.35
PD000428,20240123,A001,R022,L005,Tarde,122,111,11.54,8.02,3.52
PD000429,20240327,A003,R018,L007,Tarde,526,514,10.49,8.87,1.62
PD000430,20241002,A002,R020,L001,Noche,209,171,8.33,7.53,0.8
PD000431,20241201,A005,R007,L005,Tarde,217,238,6.25,4.69,1.56
PD000432,20241117,A001,R001,L002,Tarde,784,695,6.63,4.09,2.54
PD000433,20240421,A005,R015,L004,Día,560,459,8.08,6.14,1.94
PD000434,20240101,A003,R017,L007,Día,575,479,10.97,8.24,2.72
PD000435,20240821,A006,R025,L001,Noche,205,217,11.15,8.92,2.22
PD000436,20240224,A005,R019,L002,Noche,282,297,11.9,10.63,1.27
PD000437,20241111,A001,R020,L001,Tarde,325,231,6.32,3.97,2.35
PD000438,20240808,A001,R019,L006,Tarde,392,215,9.36,6.54,2.81
PD000439,20241018,A005,R022,L002,Tarde,586,425,9.13,8.04,1.08
PD000440,20240117,A004,R017,L006,Día,757,647,11.93,8.43,3.5
PD000441,20240701,A004,R026,L003,Día,250,272,8.33,6.52,1.81
PD000442,20240913,A006,R021,L002,Tarde,282,268,11.36,8.75,2.6
PD000443,20240726,A002,R021,L004,Noche,872,769,11.79,8.18,3.61
PD000444,20240410,A005,R029,L002,Día,156,174,9.04,7.04,2.0
PD000445,20241114,A003,R009,L007,Día,382,373,11.47,10.48,0.99
PD000446,20240829,A005,R024,L006,Noche,653,575,8.24,6.79,1.45
PD000447,20240126,A005,R030,L005,Noche,382,300,7.95,6.47,1.48
PD000448,20240201,A001,R003,L001,Noche,711,448,6.38,4.04,2.34
PD000449,20240501,A003,R014,L002,Tarde,298,332,7.3,4.92,2.38
PD000450,20241008,A004,R009,L006,Día,315,287,11.62,10.38,1.24
PD000451,20240406,A006,R030,L001,Noche,562,417,7.19,4.87,2.32
PD000452,20240124,A005,R004,L002,Noche,429,382,10.81,8.86,1.95
PD000453,20241002,A001,R025,L001,Día,543,471,9.85,7.72,2.13
PD000454,20240721,A003,R007,L004,Tarde,568,531,9.37,8.24,1.12
PD000455,20241016,A005,R022,L003,Noche,474,521,11.04,7.78,3.26
PD000456,20240718,A003,R008,L003,Noche,249,261,8.57,6.98,1.58
PD000457,20241004,A003,R006,L004,Día,255,208,8.68,7.87,0.8
PD000458,20240331,A004,R020,L003,Día,484,416,8.38,5.82,2.55
PD000459,20240708,A001,R005,L001,Tarde,272,226,9.06,6.79,2.28
PD000460,20240603,A006,R030,L003,Noche,660,653,9.99,7.4,2.59
PD000461,20240709,A006,R019,L006,Tarde,163,136,6.74,4.46,2.29
PD000462,20240430,A004,R009,L004,Día,534,546,9.72,8.86,0.86
PD000463,20240102,A004,R003,L001,Noche,818,719,6.86,6.16,0.71
PD000464,20241223,A006,R015,L004,Noche,651,654,11.24,8.62,2.62
PD000465,20240817,A003,R005,L004,Noche,117,109,9.05,6.12,2.93
PD000466,20241224,A001,R022,L004,Tarde,387,319,6.54,3.8,2.74
PD000467,20240204,A004,R026,L001,Tarde,512,493,8.05,6.85,1.2
PD000468,20240727,A006,R008,L006,Noche,217,210,8.82,7.53,1.29
PD000469,20240825,A003,R020,L004,Día,507,482,6.75,5.83,0.93
PD000470,20240407,A003,R001,L001,Tarde,466,434,10.65,7.11,3.54
PD000471,20240225,A005,R002,L002,Día,448,465,7.33,4.93,2.4
PD000472,20240424,A004,R007,L007,Noche,220,264,8.86,5.9,2.96
PD000473,20240605,A005,R021,L001,Tarde,198,209,10.6,8.27,2.33
PD000474,20240902,A005,R001,L003,Tarde,646,568,8.05,6.28,1.77
PD000475,20240502,A002,R029,L007,Día,297,311,11.77,10.37,1.4
PD000476,20240626,A003,R023,L005,Noche,105,106,11.89,9.29,2.6
PD000477,20240611,A003,R015,L001,Tarde,130,137,9.02,7.53,1.49
PD000478,20240609,A004,R008,L003,Tarde,844,840,8.28,7.38,0.9
PD000479,20240602,A006,R010,L003,Noche,740,716,7.81,5.59,2.22
PD000480,20241013,A006,R021,L003,Tarde,509,342,9.95,7.8,2.15
PD000481,20240519,A006,R018,L006,Noche,295,258,7.9,6.41,1.49
PD000482,20240725,A003,R001,L005,Tarde,159,165,9.75,7.08,2.67
PD000483,20241113,A006,R010,L001,Tarde,283,306,6.88,5.06,1.82
PD000484,20241113,A002,R027,L005,Noche,688,542,6.89,4.56,2.34
PD000485,20240911,A005,R021,L007,Día,650,525,6.92,4.69,2.23
PD000486,20240505,A004,R001,L006,Día,59,61,9.08,6.74,2.34
PD000487,20240324,A005,R026,L006,Tarde,670,599,8.62,6.18,2.44
PD000488,20240718,A004,R015,L001,Día,887,864,8.48,6.58,1.89
PD000489,20240922,A002,R004,L005,Día,613,605,7.46,6.27,1.19
PD000490,20241012,A005,R023,L001,Tarde,739,779,11.21,8.53,2.68
PD000491,20241111,A005,R017,L005,Tarde,527,585,9.76,7.53,2.24
PD000492,20240726,A003,R010,L006,Tarde,269,223,6.84,4.56,2.28
PD000493,20240317,A001,R014,L001,Noche,712,529,11.09,6.02,5.07
PD000494,20240305,A001,R028,L004,Día,498,464,6.33,4.39,1.94
PD000495,20240430,A003,R003,L006,Noche,573,533,11.72,10.16,1.56
PD000496,20241103,A002,R013,L005,Tarde,656,645,9.85,7.31,2.54
PD000497,20240615,A003,R008,L006,Tarde,264,210,7.63,6.46,1.17
PD000498,20240307,A005,R024,L001,Noche,374,342,7.69,6.58,1.11
PD000499,20240113,A004,R020,L004,Noche,206,215,11.45,8.65,2.8
PD000500,20240229,A004,R029,L007,Tarde,201,197,7.13,6.37,0.76
PD000501,20240608,A006,R007,L007,Noche,867,810,6.12,5.42,0.7
PD000502,20240828,A003,R025,L004,Día,288,205,8.23,6.07,2.16
PD000503,20241225,A001,R011,L003,Noche,719,491,9.89,6.38,3.51
PD000504,20240506,A005,R002,L001,Día,659,696,11.42,8.92,2.51
PD000505,20240226,A006,R004,L007,Noche,617,614,9.28,7.27,2.01
PD000506,20240312,A003,R005,L005,Tarde,750,736,11.31,8.57,2.74
PD000507,20240724,A004,R026,L001,Día,574,610,11.2,8.31,2.88
PD000508,20241002,A001,R025,L001,Día,114,88,8.71,5.31,3.39
PD000509,20241017,A006,R008,L003,Noche,723,605,10.59,8.68,1.91
PD000510,20240718,A004,R030,L001,Tarde,95,92,8.89,7.6,1.29
PD000511,20240806,A003,R028,L005,Día,238,233,6.74,4.6,2.15
PD000512,20240626,A006,R006,L007,Tarde,543,519,6.86,6.03,0.83
PD000513,20241101,A004,R030,L004,Tarde,430,426,11.59,9.71,1.88
PD000514,20240323,A002,R014,L004,Día,462,426,9.41,8.18,1.23
PD000515,20240427,A004,R006,L001,Tarde,309,278,10.07,8.58,1.49
PD000516,20240329,A001,R027,L006,Día,869,656,8.57,5.75,2.83
PD000517,20240226,A004,R007,L002,Noche,692,726,8.59,7.72,0.88
PD000518,20241121,A001,R018,L006,Noche,417,393,11.72,9.66,2.06
PD000519,20240116,A005,R015,L003,Día,430,406,11.13,8.81,2.32
PD000520,20240208,A001,R024,L001,Tarde,87,66,10.55,7.33,3.22
PD000521,20241106,A002,R007,L003,Tarde,802,805,9.42,7.24,2.17
PD000522,20240715,A003,R009,L002,Día,341,405,8.8,5.9,2.9
PD000523,20241004,A005,R019,L003,Noche,95,109,11.56,10.12,1.44
PD000524,20240821,A004,R016,L003,Día,121,115,6.21,5.6,0.61
PD000525,20240518,A002,R009,L007,Día,631,564,6.69,5.29,1.4
PD000526,20240607,A006,R007,L001,Día,504,351,10.26,8.36,1.9
PD000527,20241011,A001,R013,L002,Noche,464,393,6.2,3.8,2.4
PD000528,20240131,A006,R028,L002,Tarde,416,405,9.51,8.74,0.77
PD000529,20240105,A004,R023,L007,Día,794,762,7.02,6.21,0.81
PD000530,20241010,A003,R004,L006,Noche,135,131,7.47,5.43,2.04
PD000531,20241231,A006,R021,L006,Día,445,450,6.9,5.53,1.37
PD000532,20241123,A006,R027,L002,Tarde,745,696,9.9,7.08,2.82
PD000533,20240612,A006,R017,L002,Tarde,185,151,8.95,6.63,2.31
PD000534,20241118,A002,R013,L003,Noche,119,119,6.51,5.66,0.86
PD000535,20240529,A005,R028,L001,Tarde,270,254,6.87,5.94,0.93
PD000536,20240129,A004,R011,L004,Noche,543,478,9.24,7.69,1.55
PD000537,20240202,A002,R012,L003,Tarde,94,111,7.75,5.23,2.52
PD000538,20240521,A003,R028,L005,Noche,387,373,8.68,6.94,1.74
PD000539,20240420,A002,R006,L004,Tarde,543,476,8.0,6.96,1.04
PD000540,20240323,A003,R001,L002,Tarde,714,714,11.59,10.09,1.5
PD000541,20240222,A006,R017,L004,Noche,192,232,9.39,6.23,3.15
PD000542,20241208,A004,R024,L001,Tarde,554,559,6.72,4.54,2.17
PD000543,20240814,A001,R011,L006,Tarde,220,143,11.94,7.29,4.64
PD000544,20240726,A004,R024,L003,Noche,390,484,8.09,5.38,2.7
PD000545,20240807,A003,R026,L002,Tarde,564,569,6.43,4.38,2.05
PD000546,20241019,A003,R007,L003,Día,744,743,10.82,9.48,1.33
PD000547,20240602,A001,R021,L003,Noche,887,592,7.57,5.8,1.76
PD000548,20240901,A003,R007,L003,Noche,462,433,11.18,9.51,1.66
PD000549,20240813,A006,R020,L007,Tarde,874,912,11.86,10.05,1.8
PD000550,20241026,A005,R010,L005,Día,183,189,10.15,8.29,1.86
PD000551,20241112,A004,R011,L001,Noche,484,331,10.55,7.84,2.71
PD000552,20240517,A002,R011,L005,Tarde,891,804,10.77,7.77,3.0
PD000553,20240213,A005,R018,L003,Día,218,212,10.65,7.75,2.9
PD000554,20241104,A003,R009,L006,Tarde,386,299,11.38,8.61,2.77
PD000555,20240430,A006,R004,L001,Tarde,359,267,6.55,5.12,1.43
PD000556,20241004,A006,R006,L001,Tarde,195,207,8.91,7.07,1.84
PD000557,20240404,A005,R019,L003,Noche,520,489,8.01,6.54,1.47
PD000558,20240905,A002,R006,L001,Tarde,452,407,8.49,5.74,2.75
PD000559,20240214,A002,R016,L004,Día,675,614,6.91,4.73,2.18
PD000560,20240309,A003,R014,L006,Tarde,625,631,9.76,6.53,3.23
PD000561,20241115,A006,R001,L004,Tarde,324,324,9.64,7.65,1.99
PD000562,20240926,A002,R019,L001,Noche,794,826,6.26,5.4,0.86
PD000563,20240219,A006,R006,L002,Noche,790,779,8.25,7.18,1.07
PD000564,20241210,A003,R024,L007,Noche,102,104,7.88,6.51,1.37
PD000565,20241121,A002,R026,L004,Día,878,928,7.38,5.68,1.7
PD000566,20240223,A004,R021,L006,Noche,728,805,7.05,5.43,1.62
PD000567,20241212,A004,R015,L005,Tarde,248,242,10.49,9.56,0.93
PD000568,20241114,A005,R019,L007,Tarde,151,142,7.86,5.22,2.65
PD000569,20240501,A002,R003,L002,Noche,727,804,8.01,6.3,1.71
PD000570,20240108,A006,R008,L003,Día,650,542,6.28,4.22,2.06
PD000571,20240720,A001,R014,L003,Tarde,181,141,6.36,4.54,1.81
PD000572,20240430,A004,R005,L004,Día,797,813,9.16,6.28,2.89
PD000573,20240127,A003,R006,L003,Tarde,835,872,6.73,5.32,1.41
PD000574,20240302,A002,R006,L001,Día,239,204,8.38,6.78,1.6
PD000575,20241009,A004,R012,L003,Noche,852,851,10.13,6.96,3.17
PD000576,20240228,A002,R026,L005,Día,673,619,7.89,7.11,0.78
PD000577,20240117,A004,R019,L006,Noche,679,613,11.44,10.47,0.97
PD000578,20240401,A003,R017,L007,Noche,262,250,9.41,7.49,1.92
PD000579,20240316,A004,R019,L002,Tarde,820,855,6.21,4.62,1.58
PD000580,20240731,A004,R017,L002,Día,238,256,9.18,6.77,2.41
PD000581,20240414,A004,R017,L004,Día,571,625,8.42,6.41,2.02
PD000582,20241222,A006,R029,L004,Tarde,129,127,7.58,6.77,0.81
PD000583,20241030,A003,R027,L004,Noche,660,585,6.37,4.5,1.88
PD000584,20240604,A001,R001,L003,Día,118,97,11.77,8.43,3.34
PD000585,20240320,A006,R011,L001,Noche,380,352,7.62,6.46,1.16
PD000586,20241002,A006,R026,L001,Día,512,409,10.68,9.49,1.19
PD000587,20240210,A004,R030,L006,Tarde,792,646,7.89,5.76,2.13
PD000588,20241115,A005,R030,L001,Día,657,434,9.56,8.39,1.18
PD000589,20241223,A001,R014,L001,Día,439,352,11.46,7.96,3.49
PD000590,20241127,A005,R006,L001,Día,412,343,10.03,9.01,1.02
PD000591,20241120,A005,R020,L004,Día,671,650,8.23,6.02,2.21
PD000592,20240925,A004,R014,L003,Noche,730,652,8.68,7.61,1.08
PD000593,20240912,A005,R019,L006,Noche,581,649,11.2,8.58,2.61
PD000594,20240104,A002,R020,L005,Día,537,546,8.75,7.56,1.19
PD000595,20240609,A001,R010,L003,Día,639,278,8.8,5.1,3.7
PD000596,20240927,A006,R029,L004,Noche,677,552,6.35,4.27,2.07
PD000597,20240307,A004,R009,L001,Tarde,219,197,11.34,7.49,3.85
PD000598,20240506,A003,R023,L001,Día,551,486,6.82,5.26,1.56
PD000599,20241012,A006,R010,L006,Tarde,844,751,9.17,7.76,1.41
PD000600,20240813,A004,R013,L006,Tarde,871,652,9.21,7.69,1.52
PD000601,20241122,A003,R014,L005,Tarde,600,588,6.44,4.34,2.1
PD000602,20240914,A001,R018,L007,Día,602,487,7.76,4.81,2.95
PD000603,20241115,A005,R020,L002,Día,82,67,8.97,7.17,1.8
PD000604,20240201,A002,R012,L006,Día,114,92,9.78,7.09,2.69
PD000605,20240115,A005,R029,L003,Noche,426,391,8.89,7.45,1.44
PD000606,20241102,A002,R016,L006,Tarde,829,1003,7.97,6.04,1.92
PD000607,20241223,A004,R026,L005,Noche,303,268,8.35,7.46,0.89
PD000608,20240213,A002,R015,L003,Tarde,126,130,10.7,9.37,1.34
PD000609,20240314,A003,R004,L007,Noche,771,822,11.94,8.7,3.24
PD000610,20240107,A003,R001,L006,Día,354,308,6.85,5.84,1.01
PD000611,20240516,A006,R028,L007,Día,119,114,11.51,9.23,2.28
PD000612,20240614,A002,R016,L006,Día,312,250,9.18,7.84,1.34
PD000613,20241213,A005,R018,L001,Tarde,306,202,11.54,9.78,1.76
PD000614,20240209,A006,R001,L003,Día,363,343,10.48,9.02,1.46
PD000615,20240319,A004,R021,L006,Día,448,420,10.67,8.9,1.78
PD000616,20240919,A005,R019,L004,Noche,885,755,6.8,4.55,2.24
PD000617,20240720,A001,R006,L002,Noche,869,776,11.56,10.09,1.47
PD000618,20240916,A006,R011,L005,Día,630,620,7.98,5.71,2.28
PD000619,20240416,A003,R016,L007,Día,428,297,11.14,7.77,3.37
PD000620,20240302,A002,R030,L006,Noche,196,171,10.31,7.71,2.6
PD000621,20240623,A005,R004,L007,Noche,353,337,8.82,7.48,1.34
PD000622,20240912,A006,R027,L007,Día,104,105,8.14,6.86,1.28
PD000623,20240813,A005,R004,L005,Tarde,388,382,8.21,7.29,0.92
PD000624,20240821,A002,R017,L005,Tarde,829,808,7.23,5.32,1.91
PD000625,20240330,A001,R027,L007,Tarde,440,327,8.61,6.68,1.94
PD000626,20240926,A005,R025,L001,Día,775,584,8.61,6.0,2.61
PD000627,20240723,A003,R008,L005,Noche,84,77,7.66,5.39,2.27
PD000628,20240827,A001,R018,L005,Noche,375,235,9.8,6.77,3.03
PD000629,20241110,A005,R015,L007,Noche,826,934,6.24,4.98,1.26
PD000630,20241218,A006,R018,L002,Día,323,320,8.05,6.81,1.24
PD000631,20240923,A005,R028,L003,Día,136,135,10.05,7.35,2.7
PD000632,20240721,A001,R025,L007,Noche,409,332,9.38,5.25,4.13
PD000633,20240602,A002,R002,L001,Noche,600,552,11.82,8.58,3.24
PD000634,20240822,A006,R005,L007,Día,508,421,7.43,5.7,1.73
PD000635,20240808,A002,R025,L006,Día,595,558,10.78,9.33,1.46
PD000636,20240808,A006,R016,L006,Día,167,166,8.06,5.65,2.41
PD000637,20240922,A004,R030,L005,Día,517,613,8.34,6.22,2.12
PD000638,20240111,A005,R009,L001,Día,195,214,10.07,7.35,2.71
PD000639,20240315,A001,R030,L004,Noche,509,373,7.06,5.76,1.3
PD000640,20240726,A003,R024,L007,Día,147,149,7.48,6.08,1.4
PD000641,20240531,A006,R004,L007,Noche,319,332,10.16,9.12,1.04
PD000642,20240612,A002,R028,L003,Tarde,79,63,9.02,7.83,1.19
PD000643,20241231,A006,R017,L006,Noche,696,619,9.78,8.59,1.19
PD000644,20240323,A002,R020,L006,Día,350,317,8.68,7.73,0.95
PD000645,20240612,A004,R026,L007,Día,592,465,6.03,4.0,2.03
PD000646,20240716,A004,R012,L003,Día,296,263,6.12,5.16,0.96
PD000647,20240901,A005,R004,L003,Día,243,223,11.61,8.71,2.9
PD000648,20241216,A005,R018,L004,Tarde,311,322,6.88,4.94,1.94
PD000649,20241223,A001,R016,L002,Día,326,233,6.21,4.21,2.0
PD000650,20241212,A006,R019,L002,Noche,433,373,9.92,7.39,2.53
PD000651,20240501,A002,R027,L004,Noche,177,156,11.49,9.8,1.69
PD000652,20241006,A002,R007,L007,Tarde,724,791,9.75,8.64,1.11
PD000653,20240703,A004,R008,L004,Día,120,123,8.33,6.08,2.25
PD000654,20240219,A006,R024,L005,Noche,454,350,9.89,8.18,1.71
PD000655,20240408,A002,R002,L005,Día,656,624,9.43,6.27,3.16
PD000656,20240615,A004,R014,L005,Noche,758,644,7.59,5.96,1.63
PD000657,20241116,A006,R022,L006,Noche,786,591,11.27,10.02,1.24
PD000658,20240726,A004,R001,L002,Día,594,545,9.33,7.23,2.1
PD000659,20240114,A003,R023,L001,Noche,402,453,11.05,7.37,3.67
PD000660,20240216,A004,R022,L003,Noche,538,535,9.98,7.9,2.08
PD000661,20240812,A003,R016,L002,Tarde,395,351,10.12,8.32,1.8
PD000662,20240415,A001,R027,L003,Noche,898,693,6.07,5.33,0.74
PD000663,20240312,A004,R010,L007,Noche,154,157,10.78,8.84,1.94
PD000664,20240929,A006,R004,L001,Noche,600,537,9.91,8.14,1.78
PD000665,20240827,A002,R016,L003,Tarde,100,109,10.01,7.56,2.46
PD000666,20241101,A003,R007,L005,Día,145,117,10.49,6.98,3.51
PD000667,20240523,A002,R024,L006,Día,312,344,11.84,10.7,1.14
PD000668,20240119,A002,R003,L005,Tarde,211,213,9.95,8.76,1.19
PD000669,20240826,A006,R024,L001,Tarde,284,273,11.32,10.08,1.24
PD000670,20240913,A004,R022,L004,Tarde,183,164,8.27,6.85,1.42
PD000671,20240518,A002,R014,L004,Noche,349,245,7.54,6.46,1.08
PD000672,20241213,A002,R013,L004,Noche,494,414,9.33,6.66,2.67
PD000673,20240818,A001,R010,L006,Día,394,328,7.01,4.9,2.11
PD000674,20241213,A004,R019,L002,Día,134,115,8.97,8.06,0.91
PD000675,20240316,A005,R006,L001,Día,198,165,6.02,4.34,1.69
PD000676,20241110,A004,R011,L005,Día,801,782,10.89,9.92,0.97
PD000677,20241125,A006,R016,L007,Noche,292,228,10.16,7.96,2.2
PD000678,20241225,A005,R015,L004,Día,383,357,6.21,4.82,1.39
PD000679,20240427,A005,R014,L002,Noche,528,428,8.55,6.2,2.35
PD000680,20240906,A003,R002,L005,Tarde,137,110,11.67,10.23,1.44
PD000681,20240410,A003,R007,L001,Noche,783,854,10.85,7.33,3.52
PD000682,20240730,A003,R013,L002,Tarde,96,77,7.53,6.77,0.76
PD000683,20240926,A005,R018,L005,Día,672,455,9.35,6.32,3.03
PD000684,20240703,A003,R002,L004,Día,483,560,10.84,9.11,1.73
PD000685,20240628,A003,R026,L006,Tarde,171,148,8.01,6.02,1.98
PD000686,20240309,A004,R010,L006,Tarde,370,303,11.99,9.0,2.98
PD000687,20240131,A006,R024,L004,Día,80,83,11.14,9.4,1.74
PD000688,20240525,A006,R026,L005,Tarde,667,573,8.41,6.08,2.34
PD000689,20241107,A001,R017,L003,Día,666,472,10.02,7.78,2.24
PD000690,20240907,A002,R018,L001,Tarde,185,170,11.39,8.7,2.69
PD000691,20240310,A002,R011,L004,Día,203,201,9.39,6.37,3.02
PD000692,20241112,A002,R009,L005,Noche,260,258,11.56,8.78,2.78
PD000693,20241114,A003,R011,L002,Día,186,206,11.86,8.61,3.25
PD000694,20241107,A004,R016,L006,Tarde,397,433,8.51,5.65,2.86
PD000695,20240424,A005,R013,L004,Tarde,153,145,10.06,7.97,2.09
PD000696,20240413,A003,R016,L002,Noche,753,830,7.58,5.73,1.85
PD000697,20240825,A003,R023,L004,Noche,740,790,7.68,7.01,0.67
PD000698,20240511,A001,R022,L004,Noche,420,292,9.26,5.91,3.35
PD000699,20241110,A001,R013,L002,Tarde,113,106,10.44,6.22,4.22
PD000700,20240313,A006,R004,L007,Noche,201,255,10.13,8.59,1.55
PD000701,20240612,A005,R014,L006,Tarde,168,148,8.44,7.66,0.77
PD000702,20240918,A002,R029,L001,Noche,93,88,6.75,5.81,0.94
PD000703,20241030,A003,R019,L005,Tarde,240,155,11.87,10.5,1.37
PD000704,20240513,A003,R030,L006,Tarde,556,549,6.93,4.95,1.98
PD000705,20240419,A005,R018,L001,Noche,308,315,8.07,6.26,1.81
PD000706,20240807,A004,R010,L006,Día,251,244,9.77,8.5,1.26
PD000707,20240723,A004,R009,L001,Día,124,123,6.35,5.52,0.83
PD000708,20240316,A005,R022,L007,Día,544,573,8.46,7.07,1.38
PD000709,20240827,A002,R028,L002,Noche,310,263,9.43,7.66,1.77
PD000710,20240901,A002,R016,L007,Noche,725,602,8.11,6.47,1.64
PD000711,20240119,A005,R009,L007,Tarde,262,268,11.07,10.08,0.99
PD000712,20241015,A006,R021,L002,Día,720,726,7.4,5.76,1.63
PD000713,20240322,A002,R013,L005,Día,347,306,11.87,8.57,3.3
PD000714,20241213,A004,R030,L002,Tarde,775,758,7.57,6.59,0.98
PD000715,20241104,A006,R029,L006,Tarde,516,472,9.94,8.09,1.85
PD000716,20240423,A001,R016,L006,Noche,636,593,8.56,5.34,3.23
PD000717,20240327,A005,R024,L002,Día,541,552,11.62,8.45,3.17
PD000718,20241201,A003,R003,L005,Día,886,874,9.77,7.25,2.52
PD000719,20240628,A005,R004,L002,Noche,197,171,9.41,6.7,2.72
PD000720,20241012,A001,R026,L002,Tarde,570,414,11.3,8.59,2.71
PD000721,20241218,A004,R005,L003,Día,851,872,9.48,8.37,1.11
PD000722,20240814,A002,R028,L003,Noche,712,897,9.51,7.96,1.54
PD000723,20240725,A002,R010,L003,Día,150,144,7.76,6.57,1.19
PD000724,20240630,A003,R021,L005,Día,763,612,6.32,5.37,0.95
PD000725,20241105,A006,R007,L006,Noche,703,809,11.3,9.31,1.99
PD000726,20241218,A005,R001,L005,Tarde,250,281,6.17,5.58,0.59
PD000727,20240810,A004,R009,L003,Día,875,973,11.53,9.65,1.87
PD000728,20240116,A006,R015,L006,Noche,367,332,10.81,9.73,1.08
PD000729,20240112,A005,R011,L006,Noche,261,234,7.64,5.11,2.53
PD000730,20241101,A001,R027,L003,Tarde,681,468,6.54,4.46,2.07
PD000731,20240918,A001,R002,L003,Noche,562,404,11.83,10.04,1.79
PD000732,20241206,A003,R019,L005,Día,753,725,11.84,10.09,1.76
PD000733,20240515,A004,R009,L006,Noche,339,311,7.71,5.85,1.87
PD000734,20240814,A005,R004,L007,Día,401,380,11.16,8.88,2.28
PD000735,20240124,A004,R002,L002,Tarde,168,166,9.49,7.82,1.66
PD000736,20240716,A003,R027,L006,Día,476,430,8.23,5.71,2.52
PD000737,20241202,A004,R009,L007,Día,491,382,8.77,7.6,1.17
PD000738,20240702,A004,R018,L007,Noche,750,611,7.96,6.1,1.86
PD000739,20241019,A004,R013,L004,Noche,439,409,6.7,4.97,1.73
PD000740,20240615,A002,R003,L001,Noche,755,723,9.66,6.39,3.27
PD000741,20240906,A001,R005,L004,Noche,137,76,11.57,10.17,1.4
PD000742,20241211,A002,R012,L006,Tarde,742,678,9.24,7.14,2.1
PD000743,20241129,A002,R013,L005,Día,712,710,10.1,9.18,0.92
PD000744,20240422,A005,R007,L004,Noche,314,327,8.23,7.36,0.87
PD000745,20240104,A004,R009,L004,Día,725,719,9.13,7.49,1.65
PD000746,20240127,A004,R013,L007,Día,559,587,8.73,6.26,2.47
PD000747,20240521,A003,R013,L007,Noche,831,843,7.82,7.17,0.65
PD000748,20240922,A002,R030,L006,Noche,849,628,10.16,7.99,2.17
PD000749,20241129,A004,R029,L001,Tarde,268,245,6.67,4.85,1.82
PD000750,20240903,A004,R011,L002,Tarde,298,303,6.23,4.37,1.86
PD000751,20240207,A005,R010,L005,Noche,883,725,11.9,10.25,1.64
PD000752,20240928,A004,R012,L006,Día,544,555,11.52,10.37,1.16
PD000753,20240522,A005,R030,L007,Tarde,317,234,6.09,4.36,1.73
PD000754,20240821,A005,R030,L005,Noche,892,985,7.51,5.59,1.92
PD000755,20240115,A001,R009,L005,Noche,572,498,8.25,5.93,2.32
PD000756,20240817,A001,R029,L007,Día,267,182,11.56,7.77,3.78
PD000757,20240511,A004,R018,L007,Día,174,143,8.37,5.84,2.54
PD000758,20241020,A004,R022,L004,Día,808,787,10.33,7.82,2.5
PD000759,20240930,A001,R009,L005,Noche,446,305,12.0,9.79,2.21
PD000760,20240919,A001,R025,L006,Noche,338,304,10.95,7.47,3.47
PD000761,20241107,A005,R004,L004,Tarde,98,88,10.73,7.33,3.4
PD000762,20241104,A002,R023,L004,Día,124,120,9.95,8.43,1.52
PD000763,20241224,A001,R009,L006,Tarde,560,573,10.01,7.82,2.19
PD000764,20240222,A001,R008,L003,Tarde,405,299,8.02,4.49,3.53
PD000765,20240225,A001,R024,L007,Día,662,524,6.22,3.4,2.83
PD000766,20240315,A005,R024,L005,Noche,187,165,7.0,5.54,1.46
PD000767,20241101,A004,R026,L006,Noche,506,541,6.29,5.44,0.85
PD000768,20241116,A001,R014,L005,Noche,897,756,7.86,5.64,2.22
PD000769,20240725,A002,R022,L002,Día,580,496,8.7,5.99,2.72
PD000770,20240721,A002,R015,L007,Día,80,69,9.69,7.88,1.8
PD000771,20241225,A003,R009,L002,Día,375,328,6.02,5.24,0.78
PD000772,20241229,A001,R021,L003,Día,707,586,11.8,6.55,5.25
PD000773,20240725,A005,R020,L005,Día,504,584,10.74,8.41,2.33
PD000774,20240514,A006,R022,L003,Día,760,796,8.06,7.32,0.74
PD000775,20240327,A001,R025,L007,Tarde,54,44,11.84,9.51,2.33
PD000776,20240508,A002,R027,L004,Noche,303,294,9.7,8.14,1.56
PD000777,20241209,A001,R027,L001,Día,702,514,11.5,6.76,4.74
PD000778,20240711,A006,R021,L005,Noche,817,606,7.53,6.6,0.93
PD000779,20241113,A002,R030,L007,Día,589,577,9.3,6.94,2.37
PD000780,20240724,A004,R019,L005,Tarde,540,665,8.03,6.8,1.23
PD000781,20241027,A004,R009,L004,Tarde,810,697,11.19,9.23,1.96
PD000782,20240725,A004,R023,L007,Tarde,822,541,8.41,7.33,1.08
PD000783,20241108,A004,R028,L002,Noche,52,59,9.4,6.54,2.86
PD000784,20241115,A001,R024,L001,Noche,122,85,6.96,5.44,1.51
PD000785,20241118,A005,R017,L001,Tarde,778,746,10.52,7.24,3.28
PD000786,20240403,A001,R013,L003,Tarde,353,293,6.02,3.29,2.72
PD000787,20240517,A002,R022,L007,Tarde,762,799,11.99,9.24,2.75
PD000788,20240604,A004,R015,L004,Noche,204,231,8.07,6.31,1.76
PD000789,20240805,A003,R007,L002,Tarde,644,651,6.04,5.06,0.97
PD000790,20240309,A002,R017,L001,Día,438,434,7.08,5.03,2.05
PD000791,20240318,A005,R013,L003,Día,697,745,9.17,8.42,0.75
PD000792,20241007,A002,R024,L001,Tarde,451,346,11.69,8.23,3.46
PD000793,20240303,A002,R010,L006,Día,163,186,8.77,6.15,2.62
PD000794,20240303,A004,R023,L006,Día,309,164,8.77,6.78,1.99
PD000795,20241029,A004,R015,L001,Tarde,843,801,8.48,6.18,2.31
PD000796,20240201,A002,R015,L001,Día,657,639,7.26,5.22,2.04
PD000797,20240614,A002,R015,L001,Noche,623,635,6.85,6.23,0.62
PD000798,20240608,A004,R024,L004,Día,815,504,9.65,7.56,2.09
PD000799,20241026,A001,R006,L002,Día,159,107,10.19,6.01,4.18
PD000800,20240617,A004,R024,L007,Día,585,597,10.62,7.17,3.45
PD000801,20241206,A003,R014,L001,Día,693,776,10.31,8.94,1.37
PD000802,20240529,A001,R022,L006,Tarde,766,558,6.16,4.26,1.9
PD000803,20240122,A002,R018,L004,Noche,233,205,8.89,8.1,0.79
PD000804,20240519,A006,R006,L003,Tarde,601,537,11.14,8.8,2.34
PD000805,20240108,A002,R006,L003,Tarde,261,280,6.51,5.37,1.13
PD000806,20240212,A001,R010,L007,Tarde,775,767,9.85,6.18,3.67
PD000807,20241107,A001,R029,L001,Día,247,190,9.38,7.3,2.08
PD000808,20240118,A001,R020,L001,Día,537,483,10.73,7.0,3.72
PD000809,20240202,A002,R024,L006,Tarde,203,178,8.63,6.13,2.5
PD000810,20241008,A005,R010,L004,Noche,203,190,10.38,9.36,1.02
PD000811,20241020,A005,R001,L004,Día,172,171,6.01,5.21,0.8
PD000812,20241108,A001,R020,L001,Tarde,242,194,8.36,6.53,1.83
PD000813,20240216,A003,R019,L003,Día,437,370,7.04,4.89,2.15
PD000814,20240323,A005,R023,L002,Noche,354,367,6.75,5.36,1.39
PD000815,20240705,A004,R013,L003,Tarde,635,520,9.84,8.66,1.18
PD000816,20240319,A006,R025,L003,Tarde,192,127,10.75,9.43,1.32
PD000817,20240326,A004,R016,L007,Tarde,735,782,11.36,9.46,1.9
PD000818,20240910,A004,R016,L006,Tarde,198,196,6.69,5.02,1.67
PD000819,20241108,A005,R014,L007,Tarde,248,283,11.27,7.74,3.53
PD000820,20240429,A004,R015,L005,Tarde,871,707,8.48,7.38,1.1
PD000821,20240917,A001,R014,L005,Tarde,337,307,8.1,4.81,3.29
PD000822,20240510,A006,R012,L003,Tarde,319,287,6.54,5.54,1.01
PD000823,20240422,A002,R016,L007,Día,738,800,6.82,5.05,1.77
PD000824,20240303,A001,R022,L002,Noche,890,740,10.43,6.09,4.34
PD000825,20240130,A006,R008,L005,Noche,790,717,8.32,6.59,1.73
PD000826,20240828,A005,R022,L007,Tarde,825,692,6.52,4.88,1.64
PD000827,20240109,A001,R020,L002,Noche,275,209,6.97,5.27,1.7
PD000828,20241227,A004,R004,L006,Tarde,575,545,8.11,5.75,2.36
PD000829,20240610,A006,R022,L002,Tarde,811,713,6.7,4.91,1.79
PD000830,20240119,A002,R030,L003,Tarde,401,430,10.84,7.65,3.19
PD000831,20240708,A002,R015,L004,Noche,399,407,11.08,7.87,3.21
PD000832,20240926,A005,R016,L001,Noche,434,311,11.18,8.49,2.69
PD000833,20241123,A006,R021,L005,Día,340,293,10.14,7.59,2.55
PD000834,20240111,A002,R025,L007,Día,133,134,7.12,4.77,2.35
PD000835,20240313,A002,R018,L001,Día,899,778,9.67,7.26,2.41
PD000836,20240718,A001,R007,L004,Noche,143,99,10.85,5.99,4.86
PD000837,20240531,A004,R030,L004,Tarde,200,156,10.9,10.01,0.89
PD000838,20240218,A005,R019,L005,Tarde,413,331,8.22,6.9,1.32
PD000839,20240505,A006,R017,L005,Tarde,665,666,11.52,8.83,2.69
PD000840,20240924,A004,R009,L001,Día,817,737,9.42,6.25,3.17
PD000841,20240903,A006,R024,L001,Día,269,199,7.62,6.46,1.16
PD000842,20241130,A005,R030,L007,Noche,852,715,6.16,5.28,0.88
PD000843,20240429,A005,R026,L006,Tarde,188,166,9.63,6.64,2.98
PD000844,20240813,A004,R028,L003,Día,175,173,11.44,10.16,1.28
PD000845,20240610,A002,R018,L007,Tarde,465,371,6.38,5.73,0.65
PD000846,20241111,A001,R015,L002,Tarde,575,310,9.48,7.76,1.73
PD000847,20240225,A003,R019,L001,Día,899,862,8.47,5.82,2.65
PD000848,20240828,A002,R002,L003,Día,762,744,8.97,6.18,2.79
PD000849,20240309,A004,R011,L003,Día,609,669,9.06,6.67,2.39
PD000850,20240406,A004,R020,L004,Día,605,653,8.36,6.0,2.37
PD000851,20240703,A001,R014,L003,Tarde,141,94,9.03,5.62,3.41
PD000852,20241115,A005,R025,L006,Noche,293,299,8.03,6.53,1.5
PD000853,20241201,A003,R019,L003,Noche,464,474,9.0,7.28,1.71
PD000854,20240530,A002,R008,L001,Día,863,713,8.69,6.83,1.86
PD000855,20240703,A005,R009,L004,Tarde,465,444,8.35,7.13,1.22
PD000856,20240410,A002,R013,L006,Noche,886,799,9.91,8.74,1.17
PD000857,20240920,A003,R014,L003,Tarde,110,102,8.01,5.57,2.44
PD000858,20240715,A002,R011,L004,Noche,433,387,10.64,7.36,3.28
PD000859,20241227,A005,R015,L002,Tarde,882,981,7.58,6.44,1.14
PD000860,20241024,A002,R015,L004,Día,185,196,11.92,9.76,2.16
PD000861,20241004,A005,R022,L001,Tarde,295,314,11.69,8.63,3.05
PD000862,20241226,A004,R001,L001,Día,268,296,7.84,7.16,0.68
PD000863,20240225,A006,R017,L003,Noche,143,123,6.31,5.46,0.85
PD000864,20240422,A005,R030,L002,Tarde,815,745,6.64,5.77,0.87
PD000865,20240221,A003,R011,L002,Día,428,430,10.88,9.09,1.79
PD000866,20240708,A005,R020,L004,Tarde,721,597,7.07,6.12,0.95
PD000867,20240718,A003,R023,L004,Noche,805,874,11.03,7.59,3.43
PD000868,20241230,A002,R026,L007,Noche,380,330,10.48,8.74,1.74
PD000869,20240109,A006,R029,L006,Día,449,315,6.83,6.27,0.56
PD000870,20240706,A006,R017,L004,Tarde,461,408,8.91,6.61,2.3
PD000871,20240426,A003,R029,L002,Tarde,311,276,10.09,8.38,1.72
PD000872,20240110,A004,R018,L004,Tarde,776,766,8.63,5.95,2.67
PD000873,20241130,A004,R009,L002,Noche,830,532,8.14,6.19,1.94
PD000874,20240905,A002,R004,L005,Día,381,367,11.75,10.23,1.52
PD000875,20240702,A002,R012,L004,Tarde,832,802,8.58,7.33,1.25
PD000876,20240927,A004,R018,L004,Tarde,751,848,6.23,5.38,0.85
PD000877,20240501,A004,R011,L005,Tarde,652,579,10.08,6.88,3.21
PD000878,20241103,A002,R021,L007,Tarde,654,635,6.21,5.51,0.7
PD000879,20240801,A002,R012,L003,Tarde,57,52,9.59,6.78,2.81
PD000880,20241108,A002,R009,L002,Noche,691,649,11.11,9.68,1.43
PD000881,20241025,A002,R019,L007,Día,661,569,8.99,7.59,1.4
PD000882,20240715,A005,R008,L005,Día,82,100,9.16,7.51,1.65
PD000883,20240313,A003,R021,L006,Día,67,60,10.03,8.63,1.4
PD000884,20241006,A002,R007,L002,Día,529,495,10.96,8.49,2.46
PD000885,20240213,A005,R029,L004,Tarde,731,780,9.39,8.18,1.2
PD000886,20240327,A004,R021,L006,Tarde,856,738,8.67,7.71,0.96
PD000887,20240617,A006,R010,L007,Tarde,327,373,7.81,5.71,2.1
PD000888,20240103,A005,R019,L001,Día,852,839,8.25,7.07,1.18
PD000889,20240501,A002,R014,L005,Día,640,639,11.45,10.34,1.1
PD000890,20240219,A006,R004,L003,Día,833,798,10.97,8.85,2.12
PD000891,20240110,A006,R007,L003,Tarde,359,345,6.44,5.3,1.14
PD000892,20241130,A006,R013,L002,Noche,546,501,10.08,8.16,1.93
PD000893,20240130,A003,R025,L006,Noche,758,799,10.89,9.21,1.68
PD000894,20241105,A004,R026,L006,Noche,825,622,7.14,6.18,0.96
PD000895,20240410,A001,R029,L003,Tarde,850,688,10.16,7.45,2.71
PD000896,20240203,A004,R019,L001,Día,487,486,7.15,5.87,1.28
PD000897,20241020,A003,R026,L007,Tarde,305,367,8.06,7.33,0.73
PD000898,20240622,A006,R025,L002,Día,107,114,10.72,7.92,2.8
PD000899,20240214,A002,R014,L007,Día,111,91,6.06,4.6,1.45
PD000900,20241104,A003,R014,L007,Noche,689,678,7.76,6.19,1.57
PD000901,20240807,A005,R013,L002,Día,758,874,6.85,5.09,1.77
PD000902,20240114,A006,R021,L003,Tarde,534,498,9.39,8.53,0.85
PD000903,20241030,A001,R013,L003,Día,614,467,10.85,8.19,2.66
PD000904,20241103,A001,R011,L005,Noche,737,594,9.86,8.56,1.31
PD000905,20240530,A001,R021,L004,Noche,724,571,9.76,6.11,3.65
PD000906,20241001,A004,R014,L007,Tarde,386,339,7.63,6.26,1.37
PD000907,20240813,A003,R029,L002,Tarde,818,636,11.62,10.65,0.97
PD000908,20240609,A006,R002,L002,Día,678,686,10.62,8.47,2.16
PD000909,20240810,A005,R017,L007,Día,883,677,11.67,8.4,3.27
PD000910,20240909,A004,R030,L002,Día,341,360,11.08,10.1,0.98
PD000911,20240625,A006,R009,L005,Día,617,612,11.62,9.63,1.98
PD000912,20241006,A005,R011,L003,Día,721,593,11.56,10.64,0.93
PD000913,20240918,A005,R030,L007,Tarde,492,536,9.21,6.95,2.25
PD000914,20240825,A001,R025,L005,Día,340,270,9.44,6.76,2.68
PD000915,20240402,A004,R007,L005,Tarde,318,272,6.54,5.88,0.67
PD000916,20240309,A006,R007,L002,Tarde,549,432,6.55,5.71,0.84
PD000917,20240214,A006,R028,L005,Día,667,548,9.66,7.37,2.29
PD000918,20240710,A006,R016,L007,Tarde,575,563,9.58,8.43,1.15
PD000919,20241129,A004,R029,L005,Tarde,414,379,7.96,6.23,1.72
PD000920,20240125,A002,R020,L003,Noche,198,184,10.28,8.29,1.99
PD000921,20240807,A002,R004,L002,Noche,316,287,9.41,8.12,1.29
PD000922,20240824,A006,R028,L003,Noche,538,642,8.28,5.7,2.58
PD000923,20240322,A006,R021,L003,Tarde,581,634,9.57,7.41,2.16
PD000924,20240919,A004,R009,L003,Día,707,823,8.16,5.57,2.58
PD000925,20240502,A005,R030,L004,Tarde,418,372,11.22,9.97,1.25
PD000926,20240503,A005,R018,L006,Noche,309,323,7.93,7.28,0.64
PD000927,20240325,A005,R029,L002,Noche,141,122,10.88,7.55,3.33
PD000928,20240407,A005,R018,L001,Tarde,749,498,7.87,6.2,1.66
PD000929,20240121,A006,R027,L002,Tarde,761,619,6.1,4.65,1.45
PD000930,20240802,A004,R023,L003,Tarde,591,672,9.05,7.97,1.08
PD000931,20240126,A004,R010,L006,Día,594,589,9.56,7.47,2.09
PD000932,20241026,A005,R010,L002,Noche,577,632,7.61,5.87,1.74
PD000933,20240731,A003,R021,L006,Noche,668,534,6.22,4.33,1.89
PD000934,20240731,A001,R021,L001,Día,627,498,9.06,5.81,3.26
PD000935,20240310,A001,R023,L001,Día,874,686,9.45,7.84,1.61
PD000936,20240303,A004,R018,L007,Día,707,494,6.6,5.44,1.16
PD000937,20240405,A004,R020,L007,Noche,637,713,8.31,5.95,2.36
PD000938,20240518,A003,R025,L007,Día,705,727,9.12,6.63,2.49
PD000939,20240428,A006,R001,L006,Noche,215,190,9.43,6.85,2.58
PD000940,20240221,A006,R001,L002,Noche,415,461,10.01,7.25,2.76
PD000941,20240923,A003,R025,L002,Día,568,436,6.72,6.05,0.67
PD000942,20240121,A001,R024,L003,Día,717,626,10.09,8.54,1.55
PD000943,20241211,A001,R018,L001,Día,576,483,9.4,5.38,4.02
PD000944,20240212,A004,R017,L002,Tarde,548,492,7.25,5.54,1.72
PD000945,20240209,A006,R011,L004,Noche,214,235,7.95,6.34,1.61
PD000946,20241124,A001,R020,L003,Noche,456,355,6.0,4.46,1.54
PD000947,20240508,A005,R007,L006,Día,578,471,10.97,9.84,1.14
PD000948,20240704,A006,R028,L006,Tarde,801,786,10.77,7.31,3.46
PD000949,20240314,A005,R002,L007,Noche,578,500,9.99,7.82,2.16
PD000950,20240422,A006,R003,L002,Noche,464,423,7.03,5.94,1.09
PD000951,20240412,A004,R009,L004,Día,778,812,10.39,8.79,1.6
PD000952,20240425,A006,R013,L004,Día,463,393,6.15,4.14,2.02
PD000953,20240212,A002,R008,L003,Día,360,352,10.93,7.89,3.03
PD000954,20240208,A005,R025,L001,Día,137,121,7.7,5.32,2.38
PD000955,20240301,A003,R030,L001,Tarde,177,172,7.76,6.68,1.08
PD000956,20240629,A005,R028,L003,Tarde,791,793,10.7,7.49,3.21
PD000957,20241211,A006,R021,L006,Tarde,200,237,9.89,7.17,2.72
PD000958,20241201,A005,R025,L001,Tarde,698,723,7.83,6.14,1.69
PD000959,20240628,A004,R023,L002,Tarde,710,793,8.44,5.61,2.83
PD000960,20240601,A006,R026,L003,Día,801,745,6.08,4.5,1.58
PD000961,20240801,A006,R003,L004,Tarde,582,492,10.86,8.75,2.11
PD000962,20240701,A003,R001,L004,Noche,897,764,6.73,5.3,1.43
PD000963,20241104,A006,R026,L007,Noche,428,436,6.23,5.29,0.94
PD000964,20240110,A002,R008,L004,Tarde,285,339,10.81,7.34,3.47
PD000965,20240617,A004,R005,L002,Día,350,329,8.17,7.42,0.75
PD000966,20240205,A004,R027,L004,Noche,757,862,6.05,4.28,1.77
PD000967,20241026,A006,R026,L007,Día,545,416,11.11,7.44,3.67
PD000968,20240123,A004,R030,L006,Día,644,641,10.8,8.56,2.25
PD000969,20240420,A002,R017,L001,Noche,187,173,10.4,8.73,1.67
PD000970,20240630,A004,R008,L007,Noche,419,379,11.42,8.66,2.76
PD000971,20241122,A002,R012,L004,Tarde,651,609,10.53,7.33,3.19
PD000972,20240613,A006,R027,L007,Tarde,867,761,10.47,8.0,2.47
PD000973,20240810,A002,R022,L007,Día,768,742,10.68,7.86,2.82
PD000974,20240101,A003,R003,L005,Día,303,293,8.53,7.03,1.5
PD000975,20240407,A001,R003,L005,Noche,828,662,10.15,8.35,1.8
PD000976,20241127,A005,R005,L002,Noche,171,162,11.49,8.77,2.72
PD000977,20240329,A006,R012,L005,Noche,265,253,9.46,6.92,2.54
PD000978,20240815,A002,R024,L007,Día,219,211,6.7,4.53,2.17
PD000979,20240719,A001,R027,L005,Noche,558,449,11.37,6.94,4.44
PD000980,20240506,A005,R026,L001,Noche,639,552,6.75,5.82,0.92
PD000981,20240113,A006,R002,L003,Día,61,57,8.79,7.16,1.63
PD000982,20240609,A003,R029,L003,Tarde,742,572,10.26,8.09,2.18
PD000983,20240723,A004,R005,L007,Tarde,463,397,7.4,5.18,2.22
PD000984,20241231,A001,R004,L001,Noche,551,358,9.75,7.66,2.09
PD000985,20240924,A003,R009,L002,Día,151,131,9.04,7.96,1.09
PD000986,20240623,A003,R020,L006,Tarde,466,449,8.66,5.77,2.89
PD000987,20240514,A001,R018,L002,Noche,642,378,8.29,6.26,2.03
PD000988,20241014,A006,R014,L002,Tarde,478,436,10.3,9.03,1.26
PD000989,20241212,A006,R016,L004,Tarde,583,570,9.13,6.11,3.01
PD000990,20240601,A002,R014,L007,Noche,109,105,10.43,8.93,1.5
PD000991,20240530,A004,R019,L003,Noche,834,816,8.16,6.79,1.38
PD000992,20240708,A002,R019,L002,Noche,752,590,11.68,9.9,1.78
PD000993,20240513,A003,R002,L007,Noche,125,124,7.59,5.6,1.99
PD000994,20240916,A005,R028,L006,Día,407,376,10.64,8.97,1.67
PD000995,20240804,A003,R004,L002,Noche,279,317,11.75,10.0,1.76
PD000996,20240411,A001,R028,L003,Día,219,184,11.57,9.28,2.29
PD000997,20240410,A001,R028,L006,Día,630,551,9.32,5.63,3.68
PD000998,20241111,A003,R017,L002,Tarde,71,65,6.47,4.9,1.57
PD000999,20240326,A006,R012,L003,Noche,758,684,8.03,5.77,2.27
PD001000,20240413,A004,R018,L002,Tarde,305,259,8.89,7.35,1.54
PD001001,20241111,A006,R004,L003,Tarde,554,320,11.3,10.2,1.1
PD001002,20241004,A001,R023,L002,Tarde,175,118,7.11,5.15,1.95
PD001003,20240217,A005,R009,L006,Día,732,782,6.83,4.69,2.14
PD001004,20241009,A003,R022,L006,Tarde,787,734,10.66,8.31,2.35
PD001005,20240215,A001,R016,L002,Día,287,219,6.15,4.67,1.49
PD001006,20240114,A004,R025,L007,Tarde,853,946,6.06,4.73,1.33
PD001007,20240826,A005,R008,L001,Día,775,667,7.32,5.93,1.39
PD001008,20240613,A005,R003,L003,Día,356,372,6.34,4.29,2.04
PD001009,20240103,A001,R027,L001,Noche,640,417,8.99,5.02,3.96
PD001010,20241116,A002,R018,L007,Día,313,258,9.3,7.85,1.45
PD001011,20240726,A002,R012,L001,Noche,88,83,8.61,6.28,2.33
PD001012,20241126,A004,R023,L003,Tarde,842,815,8.52,7.5,1.02
PD001013,20240209,A005,R001,L005,Noche,871,848,7.67,5.57,2.1
PD001014,20240325,A006,R007,L007,Noche,264,306,11.29,10.34,0.95
PD001015,20241211,A005,R014,L005,Día,717,805,8.79,7.61,1.19
PD001016,20240804,A006,R021,L004,Día,326,319,10.47,7.96,2.51
PD001017,20240229,A003,R007,L007,Noche,253,237,10.2,8.5,1.71
PD001018,20240226,A005,R002,L003,Tarde,207,228,6.36,5.59,0.77
PD001019,20240622,A005,R012,L006,Tarde,580,509,11.45,9.96,1.49
PD001020,20241014,A003,R021,L003,Tarde,364,361,8.4,6.02,2.37
PD001021,20240615,A006,R018,L006,Noche,735,556,10.44,7.06,3.38
PD001022,20240209,A001,R014,L001,Día,139,117,9.11,5.89,3.21
PD001023,20240410,A002,R001,L002,Día,853,1042,6.08,5.35,0.73
PD001024,20241120,A002,R020,L003,Día,435,472,11.64,10.05,1.59
PD001025,20241008,A005,R005,L007,Noche,492,481,6.74,5.19,1.55
PD001026,20241005,A006,R009,L002,Noche,692,717,10.68,8.5,2.19
PD001027,20240512,A005,R011,L003,Día,582,433,11.68,9.24,2.44
PD001028,20240619,A002,R012,L005,Día,660,677,10.37,8.26,2.11
PD001029,20240417,A002,R018,L006,Día,89,86,9.2,7.62,1.59
PD001030,20240724,A002,R006,L004,Día,58,64,7.68,6.89,0.79
PD001031,20240329,A004,R027,L004,Noche,601,601,9.73,7.68,2.04
PD001032,20240705,A001,R011,L003,Tarde,832,487,7.85,4.45,3.4
PD001033,20240718,A001,R023,L001,Noche,157,134,7.33,4.93,2.41
PD001034,20240312,A005,R005,L004,Tarde,621,571,9.29,7.09,2.2
PD001035,20240519,A005,R006,L007,Día,798,929,7.36,5.23,2.13
PD001036,20240603,A005,R026,L004,Día,173,160,9.64,6.81,2.83
PD001037,20241105,A002,R026,L001,Noche,168,139,9.68,8.16,1.51
PD001038,20240716,A002,R014,L002,Noche,89,72,8.66,6.17,2.49
PD001039,20240410,A003,R022,L002,Tarde,761,580,10.69,7.5,3.19
PD001040,20240207,A005,R004,L002,Día,80,83,9.89,7.89,1.99
PD001041,20240404,A005,R002,L001,Noche,78,69,11.55,8.97,2.58
PD001042,20240114,A004,R025,L007,Día,87,90,7.69,5.69,1.99
PD001043,20240912,A002,R023,L005,Noche,714,599,11.09,7.98,3.11
PD001044,20240312,A004,R028,L006,Tarde,364,365,7.2,6.3,0.9
PD001045,20240702,A002,R005,L003,Día,326,299,6.05,4.35,1.7
PD001046,20241123,A006,R018,L007,Día,771,721,6.78,6.13,0.65
PD001047,20240530,A005,R007,L001,Tarde,599,609,11.09,7.91,3.18
PD001048,20240404,A006,R008,L006,Día,226,243,10.35,9.11,1.24
PD001049,20240411,A003,R004,L006,Tarde,347,349,7.08,5.86,1.22
PD001050,20240824,A004,R023,L004,Tarde,594,669,11.84,8.6,3.23
PD001051,20241004,A005,R023,L001,Tarde,702,523,9.39,7.73,1.66
PD001052,20241113,A004,R026,L004,Día,305,251,8.36,7.56,0.79
PD001053,20240724,A006,R027,L003,Día,805,705,8.2,7.37,0.83
PD001054,20240317,A006,R019,L006,Día,576,583,9.98,8.01,1.96
PD001055,20240605,A001,R025,L002,Tarde,327,195,11.95,8.15,3.8
PD001056,20240925,A001,R016,L003,Tarde,450,334,11.04,8.42,2.62
PD001057,20240410,A002,R006,L004,Tarde,345,339,6.17,4.36,1.81
PD001058,20240803,A003,R021,L005,Noche,452,398,11.06,7.95,3.11
PD001059,20240820,A001,R021,L005,Tarde,461,244,11.39,8.83,2.56
PD001060,20241128,A004,R009,L002,Noche,675,667,6.45,4.95,1.5
PD001061,20240528,A005,R017,L006,Tarde,375,342,11.48,8.7,2.78
PD001062,20240523,A001,R024,L004,Noche,472,311,11.41,8.44,2.97
PD001063,20241023,A001,R014,L003,Día,334,232,10.98,9.68,1.29
PD001064,20240119,A001,R024,L005,Noche,289,144,8.87,5.62,3.25
PD001065,20241116,A004,R007,L003,Día,444,370,7.56,5.66,1.89
PD001066,20241126,A005,R004,L003,Día,77,89,7.01,6.01,1.0
PD001067,20240318,A004,R016,L003,Noche,65,68,7.04,5.51,1.53
PD001068,20241203,A006,R011,L004,Tarde,884,821,11.85,8.68,3.17
PD001069,20240623,A002,R013,L003,Noche,844,842,9.72,6.72,2.99
PD001070,20240406,A004,R029,L007,Tarde,527,411,9.37,6.62,2.76
PD001071,20240928,A002,R024,L001,Noche,899,1015,6.35,4.78,1.57
PD001072,20240602,A004,R002,L007,Noche,760,727,8.23,7.54,0.69
PD001073,20240210,A005,R020,L003,Tarde,376,355,9.65,6.91,2.73
PD001074,20240613,A003,R016,L005,Tarde,74,71,11.4,10.04,1.36
PD001075,20240806,A003,R013,L005,Tarde,343,324,9.44,6.72,2.72
PD001076,20240120,A004,R018,L007,Día,313,293,9.17,6.89,2.27
PD001077,20240221,A006,R007,L006,Noche,885,981,7.35,4.92,2.42
PD001078,20240607,A006,R016,L004,Noche,57,57,6.52,5.12,1.41
PD001079,20240502,A001,R027,L003,Día,68,43,8.88,6.49,2.39
PD001080,20240301,A005,R012,L002,Tarde,710,652,8.86,7.43,1.43
PD001081,20241210,A001,R003,L005,Tarde,366,311,10.74,8.76,1.98
PD001082,20240530,A002,R004,L002,Tarde,434,478,6.32,5.72,0.6
PD001083,20241202,A002,R026,L004,Noche,374,294,11.79,7.9,3.89
PD001084,20240608,A002,R021,L004,Día,627,603,7.14,6.4,0.74
PD001085,20240203,A002,R030,L004,Tarde,88,67,11.04,9.64,1.4
PD001086,20240602,A005,R025,L007,Día,541,525,8.51,5.72,2.79
PD001087,20240601,A006,R024,L007,Día,101,87,11.68,8.71,2.97
PD001088,20240807,A003,R010,L002,Tarde,808,626,10.33,9.13,1.2
PD001089,20240511,A005,R030,L001,Noche,477,524,8.43,6.26,2.17
PD001090,20240924,A005,R027,L006,Tarde,431,464,11.94,8.72,3.22
PD001091,20240716,A001,R026,L005,Noche,682,507,8.01,5.78,2.23
PD001092,20240516,A001,R004,L002,Día,376,313,6.24,4.22,2.02
PD001093,20241001,A001,R009,L001,Tarde,471,350,6.23,4.53,1.7
PD001094,20241010,A002,R010,L004,Noche,332,305,8.27,7.44,0.83
PD001095,20240305,A002,R023,L004,Día,858,893,11.32,9.75,1.57
PD001096,20241102,A003,R016,L006,Día,831,818,6.54,5.07,1.47
PD001097,20241208,A001,R008,L003,Tarde,663,519,9.44,8.06,1.38
PD001098,20240429,A004,R002,L004,Tarde,649,795,8.94,6.46,2.48
PD001099,20241105,A001,R024,L002,Noche,67,47,9.95,5.68,4.26
PD001100,20240307,A003,R012,L004,Noche,852,787,11.12,9.53,1.6
PD001101,20240901,A004,R013,L007,Noche,858,614,10.01,8.5,1.51
PD001102,20240616,A004,R021,L001,Día,89,108,6.67,5.53,1.14
PD001103,20240327,A005,R010,L006,Tarde,676,538,8.2,6.03,2.17
PD001104,20240509,A002,R030,L002,Día,580,637,9.41,7.88,1.53
PD001105,20240321,A006,R016,L005,Día,530,434,9.1,8.25,0.85
PD001106,20240413,A003,R010,L005,Día,235,219,10.9,9.28,1.63
PD001107,20240130,A006,R004,L004,Noche,273,278,8.22,7.37,0.85
PD001108,20241021,A001,R015,L007,Tarde,872,898,7.68,6.83,0.85
PD001109,20240318,A003,R018,L005,Día,650,544,11.81,10.48,1.33
PD001110,20241210,A005,R011,L005,Noche,679,761,8.75,7.39,1.36
PD001111,20241207,A001,R006,L004,Tarde,619,486,9.95,6.36,3.58
PD001112,20240615,A003,R029,L006,Noche,506,497,7.05,5.15,1.9
PD001113,20240412,A005,R012,L001,Tarde,363,294,9.21,6.99,2.21
PD001114,20240126,A001,R023,L002,Noche,620,489,10.54,7.53,3.01
PD001115,20240625,A006,R026,L006,Día,515,521,10.5,9.5,1.0
PD001116,20240605,A003,R021,L002,Noche,52,54,11.5,8.5,3.0
PD001117,20240206,A001,R025,L003,Día,674,561,11.48,8.55,2.93
PD001118,20240430,A005,R025,L003,Día,577,538,10.85,9.12,1.73
PD001119,20241005,A005,R029,L005,Noche,198,176,7.12,5.33,1.8
PD001120,20240729,A002,R025,L007,Tarde,575,615,7.71,6.8,0.9
PD001121,20241121,A002,R016,L006,Día,240,269,10.69,7.71,2.99
PD001122,20240328,A003,R029,L002,Día,585,467,6.56,4.94,1.62
PD001123,20241219,A006,R025,L001,Día,214,198,6.81,5.78,1.03
PD001124,20240913,A001,R026,L006,Noche,274,216,8.66,6.79,1.88
PD001125,20240419,A005,R012,L007,Noche,445,436,9.95,7.96,1.99
PD001126,20241218,A001,R009,L003,Tarde,362,245,9.67,5.95,3.72
PD001127,20240404,A006,R014,L003,Noche,718,692,6.95,5.91,1.04
PD001128,20240318,A002,R002,L002,Noche,141,149,10.13,8.16,1.97
PD001129,20241016,A004,R019,L005,Día,295,217,9.3,7.38,1.92
PD001130,20240606,A004,R003,L007,Día,476,414,11.22,8.23,2.99
PD001131,20241101,A001,R003,L005,Noche,476,371,7.8,6.3,1.5
PD001132,20240930,A004,R001,L007,Día,571,480,7.03,4.67,2.36
PD001133,20240314,A002,R026,L007,Noche,594,591,8.2,7.41,0.79
PD001134,20240410,A005,R014,L004,Noche,443,359,10.41,9.07,1.34
PD001135,20241114,A003,R010,L002,Tarde,302,298,7.9,6.45,1.45
PD001136,20240918,A002,R016,L002,Día,755,706,10.57,8.42,2.15
PD001137,20241223,A004,R022,L004,Noche,661,558,7.76,6.54,1.21
PD001138,20240714,A004,R009,L001,Tarde,607,474,9.05,7.02,2.04
PD001139,20240930,A002,R006,L003,Día,205,202,7.64,5.73,1.91
PD001140,20240801,A006,R024,L003,Noche,642,753,7.16,6.11,1.05
PD001141,20241217,A005,R029,L007,Tarde,547,564,7.46,6.54,0.92
PD001142,20240505,A001,R022,L004,Tarde,617,530,11.59,6.84,4.74
PD001143,20241206,A001,R019,L006,Tarde,170,128,11.81,10.13,1.67
PD001144,20240228,A006,R003,L003,Día,102,96,9.57,6.7,2.87
PD001145,20240711,A006,R012,L001,Noche,813,668,7.0,4.78,2.22
PD001146,20240728,A004,R017,L005,Noche,201,170,6.65,6.07,0.58
PD001147,20240530,A006,R028,L004,Noche,497,500,8.0,5.58,2.41
PD001148,20240627,A005,R002,L001,Tarde,841,678,11.42,9.19,2.23
PD001149,20240907,A004,R011,L002,Día,884,812,6.97,4.87,2.1
PD001150,20240512,A003,R015,L001,Tarde,413,347,8.51,6.96,1.55
PD001151,20240301,A001,R024,L006,Tarde,854,682,8.84,6.85,1.99
PD001152,20241124,A002,R030,L005,Día,406,336,11.29,9.32,1.97
PD001153,20240424,A004,R003,L007,Tarde,818,576,11.37,8.74,2.63
PD001154,20241016,A004,R022,L002,Noche,390,387,7.28,5.15,2.13
PD001155,20240731,A004,R018,L005,Tarde,738,693,6.92,5.9,1.03
PD001156,20240206,A001,R021,L003,Noche,247,196,6.93,4.84,2.1
PD001157,20240326,A006,R027,L005,Noche,557,625,8.99,7.58,1.41
PD001158,20241002,A005,R017,L002,Día,734,730,9.26,7.43,1.83
PD001159,20240311,A002,R029,L003,Día,600,623,7.88,5.88,2.01
PD001160,20240920,A006,R018,L006,Noche,644,668,10.97,9.06,1.91
PD001161,20240326,A002,R014,L005,Día,586,674,9.05,6.68,2.37
PD001162,20241006,A005,R004,L007,Noche,572,481,10.56,7.94,2.62
PD001163,20240731,A003,R028,L004,Tarde,424,384,6.05,5.41,0.64
PD001164,20241025,A005,R006,L005,Noche,77,67,8.17,7.05,1.12
PD001165,20240819,A006,R008,L004,Noche,293,277,10.59,8.3,2.28
PD001166,20240130,A003,R002,L005,Tarde,595,510,8.04,7.15,0.89
PD001167,20241012,A002,R021,L005,Tarde,612,502,6.07,4.24,1.83
PD001168,20241231,A003,R026,L005,Noche,733,640,7.45,5.35,2.1
PD001169,20240528,A005,R010,L006,Noche,631,524,9.6,7.04,2.56
PD001170,20241128,A004,R019,L002,Día,230,196,9.12,8.1,1.03
PD001171,20240524,A003,R017,L005,Tarde,890,651,6.25,5.64,0.61
PD001172,20240323,A002,R018,L005,Día,453,537,10.67,7.35,3.32
PD001173,20241109,A005,R021,L001,Noche,852,718,6.43,5.4,1.03
PD001174,20240423,A002,R003,L002,Noche,756,805,6.08,5.15,0.92
PD001175,20240319,A005,R027,L003,Tarde,486,517,11.23,9.35,1.88
PD001176,20240424,A003,R011,L007,Noche,65,62,11.64,8.91,2.73
PD001177,20240724,A001,R019,L003,Tarde,487,362,11.52,7.17,4.35
PD001178,20240831,A005,R024,L003,Día,541,578,7.12,6.06,1.06
PD001179,20241112,A004,R006,L002,Tarde,760,800,11.21,9.02,2.19
PD001180,20240909,A004,R003,L007,Noche,200,209,6.43,5.31,1.12
PD001181,20241007,A001,R022,L004,Noche,550,480,6.32,5.08,1.25
PD001182,20240127,A006,R014,L003,Noche,878,878,11.49,9.06,2.42
PD001183,20240214,A003,R002,L007,Tarde,487,495,10.16,9.21,0.95
PD001184,20240323,A003,R001,L003,Tarde,451,475,8.31,7.1,1.21
PD001185,20240907,A004,R012,L004,Noche,83,72,9.99,9.02,0.97
PD001186,20240916,A006,R028,L003,Tarde,319,297,10.49,9.43,1.06
PD001187,20240915,A005,R019,L007,Día,193,150,11.16,10.23,0.93
PD001188,20240515,A006,R030,L004,Día,726,811,8.69,6.17,2.51
PD001189,20240110,A003,R014,L002,Tarde,456,453,10.7,7.71,2.99
PD001190,20240607,A003,R012,L004,Día,753,593,10.24,8.56,1.68
PD001191,20241206,A004,R004,L005,Noche,237,157,7.26,5.64,1.62
PD001192,20240714,A001,R001,L003,Tarde,838,597,11.69,9.4,2.3
PD001193,20240903,A004,R005,L007,Tarde,784,720,7.85,7.14,0.71
PD001194,20240104,A001,R005,L006,Día,502,383,9.96,7.29,2.67
PD001195,20241025,A006,R025,L007,Tarde,856,836,8.92,7.86,1.05
PD001196,20240606,A006,R005,L002,Noche,221,234,8.97,7.08,1.89
PD001197,20240202,A006,R030,L003,Noche,534,581,11.72,9.79,1.93
PD001198,20241031,A005,R008,L002,Tarde,854,950,7.36,5.4,1.96
PD001199,20241118,A006,R010,L006,Día,505,478,9.51,7.31,2.2
PD001200,20240907,A001,R011,L007,Noche,608,615,11.2,7.94,3.26
PD001201,20240610,A006,R028,L006,Noche,669,594,7.54,6.39,1.15
PD001202,20240718,A003,R024,L002,Día,91,89,9.35,8.05,1.3
PD001203,20240102,A003,R013,L006,Tarde,428,427,10.38,7.25,3.13
PD001204,20240321,A003,R009,L001,Día,100,103,10.18,8.43,1.74
PD001205,20240522,A004,R007,L003,Día,885,716,9.52,8.43,1.09
PD001206,20241116,A005,R021,L006,Noche,839,873,7.92,6.4,1.52
PD001207,20240921,A002,R026,L003,Noche,748,759,10.12,7.68,2.43
PD001208,20240402,A004,R023,L001,Día,314,242,10.86,9.84,1.02
PD001209,20240823,A002,R024,L007,Tarde,791,759,9.95,8.38,1.58
PD001210,20241108,A005,R023,L003,Tarde,364,334,10.28,7.21,3.07
PD001211,20240829,A004,R013,L004,Noche,765,895,10.94,7.39,3.55
PD001212,20240109,A005,R010,L005,Día,388,384,6.25,4.7,1.55
PD001213,20241128,A005,R003,L002,Día,640,574,6.35,4.22,2.14
PD001214,20240602,A002,R029,L005,Noche,205,181,6.82,6.06,0.77
PD001215,20240315,A001,R003,L001,Día,603,536,9.26,5.83,3.42
PD001216,20240325,A001,R023,L003,Tarde,867,646,10.67,6.25,4.42
PD001217,20240311,A004,R019,L001,Día,466,446,8.74,6.56,2.18
PD001218,20240507,A002,R015,L005,Tarde,616,629,8.95,6.34,2.61
PD001219,20241206,A003,R007,L006,Día,334,318,6.48,4.82,1.66
PD001220,20240324,A005,R023,L005,Día,834,917,8.07,6.13,1.95
PD001221,20240629,A001,R010,L002,Noche,770,519,7.71,4.87,2.84
PD001222,20240208,A006,R008,L007,Día,128,105,10.93,8.84,2.09
PD001223,20240421,A006,R002,L006,Tarde,236,213,10.73,8.76,1.97
PD001224,20240509,A001,R015,L006,Tarde,90,73,6.79,5.8,1.0
PD001225,20240723,A006,R026,L004,Día,189,183,11.64,7.78,3.86
PD001226,20241113,A005,R025,L005,Día,770,747,9.32,8.38,0.94
PD001227,20240911,A002,R027,L007,Tarde,535,521,9.75,6.46,3.29
PD001228,20241201,A005,R004,L004,Noche,192,167,7.94,7.16,0.78
PD001229,20240824,A003,R003,L001,Día,298,229,8.21,5.57,2.63
PD001230,20240515,A002,R001,L002,Noche,385,274,8.53,6.99,1.54
PD001231,20241216,A003,R023,L006,Noche,774,795,7.05,4.76,2.29
PD001232,20240828,A002,R013,L001,Día,784,517,10.08,7.73,2.34
PD001233,20240803,A005,R030,L001,Noche,200,195,8.47,7.01,1.45
PD001234,20240620,A004,R018,L007,Día,153,153,8.83,7.92,0.9
PD001235,20241226,A002,R004,L007,Día,577,584,9.56,6.98,2.58
PD001236,20240303,A001,R026,L001,Día,709,579,9.91,6.71,3.2
PD001237,20241023,A006,R019,L002,Tarde,439,409,7.78,6.2,1.58
PD001238,20240328,A006,R030,L003,Tarde,107,84,11.09,8.58,2.51
PD001239,20241211,A002,R021,L004,Tarde,663,572,7.52,6.49,1.03
PD001240,20241118,A001,R021,L007,Noche,234,195,8.96,6.0,2.97
PD001241,20240312,A004,R023,L004,Tarde,204,204,6.62,5.18,1.44
PD001242,20240410,A002,R025,L001,Día,537,433,7.43,6.69,0.74
PD001243,20240919,A006,R012,L007,Noche,735,609,10.52,7.41,3.11
PD001244,20240816,A006,R012,L004,Noche,593,701,9.17,7.11,2.06
PD001245,20241111,A003,R011,L007,Noche,306,244,7.77,5.32,2.45
PD001246,20240406,A003,R021,L006,Tarde,388,364,6.56,5.12,1.44
PD001247,20240426,A005,R022,L002,Noche,234,225,10.59,7.17,3.42
PD001248,20241130,A006,R018,L005,Día,855,905,8.71,6.49,2.22
PD001249,20241105,A003,R012,L004,Noche,168,177,11.66,10.08,1.58
PD001250,20241023,A001,R006,L001,Día,789,707,9.12,5.45,3.67
PD001251,20240921,A003,R010,L004,Día,587,559,7.7,6.76,0.94
PD001252,20241102,A004,R008,L001,Noche,270,271,8.48,6.92,1.56
PD001253,20240528,A001,R011,L001,Día,114,136,10.64,6.38,4.26
PD001254,20240927,A005,R017,L005,Día,849,1155,7.51,6.19,1.31
PD001255,20240613,A001,R018,L006,Tarde,429,322,8.66,7.69,0.98
PD001256,20240917,A001,R030,L001,Día,430,349,10.04,8.59,1.45
PD001257,20241018,A006,R029,L004,Día,734,692,11.77,10.2,1.57
PD001258,20240210,A003,R002,L005,Noche,182,190,11.91,10.78,1.13
PD001259,20240504,A003,R011,L004,Día,472,390,7.08,5.63,1.45
PD001260,20240228,A004,R004,L001,Tarde,59,61,7.84,6.42,1.42
PD001261,20240822,A002,R001,L001,Noche,127,122,11.32,9.26,2.06
PD001262,20240125,A005,R008,L002,Noche,763,576,7.26,5.6,1.66
PD001263,20240203,A004,R029,L003,Día,452,446,8.68,6.9,1.78
PD001264,20241207,A001,R022,L004,Noche,710,507,6.67,4.06,2.61
PD001265,20241228,A002,R008,L002,Día,261,279,10.46,8.87,1.59
PD001266,20240428,A003,R013,L002,Día,596,547,8.42,6.9,1.52
PD001267,20240528,A002,R030,L003,Noche,374,286,12.0,10.02,1.97
PD001268,20241017,A004,R012,L001,Día,246,217,9.31,8.19,1.12
PD001269,20240722,A001,R026,L003,Noche,137,119,8.83,6.41,2.41
PD001270,20241227,A006,R016,L006,Tarde,258,180,8.31,7.19,1.12
PD001271,20240327,A004,R023,L007,Tarde,62,63,9.38,7.64,1.73
PD001272,20240326,A004,R001,L002,Tarde,171,144,9.24,7.65,1.59
PD001273,20241219,A005,R014,L005,Noche,625,645,7.85,5.27,2.58
PD001274,20240727,A006,R030,L006,Noche,665,773,11.62,9.09,2.54
PD001275,20240126,A005,R030,L001,Tarde,325,352,11.14,7.68,3.46
PD001276,20240204,A001,R024,L006,Día,276,228,6.51,5.34,1.17
PD001277,20240824,A003,R009,L004,Día,678,718,7.8,6.56,1.24
PD001278,20240417,A006,R015,L005,Tarde,490,493,6.61,6.05,0.56
PD001279,20240912,A003,R016,L004,Noche,246,233,8.88,6.32,2.56
PD001280,20240520,A005,R025,L007,Tarde,222,292,10.81,9.35,1.46
PD001281,20240916,A002,R006,L005,Día,50,53,10.79,7.73,3.06
PD001282,20240706,A001,R017,L002,Tarde,656,448,10.93,9.55,1.38
PD001283,20240705,A005,R026,L002,Noche,546,530,7.49,6.44,1.05
PD001284,20240422,A005,R002,L004,Día,184,185,11.6,8.38,3.22
PD001285,20240825,A005,R012,L007,Tarde,177,176,11.65,8.67,2.98
PD001286,20240708,A005,R024,L001,Noche,485,457,7.76,5.36,2.39
PD001287,20241024,A006,R016,L001,Noche,796,783,8.44,6.52,1.92
PD001288,20240330,A004,R028,L001,Noche,616,566,10.93,9.41,1.52
PD001289,20240425,A006,R022,L007,Tarde,283,277,8.19,5.66,2.53
PD001290,20240813,A002,R022,L007,Tarde,879,1030,8.06,6.74,1.32
PD001291,20240207,A003,R022,L005,Noche,341,339,9.52,8.74,0.78
PD001292,20241221,A003,R004,L006,Noche,220,212,11.01,9.61,1.4
PD001293,20241012,A002,R014,L003,Día,254,280,7.13,5.43,1.7
PD001294,20240624,A001,R026,L005,Día,859,738,10.95,9.29,1.66
PD001295,20240809,A004,R013,L004,Día,125,114,10.81,9.63,1.18
PD001296,20240714,A006,R013,L003,Noche,880,707,11.61,10.64,0.96
PD001297,20240628,A003,R006,L006,Noche,51,39,7.05,5.17,1.88
PD001298,20240712,A005,R023,L003,Tarde,858,890,10.1,8.71,1.39
PD001299,20240329,A004,R021,L006,Día,290,371,10.38,8.51,1.86
PD001300,20240415,A006,R030,L007,Día,711,657,6.18,5.61,0.57
PD001301,20240222,A004,R010,L007,Noche,804,507,7.73,5.36,2.37
PD001302,20240816,A002,R007,L002,Día,311,340,11.37,10.16,1.21
PD001303,20240912,A006,R030,L001,Día,571,561,7.18,5.29,1.89
PD001304,20240314,A004,R011,L002,Noche,459,422,11.68,10.68,0.99
PD001305,20240725,A006,R018,L002,Tarde,840,666,8.92,7.06,1.85
PD001306,20240730,A002,R002,L001,Noche,84,93,6.58,5.69,0.89
PD001307,20240206,A003,R006,L003,Tarde,161,153,9.4,8.19,1.21
PD001308,20241202,A004,R026,L001,Día,401,428,7.66,5.26,2.4
PD001309,20240920,A004,R023,L002,Noche,498,471,10.7,8.67,2.04
PD001310,20240414,A004,R025,L006,Noche,166,194,6.45,5.74,0.71
PD001311,20241219,A002,R021,L004,Día,327,317,7.24,6.15,1.09
PD001312,20240325,A006,R019,L006,Tarde,102,88,11.58,8.96,2.61
PD001313,20240107,A004,R019,L002,Noche,800,807,6.08,4.6,1.48
PD001314,20241125,A003,R026,L001,Día,632,604,9.7,7.07,2.63
PD001315,20241218,A005,R018,L002,Día,388,312,9.98,9.18,0.8
PD001316,20240110,A006,R007,L003,Tarde,512,428,10.03,9.17,0.87
PD001317,20240516,A002,R019,L002,Noche,222,211,8.01,7.34,0.67
PD001318,20240720,A006,R006,L002,Día,357,397,7.61,6.9,0.71
PD001319,20240415,A002,R029,L002,Día,803,707,11.52,9.9,1.62
PD001320,20240402,A003,R017,L002,Tarde,758,811,11.32,10.1,1.22
PD001321,20240304,A006,R022,L003,Noche,157,145,9.34,7.22,2.12
PD001322,20241231,A002,R007,L001,Noche,80,89,11.94,8.83,3.11
PD001323,20240224,A005,R026,L003,Tarde,382,451,7.58,5.35,2.24
PD001324,20240817,A003,R008,L007,Tarde,246,239,9.25,6.2,3.05
PD001325,20241002,A004,R014,L002,Día,672,586,11.53,9.17,2.35
PD001326,20241229,A005,R022,L001,Noche,554,482,7.36,5.93,1.43
PD001327,20241216,A006,R003,L005,Tarde,131,140,8.44,7.38,1.06
PD001328,20240219,A005,R007,L003,Día,170,142,11.02,7.9,3.11
PD001329,20240930,A002,R004,L003,Noche,878,649,11.71,9.37,2.33
PD001330,20241013,A006,R001,L002,Tarde,751,821,6.01,4.87,1.14
PD001331,20240525,A005,R014,L003,Tarde,363,305,7.56,6.34,1.23
PD001332,20240607,A006,R026,L003,Noche,652,511,6.17,5.02,1.15
PD001333,20240426,A002,R014,L007,Noche,520,442,9.45,7.75,1.71
PD001334,20240214,A004,R030,L005,Día,706,649,7.08,5.15,1.93
PD001335,20240410,A002,R002,L006,Noche,898,715,9.83,6.9,2.93
PD001336,20240527,A003,R002,L003,Noche,667,539,10.48,9.5,0.99
PD001337,20240901,A006,R005,L005,Noche,682,664,7.3,6.45,0.85
PD001338,20240701,A001,R011,L006,Tarde,716,573,9.24,8.2,1.04
PD001339,20240411,A003,R001,L004,Noche,312,312,6.46,5.02,1.44
PD001340,20240519,A003,R022,L005,Tarde,642,654,11.72,10.1,1.62
PD001341,20241001,A005,R002,L004,Noche,882,770,10.08,8.31,1.77
PD001342,20240716,A003,R001,L005,Día,304,281,9.85,9.0,0.84
PD001343,20241228,A005,R006,L004,Día,504,526,10.86,8.8,2.06
PD001344,20240413,A006,R006,L006,Tarde,850,925,10.94,8.97,1.97
PD001345,20241218,A002,R004,L004,Noche,425,278,7.47,5.3,2.17
PD001346,20240311,A006,R015,L003,Noche,331,254,9.41,8.35,1.05
PD001347,20241127,A003,R006,L007,Día,502,486,7.8,6.76,1.04
PD001348,20240323,A004,R009,L001,Día,259,245,9.71,7.3,2.41
PD001349,20240929,A004,R008,L002,Tarde,90,82,7.76,6.09,1.67
PD001350,20240919,A006,R015,L004,Día,287,258,9.85,7.36,2.49
PD001351,20240929,A004,R007,L005,Noche,614,520,10.43,8.46,1.97
PD001352,20240515,A001,R014,L001,Noche,103,100,7.41,6.42,0.99
PD001353,20241226,A001,R006,L007,Noche,767,466,10.89,7.63,3.26
PD001354,20240528,A004,R002,L002,Día,63,59,7.09,5.4,1.69
PD001355,20240614,A006,R015,L002,Día,100,93,8.26,7.59,0.67
PD001356,20240507,A003,R016,L003,Tarde,87,91,6.41,5.75,0.66
PD001357,20241002,A005,R022,L001,Tarde,669,692,7.66,6.48,1.18
PD001358,20240202,A003,R015,L005,Noche,359,339,10.74,9.0,1.74
PD001359,20240522,A006,R010,L001,Día,578,529,6.57,5.78,0.79
PD001360,20241216,A002,R020,L002,Día,520,431,6.45,4.47,1.98
PD001361,20240917,A005,R005,L003,Tarde,92,100,7.27,5.88,1.39
PD001362,20240426,A005,R011,L001,Tarde,593,434,11.69,8.15,3.54
PD001363,20240327,A002,R010,L007,Día,247,203,8.05,6.35,1.7
PD001364,20240927,A001,R016,L004,Tarde,668,612,11.78,6.78,5.0
PD001365,20240430,A001,R003,L002,Noche,725,533,8.89,6.52,2.37
PD001366,20240602,A003,R011,L007,Día,189,193,8.06,6.33,1.74
PD001367,20240624,A006,R025,L005,Noche,135,149,11.7,10.01,1.69
PD001368,20241118,A002,R008,L005,Noche,329,357,11.61,7.83,3.78
PD001369,20240222,A001,R021,L002,Noche,334,252,11.84,6.76,5.08
PD001370,20240616,A002,R024,L001,Tarde,54,48,6.89,6.24,0.66
PD001371,20241027,A006,R021,L007,Noche,622,508,7.75,6.79,0.96
PD001372,20241125,A001,R006,L004,Noche,558,478,9.7,6.47,3.23
PD001373,20240918,A003,R028,L001,Noche,413,471,6.37,4.33,2.05
PD001374,20240612,A005,R011,L001,Día,639,605,11.45,10.17,1.28
PD001375,20240506,A001,R001,L003,Noche,725,625,7.9,6.09,1.81
PD001376,20240402,A001,R030,L001,Tarde,287,228,10.5,9.0,1.5
PD001377,20241121,A001,R021,L007,Noche,540,383,8.4,5.98,2.43
PD001378,20240225,A001,R028,L003,Noche,763,679,6.87,5.94,0.94
PD001379,20240320,A006,R021,L004,Tarde,93,71,10.02,8.32,1.7
PD001380,20240625,A003,R002,L005,Tarde,103,99,9.25,6.25,3.0
PD001381,20240527,A004,R009,L001,Tarde,435,446,10.42,7.2,3.22
PD001382,20240720,A002,R005,L007,Noche,179,191,8.33,5.61,2.72
PD001383,20240112,A004,R012,L005,Noche,856,961,10.13,9.23,0.9
PD001384,20241015,A005,R028,L007,Día,586,500,11.64,10.31,1.34
PD001385,20240219,A002,R023,L002,Noche,474,395,6.1,5.45,0.66
PD001386,20240902,A004,R021,L004,Tarde,725,649,11.41,8.56,2.85
PD001387,20240929,A001,R013,L002,Tarde,232,217,11.81,7.25,4.56
PD001388,20240605,A004,R022,L006,Noche,758,587,10.41,6.94,3.48
PD001389,20240212,A005,R022,L002,Noche,587,569,8.1,6.25,1.85
PD001390,20241222,A006,R009,L003,Noche,145,141,10.0,7.34,2.65
PD001391,20240518,A002,R007,L006,Día,411,359,9.18,8.2,0.98
PD001392,20241028,A005,R017,L004,Tarde,188,194,9.27,7.37,1.9
PD001393,20240523,A003,R007,L002,Tarde,236,185,8.86,6.76,2.1
PD001394,20241026,A004,R003,L007,Día,761,843,10.68,8.1,2.57
PD001395,20240323,A003,R026,L001,Tarde,178,181,8.9,7.7,1.2
PD001396,20240102,A006,R010,L005,Noche,703,643,10.19,8.54,1.66
PD001397,20240210,A001,R012,L003,Tarde,359,241,6.21,4.05,2.16
PD001398,20240313,A002,R018,L007,Día,140,131,6.63,5.33,1.3
PD001399,20240601,A002,R009,L004,Día,817,828,10.97,7.42,3.55
PD001400,20240531,A003,R002,L004,Tarde,517,454,10.99,8.22,2.77
PD001401,20240715,A003,R019,L003,Día,209,149,10.21,8.67,1.54
PD001402,20241012,A004,R002,L003,Noche,304,256,8.31,7.26,1.05
PD001403,20240413,A003,R012,L005,Día,878,1092,11.49,8.61,2.88
PD001404,20241221,A001,R025,L002,Tarde,350,258,7.79,4.7,3.09
PD001405,20240526,A006,R002,L007,Tarde,401,364,7.97,6.64,1.33
PD001406,20241215,A006,R022,L001,Noche,753,941,8.4,5.7,2.7
PD001407,20240519,A001,R006,L003,Noche,394,316,6.23,4.06,2.18
PD001408,20240720,A001,R025,L002,Noche,484,458,7.33,3.97,3.36
PD001409,20240917,A003,R023,L005,Noche,83,82,6.44,5.16,1.29
PD001410,20240204,A003,R011,L001,Tarde,832,877,9.19,7.07,2.12
PD001411,20240616,A006,R021,L005,Día,784,760,10.17,7.78,2.39
PD001412,20241007,A005,R006,L001,Tarde,751,637,9.54,7.07,2.47
PD001413,20240923,A003,R026,L003,Tarde,289,268,9.99,8.2,1.79
PD001414,20241024,A002,R003,L003,Día,269,257,10.92,8.2,2.72
PD001415,20240618,A004,R022,L003,Día,426,397,11.88,10.43,1.45
PD001416,20240325,A002,R020,L006,Día,857,738,6.76,4.65,2.11
PD001417,20240629,A004,R017,L004,Tarde,352,320,6.89,5.31,1.58
PD001418,20240416,A003,R005,L004,Tarde,187,167,11.07,9.34,1.73
PD001419,20240828,A005,R015,L005,Tarde,226,200,9.41,7.57,1.85
PD001420,20241130,A006,R009,L003,Día,764,847,11.73,7.84,3.89
PD001421,20240414,A005,R011,L004,Día,355,346,8.4,6.86,1.54
PD001422,20241128,A001,R004,L001,Tarde,514,319,10.42,5.79,4.63
PD001423,20240223,A004,R001,L001,Noche,474,367,8.04,5.87,2.17
PD001424,20241001,A001,R024,L004,Noche,110,88,10.07,8.0,2.08
PD001425,20241113,A004,R013,L003,Día,856,711,9.73,6.96,2.77
PD001426,20240910,A006,R020,L005,Día,318,290,9.3,6.4,2.89
PD001427,20240726,A004,R014,L002,Tarde,720,846,7.75,6.49,1.26
PD001428,20241219,A002,R015,L001,Noche,888,759,11.14,8.42,2.72
PD001429,20240426,A004,R024,L003,Noche,251,206,6.68,4.97,1.71
PD001430,20240730,A006,R028,L004,Tarde,295,291,11.16,9.13,2.03
PD001431,20241120,A004,R004,L001,Tarde,692,587,7.56,5.47,2.08
PD001432,20240317,A003,R010,L005,Día,89,64,10.79,8.5,2.29
PD001433,20240521,A001,R017,L004,Noche,894,661,11.74,8.53,3.21
PD001434,20240731,A002,R028,L005,Tarde,393,295,6.46,5.72,0.74
PD001435,20241125,A006,R010,L007,Tarde,231,193,8.93,7.06,1.87
PD001436,20241121,A004,R013,L007,Tarde,775,764,11.81,10.11,1.7
PD001437,20240815,A006,R028,L005,Día,151,117,6.12,4.7,1.42
PD001438,20241228,A001,R009,L002,Tarde,339,321,6.13,4.77,1.36
PD001439,20240807,A003,R008,L005,Noche,777,714,8.87,6.46,2.42
PD001440,20241105,A003,R018,L003,Día,640,727,9.14,6.67,2.47
PD001441,20241218,A001,R006,L003,Tarde,603,480,9.8,6.61,3.19
PD001442,20241019,A001,R024,L001,Tarde,261,197,10.26,7.76,2.5
PD001443,20241007,A004,R030,L005,Noche,405,386,6.98,6.38,0.61
PD001444,20240920,A001,R015,L001,Tarde,818,728,7.3,5.59,1.71
PD001445,20240505,A002,R012,L001,Día,630,701,6.36,5.16,1.21
PD001446,20240317,A001,R030,L003,Tarde,865,583,6.19,4.05,2.15
PD001447,20240314,A005,R004,L002,Noche,896,850,8.27,6.66,1.61
PD001448,20240705,A003,R020,L005,Noche,862,807,11.19,8.42,2.77
PD001449,20240105,A002,R016,L005,Tarde,462,502,9.46,7.25,2.22
PD001450,20241128,A006,R020,L002,Tarde,261,254,8.46,7.17,1.28
PD001451,20240527,A004,R010,L007,Noche,258,217,6.54,4.7,1.83
PD001452,20241129,A003,R019,L004,Noche,553,527,10.4,7.61,2.79
PD001453,20240313,A004,R011,L006,Noche,449,343,11.38,9.97,1.41
PD001454,20241217,A004,R023,L003,Tarde,361,408,6.41,5.06,1.35
PD001455,20240605,A006,R022,L002,Noche,825,718,10.12,9.16,0.96
PD001456,20240415,A005,R008,L005,Tarde,375,301,9.84,8.05,1.79
PD001457,20240409,A003,R013,L001,Noche,120,125,11.43,10.23,1.2
PD001458,20241111,A004,R011,L007,Noche,681,690,9.23,8.0,1.23
PD001459,20240117,A006,R009,L001,Noche,517,609,6.81,5.58,1.23
PD001460,20240116,A004,R030,L006,Noche,383,372,8.76,5.95,2.81
PD001461,20240930,A003,R011,L005,Noche,172,174,11.78,9.22,2.56
PD001462,20240825,A004,R029,L002,Noche,638,641,9.79,8.36,1.43
PD001463,20240503,A005,R011,L003,Noche,824,736,6.52,5.65,0.88
PD001464,20240515,A001,R020,L001,Día,895,669,9.03,6.69,2.34
PD001465,20240902,A006,R018,L003,Noche,778,842,9.7,7.19,2.5
PD001466,20241215,A006,R015,L001,Día,177,151,7.04,5.67,1.37
PD001467,20241222,A001,R014,L007,Noche,666,465,10.9,6.27,4.63
PD001468,20240322,A003,R017,L006,Noche,497,338,6.28,4.5,1.78
PD001469,20240616,A005,R026,L004,Noche,187,191,10.38,7.63,2.75
PD001470,20240506,A001,R001,L006,Noche,783,730,8.75,7.72,1.03
PD001471,20241127,A003,R018,L005,Noche,776,874,9.22,6.82,2.41
PD001472,20240127,A003,R026,L002,Tarde,888,871,8.74,7.39,1.34
PD001473,20241228,A002,R010,L003,Noche,58,48,7.12,6.24,0.88
PD001474,20240124,A001,R030,L005,Noche,879,623,9.09,7.61,1.47
PD001475,20240330,A005,R010,L007,Día,612,779,6.09,4.3,1.79
PD001476,20240401,A006,R006,L002,Día,838,653,11.83,9.0,2.83
PD001477,20241225,A006,R026,L007,Día,72,69,7.31,5.35,1.96
PD001478,20241003,A001,R010,L006,Tarde,711,454,10.12,7.33,2.79
PD001479,20240527,A001,R023,L001,Día,389,334,9.05,5.23,3.83
PD001480,20240213,A004,R018,L004,Día,747,680,7.27,4.88,2.38
PD001481,20240521,A001,R023,L007,Noche,444,355,7.85,4.97,2.89
PD001482,20240714,A002,R010,L006,Tarde,682,520,7.32,4.91,2.41
PD001483,20241211,A001,R022,L005,Noche,329,230,11.26,6.31,4.95
PD001484,20241011,A002,R001,L007,Noche,705,484,6.96,6.14,0.82
PD001485,20241125,A004,R007,L004,Noche,546,467,6.4,4.95,1.45
PD001486,20240416,A006,R012,L003,Noche,398,403,9.61,7.05,2.55
PD001487,20240331,A005,R007,L005,Día,413,332,8.12,6.82,1.29
PD001488,20240810,A005,R020,L005,Noche,834,921,8.57,6.62,1.95
PD001489,20240421,A003,R017,L002,Tarde,634,537,8.85,7.6,1.25
PD001490,20240722,A001,R029,L007,Noche,501,335,11.8,7.32,4.48
PD001491,20240809,A003,R010,L003,Tarde,188,153,6.71,5.79,0.92
PD001492,20241103,A002,R024,L007,Día,107,123,6.24,4.78,1.46
PD001493,20240804,A003,R018,L004,Tarde,200,139,11.06,7.67,3.38
PD001494,20240218,A003,R006,L007,Día,380,371,10.29,7.05,3.24
PD001495,20240509,A004,R006,L006,Día,168,154,7.11,5.96,1.15
PD001496,20240204,A001,R010,L004,Día,661,591,9.1,7.14,1.96
PD001497,20241115,A002,R011,L007,Tarde,502,445,6.43,5.66,0.78
PD001498,20241127,A003,R014,L004,Noche,630,576,9.72,7.87,1.84
PD001499,20240214,A002,R014,L002,Día,116,102,9.67,6.71,2.97
PD001500,20241128,A006,R025,L003,Tarde,434,411,9.89,9.03,0.86
PD001501,20240515,A002,R019,L006,Día,217,222,7.69,6.11,1.58
PD001502,20240227,A006,R008,L002,Tarde,352,328,9.28,6.41,2.87
PD001503,20240422,A004,R019,L006,Día,141,116,9.61,7.81,1.8
PD001504,20240401,A003,R019,L002,Día,55,49,6.81,5.23,1.57
PD001505,20241021,A005,R014,L001,Noche,512,514,11.76,7.98,3.78
PD001506,20240522,A006,R012,L007,Día,833,852,11.08,7.75,3.33
PD001507,20240129,A004,R028,L005,Tarde,849,983,11.31,8.11,3.19
PD001508,20240916,A002,R010,L003,Tarde,139,124,10.57,8.19,2.38
PD001509,20240728,A002,R022,L006,Día,107,101,10.75,9.15,1.6
PD001510,20240923,A003,R009,L006,Noche,226,222,8.81,6.54,2.27
PD001511,20241016,A006,R030,L007,Día,117,120,8.95,7.27,1.69
PD001512,20241104,A005,R003,L005,Día,346,353,11.06,7.7,3.36
PD001513,20240706,A004,R012,L007,Día,336,262,6.53,5.2,1.33
PD001514,20240111,A006,R010,L004,Tarde,553,410,7.14,4.82,2.32
PD001515,20240505,A004,R019,L002,Tarde,533,525,8.21,5.64,2.57
PD001516,20240208,A001,R010,L005,Día,555,351,8.6,5.2,3.4
PD001517,20240114,A005,R016,L007,Tarde,707,590,11.01,8.87,2.15
PD001518,20240718,A002,R011,L003,Día,430,387,11.89,9.18,2.71
PD001519,20240621,A005,R027,L001,Día,637,460,10.84,9.26,1.58
PD001520,20241002,A003,R003,L004,Noche,407,369,6.59,6.03,0.57
PD001521,20240514,A003,R017,L001,Día,533,477,9.28,7.13,2.15
PD001522,20240810,A003,R016,L006,Tarde,372,329,10.31,8.01,2.3
PD001523,20240803,A005,R027,L005,Día,511,405,9.33,7.16,2.17
PD001524,20241014,A006,R026,L002,Tarde,355,403,8.66,6.19,2.47
PD001525,20240718,A004,R030,L005,Noche,332,363,8.55,7.81,0.74
PD001526,20240920,A003,R020,L003,Día,587,669,9.75,7.38,2.37
PD001527,20240508,A006,R020,L004,Día,704,568,9.81,8.78,1.03
PD001528,20240421,A006,R028,L005,Tarde,448,445,7.84,5.95,1.89
PD001529,20240827,A003,R012,L005,Tarde,443,533,8.5,7.46,1.04
PD001530,20240715,A001,R007,L004,Noche,115,99,6.92,3.91,3.01
PD001531,20240516,A005,R020,L007,Tarde,496,484,11.3,7.75,3.55
PD001532,20241202,A005,R025,L007,Día,740,684,11.22,7.43,3.79
PD001533,20240429,A006,R007,L003,Tarde,53,50,9.96,8.29,1.67
PD001534,20241118,A004,R002,L003,Día,400,467,11.85,9.79,2.06
PD001535,20240308,A006,R004,L003,Noche,198,149,8.92,5.95,2.97
PD001536,20241216,A004,R030,L001,Noche,286,261,11.28,9.83,1.45
PD001537,20240318,A004,R004,L005,Día,771,803,10.47,7.96,2.5
PD001538,20240924,A003,R010,L005,Noche,536,464,7.06,6.18,0.89
PD001539,20240513,A005,R024,L004,Noche,750,763,11.2,10.02,1.19
PD001540,20240408,A002,R014,L007,Tarde,206,200,7.01,5.75,1.26
PD001541,20241230,A005,R014,L001,Tarde,492,527,9.73,7.17,2.55
PD001542,20240601,A001,R004,L004,Noche,67,49,7.04,5.33,1.71
PD001543,20240102,A005,R023,L002,Noche,313,279,11.72,9.72,2.0
PD001544,20240912,A001,R006,L003,Día,90,63,9.98,6.6,3.38
PD001545,20240719,A001,R010,L003,Día,647,447,6.77,5.86,0.91
PD001546,20240512,A005,R011,L003,Tarde,669,645,6.66,4.52,2.14
PD001547,20240301,A005,R020,L003,Día,60,61,7.15,4.91,2.23
PD001548,20240110,A002,R017,L003,Día,834,806,9.26,8.39,0.88
PD001549,20240920,A002,R007,L002,Día,463,419,6.3,5.24,1.07
PD001550,20240318,A003,R029,L002,Tarde,490,400,11.61,8.66,2.95
PD001551,20240611,A003,R025,L001,Día,381,372,7.2,6.4,0.8
PD001552,20240410,A005,R008,L007,Tarde,778,618,8.98,8.13,0.85
PD001553,20240121,A006,R010,L007,Noche,208,209,10.22,6.98,3.25
PD001554,20241029,A002,R025,L004,Día,787,716,10.49,7.29,3.2
PD001555,20240912,A004,R008,L007,Tarde,634,570,9.01,8.18,0.83
PD001556,20240221,A006,R010,L004,Tarde,795,696,6.67,4.84,1.83
PD001557,20241110,A004,R006,L005,Día,261,251,7.12,5.86,1.26
PD001558,20241020,A003,R029,L006,Tarde,428,392,11.29,8.13,3.16
PD001559,20240222,A004,R012,L007,Día,166,149,6.22,5.34,0.89
PD001560,20240426,A004,R024,L004,Noche,451,448,8.44,7.1,1.34
PD001561,20240113,A003,R007,L002,Día,753,678,8.61,6.88,1.73
PD001562,20240318,A001,R008,L002,Noche,299,237,11.8,7.63,4.17
PD001563,20240818,A004,R017,L004,Tarde,541,578,10.85,9.11,1.73
PD001564,20240526,A001,R012,L002,Tarde,455,386,10.36,7.43,2.94
PD001565,20240602,A002,R025,L003,Noche,356,336,8.91,8.06,0.85
PD001566,20241018,A006,R019,L003,Día,142,99,10.06,6.78,3.28
PD001567,20240726,A002,R026,L007,Día,772,778,7.49,6.32,1.16
PD001568,20241008,A003,R021,L004,Día,518,377,7.38,6.33,1.06
PD001569,20241102,A004,R012,L006,Noche,594,584,10.14,7.23,2.91
PD001570,20240731,A003,R023,L004,Día,393,351,8.24,5.92,2.32
PD001571,20240901,A004,R029,L006,Tarde,804,732,9.05,7.55,1.5
PD001572,20240306,A001,R002,L006,Noche,286,210,7.66,4.39,3.28
PD001573,20240618,A004,R023,L005,Tarde,676,571,6.83,6.02,0.81
PD001574,20241013,A002,R001,L007,Noche,581,390,8.66,7.13,1.54
PD001575,20240922,A001,R011,L006,Tarde,252,211,11.94,10.32,1.61
PD001576,20240925,A005,R018,L006,Noche,869,802,6.6,4.87,1.72
PD001577,20240623,A001,R026,L003,Día,161,121,9.06,5.21,3.85
PD001578,20240620,A005,R021,L006,Noche,891,601,7.76,5.75,2.01
PD001579,20240829,A002,R004,L002,Día,353,313,8.49,5.92,2.56
PD001580,20240305,A001,R025,L004,Tarde,830,578,9.51,6.37,3.14
PD001581,20241223,A001,R017,L004,Día,584,340,8.38,7.43,0.96
PD001582,20240228,A002,R018,L002,Día,72,71,6.86,5.4,1.46
PD001583,20240907,A004,R015,L007,Noche,268,234,8.11,6.73,1.38
PD001584,20240205,A004,R010,L006,Noche,392,490,9.27,6.22,3.05
PD001585,20241124,A002,R024,L001,Noche,61,56,10.44,7.51,2.93
PD001586,20240716,A003,R023,L006,Noche,793,706,7.15,4.91,2.23
PD001587,20240930,A004,R003,L001,Noche,108,122,9.27,6.91,2.36
PD001588,20240412,A001,R004,L005,Tarde,536,381,11.3,8.85,2.45
PD001589,20241211,A003,R014,L003,Tarde,363,343,11.9,8.08,3.82
PD001590,20240818,A005,R026,L002,Tarde,58,64,7.86,5.47,2.39
PD001591,20240917,A002,R019,L004,Tarde,611,585,7.34,6.1,1.23
PD001592,20240621,A002,R016,L006,Día,341,306,11.02,7.49,3.52
PD001593,20240402,A002,R013,L006,Noche,829,908,11.74,9.76,1.99
PD001594,20240708,A001,R026,L001,Noche,559,428,11.4,7.44,3.96
PD001595,20240101,A006,R030,L005,Día,711,851,8.27,6.19,2.08
PD001596,20241014,A001,R022,L004,Tarde,345,326,10.33,8.36,1.97
PD001597,20241102,A001,R028,L002,Tarde,383,282,7.57,4.12,3.45
PD001598,20241212,A004,R001,L002,Noche,561,534,9.54,6.89,2.64
PD001599,20240220,A001,R025,L006,Día,623,485,9.81,5.7,4.1
PD001600,20240302,A002,R024,L002,Tarde,267,222,10.46,8.61,1.84
PD001601,20241213,A001,R012,L007,Día,57,45,11.9,6.61,5.29
PD001602,20241201,A004,R016,L006,Tarde,890,971,10.52,8.48,2.04
PD001603,20240412,A004,R012,L004,Noche,121,129,6.01,5.0,1.01
PD001604,20240103,A003,R002,L001,Día,300,256,8.69,7.26,1.43
PD001605,20240305,A003,R023,L002,Día,872,754,10.35,7.98,2.37
PD001606,20240822,A003,R001,L006,Tarde,219,231,11.45,8.3,3.15
PD001607,20240216,A003,R021,L005,Día,261,223,7.01,4.91,2.11
PD001608,20241106,A006,R005,L003,Noche,376,317,6.58,5.06,1.52
PD001609,20240605,A003,R017,L002,Noche,601,507,8.27,7.06,1.21
PD001610,20241204,A001,R009,L002,Noche,536,406,10.05,8.87,1.19
PD001611,20241101,A006,R030,L005,Día,297,323,9.75,6.7,3.06
PD001612,20240109,A001,R004,L003,Día,688,508,7.4,6.42,0.98
PD001613,20240625,A005,R027,L003,Tarde,502,448,8.39,7.1,1.28
PD001614,20240512,A004,R028,L003,Tarde,646,706,10.22,9.1,1.12
PD001615,20240325,A005,R020,L006,Día,482,418,9.5,7.67,1.83
PD001616,20241009,A001,R007,L004,Tarde,115,83,10.62,5.95,4.67
PD001617,20240517,A002,R025,L005,Tarde,485,441,6.68,4.64,2.04
PD001618,20240131,A003,R019,L007,Tarde,493,448,11.92,9.5,2.41
PD001619,20240817,A006,R015,L002,Noche,303,296,9.53,6.88,2.65
PD001620,20240916,A001,R001,L002,Día,535,494,6.0,4.88,1.13
PD001621,20240628,A005,R020,L003,Noche,420,340,10.3,7.1,3.2
PD001622,20240712,A006,R020,L004,Noche,889,805,6.33,5.63,0.7
PD001623,20241211,A006,R007,L004,Noche,581,597,7.19,5.38,1.81
PD001624,20240417,A006,R002,L005,Día,718,749,9.85,8.95,0.9
PD001625,20241120,A005,R016,L001,Día,723,859,7.92,6.43,1.49
PD001626,20240608,A005,R007,L004,Noche,463,492,11.14,9.48,1.66
PD001627,20240318,A002,R012,L003,Noche,121,109,11.33,8.5,2.83
PD001628,20240206,A004,R005,L005,Día,131,121,10.15,6.73,3.42
PD001629,20240706,A005,R016,L001,Noche,557,469,11.46,9.48,1.98
PD001630,20240419,A004,R025,L003,Día,572,532,6.28,4.29,1.99
PD001631,20240911,A002,R002,L007,Noche,647,659,8.47,6.44,2.02
PD001632,20240324,A006,R013,L002,Noche,295,277,8.91,6.17,2.75
PD001633,20241109,A002,R021,L001,Tarde,713,660,8.01,6.6,1.41
PD001634,20240915,A004,R015,L007,Noche,79,81,7.77,6.11,1.66
PD001635,20240705,A004,R025,L002,Tarde,559,588,7.63,6.86,0.77
PD001636,20241209,A006,R024,L007,Noche,139,144,9.56,8.23,1.33
PD001637,20240104,A006,R017,L004,Noche,239,256,8.79,7.84,0.95
PD001638,20241027,A003,R004,L006,Tarde,411,399,10.81,8.38,2.43
PD001639,20240803,A001,R020,L006,Noche,679,475,8.82,7.16,1.65
PD001640,20240625,A005,R013,L005,Día,697,617,6.94,4.87,2.07
PD001641,20241103,A003,R023,L006,Tarde,524,472,10.5,8.23,2.28
PD001642,20240415,A001,R002,L002,Noche,776,572,6.41,4.84,1.56
PD001643,20240501,A001,R022,L005,Día,65,54,8.94,7.8,1.14
PD001644,20240317,A004,R027,L007,Tarde,207,201,7.6,6.08,1.52
PD001645,20240128,A006,R027,L001,Día,81,66,9.81,7.89,1.92
PD001646,20240220,A005,R015,L007,Noche,418,431,9.48,8.45,1.03
PD001647,20241028,A002,R029,L007,Tarde,802,792,7.72,5.36,2.37
PD001648,20240202,A003,R029,L001,Noche,589,586,10.54,9.44,1.1
PD001649,20240616,A005,R003,L006,Tarde,787,954,7.88,6.93,0.95
PD001650,20241019,A006,R023,L006,Noche,333,411,10.26,8.31,1.95
PD001651,20240423,A001,R005,L002,Tarde,633,572,6.5,3.8,2.7
PD001652,20241018,A002,R012,L006,Noche,684,630,10.95,9.59,1.36
PD001653,20240126,A006,R013,L005,Noche,82,85,11.48,8.62,2.86
PD001654,20241130,A005,R021,L003,Noche,103,67,6.13,5.35,0.78
PD001655,20240526,A004,R004,L004,Día,758,586,11.66,9.47,2.19
PD001656,20241103,A001,R002,L004,Día,684,542,7.79,5.36,2.44
PD001657,20240922,A005,R026,L002,Noche,154,135,8.59,7.25,1.34
PD001658,20240909,A002,R014,L003,Tarde,678,593,9.01,7.84,1.17
PD001659,20240922,A006,R017,L007,Noche,494,529,10.86,7.45,3.41
PD001660,20240106,A001,R012,L003,Día,79,68,7.74,5.24,2.5
PD001661,20240313,A006,R019,L005,Tarde,646,613,9.3,7.56,1.74
PD001662,20240702,A006,R007,L005,Noche,222,219,6.99,5.89,1.1
PD001663,20240830,A006,R013,L001,Noche,165,172,10.4,6.92,3.48
PD001664,20240911,A006,R021,L005,Tarde,591,669,10.03,8.06,1.97
PD001665,20240722,A005,R020,L005,Día,339,262,8.93,6.95,1.99
PD001666,20241227,A002,R006,L002,Noche,436,438,11.84,7.82,4.02
PD001667,20240825,A001,R030,L003,Día,823,679,8.2,4.52,3.68
PD001668,20240214,A002,R006,L006,Día,288,198,6.3,4.56,1.74
PD001669,20240219,A006,R015,L004,Noche,656,669,11.31,9.7,1.61
PD001670,20241211,A004,R021,L002,Tarde,235,219,9.48,7.34,2.14
PD001671,20240828,A001,R004,L002,Día,574,389,11.41,8.61,2.79
PD001672,20240127,A005,R030,L006,Día,508,461,11.33,8.49,2.85
PD001673,20240614,A002,R012,L004,Noche,85,99,10.81,8.38,2.43
PD001674,20240618,A005,R001,L002,Día,281,201,6.46,5.87,0.59
PD001675,20240920,A003,R003,L005,Tarde,301,312,11.01,9.9,1.11
PD001676,20240715,A002,R018,L001,Día,365,297,12.0,10.01,1.99
PD001677,20241203,A005,R006,L001,Tarde,373,445,9.8,8.06,1.74
PD001678,20240701,A005,R004,L005,Noche,103,131,11.99,10.86,1.13
PD001679,20240618,A002,R004,L004,Día,102,86,9.26,8.44,0.83
PD001680,20240529,A001,R022,L002,Día,450,353,6.24,3.72,2.52
PD001681,20240704,A003,R007,L005,Día,220,228,8.44,7.38,1.06
PD001682,20241014,A003,R025,L005,Tarde,275,301,7.62,5.61,2.01
PD001683,20241022,A005,R006,L004,Noche,647,652,6.47,4.67,1.8
PD001684,20240203,A004,R013,L001,Noche,738,563,8.21,6.47,1.73
PD001685,20240915,A003,R020,L003,Día,162,134,6.71,6.15,0.56
PD001686,20240831,A005,R022,L007,Tarde,448,429,9.28,7.59,1.7
PD001687,20241127,A006,R005,L005,Tarde,161,141,10.1,7.55,2.54
PD001688,20240621,A005,R023,L003,Tarde,298,283,6.32,4.53,1.79
PD001689,20240316,A005,R023,L005,Día,384,303,9.21,6.49,2.72
PD001690,20240823,A001,R023,L002,Tarde,346,245,10.26,8.93,1.33
PD001691,20241115,A005,R022,L001,Noche,839,663,6.94,5.63,1.31
PD001692,20240515,A003,R014,L004,Tarde,201,204,11.7,9.04,2.66
PD001693,20240422,A003,R009,L007,Noche,580,600,11.6,7.98,3.62
PD001694,20241107,A005,R010,L007,Tarde,220,207,11.08,7.97,3.11
PD001695,20240724,A002,R010,L005,Tarde,242,178,10.09,7.35,2.75
PD001696,20240601,A005,R028,L006,Día,108,105,8.0,6.87,1.12
PD001697,20240319,A005,R026,L005,Día,691,643,8.54,6.77,1.77
PD001698,20240322,A002,R023,L003,Tarde,616,677,11.34,8.23,3.11
PD001699,20240104,A001,R006,L005,Día,65,51,8.58,5.81,2.78
PD001700,20240412,A001,R023,L005,Día,482,315,8.02,5.92,2.1
PD001701,20240505,A006,R003,L004,Día,226,215,9.13,7.01,2.11
PD001702,20241010,A001,R023,L007,Día,189,137,9.08,7.18,1.9
PD001703,20240713,A004,R013,L006,Tarde,294,256,10.74,8.67,2.08
PD001704,20240408,A002,R029,L001,Noche,494,437,8.33,6.69,1.64
PD001705,20240715,A003,R023,L005,Día,893,801,7.88,5.62,2.26
PD001706,20240827,A002,R018,L003,Tarde,579,524,8.77,7.39,1.38
PD001707,20240130,A001,R022,L006,Día,246,191,10.87,7.81,3.05
PD001708,20241028,A003,R029,L003,Día,872,900,11.5,7.69,3.82
PD001709,20240905,A004,R001,L007,Noche,691,549,8.54,7.33,1.2
PD001710,20240426,A001,R027,L001,Día,220,186,9.07,7.44,1.63
PD001711,20240729,A004,R010,L005,Tarde,627,545,10.69,8.14,2.55
PD001712,20241208,A003,R007,L002,Día,258,223,7.84,6.0,1.85
PD001713,20240726,A004,R011,L004,Día,455,475,7.2,5.53,1.67
PD001714,20240829,A001,R009,L002,Día,459,434,10.37,7.04,3.33
PD001715,20240711,A006,R016,L004,Día,607,592,8.6,6.78,1.82
PD001716,20241127,A001,R012,L003,Día,504,450,7.73,4.81,2.92
PD001717,20240718,A005,R016,L007,Día,587,674,7.47,5.64,1.83
PD001718,20241021,A004,R006,L005,Día,259,267,9.13,8.19,0.94
PD001719,20240120,A003,R012,L005,Noche,805,771,8.51,5.95,2.56
PD001720,20241119,A005,R018,L004,Día,711,748,11.91,8.87,3.04
PD001721,20241126,A005,R010,L005,Noche,98,79,11.07,9.01,2.07
PD001722,20241204,A001,R011,L002,Día,664,452,11.27,7.63,3.64
PD001723,20240214,A002,R026,L002,Tarde,781,730,11.64,8.86,2.79
PD001724,20240405,A002,R008,L005,Tarde,53,51,6.1,5.4,0.7
PD001725,20241225,A001,R010,L006,Tarde,279,176,8.76,5.48,3.28
PD001726,20240104,A004,R017,L001,Tarde,843,634,6.88,5.07,1.81
PD001727,20240502,A006,R024,L002,Noche,658,597,10.23,7.21,3.03
PD001728,20240117,A006,R004,L003,Tarde,372,366,10.71,8.32,2.39
PD001729,20241201,A004,R010,L007,Tarde,519,585,6.6,5.72,0.88
PD001730,20240601,A003,R014,L006,Noche,632,590,9.12,6.3,2.83
PD001731,20240520,A004,R020,L004,Día,730,722,9.96,8.4,1.56
PD001732,20241018,A006,R011,L004,Tarde,428,402,9.24,7.6,1.65
PD001733,20240210,A004,R026,L005,Día,804,995,6.3,4.17,2.13
PD001734,20240423,A001,R019,L003,Noche,407,309,8.09,6.62,1.47
PD001735,20240619,A005,R005,L005,Día,261,214,10.51,8.64,1.86
PD001736,20240128,A004,R001,L007,Tarde,357,357,7.26,6.12,1.14
PD001737,20240513,A005,R013,L007,Día,666,635,7.15,4.87,2.28
PD001738,20240119,A004,R009,L004,Tarde,85,77,9.36,7.22,2.14
PD001739,20240526,A005,R019,L006,Día,554,476,10.97,9.85,1.12
PD001740,20241002,A005,R017,L005,Día,833,787,10.44,8.94,1.5
PD001741,20240816,A003,R011,L002,Tarde,224,200,10.1,8.01,2.08
PD001742,20240605,A001,R006,L006,Noche,585,469,11.16,6.55,4.62
PD001743,20241130,A002,R011,L001,Día,405,396,9.66,6.84,2.82
PD001744,20240318,A005,R004,L002,Noche,92,93,8.63,7.48,1.15
PD001745,20241208,A002,R005,L007,Tarde,780,719,9.7,7.62,2.09
PD001746,20240722,A001,R014,L007,Noche,778,624,9.82,6.97,2.85
PD001747,20240630,A001,R028,L002,Noche,577,464,9.87,5.61,4.25
PD001748,20240413,A003,R016,L004,Noche,708,720,11.4,8.35,3.05
PD001749,20240822,A006,R006,L002,Noche,536,513,11.86,8.14,3.72
PD001750,20241213,A003,R014,L004,Noche,240,203,9.46,6.49,2.97
PD001751,20240502,A005,R007,L004,Noche,519,357,9.89,8.73,1.17
PD001752,20240915,A004,R025,L002,Noche,319,335,7.25,4.83,2.42
PD001753,20240514,A003,R026,L001,Día,672,548,10.62,9.68,0.94
PD001754,20240211,A004,R014,L002,Noche,111,88,6.86,5.31,1.55
PD001755,20240226,A006,R013,L006,Tarde,378,382,8.98,6.01,2.97
PD001756,20240417,A005,R025,L005,Tarde,404,303,6.88,4.97,1.91
PD001757,20240909,A004,R004,L005,Día,331,285,9.29,8.07,1.22
PD001758,20240731,A003,R017,L007,Día,487,506,9.22,8.41,0.81
PD001759,20241109,A002,R022,L006,Día,710,706,9.18,6.35,2.83
PD001760,20240516,A004,R023,L004,Día,485,432,7.25,5.34,1.91
PD001761,20240109,A006,R005,L005,Tarde,444,397,9.26,6.73,2.53
PD001762,20240322,A004,R024,L003,Noche,633,534,10.68,7.63,3.05
PD001763,20240620,A002,R018,L002,Noche,266,237,7.58,6.74,0.84
PD001764,20240317,A003,R009,L005,Tarde,786,698,9.06,7.66,1.41
PD001765,20240401,A002,R023,L002,Día,387,360,10.14,8.4,1.75
PD001766,20241207,A003,R010,L006,Noche,166,173,10.75,9.17,1.59
PD001767,20241110,A005,R004,L005,Tarde,459,454,9.82,6.58,3.24
PD001768,20240603,A006,R008,L004,Noche,676,627,10.67,9.06,1.61
PD001769,20240711,A003,R015,L001,Tarde,636,555,7.65,5.52,2.13
PD001770,20240313,A002,R013,L002,Noche,884,913,7.83,5.83,2.0
PD001771,20240407,A003,R030,L007,Tarde,562,601,8.09,7.26,0.83
PD001772,20241110,A005,R015,L006,Día,423,399,11.33,9.94,1.39
PD001773,20240925,A004,R020,L003,Día,148,147,10.1,7.61,2.49
PD001774,20240628,A005,R023,L007,Tarde,349,228,11.66,9.07,2.58
PD001775,20240423,A003,R008,L007,Día,232,200,8.19,6.14,2.05
PD001776,20241016,A002,R005,L004,Tarde,204,157,8.56,6.13,2.43
PD001777,20241228,A006,R010,L002,Noche,395,379,9.91,8.49,1.42
PD001778,20240211,A006,R006,L002,Día,191,152,11.74,8.77,2.97
PD001779,20240407,A005,R029,L001,Día,854,1104,7.29,5.85,1.44
PD001780,20240821,A003,R002,L006,Tarde,124,128,7.89,6.29,1.6
PD001781,20240324,A001,R019,L002,Noche,170,149,7.54,4.48,3.06
PD001782,20241222,A002,R021,L006,Noche,829,727,8.13,7.03,1.11
PD001783,20240305,A006,R030,L002,Tarde,348,309,10.23,9.0,1.23
PD001784,20240427,A006,R030,L007,Tarde,524,509,11.73,8.68,3.05
PD001785,20241022,A005,R022,L007,Día,290,344,11.86,8.75,3.11
PD001786,20240720,A004,R012,L003,Tarde,141,146,10.03,7.43,2.6
PD001787,20240106,A001,R021,L007,Noche,335,254,11.06,9.85,1.21
PD001788,20241128,A005,R015,L007,Tarde,745,676,9.48,8.31,1.17
PD001789,20240508,A006,R007,L006,Noche,373,262,11.12,9.53,1.59
PD001790,20241006,A006,R006,L006,Día,716,635,7.84,7.07,0.77
PD001791,20240201,A002,R007,L004,Tarde,650,573,7.65,6.65,1.0
PD001792,20240320,A002,R001,L006,Noche,117,107,7.83,6.72,1.11
PD001793,20240424,A005,R019,L004,Tarde,613,570,9.17,8.24,0.93
PD001794,20240722,A005,R020,L003,Noche,467,446,7.07,5.49,1.58
PD001795,20240512,A006,R007,L004,Día,623,526,10.74,9.19,1.54
PD001796,20241129,A002,R013,L007,Noche,611,640,9.59,7.07,2.51
PD001797,20240406,A001,R008,L001,Día,354,316,6.16,4.98,1.18
PD001798,20241106,A001,R022,L005,Tarde,824,563,6.52,3.88,2.64
PD001799,20240707,A004,R017,L006,Día,543,518,11.78,9.43,2.35
PD001800,20240906,A001,R013,L001,Tarde,744,488,6.06,5.39,0.67
PD001801,20240215,A006,R019,L004,Noche,332,265,10.01,7.16,2.85
PD001802,20240406,A002,R022,L006,Día,524,572,9.54,8.73,0.81
PD001803,20240831,A006,R026,L003,Día,380,396,11.49,7.86,3.63
PD001804,20240312,A006,R027,L004,Día,653,616,7.45,6.85,0.6
PD001805,20240122,A001,R017,L004,Noche,734,588,6.24,3.91,2.33
PD001806,20240406,A005,R008,L003,Noche,433,431,11.27,9.17,2.1
PD001807,20240811,A006,R030,L004,Día,416,335,11.55,9.93,1.62
PD001808,20241020,A006,R009,L007,Día,577,444,10.84,8.13,2.71
PD001809,20240515,A001,R005,L001,Noche,835,492,6.98,5.82,1.16
PD001810,20240507,A001,R016,L003,Día,371,271,8.94,6.98,1.96
PD001811,20240215,A002,R004,L001,Tarde,496,537,7.4,6.22,1.19
PD001812,20240902,A002,R014,L007,Día,435,436,9.42,8.34,1.08
PD001813,20240708,A005,R015,L002,Día,543,465,9.69,8.72,0.97
PD001814,20240623,A003,R026,L006,Tarde,772,539,11.14,8.27,2.87
PD001815,20240804,A003,R029,L007,Día,542,567,8.09,6.66,1.43
PD001816,20240215,A004,R002,L003,Noche,147,139,7.11,6.45,0.66
PD001817,20241112,A001,R019,L006,Tarde,513,349,10.87,5.97,4.89
PD001818,20240207,A002,R021,L007,Tarde,521,504,6.27,4.74,1.54
PD001819,20240811,A005,R006,L004,Noche,684,584,7.63,6.75,0.88
PD001820,20240911,A002,R002,L002,Noche,274,242,9.18,6.19,2.99
PD001821,20241225,A003,R015,L007,Noche,629,556,9.61,8.28,1.32
PD001822,20240724,A005,R003,L006,Tarde,607,608,10.88,7.57,3.32
PD001823,20241222,A002,R026,L002,Día,858,730,9.69,8.81,0.88
PD001824,20241112,A005,R030,L005,Tarde,239,212,7.82,7.01,0.82
PD001825,20241218,A006,R018,L003,Tarde,842,726,7.93,6.79,1.14
PD001826,20241213,A002,R012,L003,Noche,780,663,6.94,5.93,1.01
PD001827,20240824,A001,R024,L005,Día,744,521,6.98,5.54,1.44
PD001828,20240417,A002,R011,L007,Día,457,431,11.0,9.41,1.59
PD001829,20241103,A003,R028,L007,Tarde,333,335,9.08,8.26,0.81
PD001830,20240608,A002,R027,L003,Día,696,738,11.75,10.22,1.53
PD001831,20241029,A006,R015,L001,Día,362,460,8.08,5.37,2.7
PD001832,20240523,A002,R003,L001,Día,152,161,8.8,6.34,2.46
PD001833,20240120,A005,R029,L002,Día,369,380,11.95,10.25,1.7
PD001834,20241114,A004,R004,L001,Día,217,199,9.49,8.66,0.83
PD001835,20240211,A001,R010,L005,Noche,344,263,8.56,7.41,1.15
PD001836,20240926,A004,R027,L001,Día,231,262,6.81,5.55,1.27
PD001837,20240122,A001,R004,L004,Noche,852,644,6.67,3.91,2.76
PD001838,20240530,A003,R008,L005,Día,735,695,9.11,6.27,2.83
PD001839,20240625,A003,R021,L001,Tarde,339,342,10.89,9.25,1.64
PD001840,20241124,A001,R023,L002,Tarde,356,354,11.39,7.92,3.46
PD001841,20240201,A001,R014,L002,Tarde,93,58,6.71,5.56,1.15
PD001842,20240520,A001,R024,L006,Noche,94,78,9.45,5.5,3.96
PD001843,20240626,A005,R010,L006,Día,534,549,8.6,5.96,2.63
PD001844,20240822,A001,R030,L001,Noche,729,511,8.7,6.54,2.16
PD001845,20240809,A003,R006,L003,Día,67,61,7.43,6.18,1.25
PD001846,20240411,A001,R012,L004,Noche,823,704,10.5,6.49,4.02
PD001847,20240212,A006,R029,L001,Día,888,764,8.89,6.28,2.61
PD001848,20240324,A005,R011,L001,Noche,724,798,6.18,4.29,1.89
PD001849,20240124,A002,R030,L004,Día,254,262,7.65,6.82,0.82
PD001850,20240718,A003,R027,L004,Día,732,569,11.22,8.35,2.87
PD001851,20240818,A001,R025,L001,Día,67,57,10.03,7.84,2.19
PD001852,20240731,A001,R021,L006,Tarde,684,574,10.37,8.26,2.11
PD001853,20240318,A006,R005,L001,Noche,686,678,10.77,9.3,1.47
PD001854,20241009,A006,R011,L001,Día,893,918,7.63,5.43,2.2
PD001855,20240310,A003,R014,L006,Tarde,567,549,7.07,5.66,1.41
PD001856,20240911,A003,R021,L007,Día,133,132,7.57,6.41,1.16
PD001857,20241007,A005,R020,L007,Día,61,53,6.33,5.45,0.88
PD001858,20240210,A005,R021,L004,Noche,585,657,11.68,10.54,1.14
PD001859,20241015,A003,R019,L004,Tarde,301,306,9.66,8.01,1.65
PD001860,20240719,A004,R017,L007,Tarde,683,552,9.21,7.35,1.86
PD001861,20240114,A005,R001,L005,Día,155,158,11.52,7.92,3.6
PD001862,20241228,A001,R017,L006,Día,61,34,8.55,7.6,0.95
PD001863,20240121,A005,R025,L003,Tarde,152,115,8.1,6.51,1.59
PD001864,20240310,A006,R026,L004,Día,653,734,6.36,5.07,1.3
PD001865,20240623,A001,R011,L001,Tarde,225,188,11.34,10.11,1.24
PD001866,20240414,A005,R029,L002,Día,322,296,11.01,9.71,1.3
PD001867,20240526,A002,R004,L003,Tarde,892,894,6.5,5.92,0.58
PD001868,20240520,A005,R020,L003,Noche,809,797,6.4,4.29,2.1
PD001869,20240825,A001,R010,L003,Tarde,305,233,9.1,6.49,2.61
PD001870,20240721,A004,R002,L001,Tarde,822,691,9.72,6.7,3.01
PD001871,20240919,A001,R024,L006,Tarde,785,486,6.39,4.56,1.84
PD001872,20241005,A005,R021,L007,Noche,184,194,10.0,8.02,1.97
PD001873,20240315,A003,R016,L003,Día,140,127,9.46,7.92,1.54
PD001874,20240604,A004,R010,L001,Tarde,386,284,10.58,8.19,2.39
PD001875,20240827,A001,R018,L002,Día,760,617,11.57,7.42,4.14
PD001876,20241104,A001,R010,L005,Tarde,99,76,7.07,5.74,1.33
PD001877,20240522,A002,R027,L001,Noche,797,994,10.68,7.14,3.55
PD001878,20241025,A003,R028,L004,Día,370,326,7.49,6.64,0.85
PD001879,20240613,A004,R023,L004,Noche,147,143,11.16,7.63,3.52
PD001880,20240908,A004,R011,L001,Tarde,151,147,8.4,5.75,2.65
PD001881,20240208,A005,R010,L002,Noche,408,387,11.51,7.73,3.78
PD001882,20241225,A006,R017,L001,Día,396,350,9.65,6.69,2.97
PD001883,20240725,A001,R021,L001,Tarde,536,436,6.3,3.97,2.34
PD001884,20240301,A006,R008,L007,Día,173,148,11.17,8.22,2.95
PD001885,20240828,A006,R005,L002,Día,346,356,8.65,6.01,2.64
PD001886,20240914,A003,R028,L001,Tarde,501,472,9.79,6.87,2.92
PD001887,20240117,A005,R021,L003,Tarde,238,202,11.78,10.3,1.48
PD001888,20240811,A004,R019,L003,Noche,547,574,8.63,6.51,2.12
PD001889,20240716,A006,R023,L002,Tarde,542,534,8.33,7.36,0.97
PD001890,20240505,A005,R027,L003,Noche,377,338,11.69,9.76,1.92
PD001891,20240620,A002,R014,L007,Tarde,487,523,7.44,5.73,1.71
PD001892,20240609,A006,R009,L005,Noche,718,691,8.42,5.98,2.44
PD001893,20240206,A004,R006,L003,Noche,538,560,10.55,6.99,3.56
PD001894,20240414,A004,R021,L007,Día,309,265,9.47,7.3,2.17
PD001895,20240227,A003,R020,L007,Día,116,107,7.8,6.98,0.82
PD001896,20240311,A001,R020,L002,Tarde,290,223,8.54,4.72,3.82
PD001897,20240529,A004,R002,L004,Día,537,493,11.98,10.35,1.63
PD001898,20240426,A002,R021,L005,Tarde,239,213,10.48,9.52,0.97
PD001899,20240513,A002,R030,L004,Tarde,448,480,11.8,7.91,3.88
PD001900,20240312,A006,R015,L003,Día,787,859,6.55,5.93,0.61
PD001901,20240801,A001,R019,L005,Día,199,149,6.41,5.7,0.71
PD001902,20240508,A005,R011,L007,Tarde,616,472,6.23,5.0,1.23
PD001903,20241223,A002,R015,L007,Noche,744,801,11.43,8.89,2.54
PD001904,20240215,A004,R025,L004,Noche,538,375,10.07,8.67,1.4
PD001905,20240206,A005,R002,L007,Tarde,615,592,7.54,6.3,1.24
PD001906,20240315,A001,R001,L001,Tarde,761,664,9.39,5.14,4.24
PD001907,20240601,A005,R002,L007,Noche,231,199,7.22,6.09,1.13
PD001908,20240608,A001,R016,L003,Tarde,179,158,9.62,6.25,3.37
PD001909,20240817,A001,R010,L004,Tarde,400,279,7.87,5.33,2.54
PD001910,20241024,A005,R012,L003,Noche,154,138,9.81,8.73,1.08
PD001911,20240911,A001,R002,L005,Noche,827,791,6.8,5.33,1.47
PD001912,20240414,A004,R011,L001,Tarde,131,123,7.52,6.13,1.4
PD001913,20240307,A002,R019,L005,Día,667,430,6.12,4.63,1.49
PD001914,20241031,A005,R006,L001,Noche,493,439,10.94,7.54,3.4
PD001915,20240716,A002,R004,L001,Tarde,366,270,10.82,8.23,2.59
PD001916,20240118,A001,R016,L007,Día,602,451,8.03,5.89,2.14
PD001917,20240225,A003,R007,L005,Noche,544,468,6.99,4.97,2.03
PD001918,20240325,A004,R005,L006,Tarde,732,464,6.36,5.82,0.54
PD001919,20241113,A005,R010,L001,Noche,381,324,10.16,7.27,2.89
PD001920,20241001,A005,R011,L004,Día,360,292,6.85,5.27,1.59
PD001921,20241112,A006,R025,L002,Día,626,602,7.89,5.6,2.29
PD001922,20241208,A003,R015,L001,Noche,819,695,11.07,7.8,3.28
PD001923,20240129,A006,R021,L005,Noche,339,330,6.26,5.74,0.52
PD001924,20240120,A006,R016,L007,Tarde,678,687,7.64,5.25,2.39
PD001925,20240804,A002,R009,L006,Noche,270,302,11.8,8.27,3.52
PD001926,20241102,A001,R019,L001,Día,321,245,6.7,4.32,2.39
PD001927,20240217,A004,R018,L002,Tarde,584,584,6.7,5.59,1.11
PD001928,20240718,A005,R016,L007,Noche,773,707,11.42,10.26,1.17
PD001929,20240923,A006,R011,L007,Día,257,214,11.41,9.38,2.03
PD001930,20240611,A006,R012,L005,Noche,207,209,10.27,8.8,1.47
PD001931,20240318,A005,R015,L003,Día,708,677,10.17,7.91,2.26
PD001932,20240419,A001,R018,L002,Noche,455,385,9.84,7.1,2.74
PD001933,20240707,A004,R028,L006,Noche,663,619,9.71,7.43,2.28
PD001934,20240511,A004,R007,L002,Día,489,443,9.43,8.29,1.14
PD001935,20241116,A003,R023,L002,Día,814,706,11.59,9.35,2.24
PD001936,20241109,A002,R019,L004,Noche,261,244,9.33,7.98,1.35
PD001937,20240316,A001,R003,L007,Tarde,818,513,10.22,7.77,2.45
PD001938,20241222,A002,R001,L002,Tarde,769,839,9.25,7.84,1.42
PD001939,20240417,A003,R028,L004,Día,572,554,8.68,7.15,1.54
PD001940,20241006,A002,R029,L002,Tarde,123,74,9.53,7.72,1.8
PD001941,20240829,A003,R023,L002,Tarde,599,653,8.65,6.16,2.49
PD001942,20240120,A002,R014,L001,Día,733,809,8.47,6.89,1.57
PD001943,20240822,A004,R028,L005,Noche,100,92,6.07,5.34,0.74
PD001944,20240828,A001,R020,L002,Día,368,250,9.26,5.13,4.13
PD001945,20240601,A003,R010,L004,Noche,235,255,10.16,7.46,2.7
PD001946,20240216,A001,R026,L001,Tarde,155,130,10.08,7.34,2.74
PD001947,20240501,A002,R001,L001,Noche,173,128,8.09,5.55,2.53
PD001948,20241209,A003,R027,L002,Noche,395,409,11.15,9.74,1.41
PD001949,20240107,A001,R016,L002,Noche,187,147,7.54,5.59,1.95
PD001950,20240514,A005,R028,L003,Día,214,185,7.72,5.34,2.38
PD001951,20240126,A005,R002,L002,Tarde,322,268,10.22,7.57,2.65
PD001952,20240915,A002,R029,L001,Tarde,709,722,7.1,6.45,0.64
PD001953,20240618,A002,R022,L006,Día,730,864,6.02,4.68,1.34
PD001954,20240620,A004,R030,L003,Noche,120,133,10.47,9.59,0.88
PD001955,20241015,A003,R030,L005,Día,491,506,6.94,6.37,0.57
PD001956,20240918,A003,R015,L004,Día,632,586,8.59,5.74,2.86
PD001957,20241229,A003,R011,L001,Tarde,775,733,8.89,6.05,2.84
PD001958,20240627,A004,R030,L007,Día,271,254,9.6,7.55,2.04
PD001959,20241205,A006,R003,L002,Tarde,348,316,8.61,6.77,1.84
PD001960,20240213,A005,R013,L005,Día,863,745,7.38,5.2,2.17
PD001961,20240804,A003,R003,L002,Día,478,490,10.65,9.11,1.53
PD001962,20240116,A002,R007,L006,Noche,516,401,7.55,5.12,2.43
PD001963,20240508,A006,R021,L005,Noche,834,869,8.77,6.16,2.61
PD001964,20240212,A002,R023,L004,Tarde,731,644,6.28,4.49,1.79
PD001965,20240723,A006,R015,L007,Noche,193,193,7.08,5.11,1.97
PD001966,20240604,A006,R006,L003,Noche,570,485,6.8,6.01,0.79
PD001967,20240528,A005,R019,L001,Noche,625,466,8.55,7.17,1.38
PD001968,20240812,A003,R020,L003,Noche,281,313,8.46,7.12,1.34
PD001969,20240919,A003,R006,L001,Noche,501,531,6.99,6.3,0.69
PD001970,20240511,A005,R015,L001,Noche,811,731,11.07,9.62,1.44
PD001971,20241102,A006,R016,L004,Día,559,664,8.97,6.47,2.51
PD001972,20241121,A003,R011,L002,Día,217,247,10.72,7.83,2.89
PD001973,20240524,A003,R028,L007,Tarde,856,865,9.59,7.05,2.54
PD001974,20241019,A002,R025,L007,Noche,306,235,6.39,5.24,1.15
PD001975,20240115,A002,R026,L006,Tarde,775,604,9.67,7.99,1.68
PD001976,20240820,A001,R006,L002,Día,235,205,7.33,4.39,2.94
PD001977,20241210,A006,R020,L003,Día,774,824,8.07,6.55,1.52
PD001978,20240619,A004,R022,L001,Noche,75,86,11.2,8.55,2.65
PD001979,20240727,A005,R014,L001,Día,842,818,10.04,7.25,2.8
PD001980,20240706,A005,R022,L001,Tarde,715,743,9.21,8.32,0.88
PD001981,20240313,A002,R015,L001,Tarde,109,118,6.85,4.58,2.28
PD001982,20240118,A005,R001,L001,Día,176,130,6.49,5.88,0.62
PD001983,20240216,A006,R004,L005,Día,600,523,8.8,6.3,2.5
PD001984,20240502,A002,R002,L007,Tarde,473,469,8.15,6.6,1.55
PD001985,20240404,A003,R013,L005,Tarde,282,285,10.75,9.46,1.29
PD001986,20241202,A003,R018,L004,Noche,489,396,6.81,4.88,1.92
PD001987,20241106,A006,R002,L006,Día,771,790,8.09,6.58,1.5
PD001988,20240229,A005,R011,L002,Tarde,658,682,9.85,8.86,0.99
PD001989,20240323,A006,R022,L003,Tarde,123,119,11.63,9.96,1.66
PD001990,20240816,A004,R011,L004,Tarde,787,803,6.67,5.29,1.38
PD001991,20240503,A001,R013,L003,Tarde,735,603,11.14,9.19,1.95
PD001992,20240818,A006,R018,L001,Tarde,780,780,10.73,7.75,2.99
PD001993,20241204,A003,R015,L006,Tarde,402,367,9.71,7.44,2.26
PD001994,20240406,A005,R024,L001,Día,629,535,7.07,4.89,2.18
PD001995,20240204,A003,R023,L003,Tarde,387,354,9.02,7.72,1.3
PD001996,20240413,A001,R011,L002,Noche,506,388,9.93,6.99,2.94
PD001997,20240217,A002,R030,L007,Tarde,764,525,6.44,5.83,0.6
PD001998,20240325,A005,R003,L005,Día,880,705,10.7,9.2,1.5
PD001999,20240702,A002,R023,L003,Tarde,741,630,11.79,9.37,2.43
PD002000,20240913,A003,R020,L007,Tarde,638,485,9.91,8.68,1.23
PD002001,20241011,A005,R002,L003,Día,231,216,8.38,6.16,2.22
PD002002,20240418,A005,R013,L001,Noche,764,502,10.45,8.83,1.61
PD002003,20240208,A005,R019,L004,Día,166,164,8.73,7.5,1.23
PD002004,20240815,A001,R023,L003,Tarde,829,669,9.45,5.35,4.11
PD002005,20240130,A004,R002,L002,Tarde,167,161,6.13,5.51,0.61
PD002006,20240407,A005,R024,L004,Tarde,220,237,8.67,6.99,1.68
PD002007,20240320,A003,R005,L004,Noche,303,313,11.95,10.16,1.79
PD002008,20240224,A002,R004,L003,Noche,318,253,6.97,4.68,2.29
PD002009,20240222,A005,R024,L005,Tarde,94,78,10.93,7.46,3.48
PD002010,20240806,A001,R030,L002,Día,470,353,8.24,4.91,3.33
PD002011,20240629,A005,R020,L004,Tarde,120,152,7.66,5.61,2.05
PD002012,20240427,A001,R008,L007,Día,356,220,11.59,10.32,1.28
PD002013,20241026,A003,R020,L003,Día,411,371,8.76,7.35,1.41
PD002014,20240525,A006,R003,L006,Tarde,764,819,11.98,9.72,2.26
PD002015,20240918,A003,R004,L005,Día,820,762,9.34,7.62,1.72
PD002016,20240925,A003,R006,L006,Día,226,205,8.63,7.77,0.86
PD002017,20240603,A005,R002,L006,Tarde,172,191,7.66,6.24,1.41
PD002018,20240214,A004,R019,L003,Día,715,521,6.19,5.15,1.05
PD002019,20241207,A006,R002,L002,Día,797,798,10.63,9.49,1.13
PD002020,20241106,A003,R024,L002,Tarde,489,415,8.1,5.63,2.48
PD002021,20240205,A002,R023,L005,Noche,341,330,10.52,7.64,2.88
PD002022,20240722,A002,R028,L002,Noche,619,664,11.42,9.43,2.0
PD002023,20240828,A006,R007,L006,Día,527,458,7.77,5.29,2.48
PD002024,20240131,A005,R025,L006,Tarde,164,152,7.92,6.52,1.4
PD002025,20241225,A005,R028,L003,Tarde,384,410,11.97,10.74,1.23
PD002026,20240618,A005,R025,L007,Noche,838,627,8.41,6.09,2.32
PD002027,20240823,A002,R003,L002,Tarde,520,535,10.89,9.98,0.91
PD002028,20240314,A002,R008,L002,Día,380,331,9.77,7.27,2.51
PD002029,20240211,A006,R003,L004,Noche,306,322,6.28,4.53,1.75
PD002030,20240216,A004,R008,L003,Noche,629,577,6.98,5.97,1.01
PD002031,20240814,A002,R015,L002,Día,119,104,9.91,8.18,1.72
PD002032,20241216,A002,R008,L005,Tarde,802,770,11.53,9.45,2.08
PD002033,20240616,A004,R008,L002,Tarde,786,852,6.16,5.26,0.9
PD002034,20240617,A002,R014,L003,Tarde,348,309,6.24,4.77,1.47
PD002035,20240222,A005,R006,L003,Tarde,453,399,7.53,5.02,2.52
PD002036,20240604,A002,R001,L004,Noche,672,727,8.21,5.68,2.53
PD002037,20241224,A006,R008,L001,Noche,851,789,7.25,6.35,0.9
PD002038,20240531,A003,R012,L002,Noche,132,118,7.42,5.35,2.06
PD002039,20240325,A002,R005,L001,Día,509,460,6.76,6.1,0.66
PD002040,20240308,A006,R006,L006,Día,275,290,7.96,6.15,1.82
PD002041,20241101,A002,R024,L007,Noche,796,823,8.81,6.11,2.7
PD002042,20241112,A003,R011,L001,Noche,430,355,11.29,9.25,2.04
PD002043,20241005,A001,R002,L001,Noche,244,192,8.47,6.49,1.98
PD002044,20240703,A002,R016,L005,Día,200,210,11.58,8.48,3.1
PD002045,20241128,A002,R008,L004,Tarde,326,326,9.48,7.7,1.78
PD002046,20240227,A006,R028,L003,Día,215,137,9.95,6.68,3.27
PD002047,20240210,A001,R015,L001,Noche,141,102,11.51,7.93,3.59
PD002048,20240901,A003,R008,L003,Noche,642,591,6.85,5.6,1.25
PD002049,20240412,A003,R028,L007,Día,542,578,9.17,7.29,1.88
PD002050,20240919,A001,R016,L007,Tarde,722,732,7.85,6.52,1.33
PD002051,20240523,A005,R008,L002,Noche,151,135,11.74,10.7,1.04
PD002052,20240304,A004,R027,L002,Tarde,755,947,11.43,10.15,1.28
PD002053,20241223,A001,R026,L003,Tarde,465,295,9.32,6.05,3.27
PD002054,20241217,A004,R025,L005,Noche,178,164,8.67,5.74,2.93
PD002055,20240409,A001,R004,L006,Tarde,102,72,7.73,5.23,2.5
PD002056,20240819,A003,R028,L001,Noche,563,576,9.03,6.95,2.08
PD002057,20240416,A004,R011,L003,Noche,448,472,10.02,6.81,3.21
PD002058,20240608,A003,R005,L007,Noche,625,674,9.3,7.82,1.48
PD002059,20240721,A004,R019,L006,Noche,760,784,11.03,7.62,3.41
PD002060,20240711,A005,R026,L006,Día,590,577,8.05,5.32,2.73
PD002061,20241002,A003,R015,L004,Día,85,78,6.93,6.26,0.67
PD002062,20240812,A004,R026,L002,Día,308,246,11.19,7.86,3.34
PD002063,20240821,A001,R004,L002,Tarde,664,450,7.87,4.53,3.34
PD002064,20241229,A004,R025,L004,Tarde,813,748,10.35,9.05,1.3
PD002065,20241230,A001,R024,L005,Día,173,103,6.49,5.54,0.96
PD002066,20241206,A002,R015,L001,Tarde,584,604,10.59,7.89,2.7
PD002067,20240224,A003,R021,L006,Tarde,193,164,6.01,4.3,1.71
PD002068,20240120,A006,R009,L003,Día,93,94,6.53,4.32,2.21
PD002069,20240117,A006,R023,L007,Noche,161,158,6.76,6.11,0.65
PD002070,20241228,A004,R011,L006,Día,261,207,8.98,6.3,2.68
PD002071,20240823,A001,R002,L004,Tarde,836,551,7.12,5.53,1.59
PD002072,20240221,A006,R017,L004,Día,534,460,11.37,9.36,2.01
PD002073,20241226,A005,R005,L005,Tarde,233,205,9.51,7.61,1.89
PD002074,20240128,A003,R019,L003,Noche,398,443,6.68,4.56,2.11
PD002075,20240324,A002,R027,L005,Noche,824,797,9.34,7.52,1.82
PD002076,20240105,A001,R008,L001,Día,598,391,8.74,6.81,1.94
PD002077,20240923,A004,R027,L005,Noche,834,854,11.1,9.09,2.01
PD002078,20241216,A001,R003,L003,Tarde,285,261,8.12,5.87,2.24
PD002079,20240902,A001,R027,L002,Día,391,301,6.9,5.21,1.7
PD002080,20240917,A004,R021,L007,Tarde,468,436,9.95,6.78,3.17
PD002081,20240221,A006,R011,L005,Tarde,163,141,11.45,7.58,3.87
PD002082,20240403,A002,R001,L002,Noche,609,616,9.76,8.41,1.35
PD002083,20240826,A006,R009,L006,Noche,365,365,10.97,9.87,1.11
PD002084,20240330,A002,R003,L003,Tarde,648,629,6.24,5.14,1.1
PD002085,20240404,A002,R016,L003,Día,334,318,7.52,5.76,1.75
PD002086,20240507,A004,R008,L002,Día,169,134,10.72,9.19,1.53
PD002087,20241028,A001,R003,L003,Noche,51,32,6.5,3.75,2.75
PD002088,20240720,A003,R003,L001,Día,455,426,6.45,4.69,1.76
PD002089,20240119,A006,R021,L006,Día,342,274,11.23,10.04,1.19
PD002090,20240926,A003,R015,L001,Noche,856,829,11.31,8.7,2.61
PD002091,20240213,A005,R029,L002,Tarde,374,287,11.21,8.13,3.08
PD002092,20240219,A002,R021,L001,Noche,259,227,11.45,7.94,3.51
PD002093,20240725,A004,R009,L007,Día,434,384,7.75,5.2,2.54
PD002094,20241223,A002,R007,L004,Tarde,614,394,8.56,7.4,1.17
PD002095,20241005,A006,R019,L002,Tarde,171,143,8.65,6.11,2.54
PD002096,20241116,A002,R030,L007,Noche,72,70,10.26,8.4,1.86
PD002097,20240401,A001,R024,L007,Noche,344,332,6.82,4.8,2.01
PD002098,20240815,A003,R006,L007,Noche,566,634,9.47,8.56,0.91
PD002099,20240212,A005,R006,L001,Día,449,434,8.96,7.23,1.73
PD002100,20240321,A002,R029,L001,Tarde,234,228,10.99,9.64,1.35
PD002101,20240812,A004,R029,L001,Tarde,883,925,7.67,6.24,1.43
PD002102,20240517,A003,R003,L006,Tarde,563,460,7.82,5.34,2.48
PD002103,20240105,A002,R024,L007,Día,802,618,9.72,7.63,2.09
PD002104,20241202,A004,R023,L003,Día,445,370,8.11,7.09,1.02
PD002105,20240605,A001,R020,L007,Noche,308,242,9.64,7.67,1.97
PD002106,20240828,A002,R016,L002,Tarde,610,612,9.13,6.77,2.36
PD002107,20241225,A005,R015,L002,Tarde,754,601,12.0,8.66,3.34
PD002108,20240727,A004,R027,L004,Tarde,354,351,8.79,6.79,2.0
PD002109,20240618,A001,R009,L004,Tarde,564,373,10.35,5.98,4.37
PD002110,20240610,A002,R009,L006,Noche,708,578,8.84,7.47,1.37
PD002111,20240904,A002,R007,L007,Noche,128,137,8.72,7.39,1.33
PD002112,20240423,A005,R012,L007,Tarde,160,168,6.76,4.97,1.79
PD002113,20240213,A003,R020,L001,Noche,586,576,10.43,7.76,2.67
PD002114,20241005,A001,R029,L005,Tarde,105,91,10.46,7.34,3.12
PD002115,20240309,A006,R025,L006,Tarde,531,500,6.95,5.6,1.35
PD002116,20240912,A003,R007,L006,Tarde,314,287,10.43,9.17,1.26
PD002117,20240925,A001,R006,L002,Tarde,198,147,6.31,3.41,2.89
PD002118,20240716,A003,R003,L004,Noche,832,665,7.34,5.56,1.78
PD002119,20241227,A003,R025,L005,Tarde,327,302,6.45,4.87,1.58
PD002120,20241229,A006,R029,L005,Tarde,881,799,6.07,4.31,1.76
PD002121,20241008,A005,R004,L002,Tarde,660,568,7.29,6.26,1.03
PD002122,20241219,A006,R017,L005,Tarde,401,330,8.25,7.17,1.08
PD002123,20240115,A006,R020,L004,Día,566,580,10.78,9.83,0.96
PD002124,20240223,A002,R025,L002,Día,79,79,6.84,4.88,1.96
PD002125,20240907,A001,R022,L007,Noche,319,264,8.79,5.87,2.91
PD002126,20240430,A001,R018,L007,Noche,396,291,9.12,5.05,4.07
PD002127,20240209,A005,R013,L002,Tarde,783,820,9.75,8.49,1.26
PD002128,20241203,A006,R015,L005,Tarde,576,572,6.85,4.95,1.9
PD002129,20240911,A002,R011,L003,Noche,137,118,9.5,8.67,0.84
PD002130,20240824,A006,R014,L006,Noche,846,811,7.23,6.56,0.67
PD002131,20240227,A005,R008,L003,Tarde,607,421,9.51,7.62,1.89
PD002132,20240928,A006,R015,L003,Tarde,784,884,6.4,4.52,1.88
PD002133,20240116,A003,R001,L003,Día,273,258,6.02,4.37,1.66
PD002134,20240929,A003,R023,L002,Día,158,129,8.55,6.67,1.88
PD002135,20240815,A005,R018,L001,Día,682,714,10.52,7.54,2.98
PD002136,20241120,A005,R001,L002,Tarde,735,578,9.61,6.56,3.04
PD002137,20240418,A001,R013,L005,Tarde,110,79,9.09,7.43,1.66
PD002138,20240521,A006,R015,L004,Noche,213,211,11.85,9.16,2.69
PD002139,20240429,A001,R001,L006,Noche,330,303,9.78,6.58,3.21
PD002140,20240820,A006,R004,L006,Día,812,726,7.6,5.24,2.36
PD002141,20240806,A004,R006,L004,Tarde,456,415,8.44,7.55,0.89
PD002142,20240204,A002,R017,L006,Noche,250,274,6.2,5.56,0.64
PD002143,20240101,A002,R005,L001,Día,374,364,10.25,7.63,2.63
PD002144,20240321,A004,R011,L006,Noche,570,577,8.76,6.13,2.63
PD002145,20241219,A006,R005,L002,Día,652,539,10.42,8.63,1.79
PD002146,20240523,A005,R008,L005,Tarde,727,703,11.79,9.2,2.6
PD002147,20240709,A001,R008,L004,Noche,756,539,6.51,4.57,1.94
PD002148,20240204,A001,R019,L002,Día,434,276,11.39,8.4,2.99
PD002149,20240711,A005,R018,L001,Día,250,217,7.63,6.7,0.93
PD002150,20240422,A006,R005,L003,Tarde,177,162,9.32,6.19,3.13
PD002151,20240413,A002,R004,L001,Día,239,244,10.74,7.69,3.05
PD002152,20240423,A005,R026,L005,Día,309,216,9.34,7.86,1.48
PD002153,20240409,A005,R001,L001,Día,649,696,9.21,6.98,2.23
PD002154,20240709,A003,R014,L002,Noche,335,403,9.98,8.42,1.56
PD002155,20240925,A005,R019,L001,Noche,551,532,6.57,4.43,2.14
PD002156,20240612,A002,R002,L001,Noche,202,174,11.71,8.86,2.85
PD002157,20240614,A005,R008,L003,Noche,631,555,10.14,7.45,2.7
PD002158,20240926,A003,R011,L006,Noche,798,604,10.3,8.32,1.98
PD002159,20240423,A001,R021,L002,Día,387,277,10.57,9.39,1.18
PD002160,20240910,A003,R014,L005,Tarde,392,282,9.62,7.81,1.8
PD002161,20240622,A004,R029,L004,Noche,600,549,11.23,8.75,2.48
PD002162,20240829,A004,R002,L007,Tarde,551,741,11.6,7.85,3.75
PD002163,20240831,A001,R025,L003,Día,868,737,11.04,9.01,2.02
PD002164,20240323,A006,R013,L005,Noche,788,679,6.95,5.01,1.94
PD002165,20240307,A005,R004,L001,Día,806,572,7.49,6.76,0.73
PD002166,20241111,A006,R015,L001,Día,894,791,9.77,7.46,2.31
PD002167,20240221,A001,R002,L007,Noche,571,455,9.34,6.54,2.8
PD002168,20240825,A006,R016,L004,Tarde,395,372,10.24,7.49,2.75
PD002169,20240809,A001,R029,L004,Noche,145,119,7.77,5.1,2.68
PD002170,20240731,A006,R024,L001,Día,863,975,8.99,6.28,2.71
PD002171,20241023,A003,R002,L005,Noche,859,892,11.86,10.29,1.57
PD002172,20241018,A006,R023,L006,Noche,224,220,10.87,8.95,1.92
PD002173,20241114,A005,R004,L004,Noche,609,549,10.36,8.02,2.34
PD002174,20240419,A001,R012,L003,Noche,229,161,10.45,9.05,1.4
PD002175,20241009,A002,R029,L003,Noche,541,540,6.24,4.96,1.28
PD002176,20240521,A004,R024,L007,Tarde,410,439,7.06,5.21,1.84
PD002177,20240303,A006,R011,L006,Día,161,117,9.34,6.48,2.86
PD002178,20240329,A006,R003,L002,Noche,115,123,8.89,6.04,2.85
PD002179,20240614,A006,R004,L004,Tarde,889,935,7.37,5.63,1.74
PD002180,20240102,A004,R025,L001,Día,561,430,9.7,6.96,2.74
PD002181,20240501,A004,R022,L006,Tarde,594,549,10.38,9.19,1.2
PD002182,20240318,A002,R026,L005,Noche,565,553,6.37,5.78,0.59
PD002183,20241001,A004,R029,L001,Día,505,455,9.36,7.4,1.96
PD002184,20240215,A002,R025,L002,Noche,76,86,9.12,8.0,1.11
PD002185,20240507,A001,R008,L001,Día,560,505,6.94,4.3,2.64
PD002186,20240914,A004,R029,L001,Tarde,101,89,10.31,9.2,1.11
PD002187,20240529,A001,R005,L005,Día,491,333,6.47,5.6,0.88
PD002188,20240301,A003,R008,L006,Noche,297,293,11.91,10.08,1.84
PD002189,20241125,A001,R024,L002,Noche,625,519,6.15,4.72,1.44
PD002190,20241103,A001,R002,L006,Tarde,151,102,9.97,5.59,4.38
PD002191,20240721,A003,R024,L003,Noche,370,317,7.86,5.3,2.56
PD002192,20240304,A003,R025,L003,Día,173,135,9.12,6.17,2.95
PD002193,20240527,A003,R019,L006,Tarde,655,613,7.83,6.94,0.89
PD002194,20240726,A003,R025,L007,Día,859,746,9.46,8.0,1.46
PD002195,20241011,A001,R006,L004,Día,831,538,7.13,5.64,1.48
PD002196,20240217,A005,R010,L007,Tarde,649,612,9.54,7.67,1.87
PD002197,20240623,A006,R005,L001,Día,415,462,11.88,10.41,1.48
PD002198,20240912,A006,R014,L001,Día,790,586,7.02,5.14,1.88
PD002199,20241021,A004,R027,L006,Tarde,165,150,10.7,9.73,0.97
PD002200,20240615,A001,R017,L002,Día,805,627,9.38,7.89,1.49
PD002201,20241012,A006,R002,L005,Noche,733,651,8.41,6.22,2.19
PD002202,20240306,A005,R001,L007,Tarde,242,240,9.52,8.09,1.42
PD002203,20240613,A004,R004,L005,Noche,533,458,9.74,8.37,1.37
PD002204,20240503,A006,R028,L003,Día,358,322,10.42,7.34,3.08
PD002205,20240913,A006,R001,L004,Día,533,487,7.09,5.99,1.1
PD002206,20240419,A002,R026,L003,Día,433,446,10.51,8.6,1.91
PD002207,20240103,A002,R008,L007,Noche,376,316,9.69,7.61,2.08
PD002208,20241004,A003,R025,L003,Noche,267,265,11.09,9.18,1.91
PD002209,20240111,A002,R012,L006,Noche,239,241,7.69,6.08,1.61
PD002210,20240410,A003,R013,L006,Noche,404,403,10.53,7.85,2.68
PD002211,20240305,A003,R018,L007,Tarde,813,642,7.51,6.5,1.01
PD002212,20241212,A003,R008,L002,Día,220,213,9.9,7.5,2.39
PD002213,20240602,A004,R010,L001,Día,51,50,9.66,6.59,3.07
PD002214,20240229,A006,R026,L002,Día,481,413,7.48,6.52,0.97
PD002215,20241115,A004,R017,L006,Tarde,90,94,11.86,10.18,1.68
PD002216,20240413,A001,R009,L002,Noche,884,787,11.96,8.75,3.21
PD002217,20240823,A005,R027,L005,Día,784,746,11.74,8.92,2.82
PD002218,20241221,A002,R014,L006,Noche,748,708,11.41,9.33,2.07
PD002219,20240422,A003,R009,L003,Día,392,390,10.69,7.49,3.2
PD002220,20240415,A003,R006,L007,Tarde,753,637,6.13,5.62,0.51
PD002221,20241008,A001,R028,L002,Noche,349,256,7.72,5.04,2.68
PD002222,20240412,A006,R014,L006,Tarde,739,728,11.97,8.62,3.36
PD002223,20240403,A002,R018,L004,Noche,880,933,9.73,7.55,2.19
PD002224,20240525,A001,R020,L005,Noche,812,643,10.07,6.4,3.67
PD002225,20240107,A004,R014,L007,Día,199,168,7.93,5.82,2.11
PD002226,20241129,A002,R002,L004,Noche,755,715,10.12,6.89,3.23
PD002227,20241008,A003,R002,L006,Noche,691,708,8.01,6.32,1.69
PD002228,20240715,A005,R008,L004,Tarde,866,858,10.36,8.11,2.25
PD002229,20241212,A002,R021,L004,Noche,637,707,11.56,8.09,3.47
PD002230,20241231,A005,R003,L006,Día,244,255,8.76,6.93,1.83
PD002231,20240119,A002,R026,L001,Noche,866,914,10.9,8.42,2.48
PD002232,20240205,A006,R013,L006,Tarde,604,596,11.49,7.74,3.75
PD002233,20241228,A001,R010,L001,Día,336,293,7.2,5.95,1.24
PD002234,20240419,A002,R001,L004,Noche,811,600,10.96,8.41,2.55
PD002235,20241015,A005,R013,L004,Tarde,246,234,9.97,8.62,1.36
PD002236,20240807,A004,R009,L004,Noche,800,794,9.17,6.37,2.8
PD002237,20241123,A001,R024,L002,Día,143,96,9.8,5.88,3.92
PD002238,20241205,A003,R005,L004,Día,314,274,6.71,4.62,2.08
PD002239,20240623,A003,R026,L001,Tarde,778,735,11.17,8.63,2.54
PD002240,20240815,A006,R006,L005,Tarde,77,58,7.87,5.55,2.31
PD002241,20241006,A006,R011,L001,Tarde,695,748,8.03,6.39,1.65
PD002242,20240622,A005,R015,L006,Día,810,583,9.68,7.38,2.29
PD002243,20240501,A005,R006,L004,Día,208,163,7.0,5.27,1.73
PD002244,20240111,A002,R028,L003,Día,625,618,11.75,8.83,2.92
PD002245,20240318,A001,R001,L003,Noche,707,705,7.67,6.53,1.15
PD002246,20240715,A004,R019,L006,Noche,654,675,7.95,5.94,2.01
PD002247,20241227,A003,R029,L004,Tarde,268,287,9.7,8.76,0.94
PD002248,20240303,A006,R030,L001,Tarde,329,314,8.52,7.08,1.44
PD002249,20241011,A002,R009,L001,Día,817,741,9.7,8.04,1.65
PD002250,20240310,A006,R020,L005,Tarde,98,81,10.6,8.26,2.35
PD002251,20241106,A001,R019,L007,Noche,382,314,7.1,4.6,2.5
PD002252,20240122,A006,R021,L004,Noche,544,611,10.45,7.21,3.25
PD002253,20240703,A001,R028,L005,Tarde,221,132,7.57,4.64,2.93
PD002254,20240107,A002,R030,L005,Tarde,545,534,8.05,5.88,2.17
PD002255,20240802,A005,R022,L007,Noche,581,558,10.49,7.82,2.67
PD002256,20241122,A003,R008,L002,Día,118,140,9.79,7.58,2.21
PD002257,20240915,A002,R027,L007,Tarde,528,540,9.41,7.6,1.81
PD002258,20241119,A002,R024,L007,Tarde,791,754,8.07,6.32,1.75
PD002259,20240311,A003,R013,L006,Noche,804,866,8.7,7.1,1.61
PD002260,20240423,A001,R017,L001,Noche,240,195,10.18,9.03,1.15
PD002261,20241024,A006,R018,L006,Tarde,167,185,10.3,9.21,1.09
PD002262,20240508,A004,R004,L007,Tarde,459,341,11.62,10.38,1.24
PD002263,20240605,A001,R002,L006,Día,286,201,10.0,7.29,2.7
PD002264,20240425,A005,R002,L002,Tarde,729,683,10.2,8.67,1.52
PD002265,20241220,A005,R029,L006,Día,862,999,9.02,6.89,2.13
PD002266,20240220,A003,R009,L001,Noche,734,582,9.16,6.66,2.5
PD002267,20240925,A005,R004,L004,Tarde,203,208,10.6,8.17,2.43
PD002268,20240818,A006,R012,L003,Día,817,795,10.88,8.0,2.88
PD002269,20240109,A006,R024,L007,Día,464,369,7.17,4.85,2.32
PD002270,20241021,A004,R009,L002,Tarde,682,614,6.4,5.32,1.08
PD002271,20241230,A002,R008,L005,Día,690,694,11.64,8.45,3.2
PD002272,20241025,A005,R014,L001,Noche,625,547,6.44,4.34,2.1
PD002273,20241118,A005,R017,L004,Noche,64,62,10.54,8.04,2.51
PD002274,20240507,A001,R021,L002,Noche,271,226,11.08,6.07,5.01
PD002275,20240823,A002,R022,L002,Noche,320,304,8.09,7.34,0.75
PD002276,20240517,A003,R019,L001,Tarde,333,349,7.23,6.27,0.96
PD002277,20240911,A001,R028,L006,Noche,561,344,6.17,3.4,2.77
PD002278,20240608,A002,R010,L003,Tarde,686,492,10.88,9.25,1.62
PD002279,20240319,A003,R007,L002,Tarde,746,576,8.87,7.9,0.97
PD002280,20240627,A003,R029,L007,Día,696,642,7.39,6.65,0.73
PD002281,20241219,A003,R020,L006,Noche,569,495,11.56,9.63,1.93
PD002282,20240327,A005,R014,L001,Tarde,385,378,8.68,6.99,1.69
PD002283,20240111,A004,R021,L004,Día,813,748,7.55,5.53,2.02
PD002284,20240325,A002,R011,L002,Tarde,706,594,7.69,6.69,1.0
PD002285,20241114,A006,R027,L002,Noche,795,817,8.95,7.23,1.72
PD002286,20240511,A005,R010,L002,Día,860,830,9.79,7.72,2.07
PD002287,20240417,A003,R009,L007,Tarde,250,209,11.82,7.94,3.89
PD002288,20240608,A006,R012,L004,Día,639,575,8.26,6.43,1.83
PD002289,20240109,A003,R017,L003,Tarde,899,850,9.89,7.75,2.14
PD002290,20241112,A002,R004,L007,Noche,673,837,8.87,6.03,2.84
PD002291,20240706,A004,R029,L007,Noche,736,728,11.03,7.88,3.15
PD002292,20241124,A003,R011,L007,Día,849,672,11.22,8.99,2.23
PD002293,20240327,A005,R022,L002,Noche,356,381,6.12,4.79,1.34
PD002294,20240710,A003,R003,L005,Tarde,788,818,6.47,4.38,2.08
PD002295,20240503,A003,R006,L007,Día,697,745,7.17,6.25,0.92
PD002296,20240821,A001,R020,L002,Tarde,168,107,6.73,4.49,2.24
PD002297,20240802,A004,R019,L001,Tarde,884,777,7.75,5.13,2.62
PD002298,20241031,A006,R011,L007,Noche,545,421,11.86,8.44,3.42
PD002299,20240112,A003,R027,L001,Día,858,919,10.71,7.23,3.48
PD002300,20240127,A005,R017,L007,Tarde,624,531,6.72,5.93,0.79
PD002301,20240904,A005,R015,L005,Día,116,75,11.7,9.72,1.98
PD002302,20240318,A005,R013,L003,Tarde,709,769,10.53,7.76,2.76
PD002303,20240404,A001,R028,L007,Día,489,371,7.01,6.03,0.98
PD002304,20240302,A005,R026,L005,Noche,140,116,11.5,8.69,2.81
PD002305,20240310,A001,R008,L001,Noche,569,446,9.38,5.2,4.18
PD002306,20240620,A001,R009,L006,Noche,544,486,11.98,9.04,2.94
PD002307,20240930,A005,R010,L006,Noche,507,433,11.63,8.3,3.34
PD002308,20240502,A005,R020,L004,Día,653,749,8.0,7.06,0.95
PD002309,20240312,A002,R004,L002,Tarde,753,780,11.49,9.16,2.33
PD002310,20240519,A002,R004,L007,Día,230,192,9.44,7.28,2.16
PD002311,20240917,A005,R011,L007,Noche,845,708,7.55,6.89,0.66
PD002312,20241001,A006,R028,L006,Día,554,511,11.92,9.3,2.62
PD002313,20241023,A001,R013,L001,Día,391,245,6.29,3.98,2.32
PD002314,20240222,A003,R020,L007,Tarde,222,212,11.15,7.56,3.59
PD002315,20240814,A004,R001,L001,Noche,54,45,6.27,5.15,1.12
PD002316,20241126,A006,R008,L007,Tarde,281,285,9.5,7.31,2.19
PD002317,20240121,A001,R028,L005,Día,826,622,9.39,5.21,4.18
PD002318,20240117,A004,R012,L002,Tarde,272,233,6.1,4.43,1.67
PD002319,20241220,A001,R016,L003,Noche,353,316,6.21,3.91,2.3
PD002320,20241225,A003,R001,L004,Día,381,349,8.89,6.83,2.06
PD002321,20240220,A006,R007,L004,Tarde,485,522,8.15,7.08,1.07
PD002322,20241130,A003,R028,L001,Noche,498,413,11.62,9.27,2.35
PD002323,20240507,A001,R007,L001,Noche,748,751,10.34,8.22,2.12
PD002324,20240814,A004,R016,L006,Día,156,146,7.38,6.36,1.02
PD002325,20240411,A005,R017,L002,Noche,196,188,7.69,5.97,1.72
PD002326,20240421,A001,R022,L002,Noche,288,261,10.87,8.11,2.77
PD002327,20240718,A004,R019,L006,Tarde,264,187,11.92,9.22,2.7
PD002328,20240725,A001,R019,L003,Noche,153,129,8.68,5.13,3.56
PD002329,20240610,A002,R029,L007,Tarde,762,907,7.41,6.8,0.61
PD002330,20240512,A005,R023,L002,Día,614,445,9.94,8.77,1.18
PD002331,20241017,A005,R021,L004,Tarde,790,810,6.59,5.22,1.37
PD002332,20240502,A004,R002,L001,Tarde,450,349,10.01,7.43,2.58
PD002333,20240901,A004,R019,L005,Noche,123,115,6.1,4.61,1.49
PD002334,20241126,A004,R026,L005,Noche,807,796,11.77,7.86,3.9
PD002335,20240831,A003,R021,L004,Día,200,204,6.21,4.85,1.36
PD002336,20240604,A003,R019,L001,Día,204,181,8.7,7.88,0.82
PD002337,20240228,A005,R025,L007,Día,284,231,9.54,6.71,2.83
PD002338,20240131,A006,R003,L005,Noche,629,711,10.84,8.51,2.32
PD002339,20240320,A005,R013,L002,Día,479,320,7.01,4.83,2.18
PD002340,20240203,A004,R006,L003,Día,96,89,9.7,7.41,2.29
PD002341,20241214,A003,R009,L007,Noche,604,585,7.16,4.78,2.38
PD002342,20240506,A006,R008,L007,Día,877,865,7.75,6.54,1.2
PD002343,20240520,A004,R029,L004,Tarde,373,429,9.85,8.51,1.35
PD002344,20241107,A003,R009,L004,Noche,112,86,6.2,4.31,1.89
PD002345,20240913,A005,R004,L007,Noche,565,516,7.36,6.37,0.98
PD002346,20241118,A002,R029,L001,Noche,495,440,6.74,5.18,1.56
PD002347,20240509,A005,R025,L002,Tarde,112,105,6.62,5.37,1.25
PD002348,20241029,A002,R001,L005,Día,189,192,11.43,8.76,2.66
PD002349,20240409,A003,R002,L001,Tarde,446,571,10.38,9.17,1.21
PD002350,20241104,A001,R002,L007,Día,539,440,6.77,4.3,2.47
PD002351,20240226,A005,R005,L003,Día,613,665,11.64,10.43,1.21
PD002352,20240731,A004,R026,L006,Día,345,365,9.06,7.87,1.19
PD002353,20240131,A004,R026,L002,Día,232,261,10.24,7.74,2.5
PD002354,20240202,A004,R010,L001,Tarde,393,299,9.26,6.61,2.66
PD002355,20241008,A001,R011,L006,Tarde,812,647,11.8,7.6,4.2
PD002356,20241203,A003,R015,L002,Tarde,246,184,8.16,6.53,1.63
PD002357,20241203,A003,R030,L003,Día,464,550,6.48,5.39,1.09
PD002358,20240907,A003,R004,L007,Tarde,259,254,10.54,9.54,0.99
PD002359,20240125,A004,R015,L002,Día,849,822,10.24,8.86,1.38
PD002360,20240531,A003,R015,L007,Día,57,57,6.57,5.69,0.88
PD002361,20241204,A002,R023,L006,Día,367,268,6.79,6.15,0.64
PD002362,20240128,A005,R016,L001,Noche,248,165,11.38,8.95,2.43
PD002363,20240527,A002,R029,L002,Noche,336,302,6.33,4.66,1.67
PD002364,20240413,A002,R006,L003,Día,850,726,8.17,6.29,1.88
PD002365,20240612,A003,R002,L003,Noche,171,155,10.26,7.63,2.63
PD002366,20241101,A001,R018,L003,Tarde,469,298,10.01,8.76,1.24
PD002367,20240622,A005,R010,L006,Tarde,774,757,6.69,4.75,1.94
PD002368,20241109,A004,R027,L005,Día,484,480,7.54,5.3,2.23
PD002369,20240925,A005,R002,L001,Tarde,622,619,11.75,8.03,3.73
PD002370,20240214,A004,R007,L005,Tarde,250,227,9.18,7.47,1.71
PD002371,20241009,A003,R021,L001,Tarde,292,300,9.63,6.38,3.25
PD002372,20240324,A003,R015,L006,Día,96,79,9.45,8.58,0.87
PD002373,20240729,A001,R014,L004,Día,811,796,6.77,3.94,2.83
PD002374,20240414,A004,R015,L007,Tarde,157,151,7.97,6.49,1.48
PD002375,20240217,A006,R016,L003,Día,54,46,11.31,9.83,1.48
PD002376,20241025,A001,R026,L001,Día,532,467,9.67,6.74,2.93
PD002377,20240117,A001,R030,L004,Día,403,294,7.46,4.35,3.12
PD002378,20240229,A004,R013,L001,Día,91,75,8.55,7.42,1.13
PD002379,20240527,A005,R030,L002,Tarde,889,862,6.59,5.99,0.59
PD002380,20240408,A004,R014,L003,Noche,325,272,9.88,8.12,1.76
PD002381,20240928,A003,R018,L004,Tarde,342,383,7.01,6.23,0.78
PD002382,20240426,A005,R013,L005,Tarde,752,627,6.18,4.49,1.69
PD002383,20240903,A004,R004,L007,Día,575,588,9.56,7.04,2.52
PD002384,20241124,A006,R025,L004,Día,186,157,10.04,8.21,1.83
PD002385,20241015,A004,R009,L005,Día,508,529,6.5,4.81,1.69
PD002386,20240505,A005,R026,L001,Noche,576,592,7.76,6.55,1.21
PD002387,20241130,A001,R009,L003,Día,862,491,11.48,9.74,1.73
PD002388,20240221,A003,R004,L002,Noche,102,106,11.53,9.16,2.37
PD002389,20241219,A006,R005,L005,Día,696,690,11.29,7.5,3.79
PD002390,20240830,A003,R001,L005,Tarde,828,817,11.41,8.14,3.27
PD002391,20241112,A004,R025,L004,Día,805,755,7.55,6.89,0.66
PD002392,20240407,A002,R026,L007,Tarde,440,398,8.77,7.58,1.19
PD002393,20240202,A005,R022,L007,Día,356,244,11.85,9.57,2.28
PD002394,20241104,A002,R005,L004,Tarde,397,368,8.44,6.88,1.56
PD002395,20240713,A005,R021,L006,Tarde,799,742,7.87,6.33,1.54
PD002396,20240902,A006,R010,L007,Día,303,275,10.67,7.44,3.23
PD002397,20240629,A003,R030,L002,Tarde,107,87,9.61,7.29,2.32
PD002398,20240918,A004,R018,L006,Noche,508,551,7.4,6.53,0.87
PD002399,20241009,A001,R001,L006,Día,875,661,9.22,6.58,2.63
PD002400,20240521,A006,R013,L004,Tarde,374,328,8.22,7.13,1.09
PD002401,20240323,A005,R009,L001,Noche,382,281,7.41,6.8,0.61
PD002402,20241121,A001,R022,L005,Noche,404,288,11.37,9.56,1.82
PD002403,20240217,A004,R003,L003,Día,392,351,9.13,6.81,2.32
PD002404,20240317,A002,R021,L004,Noche,137,148,10.3,6.93,3.37
PD002405,20240725,A001,R002,L002,Día,703,504,8.76,6.88,1.89
PD002406,20240717,A002,R015,L007,Día,249,222,7.78,5.16,2.62
PD002407,20241101,A004,R005,L006,Noche,354,359,11.01,10.01,1.01
PD002408,20241226,A003,R003,L005,Día,714,729,10.95,8.5,2.45
PD002409,20240716,A003,R028,L007,Día,118,112,7.12,5.11,2.02
PD002410,20240605,A005,R003,L007,Día,443,458,6.62,5.33,1.29
PD002411,20240106,A003,R021,L006,Noche,269,274,9.28,7.12,2.17
PD002412,20240404,A005,R017,L003,Día,695,721,9.09,7.18,1.91
PD002413,20240617,A004,R006,L004,Día,77,72,6.74,4.83,1.9
PD002414,20240519,A003,R012,L005,Día,862,724,9.59,6.68,2.9
PD002415,20240110,A003,R026,L002,Tarde,588,530,11.3,9.69,1.61
PD002416,20241107,A005,R005,L004,Noche,202,208,10.87,8.11,2.76
PD002417,20240315,A006,R019,L006,Día,581,644,10.58,8.61,1.97
PD002418,20240309,A001,R017,L001,Día,839,719,11.12,9.8,1.31
PD002419,20241111,A002,R017,L003,Noche,558,521,6.71,4.77,1.94
PD002420,20241011,A004,R007,L003,Noche,581,611,8.52,6.03,2.49
PD002421,20241207,A002,R016,L001,Noche,264,227,7.2,5.96,1.24
PD002422,20240901,A003,R018,L003,Noche,624,675,11.06,9.08,1.98
PD002423,20240228,A005,R003,L002,Noche,88,100,6.81,5.73,1.08
PD002424,20240120,A005,R012,L001,Tarde,824,874,11.33,7.71,3.62
PD002425,20240412,A005,R001,L004,Día,554,452,11.86,8.01,3.86
PD002426,20240924,A003,R006,L003,Día,187,154,9.49,6.68,2.81
PD002427,20240204,A003,R017,L007,Día,414,439,10.32,8.25,2.07
PD002428,20240722,A006,R011,L001,Tarde,471,472,6.4,5.21,1.19
PD002429,20240617,A001,R019,L004,Tarde,151,101,7.72,4.25,3.47
PD002430,20240115,A005,R008,L005,Tarde,73,63,10.94,9.52,1.42
PD002431,20241121,A006,R012,L002,Día,419,420,11.15,8.55,2.6
PD002432,20240414,A005,R027,L005,Tarde,605,500,9.81,6.6,3.21
PD002433,20240218,A001,R030,L007,Día,299,247,11.56,6.77,4.79
PD002434,20240425,A006,R002,L003,Noche,426,471,6.21,5.6,0.61
PD002435,20241005,A002,R014,L004,Noche,231,222,11.2,10.25,0.95
PD002436,20240502,A001,R019,L005,Día,474,481,11.81,9.89,1.92
PD002437,20240405,A001,R011,L002,Día,740,637,10.6,7.66,2.94
PD002438,20240215,A003,R018,L004,Tarde,595,566,11.32,8.66,2.65
PD002439,20241230,A003,R004,L007,Día,836,877,8.4,7.16,1.24
PD002440,20241208,A004,R007,L004,Tarde,636,681,10.55,8.81,1.74
PD002441,20241209,A001,R018,L003,Tarde,831,566,7.93,6.4,1.54
PD002442,20240129,A001,R022,L003,Día,233,187,9.35,5.17,4.17
PD002443,20241212,A001,R018,L007,Tarde,664,422,10.46,6.21,4.25
PD002444,20240102,A003,R020,L007,Noche,518,388,6.66,5.75,0.91
PD002445,20240306,A006,R011,L001,Día,342,316,7.9,7.12,0.78
PD002446,20241024,A003,R027,L005,Noche,772,766,6.91,5.04,1.87
PD002447,20241004,A006,R016,L006,Tarde,867,785,9.57,7.71,1.86
PD002448,20241220,A002,R025,L007,Tarde,762,743,10.49,9.29,1.2
PD002449,20240825,A001,R011,L001,Tarde,804,574,6.86,4.89,1.97
PD002450,20240427,A002,R007,L001,Tarde,448,375,9.52,8.58,0.95
PD002451,20241122,A003,R024,L003,Día,259,254,6.31,5.6,0.71
PD002452,20240307,A006,R008,L001,Día,342,280,7.29,5.45,1.84
PD002453,20240417,A006,R007,L001,Día,555,515,11.49,9.23,2.26
PD002454,20241219,A002,R015,L007,Tarde,153,127,7.35,5.95,1.41
PD002455,20240730,A002,R004,L001,Tarde,208,180,10.75,8.1,2.65
PD002456,20240710,A004,R018,L006,Tarde,862,731,8.83,7.66,1.16
PD002457,20240131,A005,R019,L006,Tarde,673,759,11.3,8.05,3.25
PD002458,20240621,A003,R029,L007,Noche,425,406,10.55,9.09,1.46
PD002459,20240115,A004,R013,L005,Tarde,196,167,7.36,5.5,1.86
PD002460,20240718,A004,R003,L004,Tarde,700,614,6.1,5.05,1.05
PD002461,20240120,A003,R007,L002,Tarde,768,793,11.44,9.66,1.79
PD002462,20241027,A006,R026,L005,Tarde,103,99,7.76,6.48,1.28
PD002463,20240808,A002,R013,L003,Noche,409,417,9.89,8.72,1.17
PD002464,20240321,A005,R002,L002,Tarde,96,96,7.44,6.2,1.24
PD002465,20240221,A003,R025,L002,Noche,289,306,7.05,6.03,1.02
PD002466,20240819,A003,R017,L002,Noche,430,324,9.88,7.37,2.52
PD002467,20240115,A004,R020,L005,Noche,437,409,9.4,6.76,2.64
PD002468,20240816,A004,R008,L003,Tarde,755,570,8.13,6.79,1.33
PD002469,20240717,A001,R020,L005,Día,724,618,6.11,4.72,1.39
PD002470,20240815,A003,R023,L006,Tarde,484,442,8.93,6.06,2.87
PD002471,20241030,A005,R002,L005,Día,756,824,11.84,10.76,1.07
PD002472,20240903,A006,R003,L001,Noche,483,493,7.79,6.81,0.99
PD002473,20240329,A006,R004,L006,Noche,77,66,10.19,7.91,2.28
PD002474,20240210,A003,R005,L001,Noche,405,447,6.51,5.89,0.63
PD002475,20241016,A002,R014,L006,Tarde,531,487,11.5,10.01,1.49
PD002476,20240321,A004,R014,L006,Tarde,143,154,7.54,5.88,1.65
PD002477,20241202,A002,R006,L002,Noche,221,189,7.2,6.35,0.85
PD002478,20240523,A001,R010,L007,Noche,297,241,6.74,3.86,2.88
PD002479,20240929,A005,R022,L001,Día,222,206,11.52,9.36,2.16
PD002480,20241214,A003,R023,L003,Noche,628,607,7.04,6.35,0.69
PD002481,20240501,A002,R022,L006,Día,217,184,7.28,6.2,1.08
PD002482,20240911,A006,R016,L001,Día,406,307,11.69,8.93,2.76
PD002483,20240508,A004,R020,L003,Noche,211,165,6.03,4.53,1.5
PD002484,20240825,A004,R029,L007,Noche,284,313,10.89,9.45,1.44
PD002485,20241016,A005,R024,L007,Tarde,402,326,7.43,6.31,1.12
PD002486,20240209,A001,R007,L001,Noche,435,326,7.13,3.93,3.2
PD002487,20240212,A001,R021,L006,Día,357,292,6.67,4.1,2.57
PD002488,20240623,A005,R027,L002,Tarde,723,761,8.77,7.89,0.87
PD002489,20240429,A003,R005,L004,Tarde,732,822,7.94,6.1,1.84
PD002490,20240212,A005,R027,L003,Noche,289,322,7.37,6.46,0.91
PD002491,20240724,A004,R018,L005,Noche,346,267,7.26,6.1,1.16
PD002492,20240706,A003,R007,L007,Día,390,300,8.37,6.41,1.96
PD002493,20240204,A003,R006,L001,Día,133,109,11.17,9.18,1.99
PD002494,20240519,A005,R023,L001,Tarde,251,258,11.74,9.1,2.64
PD002495,20240826,A006,R003,L001,Tarde,341,340,6.62,5.31,1.31
PD002496,20240307,A004,R027,L002,Tarde,449,488,7.67,5.16,2.51
PD002497,20240108,A004,R022,L005,Tarde,525,419,6.64,5.87,0.77
PD002498,20240206,A003,R028,L004,Día,896,755,10.01,6.66,3.35
PD002499,20241118,A001,R014,L001,Tarde,469,379,11.07,7.19,3.88
PD002500,20240813,A001,R002,L004,Tarde,389,257,6.06,3.66,2.4
PD002501,20241012,A003,R027,L003,Tarde,95,101,8.97,5.93,3.04
PD002502,20240519,A001,R003,L002,Tarde,254,159,6.38,4.22,2.16
PD002503,20240810,A006,R009,L003,Tarde,227,270,11.62,8.92,2.7
PD002504,20240819,A001,R018,L004,Día,690,501,7.23,6.21,1.02
PD002505,20241219,A004,R009,L004,Noche,260,190,9.83,8.73,1.1
PD002506,20240314,A003,R001,L005,Tarde,857,1017,8.22,5.91,2.31
PD002507,20240703,A005,R017,L002,Tarde,809,647,8.37,6.59,1.78
PD002508,20240917,A005,R022,L001,Día,660,684,8.02,6.01,2.01
PD002509,20240314,A006,R021,L005,Tarde,593,524,8.35,7.32,1.03
PD002510,20241201,A001,R017,L006,Tarde,776,510,9.0,5.63,3.37
PD002511,20240309,A005,R004,L001,Tarde,612,542,9.27,8.46,0.81
PD002512,20240326,A006,R007,L001,Tarde,361,390,10.79,7.56,3.24
PD002513,20241103,A004,R006,L004,Día,408,406,10.02,7.05,2.97
PD002514,20240317,A006,R009,L001,Día,816,620,10.09,8.84,1.25
PD002515,20241020,A005,R001,L003,Tarde,190,191,10.95,9.02,1.93
PD002516,20240325,A006,R006,L002,Día,665,599,8.16,6.42,1.74
PD002517,20240717,A001,R022,L003,Tarde,663,576,11.71,7.0,4.71
PD002518,20240921,A001,R008,L001,Tarde,639,397,9.09,7.23,1.86
PD002519,20240119,A005,R003,L003,Día,692,485,7.46,6.34,1.12
PD002520,20240713,A004,R006,L002,Día,243,180,6.32,5.65,0.66
PD002521,20240713,A001,R020,L004,Tarde,61,53,11.18,6.4,4.78
PD002522,20241211,A006,R014,L006,Noche,633,613,8.62,7.21,1.41
PD002523,20240504,A004,R030,L006,Día,471,582,9.04,7.28,1.76
PD002524,20240110,A002,R024,L003,Tarde,63,54,7.18,5.26,1.92
PD002525,20240622,A006,R011,L006,Tarde,690,572,9.43,8.55,0.87
PD002526,20240522,A005,R017,L005,Noche,890,649,8.4,7.34,1.06
PD002527,20240502,A004,R021,L003,Día,435,467,7.95,6.46,1.5
PD002528,20240323,A006,R030,L006,Día,439,435,10.31,8.98,1.33
PD002529,20240916,A002,R012,L003,Noche,540,536,8.51,5.93,2.58
PD002530,20240117,A003,R002,L003,Tarde,334,326,9.84,6.58,3.26
PD002531,20240315,A002,R012,L007,Noche,248,281,8.73,6.06,2.67
PD002532,20241118,A005,R011,L003,Día,830,690,10.88,7.71,3.17
PD002533,20240219,A006,R022,L001,Tarde,656,721,9.66,7.27,2.39
PD002534,20241022,A006,R008,L005,Noche,794,790,8.63,5.87,2.76
PD002535,20240112,A004,R020,L002,Día,514,450,7.75,5.32,2.42
PD002536,20240503,A001,R024,L006,Día,642,498,8.62,6.43,2.19
PD002537,20240314,A006,R029,L007,Tarde,334,286,11.96,8.28,3.68
PD002538,20240618,A001,R015,L006,Día,854,671,8.04,5.63,2.41
PD002539,20240503,A001,R002,L001,Noche,485,436,6.15,4.39,1.76
PD002540,20240827,A006,R021,L007,Día,178,187,6.11,4.5,1.62
PD002541,20240124,A002,R026,L005,Noche,341,375,9.78,8.05,1.73
PD002542,20240405,A003,R003,L002,Día,120,112,6.18,4.27,1.91
PD002543,20241104,A003,R027,L003,Noche,791,663,6.28,4.29,1.99
PD002544,20240716,A003,R024,L004,Tarde,677,646,10.04,9.04,1.01
PD002545,20240923,A001,R001,L004,Tarde,736,523,9.8,7.37,2.43
PD002546,20240705,A001,R001,L005,Día,306,239,10.35,9.04,1.31
PD002547,20241130,A002,R008,L006,Tarde,220,219,11.55,9.0,2.55
PD002548,20241011,A003,R003,L007,Noche,351,350,8.86,7.94,0.92
PD002549,20240117,A005,R018,L007,Noche,565,427,11.36,9.93,1.43
PD002550,20240522,A004,R030,L001,Noche,773,731,9.5,8.62,0.89
PD002551,20240110,A006,R007,L006,Día,233,182,11.28,8.71,2.56
PD002552,20241008,A001,R026,L003,Noche,406,294,11.94,10.58,1.36
PD002553,20240308,A002,R010,L004,Día,81,78,7.39,6.18,1.21
PD002554,20240320,A003,R006,L001,Noche,359,340,10.36,7.78,2.58
PD002555,20241221,A003,R006,L007,Día,74,50,11.29,8.64,2.65
PD002556,20240731,A003,R015,L001,Día,357,322,6.17,5.63,0.53
PD002557,20240907,A006,R023,L003,Noche,890,807,6.08,4.68,1.41
PD002558,20240221,A003,R009,L006,Noche,756,685,7.28,5.97,1.31
PD002559,20240626,A005,R025,L007,Tarde,605,544,6.98,6.09,0.89
PD002560,20240627,A001,R002,L003,Noche,860,733,8.72,7.17,1.55
PD002561,20240819,A003,R015,L005,Tarde,342,198,11.41,8.33,3.08
PD002562,20241124,A002,R028,L003,Noche,841,748,11.35,7.97,3.37
PD002563,20241114,A006,R027,L001,Tarde,241,163,6.68,5.33,1.36
PD002564,20240424,A003,R006,L004,Tarde,628,557,11.18,8.2,2.97
PD002565,20240305,A005,R005,L004,Noche,148,157,6.93,5.51,1.41
PD002566,20240625,A006,R005,L005,Noche,467,604,8.09,6.76,1.34
PD002567,20241224,A003,R010,L005,Noche,395,403,9.67,6.56,3.1
PD002568,20240509,A001,R012,L005,Noche,350,289,7.68,5.18,2.5
PD002569,20240424,A006,R013,L006,Noche,683,709,7.71,6.67,1.04
PD002570,20241219,A004,R021,L002,Noche,407,352,7.74,5.35,2.4
PD002571,20240116,A002,R026,L003,Tarde,528,537,8.69,7.62,1.07
PD002572,20240427,A003,R021,L001,Tarde,377,370,6.28,5.28,0.99
PD002573,20241217,A006,R023,L001,Tarde,345,375,9.67,7.09,2.58
PD002574,20240423,A006,R006,L005,Día,645,605,8.26,7.53,0.73
PD002575,20240625,A004,R003,L003,Día,855,844,9.7,8.44,1.27
PD002576,20240829,A003,R011,L004,Tarde,898,802,6.86,5.52,1.34
PD002577,20240605,A003,R011,L003,Noche,688,650,10.33,7.63,2.71
PD002578,20240311,A006,R022,L001,Día,816,778,8.88,7.1,1.78
PD002579,20241025,A004,R016,L004,Día,846,850,6.63,6.07,0.56
PD002580,20240126,A002,R018,L001,Día,578,553,9.97,6.59,3.38
PD002581,20240524,A003,R004,L007,Día,141,129,9.77,6.89,2.88
PD002582,20240607,A001,R023,L004,Tarde,794,497,10.86,7.59,3.27
PD002583,20240816,A001,R004,L006,Tarde,748,603,11.43,6.5,4.93
PD002584,20240205,A003,R002,L004,Tarde,792,704,9.77,8.52,1.25
PD002585,20240315,A005,R002,L004,Noche,690,647,8.5,7.76,0.74
PD002586,20241026,A003,R009,L003,Noche,839,669,10.65,7.83,2.82
PD002587,20240105,A001,R017,L002,Noche,686,584,10.55,9.18,1.37
PD002588,20241107,A002,R030,L006,Día,269,231,11.35,9.58,1.77
PD002589,20240913,A005,R003,L002,Noche,848,958,10.59,8.3,2.29
PD002590,20240731,A002,R019,L002,Día,432,348,9.65,8.53,1.11
PD002591,20240319,A002,R030,L001,Tarde,204,236,9.42,7.95,1.46
PD002592,20240313,A004,R011,L001,Tarde,622,642,9.46,7.91,1.55
PD002593,20241014,A006,R013,L003,Día,583,471,8.84,8.04,0.8
PD002594,20240619,A003,R016,L001,Noche,693,677,10.14,8.01,2.13
PD002595,20240316,A002,R002,L005,Noche,220,219,11.21,8.4,2.8
PD002596,20241014,A002,R022,L001,Tarde,318,358,7.27,6.62,0.65
PD002597,20240422,A003,R006,L004,Tarde,366,340,9.72,7.83,1.89
PD002598,20240626,A006,R012,L002,Tarde,167,177,9.83,8.41,1.42
PD002599,20240809,A004,R008,L001,Tarde,59,55,10.53,8.74,1.79
PD002600,20240908,A001,R023,L006,Noche,605,400,9.72,5.95,3.77
PD002601,20240716,A004,R028,L004,Día,690,690,7.83,6.13,1.71
PD002602,20240825,A003,R027,L003,Día,288,260,6.39,5.53,0.85
PD002603,20240302,A001,R018,L007,Día,515,380,8.06,7.09,0.97
PD002604,20240228,A004,R013,L002,Noche,351,366,8.1,5.39,2.71
PD002605,20240706,A003,R011,L001,Día,805,905,9.56,8.28,1.28
PD002606,20240210,A002,R028,L007,Tarde,545,459,10.33,9.29,1.04
PD002607,20241014,A003,R021,L003,Día,721,639,11.26,9.25,2.01
PD002608,20240813,A005,R028,L004,Tarde,885,790,7.77,5.21,2.56
PD002609,20241207,A004,R008,L002,Día,587,577,10.04,7.96,2.09
PD002610,20240803,A001,R025,L006,Tarde,384,284,7.21,6.24,0.96
PD002611,20241116,A004,R023,L007,Tarde,762,703,6.09,4.56,1.53
PD002612,20240506,A002,R020,L003,Noche,328,287,10.19,7.52,2.67
PD002613,20241206,A002,R014,L001,Noche,59,48,9.37,8.53,0.84
PD002614,20240119,A006,R023,L002,Tarde,595,503,11.42,10.47,0.95
PD002615,20240703,A004,R009,L004,Tarde,394,344,9.67,8.19,1.48
PD002616,20241030,A004,R002,L005,Tarde,409,416,11.13,8.82,2.31
PD002617,20240328,A004,R020,L003,Noche,694,584,11.97,8.11,3.85
PD002618,20241017,A002,R017,L006,Noche,497,577,8.61,6.57,2.04
PD002619,20240707,A004,R025,L005,Tarde,294,207,8.22,5.86,2.36
PD002620,20240610,A002,R003,L002,Tarde,187,166,6.52,4.87,1.65
PD002621,20240215,A005,R002,L004,Noche,891,841,11.32,7.8,3.52
PD002622,20240618,A006,R028,L005,Noche,854,832,11.77,8.19,3.58
PD002623,20240817,A004,R027,L001,Noche,296,287,11.99,10.94,1.05
PD002624,20240527,A005,R027,L004,Tarde,156,144,8.0,6.69,1.31
PD002625,20240105,A006,R021,L003,Tarde,299,305,8.73,7.48,1.25
PD002626,20240201,A005,R016,L005,Tarde,520,410,7.06,6.47,0.6
PD002627,20240612,A001,R013,L007,Tarde,582,463,9.21,7.69,1.51
PD002628,20240420,A006,R011,L001,Noche,177,141,7.23,6.22,1.01
PD002629,20240416,A005,R025,L007,Noche,100,86,6.67,4.41,2.26
PD002630,20240119,A001,R024,L004,Día,677,503,6.54,4.15,2.39
PD002631,20240124,A005,R028,L001,Día,402,417,6.94,6.05,0.89
PD002632,20240116,A003,R009,L004,Noche,820,817,8.76,7.43,1.34
PD002633,20240916,A006,R023,L006,Día,321,352,7.85,6.57,1.28
PD002634,20240225,A005,R017,L003,Día,363,326,9.44,7.0,2.44
PD002635,20240103,A005,R026,L002,Noche,400,405,8.93,6.61,2.32
PD002636,20240914,A002,R021,L001,Noche,487,401,9.34,8.25,1.09
PD002637,20240409,A003,R029,L007,Noche,836,855,8.38,6.7,1.68
PD002638,20240712,A006,R023,L004,Día,173,171,6.29,5.54,0.75
PD002639,20241115,A002,R006,L005,Día,116,103,8.1,6.59,1.51
PD002640,20241112,A006,R011,L002,Tarde,838,731,9.49,7.05,2.44
PD002641,20241009,A006,R020,L002,Tarde,177,192,8.28,6.07,2.21
PD002642,20240612,A003,R017,L005,Día,834,814,6.9,6.19,0.71
PD002643,20240415,A004,R023,L004,Día,886,973,8.05,5.9,2.15
PD002644,20241112,A006,R028,L003,Noche,402,374,6.84,5.38,1.46
PD002645,20240904,A005,R025,L005,Día,664,691,11.89,9.34,2.55
PD002646,20240825,A005,R010,L003,Tarde,855,985,8.87,6.52,2.36
PD002647,20240208,A006,R012,L007,Noche,421,432,11.46,8.75,2.71
PD002648,20240307,A002,R021,L006,Tarde,780,861,6.94,6.25,0.69
PD002649,20240520,A001,R028,L001,Tarde,706,681,8.51,6.77,1.74
PD002650,20240114,A004,R021,L004,Día,494,524,8.78,6.79,1.99
PD002651,20240829,A003,R010,L007,Tarde,88,85,8.3,5.72,2.59
PD002652,20240411,A006,R008,L002,Tarde,312,346,7.83,6.34,1.49
PD002653,20240809,A003,R014,L005,Tarde,691,681,9.76,7.59,2.17
PD002654,20240731,A006,R002,L001,Noche,200,187,11.67,8.25,3.42
PD002655,20240129,A005,R028,L005,Noche,797,743,11.22,7.96,3.26
PD002656,20241026,A002,R019,L005,Día,734,736,10.14,8.71,1.43
PD002657,20240823,A002,R021,L006,Día,663,648,9.62,7.56,2.06
PD002658,20241122,A004,R006,L004,Noche,461,364,8.22,6.09,2.13
PD002659,20240603,A006,R003,L006,Día,864,1028,9.35,6.54,2.82
PD002660,20240219,A005,R024,L007,Día,143,134,11.26,8.31,2.95
PD002661,20240802,A002,R026,L001,Noche,525,526,11.49,8.65,2.84
PD002662,20240101,A004,R022,L005,Noche,728,818,8.98,7.44,1.53
PD002663,20240530,A005,R002,L001,Día,130,105,10.19,8.08,2.1
PD002664,20241122,A005,R013,L005,Tarde,354,369,9.39,6.47,2.92
PD002665,20240520,A003,R019,L006,Día,256,216,6.01,4.28,1.74
PD002666,20240818,A005,R027,L006,Noche,783,746,9.94,7.94,2.01
PD002667,20240126,A006,R020,L003,Tarde,440,482,6.68,4.57,2.12
PD002668,20240409,A004,R004,L003,Día,336,358,6.81,4.65,2.16
PD002669,20240403,A005,R006,L006,Día,513,452,8.5,7.01,1.49
PD002670,20241209,A006,R014,L002,Tarde,176,135,10.88,8.48,2.4
PD002671,20241007,A005,R020,L005,Día,488,330,8.07,6.51,1.56
PD002672,20240730,A003,R004,L005,Día,718,815,9.84,7.47,2.36
PD002673,20240406,A001,R012,L006,Día,373,192,6.98,5.23,1.75
PD002674,20241222,A004,R012,L007,Noche,121,113,11.78,8.3,3.47
PD002675,20240614,A001,R022,L007,Tarde,740,460,6.54,4.14,2.41
PD002676,20240828,A004,R014,L007,Día,396,289,7.22,5.87,1.35
PD002677,20240527,A004,R010,L006,Día,892,754,8.86,7.46,1.4
PD002678,20240212,A004,R012,L001,Día,589,527,11.99,9.39,2.59
PD002679,20241214,A006,R019,L007,Día,100,104,6.41,4.75,1.66
PD002680,20240925,A002,R010,L002,Día,784,763,8.47,6.84,1.63
PD002681,20240205,A003,R012,L005,Día,698,591,9.8,8.1,1.7
PD002682,20240513,A004,R027,L007,Tarde,268,207,6.14,4.4,1.74
PD002683,20240731,A005,R030,L003,Día,244,263,9.63,7.67,1.96
PD002684,20240429,A003,R022,L006,Noche,131,116,6.67,5.13,1.54
PD002685,20240904,A005,R027,L005,Día,522,447,8.73,6.87,1.86
PD002686,20240311,A002,R023,L004,Noche,776,833,7.7,6.67,1.03
PD002687,20240502,A005,R017,L001,Día,883,772,10.8,7.6,3.2
PD002688,20240505,A001,R020,L004,Noche,746,587,9.14,5.97,3.17
PD002689,20240101,A003,R015,L004,Noche,380,389,9.62,6.53,3.09
PD002690,20241106,A006,R023,L005,Día,335,334,7.96,7.14,0.82
PD002691,20240902,A001,R012,L001,Día,775,599,7.29,4.68,2.61
PD002692,20240225,A002,R022,L001,Noche,104,87,9.9,8.91,0.99
PD002693,20240704,A001,R001,L001,Día,96,81,7.58,5.18,2.4
PD002694,20240206,A003,R007,L004,Noche,280,237,6.64,4.61,2.03
PD002695,20240710,A006,R025,L002,Día,580,562,6.77,5.18,1.59
PD002696,20241106,A004,R024,L004,Tarde,885,724,8.39,7.07,1.32
PD002697,20240603,A006,R014,L004,Noche,267,274,10.67,7.56,3.11
PD002698,20240322,A002,R005,L003,Tarde,261,290,8.84,6.17,2.67
PD002699,20241031,A001,R023,L004,Día,596,445,11.94,10.4,1.53
PD002700,20240505,A003,R013,L005,Día,676,678,6.46,5.37,1.09
PD002701,20240911,A003,R029,L004,Día,614,479,7.0,6.07,0.93
PD002702,20241209,A001,R019,L001,Día,172,107,6.54,5.4,1.14
PD002703,20240215,A002,R009,L004,Tarde,669,585,8.22,6.88,1.34
PD002704,20240924,A001,R015,L001,Día,297,221,6.8,4.68,2.12
PD002705,20241119,A003,R026,L007,Día,606,578,10.93,9.18,1.74
PD002706,20240622,A002,R027,L004,Noche,598,648,7.57,6.32,1.26
PD002707,20240123,A003,R005,L001,Día,163,105,6.68,4.46,2.22
PD002708,20240515,A005,R021,L006,Día,840,833,7.65,6.93,0.72
PD002709,20240714,A002,R017,L005,Tarde,491,465,11.87,10.65,1.22
PD002710,20240118,A001,R006,L003,Día,272,242,10.4,5.68,4.73
PD002711,20240224,A001,R002,L006,Tarde,354,316,10.81,7.34,3.47
PD002712,20240713,A005,R021,L002,Tarde,252,222,6.7,5.89,0.81
PD002713,20240304,A001,R003,L004,Noche,155,125,11.09,9.66,1.42
PD002714,20240516,A001,R001,L005,Día,540,376,10.16,6.34,3.83
PD002715,20240926,A001,R024,L007,Día,94,94,7.07,5.17,1.9
PD002716,20240121,A006,R028,L006,Día,699,639,9.24,8.3,0.94
PD002717,20240322,A001,R011,L005,Tarde,623,484,9.74,5.53,4.21
PD002718,20240122,A003,R015,L003,Día,649,575,8.77,7.33,1.45
PD002719,20240723,A001,R010,L007,Día,215,147,6.56,5.1,1.46
PD002720,20240216,A004,R025,L003,Día,183,183,8.79,6.31,2.48
PD002721,20240313,A001,R018,L003,Día,189,154,9.07,7.89,1.18
PD002722,20240408,A003,R012,L002,Noche,610,511,10.51,8.62,1.89
PD002723,20240318,A005,R008,L007,Tarde,650,543,8.86,7.26,1.6
PD002724,20240919,A003,R024,L004,Tarde,255,295,8.9,7.71,1.19
PD002725,20241122,A001,R024,L006,Día,76,60,7.9,5.35,2.55
PD002726,20241027,A006,R009,L007,Tarde,313,358,10.96,9.52,1.44
PD002727,20240327,A006,R001,L005,Tarde,207,206,8.17,7.42,0.75
PD002728,20241109,A006,R028,L001,Tarde,737,762,9.69,6.96,2.73
PD002729,20240605,A002,R018,L001,Noche,782,688,11.94,9.17,2.77
PD002730,20241217,A004,R006,L001,Día,233,250,8.84,7.14,1.7
PD002731,20240402,A006,R007,L004,Noche,363,375,10.51,7.62,2.89
PD002732,20240815,A005,R013,L001,Día,145,167,9.28,6.3,2.98
PD002733,20240614,A001,R008,L003,Día,51,36,11.43,9.65,1.77
PD002734,20241009,A004,R023,L007,Noche,494,487,10.52,7.87,2.65
PD002735,20241012,A006,R009,L006,Tarde,416,476,7.42,5.08,2.34
PD002736,20240813,A005,R005,L002,Tarde,425,363,11.31,10.32,0.99
PD002737,20240909,A006,R003,L006,Tarde,227,193,7.83,6.32,1.51
PD002738,20240321,A001,R022,L001,Noche,75,60,6.0,3.82,2.18
PD002739,20240427,A002,R010,L006,Tarde,381,353,7.69,6.65,1.04
PD002740,20240505,A005,R001,L003,Noche,58,56,11.39,9.8,1.59
PD002741,20240831,A001,R002,L002,Día,269,190,8.32,6.86,1.46
PD002742,20240408,A006,R005,L001,Día,747,711,6.67,5.16,1.5
PD002743,20240131,A002,R028,L004,Noche,485,512,6.37,4.84,1.54
PD002744,20241114,A003,R027,L002,Noche,207,195,6.89,5.76,1.13
PD002745,20240120,A003,R009,L006,Tarde,515,558,9.36,6.69,2.67
PD002746,20240828,A004,R020,L003,Tarde,280,204,6.34,5.61,0.73
PD002747,20240527,A005,R006,L003,Tarde,675,676,8.04,5.6,2.45
PD002748,20240207,A002,R014,L001,Tarde,881,872,9.24,7.91,1.33
PD002749,20241106,A003,R006,L005,Noche,639,599,11.19,9.03,2.16
PD002750,20240811,A004,R001,L004,Tarde,621,719,8.36,6.69,1.67
PD002751,20240617,A006,R018,L003,Tarde,420,403,9.54,7.07,2.47
PD002752,20240913,A004,R029,L001,Día,282,249,8.95,7.99,0.96
PD002753,20240107,A004,R025,L006,Día,373,368,7.56,6.13,1.43
PD002754,20241015,A002,R030,L005,Noche,842,636,10.73,8.51,2.21
PD002755,20241031,A004,R019,L006,Noche,302,269,9.23,6.74,2.48
PD002756,20240127,A004,R009,L003,Día,674,567,6.46,5.11,1.35
PD002757,20240722,A001,R021,L007,Noche,693,352,7.0,4.4,2.61
PD002758,20240907,A002,R023,L006,Día,785,673,8.55,7.19,1.36
PD002759,20241027,A002,R022,L003,Día,666,670,7.94,6.91,1.03
PD002760,20240101,A005,R008,L001,Noche,436,411,9.83,7.01,2.83
PD002761,20240122,A005,R013,L007,Tarde,340,369,10.16,8.52,1.64
PD002762,20240613,A006,R025,L002,Noche,249,220,8.33,7.56,0.78
PD002763,20240903,A002,R021,L004,Noche,822,686,7.25,6.18,1.07
PD002764,20241005,A002,R006,L003,Día,650,631,6.27,5.23,1.04
PD002765,20240529,A002,R012,L002,Tarde,74,77,10.41,7.64,2.77
PD002766,20240415,A006,R007,L002,Día,459,447,6.87,6.21,0.65
PD002767,20240204,A006,R017,L003,Día,656,606,11.49,8.84,2.65
PD002768,20241116,A004,R028,L004,Tarde,299,306,9.04,6.67,2.37
PD002769,20241119,A001,R001,L006,Noche,299,197,7.14,5.87,1.27
PD002770,20241203,A002,R022,L002,Noche,601,621,11.8,8.03,3.76
PD002771,20241021,A001,R017,L006,Día,99,73,7.45,6.49,0.96
PD002772,20240124,A006,R005,L001,Noche,311,284,11.13,9.45,1.68
PD002773,20241017,A003,R003,L003,Día,819,746,10.06,8.53,1.53
PD002774,20241102,A004,R013,L007,Tarde,236,267,6.82,4.57,2.25
PD002775,20240420,A004,R023,L002,Noche,249,249,10.97,8.07,2.89
PD002776,20240807,A003,R016,L002,Tarde,506,334,11.13,10.03,1.1
PD002777,20240702,A002,R001,L007,Tarde,282,324,11.39,8.68,2.71
PD002778,20240415,A005,R009,L006,Noche,441,461,6.16,4.94,1.23
PD002779,20241101,A005,R009,L003,Noche,53,59,10.12,7.33,2.79
PD002780,20240319,A005,R011,L002,Tarde,715,766,10.61,9.27,1.35
PD002781,20241025,A002,R008,L003,Día,747,624,9.82,7.12,2.7
PD002782,20240704,A002,R004,L001,Día,484,415,11.06,9.71,1.35
PD002783,20241012,A004,R002,L005,Día,120,98,9.03,7.12,1.91
PD002784,20241029,A001,R027,L006,Noche,446,311,9.76,8.3,1.46
PD002785,20240211,A005,R012,L004,Tarde,486,353,9.52,6.36,3.16
PD002786,20240705,A004,R022,L005,Tarde,658,647,10.56,8.7,1.86
PD002787,20240308,A006,R008,L007,Tarde,759,725,6.16,5.35,0.81
PD002788,20240104,A004,R030,L003,Tarde,833,709,8.23,6.29,1.94
PD002789,20240718,A005,R019,L005,Tarde,328,382,7.45,5.19,2.26
PD002790,20240906,A006,R002,L002,Tarde,350,364,8.18,6.52,1.66
PD002791,20240610,A002,R003,L007,Tarde,728,415,10.47,7.33,3.14
PD002792,20240721,A004,R018,L004,Noche,104,107,11.96,10.75,1.21
PD002793,20240529,A002,R002,L003,Noche,111,100,10.62,9.42,1.2
PD002794,20240219,A003,R024,L004,Noche,534,492,7.34,5.75,1.59
PD002795,20240429,A002,R009,L007,Noche,759,801,6.78,4.48,2.3
PD002796,20240409,A001,R014,L005,Tarde,678,568,7.08,4.43,2.65
PD002797,20241129,A003,R002,L001,Tarde,341,307,7.15,5.27,1.88
PD002798,20240816,A002,R013,L005,Tarde,188,151,10.53,8.44,2.09
PD002799,20240415,A001,R017,L004,Noche,651,560,6.12,4.34,1.78
PD002800,20240603,A005,R010,L002,Día,426,376,10.39,8.6,1.79
PD002801,20241220,A006,R014,L006,Día,411,414,6.54,5.14,1.4
PD002802,20240205,A003,R003,L005,Noche,132,130,8.73,7.02,1.71
PD002803,20240917,A005,R004,L001,Día,643,778,10.63,7.86,2.77
PD002804,20241101,A005,R020,L004,Noche,119,101,10.95,7.47,3.48
PD002805,20241030,A002,R030,L007,Tarde,892,762,11.86,9.07,2.79
PD002806,20240728,A001,R019,L005,Día,411,348,7.66,4.63,3.02
PD002807,20241122,A004,R020,L002,Tarde,458,387,8.43,7.7,0.72
PD002808,20240415,A002,R030,L004,Tarde,678,562,10.55,7.87,2.69
PD002809,20240316,A001,R028,L005,Noche,722,465,10.68,7.42,3.26
PD002810,20240811,A005,R010,L003,Día,228,259,10.7,8.64,2.06
PD002811,20240418,A004,R003,L007,Noche,113,100,9.23,6.25,2.98
PD002812,20240723,A006,R021,L003,Día,431,404,11.47,10.48,0.99
PD002813,20240218,A001,R012,L006,Día,419,278,9.13,8.09,1.04
PD002814,20240128,A002,R029,L004,Tarde,654,668,7.84,5.53,2.31
PD002815,20240203,A001,R013,L002,Noche,308,242,6.58,3.69,2.89
PD002816,20240523,A002,R027,L005,Noche,793,787,11.68,9.96,1.72
PD002817,20240318,A006,R005,L006,Día,373,326,7.98,6.73,1.25
PD002818,20240801,A006,R023,L007,Tarde,704,680,11.33,9.57,1.76
PD002819,20240715,A003,R013,L004,Tarde,189,180,9.78,6.63,3.15
PD002820,20240110,A001,R009,L002,Tarde,268,225,7.57,6.17,1.41
PD002821,20240125,A004,R029,L001,Día,73,77,10.56,7.98,2.58
PD002822,20241002,A006,R021,L007,Noche,719,660,10.1,9.21,0.9
PD002823,20240101,A002,R019,L001,Noche,742,749,11.55,7.83,3.72
PD002824,20240704,A005,R008,L002,Tarde,263,223,7.18,5.71,1.47
PD002825,20240721,A002,R008,L005,Tarde,109,109,8.54,5.7,2.84
PD002826,20241126,A003,R030,L006,Noche,483,403,7.08,4.94,2.14
PD002827,20241117,A003,R021,L005,Noche,750,1033,9.74,8.54,1.2
PD002828,20240228,A004,R012,L003,Noche,641,661,10.86,8.46,2.39
PD002829,20240313,A003,R001,L007,Noche,537,442,7.41,6.7,0.7
PD002830,20240201,A006,R009,L007,Noche,483,455,9.45,7.86,1.6
PD002831,20240121,A006,R029,L004,Tarde,134,125,7.73,5.58,2.15
PD002832,20240329,A004,R009,L001,Tarde,182,174,9.21,7.64,1.57
PD002833,20240621,A002,R003,L002,Día,862,727,11.62,9.54,2.08
PD002834,20240901,A002,R025,L004,Noche,730,505,10.61,8.11,2.5
PD002835,20241121,A005,R024,L001,Día,255,288,9.27,7.96,1.3
PD002836,20241003,A003,R017,L005,Noche,668,624,9.16,7.26,1.9
PD002837,20240511,A003,R015,L005,Noche,281,291,6.16,5.62,0.54
PD002838,20240504,A005,R017,L004,Tarde,321,256,11.35,7.85,3.5
PD002839,20240615,A004,R001,L001,Tarde,801,831,11.46,7.85,3.61
PD002840,20240727,A005,R018,L003,Noche,172,161,8.29,7.61,0.68
PD002841,20241006,A002,R016,L002,Noche,478,445,10.7,8.61,2.09
PD002842,20240509,A006,R018,L003,Día,405,319,11.59,8.21,3.38
PD002843,20240701,A006,R023,L007,Noche,174,163,11.89,8.15,3.75
PD002844,20240106,A005,R020,L007,Tarde,85,89,10.23,9.38,0.85
PD002845,20240819,A001,R006,L004,Día,859,659,8.0,5.61,2.39
PD002846,20240210,A005,R018,L001,Tarde,293,341,6.28,5.57,0.71
PD002847,20240928,A004,R030,L002,Día,143,143,6.61,4.54,2.07
PD002848,20241223,A003,R013,L003,Tarde,149,172,9.6,7.07,2.53
PD002849,20240408,A001,R003,L007,Tarde,669,520,6.23,3.81,2.42
PD002850,20240209,A002,R030,L006,Día,619,495,11.19,8.02,3.17
PD002851,20240303,A005,R028,L005,Tarde,683,600,7.6,5.04,2.56
PD002852,20241209,A006,R023,L006,Noche,508,431,10.37,7.05,3.32
PD002853,20240412,A001,R024,L004,Tarde,621,455,10.94,8.5,2.44
PD002854,20240512,A001,R026,L006,Día,94,78,9.85,5.69,4.16
PD002855,20240623,A004,R003,L004,Tarde,89,87,7.45,6.73,0.72
PD002856,20241208,A002,R011,L007,Tarde,432,376,9.45,6.97,2.48
PD002857,20240704,A005,R004,L003,Día,812,784,7.21,4.95,2.25
PD002858,20240612,A005,R025,L005,Tarde,595,485,9.76,7.17,2.59
PD002859,20240506,A001,R021,L004,Noche,682,556,6.44,4.88,1.56
PD002860,20240120,A001,R002,L004,Día,800,503,7.31,5.29,2.03
PD002861,20240216,A005,R004,L007,Día,846,721,11.61,7.91,3.7
PD002862,20240819,A003,R001,L001,Noche,802,830,7.33,5.41,1.92
PD002863,20240120,A003,R007,L004,Día,578,516,11.1,9.22,1.88
PD002864,20240816,A006,R023,L001,Día,719,707,10.84,9.15,1.69
PD002865,20240201,A002,R015,L003,Día,753,639,6.69,5.97,0.73
PD002866,20240215,A006,R019,L001,Tarde,167,159,11.37,9.03,2.34
PD002867,20240316,A004,R002,L007,Día,611,608,8.6,6.56,2.04
PD002868,20241022,A005,R021,L003,Noche,582,621,10.54,9.17,1.36
PD002869,20240615,A003,R012,L001,Día,799,706,8.77,6.1,2.66
PD002870,20240226,A005,R016,L006,Noche,632,508,6.16,5.52,0.63
PD002871,20240325,A002,R022,L003,Noche,175,163,11.93,9.89,2.04
PD002872,20240110,A006,R006,L005,Día,414,313,6.92,5.94,0.98
PD002873,20241118,A002,R028,L002,Noche,580,594,6.61,5.04,1.57
PD002874,20241108,A005,R020,L004,Tarde,196,180,6.46,5.17,1.29
PD002875,20241031,A005,R005,L002,Día,523,409,10.62,8.47,2.15
PD002876,20241230,A001,R005,L004,Noche,526,374,7.25,5.03,2.23
PD002877,20240527,A003,R026,L002,Noche,205,213,6.56,4.58,1.98
PD002878,20241204,A001,R022,L003,Día,189,120,7.78,4.37,3.4
PD002879,20240817,A005,R003,L002,Día,219,222,11.71,8.92,2.79
PD002880,20240204,A005,R013,L005,Día,413,468,8.41,7.66,0.74
PD002881,20240630,A001,R007,L007,Tarde,570,526,9.88,6.9,2.98
PD002882,20240501,A006,R024,L002,Tarde,347,343,8.42,7.57,0.84
PD002883,20240107,A001,R011,L005,Tarde,825,692,8.3,6.3,2.0
PD002884,20241219,A004,R017,L004,Tarde,275,232,11.3,8.29,3.01
PD002885,20240722,A006,R003,L007,Tarde,470,494,7.02,5.14,1.88
PD002886,20241229,A004,R014,L007,Noche,193,196,9.41,8.02,1.39
PD002887,20240425,A005,R002,L007,Día,621,709,11.48,8.92,2.56
PD002888,20240925,A005,R017,L001,Día,513,502,6.67,5.69,0.98
PD002889,20240703,A005,R015,L006,Tarde,96,92,11.15,7.76,3.39
PD002890,20240629,A005,R018,L001,Noche,324,349,8.71,6.48,2.23
PD002891,20240320,A002,R006,L004,Noche,200,215,10.64,7.51,3.13
PD002892,20240530,A003,R013,L003,Noche,187,132,8.98,6.79,2.19
PD002893,20240618,A006,R007,L003,Día,108,118,7.77,7.1,0.67
PD002894,20240627,A004,R018,L001,Día,508,527,7.2,6.25,0.95
PD002895,20240412,A001,R009,L005,Noche,330,261,6.3,3.67,2.63
PD002896,20240713,A006,R002,L005,Día,628,607,10.94,9.68,1.26
PD002897,20240103,A001,R011,L004,Tarde,143,116,10.49,6.75,3.74
PD002898,20241031,A003,R025,L007,Tarde,182,199,8.3,7.21,1.09
PD002899,20240603,A005,R020,L005,Noche,717,733,8.17,7.15,1.02
PD002900,20240820,A001,R029,L001,Tarde,650,533,9.88,8.7,1.18
PD002901,20240323,A001,R023,L006,Día,837,735,10.75,7.87,2.87
PD002902,20240213,A002,R021,L002,Día,351,359,6.41,5.78,0.63
PD002903,20240413,A004,R022,L006,Noche,226,278,10.98,8.2,2.78
PD002904,20240415,A003,R005,L007,Noche,504,558,6.99,4.76,2.23
PD002905,20241105,A004,R029,L006,Noche,393,400,6.96,4.73,2.23
PD002906,20241003,A003,R001,L001,Tarde,252,212,10.48,7.16,3.33
PD002907,20241101,A001,R009,L001,Tarde,721,548,11.53,7.97,3.57
PD002908,20240515,A001,R025,L005,Noche,61,43,8.73,4.83,3.9
PD002909,20241211,A002,R009,L002,Día,698,640,9.08,7.06,2.02
PD002910,20241002,A004,R022,L006,Noche,227,189,7.59,6.67,0.92
PD002911,20240414,A004,R018,L003,Día,187,180,7.68,5.96,1.73
PD002912,20240201,A002,R011,L007,Tarde,375,360,8.73,6.77,1.96
PD002913,20240917,A002,R012,L001,Tarde,385,434,8.7,6.65,2.04
PD002914,20240812,A001,R010,L007,Noche,180,146,6.14,4.39,1.76
PD002915,20240806,A004,R010,L002,Día,311,307,6.31,4.67,1.64
PD002916,20241120,A004,R007,L003,Tarde,660,696,8.99,6.39,2.59
PD002917,20240919,A001,R014,L001,Tarde,880,750,8.2,5.07,3.13
PD002918,20240224,A002,R028,L006,Noche,837,796,10.33,7.56,2.77
PD002919,20241111,A001,R029,L007,Noche,306,271,7.72,5.65,2.07
PD002920,20240622,A004,R005,L004,Tarde,379,226,9.04,8.27,0.77
PD002921,20240203,A006,R027,L005,Noche,770,875,8.1,6.33,1.77
PD002922,20240408,A005,R027,L004,Noche,488,337,6.84,4.82,2.02
PD002923,20241220,A005,R030,L001,Día,885,961,9.19,6.49,2.7
PD002924,20240117,A003,R004,L007,Tarde,624,646,10.8,9.18,1.62
PD002925,20240106,A005,R025,L006,Día,708,690,11.4,7.69,3.71
PD002926,20241120,A004,R005,L006,Tarde,701,776,10.12,7.07,3.05
PD002927,20240728,A002,R020,L003,Tarde,681,645,6.02,4.33,1.7
PD002928,20240626,A003,R014,L001,Tarde,419,415,7.41,6.79,0.62
PD002929,20240911,A002,R008,L005,Noche,296,252,7.49,6.56,0.93
PD002930,20241029,A004,R008,L004,Noche,147,140,11.18,9.37,1.82
PD002931,20240520,A001,R001,L003,Día,540,538,10.97,8.45,2.52
PD002932,20240113,A001,R021,L006,Día,891,682,10.17,6.94,3.23
PD002933,20240816,A003,R022,L004,Día,163,170,7.1,5.1,1.99
PD002934,20240613,A004,R016,L002,Noche,125,119,11.67,7.7,3.96
PD002935,20240913,A004,R024,L001,Noche,390,367,11.05,8.5,2.55
PD002936,20240919,A003,R015,L006,Tarde,395,338,10.48,8.57,1.92
PD002937,20240502,A001,R011,L002,Día,625,520,10.93,9.19,1.75
PD002938,20240320,A002,R022,L003,Día,139,110,7.84,6.9,0.94
PD002939,20240203,A002,R013,L002,Noche,771,670,11.32,10.41,0.91
PD002940,20240318,A003,R015,L004,Tarde,694,583,7.28,6.51,0.77
PD002941,20240521,A006,R016,L005,Noche,698,749,9.18,7.97,1.21
PD002942,20240324,A001,R010,L007,Tarde,574,466,11.25,9.78,1.47
PD002943,20240128,A004,R028,L004,Noche,728,779,7.8,6.2,1.6
PD002944,20240316,A006,R023,L006,Tarde,608,588,10.14,6.7,3.45
PD002945,20240831,A004,R024,L007,Día,233,248,7.35,5.91,1.44
PD002946,20241114,A005,R017,L005,Día,778,798,6.97,4.96,2.01
PD002947,20240502,A004,R020,L004,Día,259,215,6.82,4.67,2.15
PD002948,20241216,A001,R001,L004,Día,229,128,6.45,5.42,1.03
PD002949,20240516,A001,R016,L004,Tarde,223,177,10.47,8.29,2.19
PD002950,20241216,A005,R001,L006,Tarde,336,338,10.26,7.2,3.06
PD002951,20240229,A004,R011,L007,Tarde,113,131,7.63,6.45,1.19
PD002952,20240313,A005,R004,L005,Día,478,494,8.49,6.83,1.66
PD002953,20240609,A001,R014,L001,Noche,561,415,11.23,9.55,1.68
PD002954,20240415,A004,R016,L006,Tarde,324,315,6.08,4.47,1.61
PD002955,20240204,A004,R013,L003,Día,542,558,8.04,6.88,1.16
PD002956,20240529,A005,R017,L007,Día,90,94,11.52,8.61,2.91
PD002957,20240506,A004,R008,L005,Tarde,154,143,10.19,8.72,1.47
PD002958,20240309,A005,R016,L001,Tarde,329,273,8.9,7.51,1.39
PD002959,20240911,A004,R019,L001,Noche,663,708,10.16,6.91,3.25
PD002960,20240404,A006,R010,L004,Tarde,643,508,9.23,6.86,2.37
PD002961,20241216,A004,R022,L004,Tarde,615,624,6.45,4.39,2.07
PD002962,20240529,A005,R004,L002,Noche,597,505,7.17,6.0,1.17
PD002963,20241208,A004,R010,L003,Noche,880,558,8.12,6.27,1.85
PD002964,20241008,A003,R030,L003,Noche,524,490,6.7,6.07,0.63
PD002965,20240513,A003,R016,L005,Noche,853,791,7.3,5.34,1.97
PD002966,20240505,A001,R001,L006,Noche,704,451,11.26,9.12,2.13
PD002967,20240721,A005,R020,L004,Día,568,618,8.54,7.25,1.28
PD002968,20240719,A003,R021,L003,Día,732,540,7.51,6.1,1.41
PD002969,20241003,A002,R014,L007,Noche,731,734,7.95,7.12,0.83
PD002970,20240930,A003,R003,L006,Noche,83,85,9.78,8.22,1.56
PD002971,20240703,A004,R021,L004,Noche,54,52,6.23,4.92,1.31
PD002972,20241031,A004,R015,L007,Día,697,641,9.83,6.61,3.23
PD002973,20241010,A003,R009,L005,Tarde,119,97,6.06,5.3,0.76
PD002974,20241019,A005,R022,L003,Tarde,254,234,6.28,4.88,1.4
PD002975,20240114,A001,R024,L001,Día,612,509,6.39,4.19,2.21
PD002976,20240409,A001,R006,L007,Día,610,383,6.4,4.2,2.2
PD002977,20240229,A006,R027,L006,Día,468,318,7.31,6.71,0.6
PD002978,20240815,A003,R030,L006,Tarde,112,98,6.5,4.29,2.21
PD002979,20240623,A001,R016,L005,Noche,221,178,9.53,5.61,3.93
PD002980,20240217,A002,R020,L007,Tarde,731,520,10.23,8.71,1.53
PD002981,20240126,A001,R029,L006,Tarde,62,39,7.16,4.78,2.38
PD002982,20240224,A005,R009,L007,Noche,892,1021,11.95,8.59,3.35
PD002983,20240917,A006,R004,L002,Noche,71,76,11.67,8.36,3.31
PD002984,20240131,A003,R004,L002,Noche,249,252,8.42,6.3,2.12
PD002985,20240116,A003,R014,L004,Noche,291,284,11.8,10.08,1.72
PD002986,20241226,A003,R018,L001,Día,699,460,7.65,6.02,1.64
PD002987,20241012,A002,R009,L001,Día,128,139,8.93,7.24,1.69
PD002988,20240323,A001,R018,L004,Noche,476,324,11.96,9.47,2.49
PD002989,20240111,A006,R024,L005,Día,677,576,10.12,6.74,3.38
PD002990,20241105,A001,R008,L002,Tarde,312,217,11.54,9.08,2.46
PD002991,20240906,A005,R029,L004,Noche,152,145,9.06,6.4,2.66
PD002992,20240804,A006,R012,L005,Día,293,238,7.44,5.2,2.24
PD002993,20240313,A002,R025,L004,Tarde,527,434,8.1,7.25,0.85
PD002994,20241116,A001,R016,L004,Día,521,430,11.92,7.45,4.47
PD002995,20241010,A001,R018,L001,Noche,439,433,6.46,3.74,2.71
PD002996,20241116,A001,R025,L002,Noche,361,281,10.09,7.03,3.06
PD002997,20240608,A001,R002,L002,Día,161,152,11.77,8.72,3.05
PD002998,20240203,A001,R028,L007,Tarde,858,682,11.39,6.46,4.93
PD002999,20240420,A002,R004,L002,Tarde,398,418,11.12,9.46,1.66
PD003000,20240805,A006,R027,L002,Noche,63,63,6.63,5.69,0.94
PD003001,20240606,A003,R018,L002,Tarde,70,71,11.75,7.91,3.85
PD003002,20241212,A001,R010,L003,Tarde,658,452,6.2,3.39,2.81
PD003003,20240630,A005,R027,L001,Noche,849,747,7.86,6.99,0.87
PD003004,20240504,A005,R028,L003,Día,213,201,11.71,8.9,2.81
PD003005,20240526,A004,R001,L007,Noche,891,803,10.6,7.56,3.04
PD003006,20240625,A001,R011,L003,Tarde,286,221,11.76,6.65,5.12
PD003007,20240617,A001,R026,L001,Día,891,556,7.44,6.18,1.26
PD003008,20240103,A006,R004,L001,Tarde,431,487,10.32,8.01,2.31
PD003009,20241007,A006,R027,L007,Tarde,206,231,10.58,8.15,2.43
PD003010,20240209,A004,R008,L004,Tarde,520,520,11.01,7.34,3.67
PD003011,20241220,A001,R004,L003,Noche,316,247,10.74,6.92,3.82
PD003012,20241117,A002,R017,L006,Tarde,891,804,9.01,6.27,2.74
PD003013,20240619,A001,R005,L007,Día,715,575,6.09,4.79,1.3
PD003014,20240313,A004,R020,L004,Noche,580,574,9.46,7.48,1.98
PD003015,20240822,A001,R026,L003,Noche,273,215,10.99,8.38,2.61
PD003016,20240117,A006,R013,L007,Día,372,329,8.52,6.68,1.84
PD003017,20240928,A006,R029,L007,Día,612,454,7.92,6.87,1.05
PD003018,20240724,A006,R024,L007,Tarde,312,296,8.13,7.12,1.01
PD003019,20240508,A002,R021,L001,Día,138,125,9.91,7.23,2.68
PD003020,20240906,A002,R003,L005,Día,363,416,8.45,7.06,1.39
PD003021,20241130,A001,R011,L004,Tarde,645,514,8.76,7.7,1.05
PD003022,20240423,A002,R027,L004,Tarde,399,260,10.44,9.3,1.14
PD003023,20240801,A003,R016,L007,Día,771,763,9.48,6.92,2.56
PD003024,20240704,A004,R024,L005,Noche,148,144,9.55,7.05,2.5
PD003025,20241230,A006,R016,L007,Noche,497,426,10.18,9.1,1.09
PD003026,20240402,A005,R016,L004,Tarde,286,338,11.32,9.68,1.64
PD003027,20240629,A002,R022,L006,Noche,527,514,8.77,6.17,2.6
PD003028,20240214,A005,R006,L004,Día,122,103,6.81,6.2,0.61
PD003029,20240206,A005,R022,L001,Día,388,429,11.1,9.36,1.74
PD003030,20240917,A004,R025,L005,Noche,624,600,8.73,6.82,1.91
PD003031,20240810,A001,R009,L007,Noche,309,244,10.79,6.68,4.11
PD003032,20240918,A006,R025,L004,Día,412,356,10.6,8.1,2.5
PD003033,20240915,A004,R011,L004,Día,469,426,7.97,5.58,2.39
PD003034,20241010,A005,R008,L006,Noche,238,181,8.64,6.76,1.87
PD003035,20241015,A001,R027,L007,Tarde,663,509,11.92,9.47,2.45
PD003036,20240405,A003,R001,L007,Noche,457,375,9.33,6.79,2.55
PD003037,20240708,A002,R007,L007,Día,814,876,8.16,6.19,1.97
PD003038,20241106,A001,R003,L005,Noche,495,370,11.93,9.14,2.79
PD003039,20240401,A006,R022,L001,Día,650,728,10.71,8.44,2.27
PD003040,20240625,A002,R010,L007,Noche,476,527,6.22,4.92,1.29
PD003041,20241217,A002,R020,L001,Tarde,177,146,7.9,5.66,2.24
PD003042,20241020,A001,R004,L002,Noche,84,64,10.22,6.73,3.49
PD003043,20241219,A001,R022,L007,Tarde,101,80,9.34,7.66,1.69
PD003044,20240531,A001,R030,L003,Noche,742,515,10.65,9.33,1.32
PD003045,20240511,A004,R006,L002,Tarde,546,588,10.26,7.09,3.16
PD003046,20241216,A005,R001,L005,Día,582,541,9.81,7.1,2.72
PD003047,20240523,A001,R024,L006,Tarde,367,306,11.38,7.06,4.32
PD003048,20240211,A005,R005,L003,Noche,183,173,10.03,8.39,1.63
PD003049,20240105,A003,R017,L006,Noche,183,173,10.15,8.32,1.83
PD003050,20240818,A003,R023,L004,Noche,666,549,7.22,6.31,0.9
PD003051,20240412,A003,R012,L002,Noche,317,276,7.84,6.05,1.79
PD003052,20241207,A006,R030,L007,Día,247,165,7.77,5.64,2.12
PD003053,20240427,A002,R027,L005,Tarde,402,397,9.64,6.57,3.07
PD003054,20240811,A004,R023,L001,Noche,743,713,7.02,5.82,1.21
PD003055,20240126,A004,R020,L001,Día,316,306,7.06,4.72,2.34
PD003056,20240804,A002,R011,L007,Noche,52,58,10.05,7.52,2.53
PD003057,20240114,A006,R025,L003,Día,628,639,6.32,5.56,0.76
PD003058,20240115,A004,R023,L002,Tarde,305,330,7.24,4.9,2.34
PD003059,20240612,A004,R003,L003,Tarde,694,742,6.8,5.89,0.91
PD003060,20241126,A004,R026,L007,Día,420,481,10.65,9.12,1.53
PD003061,20241104,A006,R007,L001,Tarde,357,391,7.24,4.9,2.34
PD003062,20240317,A005,R017,L003,Noche,367,308,9.47,6.84,2.63
PD003063,20241120,A004,R004,L005,Día,699,711,7.31,6.44,0.87
PD003064,20240216,A002,R029,L007,Tarde,396,406,9.54,6.51,3.03
PD003065,20240508,A003,R020,L002,Noche,275,273,8.3,6.47,1.84
PD003066,20240408,A004,R024,L005,Día,276,327,8.82,5.94,2.89
PD003067,20240917,A002,R014,L007,Día,684,665,8.51,6.03,2.48
PD003068,20241116,A006,R018,L005,Noche,838,847,8.73,6.04,2.69
PD003069,20240511,A003,R002,L001,Noche,205,192,7.76,6.71,1.05
PD003070,20240227,A004,R019,L007,Día,64,59,11.79,10.5,1.29
PD003071,20240930,A004,R019,L005,Noche,211,190,8.9,6.07,2.83
PD003072,20240306,A002,R001,L005,Día,291,243,8.08,6.63,1.45
PD003073,20240425,A006,R015,L006,Noche,750,745,6.61,5.45,1.17
PD003074,20240118,A002,R024,L001,Tarde,769,882,7.02,6.22,0.81
PD003075,20240229,A001,R004,L002,Día,422,285,7.76,5.77,1.98
PD003076,20240115,A006,R015,L002,Día,331,324,10.53,7.76,2.77
PD003077,20240113,A006,R018,L007,Noche,624,525,6.57,4.62,1.95
PD003078,20240305,A006,R009,L002,Día,826,601,6.42,5.08,1.34
PD003079,20241205,A006,R027,L001,Día,350,330,11.65,10.66,0.99
PD003080,20241116,A002,R022,L005,Tarde,129,111,9.59,7.18,2.41
PD003081,20240716,A002,R017,L004,Noche,118,97,10.57,8.9,1.66
PD003082,20240107,A001,R014,L001,Día,196,133,8.47,6.78,1.69
PD003083,20240321,A004,R005,L004,Tarde,490,371,10.11,8.83,1.28
PD003084,20240409,A006,R013,L003,Día,191,183,11.92,10.5,1.43
PD003085,20241216,A002,R008,L007,Día,842,983,10.38,7.71,2.67
PD003086,20240707,A005,R019,L002,Tarde,700,613,6.18,4.3,1.88
PD003087,20241011,A003,R015,L005,Tarde,226,227,10.47,7.77,2.7
PD003088,20240312,A004,R009,L001,Noche,336,278,6.28,4.25,2.03
PD003089,20240803,A004,R003,L001,Día,346,296,10.91,7.45,3.45
PD003090,20240811,A001,R013,L003,Día,856,492,9.22,8.11,1.12
PD003091,20240817,A002,R001,L004,Día,117,105,6.09,5.17,0.92
PD003092,20240108,A003,R011,L005,Día,500,334,9.66,7.86,1.8
PD003093,20240728,A004,R021,L002,Tarde,356,291,8.22,6.37,1.85
PD003094,20240614,A001,R029,L004,Día,877,590,10.18,6.33,3.86
PD003095,20240329,A004,R003,L003,Noche,698,611,8.36,7.26,1.1
PD003096,20240324,A005,R028,L006,Tarde,81,80,9.87,8.21,1.65
PD003097,20241228,A003,R021,L006,Tarde,572,585,6.93,4.78,2.15
PD003098,20241213,A004,R016,L006,Día,262,241,6.11,4.24,1.87
PD003099,20240603,A006,R024,L005,Día,602,644,11.48,7.71,3.76
PD003100,20240910,A002,R017,L001,Tarde,654,473,10.53,7.71,2.81
PD003101,20240417,A006,R002,L002,Noche,500,514,6.78,4.59,2.19
PD003102,20240813,A002,R019,L006,Día,826,761,8.64,7.9,0.74
PD003103,20240516,A005,R003,L006,Tarde,264,198,6.19,5.59,0.6
PD003104,20240420,A003,R008,L006,Día,481,499,12.0,9.21,2.78
PD003105,20240323,A005,R020,L001,Tarde,692,675,11.09,10.15,0.94
PD003106,20240510,A004,R012,L004,Día,446,390,8.78,8.03,0.76
PD003107,20240606,A006,R017,L005,Tarde,479,510,6.05,4.88,1.17
PD003108,20241025,A001,R030,L002,Día,366,317,10.63,8.56,2.07
PD003109,20240713,A004,R010,L006,Noche,626,652,7.07,5.0,2.07
PD003110,20240111,A006,R017,L007,Noche,511,502,9.79,6.79,3.0
PD003111,20240219,A001,R017,L001,Noche,548,387,9.4,5.16,4.23
PD003112,20240620,A003,R006,L003,Noche,302,224,9.13,6.18,2.95
PD003113,20241121,A001,R028,L003,Noche,542,403,8.38,6.25,2.13
PD003114,20240808,A002,R021,L002,Día,236,230,10.62,9.54,1.08
PD003115,20241222,A004,R017,L007,Tarde,698,610,9.88,8.2,1.68
PD003116,20241201,A002,R024,L005,Noche,71,70,6.63,5.4,1.23
PD003117,20240530,A001,R011,L006,Tarde,871,684,9.53,7.39,2.14
PD003118,20240208,A003,R018,L001,Noche,150,109,8.55,5.73,2.82
PD003119,20240415,A005,R029,L006,Día,289,287,8.23,6.93,1.29
PD003120,20240601,A006,R026,L005,Noche,521,546,8.15,5.75,2.39
PD003121,20240510,A004,R005,L006,Noche,403,371,8.62,5.69,2.93
PD003122,20241207,A004,R020,L002,Día,97,88,7.66,5.12,2.53
PD003123,20240222,A004,R029,L002,Tarde,316,333,8.37,7.22,1.15
PD003124,20240217,A004,R025,L001,Noche,365,368,7.64,5.41,2.23
PD003125,20240908,A004,R017,L002,Día,460,502,10.76,7.49,3.27
PD003126,20240618,A001,R003,L004,Día,76,68,6.51,5.56,0.96
PD003127,20240123,A005,R003,L003,Tarde,425,366,9.9,7.62,2.28
PD003128,20240806,A002,R027,L001,Tarde,209,187,9.48,7.21,2.27
PD003129,20241206,A005,R009,L002,Noche,198,187,11.62,7.99,3.63
PD003130,20240305,A001,R028,L002,Tarde,113,78,9.74,8.0,1.74
PD003131,20240604,A003,R029,L003,Noche,393,347,11.68,8.61,3.07
PD003132,20240922,A005,R001,L007,Tarde,88,88,9.88,8.9,0.98
PD003133,20241118,A006,R004,L007,Tarde,390,375,11.67,8.95,2.71
PD003134,20240214,A006,R004,L006,Noche,880,772,6.33,5.2,1.13
PD003135,20240220,A005,R013,L006,Tarde,186,151,10.4,7.6,2.8
PD003136,20240727,A005,R011,L001,Día,867,835,8.72,6.34,2.39
PD003137,20240905,A002,R018,L005,Día,603,522,8.02,5.66,2.36
PD003138,20240704,A005,R016,L007,Tarde,95,83,10.63,9.14,1.48
PD003139,20240707,A003,R027,L004,Tarde,654,550,6.46,5.03,1.43
PD003140,20240901,A004,R020,L007,Tarde,688,615,9.82,8.38,1.44
PD003141,20240816,A003,R003,L005,Noche,415,361,11.78,10.72,1.06
PD003142,20241108,A006,R003,L004,Tarde,480,513,6.74,5.51,1.23
PD003143,20241126,A004,R022,L004,Tarde,204,185,9.92,6.84,3.07
PD003144,20240127,A003,R019,L001,Tarde,325,249,9.93,7.24,2.69
PD003145,20240215,A001,R005,L006,Noche,842,710,8.32,6.01,2.31
PD003146,20240924,A005,R017,L004,Noche,201,218,10.25,6.91,3.34
PD003147,20241101,A003,R020,L002,Día,663,617,8.62,5.72,2.9
PD003148,20240522,A001,R021,L003,Tarde,527,412,8.09,6.89,1.2
PD003149,20241112,A001,R023,L004,Día,91,62,11.07,6.59,4.48
PD003150,20240607,A004,R019,L004,Día,588,540,7.65,6.14,1.52
PD003151,20240819,A003,R025,L001,Noche,747,641,11.15,7.49,3.66
PD003152,20240110,A003,R009,L007,Noche,813,588,9.05,6.81,2.24
PD003153,20241127,A004,R012,L003,Día,694,566,7.53,6.74,0.8
PD003154,20240608,A003,R014,L004,Noche,581,631,8.34,6.5,1.84
PD003155,20240523,A002,R002,L003,Noche,304,320,6.23,4.78,1.45
PD003156,20240510,A003,R015,L003,Noche,564,615,7.36,5.32,2.05
PD003157,20241102,A005,R008,L003,Tarde,298,282,10.79,7.56,3.23
PD003158,20240619,A001,R015,L006,Tarde,622,392,7.78,4.76,3.02
PD003159,20240717,A005,R027,L003,Día,608,593,9.05,8.15,0.9
PD003160,20240803,A003,R005,L004,Noche,552,675,9.96,7.09,2.87
PD003161,20240102,A001,R005,L006,Tarde,482,303,10.61,7.49,3.12
PD003162,20240607,A006,R003,L006,Día,768,566,6.04,5.06,0.98
PD003163,20240822,A002,R025,L007,Noche,784,639,11.58,8.98,2.6
PD003164,20240819,A005,R020,L007,Día,754,764,8.25,6.96,1.29
PD003165,20240413,A001,R016,L001,Tarde,808,441,8.34,4.67,3.66
PD003166,20240202,A006,R022,L007,Tarde,523,524,11.39,8.42,2.97
PD003167,20240225,A004,R030,L002,Noche,815,723,11.65,9.48,2.17
PD003168,20240123,A005,R025,L002,Tarde,858,797,8.0,6.81,1.19
PD003169,20240120,A004,R026,L007,Noche,503,500,7.94,6.12,1.82
PD003170,20240402,A002,R022,L002,Noche,311,278,7.09,5.91,1.18
PD003171,20241021,A001,R012,L005,Tarde,735,567,10.65,8.67,1.98
PD003172,20240812,A002,R019,L007,Tarde,574,542,6.49,5.69,0.8
PD003173,20240821,A004,R014,L007,Día,557,592,11.36,10.25,1.11
PD003174,20240403,A003,R024,L006,Día,713,660,9.25,7.01,2.24
PD003175,20241121,A006,R010,L004,Día,447,333,9.91,9.06,0.85
PD003176,20240726,A004,R023,L001,Noche,646,628,11.05,7.77,3.27
PD003177,20240208,A003,R001,L006,Tarde,839,847,8.53,7.68,0.84
PD003178,20241226,A002,R012,L003,Día,777,956,6.41,4.63,1.78
PD003179,20241020,A004,R002,L003,Tarde,518,497,10.79,8.01,2.78
PD003180,20240201,A002,R019,L006,Noche,568,595,6.69,5.11,1.59
PD003181,20240603,A004,R025,L004,Tarde,164,156,11.95,10.34,1.61
PD003182,20240807,A001,R017,L007,Noche,340,270,8.19,7.0,1.19
PD003183,20240608,A004,R014,L007,Tarde,456,498,8.84,8.09,0.75
PD003184,20240116,A001,R008,L006,Noche,721,663,10.2,5.54,4.66
PD003185,20240606,A006,R014,L003,Tarde,74,74,9.22,6.17,3.05
PD003186,20240408,A002,R020,L006,Día,660,723,8.41,6.95,1.46
PD003187,20241207,A002,R025,L004,Tarde,550,346,7.43,6.44,0.98
PD003188,20240819,A003,R004,L003,Día,311,251,11.62,9.67,1.95
PD003189,20240517,A005,R006,L004,Tarde,387,335,7.86,5.38,2.48
PD003190,20240816,A006,R002,L001,Día,832,820,10.65,7.79,2.86
PD003191,20240602,A006,R010,L007,Tarde,258,209,9.94,6.96,2.98
PD003192,20240903,A005,R028,L003,Tarde,601,532,6.33,5.63,0.7
PD003193,20240501,A006,R026,L004,Noche,270,257,6.25,4.87,1.38
PD003194,20240511,A001,R009,L003,Día,53,47,8.64,7.22,1.43
PD003195,20240414,A001,R022,L007,Tarde,592,425,9.85,5.79,4.06
PD003196,20240410,A006,R018,L007,Noche,92,94,10.75,8.59,2.16
PD003197,20241102,A001,R015,L006,Día,221,185,9.52,8.33,1.19
PD003198,20241016,A001,R009,L006,Noche,834,545,7.2,6.08,1.12
PD003199,20240301,A006,R011,L001,Noche,58,65,8.64,6.88,1.77
PD003200,20240722,A006,R029,L002,Tarde,893,858,6.63,5.56,1.06
PD003201,20240608,A001,R008,L006,Noche,127,76,7.29,4.7,2.59
PD003202,20240206,A006,R008,L004,Tarde,113,103,8.71,5.81,2.9
PD003203,20240512,A006,R008,L005,Día,427,453,8.4,6.06,2.34
PD003204,20240818,A002,R013,L003,Noche,388,303,11.53,8.82,2.71
PD003205,20240806,A005,R008,L001,Día,708,584,6.12,4.69,1.43
PD003206,20240914,A005,R007,L003,Noche,175,143,6.57,4.96,1.61
PD003207,20241121,A001,R006,L002,Noche,340,273,11.65,10.17,1.48
PD003208,20240815,A006,R027,L003,Tarde,566,494,7.94,7.08,0.86
PD003209,20241219,A006,R007,L002,Noche,385,302,7.72,5.74,1.98
PD003210,20240707,A003,R002,L002,Día,327,259,11.89,9.62,2.27
PD003211,20241004,A004,R011,L007,Día,564,603,7.58,5.51,2.07
PD003212,20241210,A003,R025,L006,Día,425,398,7.35,5.92,1.43
PD003213,20240928,A005,R011,L005,Noche,163,160,7.06,5.13,1.93
PD003214,20241023,A001,R029,L003,Día,110,78,9.71,6.28,3.43
PD003215,20240110,A004,R001,L006,Noche,514,396,9.6,7.99,1.61
PD003216,20241125,A003,R019,L003,Tarde,99,102,8.06,5.82,2.24
PD003217,20240706,A001,R009,L006,Tarde,447,319,8.88,5.42,3.46
PD003218,20240715,A001,R023,L003,Día,241,202,10.25,5.76,4.49
PD003219,20241205,A006,R002,L007,Tarde,483,428,8.89,7.96,0.93
PD003220,20240222,A005,R009,L005,Noche,53,45,10.82,9.47,1.35
PD003221,20240719,A003,R024,L002,Noche,542,535,7.99,5.5,2.49
PD003222,20240616,A001,R012,L005,Noche,707,496,6.09,3.91,2.18
PD003223,20240116,A005,R007,L005,Noche,784,914,6.85,4.56,2.29
PD003224,20241123,A001,R001,L006,Día,809,731,9.7,8.59,1.11
PD003225,20240107,A003,R009,L003,Día,221,172,8.68,7.32,1.36
PD003226,20240916,A002,R022,L001,Día,180,171,11.57,10.4,1.17
PD003227,20240505,A003,R025,L001,Tarde,233,212,7.19,4.76,2.44
PD003228,20241208,A001,R015,L006,Noche,779,539,6.9,4.0,2.89
PD003229,20240817,A003,R019,L007,Día,884,735,9.62,8.69,0.93
PD003230,20241125,A002,R023,L002,Día,414,367,10.76,8.35,2.41
PD003231,20240920,A004,R008,L001,Día,231,258,9.22,8.34,0.88
PD003232,20241214,A005,R029,L003,Día,817,811,8.16,6.11,2.04
PD003233,20240408,A006,R003,L006,Tarde,484,460,8.4,7.3,1.1
PD003234,20240117,A006,R010,L002,Tarde,783,609,8.78,7.64,1.13
PD003235,20240511,A006,R019,L003,Tarde,502,254,11.67,8.82,2.85
PD003236,20240103,A003,R001,L004,Tarde,283,230,7.32,5.68,1.64
PD003237,20240929,A005,R022,L001,Noche,703,779,6.66,5.72,0.93
PD003238,20240819,A004,R005,L007,Noche,321,285,9.25,7.75,1.5
PD003239,20240624,A006,R011,L004,Día,209,182,9.62,7.87,1.75
PD003240,20240217,A001,R004,L001,Día,282,262,10.85,8.81,2.03
PD003241,20240413,A002,R024,L006,Tarde,340,321,10.85,9.75,1.09
PD003242,20240608,A006,R005,L005,Noche,757,643,8.06,7.33,0.73
PD003243,20240503,A001,R022,L007,Día,683,563,10.27,5.85,4.42
PD003244,20241203,A003,R003,L003,Tarde,115,115,9.62,6.6,3.01
PD003245,20240322,A004,R014,L006,Noche,481,584,11.81,9.18,2.64
PD003246,20240912,A001,R001,L007,Tarde,819,703,7.88,5.65,2.23
PD003247,20240612,A006,R002,L002,Tarde,100,90,11.96,8.45,3.51
PD003248,20240401,A002,R026,L001,Tarde,394,370,8.1,5.44,2.66
PD003249,20240503,A002,R007,L001,Día,198,155,8.68,7.65,1.03
PD003250,20240612,A005,R014,L007,Noche,558,511,6.53,5.46,1.07
PD003251,20240910,A006,R010,L003,Noche,321,320,8.61,5.73,2.88
PD003252,20241114,A001,R022,L006,Tarde,457,357,6.1,4.62,1.48
PD003253,20240408,A005,R017,L006,Noche,264,211,8.72,6.82,1.9
PD003254,20240816,A001,R012,L006,Noche,781,507,6.7,5.65,1.05
PD003255,20240624,A001,R002,L007,Noche,838,553,8.17,6.01,2.16
PD003256,20240623,A005,R029,L005,Tarde,115,116,8.41,6.1,2.31
PD003257,20241101,A005,R018,L006,Tarde,681,686,11.27,9.55,1.72
PD003258,20240111,A005,R003,L007,Noche,481,457,11.33,10.04,1.29
PD003259,20240717,A003,R003,L004,Noche,432,431,6.01,5.51,0.5
PD003260,20240709,A004,R005,L001,Día,666,602,8.4,6.86,1.54
PD003261,20241101,A003,R018,L004,Día,150,125,8.79,7.18,1.6
PD003262,20241005,A006,R018,L002,Noche,564,513,11.17,9.06,2.11
PD003263,20240906,A004,R006,L006,Tarde,165,157,9.89,8.96,0.93
PD003264,20240210,A002,R008,L005,Tarde,538,522,8.89,7.28,1.61
PD003265,20240613,A003,R028,L003,Día,604,525,8.37,6.19,2.17
PD003266,20240817,A003,R010,L003,Noche,273,200,9.49,8.19,1.3
PD003267,20240702,A006,R018,L003,Noche,881,848,8.83,6.62,2.21
PD003268,20240904,A002,R019,L006,Día,360,258,8.74,6.58,2.16
PD003269,20240423,A005,R007,L001,Noche,702,627,8.54,7.1,1.44
PD003270,20241021,A002,R027,L003,Noche,842,628,10.97,8.45,2.51
PD003271,20240711,A006,R021,L006,Noche,616,659,6.73,6.19,0.55
PD003272,20240628,A006,R002,L007,Noche,285,294,8.18,5.51,2.67
PD003273,20240717,A004,R007,L006,Día,361,376,11.47,9.93,1.54
PD003274,20241213,A001,R017,L003,Noche,347,213,11.75,6.46,5.3
PD003275,20240505,A003,R013,L004,Noche,395,301,10.49,8.13,2.36
PD003276,20240920,A003,R003,L007,Día,144,172,6.93,5.94,0.99
PD003277,20240226,A004,R022,L002,Noche,709,674,6.09,4.35,1.74
PD003278,20240714,A002,R022,L002,Día,718,510,11.75,8.41,3.33
PD003279,20241107,A002,R023,L001,Día,698,619,9.55,8.41,1.14
PD003280,20240513,A003,R016,L001,Noche,104,86,10.92,7.3,3.62
PD003281,20240413,A001,R028,L002,Tarde,435,342,10.31,8.45,1.86
PD003282,20240308,A003,R028,L005,Día,461,370,11.58,8.65,2.93
PD003283,20240911,A006,R004,L002,Día,849,745,11.93,7.9,4.04
PD003284,20241231,A004,R025,L002,Tarde,665,677,7.66,6.32,1.34
PD003285,20241214,A004,R025,L004,Tarde,411,397,11.42,10.25,1.17
PD003286,20241019,A003,R004,L001,Día,170,150,7.6,6.29,1.3
PD003287,20240227,A003,R008,L005,Tarde,178,144,10.24,7.26,2.98
PD003288,20240321,A006,R007,L004,Noche,497,481,9.38,7.6,1.77
PD003289,20240402,A001,R023,L006,Tarde,454,297,7.66,5.14,2.52
PD003290,20240117,A005,R020,L007,Tarde,423,413,6.09,4.03,2.05
PD003291,20240502,A005,R014,L003,Día,549,516,7.79,6.93,0.87
PD003292,20240223,A001,R013,L004,Tarde,564,366,9.86,6.71,3.14
PD003293,20240215,A001,R018,L002,Noche,696,503,9.19,7.73,1.46
PD003294,20240408,A001,R014,L005,Día,416,301,10.42,6.16,4.26
PD003295,20240903,A002,R008,L006,Noche,207,200,9.15,6.88,2.27
PD003296,20241013,A002,R027,L001,Noche,788,656,8.49,7.25,1.25
PD003297,20240829,A002,R017,L006,Noche,72,47,11.21,9.42,1.79
PD003298,20240417,A006,R014,L001,Día,288,272,11.01,8.49,2.53
PD003299,20240728,A001,R022,L002,Tarde,805,720,8.58,7.49,1.08
PD003300,20240310,A005,R014,L001,Noche,609,547,10.46,7.56,2.9
PD003301,20241119,A003,R021,L006,Noche,192,172,9.64,8.42,1.22
PD003302,20241201,A002,R002,L003,Noche,140,135,10.17,6.86,3.31
PD003303,20240511,A005,R012,L004,Noche,341,285,8.29,6.4,1.89
PD003304,20240919,A002,R024,L004,Día,802,726,10.68,8.86,1.82
PD003305,20241008,A002,R020,L007,Tarde,791,838,9.16,7.77,1.39
PD003306,20240429,A004,R015,L001,Tarde,773,744,11.67,9.99,1.68
PD003307,20241226,A003,R021,L001,Día,349,398,6.9,5.37,1.53
PD003308,20240429,A002,R025,L006,Día,542,520,6.07,5.31,0.76
PD003309,20240124,A001,R006,L006,Noche,378,299,11.58,9.74,1.84
PD003310,20240328,A004,R030,L007,Tarde,345,302,10.47,7.49,2.98
PD003311,20240619,A006,R020,L006,Día,840,762,11.22,10.03,1.19
PD003312,20240302,A005,R021,L005,Tarde,833,800,6.88,4.71,2.16
PD003313,20241008,A005,R008,L007,Tarde,150,163,9.48,8.35,1.13
PD003314,20240628,A001,R012,L003,Día,615,514,11.17,9.84,1.33
PD003315,20240324,A002,R013,L001,Tarde,671,702,10.04,8.54,1.51
PD003316,20240420,A005,R011,L007,Noche,674,734,11.95,9.17,2.78
PD003317,20240302,A003,R016,L001,Tarde,858,1008,11.32,7.68,3.63
PD003318,20240407,A006,R028,L003,Día,724,695,11.88,10.84,1.05
PD003319,20240220,A006,R006,L005,Tarde,892,880,10.65,8.03,2.62
PD003320,20240630,A004,R021,L003,Noche,400,350,6.22,5.22,1.0
PD003321,20240413,A005,R020,L007,Noche,415,407,7.44,6.77,0.67
PD003322,20240920,A001,R001,L001,Día,421,371,9.57,5.25,4.33
PD003323,20240909,A003,R010,L001,Tarde,67,62,8.28,6.63,1.65
PD003324,20240520,A005,R014,L002,Día,55,43,10.17,7.41,2.75
PD003325,20240518,A002,R005,L001,Día,393,353,11.38,9.3,2.07
PD003326,20240727,A006,R006,L005,Tarde,680,434,6.13,5.42,0.7
PD003327,20240121,A003,R007,L001,Tarde,721,668,6.66,4.65,2.02
PD003328,20240430,A002,R005,L006,Noche,535,433,7.43,6.36,1.07
PD003329,20240831,A002,R007,L006,Tarde,241,238,6.48,5.09,1.39
PD003330,20241217,A002,R021,L007,Día,828,1003,7.42,6.57,0.85
PD003331,20240418,A003,R007,L002,Día,681,717,7.14,6.29,0.85
PD003332,20240322,A001,R007,L004,Día,783,594,10.21,5.63,4.59
PD003333,20240921,A005,R006,L006,Noche,845,907,7.43,6.1,1.33
PD003334,20240613,A006,R013,L007,Día,197,192,9.5,6.39,3.11
PD003335,20240924,A006,R023,L006,Noche,453,460,10.68,9.46,1.22
PD003336,20240725,A001,R004,L003,Noche,806,549,7.73,5.66,2.07
PD003337,20240328,A006,R014,L003,Día,804,853,11.96,10.27,1.68
PD003338,20240320,A004,R002,L006,Día,466,392,7.39,6.11,1.28
PD003339,20240906,A006,R014,L002,Día,874,629,8.33,6.48,1.86
PD003340,20240611,A003,R015,L006,Día,410,355,10.1,7.19,2.91
PD003341,20240524,A006,R016,L003,Tarde,873,856,6.99,5.86,1.13
PD003342,20241226,A002,R009,L006,Día,155,135,7.95,6.03,1.92
PD003343,20240415,A002,R017,L007,Noche,467,485,9.85,8.41,1.44
PD003344,20240729,A006,R015,L004,Día,104,100,10.75,8.18,2.57
PD003345,20241204,A001,R003,L005,Noche,691,527,11.25,8.28,2.97
PD003346,20240826,A005,R020,L007,Día,109,103,7.57,6.94,0.63
PD003347,20240522,A005,R020,L004,Noche,819,462,6.51,5.85,0.67
PD003348,20240916,A003,R023,L001,Día,444,450,10.86,8.96,1.91
PD003349,20240619,A005,R001,L007,Día,175,169,9.71,6.86,2.84
PD003350,20240914,A004,R010,L001,Tarde,605,510,10.46,7.5,2.96
PD003351,20240524,A003,R027,L005,Tarde,642,677,6.23,4.42,1.81
PD003352,20241217,A002,R010,L006,Noche,898,792,10.68,7.32,3.36
PD003353,20241104,A006,R025,L005,Día,365,350,11.75,10.12,1.63
PD003354,20240229,A006,R003,L004,Día,436,391,11.65,10.42,1.24
PD003355,20241103,A005,R013,L003,Tarde,866,633,7.15,5.48,1.67
PD003356,20240821,A005,R004,L001,Tarde,300,270,11.9,8.71,3.19
PD003357,20240228,A006,R020,L003,Noche,97,70,8.18,5.99,2.19
PD003358,20240415,A003,R026,L005,Tarde,754,712,10.47,7.33,3.13
PD003359,20240420,A006,R027,L005,Día,773,734,10.25,8.16,2.09
PD003360,20240904,A001,R025,L004,Tarde,259,208,7.79,4.52,3.27
PD003361,20240419,A004,R004,L007,Noche,648,551,10.26,7.85,2.41
PD003362,20240729,A005,R008,L004,Tarde,108,88,10.48,7.18,3.3
PD003363,20241029,A001,R029,L002,Tarde,731,542,11.99,7.49,4.5
PD003364,20240619,A003,R017,L002,Noche,506,339,7.18,5.12,2.07
PD003365,20240816,A006,R026,L002,Tarde,322,309,11.63,9.55,2.07
PD003366,20240822,A005,R004,L006,Noche,484,521,10.64,7.71,2.93
PD003367,20240601,A002,R029,L005,Noche,663,588,6.23,4.88,1.35
PD003368,20240618,A001,R003,L006,Día,839,706,9.86,8.3,1.56
PD003369,20240826,A006,R030,L001,Noche,124,121,9.58,7.21,2.36
PD003370,20240906,A003,R027,L006,Noche,137,150,7.15,4.87,2.27
PD003371,20241029,A004,R012,L001,Día,836,840,11.86,9.37,2.49
PD003372,20240329,A002,R017,L007,Tarde,658,593,11.14,7.98,3.16
PD003373,20240819,A006,R029,L006,Día,705,657,8.25,7.2,1.05
PD003374,20240124,A002,R017,L001,Tarde,625,541,11.1,7.55,3.56
PD003375,20241001,A005,R005,L003,Tarde,828,696,8.81,6.92,1.9
PD003376,20240221,A006,R005,L001,Día,177,176,8.12,6.05,2.07
PD003377,20240729,A001,R027,L003,Día,205,171,6.3,4.78,1.51
PD003378,20240624,A001,R013,L002,Día,426,331,10.02,6.29,3.73
PD003379,20240929,A003,R024,L003,Tarde,495,534,9.78,7.61,2.17
PD003380,20240229,A006,R014,L006,Día,741,737,11.33,9.11,2.23
PD003381,20240501,A002,R021,L002,Noche,347,216,8.23,7.4,0.83
PD003382,20240419,A003,R023,L003,Tarde,777,784,8.9,6.31,2.58
PD003383,20240520,A004,R018,L001,Tarde,270,229,8.53,7.74,0.79
PD003384,20241115,A005,R022,L002,Noche,73,78,9.59,7.21,2.38
PD003385,20241229,A004,R001,L006,Día,287,299,9.28,6.22,3.06
PD003386,20241218,A001,R013,L001,Noche,239,221,8.76,6.25,2.5
PD003387,20240401,A005,R019,L002,Tarde,150,153,8.18,7.26,0.92
PD003388,20241226,A006,R025,L006,Tarde,308,334,8.12,7.14,0.98
PD003389,20240510,A003,R028,L007,Noche,636,429,7.47,5.76,1.71
PD003390,20240430,A005,R008,L005,Día,219,163,8.11,6.96,1.15
PD003391,20240121,A005,R019,L006,Día,393,412,10.13,8.73,1.4
PD003392,20240314,A004,R007,L007,Noche,517,401,9.39,6.25,3.14
PD003393,20240412,A005,R006,L004,Noche,605,542,6.6,5.08,1.52
PD003394,20241217,A001,R007,L004,Día,778,601,11.87,7.34,4.54
PD003395,20240103,A003,R021,L001,Tarde,572,712,10.07,7.77,2.31
PD003396,20241019,A005,R023,L002,Noche,131,128,9.28,6.97,2.3
PD003397,20241205,A001,R006,L002,Noche,465,321,6.45,5.6,0.85
PD003398,20240410,A001,R005,L004,Tarde,438,251,11.38,6.57,4.8
PD003399,20240925,A004,R011,L003,Tarde,215,212,10.23,6.78,3.45
PD003400,20240713,A005,R022,L004,Día,584,547,10.79,7.52,3.28
PD003401,20241005,A001,R014,L001,Noche,843,679,7.35,5.35,2.0
PD003402,20240212,A001,R017,L005,Tarde,77,58,6.85,5.17,1.67
PD003403,20240910,A005,R007,L004,Día,739,780,10.83,9.17,1.66
PD003404,20241031,A002,R027,L006,Tarde,229,185,7.51,6.01,1.5
PD003405,20240710,A005,R010,L007,Tarde,441,457,7.45,6.22,1.23
PD003406,20241106,A004,R016,L002,Noche,741,643,9.43,7.02,2.41
PD003407,20241226,A003,R022,L003,Tarde,85,69,9.75,6.46,3.29
PD003408,20240617,A002,R012,L005,Día,507,456,9.63,8.41,1.22
PD003409,20240531,A002,R007,L003,Noche,324,305,11.13,8.84,2.29
PD003410,20241018,A005,R009,L007,Tarde,108,104,10.95,7.81,3.14
PD003411,20240616,A006,R017,L003,Noche,422,332,11.99,9.46,2.53
PD003412,20240401,A001,R018,L005,Tarde,209,194,9.75,6.77,2.98
PD003413,20240309,A002,R017,L006,Tarde,257,266,8.94,6.16,2.78
PD003414,20241128,A001,R003,L002,Noche,56,46,7.43,4.64,2.79
PD003415,20240304,A005,R029,L001,Día,388,441,9.56,8.65,0.91
PD003416,20240207,A002,R006,L003,Noche,139,122,8.69,7.91,0.79
PD003417,20241110,A006,R013,L006,Noche,771,854,6.15,5.36,0.79
PD003418,20241019,A004,R023,L003,Día,544,479,6.65,5.32,1.33
PD003419,20240629,A002,R005,L005,Tarde,765,747,8.42,7.12,1.3
PD003420,20240106,A005,R029,L002,Día,482,501,10.58,9.16,1.42
PD003421,20240602,A006,R016,L006,Tarde,221,207,8.78,6.23,2.55
PD003422,20240302,A005,R012,L007,Día,82,85,6.72,5.26,1.46
PD003423,20241117,A004,R026,L007,Día,558,471,11.21,7.5,3.72
PD003424,20240321,A004,R025,L001,Tarde,495,469,11.13,7.91,3.22
PD003425,20240402,A005,R030,L005,Día,202,205,10.66,7.05,3.61
PD003426,20240910,A003,R016,L005,Día,510,499,10.49,8.59,1.9
PD003427,20241026,A002,R014,L006,Día,230,179,11.53,10.39,1.14
PD003428,20240103,A001,R021,L006,Día,443,331,9.68,5.95,3.73
PD003429,20240919,A006,R018,L004,Día,258,229,8.37,6.78,1.59
PD003430,20241220,A005,R016,L003,Noche,684,673,11.48,9.88,1.61
PD003431,20240726,A004,R030,L006,Tarde,604,694,7.92,6.3,1.63
PD003432,20240609,A001,R028,L003,Día,503,310,8.38,4.8,3.58
PD003433,20240903,A005,R020,L007,Noche,503,415,10.45,8.71,1.74
PD003434,20241011,A001,R008,L003,Noche,711,657,10.1,6.85,3.25
PD003435,20240702,A001,R019,L002,Día,328,314,6.57,5.03,1.54
PD003436,20241006,A001,R014,L006,Noche,717,586,8.04,4.66,3.39
PD003437,20240928,A005,R018,L005,Día,868,861,10.72,7.88,2.84
PD003438,20241201,A004,R030,L006,Noche,804,817,9.26,7.35,1.91
PD003439,20240726,A006,R025,L007,Tarde,148,143,7.38,5.61,1.77
PD003440,20241228,A003,R015,L007,Tarde,672,640,10.2,9.37,0.83
PD003441,20241109,A001,R027,L007,Noche,521,434,6.3,5.23,1.07
PD003442,20240910,A004,R027,L005,Noche,858,639,9.58,7.05,2.53
PD003443,20240629,A003,R011,L005,Día,110,120,8.5,7.76,0.74
PD003444,20241212,A006,R009,L004,Noche,750,591,10.65,9.09,1.56
PD003445,20240121,A005,R001,L006,Noche,334,373,11.38,9.84,1.54
PD003446,20240722,A003,R028,L007,Día,596,551,8.71,6.38,2.33
PD003447,20240810,A002,R023,L002,Noche,584,532,6.15,5.55,0.6
PD003448,20240407,A001,R026,L006,Tarde,97,59,8.4,5.67,2.73
PD003449,20241220,A001,R004,L006,Día,401,365,8.9,6.21,2.69
PD003450,20240428,A001,R028,L005,Tarde,642,540,7.77,5.98,1.79
PD003451,20240611,A005,R012,L001,Tarde,263,245,11.26,9.57,1.69
PD003452,20240707,A002,R020,L001,Día,715,596,8.89,7.96,0.93
PD003453,20240913,A002,R027,L002,Tarde,221,235,7.85,5.61,2.24
PD003454,20241021,A004,R029,L006,Noche,372,340,8.35,6.23,2.12
PD003455,20241105,A003,R015,L003,Día,676,601,6.76,5.39,1.37
PD003456,20240603,A006,R010,L002,Día,864,939,8.45,7.55,0.9
PD003457,20240515,A003,R001,L003,Noche,93,94,6.61,5.4,1.21
PD003458,20241212,A006,R019,L006,Tarde,600,739,8.39,7.62,0.77
PD003459,20240715,A004,R007,L004,Tarde,711,679,10.08,7.89,2.19
PD003460,20240817,A004,R022,L006,Tarde,781,937,6.7,6.13,0.58
PD003461,20240602,A003,R027,L006,Día,427,430,8.62,6.54,2.09
PD003462,20240927,A005,R024,L006,Noche,891,921,10.55,8.15,2.4
PD003463,20240511,A006,R025,L006,Día,426,407,6.88,4.93,1.96
PD003464,20240313,A004,R020,L007,Día,465,471,11.26,8.17,3.09
PD003465,20240423,A001,R028,L005,Día,807,706,11.1,6.39,4.71
PD003466,20240326,A004,R027,L005,Noche,743,703,11.01,7.48,3.53
PD003467,20240722,A002,R005,L005,Noche,753,653,11.51,7.74,3.76
PD003468,20240910,A002,R018,L007,Tarde,731,642,11.0,7.96,3.04
PD003469,20240201,A006,R025,L004,Noche,603,591,9.43,7.51,1.92
PD003470,20240314,A005,R008,L004,Tarde,646,587,6.94,5.05,1.88
PD003471,20240225,A004,R001,L003,Noche,645,621,11.62,10.16,1.45
PD003472,20240718,A006,R009,L004,Tarde,52,53,6.37,5.29,1.08
PD003473,20240524,A003,R011,L004,Día,515,513,8.16,6.37,1.79
PD003474,20241115,A002,R007,L002,Tarde,495,526,11.64,9.5,2.14
PD003475,20240329,A002,R009,L004,Noche,704,678,10.96,9.89,1.06
PD003476,20240328,A005,R001,L007,Día,687,577,8.89,7.18,1.72
PD003477,20240824,A006,R023,L002,Tarde,185,165,7.22,5.87,1.35
PD003478,20240903,A002,R017,L005,Día,363,365,10.33,7.97,2.36
PD003479,20240926,A001,R026,L004,Noche,817,806,11.39,9.09,2.3
PD003480,20241205,A006,R019,L001,Noche,454,436,8.2,5.49,2.71
PD003481,20240423,A004,R026,L007,Tarde,300,258,10.46,8.8,1.65
PD003482,20241013,A005,R011,L004,Noche,556,558,6.1,5.55,0.55
PD003483,20240403,A004,R025,L006,Día,331,372,8.56,6.51,2.05
PD003484,20241220,A003,R021,L004,Día,502,490,9.59,8.81,0.78
PD003485,20240516,A006,R029,L006,Tarde,490,406,7.94,5.71,2.24
PD003486,20241228,A004,R001,L001,Noche,311,237,8.2,5.9,2.31
PD003487,20240615,A001,R026,L006,Noche,779,654,9.08,7.33,1.75
PD003488,20240513,A006,R007,L004,Tarde,710,679,11.0,9.03,1.98
PD003489,20241001,A001,R023,L005,Tarde,604,433,11.16,7.89,3.27
PD003490,20240624,A002,R020,L007,Tarde,592,535,7.84,6.22,1.62
PD003491,20240618,A005,R016,L002,Tarde,227,269,9.4,7.43,1.97
PD003492,20240625,A001,R012,L006,Noche,644,621,11.88,9.02,2.86
PD003493,20240917,A005,R006,L003,Tarde,393,364,10.62,9.45,1.17
PD003494,20241018,A002,R014,L002,Noche,253,209,6.49,5.74,0.74
PD003495,20240906,A006,R002,L005,Tarde,728,815,6.82,5.5,1.32
PD003496,20240205,A001,R010,L002,Noche,709,552,10.01,6.65,3.37
PD003497,20240719,A005,R016,L005,Tarde,497,475,6.14,4.69,1.45
PD003498,20240830,A005,R004,L006,Noche,102,64,9.14,8.01,1.13
PD003499,20240125,A004,R026,L003,Tarde,391,376,9.76,6.56,3.2
PD003500,20240420,A002,R022,L006,Día,337,348,7.05,6.3,0.75
PD003501,20240618,A001,R001,L006,Tarde,430,314,11.98,7.63,4.35
PD003502,20240914,A002,R019,L003,Día,673,577,11.56,8.74,2.82
PD003503,20241211,A005,R029,L007,Tarde,492,395,9.02,6.17,2.85
PD003504,20241219,A001,R019,L005,Tarde,507,384,10.99,5.97,5.02
PD003505,20240727,A003,R006,L007,Noche,118,92,9.98,9.18,0.8
PD003506,20240207,A002,R005,L006,Tarde,487,485,8.07,6.6,1.47
PD003507,20240904,A001,R010,L004,Día,558,346,7.28,6.38,0.91
PD003508,20240406,A001,R019,L006,Tarde,108,85,6.41,3.96,2.45
PD003509,20240413,A001,R021,L002,Día,367,244,9.96,7.03,2.94
PD003510,20240206,A005,R019,L006,Día,791,641,9.78,7.85,1.92
PD003511,20240703,A006,R010,L002,Día,92,73,11.01,9.31,1.7
PD003512,20240623,A005,R020,L001,Día,527,579,9.01,7.03,1.99
PD003513,20241203,A004,R026,L005,Tarde,546,505,9.0,8.25,0.75
PD003514,20240620,A003,R011,L005,Tarde,225,177,10.66,8.21,2.45
PD003515,20240214,A003,R021,L003,Día,474,484,7.36,6.57,0.79
PD003516,20240210,A001,R007,L007,Tarde,549,348,11.49,7.27,4.22
PD003517,20240721,A004,R024,L001,Día,534,591,7.22,4.9,2.32
PD003518,20240818,A002,R004,L005,Día,766,674,11.1,9.99,1.11
PD003519,20240108,A003,R022,L002,Noche,314,280,10.54,9.22,1.32
PD003520,20241012,A003,R017,L002,Día,444,343,6.89,5.49,1.4
PD003521,20240430,A005,R008,L001,Día,527,583,10.34,8.9,1.44
PD003522,20241020,A003,R022,L006,Tarde,59,49,6.43,5.63,0.8
PD003523,20240826,A005,R006,L007,Tarde,416,365,9.67,8.77,0.9
PD003524,20240129,A001,R004,L004,Noche,643,420,8.7,6.28,2.42
PD003525,20240810,A004,R008,L006,Tarde,564,454,10.92,9.98,0.94
PD003526,20241001,A002,R010,L007,Día,481,478,11.41,7.72,3.69
PD003527,20241026,A003,R028,L001,Día,527,622,8.22,6.43,1.79
PD003528,20240910,A004,R022,L007,Día,735,753,11.65,9.98,1.67
PD003529,20241126,A006,R023,L001,Día,797,580,11.09,8.73,2.36
PD003530,20240622,A002,R005,L003,Noche,750,789,10.69,8.85,1.84
PD003531,20240713,A004,R028,L003,Tarde,535,497,6.71,6.12,0.6
PD003532,20240510,A001,R004,L002,Tarde,428,290,8.74,7.72,1.01
PD003533,20241226,A002,R028,L003,Noche,615,602,10.83,9.3,1.53
PD003534,20240730,A003,R006,L006,Día,67,57,8.57,7.04,1.53
PD003535,20241222,A001,R006,L006,Noche,133,136,11.13,6.29,4.84
PD003536,20240118,A005,R016,L003,Tarde,252,254,11.43,8.45,2.98
PD003537,20240716,A004,R011,L006,Día,195,157,9.67,8.4,1.27
PD003538,20241224,A003,R006,L004,Tarde,746,710,6.22,4.35,1.87
PD003539,20240416,A004,R019,L001,Día,753,477,8.79,5.84,2.96
PD003540,20240802,A001,R028,L006,Noche,168,109,7.53,5.19,2.34
PD003541,20240625,A002,R001,L001,Noche,488,527,9.16,8.02,1.14
PD003542,20240826,A003,R014,L002,Tarde,699,781,9.01,7.44,1.57
PD003543,20240710,A005,R030,L006,Tarde,872,764,10.73,8.33,2.41
PD003544,20240105,A005,R003,L006,Tarde,454,431,6.29,4.86,1.43
PD003545,20241004,A006,R013,L005,Noche,667,642,6.07,4.75,1.32
PD003546,20240919,A005,R028,L001,Noche,453,481,10.57,7.74,2.83
PD003547,20240805,A003,R005,L006,Tarde,240,199,11.45,10.18,1.27
PD003548,20240225,A001,R029,L004,Tarde,624,497,7.36,5.47,1.88
PD003549,20240813,A005,R001,L003,Día,104,102,8.06,5.65,2.41
PD003550,20241126,A004,R004,L005,Día,356,346,10.6,9.32,1.28
PD003551,20240213,A003,R009,L005,Día,268,262,9.05,6.08,2.97
PD003552,20240308,A002,R012,L001,Día,178,168,9.66,7.93,1.72
PD003553,20241109,A003,R008,L001,Día,596,641,6.17,5.0,1.17
PD003554,20241226,A004,R022,L006,Tarde,737,615,11.24,8.49,2.76
PD003555,20240918,A003,R019,L007,Día,198,162,6.95,4.86,2.1
PD003556,20241025,A006,R006,L003,Tarde,75,67,10.42,9.25,1.17
PD003557,20240307,A002,R023,L004,Noche,451,534,6.39,5.29,1.1
PD003558,20240225,A002,R019,L005,Tarde,365,407,11.97,7.93,4.04
PD003559,20240715,A001,R029,L001,Noche,393,249,11.42,8.79,2.63
PD003560,20240827,A005,R023,L001,Día,632,577,11.36,9.62,1.74
PD003561,20240625,A004,R026,L002,Día,443,386,6.16,4.44,1.72
PD003562,20241210,A005,R020,L001,Día,383,375,7.53,6.28,1.24
PD003563,20240402,A001,R010,L006,Noche,482,325,11.93,6.6,5.33
PD003564,20241205,A003,R009,L003,Noche,336,294,9.77,7.26,2.51
PD003565,20240305,A003,R025,L005,Tarde,479,436,6.84,5.95,0.89
PD003566,20240303,A005,R006,L003,Día,865,835,9.34,7.11,2.23
PD003567,20241015,A001,R029,L005,Día,696,690,11.57,7.14,4.43
PD003568,20241204,A003,R030,L005,Día,184,164,11.56,9.79,1.77
PD003569,20240522,A004,R003,L004,Día,531,512,7.27,5.67,1.61
PD003570,20240409,A003,R014,L006,Tarde,243,257,8.49,5.76,2.73
PD003571,20240723,A005,R030,L002,Noche,626,527,7.81,6.29,1.51
PD003572,20241128,A005,R022,L006,Noche,338,325,6.32,5.44,0.88
PD003573,20240907,A004,R020,L003,Día,382,392,11.65,8.13,3.52
PD003574,20240526,A005,R028,L001,Noche,547,556,10.09,8.15,1.94
PD003575,20240120,A005,R007,L007,Día,568,636,10.36,8.8,1.56
PD003576,20240804,A001,R024,L006,Noche,791,694,6.73,5.89,0.84
PD003577,20240626,A005,R028,L004,Día,502,475,7.84,7.01,0.83
PD003578,20240226,A005,R006,L007,Tarde,844,836,9.28,7.87,1.4
PD003579,20240127,A003,R004,L005,Día,464,425,8.34,7.23,1.11
PD003580,20240817,A004,R028,L003,Tarde,894,966,11.65,10.46,1.19
PD003581,20240704,A002,R014,L002,Tarde,453,421,10.64,7.25,3.39
PD003582,20240614,A002,R026,L003,Día,872,802,8.3,6.89,1.4
PD003583,20240825,A002,R018,L001,Día,689,586,10.83,9.64,1.18
PD003584,20240121,A005,R025,L002,Tarde,340,302,9.81,6.76,3.05
PD003585,20240430,A005,R015,L006,Día,730,735,11.62,8.87,2.74
PD003586,20240523,A003,R008,L005,Tarde,77,60,8.61,5.9,2.71
PD003587,20240818,A002,R015,L003,Noche,439,392,9.91,8.29,1.62
PD003588,20240426,A002,R002,L005,Tarde,120,107,11.53,8.81,2.72
PD003589,20240129,A004,R002,L003,Día,225,228,11.32,10.26,1.06
PD003590,20240412,A005,R022,L002,Tarde,893,933,10.09,7.87,2.21
PD003591,20241208,A006,R004,L002,Noche,295,330,11.55,10.13,1.43
PD003592,20240422,A002,R020,L007,Tarde,810,693,9.81,8.62,1.18
PD003593,20241215,A006,R005,L006,Día,606,627,7.21,6.36,0.85
PD003594,20240104,A002,R002,L003,Día,408,396,6.44,5.69,0.75
PD003595,20240709,A001,R022,L003,Tarde,210,178,6.66,5.75,0.91
PD003596,20240822,A001,R002,L001,Noche,816,762,7.1,5.82,1.27
PD003597,20240921,A003,R011,L006,Noche,832,649,10.07,9.16,0.91
PD003598,20240417,A004,R009,L006,Tarde,325,285,7.42,6.06,1.37
PD003599,20240702,A006,R023,L004,Tarde,353,286,6.31,5.39,0.92
PD003600,20240721,A004,R019,L005,Noche,632,693,6.57,5.35,1.22
PD003601,20240721,A001,R024,L006,Tarde,356,319,9.6,7.72,1.88
PD003602,20240501,A005,R017,L004,Tarde,726,589,9.32,8.48,0.84
PD003603,20240728,A001,R020,L004,Día,422,265,8.06,5.51,2.55
PD003604,20241105,A002,R020,L002,Noche,405,410,11.3,8.68,2.62
PD003605,20240901,A002,R016,L004,Noche,273,228,8.33,6.82,1.51
PD003606,20240428,A005,R020,L001,Tarde,591,603,11.06,7.47,3.59
PD003607,20240226,A006,R004,L004,Noche,507,586,11.78,8.96,2.82
PD003608,20240311,A001,R007,L003,Tarde,839,531,10.74,6.69,4.05
PD003609,20240601,A006,R006,L001,Día,852,863,11.8,8.23,3.56
PD003610,20240421,A003,R030,L006,Tarde,801,731,9.42,6.59,2.83
PD003611,20240418,A005,R025,L003,Tarde,675,763,11.41,9.26,2.15
PD003612,20241227,A006,R028,L006,Tarde,763,575,6.66,5.56,1.1
PD003613,20240321,A005,R020,L002,Tarde,190,148,8.44,7.04,1.4
PD003614,20240427,A002,R017,L007,Día,857,824,10.38,7.14,3.23
PD003615,20240714,A004,R022,L006,Tarde,465,517,10.14,9.17,0.97
PD003616,20240620,A004,R001,L001,Día,814,739,7.37,5.41,1.97
PD003617,20241213,A001,R022,L001,Día,159,118,11.44,7.37,4.06
PD003618,20241228,A006,R010,L005,Tarde,217,159,7.85,6.92,0.93
PD003619,20241229,A003,R029,L007,Tarde,340,338,7.47,6.32,1.15
PD003620,20241227,A006,R002,L002,Día,235,182,11.37,9.25,2.11
PD003621,20241213,A003,R029,L002,Día,580,695,11.61,8.72,2.88
PD003622,20240226,A004,R021,L005,Tarde,108,103,7.52,5.37,2.15
PD003623,20240409,A006,R006,L002,Día,710,673,10.14,8.6,1.54
PD003624,20240319,A004,R014,L001,Tarde,57,52,10.22,9.24,0.98
PD003625,20241129,A002,R029,L007,Día,870,728,7.33,5.18,2.15
PD003626,20241019,A001,R001,L007,Tarde,171,117,9.06,6.73,2.33
PD003627,20240628,A002,R028,L006,Noche,157,157,11.76,10.57,1.19
PD003628,20241208,A005,R010,L001,Día,430,453,7.55,6.42,1.14
PD003629,20240420,A001,R025,L003,Noche,792,606,10.78,8.29,2.49
PD003630,20241023,A001,R001,L007,Noche,533,409,12.0,10.25,1.75
PD003631,20241117,A003,R001,L007,Día,92,88,10.78,8.45,2.33
PD003632,20240113,A002,R017,L001,Tarde,352,299,8.13,5.59,2.55
PD003633,20240224,A004,R020,L005,Noche,899,1028,7.19,6.45,0.74
PD003634,20240227,A004,R013,L007,Noche,451,391,7.14,5.52,1.62
PD003635,20241105,A004,R003,L001,Noche,802,685,11.78,10.41,1.37
PD003636,20241010,A002,R024,L007,Día,273,275,11.23,9.53,1.7
PD003637,20241006,A002,R007,L001,Tarde,821,732,7.49,5.33,2.15
PD003638,20240731,A004,R029,L005,Noche,221,249,8.78,7.49,1.29
PD003639,20240801,A005,R009,L002,Noche,419,417,10.38,7.36,3.02
PD003640,20240216,A006,R019,L002,Noche,639,528,11.07,8.9,2.17
PD003641,20240115,A003,R006,L006,Noche,260,275,11.48,10.25,1.23
PD003642,20240619,A003,R011,L006,Noche,283,265,11.22,7.43,3.78
PD003643,20240603,A006,R023,L007,Tarde,154,171,11.1,10.13,0.97
PD003644,20240909,A003,R026,L005,Tarde,59,50,7.88,5.67,2.21
PD003645,20241011,A002,R005,L002,Día,793,774,11.89,9.39,2.5
PD003646,20240905,A001,R010,L001,Noche,252,234,8.57,6.15,2.42
PD003647,20241103,A003,R008,L007,Tarde,239,196,10.31,8.98,1.33
PD003648,20240302,A002,R017,L007,Día,742,838,6.76,4.62,2.13
PD003649,20240406,A003,R015,L006,Día,500,473,6.11,5.14,0.98
PD003650,20240403,A005,R029,L003,Día,437,428,6.93,6.15,0.79
PD003651,20240225,A002,R012,L006,Día,527,349,8.94,6.48,2.46
PD003652,20240329,A005,R029,L006,Tarde,544,440,6.34,4.49,1.85
PD003653,20240208,A001,R011,L003,Noche,92,62,10.14,6.94,3.2
PD003654,20240905,A004,R016,L006,Día,859,939,9.68,7.07,2.61
PD003655,20240629,A002,R002,L006,Día,618,443,8.68,5.83,2.86
PD003656,20240727,A006,R003,L003,Noche,51,43,8.38,6.29,2.09
PD003657,20240330,A002,R010,L004,Tarde,297,283,9.86,8.66,1.2
PD003658,20240408,A006,R008,L005,Noche,805,804,6.19,4.5,1.69
PD003659,20240726,A001,R021,L007,Tarde,68,65,6.6,3.85,2.75
PD003660,20241115,A004,R013,L001,Día,611,604,6.26,5.28,0.98
PD003661,20241120,A002,R001,L003,Tarde,348,306,11.87,9.95,1.91
PD003662,20241004,A005,R016,L004,Tarde,773,631,11.86,10.45,1.41
PD003663,20240430,A004,R026,L001,Tarde,798,901,7.93,6.95,0.98
PD003664,20240820,A004,R030,L003,Día,821,848,6.87,5.55,1.31
PD003665,20240427,A004,R003,L002,Noche,101,94,9.57,7.0,2.57
PD003666,20240703,A006,R030,L005,Noche,57,49,9.69,6.78,2.91
PD003667,20241020,A003,R027,L006,Día,756,703,10.36,8.77,1.59
PD003668,20240313,A002,R022,L006,Noche,175,159,8.46,7.76,0.7
PD003669,20241120,A005,R006,L007,Noche,512,459,9.52,6.58,2.94
PD003670,20240502,A006,R016,L007,Tarde,180,153,7.97,5.46,2.51
PD003671,20240617,A001,R015,L001,Día,825,661,6.22,5.48,0.74
PD003672,20240401,A003,R019,L005,Tarde,664,580,7.04,4.86,2.18
PD003673,20240326,A006,R002,L001,Noche,704,628,6.22,5.01,1.21
PD003674,20240316,A005,R027,L006,Noche,718,757,6.53,5.87,0.66
PD003675,20240229,A006,R028,L003,Noche,612,599,7.13,5.3,1.84
PD003676,20240118,A005,R005,L004,Tarde,285,319,6.98,5.95,1.03
PD003677,20240303,A006,R021,L002,Día,612,445,7.09,6.25,0.84
PD003678,20240324,A002,R001,L001,Noche,548,511,10.45,7.74,2.71
PD003679,20240730,A001,R026,L002,Día,189,164,11.99,10.1,1.9
PD003680,20240427,A006,R001,L004,Tarde,647,647,11.81,9.13,2.69
PD003681,20240304,A004,R008,L007,Tarde,252,232,7.03,5.96,1.07
PD003682,20241002,A001,R013,L005,Noche,341,286,11.2,7.96,3.24
PD003683,20240604,A004,R024,L005,Tarde,458,477,10.75,8.53,2.21
PD003684,20241104,A005,R013,L006,Día,176,150,8.17,5.61,2.56
PD003685,20240212,A006,R007,L005,Noche,319,332,10.35,7.01,3.33
PD003686,20240816,A006,R009,L004,Noche,845,728,6.34,4.82,1.52
PD003687,20240822,A005,R025,L002,Día,179,171,6.97,6.17,0.8
PD003688,20240416,A006,R013,L003,Tarde,431,319,6.82,5.91,0.91
PD003689,20240228,A002,R016,L002,Día,254,198,7.36,5.71,1.65
PD003690,20241028,A001,R024,L005,Noche,93,67,9.94,6.33,3.62
PD003691,20241204,A005,R006,L001,Día,357,276,9.33,8.39,0.94
PD003692,20240709,A005,R009,L004,Tarde,198,180,8.7,6.56,2.14
PD003693,20240828,A005,R014,L001,Tarde,344,369,8.89,7.81,1.08
PD003694,20240702,A002,R021,L004,Tarde,565,519,11.12,7.45,3.67
PD003695,20240725,A002,R002,L007,Tarde,516,498,6.92,6.24,0.68
PD003696,20241122,A004,R019,L007,Tarde,421,496,10.16,8.13,2.03
PD003697,20240927,A005,R007,L004,Noche,377,365,7.02,6.19,0.83
PD003698,20240812,A003,R030,L002,Noche,712,674,9.3,6.21,3.09
PD003699,20240312,A001,R012,L001,Tarde,286,206,7.11,4.76,2.35
PD003700,20240610,A004,R018,L007,Tarde,472,460,9.07,7.33,1.74
PD003701,20241028,A001,R006,L003,Tarde,597,505,6.26,5.11,1.14
PD003702,20240625,A003,R014,L005,Tarde,746,643,9.97,8.8,1.17
PD003703,20240827,A005,R006,L006,Día,368,357,9.06,6.54,2.52
PD003704,20240310,A004,R003,L003,Noche,411,325,6.36,5.63,0.73
PD003705,20240906,A002,R010,L005,Día,557,547,6.28,5.5,0.78
PD003706,20240522,A002,R027,L003,Día,698,628,9.99,7.4,2.59
PD003707,20240910,A002,R005,L004,Día,483,481,6.94,4.84,2.1
PD003708,20241101,A003,R011,L001,Día,644,456,7.72,6.49,1.23
PD003709,20240412,A005,R006,L005,Día,566,530,11.2,8.53,2.67
PD003710,20240130,A005,R024,L002,Noche,367,380,10.65,7.79,2.87
PD003711,20240109,A005,R003,L004,Día,532,531,9.67,7.13,2.54
PD003712,20240209,A001,R021,L007,Día,543,423,11.49,8.13,3.36
PD003713,20241212,A003,R013,L007,Día,74,47,9.5,8.48,1.02
PD003714,20241105,A004,R015,L007,Día,742,816,6.72,5.22,1.5
PD003715,20240928,A005,R027,L007,Noche,102,83,8.99,7.77,1.22
PD003716,20240424,A002,R009,L007,Día,91,96,6.67,5.95,0.72
PD003717,20240525,A003,R014,L003,Día,711,599,11.17,7.6,3.57
PD003718,20240522,A005,R007,L005,Día,179,146,11.9,9.69,2.22
PD003719,20241109,A001,R017,L001,Día,433,326,8.85,7.49,1.36
PD003720,20241113,A005,R013,L002,Día,143,108,11.71,7.9,3.81
PD003721,20240317,A002,R026,L001,Tarde,761,602,11.84,10.47,1.37
PD003722,20241224,A001,R024,L003,Noche,890,695,7.82,4.28,3.54
PD003723,20240708,A004,R017,L001,Día,619,646,8.95,7.99,0.96
PD003724,20240804,A005,R008,L005,Tarde,414,342,7.31,6.5,0.81
PD003725,20240821,A003,R021,L002,Tarde,819,712,11.44,7.8,3.63
PD003726,20241002,A001,R007,L006,Tarde,406,210,10.63,9.04,1.59
PD003727,20241101,A004,R013,L005,Tarde,385,342,8.68,6.09,2.59
PD003728,20241013,A006,R006,L007,Día,382,332,11.1,9.52,1.58
PD003729,20240106,A004,R027,L006,Día,255,285,9.9,6.64,3.26
PD003730,20241102,A006,R010,L002,Noche,380,362,6.43,5.76,0.67
PD003731,20240205,A001,R024,L002,Noche,665,519,8.57,5.2,3.36
PD003732,20241105,A001,R005,L007,Día,814,646,8.12,4.44,3.67
PD003733,20241021,A003,R018,L005,Tarde,408,357,7.77,6.79,0.98
PD003734,20240418,A006,R029,L007,Día,434,441,10.47,8.09,2.38
PD003735,20240726,A006,R002,L007,Noche,79,79,11.34,8.31,3.03
PD003736,20241112,A001,R022,L006,Día,119,98,8.73,7.56,1.17
PD003737,20240614,A002,R023,L006,Noche,175,174,9.61,7.18,2.43
PD003738,20240814,A003,R022,L005,Día,481,570,6.26,4.47,1.79
PD003739,20240727,A006,R025,L007,Noche,387,254,6.65,5.65,1.0
PD003740,20240327,A005,R015,L006,Noche,752,599,9.2,7.93,1.28
PD003741,20240520,A006,R016,L002,Noche,56,50,8.57,5.77,2.8
PD003742,20240101,A002,R009,L003,Tarde,564,589,7.78,5.74,2.04
PD003743,20240605,A006,R006,L002,Día,768,725,10.01,7.9,2.11
PD003744,20240116,A004,R026,L007,Día,358,366,6.64,4.82,1.82
PD003745,20240917,A005,R010,L006,Noche,828,765,11.01,8.7,2.31
PD003746,20240605,A005,R017,L004,Noche,160,137,11.49,7.76,3.74
PD003747,20240111,A004,R011,L001,Día,238,243,8.95,5.98,2.97
PD003748,20240308,A001,R009,L006,Tarde,307,252,9.57,7.18,2.39
PD003749,20241017,A001,R003,L001,Noche,255,224,9.84,8.1,1.74
PD003750,20240312,A003,R001,L004,Día,461,366,11.55,10.05,1.5
PD003751,20240620,A003,R006,L005,Día,288,319,7.18,6.04,1.14
PD003752,20241025,A005,R021,L007,Tarde,862,896,8.0,5.85,2.15
PD003753,20241021,A003,R009,L006,Día,843,768,10.69,9.81,0.88
PD003754,20240627,A002,R022,L006,Tarde,170,134,7.6,6.57,1.03
PD003755,20241009,A002,R026,L003,Noche,433,377,11.32,8.31,3.01
PD003756,20241213,A002,R025,L005,Día,804,734,11.83,8.02,3.81
PD003757,20240821,A005,R005,L005,Noche,170,182,10.97,7.27,3.7
PD003758,20241023,A001,R016,L002,Día,523,423,11.17,9.7,1.47
PD003759,20240809,A004,R007,L006,Día,407,422,11.39,8.58,2.8
PD003760,20240118,A004,R005,L006,Día,408,352,9.58,6.48,3.1
PD003761,20241214,A005,R014,L003,Tarde,275,252,8.55,7.43,1.11
PD003762,20241224,A002,R008,L002,Noche,583,539,7.09,5.34,1.75
PD003763,20240812,A005,R022,L003,Día,373,467,10.44,7.22,3.23
PD003764,20240301,A002,R014,L004,Noche,60,65,10.84,9.51,1.33
PD003765,20240701,A002,R020,L002,Noche,550,556,7.32,6.57,0.75
PD003766,20240708,A004,R018,L005,Noche,390,388,8.19,7.21,0.99
PD003767,20241210,A003,R025,L007,Día,277,305,8.13,7.1,1.03
PD003768,20240922,A005,R011,L007,Tarde,664,500,6.95,4.8,2.15
PD003769,20240229,A003,R011,L005,Día,778,508,8.87,7.84,1.03
PD003770,20240623,A004,R010,L002,Tarde,313,306,11.89,10.48,1.42
PD003771,20241101,A002,R017,L007,Tarde,870,780,11.09,9.1,1.99
PD003772,20241029,A005,R013,L006,Noche,351,297,6.51,5.35,1.15
PD003773,20240922,A004,R005,L006,Tarde,784,803,8.41,7.11,1.3
PD003774,20241130,A002,R024,L007,Tarde,773,525,11.46,9.81,1.65
PD003775,20240917,A002,R013,L001,Noche,247,263,6.65,5.03,1.62
PD003776,20240615,A001,R021,L004,Día,880,900,6.05,4.39,1.66
PD003777,20241122,A004,R024,L007,Día,430,345,10.01,8.13,1.89
PD003778,20240219,A005,R024,L006,Tarde,571,656,10.4,7.1,3.3
PD003779,20240908,A001,R010,L005,Día,65,57,9.97,6.6,3.37
PD003780,20241108,A005,R013,L007,Tarde,765,691,10.55,9.34,1.21
PD003781,20240322,A006,R020,L007,Día,317,290,9.08,7.41,1.67
PD003782,20240611,A004,R025,L005,Noche,529,499,7.64,5.97,1.66
PD003783,20240219,A001,R028,L007,Día,601,435,7.75,5.68,2.07
PD003784,20240225,A006,R011,L005,Tarde,664,658,7.69,5.33,2.36
PD003785,20240804,A005,R013,L004,Día,363,422,8.38,7.52,0.87
PD003786,20241001,A004,R028,L003,Día,512,445,7.35,6.46,0.89
PD003787,20240709,A006,R007,L004,Noche,777,730,7.98,5.54,2.44
PD003788,20241222,A005,R025,L005,Noche,549,530,8.03,6.06,1.97
PD003789,20240819,A005,R017,L002,Noche,363,276,10.22,9.29,0.93
PD003790,20240923,A002,R030,L005,Noche,651,653,7.49,5.76,1.73
PD003791,20240622,A005,R014,L005,Noche,228,202,11.57,7.72,3.84
PD003792,20240730,A001,R027,L006,Tarde,244,205,11.84,7.62,4.23
PD003793,20240212,A002,R029,L003,Tarde,298,273,11.16,9.82,1.34
PD003794,20240706,A001,R016,L005,Tarde,854,670,9.15,7.1,2.05
PD003795,20241027,A003,R028,L007,Día,682,510,9.0,7.07,1.93
PD003796,20240102,A003,R024,L007,Noche,809,575,7.9,7.14,0.76
PD003797,20240313,A004,R008,L002,Noche,770,827,9.41,8.24,1.17
PD003798,20240529,A004,R006,L001,Tarde,760,686,7.82,6.45,1.37
PD003799,20240127,A003,R016,L001,Noche,869,912,9.14,6.68,2.46
PD003800,20240108,A005,R022,L006,Noche,371,500,9.76,8.51,1.25
PD003801,20240111,A004,R025,L005,Día,229,206,11.28,9.05,2.22
PD003802,20240129,A003,R024,L003,Noche,893,796,11.0,8.6,2.4
PD003803,20240717,A002,R004,L006,Día,87,84,10.89,8.5,2.39
PD003804,20240915,A003,R013,L003,Día,652,495,11.68,7.97,3.71
PD003805,20240804,A006,R003,L005,Tarde,646,576,10.01,7.4,2.62
PD003806,20240416,A005,R011,L007,Tarde,133,137,10.24,7.14,3.1
PD003807,20240831,A005,R011,L005,Noche,436,390,9.86,6.6,3.26
PD003808,20240428,A001,R006,L004,Noche,305,258,9.33,5.31,4.02
PD003809,20240616,A004,R030,L003,Día,495,358,6.69,4.68,2.01
PD003810,20240626,A004,R017,L001,Noche,374,386,8.17,6.29,1.87
PD003811,20241225,A003,R003,L005,Tarde,450,499,6.7,5.87,0.83
PD003812,20240704,A006,R029,L007,Noche,694,478,9.65,8.41,1.24
PD003813,20240704,A004,R026,L004,Tarde,382,382,7.32,5.7,1.62
PD003814,20240206,A002,R005,L002,Tarde,669,708,10.34,8.17,2.17
PD003815,20241018,A005,R007,L003,Día,751,720,7.72,6.11,1.61
PD003816,20240124,A001,R025,L007,Noche,872,675,7.08,6.05,1.03
PD003817,20240831,A005,R016,L007,Noche,719,797,7.7,5.75,1.96
PD003818,20241219,A004,R013,L006,Día,481,559,9.39,6.7,2.69
PD003819,20240711,A003,R011,L006,Noche,296,288,8.85,6.8,2.05
PD003820,20240104,A001,R013,L005,Noche,864,618,11.88,7.77,4.1
PD003821,20240424,A001,R013,L003,Tarde,807,529,6.1,4.39,1.7
PD003822,20240104,A003,R026,L006,Tarde,159,152,11.78,9.04,2.74
PD003823,20240213,A006,R003,L002,Noche,468,371,6.98,6.18,0.8
PD003824,20240826,A004,R023,L004,Día,838,851,7.18,6.4,0.78
PD003825,20240425,A001,R020,L005,Noche,155,118,6.01,4.71,1.31
PD003826,20240103,A002,R023,L002,Día,110,128,8.87,7.07,1.79
PD003827,20240906,A005,R018,L003,Tarde,789,617,10.02,8.54,1.49
PD003828,20240815,A004,R009,L006,Día,240,297,7.03,5.08,1.95
PD003829,20240122,A004,R015,L005,Día,893,717,7.61,5.65,1.96
PD003830,20240409,A002,R013,L004,Tarde,749,526,10.83,8.75,2.08
PD003831,20240727,A004,R015,L003,Día,149,162,11.89,10.19,1.7
PD003832,20240401,A001,R025,L003,Noche,110,70,6.91,5.44,1.47
PD003833,20240322,A001,R005,L002,Día,759,678,6.22,5.25,0.97
PD003834,20241028,A005,R018,L005,Tarde,322,310,10.98,9.96,1.03
PD003835,20240904,A003,R008,L007,Tarde,247,196,6.4,5.79,0.61
PD003836,20240116,A005,R020,L006,Tarde,112,73,6.52,5.96,0.56
PD003837,20240514,A005,R012,L006,Día,327,292,9.77,7.06,2.71
PD003838,20241103,A006,R019,L001,Día,895,906,9.75,8.71,1.04
PD003839,20241105,A005,R013,L005,Día,235,210,11.68,9.09,2.59
PD003840,20240918,A002,R010,L006,Día,536,497,9.54,8.11,1.43
PD003841,20241228,A001,R027,L006,Tarde,231,214,9.86,8.69,1.17
PD003842,20240620,A002,R020,L003,Día,746,544,6.16,4.31,1.85
PD003843,20240828,A001,R007,L005,Tarde,778,541,7.85,4.36,3.49
PD003844,20240915,A002,R007,L001,Tarde,809,892,9.53,6.91,2.62
PD003845,20240205,A002,R015,L001,Día,657,573,8.95,6.38,2.57
PD003846,20240912,A001,R023,L003,Noche,737,567,6.85,4.04,2.8
PD003847,20240915,A006,R004,L005,Día,637,554,7.0,6.27,0.73
PD003848,20240201,A006,R006,L001,Noche,620,559,8.51,6.7,1.8
PD003849,20240707,A003,R022,L006,Día,846,795,9.36,7.5,1.86
PD003850,20240813,A003,R004,L004,Tarde,507,397,6.81,4.76,2.05
PD003851,20240227,A003,R007,L007,Noche,662,743,7.24,6.5,0.74
PD003852,20241128,A004,R010,L002,Día,412,425,11.78,9.88,1.89
PD003853,20240506,A002,R022,L002,Tarde,368,404,6.89,4.8,2.09
PD003854,20240127,A003,R007,L007,Día,854,787,9.37,6.21,3.16
PD003855,20241006,A005,R024,L001,Noche,624,464,6.09,5.29,0.8
PD003856,20240121,A001,R005,L001,Tarde,819,574,6.01,5.04,0.98
PD003857,20240320,A001,R007,L001,Día,104,85,9.72,7.71,2.01
PD003858,20240128,A006,R027,L002,Tarde,312,322,10.81,7.95,2.86
PD003859,20240320,A005,R008,L005,Día,893,832,6.99,5.4,1.59
PD003860,20241226,A004,R015,L007,Tarde,459,365,7.96,7.03,0.93
PD003861,20241221,A003,R017,L001,Noche,219,232,10.05,8.52,1.53
PD003862,20240506,A001,R024,L004,Día,395,291,6.67,5.39,1.28
PD003863,20241208,A005,R011,L001,Tarde,563,504,6.68,5.28,1.4
PD003864,20240229,A006,R023,L004,Noche,423,406,10.96,9.6,1.36
PD003865,20240706,A002,R026,L003,Tarde,646,631,11.28,8.25,3.02
PD003866,20240403,A006,R005,L006,Tarde,865,803,7.21,6.6,0.61
PD003867,20240111,A004,R008,L004,Noche,737,766,10.03,8.96,1.07
PD003868,20240526,A006,R011,L004,Noche,818,848,9.81,8.3,1.51
PD003869,20240904,A004,R023,L004,Tarde,770,781,11.05,9.16,1.88
PD003870,20240822,A006,R028,L006,Tarde,527,457,8.63,7.35,1.29
PD003871,20240516,A003,R009,L003,Noche,824,713,9.15,6.9,2.24
PD003872,20240227,A006,R027,L002,Tarde,432,395,7.6,6.55,1.05
PD003873,20240222,A003,R001,L007,Noche,142,145,10.69,9.63,1.06
PD003874,20241017,A004,R018,L006,Día,128,103,11.87,10.41,1.46
PD003875,20240128,A005,R006,L003,Noche,628,614,7.97,6.59,1.38
PD003876,20240512,A001,R028,L003,Tarde,331,238,6.61,5.18,1.43
PD003877,20240924,A003,R029,L003,Tarde,783,784,8.67,7.51,1.16
PD003878,20240416,A004,R009,L007,Día,870,852,6.04,5.09,0.95
PD003879,20241220,A005,R010,L007,Día,379,375,10.28,9.26,1.02
PD003880,20240810,A003,R002,L007,Noche,367,325,9.71,8.09,1.62
PD003881,20240216,A005,R014,L006,Día,620,460,7.63,5.21,2.42
PD003882,20240829,A001,R006,L004,Noche,266,180,10.6,6.92,3.69
PD003883,20240926,A004,R001,L007,Noche,376,381,10.46,9.14,1.33
PD003884,20240915,A003,R007,L005,Día,842,925,8.87,6.63,2.25
PD003885,20240525,A002,R010,L002,Noche,508,478,8.96,6.22,2.74
PD003886,20241119,A004,R024,L004,Noche,334,381,9.76,7.45,2.32
PD003887,20240313,A004,R027,L005,Noche,866,837,11.63,9.49,2.14
PD003888,20240811,A004,R025,L005,Día,777,698,6.53,5.96,0.57
PD003889,20241211,A002,R020,L006,Día,381,366,11.04,8.7,2.34
PD003890,20241103,A002,R024,L006,Noche,394,364,7.86,5.92,1.95
PD003891,20240616,A003,R022,L005,Noche,330,388,9.35,6.86,2.49
PD003892,20240119,A005,R013,L002,Tarde,464,428,8.55,7.09,1.46
PD003893,20240901,A001,R005,L004,Tarde,246,207,6.0,4.43,1.57
PD003894,20241023,A001,R007,L003,Tarde,613,454,8.16,7.07,1.1
PD003895,20241115,A002,R026,L002,Tarde,407,434,11.67,8.84,2.83
PD003896,20240528,A005,R009,L005,Día,449,351,7.42,5.25,2.17
PD003897,20240922,A002,R010,L003,Día,478,369,10.39,9.3,1.09
PD003898,20240530,A004,R015,L003,Noche,368,280,6.13,4.23,1.91
PD003899,20240507,A002,R026,L001,Día,561,437,7.41,6.48,0.93
PD003900,20241019,A003,R020,L003,Noche,557,546,8.99,7.17,1.82
PD003901,20240324,A001,R020,L006,Día,620,428,8.92,5.62,3.31
PD003902,20240416,A001,R013,L003,Día,435,258,12.0,9.73,2.27
PD003903,20240423,A001,R005,L005,Noche,627,431,10.04,5.49,4.55
PD003904,20241029,A002,R012,L001,Noche,193,187,9.47,6.31,3.15
PD003905,20240127,A003,R011,L002,Tarde,401,375,10.28,7.33,2.95
PD003906,20241017,A001,R018,L002,Tarde,847,412,11.9,7.05,4.85
PD003907,20240504,A003,R002,L007,Tarde,852,889,8.51,7.26,1.24
PD003908,20240403,A004,R005,L006,Noche,192,195,10.34,6.85,3.49
PD003909,20240712,A003,R028,L004,Noche,200,187,9.09,7.84,1.25
PD003910,20241116,A004,R018,L001,Tarde,375,410,9.85,8.02,1.83
PD003911,20240327,A004,R018,L003,Noche,407,436,7.45,6.49,0.97
PD003912,20240507,A002,R022,L001,Noche,248,188,10.86,8.52,2.34
PD003913,20240920,A002,R024,L007,Día,775,814,8.81,5.83,2.98
PD003914,20240213,A004,R002,L003,Tarde,574,486,9.0,6.67,2.33
PD003915,20240429,A003,R006,L002,Tarde,64,51,11.08,8.16,2.92
PD003916,20240810,A006,R026,L007,Día,820,803,6.97,5.42,1.55
PD003917,20240313,A004,R026,L001,Día,67,56,9.75,8.32,1.43
PD003918,20241018,A003,R017,L004,Noche,196,208,6.4,5.88,0.52
PD003919,20240707,A003,R013,L004,Tarde,711,693,6.81,5.17,1.64
PD003920,20240622,A005,R010,L002,Tarde,80,89,6.68,5.72,0.96
PD003921,20240202,A005,R008,L007,Noche,638,583,10.29,9.21,1.08
PD003922,20241024,A004,R028,L005,Día,112,119,8.09,5.76,2.32
PD003923,20240128,A005,R022,L001,Tarde,281,250,11.96,8.67,3.29
PD003924,20240420,A005,R030,L007,Noche,482,520,6.35,5.0,1.35
PD003925,20240202,A002,R023,L001,Día,240,238,6.04,4.37,1.67
PD003926,20241206,A002,R021,L001,Noche,331,302,10.89,8.23,2.66
PD003927,20241223,A005,R029,L003,Noche,689,796,9.09,6.77,2.33
PD003928,20240202,A003,R008,L002,Día,810,670,10.43,8.55,1.87
PD003929,20241202,A001,R011,L006,Día,148,110,10.89,7.31,3.58
PD003930,20241024,A001,R002,L005,Día,666,543,10.6,6.98,3.62
PD003931,20240602,A005,R028,L003,Tarde,777,788,10.47,9.24,1.23
PD003932,20240829,A002,R012,L002,Día,576,465,8.06,5.55,2.51
PD003933,20240108,A001,R029,L006,Tarde,507,301,9.7,6.47,3.22
PD003934,20240213,A001,R009,L001,Día,759,553,8.98,6.9,2.08
PD003935,20240410,A004,R025,L005,Tarde,736,702,11.85,9.61,2.24
PD003936,20240526,A003,R002,L003,Día,476,416,6.9,5.74,1.16
PD003937,20241103,A005,R005,L006,Día,670,638,7.48,5.33,2.16
PD003938,20240324,A003,R023,L001,Tarde,175,193,8.66,7.22,1.44
PD003939,20241003,A006,R013,L007,Noche,850,833,7.08,5.27,1.81
PD003940,20241202,A004,R023,L002,Tarde,320,298,10.08,9.15,0.93
PD003941,20241228,A002,R018,L007,Noche,205,208,6.28,4.92,1.36
PD003942,20241007,A001,R025,L002,Día,245,177,9.48,6.86,2.62
PD003943,20240805,A001,R023,L007,Noche,330,208,9.73,8.12,1.61
PD003944,20240406,A003,R005,L002,Noche,397,348,7.48,5.77,1.71
PD003945,20240808,A001,R010,L004,Día,557,445,7.13,4.16,2.97
PD003946,20240829,A006,R011,L003,Día,650,720,8.15,6.8,1.35
PD003947,20240208,A003,R009,L007,Día,287,302,6.9,5.98,0.92
PD003948,20240423,A002,R008,L003,Tarde,461,490,7.96,5.93,2.04
PD003949,20240704,A004,R008,L005,Noche,712,560,11.91,7.96,3.95
PD003950,20240603,A003,R005,L003,Día,810,702,9.21,6.08,3.13
PD003951,20240603,A004,R012,L001,Día,216,235,7.2,5.6,1.6
PD003952,20240306,A002,R006,L004,Día,440,417,6.26,5.57,0.69
PD003953,20240405,A002,R030,L006,Día,727,603,8.5,6.54,1.97
PD003954,20241030,A002,R027,L004,Noche,503,536,11.03,7.66,3.37
PD003955,20241116,A001,R008,L002,Día,90,58,7.17,5.17,2.0
PD003956,20240416,A006,R009,L007,Noche,747,746,7.55,6.79,0.76
PD003957,20240804,A005,R007,L006,Noche,504,399,8.76,6.16,2.6
PD003958,20241117,A006,R023,L005,Día,484,500,6.15,4.24,1.91
PD003959,20240225,A005,R024,L003,Noche,386,359,9.85,6.69,3.16
PD003960,20241228,A001,R015,L002,Noche,638,536,9.63,7.16,2.47
PD003961,20240722,A001,R008,L003,Día,50,35,8.79,7.57,1.22
PD003962,20240903,A002,R016,L002,Tarde,62,46,6.95,4.71,2.24
PD003963,20240121,A006,R008,L001,Tarde,738,646,8.37,5.85,2.52
PD003964,20240312,A006,R029,L002,Día,606,475,11.64,10.26,1.38
PD003965,20241018,A002,R016,L003,Noche,337,311,6.55,4.6,1.95
PD003966,20240713,A004,R018,L001,Tarde,537,480,9.22,8.15,1.07
PD003967,20240512,A002,R011,L003,Día,645,706,9.68,7.95,1.73
PD003968,20241203,A005,R020,L003,Tarde,205,172,8.64,6.47,2.17
PD003969,20240515,A002,R007,L005,Día,247,212,8.94,6.42,2.51
PD003970,20241019,A003,R028,L005,Noche,805,680,10.92,9.69,1.23
PD003971,20241226,A001,R003,L007,Día,142,133,8.46,4.63,3.84
PD003972,20240820,A005,R016,L002,Noche,100,96,6.31,4.22,2.1
PD003973,20240802,A005,R005,L006,Noche,453,328,10.68,9.53,1.15
PD003974,20240613,A002,R011,L005,Tarde,785,949,6.31,5.63,0.68
PD003975,20240525,A004,R001,L003,Día,259,271,8.99,6.55,2.44
PD003976,20241214,A004,R007,L002,Día,631,561,9.63,8.33,1.3
PD003977,20240215,A002,R007,L006,Tarde,389,270,6.11,4.25,1.86
PD003978,20240506,A006,R028,L007,Noche,330,314,6.83,4.74,2.09
PD003979,20240914,A004,R021,L006,Noche,304,272,7.5,5.53,1.96
PD003980,20240722,A005,R012,L003,Día,94,83,11.99,8.48,3.51
PD003981,20241026,A004,R006,L003,Tarde,875,880,6.93,5.47,1.47
PD003982,20240813,A006,R019,L001,Tarde,794,806,11.37,9.26,2.11
PD003983,20240129,A003,R012,L003,Noche,252,301,11.41,8.95,2.46
PD003984,20240512,A001,R002,L004,Día,375,262,11.36,8.13,3.22
PD003985,20241001,A002,R020,L003,Tarde,149,160,8.56,7.64,0.92
PD003986,20241214,A006,R010,L005,Día,122,98,7.78,5.76,2.01
PD003987,20240915,A003,R002,L005,Noche,692,710,9.53,7.65,1.88
PD003988,20241009,A004,R026,L005,Día,371,348,11.08,9.74,1.33
PD003989,20240605,A006,R026,L006,Tarde,668,677,11.42,9.93,1.49
PD003990,20241217,A003,R019,L007,Tarde,558,582,9.17,8.44,0.74
PD003991,20241003,A004,R020,L007,Día,301,236,10.32,7.3,3.02
PD003992,20241117,A005,R016,L001,Día,411,315,11.3,8.39,2.91
PD003993,20240822,A002,R028,L001,Tarde,573,557,9.84,8.55,1.29
PD003994,20240415,A004,R016,L003,Día,236,168,9.02,7.88,1.15
PD003995,20240307,A001,R030,L007,Día,412,307,7.31,4.83,2.49
PD003996,20241207,A006,R018,L006,Tarde,297,289,10.75,9.57,1.18
PD003997,20240122,A002,R027,L002,Día,769,574,11.92,9.22,2.7
PD003998,20240607,A004,R010,L004,Noche,790,805,11.72,9.96,1.76
PD003999,20240110,A005,R022,L007,Tarde,516,526,7.2,6.18,1.02
PD004000,20241228,A006,R022,L001,Noche,240,194,10.78,7.55,3.22
